tourist_id,index,event,data,timestamp
1,0,ID_ISSUED,"{""digital_id"": ""STS-71963A4B3637"", ""document"": ""369881649"", ""name"": ""Christopher Miller"", ""nationality"": ""American"", ""trip_end"": ""2026-08-12T08:00:00""}",2026-08-04 09:00:00
1,1,KYC_VERIFIED,"{""document_type"": ""passport"", ""method"": ""document_scan"", ""verified_by"": ""auto_kyc""}",2026-08-04 09:04:00
1,2,CHECKIN,"{""lat"": 26.135, ""lng"": 91.805, ""location"": ""Six Mile""}",2026-08-11 06:00:00
1,3,CHECKOUT,"{""location"": ""En route to Six Mile"", ""trip_completed"": true}",2026-08-12 08:00:00
2,0,ID_ISSUED,"{""digital_id"": ""STS-FE32AAA3098D"", ""document"": ""XXXX-XXXX-8581"", ""name"": ""Sneha Das"", ""nationality"": ""Indian"", ""trip_end"": ""2026-08-23T19:30:00""}",2026-08-17 11:30:00
2,1,KYC_VERIFIED,"{""document_type"": ""aadhaar"", ""method"": ""document_scan"", ""verified_by"": ""auto_kyc""}",2026-08-17 11:47:00
2,2,CHECKIN,"{""lat"": 26.142, ""lng"": 91.79, ""location"": ""Dispur Secretariat""}",2026-08-20 05:30:00
2,3,CHECKOUT,"{""location"": ""Six Mile"", ""trip_completed"": true}",2026-08-23 19:30:00
3,0,ID_ISSUED,"{""digital_id"": ""STS-ECA91D869746"", ""document"": ""XXXX-XXXX-1716"", ""name"": ""Kabir Baishya"", ""nationality"": ""Indian"", ""trip_end"": ""2026-09-02T12:45:00""}",2026-08-28 11:45:00
3,1,KYC_VERIFIED,"{""document_type"": ""aadhaar"", ""method"": ""document_scan"", ""verified_by"": ""auto_kyc""}",2026-08-28 11:53:00
3,2,CHECKIN,"{""lat"": 26.12, ""lng"": 91.65, ""location"": ""Deepor Beel Wildlife Sanctuary""}",2026-08-30 10:45:00
3,3,CHECKOUT,"{""location"": ""En route to Hotel Rajmahal (stay 1)"", ""trip_completed"": true}",2026-09-02 12:45:00
4,0,ID_ISSUED,"{""digital_id"": ""STS-81330C8C06AD"", ""document"": ""313361094"", ""name"": ""Ethan Williams"", ""nationality"": ""American"", ""trip_end"": ""2026-08-26T18:45:00""}",2026-07-31 14:45:00
4,1,KYC_VERIFIED,"{""document_type"": ""passport"", ""method"": ""document_scan"", ""verified_by"": ""auto_kyc""}",2026-07-31 14:59:00
4,2,CHECKIN,"{""lat"": 25.2, ""lng"": 91.9167, ""location"": ""Mawlynnong Village""}",2026-08-20 08:45:00
4,3,CHECKOUT,"{""location"": ""En route to Ginger Guwahati (stay 2)"", ""trip_completed"": true}",2026-08-26 18:45:00
5,0,ID_ISSUED,"{""digital_id"": ""STS-1129C7A7A455"", ""document"": ""XD849073"", ""name"": ""Lucia Lopez"", ""nationality"": ""Spanish"", ""trip_end"": ""2026-09-13T13:00:00""}",2026-08-22 17:00:00
5,1,KYC_VERIFIED,"{""document_type"": ""passport"", ""method"": ""document_scan"", ""verified_by"": ""auto_kyc""}",2026-08-22 17:06:00
5,2,CHECKIN,"{""lat"": 26.1824, ""lng"": 91.7513, ""location"": ""Guwahati Railway Station""}",2026-09-03 11:00:00
6,0,ID_ISSUED,"{""digital_id"": ""STS-94F3121DBF88"", ""document"": ""XXXX-XXXX-5454"", ""name"": ""Siddharth Kalita"", ""nationality"": ""Indian"", ""trip_end"": ""2026-08-26T11:15:00""}",2026-08-12 13:15:00
6,1,KYC_VERIFIED,"{""document_type"": ""aadhaar"", ""method"": ""document_scan"", ""verified_by"": ""auto_kyc""}",2026-08-12 13:27:00
6,2,CHECKIN,"{""lat"": 26.1667, ""lng"": 91.5667, ""location"": ""Sualkuchi Silk Village""}",2026-08-22 09:15:00
6,3,CHECKOUT,"{""location"": ""En route to Novotel Guwahati GS Road (stay 2)"", ""trip_completed"": true}",2026-08-26 11:15:00
7,0,ID_ISSUED,"{""digital_id"": ""STS-6DBD21ADCD54"", ""document"": ""XXXX-XXXX-4423"", ""name"": ""Rohan Saikia"", ""nationality"": ""Indian"", ""trip_end"": ""2026-08-24T12:30:00""}",2026-08-15 12:30:00
7,1,KYC_VERIFIED,"{""document_type"": ""aadhaar"", ""method"": ""document_scan"", ""verified_by"": ""auto_kyc""}",2026-08-15 12:44:00
7,2,CHECKIN,"{""lat"": 25.247, ""lng"": 91.715, ""location"": ""Living Root Bridge, Nongriat""}",2026-08-17 08:30:00
7,3,CHECKOUT,"{""location"": ""En route to Dolma Homestay, Tawang (stay 1)"", ""trip_completed"": true}",2026-08-24 12:30:00
8,0,ID_ISSUED,"{""digital_id"": ""STS-9236E2AA8BAF"", ""document"": ""XXXX-XXXX-9240"", ""name"": ""Nabanita Kumar"", ""nationality"": ""Indian"", ""trip_end"": ""2026-09-20T18:15:00""}",2026-08-18 06:15:00
8,1,KYC_VERIFIED,"{""document_type"": ""aadhaar"", ""method"": ""document_scan"", ""verified_by"": ""auto_kyc""}",2026-08-18 06:39:00
8,2,CHECKIN,"{""lat"": 27.3314, ""lng"": 88.6138, ""location"": ""Gangtok""}",2026-09-02 09:15:00
9,0,ID_ISSUED,"{""digital_id"": ""STS-1A5CF513F359"", ""document"": ""XXXX-XXXX-2350"", ""name"": ""Parag Phukan"", ""nationality"": ""Indian"", ""trip_end"": ""2026-08-23T15:00:00""}",2026-08-15 04:00:00
9,1,KYC_VERIFIED,"{""document_type"": ""aadhaar"", ""method"": ""document_scan"", ""verified_by"": ""auto_kyc""}",2026-08-15 04:16:00
9,2,CHECKIN,"{""lat"": 26.9826, ""lng"": 94.6425, ""location"": ""Sivasagar""}",2026-08-16 09:00:00
9,3,CHECKOUT,"{""location"": ""LGB International Airport"", ""trip_completed"": true}",2026-08-23 15:00:00
10,0,ID_ISSUED,"{""digital_id"": ""STS-B48F6A770344"", ""document"": ""HJ793766"", ""name"": ""Emma Roy"", ""nationality"": ""Canadian"", ""trip_end"": ""2026-09-11T18:00:00""}",2026-08-15 08:00:00
10,1,KYC_VERIFIED,"{""document_type"": ""passport"", ""method"": ""document_scan"", ""verified_by"": ""auto_kyc""}",2026-08-15 08:20:00
10,2,CHECKIN,"{""lat"": 25.5788, ""lng"": 91.8933, ""location"": ""Shillong""}",2026-08-27 08:00:00
11,0,ID_ISSUED,"{""digital_id"": ""STS-36EA71496AC6"", ""document"": ""NX4336447"", ""name"": ""Fenna Bakker"", ""nationality"": ""Dutch"", ""trip_end"": ""2026-08-12T20:30:00""}",2026-07-30 20:30:00
11,1,KYC_VERIFIED,"{""document_type"": ""passport"", ""method"": ""document_scan"", ""verified_by"": ""auto_kyc""}",2026-07-30 21:03:00
11,2,CHECKIN,"{""lat"": 26.1861, ""lng"": 91.7503, ""location"": ""Dighalipukhuri""}",2026-08-07 10:30:00
11,3,CHECKOUT,"{""location"": ""Guwahati Planetarium"", ""trip_completed"": true}",2026-08-12 20:30:00
12,0,ID_ISSUED,"{""digital_id"": ""STS-3FF0AEA751D9"", ""document"": ""NP6740877"", ""name"": ""Anjana Adhikari"", ""nationality"": ""Nepali"", ""trip_end"": ""2026-09-07T15:45:00""}",2026-08-13 08:45:00
12,1,KYC_VERIFIED,"{""document_type"": ""passport"", ""method"": ""document_scan"", ""verified_by"": ""auto_kyc""}",2026-08-13 09:22:00
12,2,CHECKIN,"{""lat"": 26.178, ""lng"": 91.786, ""location"": ""Assam State Zoo & Botanical Garden""}",2026-09-03 11:45:00
13,0,ID_ISSUED,"{""digital_id"": ""STS-1256E70DC4F4"", ""document"": ""XXXX-XXXX-3119"", ""name"": ""Debojit Barua"", ""nationality"": ""Indian"", ""trip_end"": ""2026-08-27T07:00:00""}",2026-08-02 23:00:00
13,1,KYC_VERIFIED,"{""document_type"": ""aadhaar"", ""method"": ""document_scan"", ""verified_by"": ""auto_kyc""}",2026-08-02 23:33:00
13,2,CHECKIN,"{""lat"": 25.5788, ""lng"": 91.8933, ""location"": ""Shillong""}",2026-08-13 05:00:00
13,3,CHECKOUT,"{""location"": ""Agartala"", ""trip_completed"": true}",2026-08-27 07:00:00
14,0,ID_ISSUED,"{""digital_id"": ""STS-C959A0E2D6AF"", ""document"": ""XXXX-XXXX-4027"", ""name"": ""Pranjal Verma"", ""nationality"": ""Indian"", ""trip_end"": ""2026-09-14T23:00:00""}",2026-08-30 20:00:00
14,1,KYC_VERIFIED,"{""document_type"": ""aadhaar"", ""method"": ""document_scan"", ""verified_by"": ""auto_kyc""}",2026-08-30 20:02:00
14,2,CHECKIN,"{""lat"": 26.6338, ""lng"": 92.8, ""location"": ""Tezpur""}",2026-08-31 10:00:00
15,0,ID_ISSUED,"{""digital_id"": ""STS-87D9547540CE"", ""document"": ""BX8922518"", ""name"": ""Imran Sarkar"", ""nationality"": ""Bangladeshi"", ""trip_end"": ""2026-09-02T12:30:00""}",2026-08-24 20:30:00
15,1,KYC_VERIFIED,"{""document_type"": ""passport"", ""method"": ""document_scan"", ""verified_by"": ""auto_kyc""}",2026-08-24 20:34:00
15,2,CHECKIN,"{""lat"": 26.178, ""lng"": 91.786, ""location"": ""Assam State Zoo & Botanical Garden""}",2026-08-30 08:30:00
15,3,CHECKOUT,"{""location"": ""En route to Deepor Beel Wildlife Sanctuary"", ""trip_completed"": true}",2026-09-02 12:30:00
16,0,ID_ISSUED,"{""digital_id"": ""STS-8F7BC2756E33"", ""document"": ""Z4092016"", ""name"": ""Jayanta Reddy"", ""nationality"": ""Indian"", ""trip_end"": ""2026-08-08T11:00:00""}",2026-07-07 15:00:00
16,1,KYC_VERIFIED,"{""document_type"": ""passport"", ""method"": ""document_scan"", ""verified_by"": ""auto_kyc""}",2026-07-07 15:24:00
16,2,CHECKIN,"{""lat"": 25.6751, ""lng"": 94.1086, ""location"": ""Kohima""}",2026-07-25 05:00:00
16,3,CHECKOUT,"{""location"": ""Aizawl"", ""trip_completed"": true}",2026-08-08 11:00:00
17,0,ID_ISSUED,"{""digital_id"": ""STS-37845D93B6D5"", ""document"": ""655108619"", ""name"": ""Antoine Girard"", ""nationality"": ""French"", ""trip_end"": ""2026-08-20T10:00:00""}",2026-07-21 04:00:00
17,1,KYC_VERIFIED,"{""document_type"": ""passport"", ""method"": ""document_scan"", ""verified_by"": ""auto_kyc""}",2026-07-21 04:28:00
17,2,CHECKIN,"{""lat"": 27.3314, ""lng"": 88.6138, ""location"": ""Gangtok""}",2026-08-02 07:00:00
17,3,CHECKOUT,"{""location"": ""Aizawl"", ""trip_completed"": true}",2026-08-20 10:00:00
18,0,ID_ISSUED,"{""digital_id"": ""STS-C96BEBBB3C3E"", ""document"": ""XXXX-XXXX-1590"", ""name"": ""Jayanta Nath"", ""nationality"": ""Indian"", ""trip_end"": ""2026-09-12T14:45:00""}",2026-08-14 03:45:00
18,1,KYC_VERIFIED,"{""document_type"": ""aadhaar"", ""method"": ""document_scan"", ""verified_by"": ""auto_kyc""}",2026-08-14 04:08:00
18,2,CHECKIN,"{""lat"": 26.5775, ""lng"": 93.1711, ""location"": ""Kaziranga National Park""}",2026-09-01 06:45:00
19,0,ID_ISSUED,"{""digital_id"": ""STS-E9BAB3BECF3B"", ""document"": ""944300277"", ""name"": ""James Smith"", ""nationality"": ""American"", ""trip_end"": ""2026-08-09T13:00:00""}",2026-07-29 18:00:00
19,1,KYC_VERIFIED,"{""document_type"": ""passport"", ""method"": ""document_scan"", ""verified_by"": ""auto_kyc""}",2026-07-29 18:14:00
19,2,CHECKIN,"{""lat"": 26.1817, ""lng"": 91.7503, ""location"": ""Paltan Bazaar""}",2026-08-05 10:00:00
19,3,CHECKOUT,"{""location"": ""Uzan Bazar Ghat"", ""trip_completed"": true}",2026-08-09 13:00:00
20,0,ID_ISSUED,"{""digital_id"": ""STS-83F77668078E"", ""document"": ""Z5896549"", ""name"": ""Nikhil Banerjee"", ""nationality"": ""Indian"", ""trip_end"": ""2026-08-11T19:00:00""}",2026-07-28 19:00:00
20,1,KYC_VERIFIED,"{""document_type"": ""passport"", ""method"": ""document_scan"", ""verified_by"": ""auto_kyc""}",2026-07-28 19:05:00
20,2,CHECKIN,"{""lat"": 26.1824, ""lng"": 91.7513, ""location"": ""Guwahati Railway Station""}",2026-08-10 08:00:00
20,3,CHECKOUT,"{""location"": ""En route to Dolma Homestay, Tawang (stay 1)"", ""trip_completed"": true}",2026-08-11 19:00:00
21,0,ID_ISSUED,"{""digital_id"": ""STS-DC67B1B4BC4B"", ""document"": ""XXXX-XXXX-2174"", ""name"": ""Junmoni Das"", ""nationality"": ""Indian"", ""trip_end"": ""2026-09-21T17:30:00""}",2026-08-19 06:30:00
21,1,KYC_VERIFIED,"{""document_type"": ""aadhaar"", ""method"": ""document_scan"", ""verified_by"": ""auto_kyc""}",2026-08-19 07:01:00
21,2,CHECKIN,"{""lat"": 26.1061, ""lng"": 91.5859, ""location"": ""LGB International Airport""}",2026-09-04 10:30:00
22,0,ID_ISSUED,"{""digital_id"": ""STS-D99FAF837DB7"", ""document"": ""XXXX-XXXX-7788"", ""name"": ""Sneha Patel"", ""nationality"": ""Indian"", ""trip_end"": ""2026-08-07T16:30:00""}",2026-07-30 20:30:00
22,1,KYC_VERIFIED,"{""document_type"": ""aadhaar"", ""method"": ""document_scan"", ""verified_by"": ""auto_kyc""}",2026-07-30 20:32:00
22,2,CHECKIN,"{""lat"": 26.1856, ""lng"": 91.7625, ""location"": ""Guwahati Planetarium""}",2026-08-03 05:30:00
22,3,CHECKOUT,"{""location"": ""Umananda Island"", ""trip_completed"": true}",2026-08-07 16:30:00
23,0,ID_ISSUED,"{""digital_id"": ""STS-3A1DDDD37D8A"", ""document"": ""598909066"", ""name"": ""Christopher Jones"", ""nationality"": ""American"", ""trip_end"": ""2026-08-11T15:30:00""}",2026-07-28 05:30:00
23,1,KYC_VERIFIED,"{""document_type"": ""passport"", ""method"": ""document_scan"", ""verified_by"": ""auto_kyc""}",2026-07-28 06:11:00
23,2,CHECKIN,"{""lat"": 26.1857, ""lng"": 91.7477, ""location"": ""Nehru Park""}",2026-08-08 07:30:00
23,3,CHECKOUT,"{""location"": ""En route to La Maison de Ananda, Majuli (stay 1)"", ""trip_completed"": true}",2026-08-11 15:30:00
24,0,ID_ISSUED,"{""digital_id"": ""STS-B1AFBAF818B1"", ""document"": ""XXXX-XXXX-1121"", ""name"": ""Simanta Deka"", ""nationality"": ""Indian"", ""trip_end"": ""2026-08-11T19:45:00""}",2026-07-16 08:45:00
24,1,KYC_VERIFIED,"{""document_type"": ""aadhaar"", ""method"": ""document_scan"", ""verified_by"": ""auto_kyc""}",2026-07-16 09:00:00
24,2,CHECKIN,"{""lat"": 25.19, ""lng"": 92.02, ""location"": ""Dawki / Umngot River""}",2026-08-03 10:45:00
24,3,CHECKOUT,"{""location"": ""En route to Living Root Bridge, Nongriat"", ""trip_completed"": true}",2026-08-11 19:45:00
25,0,ID_ISSUED,"{""digital_id"": ""STS-56FF60BD2346"", ""document"": ""XXXX-XXXX-9797"", ""name"": ""Anurag Sharma"", ""nationality"": ""Indian"", ""trip_end"": ""2026-08-14T18:00:00""}",2026-08-09 17:00:00
25,1,KYC_VERIFIED,"{""document_type"": ""aadhaar"", ""method"": ""document_scan"", ""verified_by"": ""auto_kyc""}",2026-08-09 17:16:00
25,2,CHECKIN,"{""lat"": 26.1664, ""lng"": 91.7055, ""location"": ""Kamakhya Temple""}",2026-08-10 10:00:00
25,3,CHECKOUT,"{""location"": ""En route to Kamakhya Temple"", ""trip_completed"": true}",2026-08-14 18:00:00
26,0,ID_ISSUED,"{""digital_id"": ""STS-795111972C5F"", ""document"": ""Z5456566"", ""name"": ""Rohan Deka"", ""nationality"": ""Indian"", ""trip_end"": ""2026-09-12T08:00:00""}",2026-09-06 01:00:00
26,1,KYC_VERIFIED,"{""document_type"": ""passport"", ""method"": ""document_scan"", ""verified_by"": ""auto_kyc""}",2026-09-06 01:40:00
26,2,CHECKIN,"{""lat"": 26.1667, ""lng"": 91.5667, ""location"": ""Sualkuchi Silk Village""}",2026-09-08 06:00:00
27,0,ID_ISSUED,"{""digital_id"": ""STS-031E1C928E2F"", ""document"": ""911392823"", ""name"": ""Chloe Dubois"", ""nationality"": ""French"", ""trip_end"": ""2026-08-06T12:00:00""}",2026-07-14 03:00:00
27,1,KYC_VERIFIED,"{""document_type"": ""passport"", ""method"": ""document_scan"", ""verified_by"": ""auto_kyc""}",2026-07-14 03:33:00
27,2,CHECKIN,"{""lat"": 27.5861, ""lng"": 91.8594, ""location"": ""Tawang Monastery""}",2026-07-24 10:00:00
27,3,CHECKOUT,"{""location"": ""Ziro Valley"", ""trip_completed"": true}",2026-08-06 12:00:00
28,0,ID_ISSUED,"{""digital_id"": ""STS-6C791DFBECCA"", ""document"": ""830682948"", ""name"": ""James Rodriguez"", ""nationality"": ""American"", ""trip_end"": ""2026-08-05T15:15:00""}",2026-07-25 22:15:00
28,1,KYC_VERIFIED,"{""document_type"": ""passport"", ""method"": ""document_scan"", ""verified_by"": ""auto_kyc""}",2026-07-25 22:47:00
28,2,CHECKIN,"{""lat"": 26.1664, ""lng"": 91.7055, ""location"": ""Kamakhya Temple""}",2026-08-01 10:15:00
28,3,CHECKOUT,"{""location"": ""En route to Navagraha Temple"", ""trip_completed"": true}",2026-08-05 15:15:00
29,0,ID_ISSUED,"{""digital_id"": ""STS-E02DA1B00317"", ""document"": ""XXXX-XXXX-8295"", ""name"": ""Kabir Hazarika"", ""nationality"": ""Indian"", ""trip_end"": ""2026-08-23T19:00:00""}",2026-08-12 14:00:00
29,1,KYC_VERIFIED,"{""document_type"": ""aadhaar"", ""method"": ""document_scan"", ""verified_by"": ""auto_kyc""}",2026-08-12 14:31:00
29,2,CHECKIN,"{""lat"": 26.12, ""lng"": 91.65, ""location"": ""Deepor Beel Wildlife Sanctuary""}",2026-08-20 08:00:00
29,3,CHECKOUT,"{""location"": ""En route to Hotel Nandan (stay 1)"", ""trip_completed"": true}",2026-08-23 19:00:00
30,0,ID_ISSUED,"{""digital_id"": ""STS-73105B63EDD5"", ""document"": ""696573853"", ""name"": ""Oliver Edwards"", ""nationality"": ""British"", ""trip_end"": ""2026-08-04T15:45:00""}",2026-07-19 22:45:00
30,1,KYC_VERIFIED,"{""document_type"": ""passport"", ""method"": ""document_scan"", ""verified_by"": ""auto_kyc""}",2026-07-19 22:49:00
30,2,CHECKIN,"{""lat"": 25.5788, ""lng"": 91.8933, ""location"": ""Shillong""}",2026-07-23 05:45:00
30,3,CHECKOUT,"{""location"": ""Gangtok"", ""trip_completed"": true}",2026-08-04 15:45:00
31,0,ID_ISSUED,"{""digital_id"": ""STS-FE0A43D756C1"", ""document"": ""XXXX-XXXX-5280"", ""name"": ""Kabir Rajkhowa"", ""nationality"": ""Indian"", ""trip_end"": ""2026-08-12T15:00:00""}",2026-07-27 11:00:00
31,1,KYC_VERIFIED,"{""document_type"": ""aadhaar"", ""method"": ""document_scan"", ""verified_by"": ""auto_kyc""}",2026-07-27 11:05:00
31,2,CHECKIN,"{""lat"": 26.1824, ""lng"": 91.7513, ""location"": ""Guwahati Railway Station""}",2026-08-01 10:00:00
31,3,CHECKOUT,"{""location"": ""Ziro Valley"", ""trip_completed"": true}",2026-08-12 15:00:00
32,0,ID_ISSUED,"{""digital_id"": ""STS-43DFA112E9D7"", ""document"": ""BX4400579"", ""name"": ""Fatima Chowdhury"", ""nationality"": ""Bangladeshi"", ""trip_end"": ""2026-08-12T13:15:00""}",2026-07-22 09:15:00
32,1,KYC_VERIFIED,"{""document_type"": ""passport"", ""method"": ""document_scan"", ""verified_by"": ""auto_kyc""}",2026-07-22 09:50:00
32,2,CHECKIN,"{""lat"": 25.6751, ""lng"": 94.1086, ""location"": ""Kohima""}",2026-07-26 09:15:00
32,3,CHECKOUT,"{""location"": ""Shillong"", ""trip_completed"": true}",2026-08-12 13:15:00
33,0,ID_ISSUED,"{""digital_id"": ""STS-1C61761EFBDE"", ""document"": ""Z8407493"", ""name"": ""Aarav Banerjee"", ""nationality"": ""Indian"", ""trip_end"": ""2026-07-30T10:15:00""}",2026-07-15 18:15:00
33,1,KYC_VERIFIED,"{""document_type"": ""passport"", ""method"": ""document_scan"", ""verified_by"": ""auto_kyc""}",2026-07-15 18:32:00
33,2,CHECKIN,"{""lat"": 26.135, ""lng"": 91.805, ""location"": ""Six Mile""}",2026-07-29 06:15:00
33,3,CHECKOUT,"{""location"": ""LGB International Airport"", ""trip_completed"": true}",2026-07-30 10:15:00
34,0,ID_ISSUED,"{""digital_id"": ""STS-464D7AAB8C23"", ""document"": ""XXXX-XXXX-3851"", ""name"": ""Gitanjali Verma"", ""nationality"": ""Indian"", ""trip_end"": ""2026-08-06T21:30:00""}",2026-07-18 19:30:00
34,1,KYC_VERIFIED,"{""document_type"": ""aadhaar"", ""method"": ""document_scan"", ""verified_by"": ""auto_kyc""}",2026-07-18 19:57:00
34,2,CHECKIN,"{""lat"": 26.6338, ""lng"": 92.8, ""location"": ""Tezpur""}",2026-07-28 09:30:00
34,3,SOS_TRIGGERED,"{""lat"": 26.104079, ""lng"": 91.582343, ""message"": ""Lost in the forest trail, no landmarks visible, running out of water.""}",2026-08-03 13:47:32
34,4,CHECKOUT,"{""location"": ""LGB International Airport"", ""trip_completed"": true}",2026-08-06 21:30:00
35,0,ID_ISSUED,"{""digital_id"": ""STS-C29899FC38F2"", ""document"": ""XXXX-XXXX-8272"", ""name"": ""Chandana Hazarika"", ""nationality"": ""Indian"", ""trip_end"": ""2026-09-10T22:00:00""}",2026-09-01 11:00:00
35,1,KYC_VERIFIED,"{""document_type"": ""aadhaar"", ""method"": ""document_scan"", ""verified_by"": ""auto_kyc""}",2026-09-01 11:12:00
35,2,CHECKIN,"{""lat"": 25.5788, ""lng"": 91.8933, ""location"": ""Shillong""}",2026-09-02 11:00:00
36,0,ID_ISSUED,"{""digital_id"": ""STS-7CB96F55E69F"", ""document"": ""HJ015597"", ""name"": ""Owen Bouchard"", ""nationality"": ""Canadian"", ""trip_end"": ""2026-09-12T19:15:00""}",2026-08-20 14:15:00
36,1,KYC_VERIFIED,"{""document_type"": ""passport"", ""method"": ""document_scan"", ""verified_by"": ""auto_kyc""}",2026-08-20 14:45:00
36,2,CHECKIN,"{""lat"": 25.9333, ""lng"": 91.4333, ""location"": ""Chandubi Lake""}",2026-09-09 09:15:00
37,0,ID_ISSUED,"{""digital_id"": ""STS-3FB59F64373F"", ""document"": ""XXXX-XXXX-4335"", ""name"": ""Hemanta Verma"", ""nationality"": ""Indian"", ""trip_end"": ""2026-09-04T23:30:00""}",2026-08-18 09:30:00
37,1,KYC_VERIFIED,"{""document_type"": ""aadhaar"", ""method"": ""document_scan"", ""verified_by"": ""auto_kyc""}",2026-08-18 09:34:00
37,2,CHECKIN,"{""lat"": 26.1856, ""lng"": 91.7455, ""location"": ""Pan Bazaar""}",2026-08-30 10:30:00
37,3,CHECKOUT,"{""location"": ""En route to Hotel Rajmahal (stay 1)"", ""trip_completed"": true}",2026-09-04 23:30:00
38,0,ID_ISSUED,"{""digital_id"": ""STS-3A9B3295EA2A"", ""document"": ""028105939"", ""name"": ""Thomas Taylor"", ""nationality"": ""British"", ""trip_end"": ""2026-07-29T21:15:00""}",2026-07-12 20:15:00
38,1,KYC_VERIFIED,"{""document_type"": ""passport"", ""method"": ""document_scan"", ""verified_by"": ""auto_kyc""}",2026-07-12 20:44:00
38,2,CHECKIN,"{""lat"": 26.1664, ""lng"": 91.7055, ""location"": ""Kamakhya Temple""}",2026-07-27 07:15:00
38,3,CHECKOUT,"{""location"": ""En route to Kamakhya Temple"", ""trip_completed"": true}",2026-07-29 21:15:00
39,0,ID_ISSUED,"{""digital_id"": ""STS-41F771CCE095"", ""document"": ""XXXX-XXXX-1425"", ""name"": ""Aarav Choudhury"", ""nationality"": ""Indian"", ""trip_end"": ""2026-09-11T11:00:00""}",2026-08-31 19:00:00
39,1,KYC_VERIFIED,"{""document_type"": ""aadhaar"", ""method"": ""document_scan"", ""verified_by"": ""auto_kyc""}",2026-08-31 19:31:00
39,2,CHECKIN,"{""lat"": 26.3667, ""lng"": 91.6333, ""location"": ""Madan Kamdev Ruins""}",2026-09-05 05:00:00
40,0,ID_ISSUED,"{""digital_id"": ""STS-09A799AC38B5"", ""document"": ""50009436"", ""name"": ""Tamar Cohen"", ""nationality"": ""Israeli"", ""trip_end"": ""2026-09-05T15:30:00""}",2026-08-06 19:30:00
40,1,KYC_VERIFIED,"{""document_type"": ""passport"", ""method"": ""document_scan"", ""verified_by"": ""auto_kyc""}",2026-08-06 19:38:00
40,2,CHECKIN,"{""lat"": 26.95, ""lng"": 94.17, ""location"": ""Majuli River Island""}",2026-08-28 10:30:00
40,3,CHECKOUT,"{""location"": ""LGB International Airport"", ""trip_completed"": true}",2026-09-05 15:30:00
41,0,ID_ISSUED,"{""digital_id"": ""STS-B70C1C93BBBF"", ""document"": ""BX4818695"", ""name"": ""Tanvir Islam"", ""nationality"": ""Bangladeshi"", ""trip_end"": ""2026-08-19T15:00:00""}",2026-08-07 12:00:00
41,1,KYC_VERIFIED,"{""document_type"": ""passport"", ""method"": ""document_scan"", ""verified_by"": ""auto_kyc""}",2026-08-07 12:06:00
41,2,CHECKIN,"{""lat"": 26.9826, ""lng"": 94.6425, ""location"": ""Sivasagar""}",2026-08-08 07:00:00
41,3,CHECKOUT,"{""location"": ""LGB International Airport"", ""trip_completed"": true}",2026-08-19 15:00:00
42,0,ID_ISSUED,"{""digital_id"": ""STS-B2EDF69CE264"", ""document"": ""FCR1967923"", ""name"": ""Divya Medhi"", ""nationality"": ""Indian"", ""trip_end"": ""2026-08-05T11:15:00""}",2026-07-21 08:15:00
42,1,KYC_VERIFIED,"{""document_type"": ""voterid"", ""method"": ""document_scan"", ""verified_by"": ""auto_kyc""}",2026-07-21 08:53:00
42,2,CHECKIN,"{""lat"": 26.92, ""lng"": 92.88, ""location"": ""Nameri National Park""}",2026-07-25 07:15:00
42,3,CHECKOUT,"{""location"": ""Sivasagar"", ""trip_completed"": true}",2026-08-05 11:15:00
43,0,ID_ISSUED,"{""digital_id"": ""STS-8B9008D42606"", ""document"": ""XXXX-XXXX-5338"", ""name"": ""Anjali Nair"", ""nationality"": ""Indian"", ""trip_end"": ""2026-09-14T12:30:00""}",2026-08-26 08:30:00
43,1,KYC_VERIFIED,"{""document_type"": ""aadhaar"", ""method"": ""document_scan"", ""verified_by"": ""auto_kyc""}",2026-08-26 09:05:00
43,2,CHECKIN,"{""lat"": 23.8315, ""lng"": 91.2868, ""location"": ""Agartala""}",2026-09-04 10:30:00
44,0,ID_ISSUED,"{""digital_id"": ""STS-0E84DE5899A3"", ""document"": ""003810741"", ""name"": ""James Smith"", ""nationality"": ""American"", ""trip_end"": ""2026-08-19T17:45:00""}",2026-08-06 02:45:00
44,1,KYC_VERIFIED,"{""document_type"": ""passport"", ""method"": ""document_scan"", ""verified_by"": ""auto_kyc""}",2026-08-06 03:17:00
44,2,CHECKIN,"{""lat"": 26.178, ""lng"": 91.786, ""location"": ""Assam State Zoo & Botanical Garden""}",2026-08-16 11:45:00
44,3,MARKED_MISSING,"{""last_lat"": 25.935939, ""last_lng"": 91.435342}",2026-08-19 15:34:05
44,4,EFIR_FILED,"{""fir_number"": ""EFIR/2026/00044""}",2026-08-19 15:34:05
45,0,ID_ISSUED,"{""digital_id"": ""STS-E000BC8C4025"", ""document"": ""XXXX-XXXX-6131"", ""name"": ""Parag Ghosh"", ""nationality"": ""Indian"", ""trip_end"": ""2026-09-06T19:30:00""}",2026-08-28 11:30:00
45,1,KYC_VERIFIED,"{""document_type"": ""aadhaar"", ""method"": ""document_scan"", ""verified_by"": ""auto_kyc""}",2026-08-28 11:46:00
45,2,CHECKIN,"{""lat"": 26.3667, ""lng"": 91.6333, ""location"": ""Madan Kamdev Ruins""}",2026-09-02 06:30:00
46,0,ID_ISSUED,"{""digital_id"": ""STS-A894446A1546"", ""document"": ""XXXX-XXXX-4927"", ""name"": ""Siddharth Choudhury"", ""nationality"": ""Indian"", ""trip_end"": ""2026-08-04T13:15:00""}",2026-07-11 12:15:00
46,1,KYC_VERIFIED,"{""document_type"": ""aadhaar"", ""method"": ""document_scan"", ""verified_by"": ""auto_kyc""}",2026-07-11 12:48:00
46,2,CHECKIN,"{""lat"": 26.1861, ""lng"": 91.7503, ""location"": ""Dighalipukhuri""}",2026-08-01 07:15:00
46,3,CHECKOUT,"{""location"": ""Brahmaputra Riverfront"", ""trip_completed"": true}",2026-08-04 13:15:00
47,0,ID_ISSUED,"{""digital_id"": ""STS-BC67A474B5D9"", ""document"": ""AZEVX1461V"", ""name"": ""Ishita Banerjee"", ""nationality"": ""Indian"", ""trip_end"": ""2026-08-16T13:15:00""}",2026-08-10 06:15:00
47,1,KYC_VERIFIED,"{""document_type"": ""pan"", ""method"": ""document_scan"", ""verified_by"": ""auto_kyc""}",2026-08-10 06:28:00
47,2,CHECKIN,"{""lat"": 26.1836, ""lng"": 91.7434, ""location"": ""Fancy Bazaar""}",2026-08-14 10:15:00
47,3,CHECKOUT,"{""location"": ""Sualkuchi Silk Village"", ""trip_completed"": true}",2026-08-16 13:15:00
48,0,ID_ISSUED,"{""digital_id"": ""STS-21C4B949A5BD"", ""document"": ""XXXX-XXXX-5118"", ""name"": ""Simanta Sen"", ""nationality"": ""Indian"", ""trip_end"": ""2026-08-11T14:30:00""}",2026-07-19 01:30:00
48,1,KYC_VERIFIED,"{""document_type"": ""aadhaar"", ""method"": ""document_scan"", ""verified_by"": ""auto_kyc""}",2026-07-19 02:01:00
48,2,CHECKIN,"{""lat"": 25.9333, ""lng"": 91.4333, ""location"": ""Chandubi Lake""}",2026-08-08 09:30:00
48,3,CHECKOUT,"{""location"": ""Pobitora Wildlife Sanctuary"", ""trip_completed"": true}",2026-08-11 14:30:00
49,0,ID_ISSUED,"{""digital_id"": ""STS-C7BD112D564F"", ""document"": ""XXXX-XXXX-6521"", ""name"": ""Aarav Singh"", ""nationality"": ""Indian"", ""trip_end"": ""2026-07-27T17:15:00""}",2026-07-24 05:15:00
49,1,KYC_VERIFIED,"{""document_type"": ""aadhaar"", ""method"": ""document_scan"", ""verified_by"": ""auto_kyc""}",2026-07-24 05:42:00
49,2,CHECKIN,"{""lat"": 26.142, ""lng"": 91.79, ""location"": ""Dispur Secretariat""}",2026-07-26 06:15:00
49,3,CHECKOUT,"{""location"": ""En route to Vivanta Guwahati (stay 1)"", ""trip_completed"": true}",2026-07-27 17:15:00
50,0,ID_ISSUED,"{""digital_id"": ""STS-7FA4E5FC8400"", ""document"": ""XXXX-XXXX-2310"", ""name"": ""Utpal Nair"", ""nationality"": ""Indian"", ""trip_end"": ""2026-09-18T15:45:00""}",2026-09-06 22:45:00
50,1,KYC_VERIFIED,"{""document_type"": ""aadhaar"", ""method"": ""document_scan"", ""verified_by"": ""auto_kyc""}",2026-09-06 22:50:00
50,2,CHECKIN,"{""lat"": 27.5861, ""lng"": 91.8594, ""location"": ""Tawang Monastery""}",2026-09-09 06:45:00
51,0,ID_ISSUED,"{""digital_id"": ""STS-1F43940A53D6"", ""document"": ""XXXX-XXXX-9162"", ""name"": ""Junmoni Kalita"", ""nationality"": ""Indian"", ""trip_end"": ""2026-08-09T10:00:00""}",2026-07-26 23:00:00
51,1,KYC_VERIFIED,"{""document_type"": ""aadhaar"", ""method"": ""document_scan"", ""verified_by"": ""auto_kyc""}",2026-07-26 23:22:00
51,2,CHECKIN,"{""lat"": 26.1861, ""lng"": 91.7503, ""location"": ""Dighalipukhuri""}",2026-08-06 06:00:00
51,3,CHECKOUT,"{""location"": ""En route to Hotel Rajmahal (stay 1)"", ""trip_completed"": true}",2026-08-09 10:00:00
52,0,ID_ISSUED,"{""digital_id"": ""STS-8E30FB1E6092"", ""document"": ""Z7236403"", ""name"": ""Simanta Rajkhowa"", ""nationality"": ""Indian"", ""trip_end"": ""2026-08-13T20:30:00""}",2026-07-28 11:30:00
52,1,KYC_VERIFIED,"{""document_type"": ""passport"", ""method"": ""document_scan"", ""verified_by"": ""auto_kyc""}",2026-07-28 11:32:00
52,2,CHECKIN,"{""lat"": 26.1857, ""lng"": 91.7477, ""location"": ""Nehru Park""}",2026-08-11 07:30:00
52,3,CHECKOUT,"{""location"": ""En route to Ygdrasill Bamboo Resort, Cherrapunji (stay 1)"", ""trip_completed"": true}",2026-08-13 20:30:00
53,0,ID_ISSUED,"{""digital_id"": ""STS-1182A019B99F"", ""document"": ""XXXX-XXXX-6922"", ""name"": ""Rituparna Bora"", ""nationality"": ""Indian"", ""trip_end"": ""2026-08-21T15:30:00""}",2026-08-14 18:30:00
53,1,KYC_VERIFIED,"{""document_type"": ""aadhaar"", ""method"": ""document_scan"", ""verified_by"": ""auto_kyc""}",2026-08-14 18:57:00
53,2,CHECKIN,"{""lat"": 26.19, ""lng"": 91.759, ""location"": ""Uzan Bazar Ghat""}",2026-08-19 07:30:00
53,3,CHECKOUT,"{""location"": ""Fancy Bazaar"", ""trip_completed"": true}",2026-08-21 15:30:00
54,0,ID_ISSUED,"{""digital_id"": ""STS-A62868EA5315"", ""document"": ""XXXX-XXXX-7179"", ""name"": ""Arjun Iyer"", ""nationality"": ""Indian"", ""trip_end"": ""2026-09-13T22:00:00""}",2026-09-01 19:00:00
54,1,KYC_VERIFIED,"{""document_type"": ""aadhaar"", ""method"": ""document_scan"", ""verified_by"": ""auto_kyc""}",2026-09-01 19:22:00
54,2,CHECKIN,"{""lat"": 27.5861, ""lng"": 91.8594, ""location"": ""Tawang Monastery""}",2026-09-05 09:00:00
55,0,ID_ISSUED,"{""digital_id"": ""STS-19F81E4C40D6"", ""document"": ""XXXX-XXXX-9495"", ""name"": ""Manish Bhattacharya"", ""nationality"": ""Indian"", ""trip_end"": ""2026-08-13T14:15:00""}",2026-08-04 07:15:00
55,1,KYC_VERIFIED,"{""document_type"": ""aadhaar"", ""method"": ""document_scan"", ""verified_by"": ""auto_kyc""}",2026-08-04 07:42:00
55,2,CHECKIN,"{""lat"": 26.1857, ""lng"": 91.7477, ""location"": ""Nehru Park""}",2026-08-10 10:15:00
55,3,CHECKOUT,"{""location"": ""En route to Umananda Island"", ""trip_completed"": true}",2026-08-13 14:15:00
56,0,ID_ISSUED,"{""digital_id"": ""STS-FB824A09972E"", ""document"": ""XXXX-XXXX-3543"", ""name"": ""Bornali Saikia"", ""nationality"": ""Indian"", ""trip_end"": ""2026-09-07T09:30:00""}",2026-08-15 11:30:00
56,1,KYC_VERIFIED,"{""document_type"": ""aadhaar"", ""method"": ""document_scan"", ""verified_by"": ""auto_kyc""}",2026-08-15 12:07:00
56,2,CHECKIN,"{""lat"": 26.1824, ""lng"": 91.7513, ""location"": ""Guwahati Railway Station""}",2026-08-29 05:30:00
57,0,ID_ISSUED,"{""digital_id"": ""STS-CC9193E54135"", ""document"": ""XXXX-XXXX-1351"", ""name"": ""Chandana Nath"", ""nationality"": ""Indian"", ""trip_end"": ""2026-08-20T09:30:00""}",2026-07-23 11:30:00
57,1,KYC_VERIFIED,"{""document_type"": ""aadhaar"", ""method"": ""document_scan"", ""verified_by"": ""auto_kyc""}",2026-07-23 11:44:00
57,2,CHECKIN,"{""lat"": 27.5448, ""lng"": 93.832, ""location"": ""Ziro Valley""}",2026-08-09 06:30:00
57,3,CHECKOUT,"{""location"": ""Tawang Monastery"", ""trip_completed"": true}",2026-08-20 09:30:00
58,0,ID_ISSUED,"{""digital_id"": ""STS-1138421F46CD"", ""document"": ""Z7260886"", ""name"": ""Ishita Deka"", ""nationality"": ""Indian"", ""trip_end"": ""2026-09-02T14:30:00""}",2026-08-09 03:30:00
58,1,KYC_VERIFIED,"{""document_type"": ""passport"", ""method"": ""document_scan"", ""verified_by"": ""auto_kyc""}",2026-08-09 03:52:00
58,2,CHECKIN,"{""lat"": 26.1861, ""lng"": 91.7503, ""location"": ""Dighalipukhuri""}",2026-08-30 10:30:00
58,3,CHECKOUT,"{""location"": ""En route to Ygdrasill Bamboo Resort, Cherrapunji (stay 1)"", ""trip_completed"": true}",2026-09-02 14:30:00
59,0,ID_ISSUED,"{""digital_id"": ""STS-4FE892D758C0"", ""document"": ""XXXX-XXXX-2560"", ""name"": ""Rohan Verma"", ""nationality"": ""Indian"", ""trip_end"": ""2026-09-14T16:00:00""}",2026-09-08 19:00:00
59,1,KYC_VERIFIED,"{""document_type"": ""aadhaar"", ""method"": ""document_scan"", ""verified_by"": ""auto_kyc""}",2026-09-08 19:16:00
59,2,CHECKIN,"{""lat"": 26.1749, ""lng"": 91.7789, ""location"": ""Navagraha Temple""}",2026-09-09 08:00:00
60,0,ID_ISSUED,"{""digital_id"": ""STS-B822CC48C535"", ""document"": ""Z4068443"", ""name"": ""Aarav Nair"", ""nationality"": ""Indian"", ""trip_end"": ""2026-08-04T17:30:00""}",2026-07-08 13:30:00
60,1,KYC_VERIFIED,"{""document_type"": ""passport"", ""method"": ""document_scan"", ""verified_by"": ""auto_kyc""}",2026-07-08 13:46:00
60,2,CHECKIN,"{""lat"": 26.1061, ""lng"": 91.5859, ""location"": ""LGB International Airport""}",2026-07-24 05:30:00
60,3,CHECKOUT,"{""location"": ""Jorhat"", ""trip_completed"": true}",2026-08-04 17:30:00
61,0,ID_ISSUED,"{""digital_id"": ""STS-098B93F208E3"", ""document"": ""XXXX-XXXX-2436"", ""name"": ""Utpal Gogoi"", ""nationality"": ""Indian"", ""trip_end"": ""2026-08-09T14:15:00""}",2026-08-06 05:15:00
61,1,KYC_VERIFIED,"{""document_type"": ""aadhaar"", ""method"": ""document_scan"", ""verified_by"": ""auto_kyc""}",2026-08-06 05:24:00
61,2,CHECKIN,"{""lat"": 26.1856, ""lng"": 91.7455, ""location"": ""Pan Bazaar""}",2026-08-06 08:15:00
61,3,CHECKOUT,"{""location"": ""Gandhi Mandap, Sarania Hill"", ""trip_completed"": true}",2026-08-09 14:15:00
62,0,ID_ISSUED,"{""digital_id"": ""STS-C5DB2B64F7DB"", ""document"": ""XXXX-XXXX-4822"", ""name"": ""Bornali Banerjee"", ""nationality"": ""Indian"", ""trip_end"": ""2026-07-29T11:30:00""}",2026-07-05 00:30:00
62,1,KYC_VERIFIED,"{""document_type"": ""aadhaar"", ""method"": ""document_scan"", ""verified_by"": ""auto_kyc""}",2026-07-05 00:56:00
62,2,CHECKIN,"{""lat"": 26.1857, ""lng"": 91.7481, ""location"": ""Assam State Museum""}",2026-07-24 06:30:00
62,3,CHECKOUT,"{""location"": ""Guwahati Planetarium"", ""trip_completed"": true}",2026-07-29 11:30:00
63,0,ID_ISSUED,"{""digital_id"": ""STS-43261318C266"", ""document"": ""BT0783248"", ""name"": ""Tashi Dorji"", ""nationality"": ""Bhutanese"", ""trip_end"": ""2026-08-02T11:45:00""}",2026-07-11 07:45:00
63,1,KYC_VERIFIED,"{""document_type"": ""passport"", ""method"": ""document_scan"", ""verified_by"": ""auto_kyc""}",2026-07-11 08:25:00
63,2,CHECKIN,"{""lat"": 26.19, ""lng"": 91.759, ""location"": ""Uzan Bazar Ghat""}",2026-07-30 09:45:00
63,3,CHECKOUT,"{""location"": ""En route to Ginger Guwahati (stay 1)"", ""trip_completed"": true}",2026-08-02 11:45:00
64,0,ID_ISSUED,"{""digital_id"": ""STS-36916443D745"", ""document"": ""394257751"", ""name"": ""Amelia Green"", ""nationality"": ""British"", ""trip_end"": ""2026-08-19T14:45:00""}",2026-08-10 01:45:00
64,1,KYC_VERIFIED,"{""document_type"": ""passport"", ""method"": ""document_scan"", ""verified_by"": ""auto_kyc""}",2026-08-10 01:55:00
64,2,CHECKIN,"{""lat"": 26.1667, ""lng"": 91.5667, ""location"": ""Sualkuchi Silk Village""}",2026-08-17 07:45:00
64,3,CHECKOUT,"{""location"": ""En route to Fancy Bazaar"", ""trip_completed"": true}",2026-08-19 14:45:00
65,0,ID_ISSUED,"{""digital_id"": ""STS-14DB2AAF22A2"", ""document"": ""XXXX-XXXX-8228"", ""name"": ""Debojit Sen"", ""nationality"": ""Indian"", ""trip_end"": ""2026-09-14T19:15:00""}",2026-09-01 17:15:00
65,1,KYC_VERIFIED,"{""document_type"": ""aadhaar"", ""method"": ""document_scan"", ""verified_by"": ""auto_kyc""}",2026-09-01 17:58:00
65,2,CHECKIN,"{""lat"": 27.5861, ""lng"": 91.8594, ""location"": ""Tawang Monastery""}",2026-09-06 08:15:00
66,0,ID_ISSUED,"{""digital_id"": ""STS-159D9F08E3C9"", ""document"": ""XXXX-XXXX-5929"", ""name"": ""Anurag Banerjee"", ""nationality"": ""Indian"", ""trip_end"": ""2026-08-18T12:30:00""}",2026-07-24 04:30:00
66,1,KYC_VERIFIED,"{""document_type"": ""aadhaar"", ""method"": ""document_scan"", ""verified_by"": ""auto_kyc""}",2026-07-24 04:45:00
66,2,CHECKIN,"{""lat"": 26.25, ""lng"": 91.5167, ""location"": ""Hajo Pilgrimage Town""}",2026-08-13 09:30:00
66,3,CHECKOUT,"{""location"": ""En route to Umananda Island"", ""trip_completed"": true}",2026-08-18 12:30:00
67,0,ID_ISSUED,"{""digital_id"": ""STS-1E7E6A0EA8AD"", ""document"": ""HXW5316908"", ""name"": ""Parag Singh"", ""nationality"": ""Indian"", ""trip_end"": ""2026-08-04T13:00:00""}",2026-07-22 06:00:00
67,1,KYC_VERIFIED,"{""document_type"": ""voterid"", ""method"": ""document_scan"", ""verified_by"": ""auto_kyc""}",2026-07-22 06:21:00
67,2,CHECKIN,"{""lat"": 25.9333, ""lng"": 91.4333, ""location"": ""Chandubi Lake""}",2026-07-30 06:00:00
67,3,CHECKOUT,"{""location"": ""Assam State Zoo & Botanical Garden"", ""trip_completed"": true}",2026-08-04 13:00:00
68,0,ID_ISSUED,"{""digital_id"": ""STS-A18D56F0A6C2"", ""document"": ""XXXX-XXXX-5345"", ""name"": ""Chandana Hazarika"", ""nationality"": ""Indian"", ""trip_end"": ""2026-09-01T13:15:00""}",2026-08-04 02:15:00
68,1,KYC_VERIFIED,"{""document_type"": ""aadhaar"", ""method"": ""document_scan"", ""verified_by"": ""auto_kyc""}",2026-08-04 02:36:00
68,2,CHECKIN,"{""lat"": 25.6751, ""lng"": 94.1086, ""location"": ""Kohima""}",2026-08-14 06:15:00
68,3,CHECKOUT,"{""location"": ""Gangtok"", ""trip_completed"": true}",2026-09-01 13:15:00
69,0,ID_ISSUED,"{""digital_id"": ""STS-E56446367FB7"", ""document"": ""XYC1044901"", ""name"": ""Debojit Patel"", ""nationality"": ""Indian"", ""trip_end"": ""2026-09-06T13:45:00""}",2026-08-13 20:45:00
69,1,KYC_VERIFIED,"{""document_type"": ""voterid"", ""method"": ""document_scan"", ""verified_by"": ""auto_kyc""}",2026-08-13 21:08:00
69,2,CHECKIN,"{""lat"": 24.817, ""lng"": 93.9368, ""location"": ""Imphal""}",2026-08-20 09:45:00
70,0,ID_ISSUED,"{""digital_id"": ""STS-E7072237E1FB"", ""document"": ""XXXX-XXXX-2715"", ""name"": ""Divya Das"", ""nationality"": ""Indian"", ""trip_end"": ""2026-08-25T17:30:00""}",2026-08-20 05:30:00
70,1,KYC_VERIFIED,"{""document_type"": ""aadhaar"", ""method"": ""document_scan"", ""verified_by"": ""auto_kyc""}",2026-08-20 06:06:00
70,2,CHECKIN,"{""lat"": 26.1857, ""lng"": 91.7481, ""location"": ""Assam State Museum""}",2026-08-22 11:30:00
70,3,CHECKOUT,"{""location"": ""Guwahati Planetarium"", ""trip_completed"": true}",2026-08-25 17:30:00
71,0,ID_ISSUED,"{""digital_id"": ""STS-D1E13F9FDBE9"", ""document"": ""Z2275222"", ""name"": ""Aarav Nair"", ""nationality"": ""Indian"", ""trip_end"": ""2026-08-23T08:15:00""}",2026-07-31 02:15:00
71,1,KYC_VERIFIED,"{""document_type"": ""passport"", ""method"": ""document_scan"", ""verified_by"": ""auto_kyc""}",2026-07-31 02:44:00
71,2,CHECKIN,"{""lat"": 25.276, ""lng"": 91.6857, ""location"": ""Nohkalikai Falls""}",2026-08-18 05:15:00
71,3,CHECKOUT,"{""location"": ""Shillong"", ""trip_completed"": true}",2026-08-23 08:15:00
72,0,ID_ISSUED,"{""digital_id"": ""STS-B1FBF14EA6F3"", ""document"": ""XXXX-XXXX-4440"", ""name"": ""Ishita Das"", ""nationality"": ""Indian"", ""trip_end"": ""2026-09-05T21:00:00""}",2026-08-08 15:00:00
72,1,KYC_VERIFIED,"{""document_type"": ""aadhaar"", ""method"": ""document_scan"", ""verified_by"": ""auto_kyc""}",2026-08-08 15:42:00
72,2,CHECKIN,"{""lat"": 26.95, ""lng"": 94.17, ""location"": ""Majuli River Island""}",2026-08-27 07:00:00
72,3,MARKED_MISSING,"{""last_lat"": 26.105835, ""last_lng"": 91.585723}",2026-09-05 16:30:57
72,4,EFIR_FILED,"{""fir_number"": ""EFIR/2026/00072""}",2026-09-05 16:30:57
73,0,ID_ISSUED,"{""digital_id"": ""STS-71BAF4D7A355"", ""document"": ""Z3861429"", ""name"": ""Aarav Phukan"", ""nationality"": ""Indian"", ""trip_end"": ""2026-08-18T14:15:00""}",2026-07-28 16:15:00
73,1,KYC_VERIFIED,"{""document_type"": ""passport"", ""method"": ""document_scan"", ""verified_by"": ""auto_kyc""}",2026-07-28 16:57:00
73,2,CHECKIN,"{""lat"": 26.1856, ""lng"": 91.7625, ""location"": ""Guwahati Planetarium""}",2026-08-14 07:15:00
73,3,CHECKOUT,"{""location"": ""Umananda Island"", ""trip_completed"": true}",2026-08-18 14:15:00
74,0,ID_ISSUED,"{""digital_id"": ""STS-20A84DFF7DDC"", ""document"": ""HZX4919793"", ""name"": ""Tanvi Rajkhowa"", ""nationality"": ""Indian"", ""trip_end"": ""2026-09-13T13:00:00""}",2026-08-31 22:00:00
74,1,KYC_VERIFIED,"{""document_type"": ""voterid"", ""method"": ""document_scan"", ""verified_by"": ""auto_kyc""}",2026-08-31 22:32:00
74,2,CHECKIN,"{""lat"": 26.6338, ""lng"": 92.8, ""location"": ""Tezpur""}",2026-09-06 05:00:00
75,0,ID_ISSUED,"{""digital_id"": ""STS-887A886410DB"", ""document"": ""K6249452"", ""name"": ""Shu Ting Tan"", ""nationality"": ""Singaporean"", ""trip_end"": ""2026-08-20T15:00:00""}",2026-08-10 23:00:00
75,1,KYC_VERIFIED,"{""document_type"": ""passport"", ""method"": ""document_scan"", ""verified_by"": ""auto_kyc""}",2026-08-10 23:16:00
75,2,CHECKIN,"{""lat"": 26.1132, ""lng"": 91.797, ""location"": ""Basistha Temple""}",2026-08-14 08:00:00
75,3,CHECKOUT,"{""location"": ""En route to Umananda Island"", ""trip_completed"": true}",2026-08-20 15:00:00
76,0,ID_ISSUED,"{""digital_id"": ""STS-E03F758DFBC0"", ""document"": ""XXXX-XXXX-4982"", ""name"": ""Anjali Barua"", ""nationality"": ""Indian"", ""trip_end"": ""2026-08-24T09:45:00""}",2026-08-10 03:45:00
76,1,KYC_VERIFIED,"{""document_type"": ""aadhaar"", ""method"": ""document_scan"", ""verified_by"": ""auto_kyc""}",2026-08-10 04:09:00
76,2,CHECKIN,"{""lat"": 25.9333, ""lng"": 91.4333, ""location"": ""Chandubi Lake""}",2026-08-19 05:45:00
76,3,CHECKOUT,"{""location"": ""En route to Diphlu River Lodge, Kaziranga (stay 2)"", ""trip_completed"": true}",2026-08-24 09:45:00
77,0,ID_ISSUED,"{""digital_id"": ""STS-DCBE0EA12489"", ""document"": ""XXXX-XXXX-8600"", ""name"": ""Bornali Baishya"", ""nationality"": ""Indian"", ""trip_end"": ""2026-09-05T19:15:00""}",2026-08-17 03:15:00
77,1,KYC_VERIFIED,"{""document_type"": ""aadhaar"", ""method"": ""document_scan"", ""verified_by"": ""auto_kyc""}",2026-08-17 03:38:00
77,2,CHECKIN,"{""lat"": 26.178, ""lng"": 91.786, ""location"": ""Assam State Zoo & Botanical Garden""}",2026-09-02 06:15:00
78,0,ID_ISSUED,"{""digital_id"": ""STS-1F11ACE3C4E5"", ""document"": ""XXXX-XXXX-1078"", ""name"": ""Nikhil Iyer"", ""nationality"": ""Indian"", ""trip_end"": ""2026-07-26T16:00:00""}",2026-07-04 23:00:00
78,1,KYC_VERIFIED,"{""document_type"": ""aadhaar"", ""method"": ""document_scan"", ""verified_by"": ""auto_kyc""}",2026-07-04 23:24:00
78,2,CHECKIN,"{""lat"": 26.09, ""lng"": 91.59, ""location"": ""Accoland Water Park""}",2026-07-22 06:00:00
78,3,CHECKOUT,"{""location"": ""En route to Accoland Water Park"", ""trip_completed"": true}",2026-07-26 16:00:00
79,0,ID_ISSUED,"{""digital_id"": ""STS-53ABC389E08D"", ""document"": ""UXG8555890"", ""name"": ""Hemanta Ghosh"", ""nationality"": ""Indian"", ""trip_end"": ""2026-08-10T12:00:00""}",2026-07-29 22:00:00
79,1,KYC_VERIFIED,"{""document_type"": ""voterid"", ""method"": ""document_scan"", ""verified_by"": ""auto_kyc""}",2026-07-29 22:45:00
79,2,CHECKIN,"{""lat"": 26.1664, ""lng"": 91.7055, ""location"": ""Kamakhya Temple""}",2026-08-05 06:00:00
79,3,CHECKOUT,"{""location"": ""En route to Navagraha Temple"", ""trip_completed"": true}",2026-08-10 12:00:00
80,0,ID_ISSUED,"{""digital_id"": ""STS-5EFD401B0D34"", ""document"": ""XXXX-XXXX-8492"", ""name"": ""Meera Patel"", ""nationality"": ""Indian"", ""trip_end"": ""2026-09-05T19:30:00""}",2026-08-27 06:30:00
80,1,KYC_VERIFIED,"{""document_type"": ""aadhaar"", ""method"": ""document_scan"", ""verified_by"": ""auto_kyc""}",2026-08-27 07:03:00
80,2,CHECKIN,"{""lat"": 26.1856, ""lng"": 91.7455, ""location"": ""Pan Bazaar""}",2026-09-02 08:30:00
81,0,ID_ISSUED,"{""digital_id"": ""STS-1D57E4FA00B5"", ""document"": ""Z3697180"", ""name"": ""Nabanita Bhattacharya"", ""nationality"": ""Indian"", ""trip_end"": ""2026-08-19T12:15:00""}",2026-08-08 07:15:00
81,1,KYC_VERIFIED,"{""document_type"": ""passport"", ""method"": ""document_scan"", ""verified_by"": ""auto_kyc""}",2026-08-08 07:56:00
81,2,CHECKIN,"{""lat"": 26.1664, ""lng"": 91.7055, ""location"": ""Kamakhya Temple""}",2026-08-16 06:15:00
81,3,CHECKOUT,"{""location"": ""En route to Navagraha Temple"", ""trip_completed"": true}",2026-08-19 12:15:00
82,0,ID_ISSUED,"{""digital_id"": ""STS-F77FBE49A9E4"", ""document"": ""FK617153"", ""name"": ""Pedro Pereira"", ""nationality"": ""Brazilian"", ""trip_end"": ""2026-08-19T14:45:00""}",2026-07-31 19:45:00
82,1,KYC_VERIFIED,"{""document_type"": ""passport"", ""method"": ""document_scan"", ""verified_by"": ""auto_kyc""}",2026-07-31 20:16:00
82,2,CHECKIN,"{""lat"": 27.5861, ""lng"": 91.8594, ""location"": ""Tawang Monastery""}",2026-08-10 08:45:00
82,3,CHECKOUT,"{""location"": ""Ziro Valley"", ""trip_completed"": true}",2026-08-19 14:45:00
83,0,ID_ISSUED,"{""digital_id"": ""STS-A310AF15A087"", ""document"": ""Z2407101"", ""name"": ""Rupam Singh"", ""nationality"": ""Indian"", ""trip_end"": ""2026-08-13T21:45:00""}",2026-07-18 16:45:00
83,1,KYC_VERIFIED,"{""document_type"": ""passport"", ""method"": ""document_scan"", ""verified_by"": ""auto_kyc""}",2026-07-18 17:14:00
83,2,CHECKIN,"{""lat"": 26.6338, ""lng"": 92.8, ""location"": ""Tezpur""}",2026-08-02 08:45:00
83,3,CHECKOUT,"{""location"": ""Ziro Valley"", ""trip_completed"": true}",2026-08-13 21:45:00
84,0,ID_ISSUED,"{""digital_id"": ""STS-1EEEB53E04D4"", ""document"": ""XXXX-XXXX-9145"", ""name"": ""Kabir Ghosh"", ""nationality"": ""Indian"", ""trip_end"": ""2026-08-18T20:45:00""}",2026-07-23 13:45:00
84,1,KYC_VERIFIED,"{""document_type"": ""aadhaar"", ""method"": ""document_scan"", ""verified_by"": ""auto_kyc""}",2026-07-23 14:21:00
84,2,CHECKIN,"{""lat"": 26.3667, ""lng"": 91.6333, ""location"": ""Madan Kamdev Ruins""}",2026-08-12 08:45:00
84,3,CHECKOUT,"{""location"": ""En route to Navagraha Temple"", ""trip_completed"": true}",2026-08-18 20:45:00
85,0,ID_ISSUED,"{""digital_id"": ""STS-A986735E1CA4"", ""document"": ""XXXX-XXXX-1892"", ""name"": ""Debojit Baishya"", ""nationality"": ""Indian"", ""trip_end"": ""2026-08-13T11:15:00""}",2026-07-15 04:15:00
85,1,KYC_VERIFIED,"{""document_type"": ""aadhaar"", ""method"": ""document_scan"", ""verified_by"": ""auto_kyc""}",2026-07-15 04:36:00
85,2,CHECKIN,"{""lat"": 25.6751, ""lng"": 94.1086, ""location"": ""Kohima""}",2026-07-28 07:15:00
85,3,CHECKOUT,"{""location"": ""Gangtok"", ""trip_completed"": true}",2026-08-13 11:15:00
86,0,ID_ISSUED,"{""digital_id"": ""STS-3A0F5B671448"", ""document"": ""Z7417815"", ""name"": ""Jayanta Bhattacharya"", ""nationality"": ""Indian"", ""trip_end"": ""2026-08-30T18:45:00""}",2026-08-08 12:45:00
86,1,KYC_VERIFIED,"{""document_type"": ""passport"", ""method"": ""document_scan"", ""verified_by"": ""auto_kyc""}",2026-08-08 13:22:00
86,2,CHECKIN,"{""lat"": 26.1964, ""lng"": 91.7453, ""location"": ""Umananda Island""}",2026-08-26 08:45:00
86,3,CHECKOUT,"{""location"": ""En route to Navagraha Temple"", ""trip_completed"": true}",2026-08-30 18:45:00
87,0,ID_ISSUED,"{""digital_id"": ""STS-75E4B6825283"", ""document"": ""830975780"", ""name"": ""Christopher Jones"", ""nationality"": ""American"", ""trip_end"": ""2026-08-06T15:00:00""}",2026-07-04 12:00:00
87,1,KYC_VERIFIED,"{""document_type"": ""passport"", ""method"": ""document_scan"", ""verified_by"": ""auto_kyc""}",2026-07-04 12:31:00
87,2,CHECKIN,"{""lat"": 26.1824, ""lng"": 91.7513, ""location"": ""Guwahati Railway Station""}",2026-07-25 11:00:00
87,3,CHECKOUT,"{""location"": ""Ziro Valley"", ""trip_completed"": true}",2026-08-06 15:00:00
88,0,ID_ISSUED,"{""digital_id"": ""STS-BC9C5F655397"", ""document"": ""XXXX-XXXX-5040"", ""name"": ""Hemanta Phukan"", ""nationality"": ""Indian"", ""trip_end"": ""2026-09-01T20:15:00""}",2026-08-17 15:15:00
88,1,KYC_VERIFIED,"{""document_type"": ""aadhaar"", ""method"": ""document_scan"", ""verified_by"": ""auto_kyc""}",2026-08-17 15:30:00
88,2,CHECKIN,"{""lat"": 26.147, ""lng"": 91.79, ""location"": ""Ganeshguri Junction""}",2026-08-30 07:15:00
88,3,CHECKOUT,"{""location"": ""LGB International Airport"", ""trip_completed"": true}",2026-09-01 20:15:00
89,0,ID_ISSUED,"{""digital_id"": ""STS-96CAEFEBFBD6"", ""document"": ""Z0831838"", ""name"": ""Ishita Iyer"", ""nationality"": ""Indian"", ""trip_end"": ""2026-08-04T21:30:00""}",2026-07-21 17:30:00
89,1,KYC_VERIFIED,"{""document_type"": ""passport"", ""method"": ""document_scan"", ""verified_by"": ""auto_kyc""}",2026-07-21 17:55:00
89,2,CHECKIN,"{""lat"": 26.6338, ""lng"": 92.8, ""location"": ""Tezpur""}",2026-07-26 11:30:00
89,3,CHECKOUT,"{""location"": ""Ziro Valley"", ""trip_completed"": true}",2026-08-04 21:30:00
90,0,ID_ISSUED,"{""digital_id"": ""STS-5D6C4885BCCC"", ""document"": ""BX5713905"", ""name"": ""Rumana Begum"", ""nationality"": ""Bangladeshi"", ""trip_end"": ""2026-08-05T13:15:00""}",2026-07-16 15:15:00
90,1,KYC_VERIFIED,"{""document_type"": ""passport"", ""method"": ""document_scan"", ""verified_by"": ""auto_kyc""}",2026-07-16 15:30:00
90,2,CHECKIN,"{""lat"": 26.3667, ""lng"": 91.6333, ""location"": ""Madan Kamdev Ruins""}",2026-08-01 06:15:00
90,3,CHECKOUT,"{""location"": ""En route to Navagraha Temple"", ""trip_completed"": true}",2026-08-05 13:15:00
91,0,ID_ISSUED,"{""digital_id"": ""STS-ED81DE921E21"", ""document"": ""XXXX-XXXX-9631"", ""name"": ""Simanta Bhattacharya"", ""nationality"": ""Indian"", ""trip_end"": ""2026-08-09T01:15:00""}",2026-07-26 17:15:00
91,1,KYC_VERIFIED,"{""document_type"": ""aadhaar"", ""method"": ""document_scan"", ""verified_by"": ""auto_kyc""}",2026-07-26 17:41:00
91,2,CHECKIN,"{""lat"": 26.1817, ""lng"": 91.7503, ""location"": ""Paltan Bazaar""}",2026-08-04 11:15:00
91,3,CHECKOUT,"{""location"": ""En route to Ginger Guwahati (stay 1)"", ""trip_completed"": true}",2026-08-09 01:15:00
92,0,ID_ISSUED,"{""digital_id"": ""STS-4DEB33749D34"", ""document"": ""009236727"", ""name"": ""Daniel Johnson"", ""nationality"": ""American"", ""trip_end"": ""2026-08-16T23:45:00""}",2026-08-05 14:45:00
92,1,KYC_VERIFIED,"{""document_type"": ""passport"", ""method"": ""document_scan"", ""verified_by"": ""auto_kyc""}",2026-08-05 14:50:00
92,2,CHECKIN,"{""lat"": 26.12, ""lng"": 91.65, ""location"": ""Deepor Beel Wildlife Sanctuary""}",2026-08-11 09:45:00
92,3,CHECKOUT,"{""location"": ""Pobitora Wildlife Sanctuary"", ""trip_completed"": true}",2026-08-16 23:45:00
93,0,ID_ISSUED,"{""digital_id"": ""STS-2A8AD278AABD"", ""document"": ""TBLJU6338V"", ""name"": ""Simanta Nair"", ""nationality"": ""Indian"", ""trip_end"": ""2026-09-01T15:15:00""}",2026-08-10 22:15:00
93,1,KYC_VERIFIED,"{""document_type"": ""pan"", ""method"": ""document_scan"", ""verified_by"": ""auto_kyc""}",2026-08-10 22:41:00
93,2,CHECKIN,"{""lat"": 26.135, ""lng"": 91.805, ""location"": ""Six Mile""}",2026-08-29 08:15:00
93,3,CHECKOUT,"{""location"": ""En route to Six Mile"", ""trip_completed"": true}",2026-09-01 15:15:00
94,0,ID_ISSUED,"{""digital_id"": ""STS-3A2D09CA8D11"", ""document"": ""XXXX-XXXX-2693"", ""name"": ""Anjali Gogoi"", ""nationality"": ""Indian"", ""trip_end"": ""2026-09-11T20:00:00""}",2026-08-15 08:00:00
94,1,KYC_VERIFIED,"{""document_type"": ""aadhaar"", ""method"": ""document_scan"", ""verified_by"": ""auto_kyc""}",2026-08-15 08:32:00
94,2,CHECKIN,"{""lat"": 26.7509, ""lng"": 94.2037, ""location"": ""Jorhat""}",2026-09-05 11:00:00
95,0,ID_ISSUED,"{""digital_id"": ""STS-316FC4D3FF84"", ""document"": ""BX6891119"", ""name"": ""Tanvir Rahman"", ""nationality"": ""Bangladeshi"", ""trip_end"": ""2026-08-02T21:30:00""}",2026-07-14 19:30:00
95,1,KYC_VERIFIED,"{""document_type"": ""passport"", ""method"": ""document_scan"", ""verified_by"": ""auto_kyc""}",2026-07-14 20:07:00
95,2,CHECKIN,"{""lat"": 26.1964, ""lng"": 91.7453, ""location"": ""Umananda Island""}",2026-07-28 09:30:00
95,3,CHECKOUT,"{""location"": ""En route to Hotel Nandan (stay 1)"", ""trip_completed"": true}",2026-08-02 21:30:00
96,0,ID_ISSUED,"{""digital_id"": ""STS-EDEBD4C74E67"", ""document"": ""XXXX-XXXX-6890"", ""name"": ""Hemanta Medhi"", ""nationality"": ""Indian"", ""trip_end"": ""2026-09-06T08:15:00""}",2026-09-01 02:15:00
96,1,KYC_VERIFIED,"{""document_type"": ""aadhaar"", ""method"": ""document_scan"", ""verified_by"": ""auto_kyc""}",2026-09-01 02:52:00
96,2,CHECKIN,"{""lat"": 26.1836, ""lng"": 91.7434, ""location"": ""Fancy Bazaar""}",2026-09-02 05:15:00
97,0,ID_ISSUED,"{""digital_id"": ""STS-9FB668B2AAB0"", ""document"": ""XXXX-XXXX-7348"", ""name"": ""Rituparna Banerjee"", ""nationality"": ""Indian"", ""trip_end"": ""2026-09-11T14:15:00""}",2026-08-28 10:15:00
97,1,KYC_VERIFIED,"{""document_type"": ""aadhaar"", ""method"": ""document_scan"", ""verified_by"": ""auto_kyc""}",2026-08-28 10:31:00
97,2,CHECKIN,"{""lat"": 26.1856, ""lng"": 91.7455, ""location"": ""Pan Bazaar""}",2026-09-08 08:15:00
98,0,ID_ISSUED,"{""digital_id"": ""STS-43C0ACE6E6ED"", ""document"": ""XXXX-XXXX-1706"", ""name"": ""Junmoni Deka"", ""nationality"": ""Indian"", ""trip_end"": ""2026-07-29T15:45:00""}",2026-07-14 03:45:00
98,1,KYC_VERIFIED,"{""document_type"": ""aadhaar"", ""method"": ""document_scan"", ""verified_by"": ""auto_kyc""}",2026-07-14 04:29:00
98,2,CHECKIN,"{""lat"": 26.1856, ""lng"": 91.7455, ""location"": ""Pan Bazaar""}",2026-07-27 09:45:00
98,3,CHECKOUT,"{""location"": ""Guwahati Planetarium"", ""trip_completed"": true}",2026-07-29 15:45:00
99,0,ID_ISSUED,"{""digital_id"": ""STS-F594D244D439"", ""document"": ""Z1577236"", ""name"": ""Nabanita Deka"", ""nationality"": ""Indian"", ""trip_end"": ""2026-09-07T14:00:00""}",2026-08-27 12:00:00
99,1,KYC_VERIFIED,"{""document_type"": ""passport"", ""method"": ""document_scan"", ""verified_by"": ""auto_kyc""}",2026-08-27 12:06:00
99,2,CHECKIN,"{""lat"": 26.1664, ""lng"": 91.7055, ""location"": ""Kamakhya Temple""}",2026-09-03 08:00:00
100,0,ID_ISSUED,"{""digital_id"": ""STS-8F0CB5310141"", ""document"": ""HJ202653"", ""name"": ""Logan Tremblay"", ""nationality"": ""Canadian"", ""trip_end"": ""2026-09-01T20:30:00""}",2026-08-10 06:30:00
100,1,KYC_VERIFIED,"{""document_type"": ""passport"", ""method"": ""document_scan"", ""verified_by"": ""auto_kyc""}",2026-08-10 07:07:00
100,2,CHECKIN,"{""lat"": 26.1856, ""lng"": 91.7625, ""location"": ""Guwahati Planetarium""}",2026-08-27 06:30:00
100,3,CHECKOUT,"{""location"": ""En route to Ginger Guwahati (stay 1)"", ""trip_completed"": true}",2026-09-01 20:30:00
101,0,ID_ISSUED,"{""digital_id"": ""STS-1CD36ACFE96A"", ""document"": ""XXXX-XXXX-3147"", ""name"": ""Nabanita Bora"", ""nationality"": ""Indian"", ""trip_end"": ""2026-07-28T20:00:00""}",2026-07-05 21:00:00
101,1,KYC_VERIFIED,"{""document_type"": ""aadhaar"", ""method"": ""document_scan"", ""verified_by"": ""auto_kyc""}",2026-07-05 21:40:00
101,2,CHECKIN,"{""lat"": 26.19, ""lng"": 91.759, ""location"": ""Uzan Bazar Ghat""}",2026-07-24 08:00:00
101,3,CHECKOUT,"{""location"": ""En route to Uzan Bazar Ghat"", ""trip_completed"": true}",2026-07-28 20:00:00
102,0,ID_ISSUED,"{""digital_id"": ""STS-0EEC153201BF"", ""document"": ""XXXX-XXXX-5674"", ""name"": ""Pooja Nath"", ""nationality"": ""Indian"", ""trip_end"": ""2026-07-29T11:30:00""}",2026-07-11 16:30:00
102,1,KYC_VERIFIED,"{""document_type"": ""aadhaar"", ""method"": ""document_scan"", ""verified_by"": ""auto_kyc""}",2026-07-11 16:56:00
102,2,CHECKIN,"{""lat"": 26.1905, ""lng"": 91.748, ""location"": ""Brahmaputra Riverfront""}",2026-07-25 09:30:00
102,3,CHECKOUT,"{""location"": ""Umananda Island"", ""trip_completed"": true}",2026-07-29 11:30:00
103,0,ID_ISSUED,"{""digital_id"": ""STS-498C3FE38585"", ""document"": ""XXXX-XXXX-3539"", ""name"": ""Riya Iyer"", ""nationality"": ""Indian"", ""trip_end"": ""2026-08-24T20:45:00""}",2026-08-05 05:45:00
103,1,KYC_VERIFIED,"{""document_type"": ""aadhaar"", ""method"": ""document_scan"", ""verified_by"": ""auto_kyc""}",2026-08-05 06:15:00
103,2,CHECKIN,"{""lat"": 26.142, ""lng"": 91.79, ""location"": ""Dispur Secretariat""}",2026-08-23 07:45:00
103,3,CHECKOUT,"{""location"": ""LGB International Airport"", ""trip_completed"": true}",2026-08-24 20:45:00
104,0,ID_ISSUED,"{""digital_id"": ""STS-384E669CEFFF"", ""document"": ""PWF4387610"", ""name"": ""Utpal Rajkhowa"", ""nationality"": ""Indian"", ""trip_end"": ""2026-09-11T13:45:00""}",2026-08-18 01:45:00
104,1,KYC_VERIFIED,"{""document_type"": ""voterid"", ""method"": ""document_scan"", ""verified_by"": ""auto_kyc""}",2026-08-18 02:18:00
104,2,CHECKIN,"{""lat"": 26.1667, ""lng"": 91.5667, ""location"": ""Sualkuchi Silk Village""}",2026-09-08 09:45:00
105,0,ID_ISSUED,"{""digital_id"": ""STS-6DBE43EA6599"", ""document"": ""XXXX-XXXX-6211"", ""name"": ""Kabir Medhi"", ""nationality"": ""Indian"", ""trip_end"": ""2026-09-09T11:30:00""}",2026-08-17 15:30:00
105,1,KYC_VERIFIED,"{""document_type"": ""aadhaar"", ""method"": ""document_scan"", ""verified_by"": ""auto_kyc""}",2026-08-17 16:02:00
105,2,CHECKIN,"{""lat"": 26.6338, ""lng"": 92.8, ""location"": ""Tezpur""}",2026-08-28 08:30:00
106,0,ID_ISSUED,"{""digital_id"": ""STS-4AED09484814"", ""document"": ""XXXX-XXXX-1907"", ""name"": ""Nikhil Bora"", ""nationality"": ""Indian"", ""trip_end"": ""2026-08-14T17:00:00""}",2026-08-09 05:00:00
106,1,KYC_VERIFIED,"{""document_type"": ""aadhaar"", ""method"": ""document_scan"", ""verified_by"": ""auto_kyc""}",2026-08-09 05:22:00
106,2,CHECKIN,"{""lat"": 26.1856, ""lng"": 91.7455, ""location"": ""Pan Bazaar""}",2026-08-12 09:00:00
106,3,SOS_TRIGGERED,"{""lat"": 26.169722, ""lng"": 91.76153, ""message"": ""Boat is taking on water in the middle of the river.""}",2026-08-13 11:46:52
107,0,ID_ISSUED,"{""digital_id"": ""STS-653653D6D82B"", ""document"": ""XXXX-XXXX-1970"", ""name"": ""Jayanta Kalita"", ""nationality"": ""Indian"", ""trip_end"": ""2026-09-22T07:00:00""}",2026-09-02 12:00:00
107,1,KYC_VERIFIED,"{""document_type"": ""aadhaar"", ""method"": ""document_scan"", ""verified_by"": ""auto_kyc""}",2026-09-02 12:02:00
107,2,CHECKIN,"{""lat"": 27.5861, ""lng"": 91.8594, ""location"": ""Tawang Monastery""}",2026-09-09 05:00:00
108,0,ID_ISSUED,"{""digital_id"": ""STS-F7B2094394A3"", ""document"": ""008440591"", ""name"": ""Amelia Taylor"", ""nationality"": ""British"", ""trip_end"": ""2026-09-21T15:15:00""}",2026-08-28 05:15:00
108,1,KYC_VERIFIED,"{""document_type"": ""passport"", ""method"": ""document_scan"", ""verified_by"": ""auto_kyc""}",2026-08-28 05:25:00
108,2,CHECKIN,"{""lat"": 25.5788, ""lng"": 91.8933, ""location"": ""Shillong""}",2026-09-05 09:15:00
109,0,ID_ISSUED,"{""digital_id"": ""STS-015B3F81C38A"", ""document"": ""XXXX-XXXX-6680"", ""name"": ""Anjali Saikia"", ""nationality"": ""Indian"", ""trip_end"": ""2026-08-16T15:45:00""}",2026-08-03 11:45:00
109,1,KYC_VERIFIED,"{""document_type"": ""aadhaar"", ""method"": ""document_scan"", ""verified_by"": ""auto_kyc""}",2026-08-03 12:21:00
109,2,CHECKIN,"{""lat"": 26.1857, ""lng"": 91.7477, ""location"": ""Nehru Park""}",2026-08-13 07:45:00
109,3,CHECKOUT,"{""location"": ""Guwahati Planetarium"", ""trip_completed"": true}",2026-08-16 15:45:00
110,0,ID_ISSUED,"{""digital_id"": ""STS-C4C2FDCE0E57"", ""document"": ""XXXX-XXXX-5666"", ""name"": ""Mridula Banerjee"", ""nationality"": ""Indian"", ""trip_end"": ""2026-09-02T00:45:00""}",2026-08-09 01:45:00
110,1,KYC_VERIFIED,"{""document_type"": ""aadhaar"", ""method"": ""document_scan"", ""verified_by"": ""auto_kyc""}",2026-08-09 02:01:00
110,2,CHECKIN,"{""lat"": 26.142, ""lng"": 91.79, ""location"": ""Dispur Secretariat""}",2026-08-30 11:45:00
110,3,CHECKOUT,"{""location"": ""En route to Hotel Dynasty, Lakhtokia (stay 1)"", ""trip_completed"": true}",2026-09-02 00:45:00
111,0,ID_ISSUED,"{""digital_id"": ""STS-B9D33718E0D5"", ""document"": ""XXXX-XXXX-8665"", ""name"": ""Bhaskar Banerjee"", ""nationality"": ""Indian"", ""trip_end"": ""2026-08-12T13:15:00""}",2026-07-25 13:15:00
111,1,KYC_VERIFIED,"{""document_type"": ""aadhaar"", ""method"": ""document_scan"", ""verified_by"": ""auto_kyc""}",2026-07-25 13:48:00
111,2,CHECKIN,"{""lat"": 26.1836, ""lng"": 91.7434, ""location"": ""Fancy Bazaar""}",2026-08-10 05:15:00
111,3,CHECKOUT,"{""location"": ""En route to Gandhi Mandap, Sarania Hill"", ""trip_completed"": true}",2026-08-12 13:15:00
112,0,ID_ISSUED,"{""digital_id"": ""STS-37008B312774"", ""document"": ""BX8636649"", ""name"": ""Mahmuda Sarkar"", ""nationality"": ""Bangladeshi"", ""trip_end"": ""2026-08-02T16:45:00""}",2026-07-19 16:45:00
112,1,KYC_VERIFIED,"{""document_type"": ""passport"", ""method"": ""document_scan"", ""verified_by"": ""auto_kyc""}",2026-07-19 16:53:00
112,2,CHECKIN,"{""lat"": 25.5788, ""lng"": 91.8933, ""location"": ""Shillong""}",2026-07-26 10:45:00
112,3,CHECKOUT,"{""location"": ""Dawki / Umngot River"", ""trip_completed"": true}",2026-08-02 16:45:00
113,0,ID_ISSUED,"{""digital_id"": ""STS-C2D918E038AC"", ""document"": ""XXXX-XXXX-6020"", ""name"": ""Utpal Singh"", ""nationality"": ""Indian"", ""trip_end"": ""2026-09-11T19:15:00""}",2026-08-20 03:15:00
113,1,KYC_VERIFIED,"{""document_type"": ""aadhaar"", ""method"": ""document_scan"", ""verified_by"": ""auto_kyc""}",2026-08-20 03:20:00
113,2,CHECKIN,"{""lat"": 25.5788, ""lng"": 91.8933, ""location"": ""Shillong""}",2026-09-04 07:15:00
114,0,ID_ISSUED,"{""digital_id"": ""STS-18873FCF1C44"", ""document"": ""VEXJW5691E"", ""name"": ""Pranjal Barua"", ""nationality"": ""Indian"", ""trip_end"": ""2026-07-28T10:00:00""}",2026-07-05 07:00:00
114,1,KYC_VERIFIED,"{""document_type"": ""pan"", ""method"": ""document_scan"", ""verified_by"": ""auto_kyc""}",2026-07-05 07:25:00
114,2,CHECKIN,"{""lat"": 26.09, ""lng"": 91.59, ""location"": ""Accoland Water Park""}",2026-07-24 07:00:00
114,3,CHECKOUT,"{""location"": ""En route to Vivanta Guwahati (stay 1)"", ""trip_completed"": true}",2026-07-28 10:00:00
115,0,ID_ISSUED,"{""digital_id"": ""STS-3EE8EF5595EC"", ""document"": ""XXXX-XXXX-6384"", ""name"": ""Mridula Reddy"", ""nationality"": ""Indian"", ""trip_end"": ""2026-08-18T19:15:00""}",2026-08-03 16:15:00
115,1,KYC_VERIFIED,"{""document_type"": ""aadhaar"", ""method"": ""document_scan"", ""verified_by"": ""auto_kyc""}",2026-08-03 16:38:00
115,2,CHECKIN,"{""lat"": 26.1664, ""lng"": 91.7055, ""location"": ""Kamakhya Temple""}",2026-08-15 06:15:00
115,3,CHECKOUT,"{""location"": ""En route to Kamakhya Temple"", ""trip_completed"": true}",2026-08-18 19:15:00
116,0,ID_ISSUED,"{""digital_id"": ""STS-DE61854FD94B"", ""document"": ""Z4450681"", ""name"": ""Bornali Iyer"", ""nationality"": ""Indian"", ""trip_end"": ""2026-08-08T20:15:00""}",2026-07-24 21:15:00
116,1,KYC_VERIFIED,"{""document_type"": ""passport"", ""method"": ""document_scan"", ""verified_by"": ""auto_kyc""}",2026-07-24 21:20:00
116,2,CHECKIN,"{""lat"": 26.178, ""lng"": 91.786, ""location"": ""Assam State Zoo & Botanical Garden""}",2026-08-05 07:15:00
116,3,CHECKOUT,"{""location"": ""En route to Deepor Beel Wildlife Sanctuary"", ""trip_completed"": true}",2026-08-08 20:15:00
117,0,ID_ISSUED,"{""digital_id"": ""STS-4A379E65F430"", ""document"": ""XXXX-XXXX-6687"", ""name"": ""Vikram Dutta"", ""nationality"": ""Indian"", ""trip_end"": ""2026-08-21T14:45:00""}",2026-07-26 10:45:00
117,1,KYC_VERIFIED,"{""document_type"": ""aadhaar"", ""method"": ""document_scan"", ""verified_by"": ""auto_kyc""}",2026-07-26 10:55:00
117,2,CHECKIN,"{""lat"": 26.6338, ""lng"": 92.8, ""location"": ""Tezpur""}",2026-08-14 06:45:00
117,3,CHECKOUT,"{""location"": ""Ziro Valley"", ""trip_completed"": true}",2026-08-21 14:45:00
118,0,ID_ISSUED,"{""digital_id"": ""STS-5BDC52A66AC7"", ""document"": ""PCB7245464"", ""name"": ""Chandana Gogoi"", ""nationality"": ""Indian"", ""trip_end"": ""2026-08-24T21:15:00""}",2026-08-11 09:15:00
118,1,KYC_VERIFIED,"{""document_type"": ""voterid"", ""method"": ""document_scan"", ""verified_by"": ""auto_kyc""}",2026-08-11 09:25:00
118,2,CHECKIN,"{""lat"": 26.2333, ""lng"": 92.0833, ""location"": ""Pobitora Wildlife Sanctuary""}",2026-08-22 09:15:00
118,3,CHECKOUT,"{""location"": ""En route to Deepor Beel Wildlife Sanctuary"", ""trip_completed"": true}",2026-08-24 21:15:00
119,0,ID_ISSUED,"{""digital_id"": ""STS-D36A823CA479"", ""document"": ""WZJQE9880B"", ""name"": ""Ishita Gogoi"", ""nationality"": ""Indian"", ""trip_end"": ""2026-08-27T17:30:00""}",2026-07-25 10:30:00
119,1,KYC_VERIFIED,"{""document_type"": ""pan"", ""method"": ""document_scan"", ""verified_by"": ""auto_kyc""}",2026-07-25 11:03:00
119,2,CHECKIN,"{""lat"": 26.6338, ""lng"": 92.8, ""location"": ""Tezpur""}",2026-08-15 06:30:00
119,3,SOS_TRIGGERED,"{""lat"": 27.586357, ""lng"": 91.858461, ""message"": ""Help! I am being followed by two men on a motorcycle.""}",2026-08-23 15:07:50
120,0,ID_ISSUED,"{""digital_id"": ""STS-C5E67EFEF418"", ""document"": ""699939200"", ""name"": ""Sarah Smith"", ""nationality"": ""American"", ""trip_end"": ""2026-09-07T11:30:00""}",2026-08-26 19:30:00
120,1,KYC_VERIFIED,"{""document_type"": ""passport"", ""method"": ""document_scan"", ""verified_by"": ""auto_kyc""}",2026-08-26 20:13:00
120,2,CHECKIN,"{""lat"": 26.1749, ""lng"": 91.7789, ""location"": ""Navagraha Temple""}",2026-09-04 06:30:00
121,0,ID_ISSUED,"{""digital_id"": ""STS-A96920D2BAF7"", ""document"": ""XXXX-XXXX-7896"", ""name"": ""Nikhil Bora"", ""nationality"": ""Indian"", ""trip_end"": ""2026-08-11T16:15:00""}",2026-07-31 02:15:00
121,1,KYC_VERIFIED,"{""document_type"": ""aadhaar"", ""method"": ""document_scan"", ""verified_by"": ""auto_kyc""}",2026-07-31 02:43:00
121,2,CHECKIN,"{""lat"": 26.1824, ""lng"": 91.7513, ""location"": ""Guwahati Railway Station""}",2026-08-06 10:15:00
121,3,CHECKOUT,"{""location"": ""En route to Hotel Rajmahal (stay 2)"", ""trip_completed"": true}",2026-08-11 16:15:00
122,0,ID_ISSUED,"{""digital_id"": ""STS-81BD3EDC794B"", ""document"": ""ZQG6242360"", ""name"": ""Rituparna Iyer"", ""nationality"": ""Indian"", ""trip_end"": ""2026-09-04T20:45:00""}",2026-08-17 02:45:00
122,1,KYC_VERIFIED,"{""document_type"": ""voterid"", ""method"": ""document_scan"", ""verified_by"": ""auto_kyc""}",2026-08-17 03:07:00
122,2,CHECKIN,"{""lat"": 26.1964, ""lng"": 91.7453, ""location"": ""Umananda Island""}",2026-08-29 11:45:00
122,3,CHECKOUT,"{""location"": ""En route to Umananda Island"", ""trip_completed"": true}",2026-09-04 20:45:00
123,0,ID_ISSUED,"{""digital_id"": ""STS-F4758131B4D3"", ""document"": ""XXXX-XXXX-5276"", ""name"": ""Junmoni Kumar"", ""nationality"": ""Indian"", ""trip_end"": ""2026-08-29T14:00:00""}",2026-08-16 17:00:00
123,1,KYC_VERIFIED,"{""document_type"": ""aadhaar"", ""method"": ""document_scan"", ""verified_by"": ""auto_kyc""}",2026-08-16 17:14:00
123,2,CHECKIN,"{""lat"": 26.1132, ""lng"": 91.797, ""location"": ""Basistha Temple""}",2026-08-26 06:00:00
123,3,MARKED_MISSING,"{""last_lat"": 26.364475, ""last_lng"": 91.632955}",2026-08-29 16:30:58
123,4,EFIR_FILED,"{""fir_number"": ""EFIR/2026/00123""}",2026-08-29 16:30:58
124,0,ID_ISSUED,"{""digital_id"": ""STS-E4ABC7854634"", ""document"": ""992502030"", ""name"": ""Sophie Green"", ""nationality"": ""British"", ""trip_end"": ""2026-07-29T18:15:00""}",2026-07-05 16:15:00
124,1,KYC_VERIFIED,"{""document_type"": ""passport"", ""method"": ""document_scan"", ""verified_by"": ""auto_kyc""}",2026-07-05 16:34:00
124,2,CHECKIN,"{""lat"": 25.657, ""lng"": 91.889, ""location"": ""Umiam Lake""}",2026-07-23 08:15:00
124,3,CHECKOUT,"{""location"": ""Nohkalikai Falls"", ""trip_completed"": true}",2026-07-29 18:15:00
125,0,ID_ISSUED,"{""digital_id"": ""STS-7420890EFCE1"", ""document"": ""DBV8428100"", ""name"": ""Meera Bhattacharya"", ""nationality"": ""Indian"", ""trip_end"": ""2026-08-12T17:30:00""}",2026-07-25 14:30:00
125,1,KYC_VERIFIED,"{""document_type"": ""voterid"", ""method"": ""document_scan"", ""verified_by"": ""auto_kyc""}",2026-07-25 15:14:00
125,2,CHECKIN,"{""lat"": 26.175, ""lng"": 91.758, ""location"": ""Gandhi Mandap, Sarania Hill""}",2026-08-09 07:30:00
125,3,CHECKOUT,"{""location"": ""En route to Hotel Dynasty, Lakhtokia (stay 1)"", ""trip_completed"": true}",2026-08-12 17:30:00
126,0,ID_ISSUED,"{""digital_id"": ""STS-FAD4B03E7D43"", ""document"": ""MFY8056815"", ""name"": ""Nabanita Barua"", ""nationality"": ""Indian"", ""trip_end"": ""2026-08-25T18:15:00""}",2026-07-30 21:15:00
126,1,KYC_VERIFIED,"{""document_type"": ""voterid"", ""method"": ""document_scan"", ""verified_by"": ""auto_kyc""}",2026-07-30 21:40:00
126,2,CHECKIN,"{""lat"": 26.1964, ""lng"": 91.7453, ""location"": ""Umananda Island""}",2026-08-20 07:15:00
126,3,CHECKOUT,"{""location"": ""En route to Umananda Island"", ""trip_completed"": true}",2026-08-25 18:15:00
127,0,ID_ISSUED,"{""digital_id"": ""STS-F4935CBBA665"", ""document"": ""GLM6437873"", ""name"": ""Ananya Dutta"", ""nationality"": ""Indian"", ""trip_end"": ""2026-08-31T17:30:00""}",2026-08-13 06:30:00
127,1,KYC_VERIFIED,"{""document_type"": ""voterid"", ""method"": ""document_scan"", ""verified_by"": ""auto_kyc""}",2026-08-13 06:38:00
127,2,CHECKIN,"{""lat"": 26.1964, ""lng"": 91.7453, ""location"": ""Umananda Island""}",2026-08-27 11:30:00
127,3,CHECKOUT,"{""location"": ""En route to Umananda Island"", ""trip_completed"": true}",2026-08-31 17:30:00
128,0,ID_ISSUED,"{""digital_id"": ""STS-CF6060A9A462"", ""document"": ""075092494"", ""name"": ""Louis Moreau"", ""nationality"": ""French"", ""trip_end"": ""2026-08-31T00:45:00""}",2026-08-14 07:45:00
128,1,KYC_VERIFIED,"{""document_type"": ""passport"", ""method"": ""document_scan"", ""verified_by"": ""auto_kyc""}",2026-08-14 08:26:00
128,2,CHECKIN,"{""lat"": 26.1664, ""lng"": 91.7055, ""location"": ""Kamakhya Temple""}",2026-08-26 10:45:00
128,3,CHECKOUT,"{""location"": ""En route to Kamakhya Temple"", ""trip_completed"": true}",2026-08-31 00:45:00
129,0,ID_ISSUED,"{""digital_id"": ""STS-37AA62401C3B"", ""document"": ""XXXX-XXXX-5185"", ""name"": ""Rahul Das"", ""nationality"": ""Indian"", ""trip_end"": ""2026-09-19T21:30:00""}",2026-09-01 17:30:00
129,1,KYC_VERIFIED,"{""document_type"": ""aadhaar"", ""method"": ""document_scan"", ""verified_by"": ""auto_kyc""}",2026-09-01 18:01:00
129,2,CHECKIN,"{""lat"": 27.5861, ""lng"": 91.8594, ""location"": ""Tawang Monastery""}",2026-09-06 10:30:00
130,0,ID_ISSUED,"{""digital_id"": ""STS-091B4D63F175"", ""document"": ""XXXX-XXXX-8569"", ""name"": ""Aarav Choudhury"", ""nationality"": ""Indian"", ""trip_end"": ""2026-08-06T01:00:00""}",2026-07-22 09:00:00
130,1,KYC_VERIFIED,"{""document_type"": ""aadhaar"", ""method"": ""document_scan"", ""verified_by"": ""auto_kyc""}",2026-07-22 09:39:00
130,2,CHECKIN,"{""lat"": 26.135, ""lng"": 91.805, ""location"": ""Six Mile""}",2026-08-02 11:00:00
130,3,CHECKOUT,"{""location"": ""En route to Six Mile"", ""trip_completed"": true}",2026-08-06 01:00:00
131,0,ID_ISSUED,"{""digital_id"": ""STS-615E38C5D5AD"", ""document"": ""XXXX-XXXX-9025"", ""name"": ""Bornali Choudhury"", ""nationality"": ""Indian"", ""trip_end"": ""2026-08-13T00:45:00""}",2026-08-06 17:45:00
131,1,KYC_VERIFIED,"{""document_type"": ""aadhaar"", ""method"": ""document_scan"", ""verified_by"": ""auto_kyc""}",2026-08-06 18:19:00
131,2,CHECKIN,"{""lat"": 26.12, ""lng"": 91.65, ""location"": ""Deepor Beel Wildlife Sanctuary""}",2026-08-08 11:45:00
131,3,CHECKOUT,"{""location"": ""En route to Deepor Beel Wildlife Sanctuary"", ""trip_completed"": true}",2026-08-13 00:45:00
132,0,ID_ISSUED,"{""digital_id"": ""STS-64A346D269EA"", ""document"": ""ZEE3550929"", ""name"": ""Bhaskar Bhattacharya"", ""nationality"": ""Indian"", ""trip_end"": ""2026-08-17T09:45:00""}",2026-07-29 00:45:00
132,1,KYC_VERIFIED,"{""document_type"": ""voterid"", ""method"": ""document_scan"", ""verified_by"": ""auto_kyc""}",2026-07-29 01:04:00
132,2,CHECKIN,"{""lat"": 26.1824, ""lng"": 91.7513, ""location"": ""Guwahati Railway Station""}",2026-08-16 05:45:00
132,3,CHECKOUT,"{""location"": ""En route to Radisson Blu Guwahati (stay 1)"", ""trip_completed"": true}",2026-08-17 09:45:00
133,0,ID_ISSUED,"{""digital_id"": ""STS-B94BF79FC9B8"", ""document"": ""HJ438233"", ""name"": ""Ava Cote"", ""nationality"": ""Canadian"", ""trip_end"": ""2026-08-27T10:30:00""}",2026-08-08 14:30:00
133,1,KYC_VERIFIED,"{""document_type"": ""passport"", ""method"": ""document_scan"", ""verified_by"": ""auto_kyc""}",2026-08-08 14:46:00
133,2,CHECKIN,"{""lat"": 26.12, ""lng"": 91.65, ""location"": ""Deepor Beel Wildlife Sanctuary""}",2026-08-24 05:30:00
133,3,CHECKOUT,"{""location"": ""En route to Hotel Rajmahal (stay 1)"", ""trip_completed"": true}",2026-08-27 10:30:00
134,0,ID_ISSUED,"{""digital_id"": ""STS-A0164C654199"", ""document"": ""A17210376"", ""name"": ""Mei Ling Rahman"", ""nationality"": ""Malaysian"", ""trip_end"": ""2026-08-28T19:45:00""}",2026-08-23 18:45:00
134,1,KYC_VERIFIED,"{""document_type"": ""passport"", ""method"": ""document_scan"", ""verified_by"": ""auto_kyc""}",2026-08-23 18:51:00
134,2,CHECKIN,"{""lat"": 26.25, ""lng"": 91.5167, ""location"": ""Hajo Pilgrimage Town""}",2026-08-25 05:45:00
134,3,CHECKOUT,"{""location"": ""En route to Kamakhya Temple"", ""trip_completed"": true}",2026-08-28 19:45:00
135,0,ID_ISSUED,"{""digital_id"": ""STS-EA44ECDD2E31"", ""document"": ""XXXX-XXXX-6352"", ""name"": ""Divya Reddy"", ""nationality"": ""Indian"", ""trip_end"": ""2026-09-10T10:00:00""}",2026-08-30 09:00:00
135,1,KYC_VERIFIED,"{""document_type"": ""aadhaar"", ""method"": ""document_scan"", ""verified_by"": ""auto_kyc""}",2026-08-30 09:40:00
135,2,CHECKIN,"{""lat"": 26.95, ""lng"": 94.17, ""location"": ""Majuli River Island""}",2026-09-01 07:00:00
135,3,MARKED_MISSING,"{""last_lat"": 26.920943, ""last_lng"": 92.881988}",2026-09-06 00:29:50
135,4,EFIR_FILED,"{""fir_number"": ""EFIR/2026/00135""}",2026-09-06 00:29:50
136,0,ID_ISSUED,"{""digital_id"": ""STS-4ECD1EF9E52D"", ""document"": ""BX9541916"", ""name"": ""Ayesha Rahman"", ""nationality"": ""Bangladeshi"", ""trip_end"": ""2026-08-25T23:00:00""}",2026-08-03 13:00:00
136,1,KYC_VERIFIED,"{""document_type"": ""passport"", ""method"": ""document_scan"", ""verified_by"": ""auto_kyc""}",2026-08-03 13:06:00
136,2,CHECKIN,"{""lat"": 26.147, ""lng"": 91.79, ""location"": ""Ganeshguri Junction""}",2026-08-22 09:00:00
136,3,CHECKOUT,"{""location"": ""En route to Wild Mahseer, Balipara (stay 1)"", ""trip_completed"": true}",2026-08-25 23:00:00
137,0,ID_ISSUED,"{""digital_id"": ""STS-B10E13BA2A5E"", ""document"": ""Z8562692"", ""name"": ""Aditya Banerjee"", ""nationality"": ""Indian"", ""trip_end"": ""2026-08-10T18:15:00""}",2026-07-14 17:15:00
137,1,KYC_VERIFIED,"{""document_type"": ""passport"", ""method"": ""document_scan"", ""verified_by"": ""auto_kyc""}",2026-07-14 17:20:00
137,2,CHECKIN,"{""lat"": 26.6338, ""lng"": 92.8, ""location"": ""Tezpur""}",2026-07-29 06:15:00
137,3,CHECKOUT,"{""location"": ""Sivasagar"", ""trip_completed"": true}",2026-08-10 18:15:00
138,0,ID_ISSUED,"{""digital_id"": ""STS-8053AD601105"", ""document"": ""Z8090023"", ""name"": ""Jayanta Patel"", ""nationality"": ""Indian"", ""trip_end"": ""2026-09-05T20:45:00""}",2026-08-17 06:45:00
138,1,KYC_VERIFIED,"{""document_type"": ""passport"", ""method"": ""document_scan"", ""verified_by"": ""auto_kyc""}",2026-08-17 06:54:00
138,2,CHECKIN,"{""lat"": 26.1061, ""lng"": 91.5859, ""location"": ""LGB International Airport""}",2026-08-27 09:45:00
138,3,SOS_TRIGGERED,"{""lat"": 26.921543, ""lng"": 92.877692, ""message"": ""Boat is taking on water in the middle of the river.""}",2026-09-02 11:27:41
139,0,ID_ISSUED,"{""digital_id"": ""STS-2B0923755209"", ""document"": ""XXXX-XXXX-9415"", ""name"": ""Aarav Bora"", ""nationality"": ""Indian"", ""trip_end"": ""2026-08-05T19:30:00""}",2026-07-15 02:30:00
139,1,KYC_VERIFIED,"{""document_type"": ""aadhaar"", ""method"": ""document_scan"", ""verified_by"": ""auto_kyc""}",2026-07-15 02:38:00
139,2,CHECKIN,"{""lat"": 25.5788, ""lng"": 91.8933, ""location"": ""Shillong""}",2026-07-26 07:30:00
139,3,CHECKOUT,"{""location"": ""En route to Cherrapunji (Sohra)"", ""trip_completed"": true}",2026-08-05 19:30:00
140,0,ID_ISSUED,"{""digital_id"": ""STS-3E568BB0A6BE"", ""document"": ""XXXX-XXXX-7168"", ""name"": ""Junmoni Bora"", ""nationality"": ""Indian"", ""trip_end"": ""2026-09-10T21:00:00""}",2026-08-12 11:00:00
140,1,KYC_VERIFIED,"{""document_type"": ""aadhaar"", ""method"": ""document_scan"", ""verified_by"": ""auto_kyc""}",2026-08-12 11:27:00
140,2,CHECKIN,"{""lat"": 24.817, ""lng"": 93.9368, ""location"": ""Imphal""}",2026-08-26 10:00:00
141,0,ID_ISSUED,"{""digital_id"": ""STS-86EADD51F13D"", ""document"": ""XXXX-XXXX-7521"", ""name"": ""Aditya Patel"", ""nationality"": ""Indian"", ""trip_end"": ""2026-08-29T11:45:00""}",2026-08-08 02:45:00
141,1,KYC_VERIFIED,"{""document_type"": ""aadhaar"", ""method"": ""document_scan"", ""verified_by"": ""auto_kyc""}",2026-08-08 03:23:00
141,2,CHECKIN,"{""lat"": 26.1857, ""lng"": 91.7477, ""location"": ""Nehru Park""}",2026-08-24 05:45:00
141,3,CHECKOUT,"{""location"": ""En route to Dolma Homestay, Tawang (stay 1)"", ""trip_completed"": true}",2026-08-29 11:45:00
142,0,ID_ISSUED,"{""digital_id"": ""STS-C39DB09F2720"", ""document"": ""XXXX-XXXX-8640"", ""name"": ""Aarav Medhi"", ""nationality"": ""Indian"", ""trip_end"": ""2026-08-20T20:15:00""}",2026-08-13 14:15:00
142,1,KYC_VERIFIED,"{""document_type"": ""aadhaar"", ""method"": ""document_scan"", ""verified_by"": ""auto_kyc""}",2026-08-13 14:49:00
142,2,CHECKIN,"{""lat"": 26.09, ""lng"": 91.59, ""location"": ""Accoland Water Park""}",2026-08-18 08:15:00
142,3,CHECKOUT,"{""location"": ""Chandubi Lake"", ""trip_completed"": true}",2026-08-20 20:15:00
143,0,ID_ISSUED,"{""digital_id"": ""STS-8129BA3436A2"", ""document"": ""YA5738536"", ""name"": ""Marco Russo"", ""nationality"": ""Italian"", ""trip_end"": ""2026-08-30T13:45:00""}",2026-08-18 23:45:00
143,1,KYC_VERIFIED,"{""document_type"": ""passport"", ""method"": ""document_scan"", ""verified_by"": ""auto_kyc""}",2026-08-19 00:06:00
143,2,CHECKIN,"{""lat"": 26.1964, ""lng"": 91.7453, ""location"": ""Umananda Island""}",2026-08-27 10:45:00
143,3,CHECKOUT,"{""location"": ""Guwahati Planetarium"", ""trip_completed"": true}",2026-08-30 13:45:00
144,0,ID_ISSUED,"{""digital_id"": ""STS-71A7384EC46A"", ""document"": ""NBV3005564"", ""name"": ""Kavya Singh"", ""nationality"": ""Indian"", ""trip_end"": ""2026-08-30T13:00:00""}",2026-08-12 21:00:00
144,1,KYC_VERIFIED,"{""document_type"": ""voterid"", ""method"": ""document_scan"", ""verified_by"": ""auto_kyc""}",2026-08-12 21:03:00
144,2,CHECKIN,"{""lat"": 25.2912, ""lng"": 91.6783, ""location"": ""Cherrapunji (Sohra)""}",2026-08-24 10:00:00
144,3,CHECKOUT,"{""location"": ""En route to Hotel Rajmahal (stay 1)"", ""trip_completed"": true}",2026-08-30 13:00:00
145,0,ID_ISSUED,"{""digital_id"": ""STS-9B9CFF72AC4B"", ""document"": ""XXXX-XXXX-3138"", ""name"": ""Mridula Patel"", ""nationality"": ""Indian"", ""trip_end"": ""2026-07-30T11:15:00""}",2026-07-04 12:15:00
145,1,KYC_VERIFIED,"{""document_type"": ""aadhaar"", ""method"": ""document_scan"", ""verified_by"": ""auto_kyc""}",2026-07-04 12:44:00
145,2,CHECKIN,"{""lat"": 26.1861, ""lng"": 91.7503, ""location"": ""Dighalipukhuri""}",2026-07-25 07:15:00
145,3,CHECKOUT,"{""location"": ""Gandhi Mandap, Sarania Hill"", ""trip_completed"": true}",2026-07-30 11:15:00
146,0,ID_ISSUED,"{""digital_id"": ""STS-33885A7A0796"", ""document"": ""XXXX-XXXX-3995"", ""name"": ""Siddharth Baishya"", ""nationality"": ""Indian"", ""trip_end"": ""2026-07-30T22:15:00""}",2026-07-25 14:15:00
146,1,KYC_VERIFIED,"{""document_type"": ""aadhaar"", ""method"": ""document_scan"", ""verified_by"": ""auto_kyc""}",2026-07-25 14:52:00
146,2,CHECKIN,"{""lat"": 26.1905, ""lng"": 91.748, ""location"": ""Brahmaputra Riverfront""}",2026-07-26 11:15:00
146,3,CHECKOUT,"{""location"": ""Guwahati Planetarium"", ""trip_completed"": true}",2026-07-30 22:15:00
147,0,ID_ISSUED,"{""digital_id"": ""STS-902E76E01713"", ""document"": ""264040438"", ""name"": ""Charlotte Baker"", ""nationality"": ""British"", ""trip_end"": ""2026-09-21T11:30:00""}",2026-08-25 08:30:00
147,1,KYC_VERIFIED,"{""document_type"": ""passport"", ""method"": ""document_scan"", ""verified_by"": ""auto_kyc""}",2026-08-25 09:11:00
147,2,CHECKIN,"{""lat"": 26.5775, ""lng"": 93.1711, ""location"": ""Kaziranga National Park""}",2026-09-09 07:30:00
148,0,ID_ISSUED,"{""digital_id"": ""STS-A84E539E1D4B"", ""document"": ""XXXX-XXXX-8457"", ""name"": ""Utpal Sen"", ""nationality"": ""Indian"", ""trip_end"": ""2026-09-09T21:00:00""}",2026-08-27 00:00:00
148,1,KYC_VERIFIED,"{""document_type"": ""aadhaar"", ""method"": ""document_scan"", ""verified_by"": ""auto_kyc""}",2026-08-27 00:10:00
148,2,CHECKIN,"{""lat"": 26.2333, ""lng"": 92.0833, ""location"": ""Pobitora Wildlife Sanctuary""}",2026-09-05 07:00:00
149,0,ID_ISSUED,"{""digital_id"": ""STS-B419E926CEEC"", ""document"": ""YA1693043"", ""name"": ""Sofia Romano"", ""nationality"": ""Italian"", ""trip_end"": ""2026-09-04T15:00:00""}",2026-08-16 14:00:00
149,1,KYC_VERIFIED,"{""document_type"": ""passport"", ""method"": ""document_scan"", ""verified_by"": ""auto_kyc""}",2026-08-16 14:32:00
149,2,CHECKIN,"{""lat"": 26.1817, ""lng"": 91.7503, ""location"": ""Paltan Bazaar""}",2026-09-01 10:00:00
149,3,CHECKOUT,"{""location"": ""En route to Novotel Guwahati GS Road (stay 1)"", ""trip_completed"": true}",2026-09-04 15:00:00
150,0,ID_ISSUED,"{""digital_id"": ""STS-00E292072F9D"", ""document"": ""XXXX-XXXX-9737"", ""name"": ""Manish Nair"", ""nationality"": ""Indian"", ""trip_end"": ""2026-09-23T09:30:00""}",2026-08-30 18:30:00
150,1,KYC_VERIFIED,"{""document_type"": ""aadhaar"", ""method"": ""document_scan"", ""verified_by"": ""auto_kyc""}",2026-08-30 19:07:00
150,2,CHECKIN,"{""lat"": 23.8315, ""lng"": 91.2868, ""location"": ""Agartala""}",2026-09-08 05:30:00
151,0,ID_ISSUED,"{""digital_id"": ""STS-69DF3294ADD5"", ""document"": ""BX8174025"", ""name"": ""Sabina Rahman"", ""nationality"": ""Bangladeshi"", ""trip_end"": ""2026-09-10T11:15:00""}",2026-08-22 13:15:00
151,1,KYC_VERIFIED,"{""document_type"": ""passport"", ""method"": ""document_scan"", ""verified_by"": ""auto_kyc""}",2026-08-22 13:41:00
151,2,CHECKIN,"{""lat"": 26.1132, ""lng"": 91.797, ""location"": ""Basistha Temple""}",2026-09-07 06:15:00
152,0,ID_ISSUED,"{""digital_id"": ""STS-C036671F6853"", ""document"": ""XXXX-XXXX-3856"", ""name"": ""Kavya Gogoi"", ""nationality"": ""Indian"", ""trip_end"": ""2026-08-09T20:00:00""}",2026-07-25 18:00:00
152,1,KYC_VERIFIED,"{""document_type"": ""aadhaar"", ""method"": ""document_scan"", ""verified_by"": ""auto_kyc""}",2026-07-25 18:04:00
152,2,CHECKIN,"{""lat"": 27.5861, ""lng"": 91.8594, ""location"": ""Tawang Monastery""}",2026-07-28 08:00:00
152,3,CHECKOUT,"{""location"": ""Ziro Valley"", ""trip_completed"": true}",2026-08-09 20:00:00
153,0,ID_ISSUED,"{""digital_id"": ""STS-236FE8DFC6EC"", ""document"": ""XD436061"", ""name"": ""Elena Gomez"", ""nationality"": ""Spanish"", ""trip_end"": ""2026-09-01T21:00:00""}",2026-08-13 03:00:00
153,1,KYC_VERIFIED,"{""document_type"": ""passport"", ""method"": ""document_scan"", ""verified_by"": ""auto_kyc""}",2026-08-13 03:03:00
153,2,CHECKIN,"{""lat"": 26.1836, ""lng"": 91.7434, ""location"": ""Fancy Bazaar""}",2026-08-30 10:00:00
153,3,CHECKOUT,"{""location"": ""Guwahati Planetarium"", ""trip_completed"": true}",2026-09-01 21:00:00
154,0,ID_ISSUED,"{""digital_id"": ""STS-6E6DBB3F9D3E"", ""document"": ""XXXX-XXXX-7119"", ""name"": ""Rahul Bora"", ""nationality"": ""Indian"", ""trip_end"": ""2026-08-29T18:30:00""}",2026-08-06 10:30:00
154,1,KYC_VERIFIED,"{""document_type"": ""aadhaar"", ""method"": ""document_scan"", ""verified_by"": ""auto_kyc""}",2026-08-06 10:34:00
154,2,CHECKIN,"{""lat"": 25.276, ""lng"": 91.6857, ""location"": ""Nohkalikai Falls""}",2026-08-22 11:30:00
154,3,CHECKOUT,"{""location"": ""En route to Living Root Bridge, Nongriat"", ""trip_completed"": true}",2026-08-29 18:30:00
155,0,ID_ISSUED,"{""digital_id"": ""STS-D80BC7F32599"", ""document"": ""XXXX-XXXX-2795"", ""name"": ""Nikhil Sharma"", ""nationality"": ""Indian"", ""trip_end"": ""2026-08-23T13:15:00""}",2026-08-02 03:15:00
155,1,KYC_VERIFIED,"{""document_type"": ""aadhaar"", ""method"": ""document_scan"", ""verified_by"": ""auto_kyc""}",2026-08-02 03:30:00
155,2,CHECKIN,"{""lat"": 23.8315, ""lng"": 91.2868, ""location"": ""Agartala""}",2026-08-09 06:15:00
155,3,CHECKOUT,"{""location"": ""Gangtok"", ""trip_completed"": true}",2026-08-23 13:15:00
156,0,ID_ISSUED,"{""digital_id"": ""STS-51EB6203CD62"", ""document"": ""XXXX-XXXX-9155"", ""name"": ""Rituparna Kumar"", ""nationality"": ""Indian"", ""trip_end"": ""2026-08-28T15:45:00""}",2026-08-14 09:45:00
156,1,KYC_VERIFIED,"{""document_type"": ""aadhaar"", ""method"": ""document_scan"", ""verified_by"": ""auto_kyc""}",2026-08-14 10:04:00
156,2,CHECKIN,"{""lat"": 27.5448, ""lng"": 93.832, ""location"": ""Ziro Valley""}",2026-08-15 10:45:00
156,3,CHECKOUT,"{""location"": ""Guwahati Railway Station"", ""trip_completed"": true}",2026-08-28 15:45:00
157,0,ID_ISSUED,"{""digital_id"": ""STS-66961063B461"", ""document"": ""XXXX-XXXX-6009"", ""name"": ""Pranjal Banerjee"", ""nationality"": ""Indian"", ""trip_end"": ""2026-08-25T12:45:00""}",2026-08-13 16:45:00
157,1,KYC_VERIFIED,"{""document_type"": ""aadhaar"", ""method"": ""document_scan"", ""verified_by"": ""auto_kyc""}",2026-08-13 17:19:00
157,2,CHECKIN,"{""lat"": 26.1836, ""lng"": 91.7434, ""location"": ""Fancy Bazaar""}",2026-08-21 05:45:00
157,3,CHECKOUT,"{""location"": ""En route to Fancy Bazaar"", ""trip_completed"": true}",2026-08-25 12:45:00
158,0,ID_ISSUED,"{""digital_id"": ""STS-30BFC839D0F6"", ""document"": ""XXXX-XXXX-3659"", ""name"": ""Kavya Bhattacharya"", ""nationality"": ""Indian"", ""trip_end"": ""2026-08-08T16:00:00""}",2026-07-29 17:00:00
158,1,KYC_VERIFIED,"{""document_type"": ""aadhaar"", ""method"": ""document_scan"", ""verified_by"": ""auto_kyc""}",2026-07-29 17:37:00
158,2,CHECKIN,"{""lat"": 25.276, ""lng"": 91.6857, ""location"": ""Nohkalikai Falls""}",2026-08-01 11:00:00
158,3,SOS_TRIGGERED,"{""lat"": 25.19298, ""lng"": 91.966115, ""message"": ""Road accident on the highway, I am injured and cannot walk.""}",2026-08-06 03:26:05
159,0,ID_ISSUED,"{""digital_id"": ""STS-FC5BC73026B0"", ""document"": ""396662426"", ""name"": ""Alfie Wright"", ""nationality"": ""British"", ""trip_end"": ""2026-08-29T11:15:00""}",2026-08-05 03:15:00
159,1,KYC_VERIFIED,"{""document_type"": ""passport"", ""method"": ""document_scan"", ""verified_by"": ""auto_kyc""}",2026-08-05 03:24:00
159,2,CHECKIN,"{""lat"": 25.2, ""lng"": 91.9167, ""location"": ""Mawlynnong Village""}",2026-08-19 07:15:00
159,3,CHECKOUT,"{""location"": ""En route to Dolma Homestay, Tawang (stay 1)"", ""trip_completed"": true}",2026-08-29 11:15:00
160,0,ID_ISSUED,"{""digital_id"": ""STS-1A295F0E25A5"", ""document"": ""XXXX-XXXX-4256"", ""name"": ""Kavya Deka"", ""nationality"": ""Indian"", ""trip_end"": ""2026-08-23T16:30:00""}",2026-07-25 10:30:00
160,1,KYC_VERIFIED,"{""document_type"": ""aadhaar"", ""method"": ""document_scan"", ""verified_by"": ""auto_kyc""}",2026-07-25 10:42:00
160,2,CHECKIN,"{""lat"": 26.1824, ""lng"": 91.7513, ""location"": ""Guwahati Railway Station""}",2026-08-13 11:30:00
160,3,CHECKOUT,"{""location"": ""Ziro Valley"", ""trip_completed"": true}",2026-08-23 16:30:00
161,0,ID_ISSUED,"{""digital_id"": ""STS-77872B2237D7"", ""document"": ""N2441226"", ""name"": ""Nuwan Jayasuriya"", ""nationality"": ""Sri Lankan"", ""trip_end"": ""2026-08-01T09:30:00""}",2026-07-16 02:30:00
161,1,KYC_VERIFIED,"{""document_type"": ""passport"", ""method"": ""document_scan"", ""verified_by"": ""auto_kyc""}",2026-07-16 02:57:00
161,2,CHECKIN,"{""lat"": 25.19, ""lng"": 92.02, ""location"": ""Dawki / Umngot River""}",2026-07-27 05:30:00
161,3,CHECKOUT,"{""location"": ""En route to Shillong"", ""trip_completed"": true}",2026-08-01 09:30:00
162,0,ID_ISSUED,"{""digital_id"": ""STS-E70A78A43CF6"", ""document"": ""XXXX-XXXX-9256"", ""name"": ""Bishal Deka"", ""nationality"": ""Indian"", ""trip_end"": ""2026-08-27T09:45:00""}",2026-08-22 13:45:00
162,1,KYC_VERIFIED,"{""document_type"": ""aadhaar"", ""method"": ""document_scan"", ""verified_by"": ""auto_kyc""}",2026-08-22 14:14:00
162,2,CHECKIN,"{""lat"": 25.9333, ""lng"": 91.4333, ""location"": ""Chandubi Lake""}",2026-08-24 06:45:00
162,3,CHECKOUT,"{""location"": ""Pobitora Wildlife Sanctuary"", ""trip_completed"": true}",2026-08-27 09:45:00
163,0,ID_ISSUED,"{""digital_id"": ""STS-DD659F29B6AC"", ""document"": ""BX9559571"", ""name"": ""Rumana Sarkar"", ""nationality"": ""Bangladeshi"", ""trip_end"": ""2026-08-01T22:30:00""}",2026-07-12 13:30:00
163,1,KYC_VERIFIED,"{""document_type"": ""passport"", ""method"": ""document_scan"", ""verified_by"": ""auto_kyc""}",2026-07-12 13:51:00
163,2,CHECKIN,"{""lat"": 26.1856, ""lng"": 91.7625, ""location"": ""Guwahati Planetarium""}",2026-07-28 10:30:00
163,3,CHECKOUT,"{""location"": ""Nehru Park"", ""trip_completed"": true}",2026-08-01 22:30:00
164,0,ID_ISSUED,"{""digital_id"": ""STS-72794C68E0F7"", ""document"": ""Z3444387"", ""name"": ""Bhaskar Ghosh"", ""nationality"": ""Indian"", ""trip_end"": ""2026-08-19T16:30:00""}",2026-08-02 21:30:00
164,1,KYC_VERIFIED,"{""document_type"": ""passport"", ""method"": ""document_scan"", ""verified_by"": ""auto_kyc""}",2026-08-02 21:44:00
164,2,CHECKIN,"{""lat"": 26.1824, ""lng"": 91.7513, ""location"": ""Guwahati Railway Station""}",2026-08-18 05:30:00
164,3,CHECKOUT,"{""location"": ""En route to Guwahati Railway Station"", ""trip_completed"": true}",2026-08-19 16:30:00
165,0,ID_ISSUED,"{""digital_id"": ""STS-B8E7168E9278"", ""document"": ""XXXX-XXXX-2437"", ""name"": ""Anurag Baishya"", ""nationality"": ""Indian"", ""trip_end"": ""2026-08-10T11:30:00""}",2026-07-27 12:30:00
165,1,KYC_VERIFIED,"{""document_type"": ""aadhaar"", ""method"": ""document_scan"", ""verified_by"": ""auto_kyc""}",2026-07-27 12:43:00
165,2,CHECKIN,"{""lat"": 27.5448, ""lng"": 93.832, ""location"": ""Ziro Valley""}",2026-08-01 09:30:00
165,3,CHECKOUT,"{""location"": ""Tawang Monastery"", ""trip_completed"": true}",2026-08-10 11:30:00
166,0,ID_ISSUED,"{""digital_id"": ""STS-01C1B688DBC1"", ""document"": ""XXXX-XXXX-5356"", ""name"": ""Bhaskar Dutta"", ""nationality"": ""Indian"", ""trip_end"": ""2026-08-22T20:30:00""}",2026-07-29 23:30:00
166,1,KYC_VERIFIED,"{""document_type"": ""aadhaar"", ""method"": ""document_scan"", ""verified_by"": ""auto_kyc""}",2026-07-30 00:07:00
166,2,CHECKIN,"{""lat"": 26.19, ""lng"": 91.759, ""location"": ""Uzan Bazar Ghat""}",2026-08-18 09:30:00
166,3,CHECKOUT,"{""location"": ""Fancy Bazaar"", ""trip_completed"": true}",2026-08-22 20:30:00
167,0,ID_ISSUED,"{""digital_id"": ""STS-F75BE10BAE42"", ""document"": ""XXXX-XXXX-5662"", ""name"": ""Anurag Patel"", ""nationality"": ""Indian"", ""trip_end"": ""2026-08-17T12:00:00""}",2026-07-28 19:00:00
167,1,KYC_VERIFIED,"{""document_type"": ""aadhaar"", ""method"": ""document_scan"", ""verified_by"": ""auto_kyc""}",2026-07-28 19:04:00
167,2,CHECKIN,"{""lat"": 26.1664, ""lng"": 91.7055, ""location"": ""Kamakhya Temple""}",2026-08-14 10:00:00
167,3,CHECKOUT,"{""location"": ""En route to Navagraha Temple"", ""trip_completed"": true}",2026-08-17 12:00:00
168,0,ID_ISSUED,"{""digital_id"": ""STS-A34515D72B17"", ""document"": ""XXXX-XXXX-3886"", ""name"": ""Chandana Nair"", ""nationality"": ""Indian"", ""trip_end"": ""2026-08-14T09:00:00""}",2026-07-22 00:00:00
168,1,KYC_VERIFIED,"{""document_type"": ""aadhaar"", ""method"": ""document_scan"", ""verified_by"": ""auto_kyc""}",2026-07-22 00:45:00
168,2,CHECKIN,"{""lat"": 26.1856, ""lng"": 91.7455, ""location"": ""Pan Bazaar""}",2026-08-11 06:00:00
168,3,CHECKOUT,"{""location"": ""En route to Kiranshree Portico (stay 1)"", ""trip_completed"": true}",2026-08-14 09:00:00
169,0,ID_ISSUED,"{""digital_id"": ""STS-EA106688B689"", ""document"": ""XXXX-XXXX-2919"", ""name"": ""Utpal Reddy"", ""nationality"": ""Indian"", ""trip_end"": ""2026-08-27T20:00:00""}",2026-08-02 04:00:00
169,1,KYC_VERIFIED,"{""document_type"": ""aadhaar"", ""method"": ""document_scan"", ""verified_by"": ""auto_kyc""}",2026-08-02 04:40:00
169,2,CHECKIN,"{""lat"": 26.1132, ""lng"": 91.797, ""location"": ""Basistha Temple""}",2026-08-22 09:00:00
169,3,CHECKOUT,"{""location"": ""En route to Basistha Temple"", ""trip_completed"": true}",2026-08-27 20:00:00
170,0,ID_ISSUED,"{""digital_id"": ""STS-C211601CAFE4"", ""document"": ""138348023"", ""name"": ""Amelia Baker"", ""nationality"": ""British"", ""trip_end"": ""2026-08-12T10:15:00""}",2026-07-25 21:15:00
170,1,KYC_VERIFIED,"{""document_type"": ""passport"", ""method"": ""document_scan"", ""verified_by"": ""auto_kyc""}",2026-07-25 21:22:00
170,2,CHECKIN,"{""lat"": 27.5448, ""lng"": 93.832, ""location"": ""Ziro Valley""}",2026-08-05 06:15:00
170,3,CHECKOUT,"{""location"": ""Guwahati Railway Station"", ""trip_completed"": true}",2026-08-12 10:15:00
171,0,ID_ISSUED,"{""digital_id"": ""STS-ED466AFC03D2"", ""document"": ""XXXX-XXXX-4427"", ""name"": ""Chandana Verma"", ""nationality"": ""Indian"", ""trip_end"": ""2026-09-16T12:30:00""}",2026-08-29 07:30:00
171,1,KYC_VERIFIED,"{""document_type"": ""aadhaar"", ""method"": ""document_scan"", ""verified_by"": ""auto_kyc""}",2026-08-29 08:15:00
171,2,CHECKIN,"{""lat"": 25.5788, ""lng"": 91.8933, ""location"": ""Shillong""}",2026-09-07 10:30:00
172,0,ID_ISSUED,"{""digital_id"": ""STS-CC48EE9A4AD0"", ""document"": ""BX2433088"", ""name"": ""Nusrat Begum"", ""nationality"": ""Bangladeshi"", ""trip_end"": ""2026-09-04T14:00:00""}",2026-07-30 15:00:00
172,1,KYC_VERIFIED,"{""document_type"": ""passport"", ""method"": ""document_scan"", ""verified_by"": ""auto_kyc""}",2026-07-30 15:31:00
172,2,CHECKIN,"{""lat"": 25.5788, ""lng"": 91.8933, ""location"": ""Shillong""}",2026-08-20 09:00:00
172,3,CHECKOUT,"{""location"": ""Imphal"", ""trip_completed"": true}",2026-09-04 14:00:00
173,0,ID_ISSUED,"{""digital_id"": ""STS-0AF725E81E19"", ""document"": ""XXXX-XXXX-3947"", ""name"": ""Kavya Verma"", ""nationality"": ""Indian"", ""trip_end"": ""2026-08-18T11:00:00""}",2026-08-14 03:00:00
173,1,KYC_VERIFIED,"{""document_type"": ""aadhaar"", ""method"": ""document_scan"", ""verified_by"": ""auto_kyc""}",2026-08-14 03:34:00
173,2,CHECKIN,"{""lat"": 26.1061, ""lng"": 91.5859, ""location"": ""LGB International Airport""}",2026-08-15 09:00:00
173,3,CHECKOUT,"{""location"": ""Six Mile"", ""trip_completed"": true}",2026-08-18 11:00:00
174,0,ID_ISSUED,"{""digital_id"": ""STS-1BCAC5F5C333"", ""document"": ""250279648"", ""name"": ""Oliver Hall"", ""nationality"": ""British"", ""trip_end"": ""2026-08-12T01:30:00""}",2026-07-16 10:30:00
174,1,KYC_VERIFIED,"{""document_type"": ""passport"", ""method"": ""document_scan"", ""verified_by"": ""auto_kyc""}",2026-07-16 10:43:00
174,2,CHECKIN,"{""lat"": 26.1824, ""lng"": 91.7513, ""location"": ""Guwahati Railway Station""}",2026-08-01 11:30:00
174,3,CHECKOUT,"{""location"": ""Dawki / Umngot River"", ""trip_completed"": true}",2026-08-12 01:30:00
175,0,ID_ISSUED,"{""digital_id"": ""STS-803FB95ED827"", ""document"": ""XXXX-XXXX-3614"", ""name"": ""Rohan Kalita"", ""nationality"": ""Indian"", ""trip_end"": ""2026-08-29T11:45:00""}",2026-08-18 15:45:00
175,1,KYC_VERIFIED,"{""document_type"": ""aadhaar"", ""method"": ""document_scan"", ""verified_by"": ""auto_kyc""}",2026-08-18 16:08:00
175,2,CHECKIN,"{""lat"": 26.1824, ""lng"": 91.7513, ""location"": ""Guwahati Railway Station""}",2026-08-21 06:45:00
175,3,CHECKOUT,"{""location"": ""Ziro Valley"", ""trip_completed"": true}",2026-08-29 11:45:00
176,0,ID_ISSUED,"{""digital_id"": ""STS-28BBCC0932A3"", ""document"": ""XXXX-XXXX-8753"", ""name"": ""Rohan Sen"", ""nationality"": ""Indian"", ""trip_end"": ""2026-09-09T22:00:00""}",2026-08-25 04:00:00
176,1,KYC_VERIFIED,"{""document_type"": ""aadhaar"", ""method"": ""document_scan"", ""verified_by"": ""auto_kyc""}",2026-08-25 04:04:00
176,2,CHECKIN,"{""lat"": 26.1857, ""lng"": 91.7481, ""location"": ""Assam State Museum""}",2026-09-06 10:00:00
177,0,ID_ISSUED,"{""digital_id"": ""STS-3E63527691BB"", ""document"": ""XXXX-XXXX-4154"", ""name"": ""Jayanta Das"", ""nationality"": ""Indian"", ""trip_end"": ""2026-09-12T20:15:00""}",2026-08-30 17:15:00
177,1,KYC_VERIFIED,"{""document_type"": ""aadhaar"", ""method"": ""document_scan"", ""verified_by"": ""auto_kyc""}",2026-08-30 17:59:00
177,2,CHECKIN,"{""lat"": 26.19, ""lng"": 91.759, ""location"": ""Uzan Bazar Ghat""}",2026-09-09 10:15:00
178,0,ID_ISSUED,"{""digital_id"": ""STS-C51E079002F7"", ""document"": ""XXXX-XXXX-5594"", ""name"": ""Arjun Gogoi"", ""nationality"": ""Indian"", ""trip_end"": ""2026-08-15T23:15:00""}",2026-07-27 08:15:00
178,1,KYC_VERIFIED,"{""document_type"": ""aadhaar"", ""method"": ""document_scan"", ""verified_by"": ""auto_kyc""}",2026-07-27 08:54:00
178,2,CHECKIN,"{""lat"": 26.1824, ""lng"": 91.7513, ""location"": ""Guwahati Railway Station""}",2026-08-14 09:15:00
178,3,CHECKOUT,"{""location"": ""En route to Diphlu River Lodge, Kaziranga (stay 1)"", ""trip_completed"": true}",2026-08-15 23:15:00
179,0,ID_ISSUED,"{""digital_id"": ""STS-E7633151633A"", ""document"": ""HJ186563"", ""name"": ""Hannah Morin"", ""nationality"": ""Canadian"", ""trip_end"": ""2026-09-17T16:45:00""}",2026-09-06 09:45:00
179,1,KYC_VERIFIED,"{""document_type"": ""passport"", ""method"": ""document_scan"", ""verified_by"": ""auto_kyc""}",2026-09-06 09:48:00
179,2,CHECKIN,"{""lat"": 26.1824, ""lng"": 91.7513, ""location"": ""Guwahati Railway Station""}",2026-09-09 08:45:00
180,0,ID_ISSUED,"{""digital_id"": ""STS-20A912740B3C"", ""document"": ""XXXX-XXXX-1246"", ""name"": ""Divya Dutta"", ""nationality"": ""Indian"", ""trip_end"": ""2026-08-19T18:30:00""}",2026-08-12 11:30:00
180,1,KYC_VERIFIED,"{""document_type"": ""aadhaar"", ""method"": ""document_scan"", ""verified_by"": ""auto_kyc""}",2026-08-12 11:53:00
180,2,CHECKIN,"{""lat"": 26.1964, ""lng"": 91.7453, ""location"": ""Umananda Island""}",2026-08-15 06:30:00
180,3,CHECKOUT,"{""location"": ""Hajo Pilgrimage Town"", ""trip_completed"": true}",2026-08-19 18:30:00
181,0,ID_ISSUED,"{""digital_id"": ""STS-AC5D4F0DEB70"", ""document"": ""XXXX-XXXX-5383"", ""name"": ""Jayanta Verma"", ""nationality"": ""Indian"", ""trip_end"": ""2026-09-12T18:00:00""}",2026-08-23 09:00:00
181,1,KYC_VERIFIED,"{""document_type"": ""aadhaar"", ""method"": ""document_scan"", ""verified_by"": ""auto_kyc""}",2026-08-23 09:11:00
181,2,CHECKIN,"{""lat"": 26.1664, ""lng"": 91.7055, ""location"": ""Kamakhya Temple""}",2026-09-08 11:00:00
182,0,ID_ISSUED,"{""digital_id"": ""STS-9D6FE4142D72"", ""document"": ""Z6925922"", ""name"": ""Dhruv Patel"", ""nationality"": ""Indian"", ""trip_end"": ""2026-09-21T21:15:00""}",2026-08-20 16:15:00
182,1,KYC_VERIFIED,"{""document_type"": ""passport"", ""method"": ""document_scan"", ""verified_by"": ""auto_kyc""}",2026-08-20 16:18:00
182,2,CHECKIN,"{""lat"": 26.5775, ""lng"": 93.1711, ""location"": ""Kaziranga National Park""}",2026-09-03 07:15:00
183,0,ID_ISSUED,"{""digital_id"": ""STS-507EAA13F961"", ""document"": ""M20147499"", ""name"": ""Minjun Choi"", ""nationality"": ""Korean"", ""trip_end"": ""2026-09-01T18:15:00""}",2026-08-16 18:15:00
183,1,KYC_VERIFIED,"{""document_type"": ""passport"", ""method"": ""document_scan"", ""verified_by"": ""auto_kyc""}",2026-08-16 18:42:00
183,2,CHECKIN,"{""lat"": 26.3667, ""lng"": 91.6333, ""location"": ""Madan Kamdev Ruins""}",2026-08-28 06:15:00
183,3,CHECKOUT,"{""location"": ""Umananda Island"", ""trip_completed"": true}",2026-09-01 18:15:00
184,0,ID_ISSUED,"{""digital_id"": ""STS-D8B491C7E44B"", ""document"": ""XXXX-XXXX-9091"", ""name"": ""Ananya Bora"", ""nationality"": ""Indian"", ""trip_end"": ""2026-08-18T19:00:00""}",2026-07-24 15:00:00
184,1,KYC_VERIFIED,"{""document_type"": ""aadhaar"", ""method"": ""document_scan"", ""verified_by"": ""auto_kyc""}",2026-07-24 15:43:00
184,2,CHECKIN,"{""lat"": 25.9333, ""lng"": 91.4333, ""location"": ""Chandubi Lake""}",2026-08-15 10:00:00
184,3,CHECKOUT,"{""location"": ""En route to Hotel Rajmahal (stay 2)"", ""trip_completed"": true}",2026-08-18 19:00:00
185,0,ID_ISSUED,"{""digital_id"": ""STS-11CD32576531"", ""document"": ""Z8550135"", ""name"": ""Meera Das"", ""nationality"": ""Indian"", ""trip_end"": ""2026-08-18T19:45:00""}",2026-07-28 14:45:00
185,1,KYC_VERIFIED,"{""document_type"": ""passport"", ""method"": ""document_scan"", ""verified_by"": ""auto_kyc""}",2026-07-28 15:26:00
185,2,CHECKIN,"{""lat"": 26.1667, ""lng"": 91.5667, ""location"": ""Sualkuchi Silk Village""}",2026-08-16 08:45:00
185,3,CHECKOUT,"{""location"": ""En route to Uzan Bazar Ghat"", ""trip_completed"": true}",2026-08-18 19:45:00
186,0,ID_ISSUED,"{""digital_id"": ""STS-7E2DCDBEB9E5"", ""document"": ""XXXX-XXXX-5820"", ""name"": ""Junmoni Patel"", ""nationality"": ""Indian"", ""trip_end"": ""2026-09-16T15:45:00""}",2026-08-20 21:45:00
186,1,KYC_VERIFIED,"{""document_type"": ""aadhaar"", ""method"": ""document_scan"", ""verified_by"": ""auto_kyc""}",2026-08-20 21:47:00
186,2,CHECKIN,"{""lat"": 26.92, ""lng"": 92.88, ""location"": ""Nameri National Park""}",2026-09-08 10:45:00
187,0,ID_ISSUED,"{""digital_id"": ""STS-EC2187E3E20E"", ""document"": ""XXXX-XXXX-3796"", ""name"": ""Hemanta Rajkhowa"", ""nationality"": ""Indian"", ""trip_end"": ""2026-08-10T20:45:00""}",2026-07-07 18:45:00
187,1,KYC_VERIFIED,"{""document_type"": ""aadhaar"", ""method"": ""document_scan"", ""verified_by"": ""auto_kyc""}",2026-07-07 19:23:00
187,2,CHECKIN,"{""lat"": 26.7509, ""lng"": 94.2037, ""location"": ""Jorhat""}",2026-07-29 08:45:00
187,3,CHECKOUT,"{""location"": ""Tezpur"", ""trip_completed"": true}",2026-08-10 20:45:00
188,0,ID_ISSUED,"{""digital_id"": ""STS-478BC5E04218"", ""document"": ""CJQPH8555L"", ""name"": ""Anurag Nath"", ""nationality"": ""Indian"", ""trip_end"": ""2026-09-03T16:45:00""}",2026-07-28 11:45:00
188,1,KYC_VERIFIED,"{""document_type"": ""pan"", ""method"": ""document_scan"", ""verified_by"": ""auto_kyc""}",2026-07-28 12:12:00
188,2,CHECKIN,"{""lat"": 27.3314, ""lng"": 88.6138, ""location"": ""Gangtok""}",2026-08-17 06:45:00
188,3,CHECKOUT,"{""location"": ""Imphal"", ""trip_completed"": true}",2026-09-03 16:45:00
189,0,ID_ISSUED,"{""digital_id"": ""STS-8550C6E775CE"", ""document"": ""XXXX-XXXX-9825"", ""name"": ""Sneha Mishra"", ""nationality"": ""Indian"", ""trip_end"": ""2026-09-07T14:00:00""}",2026-08-21 06:00:00
189,1,KYC_VERIFIED,"{""document_type"": ""aadhaar"", ""method"": ""document_scan"", ""verified_by"": ""auto_kyc""}",2026-08-21 06:13:00
189,2,CHECKIN,"{""lat"": 26.3667, ""lng"": 91.6333, ""location"": ""Madan Kamdev Ruins""}",2026-09-02 07:00:00
190,0,ID_ISSUED,"{""digital_id"": ""STS-D7CDBD6183B1"", ""document"": ""XXXX-XXXX-9499"", ""name"": ""Rupam Barua"", ""nationality"": ""Indian"", ""trip_end"": ""2026-08-22T18:15:00""}",2026-08-09 03:15:00
190,1,KYC_VERIFIED,"{""document_type"": ""aadhaar"", ""method"": ""document_scan"", ""verified_by"": ""auto_kyc""}",2026-08-09 03:23:00
190,2,CHECKIN,"{""lat"": 26.178, ""lng"": 91.786, ""location"": ""Assam State Zoo & Botanical Garden""}",2026-08-19 08:15:00
190,3,CHECKOUT,"{""location"": ""En route to Radisson Blu Guwahati (stay 2)"", ""trip_completed"": true}",2026-08-22 18:15:00
191,0,ID_ISSUED,"{""digital_id"": ""STS-7556D7032D73"", ""document"": ""XXXX-XXXX-8101"", ""name"": ""Pranjal Singh"", ""nationality"": ""Indian"", ""trip_end"": ""2026-08-31T14:15:00""}",2026-08-07 07:15:00
191,1,KYC_VERIFIED,"{""document_type"": ""aadhaar"", ""method"": ""document_scan"", ""verified_by"": ""auto_kyc""}",2026-08-07 07:34:00
191,2,CHECKIN,"{""lat"": 26.12, ""lng"": 91.65, ""location"": ""Deepor Beel Wildlife Sanctuary""}",2026-08-28 05:15:00
191,3,CHECKOUT,"{""location"": ""En route to Deepor Beel Wildlife Sanctuary"", ""trip_completed"": true}",2026-08-31 14:15:00
192,0,ID_ISSUED,"{""digital_id"": ""STS-84CC3152E4AB"", ""document"": ""Z6916709"", ""name"": ""Aditya Bora"", ""nationality"": ""Indian"", ""trip_end"": ""2026-08-16T14:30:00""}",2026-07-20 11:30:00
192,1,KYC_VERIFIED,"{""document_type"": ""passport"", ""method"": ""document_scan"", ""verified_by"": ""auto_kyc""}",2026-07-20 11:42:00
192,2,CHECKIN,"{""lat"": 25.5788, ""lng"": 91.8933, ""location"": ""Shillong""}",2026-07-30 10:30:00
192,3,CHECKOUT,"{""location"": ""Agartala"", ""trip_completed"": true}",2026-08-16 14:30:00
193,0,ID_ISSUED,"{""digital_id"": ""STS-52E57B7F4538"", ""document"": ""XXXX-XXXX-6672"", ""name"": ""Anurag Nair"", ""nationality"": ""Indian"", ""trip_end"": ""2026-08-05T17:00:00""}",2026-07-26 11:00:00
193,1,KYC_VERIFIED,"{""document_type"": ""aadhaar"", ""method"": ""document_scan"", ""verified_by"": ""auto_kyc""}",2026-07-26 11:40:00
193,2,CHECKIN,"{""lat"": 26.2333, ""lng"": 92.0833, ""location"": ""Pobitora Wildlife Sanctuary""}",2026-07-31 10:00:00
193,3,CHECKOUT,"{""location"": ""En route to Ri Kynjai, Umiam (stay 3)"", ""trip_completed"": true}",2026-08-05 17:00:00
194,0,ID_ISSUED,"{""digital_id"": ""STS-0ED347E3295F"", ""document"": ""XXXX-XXXX-2556"", ""name"": ""Mridula Choudhury"", ""nationality"": ""Indian"", ""trip_end"": ""2026-09-11T12:45:00""}",2026-09-09 01:45:00
194,1,KYC_VERIFIED,"{""document_type"": ""aadhaar"", ""method"": ""document_scan"", ""verified_by"": ""auto_kyc""}",2026-09-09 02:07:00
194,2,CHECKIN,"{""lat"": 26.19, ""lng"": 91.759, ""location"": ""Uzan Bazar Ghat""}",2026-09-09 06:45:00
195,0,ID_ISSUED,"{""digital_id"": ""STS-A790EC88BB7E"", ""document"": ""XXXX-XXXX-5650"", ""name"": ""Rohan Phukan"", ""nationality"": ""Indian"", ""trip_end"": ""2026-08-02T15:00:00""}",2026-07-21 05:00:00
195,1,KYC_VERIFIED,"{""document_type"": ""aadhaar"", ""method"": ""document_scan"", ""verified_by"": ""auto_kyc""}",2026-07-21 05:42:00
195,2,CHECKIN,"{""lat"": 26.142, ""lng"": 91.79, ""location"": ""Dispur Secretariat""}",2026-08-01 11:00:00
195,3,SOS_TRIGGERED,"{""lat"": 26.144459, ""lng"": 91.791767, ""message"": ""Lost in the forest trail, no landmarks visible, running out of water.""}",2026-08-01 22:11:40
195,4,CHECKOUT,"{""location"": ""LGB International Airport"", ""trip_completed"": true}",2026-08-02 15:00:00
196,0,ID_ISSUED,"{""digital_id"": ""STS-86DD0DDC1376"", ""document"": ""XXXX-XXXX-7694"", ""name"": ""Ananya Kalita"", ""nationality"": ""Indian"", ""trip_end"": ""2026-08-01T19:15:00""}",2026-07-12 11:15:00
196,1,KYC_VERIFIED,"{""document_type"": ""aadhaar"", ""method"": ""document_scan"", ""verified_by"": ""auto_kyc""}",2026-07-12 11:59:00
196,2,CHECKIN,"{""lat"": 26.1856, ""lng"": 91.7625, ""location"": ""Guwahati Planetarium""}",2026-07-29 11:15:00
196,3,CHECKOUT,"{""location"": ""Umananda Island"", ""trip_completed"": true}",2026-08-01 19:15:00
197,0,ID_ISSUED,"{""digital_id"": ""STS-B084D2E32545"", ""document"": ""Z4296159"", ""name"": ""Divya Iyer"", ""nationality"": ""Indian"", ""trip_end"": ""2026-09-03T19:00:00""}",2026-08-13 00:00:00
197,1,KYC_VERIFIED,"{""document_type"": ""passport"", ""method"": ""document_scan"", ""verified_by"": ""auto_kyc""}",2026-08-13 00:30:00
197,2,CHECKIN,"{""lat"": 26.1964, ""lng"": 91.7453, ""location"": ""Umananda Island""}",2026-08-29 11:00:00
197,3,CHECKOUT,"{""location"": ""En route to Umananda Island"", ""trip_completed"": true}",2026-09-03 19:00:00
198,0,ID_ISSUED,"{""digital_id"": ""STS-E312781B0F5F"", ""document"": ""APJDG2130S"", ""name"": ""Aarav Saikia"", ""nationality"": ""Indian"", ""trip_end"": ""2026-09-03T00:15:00""}",2026-08-23 04:15:00
198,1,KYC_VERIFIED,"{""document_type"": ""pan"", ""method"": ""document_scan"", ""verified_by"": ""auto_kyc""}",2026-08-23 04:38:00
198,2,CHECKIN,"{""lat"": 25.2, ""lng"": 91.9167, ""location"": ""Mawlynnong Village""}",2026-08-25 10:15:00
198,3,CHECKOUT,"{""location"": ""En route to Hotel Polo Towers, Shillong (stay 3)"", ""trip_completed"": true}",2026-09-03 00:15:00
199,0,ID_ISSUED,"{""digital_id"": ""STS-82235755D471"", ""document"": ""XXXX-XXXX-6697"", ""name"": ""Anurag Sharma"", ""nationality"": ""Indian"", ""trip_end"": ""2026-08-26T10:45:00""}",2026-08-21 13:45:00
199,1,KYC_VERIFIED,"{""document_type"": ""aadhaar"", ""method"": ""document_scan"", ""verified_by"": ""auto_kyc""}",2026-08-21 13:52:00
199,2,CHECKIN,"{""lat"": 26.19, ""lng"": 91.759, ""location"": ""Uzan Bazar Ghat""}",2026-08-22 08:45:00
199,3,CHECKOUT,"{""location"": ""En route to Radisson Blu Guwahati (stay 1)"", ""trip_completed"": true}",2026-08-26 10:45:00
200,0,ID_ISSUED,"{""digital_id"": ""STS-A95ACE0FA303"", ""document"": ""XXXX-XXXX-7955"", ""name"": ""Priya Patel"", ""nationality"": ""Indian"", ""trip_end"": ""2026-08-28T14:30:00""}",2026-08-15 22:30:00
200,1,KYC_VERIFIED,"{""document_type"": ""aadhaar"", ""method"": ""document_scan"", ""verified_by"": ""auto_kyc""}",2026-08-15 22:33:00
200,2,CHECKIN,"{""lat"": 26.147, ""lng"": 91.79, ""location"": ""Ganeshguri Junction""}",2026-08-25 11:30:00
200,3,CHECKOUT,"{""location"": ""En route to Hotel Dynasty, Lakhtokia (stay 1)"", ""trip_completed"": true}",2026-08-28 14:30:00
201,0,ID_ISSUED,"{""digital_id"": ""STS-3CC300FE5C0A"", ""document"": ""XXXX-XXXX-3323"", ""name"": ""Meera Saikia"", ""nationality"": ""Indian"", ""trip_end"": ""2026-08-02T18:45:00""}",2026-07-09 03:45:00
201,1,KYC_VERIFIED,"{""document_type"": ""aadhaar"", ""method"": ""document_scan"", ""verified_by"": ""auto_kyc""}",2026-07-09 04:16:00
201,2,CHECKIN,"{""lat"": 26.2333, ""lng"": 92.0833, ""location"": ""Pobitora Wildlife Sanctuary""}",2026-07-30 05:45:00
201,3,CHECKOUT,"{""location"": ""Deepor Beel Wildlife Sanctuary"", ""trip_completed"": true}",2026-08-02 18:45:00
202,0,ID_ISSUED,"{""digital_id"": ""STS-16DB14D3447C"", ""document"": ""XXXX-XXXX-3144"", ""name"": ""Rupam Baishya"", ""nationality"": ""Indian"", ""trip_end"": ""2026-07-30T17:30:00""}",2026-07-09 03:30:00
202,1,KYC_VERIFIED,"{""document_type"": ""aadhaar"", ""method"": ""document_scan"", ""verified_by"": ""auto_kyc""}",2026-07-09 03:39:00
202,2,CHECKIN,"{""lat"": 26.1664, ""lng"": 91.7055, ""location"": ""Kamakhya Temple""}",2026-07-27 10:30:00
202,3,CHECKOUT,"{""location"": ""En route to Navagraha Temple"", ""trip_completed"": true}",2026-07-30 17:30:00
203,0,ID_ISSUED,"{""digital_id"": ""STS-60F800FE90E1"", ""document"": ""Z4003480"", ""name"": ""Rohan Das"", ""nationality"": ""Indian"", ""trip_end"": ""2026-08-15T16:45:00""}",2026-07-30 02:45:00
203,1,KYC_VERIFIED,"{""document_type"": ""passport"", ""method"": ""document_scan"", ""verified_by"": ""auto_kyc""}",2026-07-30 02:57:00
203,2,CHECKIN,"{""lat"": 26.1861, ""lng"": 91.7503, ""location"": ""Dighalipukhuri""}",2026-08-13 08:45:00
203,3,CHECKOUT,"{""location"": ""Gandhi Mandap, Sarania Hill"", ""trip_completed"": true}",2026-08-15 16:45:00
204,0,ID_ISSUED,"{""digital_id"": ""STS-4B274830C1B7"", ""document"": ""462714871"", ""name"": ""Ethan Jones"", ""nationality"": ""American"", ""trip_end"": ""2026-09-09T01:00:00""}",2026-08-24 04:00:00
204,1,KYC_VERIFIED,"{""document_type"": ""passport"", ""method"": ""document_scan"", ""verified_by"": ""auto_kyc""}",2026-08-24 04:34:00
204,2,CHECKIN,"{""lat"": 26.1824, ""lng"": 91.7513, ""location"": ""Guwahati Railway Station""}",2026-09-02 11:00:00
204,3,MARKED_MISSING,"{""last_lat"": 25.279014, ""last_lng"": 91.68961}",2026-09-06 03:09:13
204,4,EFIR_FILED,"{""fir_number"": ""EFIR/2026/00204""}",2026-09-06 03:09:13
205,0,ID_ISSUED,"{""digital_id"": ""STS-994ED50050B2"", ""document"": ""N5606640"", ""name"": ""Nuwan Fernando"", ""nationality"": ""Sri Lankan"", ""trip_end"": ""2026-08-07T11:00:00""}",2026-07-24 17:00:00
205,1,KYC_VERIFIED,"{""document_type"": ""passport"", ""method"": ""document_scan"", ""verified_by"": ""auto_kyc""}",2026-07-24 17:11:00
205,2,CHECKIN,"{""lat"": 26.147, ""lng"": 91.79, ""location"": ""Ganeshguri Junction""}",2026-08-06 07:00:00
205,3,CHECKOUT,"{""location"": ""En route to Hotel Polo Towers, Shillong (stay 1)"", ""trip_completed"": true}",2026-08-07 11:00:00
206,0,ID_ISSUED,"{""digital_id"": ""STS-DAFB56088014"", ""document"": ""XXXX-XXXX-9302"", ""name"": ""Kavya Dutta"", ""nationality"": ""Indian"", ""trip_end"": ""2026-09-15T16:30:00""}",2026-09-01 17:30:00
206,1,KYC_VERIFIED,"{""document_type"": ""aadhaar"", ""method"": ""document_scan"", ""verified_by"": ""auto_kyc""}",2026-09-01 17:46:00
206,2,CHECKIN,"{""lat"": 25.276, ""lng"": 91.6857, ""location"": ""Nohkalikai Falls""}",2026-09-07 07:30:00
207,0,ID_ISSUED,"{""digital_id"": ""STS-47E4C8BBD0FD"", ""document"": ""XXXX-XXXX-4067"", ""name"": ""Rituparna Barua"", ""nationality"": ""Indian"", ""trip_end"": ""2026-09-02T22:45:00""}",2026-08-15 06:45:00
207,1,KYC_VERIFIED,"{""document_type"": ""aadhaar"", ""method"": ""document_scan"", ""verified_by"": ""auto_kyc""}",2026-08-15 07:19:00
207,2,CHECKIN,"{""lat"": 26.142, ""lng"": 91.79, ""location"": ""Dispur Secretariat""}",2026-08-31 09:45:00
207,3,CHECKOUT,"{""location"": ""En route to Hotel Nandan (stay 1)"", ""trip_completed"": true}",2026-09-02 22:45:00
208,0,ID_ISSUED,"{""digital_id"": ""STS-774462ADA8FB"", ""document"": ""Z7300133"", ""name"": ""Ishita Banerjee"", ""nationality"": ""Indian"", ""trip_end"": ""2026-08-17T19:45:00""}",2026-07-30 09:45:00
208,1,KYC_VERIFIED,"{""document_type"": ""passport"", ""method"": ""document_scan"", ""verified_by"": ""auto_kyc""}",2026-07-30 10:30:00
208,2,CHECKIN,"{""lat"": 25.9333, ""lng"": 91.4333, ""location"": ""Chandubi Lake""}",2026-08-14 10:45:00
208,3,CHECKOUT,"{""location"": ""En route to Ginger Guwahati (stay 2)"", ""trip_completed"": true}",2026-08-17 19:45:00
209,0,ID_ISSUED,"{""digital_id"": ""STS-C50367C84DAD"", ""document"": ""XXXX-XXXX-4713"", ""name"": ""Rituparna Gogoi"", ""nationality"": ""Indian"", ""trip_end"": ""2026-08-26T13:15:00""}",2026-08-19 06:15:00
209,1,KYC_VERIFIED,"{""document_type"": ""aadhaar"", ""method"": ""document_scan"", ""verified_by"": ""auto_kyc""}",2026-08-19 06:56:00
209,2,CHECKIN,"{""lat"": 25.657, ""lng"": 91.889, ""location"": ""Umiam Lake""}",2026-08-19 06:15:00
209,3,CHECKOUT,"{""location"": ""En route to Novotel Guwahati GS Road (stay 2)"", ""trip_completed"": true}",2026-08-26 13:15:00
210,0,ID_ISSUED,"{""digital_id"": ""STS-B32C574B0F5D"", ""document"": ""XXXX-XXXX-5102"", ""name"": ""Anjali Baishya"", ""nationality"": ""Indian"", ""trip_end"": ""2026-08-14T14:15:00""}",2026-07-17 16:15:00
210,1,KYC_VERIFIED,"{""document_type"": ""aadhaar"", ""method"": ""document_scan"", ""verified_by"": ""auto_kyc""}",2026-07-17 16:18:00
210,2,CHECKIN,"{""lat"": 26.95, ""lng"": 94.17, ""location"": ""Majuli River Island""}",2026-08-04 07:15:00
210,3,CHECKOUT,"{""location"": ""LGB International Airport"", ""trip_completed"": true}",2026-08-14 14:15:00
211,0,ID_ISSUED,"{""digital_id"": ""STS-2C5998444223"", ""document"": ""XXXX-XXXX-9545"", ""name"": ""Dhruv Deka"", ""nationality"": ""Indian"", ""trip_end"": ""2026-08-08T20:15:00""}",2026-07-26 12:15:00
211,1,KYC_VERIFIED,"{""document_type"": ""aadhaar"", ""method"": ""document_scan"", ""verified_by"": ""auto_kyc""}",2026-07-26 12:32:00
211,2,CHECKIN,"{""lat"": 26.1856, ""lng"": 91.7455, ""location"": ""Pan Bazaar""}",2026-08-05 06:15:00
211,3,CHECKOUT,"{""location"": ""Gandhi Mandap, Sarania Hill"", ""trip_completed"": true}",2026-08-08 20:15:00
212,0,ID_ISSUED,"{""digital_id"": ""STS-6B36B52EF9E5"", ""document"": ""795508950"", ""name"": ""Sophie Hughes"", ""nationality"": ""British"", ""trip_end"": ""2026-08-16T17:45:00""}",2026-08-08 04:45:00
212,1,KYC_VERIFIED,"{""document_type"": ""passport"", ""method"": ""document_scan"", ""verified_by"": ""auto_kyc""}",2026-08-08 05:25:00
212,2,CHECKIN,"{""lat"": 26.1132, ""lng"": 91.797, ""location"": ""Basistha Temple""}",2026-08-13 05:45:00
212,3,CHECKOUT,"{""location"": ""En route to Umananda Island"", ""trip_completed"": true}",2026-08-16 17:45:00
213,0,ID_ISSUED,"{""digital_id"": ""STS-04632B2DE862"", ""document"": ""PA2591772"", ""name"": ""Noah Martin"", ""nationality"": ""Australian"", ""trip_end"": ""2026-08-02T01:00:00""}",2026-07-06 10:00:00
213,1,KYC_VERIFIED,"{""document_type"": ""passport"", ""method"": ""document_scan"", ""verified_by"": ""auto_kyc""}",2026-07-06 10:03:00
213,2,CHECKIN,"{""lat"": 25.5788, ""lng"": 91.8933, ""location"": ""Shillong""}",2026-07-27 11:00:00
213,3,CHECKOUT,"{""location"": ""En route to Shillong"", ""trip_completed"": true}",2026-08-02 01:00:00
214,0,ID_ISSUED,"{""digital_id"": ""STS-67A9ACDF46AC"", ""document"": ""XXXX-XXXX-5039"", ""name"": ""Simanta Verma"", ""nationality"": ""Indian"", ""trip_end"": ""2026-09-17T01:00:00""}",2026-08-17 00:00:00
214,1,KYC_VERIFIED,"{""document_type"": ""aadhaar"", ""method"": ""document_scan"", ""verified_by"": ""auto_kyc""}",2026-08-17 00:36:00
214,2,CHECKIN,"{""lat"": 26.6338, ""lng"": 92.8, ""location"": ""Tezpur""}",2026-09-05 11:00:00
215,0,ID_ISSUED,"{""digital_id"": ""STS-1AEE43C3A8C7"", ""document"": ""Z8218101"", ""name"": ""Gitanjali Iyer"", ""nationality"": ""Indian"", ""trip_end"": ""2026-08-04T16:15:00""}",2026-07-26 11:15:00
215,1,KYC_VERIFIED,"{""document_type"": ""passport"", ""method"": ""document_scan"", ""verified_by"": ""auto_kyc""}",2026-07-26 11:22:00
215,2,CHECKIN,"{""lat"": 26.147, ""lng"": 91.79, ""location"": ""Ganeshguri Junction""}",2026-08-02 05:15:00
215,3,CHECKOUT,"{""location"": ""LGB International Airport"", ""trip_completed"": true}",2026-08-04 16:15:00
216,0,ID_ISSUED,"{""digital_id"": ""STS-4E87BB155DB8"", ""document"": ""XJE9901022"", ""name"": ""Jayanta Verma"", ""nationality"": ""Indian"", ""trip_end"": ""2026-08-12T14:00:00""}",2026-08-03 03:00:00
216,1,KYC_VERIFIED,"{""document_type"": ""voterid"", ""method"": ""document_scan"", ""verified_by"": ""auto_kyc""}",2026-08-03 03:35:00
216,2,CHECKIN,"{""lat"": 25.9333, ""lng"": 91.4333, ""location"": ""Chandubi Lake""}",2026-08-10 11:00:00
216,3,CHECKOUT,"{""location"": ""En route to Hotel Polo Towers, Shillong (stay 2)"", ""trip_completed"": true}",2026-08-12 14:00:00
217,0,ID_ISSUED,"{""digital_id"": ""STS-10D2C1DA401A"", ""document"": ""Z6562226"", ""name"": ""Meera Verma"", ""nationality"": ""Indian"", ""trip_end"": ""2026-08-24T13:45:00""}",2026-08-12 15:45:00
217,1,KYC_VERIFIED,"{""document_type"": ""passport"", ""method"": ""document_scan"", ""verified_by"": ""auto_kyc""}",2026-08-12 16:15:00
217,2,CHECKIN,"{""lat"": 26.09, ""lng"": 91.59, ""location"": ""Accoland Water Park""}",2026-08-22 07:45:00
217,3,CHECKOUT,"{""location"": ""En route to Accoland Water Park"", ""trip_completed"": true}",2026-08-24 13:45:00
218,0,ID_ISSUED,"{""digital_id"": ""STS-49D180A70F46"", ""document"": ""DZDWD1310Y"", ""name"": ""Manish Dutta"", ""nationality"": ""Indian"", ""trip_end"": ""2026-09-08T18:00:00""}",2026-08-19 01:00:00
218,1,KYC_VERIFIED,"{""document_type"": ""pan"", ""method"": ""document_scan"", ""verified_by"": ""auto_kyc""}",2026-08-19 01:16:00
218,2,CHECKIN,"{""lat"": 26.1667, ""lng"": 91.5667, ""location"": ""Sualkuchi Silk Village""}",2026-09-04 09:00:00
219,0,ID_ISSUED,"{""digital_id"": ""STS-42645866EFDA"", ""document"": ""XXXX-XXXX-2194"", ""name"": ""Simanta Mishra"", ""nationality"": ""Indian"", ""trip_end"": ""2026-07-30T16:30:00""}",2026-07-08 00:30:00
219,1,KYC_VERIFIED,"{""document_type"": ""aadhaar"", ""method"": ""document_scan"", ""verified_by"": ""auto_kyc""}",2026-07-08 01:14:00
219,2,CHECKIN,"{""lat"": 25.5788, ""lng"": 91.8933, ""location"": ""Shillong""}",2026-07-25 11:30:00
219,3,CHECKOUT,"{""location"": ""En route to Mawlynnong Village"", ""trip_completed"": true}",2026-07-30 16:30:00
220,0,ID_ISSUED,"{""digital_id"": ""STS-540C060C0A47"", ""document"": ""Z0743053"", ""name"": ""Chandana Sen"", ""nationality"": ""Indian"", ""trip_end"": ""2026-07-31T22:45:00""}",2026-07-08 00:45:00
220,1,KYC_VERIFIED,"{""document_type"": ""passport"", ""method"": ""document_scan"", ""verified_by"": ""auto_kyc""}",2026-07-08 00:58:00
220,2,CHECKIN,"{""lat"": 26.1667, ""lng"": 91.5667, ""location"": ""Sualkuchi Silk Village""}",2026-07-27 10:45:00
220,3,CHECKOUT,"{""location"": ""Uzan Bazar Ghat"", ""trip_completed"": true}",2026-07-31 22:45:00
221,0,ID_ISSUED,"{""digital_id"": ""STS-52B8F1BC6BDA"", ""document"": ""XXXX-XXXX-6613"", ""name"": ""Rohan Choudhury"", ""nationality"": ""Indian"", ""trip_end"": ""2026-08-31T16:00:00""}",2026-08-05 07:00:00
221,1,KYC_VERIFIED,"{""document_type"": ""aadhaar"", ""method"": ""document_scan"", ""verified_by"": ""auto_kyc""}",2026-08-05 07:19:00
221,2,CHECKIN,"{""lat"": 25.657, ""lng"": 91.889, ""location"": ""Umiam Lake""}",2026-08-21 07:00:00
221,3,CHECKOUT,"{""location"": ""En route to Hotel Polo Towers, Shillong (stay 1)"", ""trip_completed"": true}",2026-08-31 16:00:00
222,0,ID_ISSUED,"{""digital_id"": ""STS-0DA9B17B1AAE"", ""document"": ""XXXX-XXXX-3918"", ""name"": ""Meera Ghosh"", ""nationality"": ""Indian"", ""trip_end"": ""2026-08-12T09:00:00""}",2026-07-29 17:00:00
222,1,KYC_VERIFIED,"{""document_type"": ""aadhaar"", ""method"": ""document_scan"", ""verified_by"": ""auto_kyc""}",2026-07-29 17:44:00
222,2,CHECKIN,"{""lat"": 26.1856, ""lng"": 91.7455, ""location"": ""Pan Bazaar""}",2026-08-09 06:00:00
222,3,CHECKOUT,"{""location"": ""En route to Vivanta Guwahati (stay 1)"", ""trip_completed"": true}",2026-08-12 09:00:00
223,0,ID_ISSUED,"{""digital_id"": ""STS-EEF8017ADE9E"", ""document"": ""XXXX-XXXX-8954"", ""name"": ""Rupam Kalita"", ""nationality"": ""Indian"", ""trip_end"": ""2026-08-08T16:45:00""}",2026-07-23 01:45:00
223,1,KYC_VERIFIED,"{""document_type"": ""aadhaar"", ""method"": ""document_scan"", ""verified_by"": ""auto_kyc""}",2026-07-23 02:23:00
223,2,CHECKIN,"{""lat"": 26.178, ""lng"": 91.786, ""location"": ""Assam State Zoo & Botanical Garden""}",2026-08-05 10:45:00
223,3,CHECKOUT,"{""location"": ""En route to Deepor Beel Wildlife Sanctuary"", ""trip_completed"": true}",2026-08-08 16:45:00
224,0,ID_ISSUED,"{""digital_id"": ""STS-926BBBD0712A"", ""document"": ""XXXX-XXXX-9800"", ""name"": ""Divya Nath"", ""nationality"": ""Indian"", ""trip_end"": ""2026-08-06T14:00:00""}",2026-07-21 14:00:00
224,1,KYC_VERIFIED,"{""document_type"": ""aadhaar"", ""method"": ""document_scan"", ""verified_by"": ""auto_kyc""}",2026-07-21 14:28:00
224,2,CHECKIN,"{""lat"": 26.1061, ""lng"": 91.5859, ""location"": ""LGB International Airport""}",2026-08-03 09:00:00
224,3,CHECKOUT,"{""location"": ""En route to Guwahati Railway Station"", ""trip_completed"": true}",2026-08-06 14:00:00
225,0,ID_ISSUED,"{""digital_id"": ""STS-89B2F08FD517"", ""document"": ""Z9974811"", ""name"": ""Arjun Banerjee"", ""nationality"": ""Indian"", ""trip_end"": ""2026-09-02T20:15:00""}",2026-08-09 09:15:00
225,1,KYC_VERIFIED,"{""document_type"": ""passport"", ""method"": ""document_scan"", ""verified_by"": ""auto_kyc""}",2026-08-09 09:49:00
225,2,CHECKIN,"{""lat"": 26.92, ""lng"": 92.88, ""location"": ""Nameri National Park""}",2026-08-26 10:15:00
225,3,CHECKOUT,"{""location"": ""LGB International Airport"", ""trip_completed"": true}",2026-09-02 20:15:00
226,0,ID_ISSUED,"{""digital_id"": ""STS-99360148A9CC"", ""document"": ""418566146"", ""name"": ""Amanda Jones"", ""nationality"": ""American"", ""trip_end"": ""2026-09-03T21:30:00""}",2026-08-17 11:30:00
226,1,KYC_VERIFIED,"{""document_type"": ""passport"", ""method"": ""document_scan"", ""verified_by"": ""auto_kyc""}",2026-08-17 12:13:00
226,2,CHECKIN,"{""lat"": 26.3667, ""lng"": 91.6333, ""location"": ""Madan Kamdev Ruins""}",2026-08-30 09:30:00
226,3,CHECKOUT,"{""location"": ""En route to Navagraha Temple"", ""trip_completed"": true}",2026-09-03 21:30:00
227,0,ID_ISSUED,"{""digital_id"": ""STS-4AD0ED3BD192"", ""document"": ""XXXX-XXXX-6692"", ""name"": ""Anjali Singh"", ""nationality"": ""Indian"", ""trip_end"": ""2026-08-24T15:30:00""}",2026-08-09 20:30:00
227,1,KYC_VERIFIED,"{""document_type"": ""aadhaar"", ""method"": ""document_scan"", ""verified_by"": ""auto_kyc""}",2026-08-09 20:51:00
227,2,CHECKIN,"{""lat"": 26.1824, ""lng"": 91.7513, ""location"": ""Guwahati Railway Station""}",2026-08-12 11:30:00
227,3,CHECKOUT,"{""location"": ""Ziro Valley"", ""trip_completed"": true}",2026-08-24 15:30:00
228,0,ID_ISSUED,"{""digital_id"": ""STS-E9E30CF3D378"", ""document"": ""XXXX-XXXX-6871"", ""name"": ""Rahul Patel"", ""nationality"": ""Indian"", ""trip_end"": ""2026-08-01T15:30:00""}",2026-07-19 09:30:00
228,1,KYC_VERIFIED,"{""document_type"": ""aadhaar"", ""method"": ""document_scan"", ""verified_by"": ""auto_kyc""}",2026-07-19 09:32:00
228,2,CHECKIN,"{""lat"": 26.1061, ""lng"": 91.5859, ""location"": ""LGB International Airport""}",2026-07-29 05:30:00
228,3,CHECKOUT,"{""location"": ""Six Mile"", ""trip_completed"": true}",2026-08-01 15:30:00
229,0,ID_ISSUED,"{""digital_id"": ""STS-7A571DDE39FA"", ""document"": ""XXXX-XXXX-6415"", ""name"": ""Parag Nair"", ""nationality"": ""Indian"", ""trip_end"": ""2026-08-29T13:30:00""}",2026-08-18 04:30:00
229,1,KYC_VERIFIED,"{""document_type"": ""aadhaar"", ""method"": ""document_scan"", ""verified_by"": ""auto_kyc""}",2026-08-18 04:56:00
229,2,CHECKIN,"{""lat"": 26.1132, ""lng"": 91.797, ""location"": ""Basistha Temple""}",2026-08-24 09:30:00
229,3,CHECKOUT,"{""location"": ""En route to Hotel Rajmahal (stay 1)"", ""trip_completed"": true}",2026-08-29 13:30:00
230,0,ID_ISSUED,"{""digital_id"": ""STS-6865D7B7C60F"", ""document"": ""XXXX-XXXX-4095"", ""name"": ""Parag Iyer"", ""nationality"": ""Indian"", ""trip_end"": ""2026-08-12T16:15:00""}",2026-07-13 00:15:00
230,1,KYC_VERIFIED,"{""document_type"": ""aadhaar"", ""method"": ""document_scan"", ""verified_by"": ""auto_kyc""}",2026-07-13 00:44:00
230,2,CHECKIN,"{""lat"": 24.817, ""lng"": 93.9368, ""location"": ""Imphal""}",2026-07-31 09:15:00
230,3,CHECKOUT,"{""location"": ""Gangtok"", ""trip_completed"": true}",2026-08-12 16:15:00
231,0,ID_ISSUED,"{""digital_id"": ""STS-745A297B1A2F"", ""document"": ""XXXX-XXXX-3983"", ""name"": ""Manish Das"", ""nationality"": ""Indian"", ""trip_end"": ""2026-08-08T14:45:00""}",2026-08-01 07:45:00
231,1,KYC_VERIFIED,"{""document_type"": ""aadhaar"", ""method"": ""document_scan"", ""verified_by"": ""auto_kyc""}",2026-08-01 08:23:00
231,2,CHECKIN,"{""lat"": 26.1964, ""lng"": 91.7453, ""location"": ""Umananda Island""}",2026-08-03 10:45:00
231,3,CHECKOUT,"{""location"": ""En route to Novotel Guwahati GS Road (stay 1)"", ""trip_completed"": true}",2026-08-08 14:45:00
232,0,ID_ISSUED,"{""digital_id"": ""STS-862606DBF74F"", ""document"": ""XXXX-XXXX-3650"", ""name"": ""Rupam Nair"", ""nationality"": ""Indian"", ""trip_end"": ""2026-08-18T23:15:00""}",2026-08-01 08:15:00
232,1,KYC_VERIFIED,"{""document_type"": ""aadhaar"", ""method"": ""document_scan"", ""verified_by"": ""auto_kyc""}",2026-08-01 08:32:00
232,2,CHECKIN,"{""lat"": 26.09, ""lng"": 91.59, ""location"": ""Accoland Water Park""}",2026-08-13 10:15:00
232,3,CHECKOUT,"{""location"": ""En route to Accoland Water Park"", ""trip_completed"": true}",2026-08-18 23:15:00
233,0,ID_ISSUED,"{""digital_id"": ""STS-2D1885E53C93"", ""document"": ""XXXX-XXXX-4505"", ""name"": ""Sneha Mishra"", ""nationality"": ""Indian"", ""trip_end"": ""2026-08-12T21:00:00""}",2026-08-03 13:00:00
233,1,KYC_VERIFIED,"{""document_type"": ""aadhaar"", ""method"": ""document_scan"", ""verified_by"": ""auto_kyc""}",2026-08-03 13:04:00
233,2,CHECKIN,"{""lat"": 25.9333, ""lng"": 91.4333, ""location"": ""Chandubi Lake""}",2026-08-08 11:00:00
233,3,CHECKOUT,"{""location"": ""En route to Diphlu River Lodge, Kaziranga (stay 2)"", ""trip_completed"": true}",2026-08-12 21:00:00
234,0,ID_ISSUED,"{""digital_id"": ""STS-07889C0B1678"", ""document"": ""XXXX-XXXX-5824"", ""name"": ""Rupam Banerjee"", ""nationality"": ""Indian"", ""trip_end"": ""2026-08-14T14:15:00""}",2026-07-31 16:15:00
234,1,KYC_VERIFIED,"{""document_type"": ""aadhaar"", ""method"": ""document_scan"", ""verified_by"": ""auto_kyc""}",2026-07-31 16:37:00
234,2,CHECKIN,"{""lat"": 26.178, ""lng"": 91.786, ""location"": ""Assam State Zoo & Botanical Garden""}",2026-08-11 06:15:00
234,3,CHECKOUT,"{""location"": ""En route to Hotel Polo Towers, Shillong (stay 2)"", ""trip_completed"": true}",2026-08-14 14:15:00
235,0,ID_ISSUED,"{""digital_id"": ""STS-0AC974F8E7D0"", ""document"": ""Z5041288"", ""name"": ""Bhaskar Sharma"", ""nationality"": ""Indian"", ""trip_end"": ""2026-07-30T13:30:00""}",2026-07-07 08:30:00
235,1,KYC_VERIFIED,"{""document_type"": ""passport"", ""method"": ""document_scan"", ""verified_by"": ""auto_kyc""}",2026-07-07 08:32:00
235,2,CHECKIN,"{""lat"": 26.3667, ""lng"": 91.6333, ""location"": ""Madan Kamdev Ruins""}",2026-07-27 07:30:00
235,3,SOS_TRIGGERED,"{""lat"": 26.195512, ""lng"": 91.744299, ""message"": ""Road accident on the highway, I am injured and cannot walk.""}",2026-07-29 14:57:12
235,4,CHECKOUT,"{""location"": ""En route to Ygdrasill Bamboo Resort, Cherrapunji (stay 3)"", ""trip_completed"": true}",2026-07-30 13:30:00
236,0,ID_ISSUED,"{""digital_id"": ""STS-76AF915D2FEB"", ""document"": ""XXXX-XXXX-7021"", ""name"": ""Junmoni Mishra"", ""nationality"": ""Indian"", ""trip_end"": ""2026-09-11T15:45:00""}",2026-08-17 22:45:00
236,1,KYC_VERIFIED,"{""document_type"": ""aadhaar"", ""method"": ""document_scan"", ""verified_by"": ""auto_kyc""}",2026-08-17 22:56:00
236,2,CHECKIN,"{""lat"": 25.276, ""lng"": 91.6857, ""location"": ""Nohkalikai Falls""}",2026-09-06 09:45:00
237,0,ID_ISSUED,"{""digital_id"": ""STS-8FDAC4D5D788"", ""document"": ""XXXX-XXXX-3821"", ""name"": ""Aditya Sharma"", ""nationality"": ""Indian"", ""trip_end"": ""2026-08-22T08:15:00""}",2026-08-04 09:15:00
237,1,KYC_VERIFIED,"{""document_type"": ""aadhaar"", ""method"": ""document_scan"", ""verified_by"": ""auto_kyc""}",2026-08-04 09:36:00
237,2,CHECKIN,"{""lat"": 26.1061, ""lng"": 91.5859, ""location"": ""LGB International Airport""}",2026-08-11 05:15:00
237,3,CHECKOUT,"{""location"": ""Sivasagar"", ""trip_completed"": true}",2026-08-22 08:15:00
238,0,ID_ISSUED,"{""digital_id"": ""STS-423667D5A068"", ""document"": ""XXXX-XXXX-9305"", ""name"": ""Pooja Das"", ""nationality"": ""Indian"", ""trip_end"": ""2026-08-27T11:15:00""}",2026-08-17 18:15:00
238,1,KYC_VERIFIED,"{""document_type"": ""aadhaar"", ""method"": ""document_scan"", ""verified_by"": ""auto_kyc""}",2026-08-17 18:37:00
238,2,CHECKIN,"{""lat"": 25.2912, ""lng"": 91.6783, ""location"": ""Cherrapunji (Sohra)""}",2026-08-18 05:15:00
238,3,CHECKOUT,"{""location"": ""En route to Cherrapunji (Sohra)"", ""trip_completed"": true}",2026-08-27 11:15:00
239,0,ID_ISSUED,"{""digital_id"": ""STS-D3F2FA736218"", ""document"": ""XXXX-XXXX-1906"", ""name"": ""Divya Deka"", ""nationality"": ""Indian"", ""trip_end"": ""2026-07-29T15:45:00""}",2026-07-19 10:45:00
239,1,KYC_VERIFIED,"{""document_type"": ""aadhaar"", ""method"": ""document_scan"", ""verified_by"": ""auto_kyc""}",2026-07-19 10:52:00
239,2,CHECKIN,"{""lat"": 26.147, ""lng"": 91.79, ""location"": ""Ganeshguri Junction""}",2026-07-28 06:45:00
239,3,CHECKOUT,"{""location"": ""En route to Wild Mahseer, Balipara (stay 1)"", ""trip_completed"": true}",2026-07-29 15:45:00
240,0,ID_ISSUED,"{""digital_id"": ""STS-76B0863ACC42"", ""document"": ""XXXX-XXXX-7767"", ""name"": ""Anjali Verma"", ""nationality"": ""Indian"", ""trip_end"": ""2026-08-12T20:00:00""}",2026-07-25 09:00:00
240,1,KYC_VERIFIED,"{""document_type"": ""aadhaar"", ""method"": ""document_scan"", ""verified_by"": ""auto_kyc""}",2026-07-25 09:42:00
240,2,CHECKIN,"{""lat"": 26.1856, ""lng"": 91.7625, ""location"": ""Guwahati Planetarium""}",2026-08-09 10:00:00
240,3,CHECKOUT,"{""location"": ""Umananda Island"", ""trip_completed"": true}",2026-08-12 20:00:00
241,0,ID_ISSUED,"{""digital_id"": ""STS-B8536C2F88BF"", ""document"": ""NP8567098"", ""name"": ""Sunita Shrestha"", ""nationality"": ""Nepali"", ""trip_end"": ""2026-09-05T18:00:00""}",2026-08-15 16:00:00
241,1,KYC_VERIFIED,"{""document_type"": ""passport"", ""method"": ""document_scan"", ""verified_by"": ""auto_kyc""}",2026-08-15 16:37:00
241,2,CHECKIN,"{""lat"": 26.5775, ""lng"": 93.1711, ""location"": ""Kaziranga National Park""}",2026-08-24 06:00:00
241,3,CHECKOUT,"{""location"": ""Gangtok"", ""trip_completed"": true}",2026-09-05 18:00:00
242,0,ID_ISSUED,"{""digital_id"": ""STS-A6369660C57D"", ""document"": ""752021522"", ""name"": ""Emma Clarke"", ""nationality"": ""British"", ""trip_end"": ""2026-08-19T16:00:00""}",2026-07-28 18:00:00
242,1,KYC_VERIFIED,"{""document_type"": ""passport"", ""method"": ""document_scan"", ""verified_by"": ""auto_kyc""}",2026-07-28 18:45:00
242,2,CHECKIN,"{""lat"": 26.1061, ""lng"": 91.5859, ""location"": ""LGB International Airport""}",2026-08-08 10:00:00
242,3,CHECKOUT,"{""location"": ""Sivasagar"", ""trip_completed"": true}",2026-08-19 16:00:00
243,0,ID_ISSUED,"{""digital_id"": ""STS-4F1FB71D5B26"", ""document"": ""HJ091792"", ""name"": ""Lucas Roy"", ""nationality"": ""Canadian"", ""trip_end"": ""2026-08-10T15:15:00""}",2026-07-20 14:15:00
243,1,KYC_VERIFIED,"{""document_type"": ""passport"", ""method"": ""document_scan"", ""verified_by"": ""auto_kyc""}",2026-07-20 14:29:00
243,2,CHECKIN,"{""lat"": 26.6338, ""lng"": 92.8, ""location"": ""Tezpur""}",2026-08-02 10:15:00
243,3,CHECKOUT,"{""location"": ""Ziro Valley"", ""trip_completed"": true}",2026-08-10 15:15:00
244,0,ID_ISSUED,"{""digital_id"": ""STS-3FD398E185A2"", ""document"": ""N4966980"", ""name"": ""Dilani Jayasuriya"", ""nationality"": ""Sri Lankan"", ""trip_end"": ""2026-09-14T21:00:00""}",2026-08-23 23:00:00
244,1,KYC_VERIFIED,"{""document_type"": ""passport"", ""method"": ""document_scan"", ""verified_by"": ""auto_kyc""}",2026-08-23 23:35:00
244,2,CHECKIN,"{""lat"": 25.2912, ""lng"": 91.6783, ""location"": ""Cherrapunji (Sohra)""}",2026-09-08 11:00:00
245,0,ID_ISSUED,"{""digital_id"": ""STS-397E2460AFBD"", ""document"": ""234087291"", ""name"": ""Ethan Smith"", ""nationality"": ""American"", ""trip_end"": ""2026-07-26T19:00:00""}",2026-07-22 20:00:00
245,1,KYC_VERIFIED,"{""document_type"": ""passport"", ""method"": ""document_scan"", ""verified_by"": ""auto_kyc""}",2026-07-22 20:04:00
245,2,CHECKIN,"{""lat"": 26.1817, ""lng"": 91.7503, ""location"": ""Paltan Bazaar""}",2026-07-24 08:00:00
245,3,SOS_TRIGGERED,"{""lat"": 26.172099, ""lng"": 91.760449, ""message"": ""Feeling severely unwell, chest pain, need medical assistance.""}",2026-07-25 12:16:08
246,0,ID_ISSUED,"{""digital_id"": ""STS-1C6D2C18A09A"", ""document"": ""XXXX-XXXX-9061"", ""name"": ""Vikram Bora"", ""nationality"": ""Indian"", ""trip_end"": ""2026-08-21T18:15:00""}",2026-07-29 15:15:00
246,1,KYC_VERIFIED,"{""document_type"": ""aadhaar"", ""method"": ""document_scan"", ""verified_by"": ""auto_kyc""}",2026-07-29 15:30:00
246,2,CHECKIN,"{""lat"": 27.5861, ""lng"": 91.8594, ""location"": ""Tawang Monastery""}",2026-08-14 06:15:00
246,3,CHECKOUT,"{""location"": ""Ziro Valley"", ""trip_completed"": true}",2026-08-21 18:15:00
247,0,ID_ISSUED,"{""digital_id"": ""STS-273DA4B7F0F7"", ""document"": ""HVR6869179"", ""name"": ""Gitanjali Singh"", ""nationality"": ""Indian"", ""trip_end"": ""2026-08-31T14:45:00""}",2026-08-15 00:45:00
247,1,KYC_VERIFIED,"{""document_type"": ""voterid"", ""method"": ""document_scan"", ""verified_by"": ""auto_kyc""}",2026-08-15 01:21:00
247,2,CHECKIN,"{""lat"": 25.6751, ""lng"": 94.1086, ""location"": ""Kohima""}",2026-08-21 07:45:00
247,3,CHECKOUT,"{""location"": ""Gangtok"", ""trip_completed"": true}",2026-08-31 14:45:00
248,0,ID_ISSUED,"{""digital_id"": ""STS-97BBFC2B31A8"", ""document"": ""NP8399812"", ""name"": ""Anjana Adhikari"", ""nationality"": ""Nepali"", ""trip_end"": ""2026-08-08T11:45:00""}",2026-07-17 12:45:00
248,1,KYC_VERIFIED,"{""document_type"": ""passport"", ""method"": ""document_scan"", ""verified_by"": ""auto_kyc""}",2026-07-17 13:16:00
248,2,CHECKIN,"{""lat"": 26.147, ""lng"": 91.79, ""location"": ""Ganeshguri Junction""}",2026-08-07 09:45:00
248,3,CHECKOUT,"{""location"": ""En route to Hotel Rajmahal (stay 1)"", ""trip_completed"": true}",2026-08-08 11:45:00
249,0,ID_ISSUED,"{""digital_id"": ""STS-7F28A206126B"", ""document"": ""XXXX-XXXX-8799"", ""name"": ""Mridula Choudhury"", ""nationality"": ""Indian"", ""trip_end"": ""2026-07-26T15:30:00""}",2026-07-14 23:30:00
249,1,KYC_VERIFIED,"{""document_type"": ""aadhaar"", ""method"": ""document_scan"", ""verified_by"": ""auto_kyc""}",2026-07-15 00:02:00
249,2,CHECKIN,"{""lat"": 26.19, ""lng"": 91.759, ""location"": ""Uzan Bazar Ghat""}",2026-07-23 07:30:00
249,3,CHECKOUT,"{""location"": ""En route to Diphlu River Lodge, Kaziranga (stay 1)"", ""trip_completed"": true}",2026-07-26 15:30:00
250,0,ID_ISSUED,"{""digital_id"": ""STS-B3E2BD929EB9"", ""document"": ""Z2058378"", ""name"": ""Anurag Mishra"", ""nationality"": ""Indian"", ""trip_end"": ""2026-09-05T14:30:00""}",2026-08-14 16:30:00
250,1,KYC_VERIFIED,"{""document_type"": ""passport"", ""method"": ""document_scan"", ""verified_by"": ""auto_kyc""}",2026-08-14 17:02:00
250,2,CHECKIN,"{""lat"": 26.5775, ""lng"": 93.1711, ""location"": ""Kaziranga National Park""}",2026-08-18 07:30:00
250,3,CHECKOUT,"{""location"": ""Gangtok"", ""trip_completed"": true}",2026-09-05 14:30:00
251,0,ID_ISSUED,"{""digital_id"": ""STS-009C877C584E"", ""document"": ""XXXX-XXXX-8354"", ""name"": ""Pooja Kalita"", ""nationality"": ""Indian"", ""trip_end"": ""2026-08-30T15:30:00""}",2026-08-20 23:30:00
251,1,KYC_VERIFIED,"{""document_type"": ""aadhaar"", ""method"": ""document_scan"", ""verified_by"": ""auto_kyc""}",2026-08-20 23:50:00
251,2,CHECKIN,"{""lat"": 26.1749, ""lng"": 91.7789, ""location"": ""Navagraha Temple""}",2026-08-24 05:30:00
251,3,CHECKOUT,"{""location"": ""En route to Umananda Island"", ""trip_completed"": true}",2026-08-30 15:30:00
252,0,ID_ISSUED,"{""digital_id"": ""STS-C583246449DF"", ""document"": ""Z7144828"", ""name"": ""Junmoni Deka"", ""nationality"": ""Indian"", ""trip_end"": ""2026-08-11T23:15:00""}",2026-07-29 10:15:00
252,1,KYC_VERIFIED,"{""document_type"": ""passport"", ""method"": ""document_scan"", ""verified_by"": ""auto_kyc""}",2026-07-29 10:53:00
252,2,CHECKIN,"{""lat"": 26.175, ""lng"": 91.758, ""location"": ""Gandhi Mandap, Sarania Hill""}",2026-08-07 10:15:00
252,3,CHECKOUT,"{""location"": ""En route to Ygdrasill Bamboo Resort, Cherrapunji (stay 1)"", ""trip_completed"": true}",2026-08-11 23:15:00
253,0,ID_ISSUED,"{""digital_id"": ""STS-DD840338BEF9"", ""document"": ""XXXX-XXXX-7545"", ""name"": ""Arjun Sharma"", ""nationality"": ""Indian"", ""trip_end"": ""2026-08-07T20:45:00""}",2026-07-15 12:45:00
253,1,KYC_VERIFIED,"{""document_type"": ""aadhaar"", ""method"": ""document_scan"", ""verified_by"": ""auto_kyc""}",2026-07-15 13:15:00
253,2,CHECKIN,"{""lat"": 25.657, ""lng"": 91.889, ""location"": ""Umiam Lake""}",2026-07-28 11:45:00
253,3,CHECKOUT,"{""location"": ""En route to Radisson Blu Guwahati (stay 1)"", ""trip_completed"": true}",2026-08-07 20:45:00
254,0,ID_ISSUED,"{""digital_id"": ""STS-5AAF6D659F81"", ""document"": ""XXXX-XXXX-5633"", ""name"": ""Gitanjali Ghosh"", ""nationality"": ""Indian"", ""trip_end"": ""2026-08-28T16:15:00""}",2026-08-05 06:15:00
254,1,KYC_VERIFIED,"{""document_type"": ""aadhaar"", ""method"": ""document_scan"", ""verified_by"": ""auto_kyc""}",2026-08-05 06:53:00
254,2,CHECKIN,"{""lat"": 26.09, ""lng"": 91.59, ""location"": ""Accoland Water Park""}",2026-08-24 05:15:00
254,3,CHECKOUT,"{""location"": ""En route to Ri Kynjai, Umiam (stay 1)"", ""trip_completed"": true}",2026-08-28 16:15:00
255,0,ID_ISSUED,"{""digital_id"": ""STS-E23819970A90"", ""document"": ""Z0791622"", ""name"": ""Rohan Iyer"", ""nationality"": ""Indian"", ""trip_end"": ""2026-09-10T11:45:00""}",2026-08-16 12:45:00
255,1,KYC_VERIFIED,"{""document_type"": ""passport"", ""method"": ""document_scan"", ""verified_by"": ""auto_kyc""}",2026-08-16 12:56:00
255,2,CHECKIN,"{""lat"": 25.19, ""lng"": 92.02, ""location"": ""Dawki / Umngot River""}",2026-09-02 06:45:00
256,0,ID_ISSUED,"{""digital_id"": ""STS-F5DE4D1C17C3"", ""document"": ""BX2103591"", ""name"": ""Rumana Sarkar"", ""nationality"": ""Bangladeshi"", ""trip_end"": ""2026-09-15T16:30:00""}",2026-08-19 03:30:00
256,1,KYC_VERIFIED,"{""document_type"": ""passport"", ""method"": ""document_scan"", ""verified_by"": ""auto_kyc""}",2026-08-19 04:10:00
256,2,CHECKIN,"{""lat"": 25.5788, ""lng"": 91.8933, ""location"": ""Shillong""}",2026-08-31 07:30:00
257,0,ID_ISSUED,"{""digital_id"": ""STS-BD2DFF853BE8"", ""document"": ""XXXX-XXXX-2417"", ""name"": ""Siddharth Hazarika"", ""nationality"": ""Indian"", ""trip_end"": ""2026-08-03T13:15:00""}",2026-07-19 22:15:00
257,1,KYC_VERIFIED,"{""document_type"": ""aadhaar"", ""method"": ""document_scan"", ""verified_by"": ""auto_kyc""}",2026-07-19 22:50:00
257,2,CHECKIN,"{""lat"": 26.178, ""lng"": 91.786, ""location"": ""Assam State Zoo & Botanical Garden""}",2026-08-01 10:15:00
257,3,CHECKOUT,"{""location"": ""Pobitora Wildlife Sanctuary"", ""trip_completed"": true}",2026-08-03 13:15:00
258,0,ID_ISSUED,"{""digital_id"": ""STS-033E605300B6"", ""document"": ""XXXX-XXXX-7780"", ""name"": ""Riya Deka"", ""nationality"": ""Indian"", ""trip_end"": ""2026-08-29T23:30:00""}",2026-08-08 21:30:00
258,1,KYC_VERIFIED,"{""document_type"": ""aadhaar"", ""method"": ""document_scan"", ""verified_by"": ""auto_kyc""}",2026-08-08 22:03:00
258,2,CHECKIN,"{""lat"": 25.2, ""lng"": 91.9167, ""location"": ""Mawlynnong Village""}",2026-08-24 10:30:00
258,3,CHECKOUT,"{""location"": ""En route to Mawlynnong Village"", ""trip_completed"": true}",2026-08-29 23:30:00
259,0,ID_ISSUED,"{""digital_id"": ""STS-B2BD4B110B95"", ""document"": ""XXXX-XXXX-5201"", ""name"": ""Sneha Hazarika"", ""nationality"": ""Indian"", ""trip_end"": ""2026-07-25T08:15:00""}",2026-07-17 18:15:00
259,1,KYC_VERIFIED,"{""document_type"": ""aadhaar"", ""method"": ""document_scan"", ""verified_by"": ""auto_kyc""}",2026-07-17 18:33:00
259,2,CHECKIN,"{""lat"": 26.1824, ""lng"": 91.7513, ""location"": ""Guwahati Railway Station""}",2026-07-22 05:15:00
259,3,CHECKOUT,"{""location"": ""En route to Hotel Rajmahal (stay 1)"", ""trip_completed"": true}",2026-07-25 08:15:00
260,0,ID_ISSUED,"{""digital_id"": ""STS-6EAB2185C4C8"", ""document"": ""BX2457530"", ""name"": ""Rumana Uddin"", ""nationality"": ""Bangladeshi"", ""trip_end"": ""2026-09-07T23:45:00""}",2026-08-24 19:45:00
260,1,KYC_VERIFIED,"{""document_type"": ""passport"", ""method"": ""document_scan"", ""verified_by"": ""auto_kyc""}",2026-08-24 19:53:00
260,2,CHECKIN,"{""lat"": 26.142, ""lng"": 91.79, ""location"": ""Dispur Secretariat""}",2026-09-05 11:45:00
261,0,ID_ISSUED,"{""digital_id"": ""STS-C12EBB9512C4"", ""document"": ""XXXX-XXXX-6185"", ""name"": ""Divya Rajkhowa"", ""nationality"": ""Indian"", ""trip_end"": ""2026-08-01T08:45:00""}",2026-07-07 12:45:00
261,1,KYC_VERIFIED,"{""document_type"": ""aadhaar"", ""method"": ""document_scan"", ""verified_by"": ""auto_kyc""}",2026-07-07 13:09:00
261,2,CHECKIN,"{""lat"": 26.12, ""lng"": 91.65, ""location"": ""Deepor Beel Wildlife Sanctuary""}",2026-07-27 05:45:00
261,3,CHECKOUT,"{""location"": ""En route to Hotel Nandan (stay 1)"", ""trip_completed"": true}",2026-08-01 08:45:00
262,0,ID_ISSUED,"{""digital_id"": ""STS-2CA733AF01E1"", ""document"": ""NWUPS5839G"", ""name"": ""Siddharth Saikia"", ""nationality"": ""Indian"", ""trip_end"": ""2026-08-01T11:30:00""}",2026-07-27 01:30:00
262,1,KYC_VERIFIED,"{""document_type"": ""pan"", ""method"": ""document_scan"", ""verified_by"": ""auto_kyc""}",2026-07-27 02:12:00
262,2,CHECKIN,"{""lat"": 26.12, ""lng"": 91.65, ""location"": ""Deepor Beel Wildlife Sanctuary""}",2026-07-28 06:30:00
262,3,CHECKOUT,"{""location"": ""Pobitora Wildlife Sanctuary"", ""trip_completed"": true}",2026-08-01 11:30:00
263,0,ID_ISSUED,"{""digital_id"": ""STS-0E0E9D04085D"", ""document"": ""M27076185"", ""name"": ""Doyun Choi"", ""nationality"": ""Korean"", ""trip_end"": ""2026-07-30T22:45:00""}",2026-07-16 18:45:00
263,1,KYC_VERIFIED,"{""document_type"": ""passport"", ""method"": ""document_scan"", ""verified_by"": ""auto_kyc""}",2026-07-16 18:51:00
263,2,CHECKIN,"{""lat"": 25.2, ""lng"": 91.9167, ""location"": ""Mawlynnong Village""}",2026-07-24 10:45:00
263,3,CHECKOUT,"{""location"": ""En route to Vivanta Guwahati (stay 2)"", ""trip_completed"": true}",2026-07-30 22:45:00
264,0,ID_ISSUED,"{""digital_id"": ""STS-9250C53353B6"", ""document"": ""HWR1177613"", ""name"": ""Aarav Bora"", ""nationality"": ""Indian"", ""trip_end"": ""2026-08-12T17:30:00""}",2026-07-22 10:30:00
264,1,KYC_VERIFIED,"{""document_type"": ""voterid"", ""method"": ""document_scan"", ""verified_by"": ""auto_kyc""}",2026-07-22 10:49:00
264,2,CHECKIN,"{""lat"": 27.5861, ""lng"": 91.8594, ""location"": ""Tawang Monastery""}",2026-08-05 07:30:00
264,3,CHECKOUT,"{""location"": ""Ziro Valley"", ""trip_completed"": true}",2026-08-12 17:30:00
265,0,ID_ISSUED,"{""digital_id"": ""STS-0AA346D7AD50"", ""document"": ""A80447133"", ""name"": ""Aiman Lim"", ""nationality"": ""Malaysian"", ""trip_end"": ""2026-09-07T08:30:00""}",2026-08-31 19:30:00
265,1,KYC_VERIFIED,"{""document_type"": ""passport"", ""method"": ""document_scan"", ""verified_by"": ""auto_kyc""}",2026-08-31 19:44:00
265,2,CHECKIN,"{""lat"": 26.142, ""lng"": 91.79, ""location"": ""Dispur Secretariat""}",2026-09-05 05:30:00
266,0,ID_ISSUED,"{""digital_id"": ""STS-FF22559B91C6"", ""document"": ""BX9348621"", ""name"": ""Ayesha Chowdhury"", ""nationality"": ""Bangladeshi"", ""trip_end"": ""2026-08-02T19:15:00""}",2026-07-07 23:15:00
266,1,KYC_VERIFIED,"{""document_type"": ""passport"", ""method"": ""document_scan"", ""verified_by"": ""auto_kyc""}",2026-07-07 23:46:00
266,2,CHECKIN,"{""lat"": 27.5448, ""lng"": 93.832, ""location"": ""Ziro Valley""}",2026-07-24 06:15:00
266,3,CHECKOUT,"{""location"": ""Tawang Monastery"", ""trip_completed"": true}",2026-08-02 19:15:00
267,0,ID_ISSUED,"{""digital_id"": ""STS-26E6C52F61AD"", ""document"": ""ERWVW6078S"", ""name"": ""Vikram Deka"", ""nationality"": ""Indian"", ""trip_end"": ""2026-08-20T23:45:00""}",2026-08-01 15:45:00
267,1,KYC_VERIFIED,"{""document_type"": ""pan"", ""method"": ""document_scan"", ""verified_by"": ""auto_kyc""}",2026-08-01 16:30:00
267,2,CHECKIN,"{""lat"": 26.1817, ""lng"": 91.7503, ""location"": ""Paltan Bazaar""}",2026-08-18 11:45:00
267,3,CHECKOUT,"{""location"": ""En route to Wild Mahseer, Balipara (stay 1)"", ""trip_completed"": true}",2026-08-20 23:45:00
268,0,ID_ISSUED,"{""digital_id"": ""STS-6F43C9406FDE"", ""document"": ""XXXX-XXXX-2951"", ""name"": ""Junmoni Barua"", ""nationality"": ""Indian"", ""trip_end"": ""2026-08-15T17:00:00""}",2026-08-09 13:00:00
268,1,KYC_VERIFIED,"{""document_type"": ""aadhaar"", ""method"": ""document_scan"", ""verified_by"": ""auto_kyc""}",2026-08-09 13:12:00
268,2,CHECKIN,"{""lat"": 26.2333, ""lng"": 92.0833, ""location"": ""Pobitora Wildlife Sanctuary""}",2026-08-11 08:00:00
268,3,CHECKOUT,"{""location"": ""En route to Novotel Guwahati GS Road (stay 3)"", ""trip_completed"": true}",2026-08-15 17:00:00
269,0,ID_ISSUED,"{""digital_id"": ""STS-04B53A35EEFF"", ""document"": ""Z1412411"", ""name"": ""Jayanta Rajkhowa"", ""nationality"": ""Indian"", ""trip_end"": ""2026-08-21T20:00:00""}",2026-08-03 11:00:00
269,1,KYC_VERIFIED,"{""document_type"": ""passport"", ""method"": ""document_scan"", ""verified_by"": ""auto_kyc""}",2026-08-03 11:08:00
269,2,CHECKIN,"{""lat"": 26.92, ""lng"": 92.88, ""location"": ""Nameri National Park""}",2026-08-10 10:00:00
269,3,CHECKOUT,"{""location"": ""LGB International Airport"", ""trip_completed"": true}",2026-08-21 20:00:00
270,0,ID_ISSUED,"{""digital_id"": ""STS-5D970C606E42"", ""document"": ""XXXX-XXXX-8804"", ""name"": ""Jayanta Kalita"", ""nationality"": ""Indian"", ""trip_end"": ""2026-09-04T22:15:00""}",2026-08-20 09:15:00
270,1,KYC_VERIFIED,"{""document_type"": ""aadhaar"", ""method"": ""document_scan"", ""verified_by"": ""auto_kyc""}",2026-08-20 09:53:00
270,2,CHECKIN,"{""lat"": 26.178, ""lng"": 91.786, ""location"": ""Assam State Zoo & Botanical Garden""}",2026-09-02 10:15:00
270,3,CHECKOUT,"{""location"": ""En route to Deepor Beel Wildlife Sanctuary"", ""trip_completed"": true}",2026-09-04 22:15:00
271,0,ID_ISSUED,"{""digital_id"": ""STS-D9F6F802B712"", ""document"": ""Z6812065"", ""name"": ""Sneha Dutta"", ""nationality"": ""Indian"", ""trip_end"": ""2026-08-05T18:00:00""}",2026-07-28 21:00:00
271,1,KYC_VERIFIED,"{""document_type"": ""passport"", ""method"": ""document_scan"", ""verified_by"": ""auto_kyc""}",2026-07-28 21:14:00
271,2,CHECKIN,"{""lat"": 25.247, ""lng"": 91.715, ""location"": ""Living Root Bridge, Nongriat""}",2026-07-31 06:00:00
271,3,CHECKOUT,"{""location"": ""En route to Wild Mahseer, Balipara (stay 1)"", ""trip_completed"": true}",2026-08-05 18:00:00
272,0,ID_ISSUED,"{""digital_id"": ""STS-FD96416709EF"", ""document"": ""XXXX-XXXX-4761"", ""name"": ""Kabir Nair"", ""nationality"": ""Indian"", ""trip_end"": ""2026-07-29T16:00:00""}",2026-07-23 21:00:00
272,1,KYC_VERIFIED,"{""document_type"": ""aadhaar"", ""method"": ""document_scan"", ""verified_by"": ""auto_kyc""}",2026-07-23 21:31:00
272,2,CHECKIN,"{""lat"": 26.25, ""lng"": 91.5167, ""location"": ""Hajo Pilgrimage Town""}",2026-07-24 09:00:00
272,3,CHECKOUT,"{""location"": ""En route to Navagraha Temple"", ""trip_completed"": true}",2026-07-29 16:00:00
273,0,ID_ISSUED,"{""digital_id"": ""STS-78D2BB2522A4"", ""document"": ""Z9037752"", ""name"": ""Bhaskar Ghosh"", ""nationality"": ""Indian"", ""trip_end"": ""2026-08-23T11:00:00""}",2026-08-06 09:00:00
273,1,KYC_VERIFIED,"{""document_type"": ""passport"", ""method"": ""document_scan"", ""verified_by"": ""auto_kyc""}",2026-08-06 09:22:00
273,2,CHECKIN,"{""lat"": 26.5775, ""lng"": 93.1711, ""location"": ""Kaziranga National Park""}",2026-08-11 08:00:00
273,3,CHECKOUT,"{""location"": ""Sivasagar"", ""trip_completed"": true}",2026-08-23 11:00:00
274,0,ID_ISSUED,"{""digital_id"": ""STS-DE67F1C948D5"", ""document"": ""XXXX-XXXX-2751"", ""name"": ""Mridula Verma"", ""nationality"": ""Indian"", ""trip_end"": ""2026-08-11T16:00:00""}",2026-07-15 06:00:00
274,1,KYC_VERIFIED,"{""document_type"": ""aadhaar"", ""method"": ""document_scan"", ""verified_by"": ""auto_kyc""}",2026-07-15 06:31:00
274,2,CHECKIN,"{""lat"": 25.5788, ""lng"": 91.8933, ""location"": ""Shillong""}",2026-08-01 06:00:00
274,3,CHECKOUT,"{""location"": ""En route to Hotel Rajmahal (stay 1)"", ""trip_completed"": true}",2026-08-11 16:00:00
275,0,ID_ISSUED,"{""digital_id"": ""STS-D77B45081FBE"", ""document"": ""XXXX-XXXX-4557"", ""name"": ""Bhaskar Reddy"", ""nationality"": ""Indian"", ""trip_end"": ""2026-08-20T19:15:00""}",2026-08-12 04:15:00
275,1,KYC_VERIFIED,"{""document_type"": ""aadhaar"", ""method"": ""document_scan"", ""verified_by"": ""auto_kyc""}",2026-08-12 04:57:00
275,2,CHECKIN,"{""lat"": 26.1824, ""lng"": 91.7513, ""location"": ""Guwahati Railway Station""}",2026-08-13 08:15:00
275,3,CHECKOUT,"{""location"": ""En route to Ri Kynjai, Umiam (stay 3)"", ""trip_completed"": true}",2026-08-20 19:15:00
276,0,ID_ISSUED,"{""digital_id"": ""STS-0FD761A3A9AF"", ""document"": ""WPY9383362"", ""name"": ""Anjali Kalita"", ""nationality"": ""Indian"", ""trip_end"": ""2026-08-23T19:00:00""}",2026-08-03 00:00:00
276,1,KYC_VERIFIED,"{""document_type"": ""voterid"", ""method"": ""document_scan"", ""verified_by"": ""auto_kyc""}",2026-08-03 00:18:00
276,2,CHECKIN,"{""lat"": 25.5788, ""lng"": 91.8933, ""location"": ""Shillong""}",2026-08-06 10:00:00
276,3,CHECKOUT,"{""location"": ""Agartala"", ""trip_completed"": true}",2026-08-23 19:00:00
277,0,ID_ISSUED,"{""digital_id"": ""STS-2DC09F8A9F3C"", ""document"": ""A16338472"", ""name"": ""Mei Ling Lim"", ""nationality"": ""Malaysian"", ""trip_end"": ""2026-09-12T11:45:00""}",2026-08-15 14:45:00
277,1,KYC_VERIFIED,"{""document_type"": ""passport"", ""method"": ""document_scan"", ""verified_by"": ""auto_kyc""}",2026-08-15 15:20:00
277,2,CHECKIN,"{""lat"": 25.247, ""lng"": 91.715, ""location"": ""Living Root Bridge, Nongriat""}",2026-09-05 07:45:00
278,0,ID_ISSUED,"{""digital_id"": ""STS-787B697DE428"", ""document"": ""XXXX-XXXX-7852"", ""name"": ""Anjali Dutta"", ""nationality"": ""Indian"", ""trip_end"": ""2026-08-22T12:15:00""}",2026-08-10 00:15:00
278,1,KYC_VERIFIED,"{""document_type"": ""aadhaar"", ""method"": ""document_scan"", ""verified_by"": ""auto_kyc""}",2026-08-10 00:33:00
278,2,CHECKIN,"{""lat"": 26.1856, ""lng"": 91.7625, ""location"": ""Guwahati Planetarium""}",2026-08-17 06:15:00
278,3,CHECKOUT,"{""location"": ""Umananda Island"", ""trip_completed"": true}",2026-08-22 12:15:00
279,0,ID_ISSUED,"{""digital_id"": ""STS-E96C7A852725"", ""document"": ""XXXX-XXXX-9583"", ""name"": ""Kabir Kalita"", ""nationality"": ""Indian"", ""trip_end"": ""2026-08-09T20:00:00""}",2026-07-20 20:00:00
279,1,KYC_VERIFIED,"{""document_type"": ""aadhaar"", ""method"": ""document_scan"", ""verified_by"": ""auto_kyc""}",2026-07-20 20:37:00
279,2,CHECKIN,"{""lat"": 26.1836, ""lng"": 91.7434, ""location"": ""Fancy Bazaar""}",2026-08-05 07:00:00
279,3,CHECKOUT,"{""location"": ""Assam State Museum"", ""trip_completed"": true}",2026-08-09 20:00:00
280,0,ID_ISSUED,"{""digital_id"": ""STS-D37F18E7007F"", ""document"": ""XXXX-XXXX-3563"", ""name"": ""Nikhil Banerjee"", ""nationality"": ""Indian"", ""trip_end"": ""2026-09-20T19:00:00""}",2026-08-28 07:00:00
280,1,KYC_VERIFIED,"{""document_type"": ""aadhaar"", ""method"": ""document_scan"", ""verified_by"": ""auto_kyc""}",2026-08-28 07:36:00
280,2,CHECKIN,"{""lat"": 26.9826, ""lng"": 94.6425, ""location"": ""Sivasagar""}",2026-09-09 07:00:00
281,0,ID_ISSUED,"{""digital_id"": ""STS-57B0B134B2A1"", ""document"": ""UWAJT6411A"", ""name"": ""Hemanta Medhi"", ""nationality"": ""Indian"", ""trip_end"": ""2026-09-14T18:15:00""}",2026-08-21 07:15:00
281,1,KYC_VERIFIED,"{""document_type"": ""pan"", ""method"": ""document_scan"", ""verified_by"": ""auto_kyc""}",2026-08-21 07:27:00
281,2,CHECKIN,"{""lat"": 26.6338, ""lng"": 92.8, ""location"": ""Tezpur""}",2026-09-03 07:15:00
282,0,ID_ISSUED,"{""digital_id"": ""STS-2679C4ED724A"", ""document"": ""XXXX-XXXX-9413"", ""name"": ""Divya Medhi"", ""nationality"": ""Indian"", ""trip_end"": ""2026-08-10T22:45:00""}",2026-07-19 19:45:00
282,1,KYC_VERIFIED,"{""document_type"": ""aadhaar"", ""method"": ""document_scan"", ""verified_by"": ""auto_kyc""}",2026-07-19 19:57:00
282,2,CHECKIN,"{""lat"": 26.1964, ""lng"": 91.7453, ""location"": ""Umananda Island""}",2026-08-06 09:45:00
282,3,CHECKOUT,"{""location"": ""Guwahati Planetarium"", ""trip_completed"": true}",2026-08-10 22:45:00
283,0,ID_ISSUED,"{""digital_id"": ""STS-693C81B2D193"", ""document"": ""XXXX-XXXX-8935"", ""name"": ""Anurag Hazarika"", ""nationality"": ""Indian"", ""trip_end"": ""2026-09-01T10:45:00""}",2026-08-08 14:45:00
283,1,KYC_VERIFIED,"{""document_type"": ""aadhaar"", ""method"": ""document_scan"", ""verified_by"": ""auto_kyc""}",2026-08-08 15:21:00
283,2,CHECKIN,"{""lat"": 26.3667, ""lng"": 91.6333, ""location"": ""Madan Kamdev Ruins""}",2026-08-27 08:45:00
283,3,CHECKOUT,"{""location"": ""En route to Kamakhya Temple"", ""trip_completed"": true}",2026-09-01 10:45:00
284,0,ID_ISSUED,"{""digital_id"": ""STS-EA611A68FD44"", ""document"": ""XXXX-XXXX-3583"", ""name"": ""Parag Das"", ""nationality"": ""Indian"", ""trip_end"": ""2026-09-15T22:15:00""}",2026-08-27 22:15:00
284,1,KYC_VERIFIED,"{""document_type"": ""aadhaar"", ""method"": ""document_scan"", ""verified_by"": ""auto_kyc""}",2026-08-27 22:40:00
284,2,CHECKIN,"{""lat"": 25.6751, ""lng"": 94.1086, ""location"": ""Kohima""}",2026-09-02 09:15:00
285,0,ID_ISSUED,"{""digital_id"": ""STS-4F835BADF813"", ""document"": ""XXXX-XXXX-6719"", ""name"": ""Parag Nath"", ""nationality"": ""Indian"", ""trip_end"": ""2026-09-05T13:45:00""}",2026-08-19 07:45:00
285,1,KYC_VERIFIED,"{""document_type"": ""aadhaar"", ""method"": ""document_scan"", ""verified_by"": ""auto_kyc""}",2026-08-19 07:59:00
285,2,CHECKIN,"{""lat"": 26.1824, ""lng"": 91.7513, ""location"": ""Guwahati Railway Station""}",2026-08-27 10:45:00
285,3,CHECKOUT,"{""location"": ""Ziro Valley"", ""trip_completed"": true}",2026-09-05 13:45:00
286,0,ID_ISSUED,"{""digital_id"": ""STS-95ACA91FBADF"", ""document"": ""XXXX-XXXX-3028"", ""name"": ""Anurag Mishra"", ""nationality"": ""Indian"", ""trip_end"": ""2026-09-09T19:00:00""}",2026-08-17 00:00:00
286,1,KYC_VERIFIED,"{""document_type"": ""aadhaar"", ""method"": ""document_scan"", ""verified_by"": ""auto_kyc""}",2026-08-17 00:30:00
286,2,CHECKIN,"{""lat"": 26.1856, ""lng"": 91.7455, ""location"": ""Pan Bazaar""}",2026-09-05 06:00:00
287,0,ID_ISSUED,"{""digital_id"": ""STS-75F841AD010B"", ""document"": ""PA4879822"", ""name"": ""Cooper Thompson"", ""nationality"": ""Australian"", ""trip_end"": ""2026-08-31T09:30:00""}",2026-08-18 20:30:00
287,1,KYC_VERIFIED,"{""document_type"": ""passport"", ""method"": ""document_scan"", ""verified_by"": ""auto_kyc""}",2026-08-18 20:35:00
287,2,CHECKIN,"{""lat"": 26.1836, ""lng"": 91.7434, ""location"": ""Fancy Bazaar""}",2026-08-29 06:30:00
287,3,CHECKOUT,"{""location"": ""En route to Hotel Rajmahal (stay 1)"", ""trip_completed"": true}",2026-08-31 09:30:00
288,0,ID_ISSUED,"{""digital_id"": ""STS-A6E8C2EB65CA"", ""document"": ""192638957"", ""name"": ""Ethan Miller"", ""nationality"": ""American"", ""trip_end"": ""2026-08-09T19:45:00""}",2026-07-24 15:45:00
288,1,KYC_VERIFIED,"{""document_type"": ""passport"", ""method"": ""document_scan"", ""verified_by"": ""auto_kyc""}",2026-07-24 15:55:00
288,2,CHECKIN,"{""lat"": 26.12, ""lng"": 91.65, ""location"": ""Deepor Beel Wildlife Sanctuary""}",2026-08-05 11:45:00
288,3,CHECKOUT,"{""location"": ""En route to Brahmaputra Jungle Resort (stay 1)"", ""trip_completed"": true}",2026-08-09 19:45:00
289,0,ID_ISSUED,"{""digital_id"": ""STS-5E59153D6857"", ""document"": ""M87419450"", ""name"": ""Minjun Jung"", ""nationality"": ""Korean"", ""trip_end"": ""2026-08-17T17:15:00""}",2026-07-28 13:15:00
289,1,KYC_VERIFIED,"{""document_type"": ""passport"", ""method"": ""document_scan"", ""verified_by"": ""auto_kyc""}",2026-07-28 13:26:00
289,2,CHECKIN,"{""lat"": 26.9826, ""lng"": 94.6425, ""location"": ""Sivasagar""}",2026-08-11 07:15:00
289,3,SOS_TRIGGERED,"{""lat"": 26.920041, ""lng"": 92.879406, ""message"": ""Group of people surrounded my vehicle and are demanding money.""}",2026-08-15 11:57:04
289,4,CHECKOUT,"{""location"": ""Nameri National Park"", ""trip_completed"": true}",2026-08-17 17:15:00
290,0,ID_ISSUED,"{""digital_id"": ""STS-51A97C39EBF8"", ""document"": ""Z5151181"", ""name"": ""Kabir Hazarika"", ""nationality"": ""Indian"", ""trip_end"": ""2026-08-17T23:00:00""}",2026-08-03 09:00:00
290,1,KYC_VERIFIED,"{""document_type"": ""passport"", ""method"": ""document_scan"", ""verified_by"": ""auto_kyc""}",2026-08-03 09:30:00
290,2,CHECKIN,"{""lat"": 26.178, ""lng"": 91.786, ""location"": ""Assam State Zoo & Botanical Garden""}",2026-08-15 10:00:00
290,3,CHECKOUT,"{""location"": ""En route to Brahmaputra Jungle Resort (stay 2)"", ""trip_completed"": true}",2026-08-17 23:00:00
291,0,ID_ISSUED,"{""digital_id"": ""STS-B0D059D09E55"", ""document"": ""BUZ1194092"", ""name"": ""Anurag Nair"", ""nationality"": ""Indian"", ""trip_end"": ""2026-09-10T16:15:00""}",2026-08-17 20:15:00
291,1,KYC_VERIFIED,"{""document_type"": ""voterid"", ""method"": ""document_scan"", ""verified_by"": ""auto_kyc""}",2026-08-17 21:00:00
291,2,CHECKIN,"{""lat"": 26.09, ""lng"": 91.59, ""location"": ""Accoland Water Park""}",2026-09-07 10:15:00
292,0,ID_ISSUED,"{""digital_id"": ""STS-566DACFC66DF"", ""document"": ""XXXX-XXXX-3523"", ""name"": ""Anurag Hazarika"", ""nationality"": ""Indian"", ""trip_end"": ""2026-08-21T21:30:00""}",2026-08-14 04:30:00
292,1,KYC_VERIFIED,"{""document_type"": ""aadhaar"", ""method"": ""document_scan"", ""verified_by"": ""auto_kyc""}",2026-08-14 04:36:00
292,2,CHECKIN,"{""lat"": 26.6338, ""lng"": 92.8, ""location"": ""Tezpur""}",2026-08-14 11:30:00
292,3,MARKED_MISSING,"{""last_lat"": 27.543506, ""last_lng"": 93.833039}",2026-08-21 16:33:28
292,4,EFIR_FILED,"{""fir_number"": ""EFIR/2026/00292""}",2026-08-21 16:33:28
293,0,ID_ISSUED,"{""digital_id"": ""STS-63CE162DC2B5"", ""document"": ""Z8687519"", ""name"": ""Bishal Kumar"", ""nationality"": ""Indian"", ""trip_end"": ""2026-08-04T20:30:00""}",2026-07-11 09:30:00
293,1,KYC_VERIFIED,"{""document_type"": ""passport"", ""method"": ""document_scan"", ""verified_by"": ""auto_kyc""}",2026-07-11 09:37:00
293,2,CHECKIN,"{""lat"": 25.2912, ""lng"": 91.6783, ""location"": ""Cherrapunji (Sohra)""}",2026-07-27 09:30:00
293,3,CHECKOUT,"{""location"": ""En route to Mawlynnong Village"", ""trip_completed"": true}",2026-08-04 20:30:00
294,0,ID_ISSUED,"{""digital_id"": ""STS-32581ABD7FFF"", ""document"": ""XXXX-XXXX-7814"", ""name"": ""Debojit Patel"", ""nationality"": ""Indian"", ""trip_end"": ""2026-07-26T19:30:00""}",2026-07-14 16:30:00
294,1,KYC_VERIFIED,"{""document_type"": ""aadhaar"", ""method"": ""document_scan"", ""verified_by"": ""auto_kyc""}",2026-07-14 16:39:00
294,2,CHECKIN,"{""lat"": 26.1132, ""lng"": 91.797, ""location"": ""Basistha Temple""}",2026-07-23 09:30:00
294,3,CHECKOUT,"{""location"": ""En route to Umananda Island"", ""trip_completed"": true}",2026-07-26 19:30:00
295,0,ID_ISSUED,"{""digital_id"": ""STS-55B5D2424206"", ""document"": ""XXXX-XXXX-6779"", ""name"": ""Bishal Reddy"", ""nationality"": ""Indian"", ""trip_end"": ""2026-08-28T10:00:00""}",2026-08-12 18:00:00
295,1,KYC_VERIFIED,"{""document_type"": ""aadhaar"", ""method"": ""document_scan"", ""verified_by"": ""auto_kyc""}",2026-08-12 18:18:00
295,2,CHECKIN,"{""lat"": 26.09, ""lng"": 91.59, ""location"": ""Accoland Water Park""}",2026-08-24 07:00:00
295,3,CHECKOUT,"{""location"": ""En route to Accoland Water Park"", ""trip_completed"": true}",2026-08-28 10:00:00
296,0,ID_ISSUED,"{""digital_id"": ""STS-2E9B6EA58E11"", ""document"": ""XXXX-XXXX-1080"", ""name"": ""Ishita Banerjee"", ""nationality"": ""Indian"", ""trip_end"": ""2026-08-02T13:00:00""}",2026-07-25 19:00:00
296,1,KYC_VERIFIED,"{""document_type"": ""aadhaar"", ""method"": ""document_scan"", ""verified_by"": ""auto_kyc""}",2026-07-25 19:44:00
296,2,CHECKIN,"{""lat"": 26.12, ""lng"": 91.65, ""location"": ""Deepor Beel Wildlife Sanctuary""}",2026-07-29 11:00:00
296,3,CHECKOUT,"{""location"": ""En route to Ygdrasill Bamboo Resort, Cherrapunji (stay 1)"", ""trip_completed"": true}",2026-08-02 13:00:00
297,0,ID_ISSUED,"{""digital_id"": ""STS-5985B2771077"", ""document"": ""XXXX-XXXX-9108"", ""name"": ""Rupam Singh"", ""nationality"": ""Indian"", ""trip_end"": ""2026-08-10T14:45:00""}",2026-07-18 21:45:00
297,1,KYC_VERIFIED,"{""document_type"": ""aadhaar"", ""method"": ""document_scan"", ""verified_by"": ""auto_kyc""}",2026-07-18 21:56:00
297,2,CHECKIN,"{""lat"": 25.2, ""lng"": 91.9167, ""location"": ""Mawlynnong Village""}",2026-08-05 06:45:00
297,3,CHECKOUT,"{""location"": ""En route to Dolma Homestay, Tawang (stay 1)"", ""trip_completed"": true}",2026-08-10 14:45:00
298,0,ID_ISSUED,"{""digital_id"": ""STS-AEA5115C54CE"", ""document"": ""Z2749199"", ""name"": ""Rahul Sharma"", ""nationality"": ""Indian"", ""trip_end"": ""2026-08-02T09:00:00""}",2026-07-16 22:00:00
298,1,KYC_VERIFIED,"{""document_type"": ""passport"", ""method"": ""document_scan"", ""verified_by"": ""auto_kyc""}",2026-07-16 22:39:00
298,2,CHECKIN,"{""lat"": 26.1861, ""lng"": 91.7503, ""location"": ""Dighalipukhuri""}",2026-07-30 06:00:00
298,3,CHECKOUT,"{""location"": ""En route to Ygdrasill Bamboo Resort, Cherrapunji (stay 1)"", ""trip_completed"": true}",2026-08-02 09:00:00
299,0,ID_ISSUED,"{""digital_id"": ""STS-614A123C3069"", ""document"": ""XXXX-XXXX-1157"", ""name"": ""Aarav Baishya"", ""nationality"": ""Indian"", ""trip_end"": ""2026-09-10T12:00:00""}",2026-09-04 07:00:00
299,1,KYC_VERIFIED,"{""document_type"": ""aadhaar"", ""method"": ""document_scan"", ""verified_by"": ""auto_kyc""}",2026-09-04 07:21:00
299,2,CHECKIN,"{""lat"": 26.1856, ""lng"": 91.7455, ""location"": ""Pan Bazaar""}",2026-09-07 09:00:00
300,0,ID_ISSUED,"{""digital_id"": ""STS-D4FBC75D0F11"", ""document"": ""XXXX-XXXX-3191"", ""name"": ""Manish Medhi"", ""nationality"": ""Indian"", ""trip_end"": ""2026-08-29T19:00:00""}",2026-08-04 13:00:00
300,1,KYC_VERIFIED,"{""document_type"": ""aadhaar"", ""method"": ""document_scan"", ""verified_by"": ""auto_kyc""}",2026-08-04 13:30:00
300,2,CHECKIN,"{""lat"": 25.247, ""lng"": 91.715, ""location"": ""Living Root Bridge, Nongriat""}",2026-08-24 05:00:00
300,3,CHECKOUT,"{""location"": ""En route to Kiranshree Portico (stay 1)"", ""trip_completed"": true}",2026-08-29 19:00:00
301,0,ID_ISSUED,"{""digital_id"": ""STS-6188376701DD"", ""document"": ""XXXX-XXXX-9584"", ""name"": ""Manish Iyer"", ""nationality"": ""Indian"", ""trip_end"": ""2026-08-14T10:15:00""}",2026-08-08 18:15:00
301,1,KYC_VERIFIED,"{""document_type"": ""aadhaar"", ""method"": ""document_scan"", ""verified_by"": ""auto_kyc""}",2026-08-08 18:21:00
301,2,CHECKIN,"{""lat"": 25.276, ""lng"": 91.6857, ""location"": ""Nohkalikai Falls""}",2026-08-09 07:15:00
301,3,CHECKOUT,"{""location"": ""En route to Radisson Blu Guwahati (stay 2)"", ""trip_completed"": true}",2026-08-14 10:15:00
302,0,ID_ISSUED,"{""digital_id"": ""STS-A93EF230ECB0"", ""document"": ""Z4312036"", ""name"": ""Divya Baishya"", ""nationality"": ""Indian"", ""trip_end"": ""2026-09-09T11:00:00""}",2026-08-26 18:00:00
302,1,KYC_VERIFIED,"{""document_type"": ""passport"", ""method"": ""document_scan"", ""verified_by"": ""auto_kyc""}",2026-08-26 18:38:00
302,2,CHECKIN,"{""lat"": 26.1905, ""lng"": 91.748, ""location"": ""Brahmaputra Riverfront""}",2026-09-05 07:00:00
303,0,ID_ISSUED,"{""digital_id"": ""STS-C2001F5675CA"", ""document"": ""Z7225555"", ""name"": ""Pranjal Mishra"", ""nationality"": ""Indian"", ""trip_end"": ""2026-08-04T11:15:00""}",2026-07-13 17:15:00
303,1,KYC_VERIFIED,"{""document_type"": ""passport"", ""method"": ""document_scan"", ""verified_by"": ""auto_kyc""}",2026-07-13 17:54:00
303,2,CHECKIN,"{""lat"": 26.19, ""lng"": 91.759, ""location"": ""Uzan Bazar Ghat""}",2026-07-31 06:15:00
303,3,CHECKOUT,"{""location"": ""En route to Radisson Blu Guwahati (stay 1)"", ""trip_completed"": true}",2026-08-04 11:15:00
304,0,ID_ISSUED,"{""digital_id"": ""STS-94A5A36AD0BF"", ""document"": ""XXXX-XXXX-9194"", ""name"": ""Priya Kalita"", ""nationality"": ""Indian"", ""trip_end"": ""2026-09-04T14:30:00""}",2026-08-17 15:30:00
304,1,KYC_VERIFIED,"{""document_type"": ""aadhaar"", ""method"": ""document_scan"", ""verified_by"": ""auto_kyc""}",2026-08-17 15:53:00
304,2,CHECKIN,"{""lat"": 25.2, ""lng"": 91.9167, ""location"": ""Mawlynnong Village""}",2026-08-28 08:30:00
304,3,CHECKOUT,"{""location"": ""En route to Mawlynnong Village"", ""trip_completed"": true}",2026-09-04 14:30:00
305,0,ID_ISSUED,"{""digital_id"": ""STS-51FB71D391B6"", ""document"": ""XXXX-XXXX-7907"", ""name"": ""Ishita Phukan"", ""nationality"": ""Indian"", ""trip_end"": ""2026-08-30T11:00:00""}",2026-08-13 10:00:00
305,1,KYC_VERIFIED,"{""document_type"": ""aadhaar"", ""method"": ""document_scan"", ""verified_by"": ""auto_kyc""}",2026-08-13 10:42:00
305,2,CHECKIN,"{""lat"": 25.2912, ""lng"": 91.6783, ""location"": ""Cherrapunji (Sohra)""}",2026-08-20 07:00:00
305,3,CHECKOUT,"{""location"": ""En route to Radisson Blu Guwahati (stay 2)"", ""trip_completed"": true}",2026-08-30 11:00:00
306,0,ID_ISSUED,"{""digital_id"": ""STS-29E5D3463339"", ""document"": ""XXXX-XXXX-7861"", ""name"": ""Arjun Bora"", ""nationality"": ""Indian"", ""trip_end"": ""2026-09-13T16:00:00""}",2026-08-25 10:00:00
306,1,KYC_VERIFIED,"{""document_type"": ""aadhaar"", ""method"": ""document_scan"", ""verified_by"": ""auto_kyc""}",2026-08-25 10:45:00
306,2,CHECKIN,"{""lat"": 26.1857, ""lng"": 91.7481, ""location"": ""Assam State Museum""}",2026-09-08 10:00:00
307,0,ID_ISSUED,"{""digital_id"": ""STS-AD1F7AB75295"", ""document"": ""XXXX-XXXX-2227"", ""name"": ""Jayanta Gogoi"", ""nationality"": ""Indian"", ""trip_end"": ""2026-09-10T21:00:00""}",2026-08-30 19:00:00
307,1,KYC_VERIFIED,"{""document_type"": ""aadhaar"", ""method"": ""document_scan"", ""verified_by"": ""auto_kyc""}",2026-08-30 19:38:00
307,2,CHECKIN,"{""lat"": 25.2, ""lng"": 91.9167, ""location"": ""Mawlynnong Village""}",2026-09-05 07:00:00
308,0,ID_ISSUED,"{""digital_id"": ""STS-83CB9DD2FB82"", ""document"": ""XXXX-XXXX-9004"", ""name"": ""Nikhil Gogoi"", ""nationality"": ""Indian"", ""trip_end"": ""2026-08-26T23:00:00""}",2026-08-11 10:00:00
308,1,KYC_VERIFIED,"{""document_type"": ""aadhaar"", ""method"": ""document_scan"", ""verified_by"": ""auto_kyc""}",2026-08-11 10:35:00
308,2,CHECKIN,"{""lat"": 26.1664, ""lng"": 91.7055, ""location"": ""Kamakhya Temple""}",2026-08-22 10:00:00
308,3,CHECKOUT,"{""location"": ""En route to Navagraha Temple"", ""trip_completed"": true}",2026-08-26 23:00:00
309,0,ID_ISSUED,"{""digital_id"": ""STS-A375A25158E1"", ""document"": ""Z2344736"", ""name"": ""Junmoni Barua"", ""nationality"": ""Indian"", ""trip_end"": ""2026-08-23T18:00:00""}",2026-08-12 14:00:00
309,1,KYC_VERIFIED,"{""document_type"": ""passport"", ""method"": ""document_scan"", ""verified_by"": ""auto_kyc""}",2026-08-12 14:34:00
309,2,CHECKIN,"{""lat"": 26.144, ""lng"": 91.8058, ""location"": ""Srimanta Sankaradeva Kalakshetra""}",2026-08-20 09:00:00
309,3,CHECKOUT,"{""location"": ""En route to Ri Kynjai, Umiam (stay 1)"", ""trip_completed"": true}",2026-08-23 18:00:00
310,0,ID_ISSUED,"{""digital_id"": ""STS-7E4E68DC5B2C"", ""document"": ""XXXX-XXXX-2755"", ""name"": ""Manish Deka"", ""nationality"": ""Indian"", ""trip_end"": ""2026-08-18T08:30:00""}",2026-08-01 23:30:00
310,1,KYC_VERIFIED,"{""document_type"": ""aadhaar"", ""method"": ""document_scan"", ""verified_by"": ""auto_kyc""}",2026-08-02 00:13:00
310,2,CHECKIN,"{""lat"": 26.1964, ""lng"": 91.7453, ""location"": ""Umananda Island""}",2026-08-12 06:30:00
310,3,CHECKOUT,"{""location"": ""En route to Ri Kynjai, Umiam (stay 1)"", ""trip_completed"": true}",2026-08-18 08:30:00
311,0,ID_ISSUED,"{""digital_id"": ""STS-1EDCFDAF19AB"", ""document"": ""XXXX-XXXX-2743"", ""name"": ""Kavya Ghosh"", ""nationality"": ""Indian"", ""trip_end"": ""2026-09-15T16:15:00""}",2026-08-15 18:15:00
311,1,KYC_VERIFIED,"{""document_type"": ""aadhaar"", ""method"": ""document_scan"", ""verified_by"": ""auto_kyc""}",2026-08-15 18:33:00
311,2,CHECKIN,"{""lat"": 27.5861, ""lng"": 91.8594, ""location"": ""Tawang Monastery""}",2026-09-05 08:15:00
312,0,ID_ISSUED,"{""digital_id"": ""STS-696777D1984A"", ""document"": ""AA1579399"", ""name"": ""Nattapong Wongsawat"", ""nationality"": ""Thai"", ""trip_end"": ""2026-09-07T18:15:00""}",2026-08-31 22:15:00
312,1,KYC_VERIFIED,"{""document_type"": ""passport"", ""method"": ""document_scan"", ""verified_by"": ""auto_kyc""}",2026-08-31 22:55:00
312,2,CHECKIN,"{""lat"": 26.1836, ""lng"": 91.7434, ""location"": ""Fancy Bazaar""}",2026-09-02 10:15:00
313,0,ID_ISSUED,"{""digital_id"": ""STS-A8EF06857359"", ""document"": ""PA2266589"", ""name"": ""Chloe Campbell"", ""nationality"": ""Australian"", ""trip_end"": ""2026-09-02T09:45:00""}",2026-08-22 05:45:00
313,1,KYC_VERIFIED,"{""document_type"": ""passport"", ""method"": ""document_scan"", ""verified_by"": ""auto_kyc""}",2026-08-22 06:14:00
313,2,CHECKIN,"{""lat"": 26.6338, ""lng"": 92.8, ""location"": ""Tezpur""}",2026-08-23 07:45:00
313,3,CHECKOUT,"{""location"": ""LGB International Airport"", ""trip_completed"": true}",2026-09-02 09:45:00
314,0,ID_ISSUED,"{""digital_id"": ""STS-453B138E81F7"", ""document"": ""962167605"", ""name"": ""Grace Wright"", ""nationality"": ""British"", ""trip_end"": ""2026-09-11T18:45:00""}",2026-08-31 12:45:00
314,1,KYC_VERIFIED,"{""document_type"": ""passport"", ""method"": ""document_scan"", ""verified_by"": ""auto_kyc""}",2026-08-31 12:48:00
314,2,CHECKIN,"{""lat"": 26.7509, ""lng"": 94.2037, ""location"": ""Jorhat""}",2026-09-02 06:45:00
315,0,ID_ISSUED,"{""digital_id"": ""STS-D9B163AB7EC1"", ""document"": ""XXXX-XXXX-5916"", ""name"": ""Kabir Bhattacharya"", ""nationality"": ""Indian"", ""trip_end"": ""2026-09-12T22:15:00""}",2026-09-01 08:15:00
315,1,KYC_VERIFIED,"{""document_type"": ""aadhaar"", ""method"": ""document_scan"", ""verified_by"": ""auto_kyc""}",2026-09-01 08:23:00
315,2,CHECKIN,"{""lat"": 26.2333, ""lng"": 92.0833, ""location"": ""Pobitora Wildlife Sanctuary""}",2026-09-09 09:15:00
316,0,ID_ISSUED,"{""digital_id"": ""STS-126F984F69F5"", ""document"": ""XXXX-XXXX-5730"", ""name"": ""Rohan Iyer"", ""nationality"": ""Indian"", ""trip_end"": ""2026-08-12T18:30:00""}",2026-07-17 16:30:00
316,1,KYC_VERIFIED,"{""document_type"": ""aadhaar"", ""method"": ""document_scan"", ""verified_by"": ""auto_kyc""}",2026-07-17 16:55:00
316,2,CHECKIN,"{""lat"": 26.9826, ""lng"": 94.6425, ""location"": ""Sivasagar""}",2026-08-02 10:30:00
316,3,CHECKOUT,"{""location"": ""Nameri National Park"", ""trip_completed"": true}",2026-08-12 18:30:00
317,0,ID_ISSUED,"{""digital_id"": ""STS-D0AA02DCE57B"", ""document"": ""Z7050322"", ""name"": ""Vikram Hazarika"", ""nationality"": ""Indian"", ""trip_end"": ""2026-09-01T17:30:00""}",2026-08-29 00:30:00
317,1,KYC_VERIFIED,"{""document_type"": ""passport"", ""method"": ""document_scan"", ""verified_by"": ""auto_kyc""}",2026-08-29 01:14:00
317,2,CHECKIN,"{""lat"": 26.147, ""lng"": 91.79, ""location"": ""Ganeshguri Junction""}",2026-08-30 08:30:00
317,3,CHECKOUT,"{""location"": ""En route to Hotel Polo Towers, Shillong (stay 1)"", ""trip_completed"": true}",2026-09-01 17:30:00
318,0,ID_ISSUED,"{""digital_id"": ""STS-08AD04ADE37E"", ""document"": ""XXXX-XXXX-7248"", ""name"": ""Sneha Saikia"", ""nationality"": ""Indian"", ""trip_end"": ""2026-09-06T15:15:00""}",2026-08-29 12:15:00
318,1,KYC_VERIFIED,"{""document_type"": ""aadhaar"", ""method"": ""document_scan"", ""verified_by"": ""auto_kyc""}",2026-08-29 12:20:00
318,2,CHECKIN,"{""lat"": 26.9826, ""lng"": 94.6425, ""location"": ""Sivasagar""}",2026-08-31 09:15:00
319,0,ID_ISSUED,"{""digital_id"": ""STS-DC14385A2952"", ""document"": ""XXXX-XXXX-9687"", ""name"": ""Pranjal Ghosh"", ""nationality"": ""Indian"", ""trip_end"": ""2026-09-05T14:30:00""}",2026-08-16 09:30:00
319,1,KYC_VERIFIED,"{""document_type"": ""aadhaar"", ""method"": ""document_scan"", ""verified_by"": ""auto_kyc""}",2026-08-16 10:09:00
319,2,CHECKIN,"{""lat"": 26.1964, ""lng"": 91.7453, ""location"": ""Umananda Island""}",2026-08-31 10:30:00
319,3,CHECKOUT,"{""location"": ""Guwahati Planetarium"", ""trip_completed"": true}",2026-09-05 14:30:00
320,0,ID_ISSUED,"{""digital_id"": ""STS-147D07C6C10B"", ""document"": ""TPH3099093"", ""name"": ""Dhruv Nath"", ""nationality"": ""Indian"", ""trip_end"": ""2026-08-12T19:00:00""}",2026-07-23 05:00:00
320,1,KYC_VERIFIED,"{""document_type"": ""voterid"", ""method"": ""document_scan"", ""verified_by"": ""auto_kyc""}",2026-07-23 05:09:00
320,2,CHECKIN,"{""lat"": 26.147, ""lng"": 91.79, ""location"": ""Ganeshguri Junction""}",2026-08-11 06:00:00
320,3,CHECKOUT,"{""location"": ""En route to Ygdrasill Bamboo Resort, Cherrapunji (stay 1)"", ""trip_completed"": true}",2026-08-12 19:00:00
321,0,ID_ISSUED,"{""digital_id"": ""STS-ACFA8837F379"", ""document"": ""XXXX-XXXX-3361"", ""name"": ""Mridula Reddy"", ""nationality"": ""Indian"", ""trip_end"": ""2026-08-23T15:15:00""}",2026-08-06 21:15:00
321,1,KYC_VERIFIED,"{""document_type"": ""aadhaar"", ""method"": ""document_scan"", ""verified_by"": ""auto_kyc""}",2026-08-06 21:25:00
321,2,CHECKIN,"{""lat"": 26.6338, ""lng"": 92.8, ""location"": ""Tezpur""}",2026-08-13 09:15:00
321,3,CHECKOUT,"{""location"": ""Sivasagar"", ""trip_completed"": true}",2026-08-23 15:15:00
322,0,ID_ISSUED,"{""digital_id"": ""STS-A1061C6C998C"", ""document"": ""XXXX-XXXX-2093"", ""name"": ""Jayanta Sharma"", ""nationality"": ""Indian"", ""trip_end"": ""2026-08-01T16:45:00""}",2026-07-15 01:45:00
322,1,KYC_VERIFIED,"{""document_type"": ""aadhaar"", ""method"": ""document_scan"", ""verified_by"": ""auto_kyc""}",2026-07-15 02:09:00
322,2,CHECKIN,"{""lat"": 26.147, ""lng"": 91.79, ""location"": ""Ganeshguri Junction""}",2026-07-29 07:45:00
322,3,CHECKOUT,"{""location"": ""En route to Ginger Guwahati (stay 1)"", ""trip_completed"": true}",2026-08-01 16:45:00
323,0,ID_ISSUED,"{""digital_id"": ""STS-CD033CDFB03A"", ""document"": ""123781103"", ""name"": ""Camille Bernard"", ""nationality"": ""French"", ""trip_end"": ""2026-08-15T22:15:00""}",2026-08-06 01:15:00
323,1,KYC_VERIFIED,"{""document_type"": ""passport"", ""method"": ""document_scan"", ""verified_by"": ""auto_kyc""}",2026-08-06 01:35:00
323,2,CHECKIN,"{""lat"": 26.1061, ""lng"": 91.5859, ""location"": ""LGB International Airport""}",2026-08-14 09:15:00
323,3,CHECKOUT,"{""location"": ""En route to Radisson Blu Guwahati (stay 2)"", ""trip_completed"": true}",2026-08-15 22:15:00
324,0,ID_ISSUED,"{""digital_id"": ""STS-C1007E2EE64B"", ""document"": ""XXXX-XXXX-5740"", ""name"": ""Riya Verma"", ""nationality"": ""Indian"", ""trip_end"": ""2026-08-18T15:00:00""}",2026-07-27 17:00:00
324,1,KYC_VERIFIED,"{""document_type"": ""aadhaar"", ""method"": ""document_scan"", ""verified_by"": ""auto_kyc""}",2026-07-27 17:19:00
324,2,CHECKIN,"{""lat"": 26.178, ""lng"": 91.786, ""location"": ""Assam State Zoo & Botanical Garden""}",2026-08-16 08:00:00
324,3,CHECKOUT,"{""location"": ""En route to Deepor Beel Wildlife Sanctuary"", ""trip_completed"": true}",2026-08-18 15:00:00
325,0,ID_ISSUED,"{""digital_id"": ""STS-56DD4A8DB32E"", ""document"": ""XXXX-XXXX-6722"", ""name"": ""Jayanta Bora"", ""nationality"": ""Indian"", ""trip_end"": ""2026-08-24T00:15:00""}",2026-08-03 00:15:00
325,1,KYC_VERIFIED,"{""document_type"": ""aadhaar"", ""method"": ""document_scan"", ""verified_by"": ""auto_kyc""}",2026-08-03 00:23:00
325,2,CHECKIN,"{""lat"": 23.8315, ""lng"": 91.2868, ""location"": ""Agartala""}",2026-08-12 10:15:00
325,3,CHECKOUT,"{""location"": ""Gangtok"", ""trip_completed"": true}",2026-08-24 00:15:00
326,0,ID_ISSUED,"{""digital_id"": ""STS-04C37579C83D"", ""document"": ""JVD3171609"", ""name"": ""Bornali Verma"", ""nationality"": ""Indian"", ""trip_end"": ""2026-08-16T19:45:00""}",2026-08-04 16:45:00
326,1,KYC_VERIFIED,"{""document_type"": ""voterid"", ""method"": ""document_scan"", ""verified_by"": ""auto_kyc""}",2026-08-04 16:48:00
326,2,CHECKIN,"{""lat"": 26.1749, ""lng"": 91.7789, ""location"": ""Navagraha Temple""}",2026-08-11 07:45:00
326,3,CHECKOUT,"{""location"": ""En route to Umananda Island"", ""trip_completed"": true}",2026-08-16 19:45:00
327,0,ID_ISSUED,"{""digital_id"": ""STS-26007B06CEED"", ""document"": ""HJW6869163"", ""name"": ""Nikhil Rajkhowa"", ""nationality"": ""Indian"", ""trip_end"": ""2026-09-04T16:15:00""}",2026-08-05 06:15:00
327,1,KYC_VERIFIED,"{""document_type"": ""voterid"", ""method"": ""document_scan"", ""verified_by"": ""auto_kyc""}",2026-08-05 06:48:00
327,2,CHECKIN,"{""lat"": 25.6751, ""lng"": 94.1086, ""location"": ""Kohima""}",2026-08-22 06:15:00
327,3,CHECKOUT,"{""location"": ""Gangtok"", ""trip_completed"": true}",2026-09-04 16:15:00
328,0,ID_ISSUED,"{""digital_id"": ""STS-590766D8612A"", ""document"": ""XXXX-XXXX-6734"", ""name"": ""Kavya Singh"", ""nationality"": ""Indian"", ""trip_end"": ""2026-09-09T15:30:00""}",2026-08-13 21:30:00
328,1,KYC_VERIFIED,"{""document_type"": ""aadhaar"", ""method"": ""document_scan"", ""verified_by"": ""auto_kyc""}",2026-08-13 21:47:00
328,2,CHECKIN,"{""lat"": 26.178, ""lng"": 91.786, ""location"": ""Assam State Zoo & Botanical Garden""}",2026-09-04 10:30:00
329,0,ID_ISSUED,"{""digital_id"": ""STS-AA58B3FEB52F"", ""document"": ""749435062"", ""name"": ""James Wilson"", ""nationality"": ""American"", ""trip_end"": ""2026-09-05T23:15:00""}",2026-08-17 16:15:00
329,1,KYC_VERIFIED,"{""document_type"": ""passport"", ""method"": ""document_scan"", ""verified_by"": ""auto_kyc""}",2026-08-17 16:34:00
329,2,CHECKIN,"{""lat"": 26.1964, ""lng"": 91.7453, ""location"": ""Umananda Island""}",2026-09-01 09:15:00
330,0,ID_ISSUED,"{""digital_id"": ""STS-449579DE60BE"", ""document"": ""XXXX-XXXX-4484"", ""name"": ""Ananya Phukan"", ""nationality"": ""Indian"", ""trip_end"": ""2026-08-21T14:45:00""}",2026-07-24 15:45:00
330,1,KYC_VERIFIED,"{""document_type"": ""aadhaar"", ""method"": ""document_scan"", ""verified_by"": ""auto_kyc""}",2026-07-24 16:09:00
330,2,CHECKIN,"{""lat"": 26.1061, ""lng"": 91.5859, ""location"": ""LGB International Airport""}",2026-08-11 06:45:00
330,3,CHECKOUT,"{""location"": ""Aizawl"", ""trip_completed"": true}",2026-08-21 14:45:00
331,0,ID_ISSUED,"{""digital_id"": ""STS-AA48D5CD71FF"", ""document"": ""XXXX-XXXX-4484"", ""name"": ""Aditya Choudhury"", ""nationality"": ""Indian"", ""trip_end"": ""2026-08-11T12:15:00""}",2026-07-12 09:15:00
331,1,KYC_VERIFIED,"{""document_type"": ""aadhaar"", ""method"": ""document_scan"", ""verified_by"": ""auto_kyc""}",2026-07-12 09:58:00
331,2,CHECKIN,"{""lat"": 26.5775, ""lng"": 93.1711, ""location"": ""Kaziranga National Park""}",2026-07-29 05:15:00
331,3,CHECKOUT,"{""location"": ""Agartala"", ""trip_completed"": true}",2026-08-11 12:15:00
332,0,ID_ISSUED,"{""digital_id"": ""STS-99C5C3D9B57F"", ""document"": ""Z4150945"", ""name"": ""Simanta Sen"", ""nationality"": ""Indian"", ""trip_end"": ""2026-08-10T21:15:00""}",2026-07-24 17:15:00
332,1,KYC_VERIFIED,"{""document_type"": ""passport"", ""method"": ""document_scan"", ""verified_by"": ""auto_kyc""}",2026-07-24 17:21:00
332,2,CHECKIN,"{""lat"": 26.1836, ""lng"": 91.7434, ""location"": ""Fancy Bazaar""}",2026-08-05 07:15:00
332,3,CHECKOUT,"{""location"": ""Dighalipukhuri"", ""trip_completed"": true}",2026-08-10 21:15:00
333,0,ID_ISSUED,"{""digital_id"": ""STS-A69D4D290E91"", ""document"": ""NP6995648"", ""name"": ""Anjana Adhikari"", ""nationality"": ""Nepali"", ""trip_end"": ""2026-08-09T18:45:00""}",2026-07-09 15:45:00
333,1,KYC_VERIFIED,"{""document_type"": ""passport"", ""method"": ""document_scan"", ""verified_by"": ""auto_kyc""}",2026-07-09 16:16:00
333,2,CHECKIN,"{""lat"": 25.5788, ""lng"": 91.8933, ""location"": ""Shillong""}",2026-07-26 09:45:00
333,3,CHECKOUT,"{""location"": ""Gangtok"", ""trip_completed"": true}",2026-08-09 18:45:00
334,0,ID_ISSUED,"{""digital_id"": ""STS-7B1BE37C9ED2"", ""document"": ""N9162434"", ""name"": ""Kasun Silva"", ""nationality"": ""Sri Lankan"", ""trip_end"": ""2026-09-08T10:45:00""}",2026-08-16 13:45:00
334,1,KYC_VERIFIED,"{""document_type"": ""passport"", ""method"": ""document_scan"", ""verified_by"": ""auto_kyc""}",2026-08-16 13:59:00
334,2,CHECKIN,"{""lat"": 25.19, ""lng"": 92.02, ""location"": ""Dawki / Umngot River""}",2026-09-03 08:45:00
335,0,ID_ISSUED,"{""digital_id"": ""STS-08708990D2EC"", ""document"": ""Z1960461"", ""name"": ""Rahul Sen"", ""nationality"": ""Indian"", ""trip_end"": ""2026-08-20T14:15:00""}",2026-07-27 18:15:00
335,1,KYC_VERIFIED,"{""document_type"": ""passport"", ""method"": ""document_scan"", ""verified_by"": ""auto_kyc""}",2026-07-27 18:51:00
335,2,CHECKIN,"{""lat"": 26.95, ""lng"": 94.17, ""location"": ""Majuli River Island""}",2026-08-12 11:15:00
335,3,CHECKOUT,"{""location"": ""Nameri National Park"", ""trip_completed"": true}",2026-08-20 14:15:00
336,0,ID_ISSUED,"{""digital_id"": ""STS-169EA2B646C7"", ""document"": ""564674133"", ""name"": ""George Baker"", ""nationality"": ""British"", ""trip_end"": ""2026-08-19T17:30:00""}",2026-08-01 10:30:00
336,1,KYC_VERIFIED,"{""document_type"": ""passport"", ""method"": ""document_scan"", ""verified_by"": ""auto_kyc""}",2026-08-01 10:54:00
336,2,CHECKIN,"{""lat"": 25.5788, ""lng"": 91.8933, ""location"": ""Shillong""}",2026-08-07 10:30:00
336,3,CHECKOUT,"{""location"": ""Agartala"", ""trip_completed"": true}",2026-08-19 17:30:00
337,0,ID_ISSUED,"{""digital_id"": ""STS-5E8187DB77A8"", ""document"": ""Z7788031"", ""name"": ""Arjun Saikia"", ""nationality"": ""Indian"", ""trip_end"": ""2026-08-19T14:45:00""}",2026-08-08 04:45:00
337,1,KYC_VERIFIED,"{""document_type"": ""passport"", ""method"": ""document_scan"", ""verified_by"": ""auto_kyc""}",2026-08-08 05:19:00
337,2,CHECKIN,"{""lat"": 26.2333, ""lng"": 92.0833, ""location"": ""Pobitora Wildlife Sanctuary""}",2026-08-14 10:45:00
337,3,CHECKOUT,"{""location"": ""Deepor Beel Wildlife Sanctuary"", ""trip_completed"": true}",2026-08-19 14:45:00
338,0,ID_ISSUED,"{""digital_id"": ""STS-C8A2174C4479"", ""document"": ""YQM1339740"", ""name"": ""Riya Choudhury"", ""nationality"": ""Indian"", ""trip_end"": ""2026-08-16T23:15:00""}",2026-07-28 19:15:00
338,1,KYC_VERIFIED,"{""document_type"": ""voterid"", ""method"": ""document_scan"", ""verified_by"": ""auto_kyc""}",2026-07-28 19:20:00
338,2,CHECKIN,"{""lat"": 26.1824, ""lng"": 91.7513, ""location"": ""Guwahati Railway Station""}",2026-08-15 09:15:00
338,3,CHECKOUT,"{""location"": ""En route to Vivanta Guwahati (stay 1)"", ""trip_completed"": true}",2026-08-16 23:15:00
339,0,ID_ISSUED,"{""digital_id"": ""STS-F2B458EAD7C9"", ""document"": ""BX6853275"", ""name"": ""Mahmuda Ahmed"", ""nationality"": ""Bangladeshi"", ""trip_end"": ""2026-08-16T14:00:00""}",2026-07-27 02:00:00
339,1,KYC_VERIFIED,"{""document_type"": ""passport"", ""method"": ""document_scan"", ""verified_by"": ""auto_kyc""}",2026-07-27 02:37:00
339,2,CHECKIN,"{""lat"": 26.1061, ""lng"": 91.5859, ""location"": ""LGB International Airport""}",2026-08-07 05:00:00
339,3,CHECKOUT,"{""location"": ""Sivasagar"", ""trip_completed"": true}",2026-08-16 14:00:00
340,0,ID_ISSUED,"{""digital_id"": ""STS-271D2EDA7D6C"", ""document"": ""XXXX-XXXX-6940"", ""name"": ""Vikram Kalita"", ""nationality"": ""Indian"", ""trip_end"": ""2026-08-15T23:45:00""}",2026-07-30 03:45:00
340,1,KYC_VERIFIED,"{""document_type"": ""aadhaar"", ""method"": ""document_scan"", ""verified_by"": ""auto_kyc""}",2026-07-30 03:54:00
340,2,CHECKIN,"{""lat"": 26.178, ""lng"": 91.786, ""location"": ""Assam State Zoo & Botanical Garden""}",2026-08-12 11:45:00
340,3,CHECKOUT,"{""location"": ""En route to Deepor Beel Wildlife Sanctuary"", ""trip_completed"": true}",2026-08-15 23:45:00
341,0,ID_ISSUED,"{""digital_id"": ""STS-F67D953E9883"", ""document"": ""Z6300965"", ""name"": ""Anurag Reddy"", ""nationality"": ""Indian"", ""trip_end"": ""2026-09-08T21:45:00""}",2026-08-08 09:45:00
341,1,KYC_VERIFIED,"{""document_type"": ""passport"", ""method"": ""document_scan"", ""verified_by"": ""auto_kyc""}",2026-08-08 10:09:00
341,2,CHECKIN,"{""lat"": 26.5775, ""lng"": 93.1711, ""location"": ""Kaziranga National Park""}",2026-08-27 07:45:00
342,0,ID_ISSUED,"{""digital_id"": ""STS-8E68541903E6"", ""document"": ""Z8029400"", ""name"": ""Nikhil Saikia"", ""nationality"": ""Indian"", ""trip_end"": ""2026-09-15T19:45:00""}",2026-09-03 01:45:00
342,1,KYC_VERIFIED,"{""document_type"": ""passport"", ""method"": ""document_scan"", ""verified_by"": ""auto_kyc""}",2026-09-03 02:07:00
342,2,CHECKIN,"{""lat"": 26.6338, ""lng"": 92.8, ""location"": ""Tezpur""}",2026-09-05 05:45:00
343,0,ID_ISSUED,"{""digital_id"": ""STS-874ADB3C6969"", ""document"": ""XXXX-XXXX-4234"", ""name"": ""Mridula Rajkhowa"", ""nationality"": ""Indian"", ""trip_end"": ""2026-08-31T19:30:00""}",2026-08-12 08:30:00
343,1,KYC_VERIFIED,"{""document_type"": ""aadhaar"", ""method"": ""document_scan"", ""verified_by"": ""auto_kyc""}",2026-08-12 08:36:00
343,2,CHECKIN,"{""lat"": 25.5788, ""lng"": 91.8933, ""location"": ""Shillong""}",2026-08-18 07:30:00
343,3,CHECKOUT,"{""location"": ""Gangtok"", ""trip_completed"": true}",2026-08-31 19:30:00
344,0,ID_ISSUED,"{""digital_id"": ""STS-C34AE0D791B8"", ""document"": ""XXXX-XXXX-3351"", ""name"": ""Aarav Dutta"", ""nationality"": ""Indian"", ""trip_end"": ""2026-09-09T15:15:00""}",2026-08-23 07:15:00
344,1,KYC_VERIFIED,"{""document_type"": ""aadhaar"", ""method"": ""document_scan"", ""verified_by"": ""auto_kyc""}",2026-08-23 07:21:00
344,2,CHECKIN,"{""lat"": 26.1824, ""lng"": 91.7513, ""location"": ""Guwahati Railway Station""}",2026-08-28 10:15:00
345,0,ID_ISSUED,"{""digital_id"": ""STS-113B0639F386"", ""document"": ""165646895"", ""name"": ""Jack Hall"", ""nationality"": ""British"", ""trip_end"": ""2026-08-30T14:30:00""}",2026-08-26 21:30:00
345,1,KYC_VERIFIED,"{""document_type"": ""passport"", ""method"": ""document_scan"", ""verified_by"": ""auto_kyc""}",2026-08-26 21:33:00
345,2,CHECKIN,"{""lat"": 26.1856, ""lng"": 91.7625, ""location"": ""Guwahati Planetarium""}",2026-08-27 05:30:00
345,3,CHECKOUT,"{""location"": ""Brahmaputra Riverfront"", ""trip_completed"": true}",2026-08-30 14:30:00
346,0,ID_ISSUED,"{""digital_id"": ""STS-39CD1BEBCBF9"", ""document"": ""XXXX-XXXX-6153"", ""name"": ""Gitanjali Rajkhowa"", ""nationality"": ""Indian"", ""trip_end"": ""2026-08-18T15:15:00""}",2026-08-04 21:15:00
346,1,KYC_VERIFIED,"{""document_type"": ""aadhaar"", ""method"": ""document_scan"", ""verified_by"": ""auto_kyc""}",2026-08-04 21:30:00
346,2,CHECKIN,"{""lat"": 26.5775, ""lng"": 93.1711, ""location"": ""Kaziranga National Park""}",2026-08-08 11:15:00
346,3,CHECKOUT,"{""location"": ""Jorhat"", ""trip_completed"": true}",2026-08-18 15:15:00
347,0,ID_ISSUED,"{""digital_id"": ""STS-D94726A39B9F"", ""document"": ""HBSGU9839M"", ""name"": ""Rituparna Iyer"", ""nationality"": ""Indian"", ""trip_end"": ""2026-08-01T16:30:00""}",2026-07-13 05:30:00
347,1,KYC_VERIFIED,"{""document_type"": ""pan"", ""method"": ""document_scan"", ""verified_by"": ""auto_kyc""}",2026-07-13 05:41:00
347,2,CHECKIN,"{""lat"": 26.1061, ""lng"": 91.5859, ""location"": ""LGB International Airport""}",2026-07-25 11:30:00
347,3,CHECKOUT,"{""location"": ""Jorhat"", ""trip_completed"": true}",2026-08-01 16:30:00
348,0,ID_ISSUED,"{""digital_id"": ""STS-762A6CC37AD6"", ""document"": ""Z5557302"", ""name"": ""Divya Saikia"", ""nationality"": ""Indian"", ""trip_end"": ""2026-08-01T19:00:00""}",2026-07-12 02:00:00
348,1,KYC_VERIFIED,"{""document_type"": ""passport"", ""method"": ""document_scan"", ""verified_by"": ""auto_kyc""}",2026-07-12 02:21:00
348,2,CHECKIN,"{""lat"": 26.1664, ""lng"": 91.7055, ""location"": ""Kamakhya Temple""}",2026-07-28 07:00:00
348,3,CHECKOUT,"{""location"": ""En route to Navagraha Temple"", ""trip_completed"": true}",2026-08-01 19:00:00
349,0,ID_ISSUED,"{""digital_id"": ""STS-86E85788A060"", ""document"": ""PA7244850"", ""name"": ""Liam Campbell"", ""nationality"": ""Australian"", ""trip_end"": ""2026-09-02T20:45:00""}",2026-08-04 02:45:00
349,1,KYC_VERIFIED,"{""document_type"": ""passport"", ""method"": ""document_scan"", ""verified_by"": ""auto_kyc""}",2026-08-04 03:05:00
349,2,CHECKIN,"{""lat"": 26.1061, ""lng"": 91.5859, ""location"": ""LGB International Airport""}",2026-08-23 08:45:00
349,3,CHECKOUT,"{""location"": ""Sivasagar"", ""trip_completed"": true}",2026-09-02 20:45:00
350,0,ID_ISSUED,"{""digital_id"": ""STS-2CB8B6492EC8"", ""document"": ""XXXX-XXXX-2718"", ""name"": ""Nabanita Saikia"", ""nationality"": ""Indian"", ""trip_end"": ""2026-08-04T00:00:00""}",2026-07-12 16:00:00
350,1,KYC_VERIFIED,"{""document_type"": ""aadhaar"", ""method"": ""document_scan"", ""verified_by"": ""auto_kyc""}",2026-07-12 16:37:00
350,2,CHECKIN,"{""lat"": 25.2, ""lng"": 91.9167, ""location"": ""Mawlynnong Village""}",2026-07-24 10:00:00
350,3,CHECKOUT,"{""location"": ""En route to Shillong"", ""trip_completed"": true}",2026-08-04 00:00:00
351,0,ID_ISSUED,"{""digital_id"": ""STS-5D13073945F1"", ""document"": ""XXXX-XXXX-7724"", ""name"": ""Ananya Baishya"", ""nationality"": ""Indian"", ""trip_end"": ""2026-09-09T17:15:00""}",2026-08-27 22:15:00
351,1,KYC_VERIFIED,"{""document_type"": ""aadhaar"", ""method"": ""document_scan"", ""verified_by"": ""auto_kyc""}",2026-08-27 22:19:00
351,2,CHECKIN,"{""lat"": 26.25, ""lng"": 91.5167, ""location"": ""Hajo Pilgrimage Town""}",2026-09-06 06:15:00
352,0,ID_ISSUED,"{""digital_id"": ""STS-9367E632AC88"", ""document"": ""619568208"", ""name"": ""David Davis"", ""nationality"": ""American"", ""trip_end"": ""2026-08-24T11:00:00""}",2026-07-31 12:00:00
352,1,KYC_VERIFIED,"{""document_type"": ""passport"", ""method"": ""document_scan"", ""verified_by"": ""auto_kyc""}",2026-07-31 12:41:00
352,2,CHECKIN,"{""lat"": 26.1824, ""lng"": 91.7513, ""location"": ""Guwahati Railway Station""}",2026-08-11 09:00:00
352,3,CHECKOUT,"{""location"": ""Ziro Valley"", ""trip_completed"": true}",2026-08-24 11:00:00
353,0,ID_ISSUED,"{""digital_id"": ""STS-2C7935802DAF"", ""document"": ""XXXX-XXXX-8217"", ""name"": ""Hemanta Gogoi"", ""nationality"": ""Indian"", ""trip_end"": ""2026-07-27T18:00:00""}",2026-07-13 18:00:00
353,1,KYC_VERIFIED,"{""document_type"": ""aadhaar"", ""method"": ""document_scan"", ""verified_by"": ""auto_kyc""}",2026-07-13 18:29:00
353,2,CHECKIN,"{""lat"": 26.175, ""lng"": 91.758, ""location"": ""Gandhi Mandap, Sarania Hill""}",2026-07-24 10:00:00
353,3,CHECKOUT,"{""location"": ""En route to Wild Mahseer, Balipara (stay 1)"", ""trip_completed"": true}",2026-07-27 18:00:00
354,0,ID_ISSUED,"{""digital_id"": ""STS-0CD8DC6EDFEC"", ""document"": ""981630312"", ""name"": ""Alfie Baker"", ""nationality"": ""British"", ""trip_end"": ""2026-08-23T16:00:00""}",2026-07-28 20:00:00
354,1,KYC_VERIFIED,"{""document_type"": ""passport"", ""method"": ""document_scan"", ""verified_by"": ""auto_kyc""}",2026-07-28 20:30:00
354,2,CHECKIN,"{""lat"": 25.19, ""lng"": 92.02, ""location"": ""Dawki / Umngot River""}",2026-08-15 10:00:00
354,3,CHECKOUT,"{""location"": ""Cherrapunji (Sohra)"", ""trip_completed"": true}",2026-08-23 16:00:00
355,0,ID_ISSUED,"{""digital_id"": ""STS-0140254B416B"", ""document"": ""XXXX-XXXX-5530"", ""name"": ""Pranjal Ghosh"", ""nationality"": ""Indian"", ""trip_end"": ""2026-08-05T14:45:00""}",2026-07-09 16:45:00
355,1,KYC_VERIFIED,"{""document_type"": ""aadhaar"", ""method"": ""document_scan"", ""verified_by"": ""auto_kyc""}",2026-07-09 17:09:00
355,2,CHECKIN,"{""lat"": 26.5775, ""lng"": 93.1711, ""location"": ""Kaziranga National Park""}",2026-07-26 08:45:00
355,3,CHECKOUT,"{""location"": ""LGB International Airport"", ""trip_completed"": true}",2026-08-05 14:45:00
356,0,ID_ISSUED,"{""digital_id"": ""STS-EF747181D3BA"", ""document"": ""RXU1435256"", ""name"": ""Aarav Choudhury"", ""nationality"": ""Indian"", ""trip_end"": ""2026-09-05T23:00:00""}",2026-08-07 16:00:00
356,1,KYC_VERIFIED,"{""document_type"": ""voterid"", ""method"": ""document_scan"", ""verified_by"": ""auto_kyc""}",2026-08-07 16:41:00
356,2,CHECKIN,"{""lat"": 26.6338, ""lng"": 92.8, ""location"": ""Tezpur""}",2026-08-22 11:00:00
356,3,MARKED_MISSING,"{""last_lat"": 27.546534, ""last_lng"": 93.835638}",2026-09-05 12:49:18
356,4,EFIR_FILED,"{""fir_number"": ""EFIR/2026/00356""}",2026-09-05 12:49:18
357,0,ID_ISSUED,"{""digital_id"": ""STS-8B01BA434EE1"", ""document"": ""BX7955417"", ""name"": ""Shakib Hossain"", ""nationality"": ""Bangladeshi"", ""trip_end"": ""2026-07-27T20:00:00""}",2026-07-14 18:00:00
357,1,KYC_VERIFIED,"{""document_type"": ""passport"", ""method"": ""document_scan"", ""verified_by"": ""auto_kyc""}",2026-07-14 18:13:00
357,2,CHECKIN,"{""lat"": 26.144, ""lng"": 91.8058, ""location"": ""Srimanta Sankaradeva Kalakshetra""}",2026-07-24 07:00:00
357,3,CHECKOUT,"{""location"": ""En route to Srimanta Sankaradeva Kalakshetra"", ""trip_completed"": true}",2026-07-27 20:00:00
358,0,ID_ISSUED,"{""digital_id"": ""STS-2ABEF23B6FA2"", ""document"": ""EWUGV8603X"", ""name"": ""Vikram Ghosh"", ""nationality"": ""Indian"", ""trip_end"": ""2026-08-15T19:45:00""}",2026-08-10 06:45:00
358,1,KYC_VERIFIED,"{""document_type"": ""pan"", ""method"": ""document_scan"", ""verified_by"": ""auto_kyc""}",2026-08-10 06:51:00
358,2,CHECKIN,"{""lat"": 26.147, ""lng"": 91.79, ""location"": ""Ganeshguri Junction""}",2026-08-14 08:45:00
358,3,CHECKOUT,"{""location"": ""En route to Hotel Rajmahal (stay 1)"", ""trip_completed"": true}",2026-08-15 19:45:00
359,0,ID_ISSUED,"{""digital_id"": ""STS-1AD0C9C00EB4"", ""document"": ""XXXX-XXXX-2322"", ""name"": ""Rupam Gogoi"", ""nationality"": ""Indian"", ""trip_end"": ""2026-08-15T12:15:00""}",2026-07-24 19:15:00
359,1,KYC_VERIFIED,"{""document_type"": ""aadhaar"", ""method"": ""document_scan"", ""verified_by"": ""auto_kyc""}",2026-07-24 19:56:00
359,2,CHECKIN,"{""lat"": 27.5448, ""lng"": 93.832, ""location"": ""Ziro Valley""}",2026-08-03 07:15:00
359,3,CHECKOUT,"{""location"": ""Tawang Monastery"", ""trip_completed"": true}",2026-08-15 12:15:00
360,0,ID_ISSUED,"{""digital_id"": ""STS-A7F6AC4C3942"", ""document"": ""XXXX-XXXX-9633"", ""name"": ""Dhruv Nair"", ""nationality"": ""Indian"", ""trip_end"": ""2026-08-18T20:00:00""}",2026-07-24 16:00:00
360,1,KYC_VERIFIED,"{""document_type"": ""aadhaar"", ""method"": ""document_scan"", ""verified_by"": ""auto_kyc""}",2026-07-24 16:18:00
360,2,CHECKIN,"{""lat"": 26.1667, ""lng"": 91.5667, ""location"": ""Sualkuchi Silk Village""}",2026-08-14 09:00:00
360,3,CHECKOUT,"{""location"": ""Uzan Bazar Ghat"", ""trip_completed"": true}",2026-08-18 20:00:00
361,0,ID_ISSUED,"{""digital_id"": ""STS-573B9B3A3891"", ""document"": ""758824116"", ""name"": ""Grace Walker"", ""nationality"": ""British"", ""trip_end"": ""2026-08-22T14:00:00""}",2026-07-29 17:00:00
361,1,KYC_VERIFIED,"{""document_type"": ""passport"", ""method"": ""document_scan"", ""verified_by"": ""auto_kyc""}",2026-07-29 17:34:00
361,2,CHECKIN,"{""lat"": 26.1749, ""lng"": 91.7789, ""location"": ""Navagraha Temple""}",2026-08-18 05:00:00
361,3,CHECKOUT,"{""location"": ""En route to Navagraha Temple"", ""trip_completed"": true}",2026-08-22 14:00:00
362,0,ID_ISSUED,"{""digital_id"": ""STS-5B1E1B8CC1F1"", ""document"": ""XXXX-XXXX-2766"", ""name"": ""Ananya Reddy"", ""nationality"": ""Indian"", ""trip_end"": ""2026-08-18T07:15:00""}",2026-07-15 18:15:00
362,1,KYC_VERIFIED,"{""document_type"": ""aadhaar"", ""method"": ""document_scan"", ""verified_by"": ""auto_kyc""}",2026-07-15 18:45:00
362,2,CHECKIN,"{""lat"": 26.92, ""lng"": 92.88, ""location"": ""Nameri National Park""}",2026-08-06 05:15:00
362,3,CHECKOUT,"{""location"": ""LGB International Airport"", ""trip_completed"": true}",2026-08-18 07:15:00
363,0,ID_ISSUED,"{""digital_id"": ""STS-85242E77A5D2"", ""document"": ""DEDGJ8156A"", ""name"": ""Debojit Saikia"", ""nationality"": ""Indian"", ""trip_end"": ""2026-08-18T14:15:00""}",2026-08-10 21:15:00
363,1,KYC_VERIFIED,"{""document_type"": ""pan"", ""method"": ""document_scan"", ""verified_by"": ""auto_kyc""}",2026-08-10 21:54:00
363,2,CHECKIN,"{""lat"": 25.9333, ""lng"": 91.4333, ""location"": ""Chandubi Lake""}",2026-08-15 11:15:00
363,3,CHECKOUT,"{""location"": ""Pobitora Wildlife Sanctuary"", ""trip_completed"": true}",2026-08-18 14:15:00
364,0,ID_ISSUED,"{""digital_id"": ""STS-72072001160F"", ""document"": ""XXXX-XXXX-2857"", ""name"": ""Utpal Hazarika"", ""nationality"": ""Indian"", ""trip_end"": ""2026-08-20T18:30:00""}",2026-08-08 12:30:00
364,1,KYC_VERIFIED,"{""document_type"": ""aadhaar"", ""method"": ""document_scan"", ""verified_by"": ""auto_kyc""}",2026-08-08 13:07:00
364,2,CHECKIN,"{""lat"": 25.2, ""lng"": 91.9167, ""location"": ""Mawlynnong Village""}",2026-08-10 06:30:00
364,3,CHECKOUT,"{""location"": ""En route to Mawlynnong Village"", ""trip_completed"": true}",2026-08-20 18:30:00
365,0,ID_ISSUED,"{""digital_id"": ""STS-18F4E2A85F6C"", ""document"": ""BX3577388"", ""name"": ""Tanvir Uddin"", ""nationality"": ""Bangladeshi"", ""trip_end"": ""2026-08-31T22:45:00""}",2026-08-18 03:45:00
365,1,KYC_VERIFIED,"{""document_type"": ""passport"", ""method"": ""document_scan"", ""verified_by"": ""auto_kyc""}",2026-08-18 04:11:00
365,2,CHECKIN,"{""lat"": 26.1824, ""lng"": 91.7513, ""location"": ""Guwahati Railway Station""}",2026-08-28 10:45:00
365,3,CHECKOUT,"{""location"": ""En route to Hotel Polo Towers, Shillong (stay 1)"", ""trip_completed"": true}",2026-08-31 22:45:00
366,0,ID_ISSUED,"{""digital_id"": ""STS-24BC6768D4F2"", ""document"": ""BX0737948"", ""name"": ""Rahim Chowdhury"", ""nationality"": ""Bangladeshi"", ""trip_end"": ""2026-08-08T17:45:00""}",2026-07-16 09:45:00
366,1,KYC_VERIFIED,"{""document_type"": ""passport"", ""method"": ""document_scan"", ""verified_by"": ""auto_kyc""}",2026-07-16 09:58:00
366,2,CHECKIN,"{""lat"": 26.1905, ""lng"": 91.748, ""location"": ""Brahmaputra Riverfront""}",2026-08-06 09:45:00
366,3,SOS_TRIGGERED,"{""lat"": 26.181513, ""lng"": 91.736644, ""message"": ""I cannot find my child, we were separated in the crowd.""}",2026-08-07 13:25:59
367,0,ID_ISSUED,"{""digital_id"": ""STS-8E29C75FB8F1"", ""document"": ""Z3772644"", ""name"": ""Jayanta Das"", ""nationality"": ""Indian"", ""trip_end"": ""2026-08-16T11:30:00""}",2026-07-27 00:30:00
367,1,KYC_VERIFIED,"{""document_type"": ""passport"", ""method"": ""document_scan"", ""verified_by"": ""auto_kyc""}",2026-07-27 00:49:00
367,2,CHECKIN,"{""lat"": 26.135, ""lng"": 91.805, ""location"": ""Six Mile""}",2026-08-13 06:30:00
367,3,CHECKOUT,"{""location"": ""En route to Six Mile"", ""trip_completed"": true}",2026-08-16 11:30:00
368,0,ID_ISSUED,"{""digital_id"": ""STS-226DB31B118F"", ""document"": ""Z9527177"", ""name"": ""Priya Nath"", ""nationality"": ""Indian"", ""trip_end"": ""2026-08-28T11:15:00""}",2026-08-01 15:15:00
368,1,KYC_VERIFIED,"{""document_type"": ""passport"", ""method"": ""document_scan"", ""verified_by"": ""auto_kyc""}",2026-08-01 15:39:00
368,2,CHECKIN,"{""lat"": 26.95, ""lng"": 94.17, ""location"": ""Majuli River Island""}",2026-08-19 08:15:00
368,3,SOS_TRIGGERED,"{""lat"": 26.581252, ""lng"": 93.174121, ""message"": ""I cannot find my child, we were separated in the crowd.""}",2026-08-25 15:43:01
369,0,ID_ISSUED,"{""digital_id"": ""STS-B44FB9F7BA0E"", ""document"": ""XXXX-XXXX-8224"", ""name"": ""Rituparna Medhi"", ""nationality"": ""Indian"", ""trip_end"": ""2026-09-07T22:00:00""}",2026-08-24 12:00:00
369,1,KYC_VERIFIED,"{""document_type"": ""aadhaar"", ""method"": ""document_scan"", ""verified_by"": ""auto_kyc""}",2026-08-24 12:09:00
369,2,CHECKIN,"{""lat"": 26.6338, ""lng"": 92.8, ""location"": ""Tezpur""}",2026-08-30 08:00:00
370,0,ID_ISSUED,"{""digital_id"": ""STS-623041650AAC"", ""document"": ""XXXX-XXXX-5156"", ""name"": ""Priya Ghosh"", ""nationality"": ""Indian"", ""trip_end"": ""2026-08-25T14:15:00""}",2026-08-09 03:15:00
370,1,KYC_VERIFIED,"{""document_type"": ""aadhaar"", ""method"": ""document_scan"", ""verified_by"": ""auto_kyc""}",2026-08-09 03:27:00
370,2,CHECKIN,"{""lat"": 26.1964, ""lng"": 91.7453, ""location"": ""Umananda Island""}",2026-08-19 06:15:00
370,3,CHECKOUT,"{""location"": ""En route to Navagraha Temple"", ""trip_completed"": true}",2026-08-25 14:15:00
371,0,ID_ISSUED,"{""digital_id"": ""STS-F0CF3FF3DFD4"", ""document"": ""XXXX-XXXX-1792"", ""name"": ""Anurag Nair"", ""nationality"": ""Indian"", ""trip_end"": ""2026-09-07T20:45:00""}",2026-08-25 07:45:00
371,1,KYC_VERIFIED,"{""document_type"": ""aadhaar"", ""method"": ""document_scan"", ""verified_by"": ""auto_kyc""}",2026-08-25 08:28:00
371,2,CHECKIN,"{""lat"": 26.178, ""lng"": 91.786, ""location"": ""Assam State Zoo & Botanical Garden""}",2026-09-04 07:45:00
372,0,ID_ISSUED,"{""digital_id"": ""STS-B26E664B1EC9"", ""document"": ""XXXX-XXXX-6919"", ""name"": ""Ananya Phukan"", ""nationality"": ""Indian"", ""trip_end"": ""2026-09-12T13:00:00""}",2026-08-18 18:00:00
372,1,KYC_VERIFIED,"{""document_type"": ""aadhaar"", ""method"": ""document_scan"", ""verified_by"": ""auto_kyc""}",2026-08-18 18:35:00
372,2,CHECKIN,"{""lat"": 26.3667, ""lng"": 91.6333, ""location"": ""Madan Kamdev Ruins""}",2026-09-06 09:00:00
373,0,ID_ISSUED,"{""digital_id"": ""STS-A259C874EF9A"", ""document"": ""PA4521101"", ""name"": ""Mia Harris"", ""nationality"": ""Australian"", ""trip_end"": ""2026-08-14T18:15:00""}",2026-08-04 23:15:00
373,1,KYC_VERIFIED,"{""document_type"": ""passport"", ""method"": ""document_scan"", ""verified_by"": ""auto_kyc""}",2026-08-04 23:59:00
373,2,CHECKIN,"{""lat"": 26.1836, ""lng"": 91.7434, ""location"": ""Fancy Bazaar""}",2026-08-11 08:15:00
373,3,CHECKOUT,"{""location"": ""En route to Wild Mahseer, Balipara (stay 1)"", ""trip_completed"": true}",2026-08-14 18:15:00
374,0,ID_ISSUED,"{""digital_id"": ""STS-4BD68DF8D862"", ""document"": ""XXXX-XXXX-5669"", ""name"": ""Bhaskar Mishra"", ""nationality"": ""Indian"", ""trip_end"": ""2026-08-15T15:30:00""}",2026-07-20 11:30:00
374,1,KYC_VERIFIED,"{""document_type"": ""aadhaar"", ""method"": ""document_scan"", ""verified_by"": ""auto_kyc""}",2026-07-20 11:52:00
374,2,CHECKIN,"{""lat"": 26.1061, ""lng"": 91.5859, ""location"": ""LGB International Airport""}",2026-08-05 08:30:00
374,3,CHECKOUT,"{""location"": ""Sivasagar"", ""trip_completed"": true}",2026-08-15 15:30:00
375,0,ID_ISSUED,"{""digital_id"": ""STS-6C945E32509A"", ""document"": ""NX2493861"", ""name"": ""Daan Bakker"", ""nationality"": ""Dutch"", ""trip_end"": ""2026-09-18T12:00:00""}",2026-08-15 23:00:00
375,1,KYC_VERIFIED,"{""document_type"": ""passport"", ""method"": ""document_scan"", ""verified_by"": ""auto_kyc""}",2026-08-15 23:13:00
375,2,CHECKIN,"{""lat"": 27.5448, ""lng"": 93.832, ""location"": ""Ziro Valley""}",2026-09-06 08:00:00
376,0,ID_ISSUED,"{""digital_id"": ""STS-69BD995AA0C6"", ""document"": ""XXXX-XXXX-6678"", ""name"": ""Siddharth Phukan"", ""nationality"": ""Indian"", ""trip_end"": ""2026-08-08T16:00:00""}",2026-07-16 10:00:00
376,1,KYC_VERIFIED,"{""document_type"": ""aadhaar"", ""method"": ""document_scan"", ""verified_by"": ""auto_kyc""}",2026-07-16 10:41:00
376,2,CHECKIN,"{""lat"": 25.657, ""lng"": 91.889, ""location"": ""Umiam Lake""}",2026-08-03 09:00:00
376,3,CHECKOUT,"{""location"": ""En route to Novotel Guwahati GS Road (stay 1)"", ""trip_completed"": true}",2026-08-08 16:00:00
377,0,ID_ISSUED,"{""digital_id"": ""STS-F90AF13717F1"", ""document"": ""XXXX-XXXX-7800"", ""name"": ""Pooja Sharma"", ""nationality"": ""Indian"", ""trip_end"": ""2026-09-12T17:15:00""}",2026-08-28 01:15:00
377,1,KYC_VERIFIED,"{""document_type"": ""aadhaar"", ""method"": ""document_scan"", ""verified_by"": ""auto_kyc""}",2026-08-28 01:50:00
377,2,CHECKIN,"{""lat"": 26.5775, ""lng"": 93.1711, ""location"": ""Kaziranga National Park""}",2026-08-29 07:15:00
378,0,ID_ISSUED,"{""digital_id"": ""STS-1A83FA1C09BE"", ""document"": ""XXXX-XXXX-6066"", ""name"": ""Debojit Reddy"", ""nationality"": ""Indian"", ""trip_end"": ""2026-08-24T22:45:00""}",2026-08-03 00:45:00
378,1,KYC_VERIFIED,"{""document_type"": ""aadhaar"", ""method"": ""document_scan"", ""verified_by"": ""auto_kyc""}",2026-08-03 01:08:00
378,2,CHECKIN,"{""lat"": 26.135, ""lng"": 91.805, ""location"": ""Six Mile""}",2026-08-23 08:45:00
378,3,CHECKOUT,"{""location"": ""En route to Six Mile"", ""trip_completed"": true}",2026-08-24 22:45:00
379,0,ID_ISSUED,"{""digital_id"": ""STS-A0577D515144"", ""document"": ""XXXX-XXXX-9341"", ""name"": ""Nabanita Dutta"", ""nationality"": ""Indian"", ""trip_end"": ""2026-09-06T18:15:00""}",2026-08-08 12:15:00
379,1,KYC_VERIFIED,"{""document_type"": ""aadhaar"", ""method"": ""document_scan"", ""verified_by"": ""auto_kyc""}",2026-08-08 12:41:00
379,2,CHECKIN,"{""lat"": 25.5788, ""lng"": 91.8933, ""location"": ""Shillong""}",2026-08-28 07:15:00
380,0,ID_ISSUED,"{""digital_id"": ""STS-2469B1F192F8"", ""document"": ""BX6155500"", ""name"": ""Rahim Uddin"", ""nationality"": ""Bangladeshi"", ""trip_end"": ""2026-08-27T09:30:00""}",2026-08-14 03:30:00
380,1,KYC_VERIFIED,"{""document_type"": ""passport"", ""method"": ""document_scan"", ""verified_by"": ""auto_kyc""}",2026-08-14 03:45:00
380,2,CHECKIN,"{""lat"": 27.5861, ""lng"": 91.8594, ""location"": ""Tawang Monastery""}",2026-08-17 06:30:00
380,3,CHECKOUT,"{""location"": ""Ziro Valley"", ""trip_completed"": true}",2026-08-27 09:30:00
381,0,ID_ISSUED,"{""digital_id"": ""STS-55C25E70F9CA"", ""document"": ""XXXX-XXXX-2645"", ""name"": ""Divya Baishya"", ""nationality"": ""Indian"", ""trip_end"": ""2026-09-04T13:00:00""}",2026-08-16 23:00:00
381,1,KYC_VERIFIED,"{""document_type"": ""aadhaar"", ""method"": ""document_scan"", ""verified_by"": ""auto_kyc""}",2026-08-16 23:14:00
381,2,CHECKIN,"{""lat"": 26.1824, ""lng"": 91.7513, ""location"": ""Guwahati Railway Station""}",2026-08-21 05:00:00
381,3,CHECKOUT,"{""location"": ""Ziro Valley"", ""trip_completed"": true}",2026-09-04 13:00:00
382,0,ID_ISSUED,"{""digital_id"": ""STS-E82331FEF547"", ""document"": ""CKM5695492"", ""name"": ""Meera Bhattacharya"", ""nationality"": ""Indian"", ""trip_end"": ""2026-08-01T18:45:00""}",2026-07-20 21:45:00
382,1,KYC_VERIFIED,"{""document_type"": ""voterid"", ""method"": ""document_scan"", ""verified_by"": ""auto_kyc""}",2026-07-20 22:21:00
382,2,CHECKIN,"{""lat"": 26.1061, ""lng"": 91.5859, ""location"": ""LGB International Airport""}",2026-07-30 05:45:00
382,3,SOS_TRIGGERED,"{""lat"": 26.181828, ""lng"": 91.75023, ""message"": ""Someone snatched my bag and pushed me down, need police now.""}",2026-07-31 16:31:46
382,4,CHECKOUT,"{""location"": ""En route to Ygdrasill Bamboo Resort, Cherrapunji (stay 2)"", ""trip_completed"": true}",2026-08-01 18:45:00
383,0,ID_ISSUED,"{""digital_id"": ""STS-95D8DCCDDE6E"", ""document"": ""Z9875051"", ""name"": ""Simanta Patel"", ""nationality"": ""Indian"", ""trip_end"": ""2026-08-13T22:00:00""}",2026-08-03 23:00:00
383,1,KYC_VERIFIED,"{""document_type"": ""passport"", ""method"": ""document_scan"", ""verified_by"": ""auto_kyc""}",2026-08-03 23:14:00
383,2,CHECKIN,"{""lat"": 26.1664, ""lng"": 91.7055, ""location"": ""Kamakhya Temple""}",2026-08-08 11:00:00
383,3,CHECKOUT,"{""location"": ""En route to Hotel Polo Towers, Shillong (stay 1)"", ""trip_completed"": true}",2026-08-13 22:00:00
384,0,ID_ISSUED,"{""digital_id"": ""STS-343E8D26287A"", ""document"": ""665806162"", ""name"": ""Alfie Hughes"", ""nationality"": ""British"", ""trip_end"": ""2026-08-10T16:00:00""}",2026-08-02 22:00:00
384,1,KYC_VERIFIED,"{""document_type"": ""passport"", ""method"": ""document_scan"", ""verified_by"": ""auto_kyc""}",2026-08-02 22:13:00
384,2,CHECKIN,"{""lat"": 26.178, ""lng"": 91.786, ""location"": ""Assam State Zoo & Botanical Garden""}",2026-08-05 07:00:00
384,3,CHECKOUT,"{""location"": ""Pobitora Wildlife Sanctuary"", ""trip_completed"": true}",2026-08-10 16:00:00
385,0,ID_ISSUED,"{""digital_id"": ""STS-B973A350B5CB"", ""document"": ""Z6133263"", ""name"": ""Divya Barua"", ""nationality"": ""Indian"", ""trip_end"": ""2026-08-15T21:45:00""}",2026-07-27 02:45:00
385,1,KYC_VERIFIED,"{""document_type"": ""passport"", ""method"": ""document_scan"", ""verified_by"": ""auto_kyc""}",2026-07-27 03:28:00
385,2,CHECKIN,"{""lat"": 26.1857, ""lng"": 91.7481, ""location"": ""Assam State Museum""}",2026-08-13 11:45:00
385,3,CHECKOUT,"{""location"": ""En route to Vivanta Guwahati (stay 1)"", ""trip_completed"": true}",2026-08-15 21:45:00
386,0,ID_ISSUED,"{""digital_id"": ""STS-36A95C944261"", ""document"": ""XXXX-XXXX-7847"", ""name"": ""Junmoni Das"", ""nationality"": ""Indian"", ""trip_end"": ""2026-08-14T16:30:00""}",2026-07-23 16:30:00
386,1,KYC_VERIFIED,"{""document_type"": ""aadhaar"", ""method"": ""document_scan"", ""verified_by"": ""auto_kyc""}",2026-07-23 16:38:00
386,2,CHECKIN,"{""lat"": 26.5775, ""lng"": 93.1711, ""location"": ""Kaziranga National Park""}",2026-07-27 11:30:00
386,3,CHECKOUT,"{""location"": ""Shillong"", ""trip_completed"": true}",2026-08-14 16:30:00
387,0,ID_ISSUED,"{""digital_id"": ""STS-099A70938614"", ""document"": ""XXXX-XXXX-5241"", ""name"": ""Debojit Medhi"", ""nationality"": ""Indian"", ""trip_end"": ""2026-07-28T11:00:00""}",2026-07-05 16:00:00
387,1,KYC_VERIFIED,"{""document_type"": ""aadhaar"", ""method"": ""document_scan"", ""verified_by"": ""auto_kyc""}",2026-07-05 16:07:00
387,2,CHECKIN,"{""lat"": 25.9333, ""lng"": 91.4333, ""location"": ""Chandubi Lake""}",2026-07-24 07:00:00
387,3,CHECKOUT,"{""location"": ""En route to Dolma Homestay, Tawang (stay 2)"", ""trip_completed"": true}",2026-07-28 11:00:00
388,0,ID_ISSUED,"{""digital_id"": ""STS-88AE793F4A39"", ""document"": ""A07360304"", ""name"": ""Johan Botha"", ""nationality"": ""South African"", ""trip_end"": ""2026-09-01T21:00:00""}",2026-08-08 20:00:00
388,1,KYC_VERIFIED,"{""document_type"": ""passport"", ""method"": ""document_scan"", ""verified_by"": ""auto_kyc""}",2026-08-08 20:08:00
388,2,CHECKIN,"{""lat"": 27.3314, ""lng"": 88.6138, ""location"": ""Gangtok""}",2026-08-19 10:00:00
388,3,CHECKOUT,"{""location"": ""Agartala"", ""trip_completed"": true}",2026-09-01 21:00:00
389,0,ID_ISSUED,"{""digital_id"": ""STS-254F8C6CC11D"", ""document"": ""HJ854033"", ""name"": ""Logan Bouchard"", ""nationality"": ""Canadian"", ""trip_end"": ""2026-08-18T11:15:00""}",2026-07-29 03:15:00
389,1,KYC_VERIFIED,"{""document_type"": ""passport"", ""method"": ""document_scan"", ""verified_by"": ""auto_kyc""}",2026-07-29 03:19:00
389,2,CHECKIN,"{""lat"": 26.1061, ""lng"": 91.5859, ""location"": ""LGB International Airport""}",2026-08-11 09:15:00
389,3,CHECKOUT,"{""location"": ""Kaziranga National Park"", ""trip_completed"": true}",2026-08-18 11:15:00
390,0,ID_ISSUED,"{""digital_id"": ""STS-810FE66E2EC3"", ""document"": ""XXXX-XXXX-3857"", ""name"": ""Dhruv Das"", ""nationality"": ""Indian"", ""trip_end"": ""2026-08-20T13:00:00""}",2026-08-10 16:00:00
390,1,KYC_VERIFIED,"{""document_type"": ""aadhaar"", ""method"": ""document_scan"", ""verified_by"": ""auto_kyc""}",2026-08-10 16:23:00
390,2,CHECKIN,"{""lat"": 26.1861, ""lng"": 91.7503, ""location"": ""Dighalipukhuri""}",2026-08-17 10:00:00
390,3,CHECKOUT,"{""location"": ""En route to Ri Kynjai, Umiam (stay 1)"", ""trip_completed"": true}",2026-08-20 13:00:00
391,0,ID_ISSUED,"{""digital_id"": ""STS-C5CC0706DFA2"", ""document"": ""HZR9044237"", ""name"": ""Hemanta Bhattacharya"", ""nationality"": ""Indian"", ""trip_end"": ""2026-08-30T15:30:00""}",2026-08-12 12:30:00
391,1,KYC_VERIFIED,"{""document_type"": ""voterid"", ""method"": ""document_scan"", ""verified_by"": ""auto_kyc""}",2026-08-12 12:34:00
391,2,CHECKIN,"{""lat"": 26.1856, ""lng"": 91.7455, ""location"": ""Pan Bazaar""}",2026-08-28 08:30:00
391,3,CHECKOUT,"{""location"": ""En route to Diphlu River Lodge, Kaziranga (stay 1)"", ""trip_completed"": true}",2026-08-30 15:30:00
392,0,ID_ISSUED,"{""digital_id"": ""STS-48F2F0C89F1D"", ""document"": ""Z8896554"", ""name"": ""Chandana Saikia"", ""nationality"": ""Indian"", ""trip_end"": ""2026-08-17T23:15:00""}",2026-07-31 02:15:00
392,1,KYC_VERIFIED,"{""document_type"": ""passport"", ""method"": ""document_scan"", ""verified_by"": ""auto_kyc""}",2026-07-31 02:21:00
392,2,CHECKIN,"{""lat"": 26.1132, ""lng"": 91.797, ""location"": ""Basistha Temple""}",2026-08-12 10:15:00
392,3,CHECKOUT,"{""location"": ""En route to Umananda Island"", ""trip_completed"": true}",2026-08-17 23:15:00
393,0,ID_ISSUED,"{""digital_id"": ""STS-125D2BDB2EB5"", ""document"": ""Z7374323"", ""name"": ""Chandana Sharma"", ""nationality"": ""Indian"", ""trip_end"": ""2026-09-13T19:15:00""}",2026-08-21 09:15:00
393,1,KYC_VERIFIED,"{""document_type"": ""passport"", ""method"": ""document_scan"", ""verified_by"": ""auto_kyc""}",2026-08-21 09:21:00
393,2,CHECKIN,"{""lat"": 26.3667, ""lng"": 91.6333, ""location"": ""Madan Kamdev Ruins""}",2026-09-07 07:15:00
394,0,ID_ISSUED,"{""digital_id"": ""STS-81B6AF866BDC"", ""document"": ""BX2743937"", ""name"": ""Rahim Islam"", ""nationality"": ""Bangladeshi"", ""trip_end"": ""2026-08-08T15:15:00""}",2026-08-01 17:15:00
394,1,KYC_VERIFIED,"{""document_type"": ""passport"", ""method"": ""document_scan"", ""verified_by"": ""auto_kyc""}",2026-08-01 17:27:00
394,2,CHECKIN,"{""lat"": 26.135, ""lng"": 91.805, ""location"": ""Six Mile""}",2026-08-05 06:15:00
394,3,CHECKOUT,"{""location"": ""En route to Six Mile"", ""trip_completed"": true}",2026-08-08 15:15:00
395,0,ID_ISSUED,"{""digital_id"": ""STS-6A42A39C7BA9"", ""document"": ""XXXX-XXXX-2993"", ""name"": ""Pranjal Sen"", ""nationality"": ""Indian"", ""trip_end"": ""2026-08-16T12:30:00""}",2026-08-08 16:30:00
395,1,KYC_VERIFIED,"{""document_type"": ""aadhaar"", ""method"": ""document_scan"", ""verified_by"": ""auto_kyc""}",2026-08-08 16:38:00
395,2,CHECKIN,"{""lat"": 26.1817, ""lng"": 91.7503, ""location"": ""Paltan Bazaar""}",2026-08-12 05:30:00
395,3,CHECKOUT,"{""location"": ""Sualkuchi Silk Village"", ""trip_completed"": true}",2026-08-16 12:30:00
396,0,ID_ISSUED,"{""digital_id"": ""STS-BC3A94A45D54"", ""document"": ""BX6547801"", ""name"": ""Tanvir Islam"", ""nationality"": ""Bangladeshi"", ""trip_end"": ""2026-08-13T00:15:00""}",2026-07-14 20:15:00
396,1,KYC_VERIFIED,"{""document_type"": ""passport"", ""method"": ""document_scan"", ""verified_by"": ""auto_kyc""}",2026-07-14 20:49:00
396,2,CHECKIN,"{""lat"": 23.8315, ""lng"": 91.2868, ""location"": ""Agartala""}",2026-07-27 11:15:00
396,3,CHECKOUT,"{""location"": ""Gangtok"", ""trip_completed"": true}",2026-08-13 00:15:00
397,0,ID_ISSUED,"{""digital_id"": ""STS-DEB04E45F150"", ""document"": ""XXXX-XXXX-6602"", ""name"": ""Dhruv Gogoi"", ""nationality"": ""Indian"", ""trip_end"": ""2026-09-15T14:30:00""}",2026-09-03 02:30:00
397,1,KYC_VERIFIED,"{""document_type"": ""aadhaar"", ""method"": ""document_scan"", ""verified_by"": ""auto_kyc""}",2026-09-03 02:32:00
397,2,CHECKIN,"{""lat"": 26.7509, ""lng"": 94.2037, ""location"": ""Jorhat""}",2026-09-08 07:30:00
398,0,ID_ISSUED,"{""digital_id"": ""STS-4551B8B3B4FF"", ""document"": ""Z5483540"", ""name"": ""Aditya Reddy"", ""nationality"": ""Indian"", ""trip_end"": ""2026-08-18T11:15:00""}",2026-08-08 05:15:00
398,1,KYC_VERIFIED,"{""document_type"": ""passport"", ""method"": ""document_scan"", ""verified_by"": ""auto_kyc""}",2026-08-08 05:40:00
398,2,CHECKIN,"{""lat"": 26.09, ""lng"": 91.59, ""location"": ""Accoland Water Park""}",2026-08-16 09:15:00
398,3,CHECKOUT,"{""location"": ""Chandubi Lake"", ""trip_completed"": true}",2026-08-18 11:15:00
399,0,ID_ISSUED,"{""digital_id"": ""STS-052026878168"", ""document"": ""XXXX-XXXX-3914"", ""name"": ""Pranjal Nair"", ""nationality"": ""Indian"", ""trip_end"": ""2026-07-31T12:30:00""}",2026-07-23 19:30:00
399,1,KYC_VERIFIED,"{""document_type"": ""aadhaar"", ""method"": ""document_scan"", ""verified_by"": ""auto_kyc""}",2026-07-23 19:45:00
399,2,CHECKIN,"{""lat"": 26.1817, ""lng"": 91.7503, ""location"": ""Paltan Bazaar""}",2026-07-28 06:30:00
399,3,CHECKOUT,"{""location"": ""En route to Ginger Guwahati (stay 1)"", ""trip_completed"": true}",2026-07-31 12:30:00
400,0,ID_ISSUED,"{""digital_id"": ""STS-D6C6BEDCB2B3"", ""document"": ""XXXX-XXXX-3802"", ""name"": ""Junmoni Phukan"", ""nationality"": ""Indian"", ""trip_end"": ""2026-08-22T11:30:00""}",2026-07-26 02:30:00
400,1,KYC_VERIFIED,"{""document_type"": ""aadhaar"", ""method"": ""document_scan"", ""verified_by"": ""auto_kyc""}",2026-07-26 03:10:00
400,2,CHECKIN,"{""lat"": 26.1061, ""lng"": 91.5859, ""location"": ""LGB International Airport""}",2026-08-14 06:30:00
400,3,CHECKOUT,"{""location"": ""Majuli River Island"", ""trip_completed"": true}",2026-08-22 11:30:00
401,0,ID_ISSUED,"{""digital_id"": ""STS-E75511D8CE30"", ""document"": ""XXXX-XXXX-9543"", ""name"": ""Sneha Kumar"", ""nationality"": ""Indian"", ""trip_end"": ""2026-07-31T17:15:00""}",2026-07-07 18:15:00
401,1,KYC_VERIFIED,"{""document_type"": ""aadhaar"", ""method"": ""document_scan"", ""verified_by"": ""auto_kyc""}",2026-07-07 18:19:00
401,2,CHECKIN,"{""lat"": 26.1061, ""lng"": 91.5859, ""location"": ""LGB International Airport""}",2026-07-29 08:15:00
401,3,CHECKOUT,"{""location"": ""En route to Novotel Guwahati GS Road (stay 2)"", ""trip_completed"": true}",2026-07-31 17:15:00
402,0,ID_ISSUED,"{""digital_id"": ""STS-8CE26CBF15C0"", ""document"": ""XXXX-XXXX-1345"", ""name"": ""Kavya Iyer"", ""nationality"": ""Indian"", ""trip_end"": ""2026-09-05T14:15:00""}",2026-08-17 05:15:00
402,1,KYC_VERIFIED,"{""document_type"": ""aadhaar"", ""method"": ""document_scan"", ""verified_by"": ""auto_kyc""}",2026-08-17 05:17:00
402,2,CHECKIN,"{""lat"": 26.135, ""lng"": 91.805, ""location"": ""Six Mile""}",2026-09-02 07:15:00
402,3,CHECKOUT,"{""location"": ""LGB International Airport"", ""trip_completed"": true}",2026-09-05 14:15:00
403,0,ID_ISSUED,"{""digital_id"": ""STS-AD94CEEBDDFF"", ""document"": ""ENZRH1577F"", ""name"": ""Kabir Verma"", ""nationality"": ""Indian"", ""trip_end"": ""2026-08-22T17:00:00""}",2026-08-16 15:00:00
403,1,KYC_VERIFIED,"{""document_type"": ""pan"", ""method"": ""document_scan"", ""verified_by"": ""auto_kyc""}",2026-08-16 15:15:00
403,2,CHECKIN,"{""lat"": 26.142, ""lng"": 91.79, ""location"": ""Dispur Secretariat""}",2026-08-21 08:00:00
403,3,MARKED_MISSING,"{""last_lat"": 26.149924, ""last_lng"": 91.778461}",2026-08-22 16:46:06
403,4,EFIR_FILED,"{""fir_number"": ""EFIR/2026/00403""}",2026-08-22 16:46:06
404,0,ID_ISSUED,"{""digital_id"": ""STS-467808728756"", ""document"": ""XXXX-XXXX-2103"", ""name"": ""Anjali Medhi"", ""nationality"": ""Indian"", ""trip_end"": ""2026-09-09T17:15:00""}",2026-08-26 07:15:00
404,1,KYC_VERIFIED,"{""document_type"": ""aadhaar"", ""method"": ""document_scan"", ""verified_by"": ""auto_kyc""}",2026-08-26 07:30:00
404,2,CHECKIN,"{""lat"": 26.6338, ""lng"": 92.8, ""location"": ""Tezpur""}",2026-08-27 10:15:00
405,0,ID_ISSUED,"{""digital_id"": ""STS-FD2F74A3D1D3"", ""document"": ""XXXX-XXXX-4733"", ""name"": ""Gitanjali Baishya"", ""nationality"": ""Indian"", ""trip_end"": ""2026-09-06T22:15:00""}",2026-08-16 13:15:00
405,1,KYC_VERIFIED,"{""document_type"": ""aadhaar"", ""method"": ""document_scan"", ""verified_by"": ""auto_kyc""}",2026-08-16 13:53:00
405,2,CHECKIN,"{""lat"": 26.147, ""lng"": 91.79, ""location"": ""Ganeshguri Junction""}",2026-09-04 11:15:00
406,0,ID_ISSUED,"{""digital_id"": ""STS-CD6D6A98958E"", ""document"": ""Z6277696"", ""name"": ""Rohan Barua"", ""nationality"": ""Indian"", ""trip_end"": ""2026-08-03T20:15:00""}",2026-07-10 22:15:00
406,1,KYC_VERIFIED,"{""document_type"": ""passport"", ""method"": ""document_scan"", ""verified_by"": ""auto_kyc""}",2026-07-10 22:57:00
406,2,CHECKIN,"{""lat"": 25.657, ""lng"": 91.889, ""location"": ""Umiam Lake""}",2026-07-26 07:15:00
406,3,CHECKOUT,"{""location"": ""Guwahati Railway Station"", ""trip_completed"": true}",2026-08-03 20:15:00
407,0,ID_ISSUED,"{""digital_id"": ""STS-C573ABE93231"", ""document"": ""Z0195831"", ""name"": ""Nabanita Nath"", ""nationality"": ""Indian"", ""trip_end"": ""2026-08-29T21:45:00""}",2026-07-30 20:45:00
407,1,KYC_VERIFIED,"{""document_type"": ""passport"", ""method"": ""document_scan"", ""verified_by"": ""auto_kyc""}",2026-07-30 21:00:00
407,2,CHECKIN,"{""lat"": 26.1824, ""lng"": 91.7513, ""location"": ""Guwahati Railway Station""}",2026-08-16 08:45:00
407,3,CHECKOUT,"{""location"": ""Ziro Valley"", ""trip_completed"": true}",2026-08-29 21:45:00
408,0,ID_ISSUED,"{""digital_id"": ""STS-7F599C01AE72"", ""document"": ""GAZ8334915"", ""name"": ""Hemanta Nath"", ""nationality"": ""Indian"", ""trip_end"": ""2026-07-25T17:45:00""}",2026-07-10 20:45:00
408,1,KYC_VERIFIED,"{""document_type"": ""voterid"", ""method"": ""document_scan"", ""verified_by"": ""auto_kyc""}",2026-07-10 21:29:00
408,2,CHECKIN,"{""lat"": 26.144, ""lng"": 91.8058, ""location"": ""Srimanta Sankaradeva Kalakshetra""}",2026-07-23 10:45:00
408,3,CHECKOUT,"{""location"": ""En route to Srimanta Sankaradeva Kalakshetra"", ""trip_completed"": true}",2026-07-25 17:45:00
409,0,ID_ISSUED,"{""digital_id"": ""STS-AF9A6C67DA0D"", ""document"": ""Z6238940"", ""name"": ""Debojit Choudhury"", ""nationality"": ""Indian"", ""trip_end"": ""2026-09-12T11:45:00""}",2026-09-02 12:45:00
409,1,KYC_VERIFIED,"{""document_type"": ""passport"", ""method"": ""document_scan"", ""verified_by"": ""auto_kyc""}",2026-09-02 13:11:00
409,2,CHECKIN,"{""lat"": 26.1856, ""lng"": 91.7455, ""location"": ""Pan Bazaar""}",2026-09-09 09:45:00
410,0,ID_ISSUED,"{""digital_id"": ""STS-12824243D603"", ""document"": ""XXXX-XXXX-4870"", ""name"": ""Junmoni Saikia"", ""nationality"": ""Indian"", ""trip_end"": ""2026-09-03T20:30:00""}",2026-08-10 23:30:00
410,1,KYC_VERIFIED,"{""document_type"": ""aadhaar"", ""method"": ""document_scan"", ""verified_by"": ""auto_kyc""}",2026-08-11 00:00:00
410,2,CHECKIN,"{""lat"": 26.19, ""lng"": 91.759, ""location"": ""Uzan Bazar Ghat""}",2026-08-31 07:30:00
410,3,CHECKOUT,"{""location"": ""Sualkuchi Silk Village"", ""trip_completed"": true}",2026-09-03 20:30:00
411,0,ID_ISSUED,"{""digital_id"": ""STS-8DA6C11515CC"", ""document"": ""XXXX-XXXX-6566"", ""name"": ""Anjali Rajkhowa"", ""nationality"": ""Indian"", ""trip_end"": ""2026-08-21T18:45:00""}",2026-08-16 23:45:00
411,1,KYC_VERIFIED,"{""document_type"": ""aadhaar"", ""method"": ""document_scan"", ""verified_by"": ""auto_kyc""}",2026-08-17 00:03:00
411,2,CHECKIN,"{""lat"": 26.175, ""lng"": 91.758, ""location"": ""Gandhi Mandap, Sarania Hill""}",2026-08-17 06:45:00
411,3,CHECKOUT,"{""location"": ""Dighalipukhuri"", ""trip_completed"": true}",2026-08-21 18:45:00
412,0,ID_ISSUED,"{""digital_id"": ""STS-331ACEFDCD9B"", ""document"": ""BX5830498"", ""name"": ""Karim Begum"", ""nationality"": ""Bangladeshi"", ""trip_end"": ""2026-07-30T19:00:00""}",2026-07-24 20:00:00
412,1,KYC_VERIFIED,"{""document_type"": ""passport"", ""method"": ""document_scan"", ""verified_by"": ""auto_kyc""}",2026-07-24 20:04:00
412,2,CHECKIN,"{""lat"": 26.09, ""lng"": 91.59, ""location"": ""Accoland Water Park""}",2026-07-28 05:00:00
412,3,CHECKOUT,"{""location"": ""En route to Accoland Water Park"", ""trip_completed"": true}",2026-07-30 19:00:00
413,0,ID_ISSUED,"{""digital_id"": ""STS-8A6ADADC5DE8"", ""document"": ""XXXX-XXXX-1741"", ""name"": ""Rupam Saikia"", ""nationality"": ""Indian"", ""trip_end"": ""2026-08-16T20:45:00""}",2026-07-29 13:45:00
413,1,KYC_VERIFIED,"{""document_type"": ""aadhaar"", ""method"": ""document_scan"", ""verified_by"": ""auto_kyc""}",2026-07-29 14:28:00
413,2,CHECKIN,"{""lat"": 26.1964, ""lng"": 91.7453, ""location"": ""Umananda Island""}",2026-08-10 07:45:00
413,3,CHECKOUT,"{""location"": ""En route to Navagraha Temple"", ""trip_completed"": true}",2026-08-16 20:45:00
414,0,ID_ISSUED,"{""digital_id"": ""STS-928BD5A7ABD1"", ""document"": ""XXXX-XXXX-2369"", ""name"": ""Siddharth Verma"", ""nationality"": ""Indian"", ""trip_end"": ""2026-08-08T14:45:00""}",2026-07-15 20:45:00
414,1,KYC_VERIFIED,"{""document_type"": ""aadhaar"", ""method"": ""document_scan"", ""verified_by"": ""auto_kyc""}",2026-07-15 21:06:00
414,2,CHECKIN,"{""lat"": 25.9333, ""lng"": 91.4333, ""location"": ""Chandubi Lake""}",2026-08-05 07:45:00
414,3,CHECKOUT,"{""location"": ""En route to Accoland Water Park"", ""trip_completed"": true}",2026-08-08 14:45:00
415,0,ID_ISSUED,"{""digital_id"": ""STS-072172F0F592"", ""document"": ""XXXX-XXXX-5836"", ""name"": ""Hemanta Verma"", ""nationality"": ""Indian"", ""trip_end"": ""2026-07-27T19:30:00""}",2026-07-09 17:30:00
415,1,KYC_VERIFIED,"{""document_type"": ""aadhaar"", ""method"": ""document_scan"", ""verified_by"": ""auto_kyc""}",2026-07-09 18:08:00
415,2,CHECKIN,"{""lat"": 26.1964, ""lng"": 91.7453, ""location"": ""Umananda Island""}",2026-07-24 09:30:00
415,3,CHECKOUT,"{""location"": ""Gandhi Mandap, Sarania Hill"", ""trip_completed"": true}",2026-07-27 19:30:00
416,0,ID_ISSUED,"{""digital_id"": ""STS-D9BAF0D22DE4"", ""document"": ""XXXX-XXXX-3267"", ""name"": ""Mridula Bora"", ""nationality"": ""Indian"", ""trip_end"": ""2026-08-25T14:00:00""}",2026-08-08 08:00:00
416,1,KYC_VERIFIED,"{""document_type"": ""aadhaar"", ""method"": ""document_scan"", ""verified_by"": ""auto_kyc""}",2026-08-08 08:14:00
416,2,CHECKIN,"{""lat"": 26.1836, ""lng"": 91.7434, ""location"": ""Fancy Bazaar""}",2026-08-23 05:00:00
416,3,CHECKOUT,"{""location"": ""En route to Ri Kynjai, Umiam (stay 1)"", ""trip_completed"": true}",2026-08-25 14:00:00
417,0,ID_ISSUED,"{""digital_id"": ""STS-47AB0435C139"", ""document"": ""XXXX-XXXX-5919"", ""name"": ""Arjun Bhattacharya"", ""nationality"": ""Indian"", ""trip_end"": ""2026-08-25T21:00:00""}",2026-08-10 18:00:00
417,1,KYC_VERIFIED,"{""document_type"": ""aadhaar"", ""method"": ""document_scan"", ""verified_by"": ""auto_kyc""}",2026-08-10 18:06:00
417,2,CHECKIN,"{""lat"": 26.1667, ""lng"": 91.5667, ""location"": ""Sualkuchi Silk Village""}",2026-08-21 07:00:00
417,3,CHECKOUT,"{""location"": ""En route to Hotel Polo Towers, Shillong (stay 2)"", ""trip_completed"": true}",2026-08-25 21:00:00
418,0,ID_ISSUED,"{""digital_id"": ""STS-0F80B640D186"", ""document"": ""303947482"", ""name"": ""Emily Johnson"", ""nationality"": ""American"", ""trip_end"": ""2026-08-06T14:15:00""}",2026-07-28 04:15:00
418,1,KYC_VERIFIED,"{""document_type"": ""passport"", ""method"": ""document_scan"", ""verified_by"": ""auto_kyc""}",2026-07-28 04:24:00
418,2,CHECKIN,"{""lat"": 26.1856, ""lng"": 91.7455, ""location"": ""Pan Bazaar""}",2026-08-04 05:15:00
418,3,CHECKOUT,"{""location"": ""Gandhi Mandap, Sarania Hill"", ""trip_completed"": true}",2026-08-06 14:15:00
419,0,ID_ISSUED,"{""digital_id"": ""STS-10E8D01AFE4D"", ""document"": ""XD623073"", ""name"": ""Elena Lopez"", ""nationality"": ""Spanish"", ""trip_end"": ""2026-08-19T20:45:00""}",2026-07-30 07:45:00
419,1,KYC_VERIFIED,"{""document_type"": ""passport"", ""method"": ""document_scan"", ""verified_by"": ""auto_kyc""}",2026-07-30 08:06:00
419,2,CHECKIN,"{""lat"": 27.5448, ""lng"": 93.832, ""location"": ""Ziro Valley""}",2026-08-11 06:45:00
419,3,CHECKOUT,"{""location"": ""Tawang Monastery"", ""trip_completed"": true}",2026-08-19 20:45:00
420,0,ID_ISSUED,"{""digital_id"": ""STS-AE0122F17EEE"", ""document"": ""XXXX-XXXX-9578"", ""name"": ""Siddharth Nair"", ""nationality"": ""Indian"", ""trip_end"": ""2026-08-12T20:30:00""}",2026-07-23 21:30:00
420,1,KYC_VERIFIED,"{""document_type"": ""aadhaar"", ""method"": ""document_scan"", ""verified_by"": ""auto_kyc""}",2026-07-23 22:12:00
420,2,CHECKIN,"{""lat"": 26.7509, ""lng"": 94.2037, ""location"": ""Jorhat""}",2026-08-01 07:30:00
420,3,CHECKOUT,"{""location"": ""LGB International Airport"", ""trip_completed"": true}",2026-08-12 20:30:00
421,0,ID_ISSUED,"{""digital_id"": ""STS-B2D6A5B34711"", ""document"": ""XXXX-XXXX-5450"", ""name"": ""Mridula Deka"", ""nationality"": ""Indian"", ""trip_end"": ""2026-08-23T18:00:00""}",2026-08-06 02:00:00
421,1,KYC_VERIFIED,"{""document_type"": ""aadhaar"", ""method"": ""document_scan"", ""verified_by"": ""auto_kyc""}",2026-08-06 02:28:00
421,2,CHECKIN,"{""lat"": 26.12, ""lng"": 91.65, ""location"": ""Deepor Beel Wildlife Sanctuary""}",2026-08-21 05:00:00
421,3,CHECKOUT,"{""location"": ""En route to Deepor Beel Wildlife Sanctuary"", ""trip_completed"": true}",2026-08-23 18:00:00
422,0,ID_ISSUED,"{""digital_id"": ""STS-68A9A85A849B"", ""document"": ""Z6812401"", ""name"": ""Vikram Kumar"", ""nationality"": ""Indian"", ""trip_end"": ""2026-09-08T17:30:00""}",2026-08-28 01:30:00
422,1,KYC_VERIFIED,"{""document_type"": ""passport"", ""method"": ""document_scan"", ""verified_by"": ""auto_kyc""}",2026-08-28 02:05:00
422,2,CHECKIN,"{""lat"": 26.178, ""lng"": 91.786, ""location"": ""Assam State Zoo & Botanical Garden""}",2026-09-06 10:30:00
423,0,ID_ISSUED,"{""digital_id"": ""STS-5FDF4B444FED"", ""document"": ""Z4343908"", ""name"": ""Jayanta Saikia"", ""nationality"": ""Indian"", ""trip_end"": ""2026-08-24T20:45:00""}",2026-08-07 13:45:00
423,1,KYC_VERIFIED,"{""document_type"": ""passport"", ""method"": ""document_scan"", ""verified_by"": ""auto_kyc""}",2026-08-07 14:09:00
423,2,CHECKIN,"{""lat"": 26.1824, ""lng"": 91.7513, ""location"": ""Guwahati Railway Station""}",2026-08-17 06:45:00
423,3,CHECKOUT,"{""location"": ""Dawki / Umngot River"", ""trip_completed"": true}",2026-08-24 20:45:00
424,0,ID_ISSUED,"{""digital_id"": ""STS-C831E737B914"", ""document"": ""XXXX-XXXX-8420"", ""name"": ""Kabir Ghosh"", ""nationality"": ""Indian"", ""trip_end"": ""2026-08-17T18:00:00""}",2026-07-22 19:00:00
424,1,KYC_VERIFIED,"{""document_type"": ""aadhaar"", ""method"": ""document_scan"", ""verified_by"": ""auto_kyc""}",2026-07-22 19:21:00
424,2,CHECKIN,"{""lat"": 24.817, ""lng"": 93.9368, ""location"": ""Imphal""}",2026-07-30 08:00:00
424,3,SOS_TRIGGERED,"{""lat"": 27.33313, ""lng"": 88.611718, ""message"": ""Someone snatched my bag and pushed me down, need police now.""}",2026-08-11 22:31:08
424,4,CHECKOUT,"{""location"": ""Gangtok"", ""trip_completed"": true}",2026-08-17 18:00:00
425,0,ID_ISSUED,"{""digital_id"": ""STS-28DA4162FB79"", ""document"": ""RDJ5169076"", ""name"": ""Rupam Saikia"", ""nationality"": ""Indian"", ""trip_end"": ""2026-09-04T13:15:00""}",2026-08-27 05:15:00
425,1,KYC_VERIFIED,"{""document_type"": ""voterid"", ""method"": ""document_scan"", ""verified_by"": ""auto_kyc""}",2026-08-27 05:29:00
425,2,CHECKIN,"{""lat"": 26.12, ""lng"": 91.65, ""location"": ""Deepor Beel Wildlife Sanctuary""}",2026-08-30 08:15:00
425,3,CHECKOUT,"{""location"": ""En route to Vivanta Guwahati (stay 1)"", ""trip_completed"": true}",2026-09-04 13:15:00
426,0,ID_ISSUED,"{""digital_id"": ""STS-32811EC6C2ED"", ""document"": ""XXXX-XXXX-4108"", ""name"": ""Nikhil Nath"", ""nationality"": ""Indian"", ""trip_end"": ""2026-08-11T20:15:00""}",2026-07-13 22:15:00
426,1,KYC_VERIFIED,"{""document_type"": ""aadhaar"", ""method"": ""document_scan"", ""verified_by"": ""auto_kyc""}",2026-07-13 22:55:00
426,2,CHECKIN,"{""lat"": 27.5448, ""lng"": 93.832, ""location"": ""Ziro Valley""}",2026-08-01 11:15:00
426,3,CHECKOUT,"{""location"": ""Tawang Monastery"", ""trip_completed"": true}",2026-08-11 20:15:00
427,0,ID_ISSUED,"{""digital_id"": ""STS-E1CF9709E051"", ""document"": ""XXXX-XXXX-5333"", ""name"": ""Pranjal Nath"", ""nationality"": ""Indian"", ""trip_end"": ""2026-09-06T16:30:00""}",2026-08-23 14:30:00
427,1,KYC_VERIFIED,"{""document_type"": ""aadhaar"", ""method"": ""document_scan"", ""verified_by"": ""auto_kyc""}",2026-08-23 14:35:00
427,2,CHECKIN,"{""lat"": 26.1836, ""lng"": 91.7434, ""location"": ""Fancy Bazaar""}",2026-09-02 06:30:00
428,0,ID_ISSUED,"{""digital_id"": ""STS-7ECA2210C3B6"", ""document"": ""XXXX-XXXX-2026"", ""name"": ""Divya Sen"", ""nationality"": ""Indian"", ""trip_end"": ""2026-09-08T14:00:00""}",2026-08-06 18:00:00
428,1,KYC_VERIFIED,"{""document_type"": ""aadhaar"", ""method"": ""document_scan"", ""verified_by"": ""auto_kyc""}",2026-08-06 18:32:00
428,2,CHECKIN,"{""lat"": 26.95, ""lng"": 94.17, ""location"": ""Majuli River Island""}",2026-08-28 08:00:00
429,0,ID_ISSUED,"{""digital_id"": ""STS-8F8C7E2BAA5E"", ""document"": ""XXXX-XXXX-3654"", ""name"": ""Chandana Dutta"", ""nationality"": ""Indian"", ""trip_end"": ""2026-08-10T18:45:00""}",2026-07-27 05:45:00
429,1,KYC_VERIFIED,"{""document_type"": ""aadhaar"", ""method"": ""document_scan"", ""verified_by"": ""auto_kyc""}",2026-07-27 05:56:00
429,2,CHECKIN,"{""lat"": 26.5775, ""lng"": 93.1711, ""location"": ""Kaziranga National Park""}",2026-08-04 06:45:00
429,3,CHECKOUT,"{""location"": ""LGB International Airport"", ""trip_completed"": true}",2026-08-10 18:45:00
430,0,ID_ISSUED,"{""digital_id"": ""STS-C6F5BBE9C23A"", ""document"": ""C13179957"", ""name"": ""Lena Schmidt"", ""nationality"": ""German"", ""trip_end"": ""2026-08-10T18:15:00""}",2026-07-18 06:15:00
430,1,KYC_VERIFIED,"{""document_type"": ""passport"", ""method"": ""document_scan"", ""verified_by"": ""auto_kyc""}",2026-07-18 06:51:00
430,2,CHECKIN,"{""lat"": 25.247, ""lng"": 91.715, ""location"": ""Living Root Bridge, Nongriat""}",2026-08-03 10:15:00
430,3,CHECKOUT,"{""location"": ""En route to Kiranshree Portico (stay 2)"", ""trip_completed"": true}",2026-08-10 18:15:00
431,0,ID_ISSUED,"{""digital_id"": ""STS-85C168B44F71"", ""document"": ""XXXX-XXXX-4805"", ""name"": ""Gitanjali Kalita"", ""nationality"": ""Indian"", ""trip_end"": ""2026-08-05T15:15:00""}",2026-07-28 12:15:00
431,1,KYC_VERIFIED,"{""document_type"": ""aadhaar"", ""method"": ""document_scan"", ""verified_by"": ""auto_kyc""}",2026-07-28 12:47:00
431,2,CHECKIN,"{""lat"": 26.1749, ""lng"": 91.7789, ""location"": ""Navagraha Temple""}",2026-08-02 09:15:00
431,3,SOS_TRIGGERED,"{""lat"": 26.367682, ""lng"": 91.632329, ""message"": ""Stuck on the cliff edge, the path collapsed behind me.""}",2026-08-04 10:06:05
432,0,ID_ISSUED,"{""digital_id"": ""STS-33516B229CA2"", ""document"": ""XXXX-XXXX-7693"", ""name"": ""Rituparna Kalita"", ""nationality"": ""Indian"", ""trip_end"": ""2026-09-05T00:45:00""}",2026-08-13 11:45:00
432,1,KYC_VERIFIED,"{""document_type"": ""aadhaar"", ""method"": ""document_scan"", ""verified_by"": ""auto_kyc""}",2026-08-13 12:03:00
432,2,CHECKIN,"{""lat"": 26.1836, ""lng"": 91.7434, ""location"": ""Fancy Bazaar""}",2026-09-02 11:45:00
432,3,CHECKOUT,"{""location"": ""En route to Ri Kynjai, Umiam (stay 1)"", ""trip_completed"": true}",2026-09-05 00:45:00
433,0,ID_ISSUED,"{""digital_id"": ""STS-89453FEC3889"", ""document"": ""647150223"", ""name"": ""Sarah Smith"", ""nationality"": ""American"", ""trip_end"": ""2026-08-03T20:45:00""}",2026-07-22 11:45:00
433,1,KYC_VERIFIED,"{""document_type"": ""passport"", ""method"": ""document_scan"", ""verified_by"": ""auto_kyc""}",2026-07-22 12:16:00
433,2,CHECKIN,"{""lat"": 26.1061, ""lng"": 91.5859, ""location"": ""LGB International Airport""}",2026-08-01 07:45:00
433,3,CHECKOUT,"{""location"": ""En route to La Maison de Ananda, Majuli (stay 2)"", ""trip_completed"": true}",2026-08-03 20:45:00
434,0,ID_ISSUED,"{""digital_id"": ""STS-673D8C2B0098"", ""document"": ""358548731"", ""name"": ""Sarah Brown"", ""nationality"": ""American"", ""trip_end"": ""2026-09-06T01:00:00""}",2026-08-20 22:00:00
434,1,KYC_VERIFIED,"{""document_type"": ""passport"", ""method"": ""document_scan"", ""verified_by"": ""auto_kyc""}",2026-08-20 22:12:00
434,2,CHECKIN,"{""lat"": 26.1061, ""lng"": 91.5859, ""location"": ""LGB International Airport""}",2026-08-23 11:00:00
435,0,ID_ISSUED,"{""digital_id"": ""STS-C06A75497E20"", ""document"": ""XXXX-XXXX-4252"", ""name"": ""Jayanta Bhattacharya"", ""nationality"": ""Indian"", ""trip_end"": ""2026-08-23T16:00:00""}",2026-08-12 01:00:00
435,1,KYC_VERIFIED,"{""document_type"": ""aadhaar"", ""method"": ""document_scan"", ""verified_by"": ""auto_kyc""}",2026-08-12 01:25:00
435,2,CHECKIN,"{""lat"": 26.7509, ""lng"": 94.2037, ""location"": ""Jorhat""}",2026-08-16 05:00:00
435,3,CHECKOUT,"{""location"": ""Nameri National Park"", ""trip_completed"": true}",2026-08-23 16:00:00
436,0,ID_ISSUED,"{""digital_id"": ""STS-6AA79B3A79C0"", ""document"": ""Z4537464"", ""name"": ""Parag Hazarika"", ""nationality"": ""Indian"", ""trip_end"": ""2026-08-22T15:30:00""}",2026-08-12 08:30:00
436,1,KYC_VERIFIED,"{""document_type"": ""passport"", ""method"": ""document_scan"", ""verified_by"": ""auto_kyc""}",2026-08-12 08:53:00
436,2,CHECKIN,"{""lat"": 26.1824, ""lng"": 91.7513, ""location"": ""Guwahati Railway Station""}",2026-08-13 11:30:00
436,3,CHECKOUT,"{""location"": ""Living Root Bridge, Nongriat"", ""trip_completed"": true}",2026-08-22 15:30:00
437,0,ID_ISSUED,"{""digital_id"": ""STS-0DB1D22BC3BD"", ""document"": ""Z1325515"", ""name"": ""Bishal Saikia"", ""nationality"": ""Indian"", ""trip_end"": ""2026-08-10T13:15:00""}",2026-07-08 02:15:00
437,1,KYC_VERIFIED,"{""document_type"": ""passport"", ""method"": ""document_scan"", ""verified_by"": ""auto_kyc""}",2026-07-08 02:58:00
437,2,CHECKIN,"{""lat"": 25.6751, ""lng"": 94.1086, ""location"": ""Kohima""}",2026-07-29 07:15:00
437,3,CHECKOUT,"{""location"": ""Gangtok"", ""trip_completed"": true}",2026-08-10 13:15:00
438,0,ID_ISSUED,"{""digital_id"": ""STS-BD3E581EB397"", ""document"": ""XXXX-XXXX-9139"", ""name"": ""Aarav Nath"", ""nationality"": ""Indian"", ""trip_end"": ""2026-08-28T17:00:00""}",2026-08-14 11:00:00
438,1,KYC_VERIFIED,"{""document_type"": ""aadhaar"", ""method"": ""document_scan"", ""verified_by"": ""auto_kyc""}",2026-08-14 11:34:00
438,2,CHECKIN,"{""lat"": 26.9826, ""lng"": 94.6425, ""location"": ""Sivasagar""}",2026-08-20 05:00:00
438,3,CHECKOUT,"{""location"": ""LGB International Airport"", ""trip_completed"": true}",2026-08-28 17:00:00
439,0,ID_ISSUED,"{""digital_id"": ""STS-67E2FF0BA479"", ""document"": ""XXXX-XXXX-1833"", ""name"": ""Nabanita Banerjee"", ""nationality"": ""Indian"", ""trip_end"": ""2026-08-14T14:45:00""}",2026-08-02 09:45:00
439,1,KYC_VERIFIED,"{""document_type"": ""aadhaar"", ""method"": ""document_scan"", ""verified_by"": ""auto_kyc""}",2026-08-02 10:24:00
439,2,CHECKIN,"{""lat"": 26.1061, ""lng"": 91.5859, ""location"": ""LGB International Airport""}",2026-08-11 09:45:00
439,3,CHECKOUT,"{""location"": ""Six Mile"", ""trip_completed"": true}",2026-08-14 14:45:00
440,0,ID_ISSUED,"{""digital_id"": ""STS-6257AD2D6945"", ""document"": ""XXXX-XXXX-9022"", ""name"": ""Rupam Mishra"", ""nationality"": ""Indian"", ""trip_end"": ""2026-08-03T22:15:00""}",2026-07-28 06:15:00
440,1,KYC_VERIFIED,"{""document_type"": ""aadhaar"", ""method"": ""document_scan"", ""verified_by"": ""auto_kyc""}",2026-07-28 06:36:00
440,2,CHECKIN,"{""lat"": 26.1824, ""lng"": 91.7513, ""location"": ""Guwahati Railway Station""}",2026-08-02 09:15:00
440,3,CHECKOUT,"{""location"": ""En route to Hotel Nandan (stay 1)"", ""trip_completed"": true}",2026-08-03 22:15:00
441,0,ID_ISSUED,"{""digital_id"": ""STS-5576E0C2F492"", ""document"": ""Z3850104"", ""name"": ""Pranjal Iyer"", ""nationality"": ""Indian"", ""trip_end"": ""2026-08-31T23:00:00""}",2026-08-24 19:00:00
441,1,KYC_VERIFIED,"{""document_type"": ""passport"", ""method"": ""document_scan"", ""verified_by"": ""auto_kyc""}",2026-08-24 19:35:00
441,2,CHECKIN,"{""lat"": 26.1856, ""lng"": 91.7455, ""location"": ""Pan Bazaar""}",2026-08-28 11:00:00
441,3,CHECKOUT,"{""location"": ""En route to La Maison de Ananda, Majuli (stay 1)"", ""trip_completed"": true}",2026-08-31 23:00:00
442,0,ID_ISSUED,"{""digital_id"": ""STS-0B6E2906B0AB"", ""document"": ""XXXX-XXXX-7677"", ""name"": ""Tanvi Deka"", ""nationality"": ""Indian"", ""trip_end"": ""2026-09-07T19:30:00""}",2026-08-16 11:30:00
442,1,KYC_VERIFIED,"{""document_type"": ""aadhaar"", ""method"": ""document_scan"", ""verified_by"": ""auto_kyc""}",2026-08-16 11:45:00
442,2,CHECKIN,"{""lat"": 26.1824, ""lng"": 91.7513, ""location"": ""Guwahati Railway Station""}",2026-09-04 11:30:00
443,0,ID_ISSUED,"{""digital_id"": ""STS-D844E43AF5E8"", ""document"": ""038236071"", ""name"": ""Emily Jones"", ""nationality"": ""American"", ""trip_end"": ""2026-08-11T14:30:00""}",2026-07-25 04:30:00
443,1,KYC_VERIFIED,"{""document_type"": ""passport"", ""method"": ""document_scan"", ""verified_by"": ""auto_kyc""}",2026-07-25 04:46:00
443,2,CHECKIN,"{""lat"": 26.1856, ""lng"": 91.7455, ""location"": ""Pan Bazaar""}",2026-08-07 05:30:00
443,3,CHECKOUT,"{""location"": ""En route to Wild Mahseer, Balipara (stay 1)"", ""trip_completed"": true}",2026-08-11 14:30:00
444,0,ID_ISSUED,"{""digital_id"": ""STS-5C61FE6656A1"", ""document"": ""XXXX-XXXX-4246"", ""name"": ""Dhruv Baishya"", ""nationality"": ""Indian"", ""trip_end"": ""2026-08-02T12:45:00""}",2026-07-13 04:45:00
444,1,KYC_VERIFIED,"{""document_type"": ""aadhaar"", ""method"": ""document_scan"", ""verified_by"": ""auto_kyc""}",2026-07-13 05:10:00
444,2,CHECKIN,"{""lat"": 26.1857, ""lng"": 91.7477, ""location"": ""Nehru Park""}",2026-07-31 09:45:00
444,3,CHECKOUT,"{""location"": ""Fancy Bazaar"", ""trip_completed"": true}",2026-08-02 12:45:00
445,0,ID_ISSUED,"{""digital_id"": ""STS-88000499034E"", ""document"": ""C90031660"", ""name"": ""Hannah Schneider"", ""nationality"": ""German"", ""trip_end"": ""2026-08-18T19:00:00""}",2026-08-13 06:00:00
445,1,KYC_VERIFIED,"{""document_type"": ""passport"", ""method"": ""document_scan"", ""verified_by"": ""auto_kyc""}",2026-08-13 06:28:00
445,2,CHECKIN,"{""lat"": 26.1132, ""lng"": 91.797, ""location"": ""Basistha Temple""}",2026-08-13 10:00:00
445,3,CHECKOUT,"{""location"": ""En route to Kiranshree Portico (stay 1)"", ""trip_completed"": true}",2026-08-18 19:00:00
446,0,ID_ISSUED,"{""digital_id"": ""STS-84441FFD17B6"", ""document"": ""XXXX-XXXX-6118"", ""name"": ""Gitanjali Sharma"", ""nationality"": ""Indian"", ""trip_end"": ""2026-07-31T23:45:00""}",2026-07-27 10:45:00
446,1,KYC_VERIFIED,"{""document_type"": ""aadhaar"", ""method"": ""document_scan"", ""verified_by"": ""auto_kyc""}",2026-07-27 11:09:00
446,2,CHECKIN,"{""lat"": 26.135, ""lng"": 91.805, ""location"": ""Six Mile""}",2026-07-28 11:45:00
446,3,CHECKOUT,"{""location"": ""En route to Six Mile"", ""trip_completed"": true}",2026-07-31 23:45:00
447,0,ID_ISSUED,"{""digital_id"": ""STS-FE9D5466259D"", ""document"": ""XXXX-XXXX-6200"", ""name"": ""Manish Singh"", ""nationality"": ""Indian"", ""trip_end"": ""2026-08-16T09:30:00""}",2026-08-03 17:30:00
447,1,KYC_VERIFIED,"{""document_type"": ""aadhaar"", ""method"": ""document_scan"", ""verified_by"": ""auto_kyc""}",2026-08-03 18:03:00
447,2,CHECKIN,"{""lat"": 25.9333, ""lng"": 91.4333, ""location"": ""Chandubi Lake""}",2026-08-12 05:30:00
447,3,CHECKOUT,"{""location"": ""En route to Dolma Homestay, Tawang (stay 2)"", ""trip_completed"": true}",2026-08-16 09:30:00
448,0,ID_ISSUED,"{""digital_id"": ""STS-C4BF7ADE46BA"", ""document"": ""Z9024567"", ""name"": ""Sneha Barua"", ""nationality"": ""Indian"", ""trip_end"": ""2026-08-03T17:15:00""}",2026-07-26 10:15:00
448,1,KYC_VERIFIED,"{""document_type"": ""passport"", ""method"": ""document_scan"", ""verified_by"": ""auto_kyc""}",2026-07-26 10:58:00
448,2,CHECKIN,"{""lat"": 26.142, ""lng"": 91.79, ""location"": ""Dispur Secretariat""}",2026-08-01 06:15:00
448,3,CHECKOUT,"{""location"": ""En route to Dolma Homestay, Tawang (stay 1)"", ""trip_completed"": true}",2026-08-03 17:15:00
449,0,ID_ISSUED,"{""digital_id"": ""STS-E53DA70FEEB8"", ""document"": ""XXXX-XXXX-2235"", ""name"": ""Rahul Nair"", ""nationality"": ""Indian"", ""trip_end"": ""2026-08-13T16:30:00""}",2026-08-02 16:30:00
449,1,KYC_VERIFIED,"{""document_type"": ""aadhaar"", ""method"": ""document_scan"", ""verified_by"": ""auto_kyc""}",2026-08-02 17:15:00
449,2,CHECKIN,"{""lat"": 26.25, ""lng"": 91.5167, ""location"": ""Hajo Pilgrimage Town""}",2026-08-09 08:30:00
449,3,CHECKOUT,"{""location"": ""En route to Kamakhya Temple"", ""trip_completed"": true}",2026-08-13 16:30:00
450,0,ID_ISSUED,"{""digital_id"": ""STS-F24158296290"", ""document"": ""XXXX-XXXX-7475"", ""name"": ""Rituparna Verma"", ""nationality"": ""Indian"", ""trip_end"": ""2026-08-01T17:00:00""}",2026-07-22 05:00:00
450,1,KYC_VERIFIED,"{""document_type"": ""aadhaar"", ""method"": ""document_scan"", ""verified_by"": ""auto_kyc""}",2026-07-22 05:25:00
450,2,CHECKIN,"{""lat"": 26.1061, ""lng"": 91.5859, ""location"": ""LGB International Airport""}",2026-07-29 08:00:00
450,3,CHECKOUT,"{""location"": ""En route to Hotel Dynasty, Lakhtokia (stay 2)"", ""trip_completed"": true}",2026-08-01 17:00:00
451,0,ID_ISSUED,"{""digital_id"": ""STS-4DBEE800294F"", ""document"": ""941620516"", ""name"": ""George Hall"", ""nationality"": ""British"", ""trip_end"": ""2026-08-14T07:15:00""}",2026-07-31 03:15:00
451,1,KYC_VERIFIED,"{""document_type"": ""passport"", ""method"": ""document_scan"", ""verified_by"": ""auto_kyc""}",2026-07-31 03:24:00
451,2,CHECKIN,"{""lat"": 26.1856, ""lng"": 91.7625, ""location"": ""Guwahati Planetarium""}",2026-08-09 05:15:00
451,3,CHECKOUT,"{""location"": ""En route to Guwahati Planetarium"", ""trip_completed"": true}",2026-08-14 07:15:00
452,0,ID_ISSUED,"{""digital_id"": ""STS-BD8D5B0FA59C"", ""document"": ""XXXX-XXXX-1360"", ""name"": ""Hemanta Gogoi"", ""nationality"": ""Indian"", ""trip_end"": ""2026-08-07T21:45:00""}",2026-07-20 03:45:00
452,1,KYC_VERIFIED,"{""document_type"": ""aadhaar"", ""method"": ""document_scan"", ""verified_by"": ""auto_kyc""}",2026-07-20 04:14:00
452,2,CHECKIN,"{""lat"": 26.6338, ""lng"": 92.8, ""location"": ""Tezpur""}",2026-07-28 08:45:00
452,3,CHECKOUT,"{""location"": ""Ziro Valley"", ""trip_completed"": true}",2026-08-07 21:45:00
453,0,ID_ISSUED,"{""digital_id"": ""STS-5AA4EC17BB41"", ""document"": ""XXXX-XXXX-8226"", ""name"": ""Hemanta Dutta"", ""nationality"": ""Indian"", ""trip_end"": ""2026-07-31T22:15:00""}",2026-07-08 19:15:00
453,1,KYC_VERIFIED,"{""document_type"": ""aadhaar"", ""method"": ""document_scan"", ""verified_by"": ""auto_kyc""}",2026-07-08 19:34:00
453,2,CHECKIN,"{""lat"": 26.178, ""lng"": 91.786, ""location"": ""Assam State Zoo & Botanical Garden""}",2026-07-27 10:15:00
453,3,CHECKOUT,"{""location"": ""En route to Deepor Beel Wildlife Sanctuary"", ""trip_completed"": true}",2026-07-31 22:15:00
454,0,ID_ISSUED,"{""digital_id"": ""STS-36ABB249AE13"", ""document"": ""Z9682371"", ""name"": ""Pooja Reddy"", ""nationality"": ""Indian"", ""trip_end"": ""2026-08-15T22:30:00""}",2026-07-30 06:30:00
454,1,KYC_VERIFIED,"{""document_type"": ""passport"", ""method"": ""document_scan"", ""verified_by"": ""auto_kyc""}",2026-07-30 07:03:00
454,2,CHECKIN,"{""lat"": 26.1824, ""lng"": 91.7513, ""location"": ""Guwahati Railway Station""}",2026-08-07 08:30:00
454,3,CHECKOUT,"{""location"": ""Ziro Valley"", ""trip_completed"": true}",2026-08-15 22:30:00
455,0,ID_ISSUED,"{""digital_id"": ""STS-C635C3308CA2"", ""document"": ""XXXX-XXXX-2227"", ""name"": ""Utpal Reddy"", ""nationality"": ""Indian"", ""trip_end"": ""2026-09-03T10:30:00""}",2026-08-25 02:30:00
455,1,KYC_VERIFIED,"{""document_type"": ""aadhaar"", ""method"": ""document_scan"", ""verified_by"": ""auto_kyc""}",2026-08-25 02:39:00
455,2,CHECKIN,"{""lat"": 25.247, ""lng"": 91.715, ""location"": ""Living Root Bridge, Nongriat""}",2026-08-26 07:30:00
455,3,CHECKOUT,"{""location"": ""En route to Nohkalikai Falls"", ""trip_completed"": true}",2026-09-03 10:30:00
456,0,ID_ISSUED,"{""digital_id"": ""STS-38D9BB2C4F55"", ""document"": ""XXXX-XXXX-5181"", ""name"": ""Kavya Deka"", ""nationality"": ""Indian"", ""trip_end"": ""2026-08-24T23:30:00""}",2026-08-02 17:30:00
456,1,KYC_VERIFIED,"{""document_type"": ""aadhaar"", ""method"": ""document_scan"", ""verified_by"": ""auto_kyc""}",2026-08-02 17:49:00
456,2,CHECKIN,"{""lat"": 26.144, ""lng"": 91.8058, ""location"": ""Srimanta Sankaradeva Kalakshetra""}",2026-08-22 10:30:00
456,3,CHECKOUT,"{""location"": ""En route to Srimanta Sankaradeva Kalakshetra"", ""trip_completed"": true}",2026-08-24 23:30:00
457,0,ID_ISSUED,"{""digital_id"": ""STS-A674DAB880D0"", ""document"": ""XXXX-XXXX-1059"", ""name"": ""Junmoni Verma"", ""nationality"": ""Indian"", ""trip_end"": ""2026-08-02T14:45:00""}",2026-07-13 19:45:00
457,1,KYC_VERIFIED,"{""document_type"": ""aadhaar"", ""method"": ""document_scan"", ""verified_by"": ""auto_kyc""}",2026-07-13 20:09:00
457,2,CHECKIN,"{""lat"": 26.7509, ""lng"": 94.2037, ""location"": ""Jorhat""}",2026-07-26 06:45:00
457,3,CHECKOUT,"{""location"": ""Tezpur"", ""trip_completed"": true}",2026-08-02 14:45:00
458,0,ID_ISSUED,"{""digital_id"": ""STS-96DA86EFC081"", ""document"": ""XXXX-XXXX-2475"", ""name"": ""Rupam Medhi"", ""nationality"": ""Indian"", ""trip_end"": ""2026-09-04T16:00:00""}",2026-08-27 00:00:00
458,1,KYC_VERIFIED,"{""document_type"": ""aadhaar"", ""method"": ""document_scan"", ""verified_by"": ""auto_kyc""}",2026-08-27 00:23:00
458,2,CHECKIN,"{""lat"": 26.2333, ""lng"": 92.0833, ""location"": ""Pobitora Wildlife Sanctuary""}",2026-09-01 09:00:00
458,3,CHECKOUT,"{""location"": ""Chandubi Lake"", ""trip_completed"": true}",2026-09-04 16:00:00
459,0,ID_ISSUED,"{""digital_id"": ""STS-32822D8A714C"", ""document"": ""796772513"", ""name"": ""Ethan Miller"", ""nationality"": ""American"", ""trip_end"": ""2026-09-17T18:00:00""}",2026-08-25 07:00:00
459,1,KYC_VERIFIED,"{""document_type"": ""passport"", ""method"": ""document_scan"", ""verified_by"": ""auto_kyc""}",2026-08-25 07:36:00
459,2,CHECKIN,"{""lat"": 26.1824, ""lng"": 91.7513, ""location"": ""Guwahati Railway Station""}",2026-09-09 05:00:00
460,0,ID_ISSUED,"{""digital_id"": ""STS-DD0AE74733ED"", ""document"": ""174339049"", ""name"": ""Ashley Garcia"", ""nationality"": ""American"", ""trip_end"": ""2026-09-12T11:15:00""}",2026-08-07 19:15:00
460,1,KYC_VERIFIED,"{""document_type"": ""passport"", ""method"": ""document_scan"", ""verified_by"": ""auto_kyc""}",2026-08-07 19:32:00
460,2,CHECKIN,"{""lat"": 25.6751, ""lng"": 94.1086, ""location"": ""Kohima""}",2026-08-29 07:15:00
461,0,ID_ISSUED,"{""digital_id"": ""STS-B63DC782B1A3"", ""document"": ""XSY5350465"", ""name"": ""Dhruv Nair"", ""nationality"": ""Indian"", ""trip_end"": ""2026-09-11T18:30:00""}",2026-08-21 14:30:00
461,1,KYC_VERIFIED,"{""document_type"": ""voterid"", ""method"": ""document_scan"", ""verified_by"": ""auto_kyc""}",2026-08-21 14:59:00
461,2,CHECKIN,"{""lat"": 25.6751, ""lng"": 94.1086, ""location"": ""Kohima""}",2026-08-29 05:30:00
462,0,ID_ISSUED,"{""digital_id"": ""STS-8C5126BF6CE5"", ""document"": ""XXXX-XXXX-9157"", ""name"": ""Utpal Bora"", ""nationality"": ""Indian"", ""trip_end"": ""2026-08-14T11:30:00""}",2026-08-01 04:30:00
462,1,KYC_VERIFIED,"{""document_type"": ""aadhaar"", ""method"": ""document_scan"", ""verified_by"": ""auto_kyc""}",2026-08-01 05:09:00
462,2,CHECKIN,"{""lat"": 26.142, ""lng"": 91.79, ""location"": ""Dispur Secretariat""}",2026-08-13 08:30:00
462,3,CHECKOUT,"{""location"": ""En route to Ginger Guwahati (stay 1)"", ""trip_completed"": true}",2026-08-14 11:30:00
463,0,ID_ISSUED,"{""digital_id"": ""STS-99487E404A70"", ""document"": ""XXXX-XXXX-4050"", ""name"": ""Bornali Mishra"", ""nationality"": ""Indian"", ""trip_end"": ""2026-08-24T18:45:00""}",2026-07-30 19:45:00
463,1,KYC_VERIFIED,"{""document_type"": ""aadhaar"", ""method"": ""document_scan"", ""verified_by"": ""auto_kyc""}",2026-07-30 20:01:00
463,2,CHECKIN,"{""lat"": 26.19, ""lng"": 91.759, ""location"": ""Uzan Bazar Ghat""}",2026-08-20 05:45:00
463,3,SOS_TRIGGERED,"{""lat"": 26.188537, ""lng"": 91.747852, ""message"": ""Feeling severely unwell, chest pain, need medical assistance.""}",2026-08-23 00:46:24
463,4,CHECKOUT,"{""location"": ""Fancy Bazaar"", ""trip_completed"": true}",2026-08-24 18:45:00
464,0,ID_ISSUED,"{""digital_id"": ""STS-BB6FE1A4E2DC"", ""document"": ""XXXX-XXXX-2749"", ""name"": ""Riya Hazarika"", ""nationality"": ""Indian"", ""trip_end"": ""2026-07-28T20:15:00""}",2026-07-14 01:15:00
464,1,KYC_VERIFIED,"{""document_type"": ""aadhaar"", ""method"": ""document_scan"", ""verified_by"": ""auto_kyc""}",2026-07-14 01:54:00
464,2,CHECKIN,"{""lat"": 26.12, ""lng"": 91.65, ""location"": ""Deepor Beel Wildlife Sanctuary""}",2026-07-23 07:15:00
464,3,CHECKOUT,"{""location"": ""En route to Deepor Beel Wildlife Sanctuary"", ""trip_completed"": true}",2026-07-28 20:15:00
465,0,ID_ISSUED,"{""digital_id"": ""STS-7FBA6B9E27DE"", ""document"": ""XXXX-XXXX-5946"", ""name"": ""Hemanta Iyer"", ""nationality"": ""Indian"", ""trip_end"": ""2026-08-19T14:30:00""}",2026-07-29 15:30:00
465,1,KYC_VERIFIED,"{""document_type"": ""aadhaar"", ""method"": ""document_scan"", ""verified_by"": ""auto_kyc""}",2026-07-29 16:01:00
465,2,CHECKIN,"{""lat"": 26.1856, ""lng"": 91.7625, ""location"": ""Guwahati Planetarium""}",2026-08-14 07:30:00
465,3,CHECKOUT,"{""location"": ""Fancy Bazaar"", ""trip_completed"": true}",2026-08-19 14:30:00
466,0,ID_ISSUED,"{""digital_id"": ""STS-B3250A00E1B1"", ""document"": ""XXXX-XXXX-2432"", ""name"": ""Ishita Singh"", ""nationality"": ""Indian"", ""trip_end"": ""2026-09-10T20:30:00""}",2026-08-25 02:30:00
466,1,KYC_VERIFIED,"{""document_type"": ""aadhaar"", ""method"": ""document_scan"", ""verified_by"": ""auto_kyc""}",2026-08-25 02:39:00
466,2,CHECKIN,"{""lat"": 26.142, ""lng"": 91.79, ""location"": ""Dispur Secretariat""}",2026-09-07 09:30:00
467,0,ID_ISSUED,"{""digital_id"": ""STS-6433BC1F34A2"", ""document"": ""XXXX-XXXX-6111"", ""name"": ""Aarav Medhi"", ""nationality"": ""Indian"", ""trip_end"": ""2026-07-25T17:00:00""}",2026-07-11 17:00:00
467,1,KYC_VERIFIED,"{""document_type"": ""aadhaar"", ""method"": ""document_scan"", ""verified_by"": ""auto_kyc""}",2026-07-11 17:43:00
467,2,CHECKIN,"{""lat"": 26.1749, ""lng"": 91.7789, ""location"": ""Navagraha Temple""}",2026-07-22 05:00:00
467,3,CHECKOUT,"{""location"": ""En route to Radisson Blu Guwahati (stay 1)"", ""trip_completed"": true}",2026-07-25 17:00:00
468,0,ID_ISSUED,"{""digital_id"": ""STS-1FBCD20B16E5"", ""document"": ""XXXX-XXXX-5123"", ""name"": ""Chandana Hazarika"", ""nationality"": ""Indian"", ""trip_end"": ""2026-08-27T14:45:00""}",2026-08-01 18:45:00
468,1,KYC_VERIFIED,"{""document_type"": ""aadhaar"", ""method"": ""document_scan"", ""verified_by"": ""auto_kyc""}",2026-08-01 18:51:00
468,2,CHECKIN,"{""lat"": 26.1664, ""lng"": 91.7055, ""location"": ""Kamakhya Temple""}",2026-08-22 07:45:00
468,3,CHECKOUT,"{""location"": ""En route to Kamakhya Temple"", ""trip_completed"": true}",2026-08-27 14:45:00
469,0,ID_ISSUED,"{""digital_id"": ""STS-A5C71DB99083"", ""document"": ""N5789328"", ""name"": ""Ishara Fernando"", ""nationality"": ""Sri Lankan"", ""trip_end"": ""2026-07-26T20:30:00""}",2026-06-30 14:30:00
469,1,KYC_VERIFIED,"{""document_type"": ""passport"", ""method"": ""document_scan"", ""verified_by"": ""auto_kyc""}",2026-06-30 14:46:00
469,2,CHECKIN,"{""lat"": 26.1664, ""lng"": 91.7055, ""location"": ""Kamakhya Temple""}",2026-07-22 06:30:00
469,3,CHECKOUT,"{""location"": ""En route to Kamakhya Temple"", ""trip_completed"": true}",2026-07-26 20:30:00
470,0,ID_ISSUED,"{""digital_id"": ""STS-3DC2616DEBBE"", ""document"": ""XXXX-XXXX-9786"", ""name"": ""Sneha Sharma"", ""nationality"": ""Indian"", ""trip_end"": ""2026-09-03T21:30:00""}",2026-08-22 10:30:00
470,1,KYC_VERIFIED,"{""document_type"": ""aadhaar"", ""method"": ""document_scan"", ""verified_by"": ""auto_kyc""}",2026-08-22 10:38:00
470,2,CHECKIN,"{""lat"": 26.1824, ""lng"": 91.7513, ""location"": ""Guwahati Railway Station""}",2026-08-29 10:30:00
470,3,CHECKOUT,"{""location"": ""En route to Hotel Rajmahal (stay 3)"", ""trip_completed"": true}",2026-09-03 21:30:00
471,0,ID_ISSUED,"{""digital_id"": ""STS-729299D31C44"", ""document"": ""K4565199"", ""name"": ""Marcus Ong"", ""nationality"": ""Singaporean"", ""trip_end"": ""2026-08-03T17:45:00""}",2026-07-20 04:45:00
471,1,KYC_VERIFIED,"{""document_type"": ""passport"", ""method"": ""document_scan"", ""verified_by"": ""auto_kyc""}",2026-07-20 05:15:00
471,2,CHECKIN,"{""lat"": 26.92, ""lng"": 92.88, ""location"": ""Nameri National Park""}",2026-07-22 10:45:00
471,3,CHECKOUT,"{""location"": ""LGB International Airport"", ""trip_completed"": true}",2026-08-03 17:45:00
472,0,ID_ISSUED,"{""digital_id"": ""STS-9FA36F6AF3CC"", ""document"": ""FMP4807490"", ""name"": ""Aarav Das"", ""nationality"": ""Indian"", ""trip_end"": ""2026-08-27T13:45:00""}",2026-08-05 23:45:00
472,1,KYC_VERIFIED,"{""document_type"": ""voterid"", ""method"": ""document_scan"", ""verified_by"": ""auto_kyc""}",2026-08-06 00:25:00
472,2,CHECKIN,"{""lat"": 26.1856, ""lng"": 91.7455, ""location"": ""Pan Bazaar""}",2026-08-23 09:45:00
472,3,CHECKOUT,"{""location"": ""En route to Ygdrasill Bamboo Resort, Cherrapunji (stay 1)"", ""trip_completed"": true}",2026-08-27 13:45:00
473,0,ID_ISSUED,"{""digital_id"": ""STS-262C8B5761DE"", ""document"": ""XXXX-XXXX-1656"", ""name"": ""Kabir Ghosh"", ""nationality"": ""Indian"", ""trip_end"": ""2026-08-17T15:30:00""}",2026-08-08 07:30:00
473,1,KYC_VERIFIED,"{""document_type"": ""aadhaar"", ""method"": ""document_scan"", ""verified_by"": ""auto_kyc""}",2026-08-08 07:39:00
473,2,CHECKIN,"{""lat"": 26.1857, ""lng"": 91.7481, ""location"": ""Assam State Museum""}",2026-08-12 07:30:00
473,3,CHECKOUT,"{""location"": ""En route to Gandhi Mandap, Sarania Hill"", ""trip_completed"": true}",2026-08-17 15:30:00
474,0,ID_ISSUED,"{""digital_id"": ""STS-213F96F7CFB7"", ""document"": ""QBJ8211967"", ""name"": ""Priya Rajkhowa"", ""nationality"": ""Indian"", ""trip_end"": ""2026-08-29T12:30:00""}",2026-08-05 08:30:00
474,1,KYC_VERIFIED,"{""document_type"": ""voterid"", ""method"": ""document_scan"", ""verified_by"": ""auto_kyc""}",2026-08-05 08:34:00
474,2,CHECKIN,"{""lat"": 26.1836, ""lng"": 91.7434, ""location"": ""Fancy Bazaar""}",2026-08-24 06:30:00
474,3,CHECKOUT,"{""location"": ""En route to Gandhi Mandap, Sarania Hill"", ""trip_completed"": true}",2026-08-29 12:30:00
475,0,ID_ISSUED,"{""digital_id"": ""STS-A8054BA983EE"", ""document"": ""504836046"", ""name"": ""Hugo Girard"", ""nationality"": ""French"", ""trip_end"": ""2026-09-08T10:45:00""}",2026-09-03 07:45:00
475,1,KYC_VERIFIED,"{""document_type"": ""passport"", ""method"": ""document_scan"", ""verified_by"": ""auto_kyc""}",2026-09-03 08:08:00
475,2,CHECKIN,"{""lat"": 26.09, ""lng"": 91.59, ""location"": ""Accoland Water Park""}",2026-09-04 07:45:00
476,0,ID_ISSUED,"{""digital_id"": ""STS-EE15B131B3D5"", ""document"": ""XD985128"", ""name"": ""Carmen Gomez"", ""nationality"": ""Spanish"", ""trip_end"": ""2026-09-06T11:45:00""}",2026-08-23 19:45:00
476,1,KYC_VERIFIED,"{""document_type"": ""passport"", ""method"": ""document_scan"", ""verified_by"": ""auto_kyc""}",2026-08-23 20:10:00
476,2,CHECKIN,"{""lat"": 25.276, ""lng"": 91.6857, ""location"": ""Nohkalikai Falls""}",2026-08-30 06:45:00
477,0,ID_ISSUED,"{""digital_id"": ""STS-D33C6290D420"", ""document"": ""XXXX-XXXX-7252"", ""name"": ""Manish Iyer"", ""nationality"": ""Indian"", ""trip_end"": ""2026-08-07T20:15:00""}",2026-08-01 13:15:00
477,1,KYC_VERIFIED,"{""document_type"": ""aadhaar"", ""method"": ""document_scan"", ""verified_by"": ""auto_kyc""}",2026-08-01 13:29:00
477,2,CHECKIN,"{""lat"": 26.1824, ""lng"": 91.7513, ""location"": ""Guwahati Railway Station""}",2026-08-04 11:15:00
477,3,CHECKOUT,"{""location"": ""En route to Guwahati Railway Station"", ""trip_completed"": true}",2026-08-07 20:15:00
478,0,ID_ISSUED,"{""digital_id"": ""STS-C848CAE27AE7"", ""document"": ""Z8394952"", ""name"": ""Chandana Gogoi"", ""nationality"": ""Indian"", ""trip_end"": ""2026-08-05T19:00:00""}",2026-07-13 03:00:00
478,1,KYC_VERIFIED,"{""document_type"": ""passport"", ""method"": ""document_scan"", ""verified_by"": ""auto_kyc""}",2026-07-13 03:23:00
478,2,CHECKIN,"{""lat"": 26.9826, ""lng"": 94.6425, ""location"": ""Sivasagar""}",2026-07-24 10:00:00
478,3,CHECKOUT,"{""location"": ""LGB International Airport"", ""trip_completed"": true}",2026-08-05 19:00:00
479,0,ID_ISSUED,"{""digital_id"": ""STS-412867B6FB9F"", ""document"": ""K9596009"", ""name"": ""Xin Yi Lee"", ""nationality"": ""Singaporean"", ""trip_end"": ""2026-08-01T10:30:00""}",2026-07-11 07:30:00
479,1,KYC_VERIFIED,"{""document_type"": ""passport"", ""method"": ""document_scan"", ""verified_by"": ""auto_kyc""}",2026-07-11 07:36:00
479,2,CHECKIN,"{""lat"": 26.1836, ""lng"": 91.7434, ""location"": ""Fancy Bazaar""}",2026-07-30 06:30:00
479,3,CHECKOUT,"{""location"": ""En route to Hotel Polo Towers, Shillong (stay 1)"", ""trip_completed"": true}",2026-08-01 10:30:00
480,0,ID_ISSUED,"{""digital_id"": ""STS-FA028799726C"", ""document"": ""XXXX-XXXX-2689"", ""name"": ""Nabanita Hazarika"", ""nationality"": ""Indian"", ""trip_end"": ""2026-09-12T09:30:00""}",2026-09-04 10:30:00
480,1,KYC_VERIFIED,"{""document_type"": ""aadhaar"", ""method"": ""document_scan"", ""verified_by"": ""auto_kyc""}",2026-09-04 10:50:00
480,2,CHECKIN,"{""lat"": 26.178, ""lng"": 91.786, ""location"": ""Assam State Zoo & Botanical Garden""}",2026-09-07 07:30:00
481,0,ID_ISSUED,"{""digital_id"": ""STS-A14D001F7F12"", ""document"": ""EZB8425280"", ""name"": ""Simanta Banerjee"", ""nationality"": ""Indian"", ""trip_end"": ""2026-08-19T09:30:00""}",2026-08-07 12:30:00
481,1,KYC_VERIFIED,"{""document_type"": ""voterid"", ""method"": ""document_scan"", ""verified_by"": ""auto_kyc""}",2026-08-07 12:36:00
481,2,CHECKIN,"{""lat"": 26.1824, ""lng"": 91.7513, ""location"": ""Guwahati Railway Station""}",2026-08-12 07:30:00
481,3,CHECKOUT,"{""location"": ""Ziro Valley"", ""trip_completed"": true}",2026-08-19 09:30:00
482,0,ID_ISSUED,"{""digital_id"": ""STS-C01D198BC1BF"", ""document"": ""XXXX-XXXX-8132"", ""name"": ""Kabir Rajkhowa"", ""nationality"": ""Indian"", ""trip_end"": ""2026-09-12T18:45:00""}",2026-09-06 14:45:00
482,1,KYC_VERIFIED,"{""document_type"": ""aadhaar"", ""method"": ""document_scan"", ""verified_by"": ""auto_kyc""}",2026-09-06 15:14:00
482,2,CHECKIN,"{""lat"": 26.1667, ""lng"": 91.5667, ""location"": ""Sualkuchi Silk Village""}",2026-09-09 11:45:00
483,0,ID_ISSUED,"{""digital_id"": ""STS-1763630EFBF1"", ""document"": ""XXXX-XXXX-8333"", ""name"": ""Kavya Bhattacharya"", ""nationality"": ""Indian"", ""trip_end"": ""2026-08-15T16:45:00""}",2026-08-08 11:45:00
483,1,KYC_VERIFIED,"{""document_type"": ""aadhaar"", ""method"": ""document_scan"", ""verified_by"": ""auto_kyc""}",2026-08-08 12:08:00
483,2,CHECKIN,"{""lat"": 26.1664, ""lng"": 91.7055, ""location"": ""Kamakhya Temple""}",2026-08-09 10:45:00
483,3,CHECKOUT,"{""location"": ""En route to Diphlu River Lodge, Kaziranga (stay 1)"", ""trip_completed"": true}",2026-08-15 16:45:00
484,0,ID_ISSUED,"{""digital_id"": ""STS-D281A47B36ED"", ""document"": ""XXXX-XXXX-8712"", ""name"": ""Rahul Bora"", ""nationality"": ""Indian"", ""trip_end"": ""2026-07-26T21:15:00""}",2026-07-08 06:15:00
484,1,KYC_VERIFIED,"{""document_type"": ""aadhaar"", ""method"": ""document_scan"", ""verified_by"": ""auto_kyc""}",2026-07-08 06:48:00
484,2,CHECKIN,"{""lat"": 26.178, ""lng"": 91.786, ""location"": ""Assam State Zoo & Botanical Garden""}",2026-07-24 07:15:00
484,3,CHECKOUT,"{""location"": ""En route to Deepor Beel Wildlife Sanctuary"", ""trip_completed"": true}",2026-07-26 21:15:00
485,0,ID_ISSUED,"{""digital_id"": ""STS-6604DF476D51"", ""document"": ""XXXX-XXXX-8753"", ""name"": ""Kabir Das"", ""nationality"": ""Indian"", ""trip_end"": ""2026-08-18T16:45:00""}",2026-08-07 11:45:00
485,1,KYC_VERIFIED,"{""document_type"": ""aadhaar"", ""method"": ""document_scan"", ""verified_by"": ""auto_kyc""}",2026-08-07 12:08:00
485,2,CHECKIN,"{""lat"": 25.247, ""lng"": 91.715, ""location"": ""Living Root Bridge, Nongriat""}",2026-08-09 11:45:00
485,3,CHECKOUT,"{""location"": ""Guwahati Railway Station"", ""trip_completed"": true}",2026-08-18 16:45:00
486,0,ID_ISSUED,"{""digital_id"": ""STS-2444335B24BD"", ""document"": ""XXXX-XXXX-8322"", ""name"": ""Nabanita Kumar"", ""nationality"": ""Indian"", ""trip_end"": ""2026-07-30T15:15:00""}",2026-07-23 13:15:00
486,1,KYC_VERIFIED,"{""document_type"": ""aadhaar"", ""method"": ""document_scan"", ""verified_by"": ""auto_kyc""}",2026-07-23 13:29:00
486,2,CHECKIN,"{""lat"": 26.142, ""lng"": 91.79, ""location"": ""Dispur Secretariat""}",2026-07-29 05:15:00
486,3,CHECKOUT,"{""location"": ""En route to Ygdrasill Bamboo Resort, Cherrapunji (stay 1)"", ""trip_completed"": true}",2026-07-30 15:15:00
487,0,ID_ISSUED,"{""digital_id"": ""STS-B1296E3D06EA"", ""document"": ""XXXX-XXXX-7658"", ""name"": ""Chandana Rajkhowa"", ""nationality"": ""Indian"", ""trip_end"": ""2026-08-21T19:15:00""}",2026-08-14 06:15:00
487,1,KYC_VERIFIED,"{""document_type"": ""aadhaar"", ""method"": ""document_scan"", ""verified_by"": ""auto_kyc""}",2026-08-14 06:39:00
487,2,CHECKIN,"{""lat"": 26.2333, ""lng"": 92.0833, ""location"": ""Pobitora Wildlife Sanctuary""}",2026-08-18 07:15:00
487,3,CHECKOUT,"{""location"": ""En route to Deepor Beel Wildlife Sanctuary"", ""trip_completed"": true}",2026-08-21 19:15:00
488,0,ID_ISSUED,"{""digital_id"": ""STS-B4261FE33BBF"", ""document"": ""BX0471395"", ""name"": ""Sabina Uddin"", ""nationality"": ""Bangladeshi"", ""trip_end"": ""2026-08-05T17:30:00""}",2026-07-26 10:30:00
488,1,KYC_VERIFIED,"{""document_type"": ""passport"", ""method"": ""document_scan"", ""verified_by"": ""auto_kyc""}",2026-07-26 10:50:00
488,2,CHECKIN,"{""lat"": 26.12, ""lng"": 91.65, ""location"": ""Deepor Beel Wildlife Sanctuary""}",2026-08-02 11:30:00
488,3,CHECKOUT,"{""location"": ""En route to Wild Mahseer, Balipara (stay 1)"", ""trip_completed"": true}",2026-08-05 17:30:00
489,0,ID_ISSUED,"{""digital_id"": ""STS-0530919B4922"", ""document"": ""BX7347900"", ""name"": ""Shakib Alam"", ""nationality"": ""Bangladeshi"", ""trip_end"": ""2026-08-16T18:15:00""}",2026-07-18 00:15:00
489,1,KYC_VERIFIED,"{""document_type"": ""passport"", ""method"": ""document_scan"", ""verified_by"": ""auto_kyc""}",2026-07-18 00:58:00
489,2,CHECKIN,"{""lat"": 27.3314, ""lng"": 88.6138, ""location"": ""Gangtok""}",2026-08-02 09:15:00
489,3,CHECKOUT,"{""location"": ""Agartala"", ""trip_completed"": true}",2026-08-16 18:15:00
490,0,ID_ISSUED,"{""digital_id"": ""STS-C893569676DE"", ""document"": ""XXXX-XXXX-8140"", ""name"": ""Jayanta Gogoi"", ""nationality"": ""Indian"", ""trip_end"": ""2026-08-23T12:45:00""}",2026-07-26 18:45:00
490,1,KYC_VERIFIED,"{""document_type"": ""aadhaar"", ""method"": ""document_scan"", ""verified_by"": ""auto_kyc""}",2026-07-26 19:07:00
490,2,CHECKIN,"{""lat"": 25.247, ""lng"": 91.715, ""location"": ""Living Root Bridge, Nongriat""}",2026-08-17 10:45:00
490,3,CHECKOUT,"{""location"": ""En route to Living Root Bridge, Nongriat"", ""trip_completed"": true}",2026-08-23 12:45:00
491,0,ID_ISSUED,"{""digital_id"": ""STS-DD3405824AB9"", ""document"": ""XXXX-XXXX-1979"", ""name"": ""Bornali Verma"", ""nationality"": ""Indian"", ""trip_end"": ""2026-08-31T16:30:00""}",2026-08-17 21:30:00
491,1,KYC_VERIFIED,"{""document_type"": ""aadhaar"", ""method"": ""document_scan"", ""verified_by"": ""auto_kyc""}",2026-08-17 21:43:00
491,2,CHECKIN,"{""lat"": 26.1824, ""lng"": 91.7513, ""location"": ""Guwahati Railway Station""}",2026-08-30 09:30:00
491,3,CHECKOUT,"{""location"": ""En route to Guwahati Railway Station"", ""trip_completed"": true}",2026-08-31 16:30:00
492,0,ID_ISSUED,"{""digital_id"": ""STS-2E451DD57829"", ""document"": ""NP6479038"", ""name"": ""Sarita Shrestha"", ""nationality"": ""Nepali"", ""trip_end"": ""2026-08-19T09:00:00""}",2026-08-02 19:00:00
492,1,KYC_VERIFIED,"{""document_type"": ""passport"", ""method"": ""document_scan"", ""verified_by"": ""auto_kyc""}",2026-08-02 19:31:00
492,2,CHECKIN,"{""lat"": 26.12, ""lng"": 91.65, ""location"": ""Deepor Beel Wildlife Sanctuary""}",2026-08-14 05:00:00
492,3,CHECKOUT,"{""location"": ""En route to Ri Kynjai, Umiam (stay 1)"", ""trip_completed"": true}",2026-08-19 09:00:00
493,0,ID_ISSUED,"{""digital_id"": ""STS-965841A928DB"", ""document"": ""XXXX-XXXX-8827"", ""name"": ""Meera Barua"", ""nationality"": ""Indian"", ""trip_end"": ""2026-07-30T10:30:00""}",2026-07-21 16:30:00
493,1,KYC_VERIFIED,"{""document_type"": ""aadhaar"", ""method"": ""document_scan"", ""verified_by"": ""auto_kyc""}",2026-07-21 17:00:00
493,2,CHECKIN,"{""lat"": 25.2, ""lng"": 91.9167, ""location"": ""Mawlynnong Village""}",2026-07-25 05:30:00
493,3,CHECKOUT,"{""location"": ""Guwahati Railway Station"", ""trip_completed"": true}",2026-07-30 10:30:00
494,0,ID_ISSUED,"{""digital_id"": ""STS-6236D42040F4"", ""document"": ""HJ582605"", ""name"": ""Logan Bouchard"", ""nationality"": ""Canadian"", ""trip_end"": ""2026-08-27T17:15:00""}",2026-08-04 17:15:00
494,1,KYC_VERIFIED,"{""document_type"": ""passport"", ""method"": ""document_scan"", ""verified_by"": ""auto_kyc""}",2026-08-04 17:21:00
494,2,CHECKIN,"{""lat"": 26.19, ""lng"": 91.759, ""location"": ""Uzan Bazar Ghat""}",2026-08-25 05:15:00
494,3,CHECKOUT,"{""location"": ""Sualkuchi Silk Village"", ""trip_completed"": true}",2026-08-27 17:15:00
495,0,ID_ISSUED,"{""digital_id"": ""STS-5013AF24C612"", ""document"": ""XXXX-XXXX-2730"", ""name"": ""Utpal Ghosh"", ""nationality"": ""Indian"", ""trip_end"": ""2026-09-05T10:30:00""}",2026-08-17 06:30:00
495,1,KYC_VERIFIED,"{""document_type"": ""aadhaar"", ""method"": ""document_scan"", ""verified_by"": ""auto_kyc""}",2026-08-17 06:43:00
495,2,CHECKIN,"{""lat"": 26.1824, ""lng"": 91.7513, ""location"": ""Guwahati Railway Station""}",2026-08-22 05:30:00
495,3,CHECKOUT,"{""location"": ""Ziro Valley"", ""trip_completed"": true}",2026-09-05 10:30:00
496,0,ID_ISSUED,"{""digital_id"": ""STS-C7DFE999B371"", ""document"": ""YA6771257"", ""name"": ""Luca Russo"", ""nationality"": ""Italian"", ""trip_end"": ""2026-09-03T12:00:00""}",2026-08-09 18:00:00
496,1,KYC_VERIFIED,"{""document_type"": ""passport"", ""method"": ""document_scan"", ""verified_by"": ""auto_kyc""}",2026-08-09 18:15:00
496,2,CHECKIN,"{""lat"": 25.657, ""lng"": 91.889, ""location"": ""Umiam Lake""}",2026-08-24 05:00:00
496,3,CHECKOUT,"{""location"": ""En route to Umiam Lake"", ""trip_completed"": true}",2026-09-03 12:00:00
497,0,ID_ISSUED,"{""digital_id"": ""STS-F7D18F86A079"", ""document"": ""XXXX-XXXX-3674"", ""name"": ""Sneha Banerjee"", ""nationality"": ""Indian"", ""trip_end"": ""2026-09-12T18:30:00""}",2026-08-19 00:30:00
497,1,KYC_VERIFIED,"{""document_type"": ""aadhaar"", ""method"": ""document_scan"", ""verified_by"": ""auto_kyc""}",2026-08-19 01:05:00
497,2,CHECKIN,"{""lat"": 25.2912, ""lng"": 91.6783, ""location"": ""Cherrapunji (Sohra)""}",2026-09-04 08:30:00
498,0,ID_ISSUED,"{""digital_id"": ""STS-3E0B8B7E163E"", ""document"": ""XXXX-XXXX-9822"", ""name"": ""Kavya Gogoi"", ""nationality"": ""Indian"", ""trip_end"": ""2026-08-26T16:15:00""}",2026-08-19 09:15:00
498,1,KYC_VERIFIED,"{""document_type"": ""aadhaar"", ""method"": ""document_scan"", ""verified_by"": ""auto_kyc""}",2026-08-19 09:24:00
498,2,CHECKIN,"{""lat"": 25.9333, ""lng"": 91.4333, ""location"": ""Chandubi Lake""}",2026-08-23 07:15:00
498,3,CHECKOUT,"{""location"": ""En route to Hotel Nandan (stay 2)"", ""trip_completed"": true}",2026-08-26 16:15:00
499,0,ID_ISSUED,"{""digital_id"": ""STS-C695CF87D58A"", ""document"": ""XXXX-XXXX-2981"", ""name"": ""Rahul Hazarika"", ""nationality"": ""Indian"", ""trip_end"": ""2026-07-25T11:30:00""}",2026-07-10 12:30:00
499,1,KYC_VERIFIED,"{""document_type"": ""aadhaar"", ""method"": ""document_scan"", ""verified_by"": ""auto_kyc""}",2026-07-10 13:00:00
499,2,CHECKIN,"{""lat"": 26.12, ""lng"": 91.65, ""location"": ""Deepor Beel Wildlife Sanctuary""}",2026-07-22 05:30:00
499,3,CHECKOUT,"{""location"": ""En route to Dolma Homestay, Tawang (stay 1)"", ""trip_completed"": true}",2026-07-25 11:30:00
500,0,ID_ISSUED,"{""digital_id"": ""STS-1738E40F5578"", ""document"": ""872277067"", ""name"": ""Grace Baker"", ""nationality"": ""British"", ""trip_end"": ""2026-08-10T13:45:00""}",2026-07-27 22:45:00
500,1,KYC_VERIFIED,"{""document_type"": ""passport"", ""method"": ""document_scan"", ""verified_by"": ""auto_kyc""}",2026-07-27 22:59:00
500,2,CHECKIN,"{""lat"": 26.147, ""lng"": 91.79, ""location"": ""Ganeshguri Junction""}",2026-08-08 09:45:00
500,3,CHECKOUT,"{""location"": ""En route to Ri Kynjai, Umiam (stay 1)"", ""trip_completed"": true}",2026-08-10 13:45:00
501,0,ID_ISSUED,"{""digital_id"": ""STS-43716E4C5527"", ""document"": ""XXXX-XXXX-3311"", ""name"": ""Aarav Nair"", ""nationality"": ""Indian"", ""trip_end"": ""2026-09-09T14:00:00""}",2026-08-24 18:00:00
501,1,KYC_VERIFIED,"{""document_type"": ""aadhaar"", ""method"": ""document_scan"", ""verified_by"": ""auto_kyc""}",2026-08-24 18:40:00
501,2,CHECKIN,"{""lat"": 26.1856, ""lng"": 91.7455, ""location"": ""Pan Bazaar""}",2026-09-04 08:00:00
502,0,ID_ISSUED,"{""digital_id"": ""STS-8162987C9820"", ""document"": ""XXXX-XXXX-8034"", ""name"": ""Hemanta Iyer"", ""nationality"": ""Indian"", ""trip_end"": ""2026-08-11T08:00:00""}",2026-07-25 03:00:00
502,1,KYC_VERIFIED,"{""document_type"": ""aadhaar"", ""method"": ""document_scan"", ""verified_by"": ""auto_kyc""}",2026-07-25 03:43:00
502,2,CHECKIN,"{""lat"": 26.1664, ""lng"": 91.7055, ""location"": ""Kamakhya Temple""}",2026-08-08 05:00:00
502,3,CHECKOUT,"{""location"": ""En route to Kamakhya Temple"", ""trip_completed"": true}",2026-08-11 08:00:00
503,0,ID_ISSUED,"{""digital_id"": ""STS-604D55964748"", ""document"": ""XXXX-XXXX-4335"", ""name"": ""Rohan Baishya"", ""nationality"": ""Indian"", ""trip_end"": ""2026-08-29T20:45:00""}",2026-08-19 04:45:00
503,1,KYC_VERIFIED,"{""document_type"": ""aadhaar"", ""method"": ""document_scan"", ""verified_by"": ""auto_kyc""}",2026-08-19 05:25:00
503,2,CHECKIN,"{""lat"": 26.19, ""lng"": 91.759, ""location"": ""Uzan Bazar Ghat""}",2026-08-25 11:45:00
503,3,CHECKOUT,"{""location"": ""En route to Novotel Guwahati GS Road (stay 1)"", ""trip_completed"": true}",2026-08-29 20:45:00
504,0,ID_ISSUED,"{""digital_id"": ""STS-65921A9CD0DE"", ""document"": ""XXXX-XXXX-4175"", ""name"": ""Tanvi Kalita"", ""nationality"": ""Indian"", ""trip_end"": ""2026-08-06T22:30:00""}",2026-07-31 04:30:00
504,1,KYC_VERIFIED,"{""document_type"": ""aadhaar"", ""method"": ""document_scan"", ""verified_by"": ""auto_kyc""}",2026-07-31 04:33:00
504,2,CHECKIN,"{""lat"": 26.1857, ""lng"": 91.7477, ""location"": ""Nehru Park""}",2026-08-03 10:30:00
504,3,CHECKOUT,"{""location"": ""En route to Vivanta Guwahati (stay 1)"", ""trip_completed"": true}",2026-08-06 22:30:00
505,0,ID_ISSUED,"{""digital_id"": ""STS-D4EE24F8EED7"", ""document"": ""490438665"", ""name"": ""Jessica Brown"", ""nationality"": ""American"", ""trip_end"": ""2026-08-15T11:45:00""}",2026-08-03 13:45:00
505,1,KYC_VERIFIED,"{""document_type"": ""passport"", ""method"": ""document_scan"", ""verified_by"": ""auto_kyc""}",2026-08-03 13:54:00
505,2,CHECKIN,"{""lat"": 27.5448, ""lng"": 93.832, ""location"": ""Ziro Valley""}",2026-08-08 05:45:00
505,3,CHECKOUT,"{""location"": ""Tawang Monastery"", ""trip_completed"": true}",2026-08-15 11:45:00
506,0,ID_ISSUED,"{""digital_id"": ""STS-A25386F8EBD0"", ""document"": ""BX1830515"", ""name"": ""Imran Ahmed"", ""nationality"": ""Bangladeshi"", ""trip_end"": ""2026-09-05T20:00:00""}",2026-09-02 04:00:00
506,1,KYC_VERIFIED,"{""document_type"": ""passport"", ""method"": ""document_scan"", ""verified_by"": ""auto_kyc""}",2026-09-02 04:02:00
506,2,CHECKIN,"{""lat"": 26.135, ""lng"": 91.805, ""location"": ""Six Mile""}",2026-09-04 10:00:00
507,0,ID_ISSUED,"{""digital_id"": ""STS-C2C1D7F097C8"", ""document"": ""XXXX-XXXX-1684"", ""name"": ""Chandana Deka"", ""nationality"": ""Indian"", ""trip_end"": ""2026-08-30T15:45:00""}",2026-08-16 08:45:00
507,1,KYC_VERIFIED,"{""document_type"": ""aadhaar"", ""method"": ""document_scan"", ""verified_by"": ""auto_kyc""}",2026-08-16 08:52:00
507,2,CHECKIN,"{""lat"": 26.1824, ""lng"": 91.7513, ""location"": ""Guwahati Railway Station""}",2026-08-27 06:45:00
507,3,CHECKOUT,"{""location"": ""En route to Dolma Homestay, Tawang (stay 1)"", ""trip_completed"": true}",2026-08-30 15:45:00
508,0,ID_ISSUED,"{""digital_id"": ""STS-84B8E0361E5F"", ""document"": ""NP7206965"", ""name"": ""Suman Shrestha"", ""nationality"": ""Nepali"", ""trip_end"": ""2026-09-04T09:30:00""}",2026-08-20 09:30:00
508,1,KYC_VERIFIED,"{""document_type"": ""passport"", ""method"": ""document_scan"", ""verified_by"": ""auto_kyc""}",2026-08-20 10:00:00
508,2,CHECKIN,"{""lat"": 26.1856, ""lng"": 91.7455, ""location"": ""Pan Bazaar""}",2026-09-02 06:30:00
508,3,CHECKOUT,"{""location"": ""En route to Hotel Rajmahal (stay 1)"", ""trip_completed"": true}",2026-09-04 09:30:00
509,0,ID_ISSUED,"{""digital_id"": ""STS-C524A9CBD14D"", ""document"": ""XXXX-XXXX-4444"", ""name"": ""Nabanita Sen"", ""nationality"": ""Indian"", ""trip_end"": ""2026-09-04T15:00:00""}",2026-08-24 20:00:00
509,1,KYC_VERIFIED,"{""document_type"": ""aadhaar"", ""method"": ""document_scan"", ""verified_by"": ""auto_kyc""}",2026-08-24 20:37:00
509,2,CHECKIN,"{""lat"": 25.19, ""lng"": 92.02, ""location"": ""Dawki / Umngot River""}",2026-08-26 05:00:00
509,3,CHECKOUT,"{""location"": ""En route to Living Root Bridge, Nongriat"", ""trip_completed"": true}",2026-09-04 15:00:00
510,0,ID_ISSUED,"{""digital_id"": ""STS-DAD824854384"", ""document"": ""XXXX-XXXX-8524"", ""name"": ""Anjali Sen"", ""nationality"": ""Indian"", ""trip_end"": ""2026-08-20T23:15:00""}",2026-07-27 19:15:00
510,1,KYC_VERIFIED,"{""document_type"": ""aadhaar"", ""method"": ""document_scan"", ""verified_by"": ""auto_kyc""}",2026-07-27 20:00:00
510,2,CHECKIN,"{""lat"": 26.6338, ""lng"": 92.8, ""location"": ""Tezpur""}",2026-08-08 11:15:00
510,3,CHECKOUT,"{""location"": ""Tawang Monastery"", ""trip_completed"": true}",2026-08-20 23:15:00
511,0,ID_ISSUED,"{""digital_id"": ""STS-609ED0BCF42E"", ""document"": ""BX7434632"", ""name"": ""Fatima Islam"", ""nationality"": ""Bangladeshi"", ""trip_end"": ""2026-09-19T17:45:00""}",2026-08-25 00:45:00
511,1,KYC_VERIFIED,"{""document_type"": ""passport"", ""method"": ""document_scan"", ""verified_by"": ""auto_kyc""}",2026-08-25 00:49:00
511,2,CHECKIN,"{""lat"": 26.7509, ""lng"": 94.2037, ""location"": ""Jorhat""}",2026-09-09 11:45:00
512,0,ID_ISSUED,"{""digital_id"": ""STS-E15B190F5C9D"", ""document"": ""XXXX-XXXX-3727"", ""name"": ""Jayanta Iyer"", ""nationality"": ""Indian"", ""trip_end"": ""2026-08-02T18:15:00""}",2026-07-20 02:15:00
512,1,KYC_VERIFIED,"{""document_type"": ""aadhaar"", ""method"": ""document_scan"", ""verified_by"": ""auto_kyc""}",2026-07-20 02:36:00
512,2,CHECKIN,"{""lat"": 26.178, ""lng"": 91.786, ""location"": ""Assam State Zoo & Botanical Garden""}",2026-07-28 05:15:00
512,3,CHECKOUT,"{""location"": ""En route to Hotel Polo Towers, Shillong (stay 2)"", ""trip_completed"": true}",2026-08-02 18:15:00
513,0,ID_ISSUED,"{""digital_id"": ""STS-408D79E61282"", ""document"": ""XXXX-XXXX-9832"", ""name"": ""Dhruv Choudhury"", ""nationality"": ""Indian"", ""trip_end"": ""2026-09-07T16:45:00""}",2026-08-25 05:45:00
513,1,KYC_VERIFIED,"{""document_type"": ""aadhaar"", ""method"": ""document_scan"", ""verified_by"": ""auto_kyc""}",2026-08-25 06:09:00
513,2,CHECKIN,"{""lat"": 26.144, ""lng"": 91.8058, ""location"": ""Srimanta Sankaradeva Kalakshetra""}",2026-09-03 07:45:00
514,0,ID_ISSUED,"{""digital_id"": ""STS-E0D223898466"", ""document"": ""XXXX-XXXX-6417"", ""name"": ""Tanvi Nair"", ""nationality"": ""Indian"", ""trip_end"": ""2026-08-16T22:30:00""}",2026-07-26 13:30:00
514,1,KYC_VERIFIED,"{""document_type"": ""aadhaar"", ""method"": ""document_scan"", ""verified_by"": ""auto_kyc""}",2026-07-26 14:11:00
514,2,CHECKIN,"{""lat"": 23.8315, ""lng"": 91.2868, ""location"": ""Agartala""}",2026-08-02 11:30:00
514,3,CHECKOUT,"{""location"": ""Kaziranga National Park"", ""trip_completed"": true}",2026-08-16 22:30:00
515,0,ID_ISSUED,"{""digital_id"": ""STS-D776BEDC60D9"", ""document"": ""XXXX-XXXX-1963"", ""name"": ""Priya Patel"", ""nationality"": ""Indian"", ""trip_end"": ""2026-09-12T09:15:00""}",2026-08-24 04:15:00
515,1,KYC_VERIFIED,"{""document_type"": ""aadhaar"", ""method"": ""document_scan"", ""verified_by"": ""auto_kyc""}",2026-08-24 04:57:00
515,2,CHECKIN,"{""lat"": 26.1817, ""lng"": 91.7503, ""location"": ""Paltan Bazaar""}",2026-09-09 05:15:00
516,0,ID_ISSUED,"{""digital_id"": ""STS-45AF44867EC6"", ""document"": ""KLN7609155"", ""name"": ""Pooja Hazarika"", ""nationality"": ""Indian"", ""trip_end"": ""2026-09-20T16:45:00""}",2026-09-03 19:45:00
516,1,KYC_VERIFIED,"{""document_type"": ""voterid"", ""method"": ""document_scan"", ""verified_by"": ""auto_kyc""}",2026-09-03 20:23:00
516,2,CHECKIN,"{""lat"": 26.6338, ""lng"": 92.8, ""location"": ""Tezpur""}",2026-09-08 11:45:00
517,0,ID_ISSUED,"{""digital_id"": ""STS-BF6862F8F0E5"", ""document"": ""BX5103468"", ""name"": ""Rahim Khan"", ""nationality"": ""Bangladeshi"", ""trip_end"": ""2026-07-26T17:45:00""}",2026-07-02 15:45:00
517,1,KYC_VERIFIED,"{""document_type"": ""passport"", ""method"": ""document_scan"", ""verified_by"": ""auto_kyc""}",2026-07-02 15:58:00
517,2,CHECKIN,"{""lat"": 26.147, ""lng"": 91.79, ""location"": ""Ganeshguri Junction""}",2026-07-24 06:45:00
517,3,CHECKOUT,"{""location"": ""En route to Ri Kynjai, Umiam (stay 1)"", ""trip_completed"": true}",2026-07-26 17:45:00
518,0,ID_ISSUED,"{""digital_id"": ""STS-6734F942A3B5"", ""document"": ""XXXX-XXXX-3046"", ""name"": ""Gitanjali Phukan"", ""nationality"": ""Indian"", ""trip_end"": ""2026-09-12T14:45:00""}",2026-08-09 05:45:00
518,1,KYC_VERIFIED,"{""document_type"": ""aadhaar"", ""method"": ""document_scan"", ""verified_by"": ""auto_kyc""}",2026-08-09 06:04:00
518,2,CHECKIN,"{""lat"": 26.5775, ""lng"": 93.1711, ""location"": ""Kaziranga National Park""}",2026-08-27 08:45:00
519,0,ID_ISSUED,"{""digital_id"": ""STS-FB5ACCAD495D"", ""document"": ""XXXX-XXXX-6211"", ""name"": ""Kabir Deka"", ""nationality"": ""Indian"", ""trip_end"": ""2026-08-02T13:00:00""}",2026-07-10 06:00:00
519,1,KYC_VERIFIED,"{""document_type"": ""aadhaar"", ""method"": ""document_scan"", ""verified_by"": ""auto_kyc""}",2026-07-10 06:09:00
519,2,CHECKIN,"{""lat"": 26.09, ""lng"": 91.59, ""location"": ""Accoland Water Park""}",2026-07-28 11:00:00
519,3,CHECKOUT,"{""location"": ""En route to Ygdrasill Bamboo Resort, Cherrapunji (stay 1)"", ""trip_completed"": true}",2026-08-02 13:00:00
520,0,ID_ISSUED,"{""digital_id"": ""STS-946632EF4AFF"", ""document"": ""XXXX-XXXX-2865"", ""name"": ""Mridula Banerjee"", ""nationality"": ""Indian"", ""trip_end"": ""2026-08-02T13:30:00""}",2026-07-24 05:30:00
520,1,KYC_VERIFIED,"{""document_type"": ""aadhaar"", ""method"": ""document_scan"", ""verified_by"": ""auto_kyc""}",2026-07-24 05:37:00
520,2,CHECKIN,"{""lat"": 26.25, ""lng"": 91.5167, ""location"": ""Hajo Pilgrimage Town""}",2026-07-27 11:30:00
520,3,SOS_TRIGGERED,"{""lat"": 26.167002, ""lng"": 91.75959, ""message"": ""Stuck on the cliff edge, the path collapsed behind me.""}",2026-07-31 11:07:38
520,4,CHECKOUT,"{""location"": ""En route to Navagraha Temple"", ""trip_completed"": true}",2026-08-02 13:30:00
521,0,ID_ISSUED,"{""digital_id"": ""STS-30C6BE9DC70F"", ""document"": ""XXXX-XXXX-6577"", ""name"": ""Priya Kumar"", ""nationality"": ""Indian"", ""trip_end"": ""2026-08-08T18:30:00""}",2026-07-22 20:30:00
521,1,KYC_VERIFIED,"{""document_type"": ""aadhaar"", ""method"": ""document_scan"", ""verified_by"": ""auto_kyc""}",2026-07-22 21:15:00
521,2,CHECKIN,"{""lat"": 26.1824, ""lng"": 91.7513, ""location"": ""Guwahati Railway Station""}",2026-07-31 10:30:00
521,3,SOS_TRIGGERED,"{""lat"": 25.269989, ""lng"": 91.696269, ""message"": ""Feeling severely unwell, chest pain, need medical assistance.""}",2026-08-05 17:21:58
521,4,CHECKOUT,"{""location"": ""En route to Cherrapunji (Sohra)"", ""trip_completed"": true}",2026-08-08 18:30:00
522,0,ID_ISSUED,"{""digital_id"": ""STS-302C4CB5157A"", ""document"": ""XXXX-XXXX-7579"", ""name"": ""Simanta Sen"", ""nationality"": ""Indian"", ""trip_end"": ""2026-08-11T07:45:00""}",2026-07-20 10:45:00
522,1,KYC_VERIFIED,"{""document_type"": ""aadhaar"", ""method"": ""document_scan"", ""verified_by"": ""auto_kyc""}",2026-07-20 11:18:00
522,2,CHECKIN,"{""lat"": 26.1664, ""lng"": 91.7055, ""location"": ""Kamakhya Temple""}",2026-08-05 05:45:00
522,3,CHECKOUT,"{""location"": ""En route to Kamakhya Temple"", ""trip_completed"": true}",2026-08-11 07:45:00
523,0,ID_ISSUED,"{""digital_id"": ""STS-73FB93324EA9"", ""document"": ""XXXX-XXXX-1446"", ""name"": ""Nikhil Bhattacharya"", ""nationality"": ""Indian"", ""trip_end"": ""2026-09-02T16:45:00""}",2026-08-10 13:45:00
523,1,KYC_VERIFIED,"{""document_type"": ""aadhaar"", ""method"": ""document_scan"", ""verified_by"": ""auto_kyc""}",2026-08-10 14:10:00
523,2,CHECKIN,"{""lat"": 26.1824, ""lng"": 91.7513, ""location"": ""Guwahati Railway Station""}",2026-08-20 06:45:00
523,3,CHECKOUT,"{""location"": ""Ziro Valley"", ""trip_completed"": true}",2026-09-02 16:45:00
524,0,ID_ISSUED,"{""digital_id"": ""STS-B979CC019F72"", ""document"": ""XXXX-XXXX-9500"", ""name"": ""Pranjal Medhi"", ""nationality"": ""Indian"", ""trip_end"": ""2026-09-01T13:45:00""}",2026-08-23 23:45:00
524,1,KYC_VERIFIED,"{""document_type"": ""aadhaar"", ""method"": ""document_scan"", ""verified_by"": ""auto_kyc""}",2026-08-23 23:51:00
524,2,CHECKIN,"{""lat"": 26.95, ""lng"": 94.17, ""location"": ""Majuli River Island""}",2026-08-25 06:45:00
524,3,CHECKOUT,"{""location"": ""Nameri National Park"", ""trip_completed"": true}",2026-09-01 13:45:00
525,0,ID_ISSUED,"{""digital_id"": ""STS-8DF044F2B21E"", ""document"": ""XD526653"", ""name"": ""Lucia Perez"", ""nationality"": ""Spanish"", ""trip_end"": ""2026-09-15T19:00:00""}",2026-08-31 19:00:00
525,1,KYC_VERIFIED,"{""document_type"": ""passport"", ""method"": ""document_scan"", ""verified_by"": ""auto_kyc""}",2026-08-31 19:32:00
525,2,CHECKIN,"{""lat"": 26.1061, ""lng"": 91.5859, ""location"": ""LGB International Airport""}",2026-09-06 06:00:00
526,0,ID_ISSUED,"{""digital_id"": ""STS-260562796B3B"", ""document"": ""BX0679003"", ""name"": ""Jahid Alam"", ""nationality"": ""Bangladeshi"", ""trip_end"": ""2026-08-29T13:30:00""}",2026-08-19 20:30:00
526,1,KYC_VERIFIED,"{""document_type"": ""passport"", ""method"": ""document_scan"", ""verified_by"": ""auto_kyc""}",2026-08-19 20:52:00
526,2,CHECKIN,"{""lat"": 26.1132, ""lng"": 91.797, ""location"": ""Basistha Temple""}",2026-08-23 07:30:00
526,3,CHECKOUT,"{""location"": ""En route to Umananda Island"", ""trip_completed"": true}",2026-08-29 13:30:00
527,0,ID_ISSUED,"{""digital_id"": ""STS-65367BC7578E"", ""document"": ""BT2484163"", ""name"": ""Tashi Tshering"", ""nationality"": ""Bhutanese"", ""trip_end"": ""2026-07-25T22:15:00""}",2026-07-02 16:15:00
527,1,KYC_VERIFIED,"{""document_type"": ""passport"", ""method"": ""document_scan"", ""verified_by"": ""auto_kyc""}",2026-07-02 16:45:00
527,2,CHECKIN,"{""lat"": 26.1749, ""lng"": 91.7789, ""location"": ""Navagraha Temple""}",2026-07-22 11:15:00
527,3,CHECKOUT,"{""location"": ""En route to Umananda Island"", ""trip_completed"": true}",2026-07-25 22:15:00
528,0,ID_ISSUED,"{""digital_id"": ""STS-49F8AA4AE5F9"", ""document"": ""Z7435467"", ""name"": ""Gitanjali Ghosh"", ""nationality"": ""Indian"", ""trip_end"": ""2026-07-29T15:30:00""}",2026-07-07 01:30:00
528,1,KYC_VERIFIED,"{""document_type"": ""passport"", ""method"": ""document_scan"", ""verified_by"": ""auto_kyc""}",2026-07-07 02:03:00
528,2,CHECKIN,"{""lat"": 26.09, ""lng"": 91.59, ""location"": ""Accoland Water Park""}",2026-07-27 11:30:00
528,3,CHECKOUT,"{""location"": ""En route to Accoland Water Park"", ""trip_completed"": true}",2026-07-29 15:30:00
529,0,ID_ISSUED,"{""digital_id"": ""STS-2E1F40B4F08B"", ""document"": ""XXXX-XXXX-1416"", ""name"": ""Dhruv Nair"", ""nationality"": ""Indian"", ""trip_end"": ""2026-08-22T19:30:00""}",2026-08-06 22:30:00
529,1,KYC_VERIFIED,"{""document_type"": ""aadhaar"", ""method"": ""document_scan"", ""verified_by"": ""auto_kyc""}",2026-08-06 23:00:00
529,2,CHECKIN,"{""lat"": 26.19, ""lng"": 91.759, ""location"": ""Uzan Bazar Ghat""}",2026-08-20 06:30:00
529,3,CHECKOUT,"{""location"": ""En route to Hotel Nandan (stay 1)"", ""trip_completed"": true}",2026-08-22 19:30:00
530,0,ID_ISSUED,"{""digital_id"": ""STS-5D52C0A65AB3"", ""document"": ""XXXX-XXXX-8627"", ""name"": ""Nabanita Reddy"", ""nationality"": ""Indian"", ""trip_end"": ""2026-08-05T21:45:00""}",2026-07-30 07:45:00
530,1,KYC_VERIFIED,"{""document_type"": ""aadhaar"", ""method"": ""document_scan"", ""verified_by"": ""auto_kyc""}",2026-07-30 08:11:00
530,2,CHECKIN,"{""lat"": 26.25, ""lng"": 91.5167, ""location"": ""Hajo Pilgrimage Town""}",2026-07-30 10:45:00
530,3,CHECKOUT,"{""location"": ""En route to Navagraha Temple"", ""trip_completed"": true}",2026-08-05 21:45:00
531,0,ID_ISSUED,"{""digital_id"": ""STS-E9D9B1AF20E8"", ""document"": ""XXXX-XXXX-6941"", ""name"": ""Siddharth Mishra"", ""nationality"": ""Indian"", ""trip_end"": ""2026-08-22T23:00:00""}",2026-08-10 09:00:00
531,1,KYC_VERIFIED,"{""document_type"": ""aadhaar"", ""method"": ""document_scan"", ""verified_by"": ""auto_kyc""}",2026-08-10 09:12:00
531,2,CHECKIN,"{""lat"": 26.1061, ""lng"": 91.5859, ""location"": ""LGB International Airport""}",2026-08-11 11:00:00
531,3,CHECKOUT,"{""location"": ""Sivasagar"", ""trip_completed"": true}",2026-08-22 23:00:00
532,0,ID_ISSUED,"{""digital_id"": ""STS-E44DC41D952F"", ""document"": ""XXXX-XXXX-5010"", ""name"": ""Mridula Reddy"", ""nationality"": ""Indian"", ""trip_end"": ""2026-09-16T17:30:00""}",2026-08-18 13:30:00
532,1,KYC_VERIFIED,"{""document_type"": ""aadhaar"", ""method"": ""document_scan"", ""verified_by"": ""auto_kyc""}",2026-08-18 14:07:00
532,2,CHECKIN,"{""lat"": 26.1824, ""lng"": 91.7513, ""location"": ""Guwahati Railway Station""}",2026-09-02 06:30:00
533,0,ID_ISSUED,"{""digital_id"": ""STS-A96E51F66C00"", ""document"": ""XXXX-XXXX-8221"", ""name"": ""Nabanita Phukan"", ""nationality"": ""Indian"", ""trip_end"": ""2026-08-12T19:45:00""}",2026-07-26 11:45:00
533,1,KYC_VERIFIED,"{""document_type"": ""aadhaar"", ""method"": ""document_scan"", ""verified_by"": ""auto_kyc""}",2026-07-26 12:17:00
533,2,CHECKIN,"{""lat"": 25.9333, ""lng"": 91.4333, ""location"": ""Chandubi Lake""}",2026-08-07 08:45:00
533,3,CHECKOUT,"{""location"": ""En route to Accoland Water Park"", ""trip_completed"": true}",2026-08-12 19:45:00
534,0,ID_ISSUED,"{""digital_id"": ""STS-9C88ED8D5CBF"", ""document"": ""XXXX-XXXX-2016"", ""name"": ""Manish Medhi"", ""nationality"": ""Indian"", ""trip_end"": ""2026-09-02T15:00:00""}",2026-08-29 02:00:00
534,1,KYC_VERIFIED,"{""document_type"": ""aadhaar"", ""method"": ""document_scan"", ""verified_by"": ""auto_kyc""}",2026-08-29 02:34:00
534,2,CHECKIN,"{""lat"": 26.1905, ""lng"": 91.748, ""location"": ""Brahmaputra Riverfront""}",2026-08-30 08:00:00
534,3,CHECKOUT,"{""location"": ""Fancy Bazaar"", ""trip_completed"": true}",2026-09-02 15:00:00
535,0,ID_ISSUED,"{""digital_id"": ""STS-9A4C7045EA35"", ""document"": ""XXXX-XXXX-7470"", ""name"": ""Arjun Saikia"", ""nationality"": ""Indian"", ""trip_end"": ""2026-08-20T14:00:00""}",2026-08-07 09:00:00
535,1,KYC_VERIFIED,"{""document_type"": ""aadhaar"", ""method"": ""document_scan"", ""verified_by"": ""auto_kyc""}",2026-08-07 09:08:00
535,2,CHECKIN,"{""lat"": 26.25, ""lng"": 91.5167, ""location"": ""Hajo Pilgrimage Town""}",2026-08-17 05:00:00
535,3,CHECKOUT,"{""location"": ""En route to Umananda Island"", ""trip_completed"": true}",2026-08-20 14:00:00
536,0,ID_ISSUED,"{""digital_id"": ""STS-31007A14BBFB"", ""document"": ""JTYVY3242J"", ""name"": ""Manish Reddy"", ""nationality"": ""Indian"", ""trip_end"": ""2026-09-02T15:00:00""}",2026-08-20 04:00:00
536,1,KYC_VERIFIED,"{""document_type"": ""pan"", ""method"": ""document_scan"", ""verified_by"": ""auto_kyc""}",2026-08-20 04:15:00
536,2,CHECKIN,"{""lat"": 26.1824, ""lng"": 91.7513, ""location"": ""Guwahati Railway Station""}",2026-09-01 09:00:00
536,3,SOS_TRIGGERED,"{""lat"": 26.148377, ""lng"": 91.787724, ""message"": ""Someone snatched my bag and pushed me down, need police now.""}",2026-09-01 20:52:18
536,4,CHECKOUT,"{""location"": ""En route to Guwahati Railway Station"", ""trip_completed"": true}",2026-09-02 15:00:00
537,0,ID_ISSUED,"{""digital_id"": ""STS-8E5505D3E0E4"", ""document"": ""XXXX-XXXX-2203"", ""name"": ""Rahul Saikia"", ""nationality"": ""Indian"", ""trip_end"": ""2026-09-16T21:30:00""}",2026-08-21 04:30:00
537,1,KYC_VERIFIED,"{""document_type"": ""aadhaar"", ""method"": ""document_scan"", ""verified_by"": ""auto_kyc""}",2026-08-21 05:00:00
537,2,CHECKIN,"{""lat"": 26.1824, ""lng"": 91.7513, ""location"": ""Guwahati Railway Station""}",2026-09-03 11:30:00
538,0,ID_ISSUED,"{""digital_id"": ""STS-A446AE6AFE6F"", ""document"": ""WMK7753530"", ""name"": ""Tanvi Baishya"", ""nationality"": ""Indian"", ""trip_end"": ""2026-08-23T18:15:00""}",2026-08-17 15:15:00
538,1,KYC_VERIFIED,"{""document_type"": ""voterid"", ""method"": ""document_scan"", ""verified_by"": ""auto_kyc""}",2026-08-17 15:58:00
538,2,CHECKIN,"{""lat"": 26.147, ""lng"": 91.79, ""location"": ""Ganeshguri Junction""}",2026-08-20 11:15:00
538,3,CHECKOUT,"{""location"": ""En route to Ri Kynjai, Umiam (stay 1)"", ""trip_completed"": true}",2026-08-23 18:15:00
539,0,ID_ISSUED,"{""digital_id"": ""STS-D9665C9B7709"", ""document"": ""KFF8075132"", ""name"": ""Dhruv Das"", ""nationality"": ""Indian"", ""trip_end"": ""2026-07-27T23:15:00""}",2026-07-12 11:15:00
539,1,KYC_VERIFIED,"{""document_type"": ""voterid"", ""method"": ""document_scan"", ""verified_by"": ""auto_kyc""}",2026-07-12 11:42:00
539,2,CHECKIN,"{""lat"": 26.147, ""lng"": 91.79, ""location"": ""Ganeshguri Junction""}",2026-07-25 10:15:00
539,3,CHECKOUT,"{""location"": ""En route to Ginger Guwahati (stay 1)"", ""trip_completed"": true}",2026-07-27 23:15:00
540,0,ID_ISSUED,"{""digital_id"": ""STS-6AD781722016"", ""document"": ""XXXX-XXXX-9023"", ""name"": ""Siddharth Kumar"", ""nationality"": ""Indian"", ""trip_end"": ""2026-08-02T13:30:00""}",2026-07-16 22:30:00
540,1,KYC_VERIFIED,"{""document_type"": ""aadhaar"", ""method"": ""document_scan"", ""verified_by"": ""auto_kyc""}",2026-07-16 23:00:00
540,2,CHECKIN,"{""lat"": 26.25, ""lng"": 91.5167, ""location"": ""Hajo Pilgrimage Town""}",2026-07-29 06:30:00
540,3,CHECKOUT,"{""location"": ""En route to Navagraha Temple"", ""trip_completed"": true}",2026-08-02 13:30:00
541,0,ID_ISSUED,"{""digital_id"": ""STS-6D14531A829C"", ""document"": ""XXXX-XXXX-9461"", ""name"": ""Divya Barua"", ""nationality"": ""Indian"", ""trip_end"": ""2026-09-04T22:45:00""}",2026-08-13 22:45:00
541,1,KYC_VERIFIED,"{""document_type"": ""aadhaar"", ""method"": ""document_scan"", ""verified_by"": ""auto_kyc""}",2026-08-13 23:06:00
541,2,CHECKIN,"{""lat"": 26.95, ""lng"": 94.17, ""location"": ""Majuli River Island""}",2026-08-28 08:45:00
541,3,CHECKOUT,"{""location"": ""Tezpur"", ""trip_completed"": true}",2026-09-04 22:45:00
542,0,ID_ISSUED,"{""digital_id"": ""STS-23BD0EDC0EB4"", ""document"": ""Z6832945"", ""name"": ""Pooja Patel"", ""nationality"": ""Indian"", ""trip_end"": ""2026-08-26T19:30:00""}",2026-08-08 00:30:00
542,1,KYC_VERIFIED,"{""document_type"": ""passport"", ""method"": ""document_scan"", ""verified_by"": ""auto_kyc""}",2026-08-08 00:58:00
542,2,CHECKIN,"{""lat"": 25.2, ""lng"": 91.9167, ""location"": ""Mawlynnong Village""}",2026-08-21 07:30:00
542,3,CHECKOUT,"{""location"": ""En route to Hotel Dynasty, Lakhtokia (stay 3)"", ""trip_completed"": true}",2026-08-26 19:30:00
543,0,ID_ISSUED,"{""digital_id"": ""STS-B55FEA54C195"", ""document"": ""XXXX-XXXX-5704"", ""name"": ""Rohan Barua"", ""nationality"": ""Indian"", ""trip_end"": ""2026-07-29T14:30:00""}",2026-07-16 18:30:00
543,1,KYC_VERIFIED,"{""document_type"": ""aadhaar"", ""method"": ""document_scan"", ""verified_by"": ""auto_kyc""}",2026-07-16 19:08:00
543,2,CHECKIN,"{""lat"": 26.1664, ""lng"": 91.7055, ""location"": ""Kamakhya Temple""}",2026-07-25 07:30:00
543,3,CHECKOUT,"{""location"": ""En route to Kamakhya Temple"", ""trip_completed"": true}",2026-07-29 14:30:00
544,0,ID_ISSUED,"{""digital_id"": ""STS-DF9CE7F1173F"", ""document"": ""GFS1515184"", ""name"": ""Anurag Deka"", ""nationality"": ""Indian"", ""trip_end"": ""2026-08-12T18:15:00""}",2026-07-22 06:15:00
544,1,KYC_VERIFIED,"{""document_type"": ""voterid"", ""method"": ""document_scan"", ""verified_by"": ""auto_kyc""}",2026-07-22 06:47:00
544,2,CHECKIN,"{""lat"": 26.12, ""lng"": 91.65, ""location"": ""Deepor Beel Wildlife Sanctuary""}",2026-08-10 05:15:00
544,3,CHECKOUT,"{""location"": ""En route to Dolma Homestay, Tawang (stay 1)"", ""trip_completed"": true}",2026-08-12 18:15:00
545,0,ID_ISSUED,"{""digital_id"": ""STS-8C51EC236B3D"", ""document"": ""XXXX-XXXX-2464"", ""name"": ""Arjun Das"", ""nationality"": ""Indian"", ""trip_end"": ""2026-08-09T19:45:00""}",2026-07-19 02:45:00
545,1,KYC_VERIFIED,"{""document_type"": ""aadhaar"", ""method"": ""document_scan"", ""verified_by"": ""auto_kyc""}",2026-07-19 02:51:00
545,2,CHECKIN,"{""lat"": 26.6338, ""lng"": 92.8, ""location"": ""Tezpur""}",2026-07-30 08:45:00
545,3,CHECKOUT,"{""location"": ""Sivasagar"", ""trip_completed"": true}",2026-08-09 19:45:00
546,0,ID_ISSUED,"{""digital_id"": ""STS-A12986C54057"", ""document"": ""Z7242653"", ""name"": ""Bhaskar Kalita"", ""nationality"": ""Indian"", ""trip_end"": ""2026-08-10T17:15:00""}",2026-08-07 20:15:00
546,1,KYC_VERIFIED,"{""document_type"": ""passport"", ""method"": ""document_scan"", ""verified_by"": ""auto_kyc""}",2026-08-07 20:50:00
546,2,CHECKIN,"{""lat"": 26.142, ""lng"": 91.79, ""location"": ""Dispur Secretariat""}",2026-08-09 09:15:00
546,3,CHECKOUT,"{""location"": ""En route to Novotel Guwahati GS Road (stay 1)"", ""trip_completed"": true}",2026-08-10 17:15:00
547,0,ID_ISSUED,"{""digital_id"": ""STS-DDCED1217E8E"", ""document"": ""BAV4124981"", ""name"": ""Priya Bhattacharya"", ""nationality"": ""Indian"", ""trip_end"": ""2026-08-05T19:30:00""}",2026-07-23 20:30:00
547,1,KYC_VERIFIED,"{""document_type"": ""voterid"", ""method"": ""document_scan"", ""verified_by"": ""auto_kyc""}",2026-07-23 20:52:00
547,2,CHECKIN,"{""lat"": 26.25, ""lng"": 91.5167, ""location"": ""Hajo Pilgrimage Town""}",2026-07-31 06:30:00
547,3,CHECKOUT,"{""location"": ""En route to Wild Mahseer, Balipara (stay 2)"", ""trip_completed"": true}",2026-08-05 19:30:00
548,0,ID_ISSUED,"{""digital_id"": ""STS-E9722D7E7D1A"", ""document"": ""XXXX-XXXX-3780"", ""name"": ""Parag Bhattacharya"", ""nationality"": ""Indian"", ""trip_end"": ""2026-08-16T14:45:00""}",2026-07-25 04:45:00
548,1,KYC_VERIFIED,"{""document_type"": ""aadhaar"", ""method"": ""document_scan"", ""verified_by"": ""auto_kyc""}",2026-07-25 05:19:00
548,2,CHECKIN,"{""lat"": 26.178, ""lng"": 91.786, ""location"": ""Assam State Zoo & Botanical Garden""}",2026-08-14 07:45:00
548,3,CHECKOUT,"{""location"": ""En route to Deepor Beel Wildlife Sanctuary"", ""trip_completed"": true}",2026-08-16 14:45:00
549,0,ID_ISSUED,"{""digital_id"": ""STS-E724F5914554"", ""document"": ""E58943492"", ""name"": ""Wei Chen"", ""nationality"": ""Chinese"", ""trip_end"": ""2026-08-03T17:45:00""}",2026-07-07 12:45:00
549,1,KYC_VERIFIED,"{""document_type"": ""passport"", ""method"": ""document_scan"", ""verified_by"": ""auto_kyc""}",2026-07-07 13:05:00
549,2,CHECKIN,"{""lat"": 26.5775, ""lng"": 93.1711, ""location"": ""Kaziranga National Park""}",2026-07-23 05:45:00
549,3,CHECKOUT,"{""location"": ""Gangtok"", ""trip_completed"": true}",2026-08-03 17:45:00
550,0,ID_ISSUED,"{""digital_id"": ""STS-2FCF2FE76C31"", ""document"": ""XXXX-XXXX-3739"", ""name"": ""Anjali Reddy"", ""nationality"": ""Indian"", ""trip_end"": ""2026-08-08T14:45:00""}",2026-07-14 17:45:00
550,1,KYC_VERIFIED,"{""document_type"": ""aadhaar"", ""method"": ""document_scan"", ""verified_by"": ""auto_kyc""}",2026-07-14 18:28:00
550,2,CHECKIN,"{""lat"": 26.12, ""lng"": 91.65, ""location"": ""Deepor Beel Wildlife Sanctuary""}",2026-08-04 10:45:00
550,3,CHECKOUT,"{""location"": ""En route to Dolma Homestay, Tawang (stay 1)"", ""trip_completed"": true}",2026-08-08 14:45:00
551,0,ID_ISSUED,"{""digital_id"": ""STS-D7D1C4B6313D"", ""document"": ""XXXX-XXXX-4875"", ""name"": ""Bornali Medhi"", ""nationality"": ""Indian"", ""trip_end"": ""2026-08-15T19:00:00""}",2026-07-17 06:00:00
551,1,KYC_VERIFIED,"{""document_type"": ""aadhaar"", ""method"": ""document_scan"", ""verified_by"": ""auto_kyc""}",2026-07-17 06:23:00
551,2,CHECKIN,"{""lat"": 27.5448, ""lng"": 93.832, ""location"": ""Ziro Valley""}",2026-08-06 11:00:00
551,3,CHECKOUT,"{""location"": ""Tawang Monastery"", ""trip_completed"": true}",2026-08-15 19:00:00
552,0,ID_ISSUED,"{""digital_id"": ""STS-B7F6F23164AD"", ""document"": ""Z6112941"", ""name"": ""Sneha Kumar"", ""nationality"": ""Indian"", ""trip_end"": ""2026-08-14T18:15:00""}",2026-08-04 07:15:00
552,1,KYC_VERIFIED,"{""document_type"": ""passport"", ""method"": ""document_scan"", ""verified_by"": ""auto_kyc""}",2026-08-04 07:46:00
552,2,CHECKIN,"{""lat"": 26.1824, ""lng"": 91.7513, ""location"": ""Guwahati Railway Station""}",2026-08-06 11:15:00
552,3,CHECKOUT,"{""location"": ""En route to Living Root Bridge, Nongriat"", ""trip_completed"": true}",2026-08-14 18:15:00
553,0,ID_ISSUED,"{""digital_id"": ""STS-455639F25AD8"", ""document"": ""CSE8617479"", ""name"": ""Dhruv Nair"", ""nationality"": ""Indian"", ""trip_end"": ""2026-08-27T09:45:00""}",2026-07-31 06:45:00
553,1,KYC_VERIFIED,"{""document_type"": ""voterid"", ""method"": ""document_scan"", ""verified_by"": ""auto_kyc""}",2026-07-31 07:19:00
553,2,CHECKIN,"{""lat"": 26.5775, ""lng"": 93.1711, ""location"": ""Kaziranga National Park""}",2026-08-19 05:45:00
553,3,CHECKOUT,"{""location"": ""LGB International Airport"", ""trip_completed"": true}",2026-08-27 09:45:00
554,0,ID_ISSUED,"{""digital_id"": ""STS-6F8C5109CEA7"", ""document"": ""349720438"", ""name"": ""Olivia Davis"", ""nationality"": ""American"", ""trip_end"": ""2026-09-16T14:15:00""}",2026-08-31 05:15:00
554,1,KYC_VERIFIED,"{""document_type"": ""passport"", ""method"": ""document_scan"", ""verified_by"": ""auto_kyc""}",2026-08-31 05:42:00
554,2,CHECKIN,"{""lat"": 26.6338, ""lng"": 92.8, ""location"": ""Tezpur""}",2026-09-07 09:15:00
555,0,ID_ISSUED,"{""digital_id"": ""STS-6B079548DDD4"", ""document"": ""XXXX-XXXX-9045"", ""name"": ""Rohan Choudhury"", ""nationality"": ""Indian"", ""trip_end"": ""2026-08-08T18:00:00""}",2026-07-13 00:00:00
555,1,KYC_VERIFIED,"{""document_type"": ""aadhaar"", ""method"": ""document_scan"", ""verified_by"": ""auto_kyc""}",2026-07-13 00:14:00
555,2,CHECKIN,"{""lat"": 23.7271, ""lng"": 92.7176, ""location"": ""Aizawl""}",2026-07-28 05:00:00
555,3,CHECKOUT,"{""location"": ""Gangtok"", ""trip_completed"": true}",2026-08-08 18:00:00
556,0,ID_ISSUED,"{""digital_id"": ""STS-5DBA397ED513"", ""document"": ""XXXX-XXXX-4629"", ""name"": ""Siddharth Patel"", ""nationality"": ""Indian"", ""trip_end"": ""2026-08-30T22:00:00""}",2026-08-06 10:00:00
556,1,KYC_VERIFIED,"{""document_type"": ""aadhaar"", ""method"": ""document_scan"", ""verified_by"": ""auto_kyc""}",2026-08-06 10:15:00
556,2,CHECKIN,"{""lat"": 27.5861, ""lng"": 91.8594, ""location"": ""Tawang Monastery""}",2026-08-17 08:00:00
556,3,CHECKOUT,"{""location"": ""Ziro Valley"", ""trip_completed"": true}",2026-08-30 22:00:00
557,0,ID_ISSUED,"{""digital_id"": ""STS-C0448077E5C8"", ""document"": ""Z3547303"", ""name"": ""Rupam Nath"", ""nationality"": ""Indian"", ""trip_end"": ""2026-09-06T08:00:00""}",2026-08-30 05:00:00
557,1,KYC_VERIFIED,"{""document_type"": ""passport"", ""method"": ""document_scan"", ""verified_by"": ""auto_kyc""}",2026-08-30 05:29:00
557,2,CHECKIN,"{""lat"": 26.1061, ""lng"": 91.5859, ""location"": ""LGB International Airport""}",2026-09-05 06:00:00
558,0,ID_ISSUED,"{""digital_id"": ""STS-F85463CDD415"", ""document"": ""LQN5658806"", ""name"": ""Anjali Patel"", ""nationality"": ""Indian"", ""trip_end"": ""2026-07-30T10:30:00""}",2026-07-25 17:30:00
558,1,KYC_VERIFIED,"{""document_type"": ""voterid"", ""method"": ""document_scan"", ""verified_by"": ""auto_kyc""}",2026-07-25 18:03:00
558,2,CHECKIN,"{""lat"": 26.142, ""lng"": 91.79, ""location"": ""Dispur Secretariat""}",2026-07-28 05:30:00
558,3,CHECKOUT,"{""location"": ""En route to Brahmaputra Jungle Resort (stay 1)"", ""trip_completed"": true}",2026-07-30 10:30:00
559,0,ID_ISSUED,"{""digital_id"": ""STS-9F5FD0030097"", ""document"": ""756622544"", ""name"": ""Harry Taylor"", ""nationality"": ""British"", ""trip_end"": ""2026-08-14T18:15:00""}",2026-07-24 04:15:00
559,1,KYC_VERIFIED,"{""document_type"": ""passport"", ""method"": ""document_scan"", ""verified_by"": ""auto_kyc""}",2026-07-24 04:23:00
559,2,CHECKIN,"{""lat"": 26.142, ""lng"": 91.79, ""location"": ""Dispur Secretariat""}",2026-08-11 11:15:00
559,3,CHECKOUT,"{""location"": ""LGB International Airport"", ""trip_completed"": true}",2026-08-14 18:15:00
560,0,ID_ISSUED,"{""digital_id"": ""STS-5C040DCE9CA4"", ""document"": ""NP3917073"", ""name"": ""Prakash Magar"", ""nationality"": ""Nepali"", ""trip_end"": ""2026-09-02T17:00:00""}",2026-08-26 20:00:00
560,1,KYC_VERIFIED,"{""document_type"": ""passport"", ""method"": ""document_scan"", ""verified_by"": ""auto_kyc""}",2026-08-26 20:04:00
560,2,CHECKIN,"{""lat"": 26.25, ""lng"": 91.5167, ""location"": ""Hajo Pilgrimage Town""}",2026-08-29 06:00:00
560,3,CHECKOUT,"{""location"": ""En route to Umananda Island"", ""trip_completed"": true}",2026-09-02 17:00:00
561,0,ID_ISSUED,"{""digital_id"": ""STS-8B39572D894E"", ""document"": ""PA5630373"", ""name"": ""Cooper Harris"", ""nationality"": ""Australian"", ""trip_end"": ""2026-09-16T11:45:00""}",2026-08-21 02:45:00
561,1,KYC_VERIFIED,"{""document_type"": ""passport"", ""method"": ""document_scan"", ""verified_by"": ""auto_kyc""}",2026-08-21 03:07:00
561,2,CHECKIN,"{""lat"": 26.7509, ""lng"": 94.2037, ""location"": ""Jorhat""}",2026-09-06 05:45:00
562,0,ID_ISSUED,"{""digital_id"": ""STS-A5AAF0BB28B7"", ""document"": ""XXXX-XXXX-1382"", ""name"": ""Jayanta Singh"", ""nationality"": ""Indian"", ""trip_end"": ""2026-07-26T23:45:00""}",2026-07-11 06:45:00
562,1,KYC_VERIFIED,"{""document_type"": ""aadhaar"", ""method"": ""document_scan"", ""verified_by"": ""auto_kyc""}",2026-07-11 07:09:00
562,2,CHECKIN,"{""lat"": 26.2333, ""lng"": 92.0833, ""location"": ""Pobitora Wildlife Sanctuary""}",2026-07-24 11:45:00
562,3,CHECKOUT,"{""location"": ""Deepor Beel Wildlife Sanctuary"", ""trip_completed"": true}",2026-07-26 23:45:00
563,0,ID_ISSUED,"{""digital_id"": ""STS-75D0E8F2F702"", ""document"": ""Z4745196"", ""name"": ""Rituparna Kalita"", ""nationality"": ""Indian"", ""trip_end"": ""2026-09-20T07:15:00""}",2026-08-15 09:15:00
563,1,KYC_VERIFIED,"{""document_type"": ""passport"", ""method"": ""document_scan"", ""verified_by"": ""auto_kyc""}",2026-08-15 09:35:00
563,2,CHECKIN,"{""lat"": 27.3314, ""lng"": 88.6138, ""location"": ""Gangtok""}",2026-09-02 05:15:00
563,3,MARKED_MISSING,"{""last_lat"": 25.672021, ""last_lng"": 94.111051}",2026-09-06 05:26:58
563,4,EFIR_FILED,"{""fir_number"": ""EFIR/2026/00563""}",2026-09-06 05:26:58
564,0,ID_ISSUED,"{""digital_id"": ""STS-A43F327D0974"", ""document"": ""SSW4110815"", ""name"": ""Priya Sen"", ""nationality"": ""Indian"", ""trip_end"": ""2026-07-26T17:45:00""}",2026-07-18 09:45:00
564,1,KYC_VERIFIED,"{""document_type"": ""voterid"", ""method"": ""document_scan"", ""verified_by"": ""auto_kyc""}",2026-07-18 10:18:00
564,2,CHECKIN,"{""lat"": 26.3667, ""lng"": 91.6333, ""location"": ""Madan Kamdev Ruins""}",2026-07-23 11:45:00
564,3,CHECKOUT,"{""location"": ""En route to Hotel Polo Towers, Shillong (stay 2)"", ""trip_completed"": true}",2026-07-26 17:45:00
565,0,ID_ISSUED,"{""digital_id"": ""STS-4B1C92A8C4B1"", ""document"": ""YA1179966"", ""name"": ""Marco Russo"", ""nationality"": ""Italian"", ""trip_end"": ""2026-09-08T16:00:00""}",2026-08-15 10:00:00
565,1,KYC_VERIFIED,"{""document_type"": ""passport"", ""method"": ""document_scan"", ""verified_by"": ""auto_kyc""}",2026-08-15 10:45:00
565,2,CHECKIN,"{""lat"": 27.5861, ""lng"": 91.8594, ""location"": ""Tawang Monastery""}",2026-08-31 05:00:00
566,0,ID_ISSUED,"{""digital_id"": ""STS-435F5B7572C2"", ""document"": ""TDW2399530"", ""name"": ""Priya Nath"", ""nationality"": ""Indian"", ""trip_end"": ""2026-08-18T09:30:00""}",2026-07-30 19:30:00
566,1,KYC_VERIFIED,"{""document_type"": ""voterid"", ""method"": ""document_scan"", ""verified_by"": ""auto_kyc""}",2026-07-30 19:51:00
566,2,CHECKIN,"{""lat"": 26.147, ""lng"": 91.79, ""location"": ""Ganeshguri Junction""}",2026-08-15 06:30:00
566,3,CHECKOUT,"{""location"": ""LGB International Airport"", ""trip_completed"": true}",2026-08-18 09:30:00
567,0,ID_ISSUED,"{""digital_id"": ""STS-A41D7FDC810B"", ""document"": ""XXXX-XXXX-6316"", ""name"": ""Arjun Verma"", ""nationality"": ""Indian"", ""trip_end"": ""2026-07-28T14:00:00""}",2026-07-11 12:00:00
567,1,KYC_VERIFIED,"{""document_type"": ""aadhaar"", ""method"": ""document_scan"", ""verified_by"": ""auto_kyc""}",2026-07-11 12:29:00
567,2,CHECKIN,"{""lat"": 26.142, ""lng"": 91.79, ""location"": ""Dispur Secretariat""}",2026-07-25 09:00:00
567,3,CHECKOUT,"{""location"": ""LGB International Airport"", ""trip_completed"": true}",2026-07-28 14:00:00
568,0,ID_ISSUED,"{""digital_id"": ""STS-540E74F133B7"", ""document"": ""HJ722727"", ""name"": ""Ava Bouchard"", ""nationality"": ""Canadian"", ""trip_end"": ""2026-08-05T23:45:00""}",2026-07-20 12:45:00
568,1,KYC_VERIFIED,"{""document_type"": ""passport"", ""method"": ""document_scan"", ""verified_by"": ""auto_kyc""}",2026-07-20 13:29:00
568,2,CHECKIN,"{""lat"": 26.7509, ""lng"": 94.2037, ""location"": ""Jorhat""}",2026-07-26 09:45:00
568,3,CHECKOUT,"{""location"": ""Nameri National Park"", ""trip_completed"": true}",2026-08-05 23:45:00
569,0,ID_ISSUED,"{""digital_id"": ""STS-6A7FEBAB9A9A"", ""document"": ""XXXX-XXXX-8220"", ""name"": ""Pooja Medhi"", ""nationality"": ""Indian"", ""trip_end"": ""2026-09-09T14:00:00""}",2026-08-26 10:00:00
569,1,KYC_VERIFIED,"{""document_type"": ""aadhaar"", ""method"": ""document_scan"", ""verified_by"": ""auto_kyc""}",2026-08-26 10:29:00
569,2,CHECKIN,"{""lat"": 26.1905, ""lng"": 91.748, ""location"": ""Brahmaputra Riverfront""}",2026-09-06 10:00:00
570,0,ID_ISSUED,"{""digital_id"": ""STS-74F81FBB5382"", ""document"": ""XXXX-XXXX-4684"", ""name"": ""Utpal Hazarika"", ""nationality"": ""Indian"", ""trip_end"": ""2026-07-28T21:45:00""}",2026-06-30 18:45:00
570,1,KYC_VERIFIED,"{""document_type"": ""aadhaar"", ""method"": ""document_scan"", ""verified_by"": ""auto_kyc""}",2026-06-30 19:29:00
570,2,CHECKIN,"{""lat"": 26.1749, ""lng"": 91.7789, ""location"": ""Navagraha Temple""}",2026-07-22 08:45:00
570,3,CHECKOUT,"{""location"": ""En route to Umananda Island"", ""trip_completed"": true}",2026-07-28 21:45:00
571,0,ID_ISSUED,"{""digital_id"": ""STS-B05B6970B29B"", ""document"": ""672062701"", ""name"": ""Emily Garcia"", ""nationality"": ""American"", ""trip_end"": ""2026-09-18T11:00:00""}",2026-08-12 17:00:00
571,1,KYC_VERIFIED,"{""document_type"": ""passport"", ""method"": ""document_scan"", ""verified_by"": ""auto_kyc""}",2026-08-12 17:26:00
571,2,CHECKIN,"{""lat"": 23.7271, ""lng"": 92.7176, ""location"": ""Aizawl""}",2026-09-01 08:00:00
572,0,ID_ISSUED,"{""digital_id"": ""STS-DD7F13E502F6"", ""document"": ""XXXX-XXXX-6444"", ""name"": ""Kabir Deka"", ""nationality"": ""Indian"", ""trip_end"": ""2026-09-05T09:45:00""}",2026-08-15 01:45:00
572,1,KYC_VERIFIED,"{""document_type"": ""aadhaar"", ""method"": ""document_scan"", ""verified_by"": ""auto_kyc""}",2026-08-15 01:51:00
572,2,CHECKIN,"{""lat"": 25.6751, ""lng"": 94.1086, ""location"": ""Kohima""}",2026-08-23 07:45:00
572,3,CHECKOUT,"{""location"": ""Kaziranga National Park"", ""trip_completed"": true}",2026-09-05 09:45:00
573,0,ID_ISSUED,"{""digital_id"": ""STS-E70578E0ABBB"", ""document"": ""XXXX-XXXX-9741"", ""name"": ""Rupam Barua"", ""nationality"": ""Indian"", ""trip_end"": ""2026-09-11T10:15:00""}",2026-08-24 23:15:00
573,1,KYC_VERIFIED,"{""document_type"": ""aadhaar"", ""method"": ""document_scan"", ""verified_by"": ""auto_kyc""}",2026-08-24 23:18:00
573,2,CHECKIN,"{""lat"": 27.3314, ""lng"": 88.6138, ""location"": ""Gangtok""}",2026-08-31 05:15:00
574,0,ID_ISSUED,"{""digital_id"": ""STS-2E95C40B7E2A"", ""document"": ""XXXX-XXXX-7240"", ""name"": ""Ananya Reddy"", ""nationality"": ""Indian"", ""trip_end"": ""2026-08-09T15:30:00""}",2026-07-24 20:30:00
574,1,KYC_VERIFIED,"{""document_type"": ""aadhaar"", ""method"": ""document_scan"", ""verified_by"": ""auto_kyc""}",2026-07-24 21:08:00
574,2,CHECKIN,"{""lat"": 27.5448, ""lng"": 93.832, ""location"": ""Ziro Valley""}",2026-07-31 09:30:00
574,3,CHECKOUT,"{""location"": ""Tawang Monastery"", ""trip_completed"": true}",2026-08-09 15:30:00
575,0,ID_ISSUED,"{""digital_id"": ""STS-B4584765EAEE"", ""document"": ""Z3541701"", ""name"": ""Riya Sen"", ""nationality"": ""Indian"", ""trip_end"": ""2026-08-06T15:30:00""}",2026-07-26 09:30:00
575,1,KYC_VERIFIED,"{""document_type"": ""passport"", ""method"": ""document_scan"", ""verified_by"": ""auto_kyc""}",2026-07-26 09:56:00
575,2,CHECKIN,"{""lat"": 26.175, ""lng"": 91.758, ""location"": ""Gandhi Mandap, Sarania Hill""}",2026-08-03 05:30:00
575,3,CHECKOUT,"{""location"": ""Fancy Bazaar"", ""trip_completed"": true}",2026-08-06 15:30:00
576,0,ID_ISSUED,"{""digital_id"": ""STS-CD11576D7EC6"", ""document"": ""XXXX-XXXX-9826"", ""name"": ""Bornali Singh"", ""nationality"": ""Indian"", ""trip_end"": ""2026-08-06T15:30:00""}",2026-07-29 23:30:00
576,1,KYC_VERIFIED,"{""document_type"": ""aadhaar"", ""method"": ""document_scan"", ""verified_by"": ""auto_kyc""}",2026-07-29 23:59:00
576,2,CHECKIN,"{""lat"": 26.142, ""lng"": 91.79, ""location"": ""Dispur Secretariat""}",2026-08-05 06:30:00
576,3,CHECKOUT,"{""location"": ""En route to Dolma Homestay, Tawang (stay 1)"", ""trip_completed"": true}",2026-08-06 15:30:00
577,0,ID_ISSUED,"{""digital_id"": ""STS-B89A0281F531"", ""document"": ""XXXX-XXXX-8118"", ""name"": ""Utpal Deka"", ""nationality"": ""Indian"", ""trip_end"": ""2026-09-14T16:15:00""}",2026-08-22 06:15:00
577,1,KYC_VERIFIED,"{""document_type"": ""aadhaar"", ""method"": ""document_scan"", ""verified_by"": ""auto_kyc""}",2026-08-22 06:45:00
577,2,CHECKIN,"{""lat"": 26.92, ""lng"": 92.88, ""location"": ""Nameri National Park""}",2026-09-06 08:15:00
578,0,ID_ISSUED,"{""digital_id"": ""STS-C8BAED7CC43D"", ""document"": ""XXXX-XXXX-1035"", ""name"": ""Meera Medhi"", ""nationality"": ""Indian"", ""trip_end"": ""2026-09-02T15:30:00""}",2026-08-07 03:30:00
578,1,KYC_VERIFIED,"{""document_type"": ""aadhaar"", ""method"": ""document_scan"", ""verified_by"": ""auto_kyc""}",2026-08-07 04:05:00
578,2,CHECKIN,"{""lat"": 23.7271, ""lng"": 92.7176, ""location"": ""Aizawl""}",2026-08-23 09:30:00
578,3,CHECKOUT,"{""location"": ""Gangtok"", ""trip_completed"": true}",2026-09-02 15:30:00
579,0,ID_ISSUED,"{""digital_id"": ""STS-02CC1633D827"", ""document"": ""XXXX-XXXX-1897"", ""name"": ""Rohan Bora"", ""nationality"": ""Indian"", ""trip_end"": ""2026-09-11T08:30:00""}",2026-08-27 07:30:00
579,1,KYC_VERIFIED,"{""document_type"": ""aadhaar"", ""method"": ""document_scan"", ""verified_by"": ""auto_kyc""}",2026-08-27 07:37:00
579,2,CHECKIN,"{""lat"": 25.9333, ""lng"": 91.4333, ""location"": ""Chandubi Lake""}",2026-09-09 06:30:00
580,0,ID_ISSUED,"{""digital_id"": ""STS-5400C6C4611E"", ""document"": ""PXN7600693"", ""name"": ""Rohan Patel"", ""nationality"": ""Indian"", ""trip_end"": ""2026-08-14T14:00:00""}",2026-07-08 07:00:00
580,1,KYC_VERIFIED,"{""document_type"": ""voterid"", ""method"": ""document_scan"", ""verified_by"": ""auto_kyc""}",2026-07-08 07:24:00
580,2,CHECKIN,"{""lat"": 26.1061, ""lng"": 91.5859, ""location"": ""LGB International Airport""}",2026-07-27 09:00:00
580,3,MARKED_MISSING,"{""last_lat"": 24.820686, ""last_lng"": 93.938347}",2026-08-14 13:01:39
580,4,EFIR_FILED,"{""fir_number"": ""EFIR/2026/00580""}",2026-08-14 13:01:39
581,0,ID_ISSUED,"{""digital_id"": ""STS-270E394EE5AE"", ""document"": ""ZQN9943303"", ""name"": ""Simanta Banerjee"", ""nationality"": ""Indian"", ""trip_end"": ""2026-08-05T12:45:00""}",2026-07-17 03:45:00
581,1,KYC_VERIFIED,"{""document_type"": ""voterid"", ""method"": ""document_scan"", ""verified_by"": ""auto_kyc""}",2026-07-17 03:49:00
581,2,CHECKIN,"{""lat"": 26.25, ""lng"": 91.5167, ""location"": ""Hajo Pilgrimage Town""}",2026-08-02 09:45:00
581,3,CHECKOUT,"{""location"": ""En route to Umananda Island"", ""trip_completed"": true}",2026-08-05 12:45:00
582,0,ID_ISSUED,"{""digital_id"": ""STS-AAFEEE12190E"", ""document"": ""747848105"", ""name"": ""Jack Taylor"", ""nationality"": ""British"", ""trip_end"": ""2026-08-01T13:45:00""}",2026-07-29 04:45:00
582,1,KYC_VERIFIED,"{""document_type"": ""passport"", ""method"": ""document_scan"", ""verified_by"": ""auto_kyc""}",2026-07-29 05:03:00
582,2,CHECKIN,"{""lat"": 25.9333, ""lng"": 91.4333, ""location"": ""Chandubi Lake""}",2026-07-30 06:45:00
582,3,CHECKOUT,"{""location"": ""En route to Ri Kynjai, Umiam (stay 2)"", ""trip_completed"": true}",2026-08-01 13:45:00
583,0,ID_ISSUED,"{""digital_id"": ""STS-C637B4EF4F3D"", ""document"": ""XXXX-XXXX-2254"", ""name"": ""Manish Baishya"", ""nationality"": ""Indian"", ""trip_end"": ""2026-09-12T00:45:00""}",2026-08-28 19:45:00
583,1,KYC_VERIFIED,"{""document_type"": ""aadhaar"", ""method"": ""document_scan"", ""verified_by"": ""auto_kyc""}",2026-08-28 20:13:00
583,2,CHECKIN,"{""lat"": 26.1667, ""lng"": 91.5667, ""location"": ""Sualkuchi Silk Village""}",2026-09-08 10:45:00
584,0,ID_ISSUED,"{""digital_id"": ""STS-EBD8CA83FA8E"", ""document"": ""Z8442754"", ""name"": ""Chandana Hazarika"", ""nationality"": ""Indian"", ""trip_end"": ""2026-08-26T19:00:00""}",2026-08-07 14:00:00
584,1,KYC_VERIFIED,"{""document_type"": ""passport"", ""method"": ""document_scan"", ""verified_by"": ""auto_kyc""}",2026-08-07 14:23:00
584,2,CHECKIN,"{""lat"": 25.657, ""lng"": 91.889, ""location"": ""Umiam Lake""}",2026-08-17 11:00:00
584,3,CHECKOUT,"{""location"": ""Dawki / Umngot River"", ""trip_completed"": true}",2026-08-26 19:00:00
585,0,ID_ISSUED,"{""digital_id"": ""STS-1E717A077BEA"", ""document"": ""XXXX-XXXX-5551"", ""name"": ""Rupam Gogoi"", ""nationality"": ""Indian"", ""trip_end"": ""2026-09-13T08:30:00""}",2026-08-12 00:30:00
585,1,KYC_VERIFIED,"{""document_type"": ""aadhaar"", ""method"": ""document_scan"", ""verified_by"": ""auto_kyc""}",2026-08-12 00:48:00
585,2,CHECKIN,"{""lat"": 26.6338, ""lng"": 92.8, ""location"": ""Tezpur""}",2026-08-31 05:30:00
586,0,ID_ISSUED,"{""digital_id"": ""STS-C3EF5AD5F9A3"", ""document"": ""XXXX-XXXX-9425"", ""name"": ""Siddharth Das"", ""nationality"": ""Indian"", ""trip_end"": ""2026-09-12T01:30:00""}",2026-08-18 15:30:00
586,1,KYC_VERIFIED,"{""document_type"": ""aadhaar"", ""method"": ""document_scan"", ""verified_by"": ""auto_kyc""}",2026-08-18 15:34:00
586,2,CHECKIN,"{""lat"": 27.3314, ""lng"": 88.6138, ""location"": ""Gangtok""}",2026-08-26 11:30:00
587,0,ID_ISSUED,"{""digital_id"": ""STS-E64EE61A74B0"", ""document"": ""XXXX-XXXX-5494"", ""name"": ""Riya Patel"", ""nationality"": ""Indian"", ""trip_end"": ""2026-08-11T17:30:00""}",2026-07-30 00:30:00
587,1,KYC_VERIFIED,"{""document_type"": ""aadhaar"", ""method"": ""document_scan"", ""verified_by"": ""auto_kyc""}",2026-07-30 00:37:00
587,2,CHECKIN,"{""lat"": 26.1061, ""lng"": 91.5859, ""location"": ""LGB International Airport""}",2026-08-03 09:30:00
587,3,CHECKOUT,"{""location"": ""Sivasagar"", ""trip_completed"": true}",2026-08-11 17:30:00
588,0,ID_ISSUED,"{""digital_id"": ""STS-BCFA1FC49474"", ""document"": ""A04351739"", ""name"": ""Sipho Nkosi"", ""nationality"": ""South African"", ""trip_end"": ""2026-09-17T15:45:00""}",2026-08-21 03:45:00
588,1,KYC_VERIFIED,"{""document_type"": ""passport"", ""method"": ""document_scan"", ""verified_by"": ""auto_kyc""}",2026-08-21 04:19:00
588,2,CHECKIN,"{""lat"": 26.95, ""lng"": 94.17, ""location"": ""Majuli River Island""}",2026-09-06 10:45:00
589,0,ID_ISSUED,"{""digital_id"": ""STS-300F36E9EC9E"", ""document"": ""TSXKJ4414F"", ""name"": ""Nabanita Rajkhowa"", ""nationality"": ""Indian"", ""trip_end"": ""2026-08-22T21:45:00""}",2026-08-12 21:45:00
589,1,KYC_VERIFIED,"{""document_type"": ""pan"", ""method"": ""document_scan"", ""verified_by"": ""auto_kyc""}",2026-08-12 21:48:00
589,2,CHECKIN,"{""lat"": 26.6338, ""lng"": 92.8, ""location"": ""Tezpur""}",2026-08-15 07:45:00
589,3,CHECKOUT,"{""location"": ""LGB International Airport"", ""trip_completed"": true}",2026-08-22 21:45:00
590,0,ID_ISSUED,"{""digital_id"": ""STS-61A0D8638CFC"", ""document"": ""Z5696873"", ""name"": ""Manish Iyer"", ""nationality"": ""Indian"", ""trip_end"": ""2026-08-03T19:45:00""}",2026-07-14 00:45:00
590,1,KYC_VERIFIED,"{""document_type"": ""passport"", ""method"": ""document_scan"", ""verified_by"": ""auto_kyc""}",2026-07-14 01:05:00
590,2,CHECKIN,"{""lat"": 25.5788, ""lng"": 91.8933, ""location"": ""Shillong""}",2026-07-28 05:45:00
590,3,CHECKOUT,"{""location"": ""En route to Ri Kynjai, Umiam (stay 1)"", ""trip_completed"": true}",2026-08-03 19:45:00
591,0,ID_ISSUED,"{""digital_id"": ""STS-E9A7FA047154"", ""document"": ""XXXX-XXXX-1170"", ""name"": ""Ishita Ghosh"", ""nationality"": ""Indian"", ""trip_end"": ""2026-08-02T19:45:00""}",2026-07-13 18:45:00
591,1,KYC_VERIFIED,"{""document_type"": ""aadhaar"", ""method"": ""document_scan"", ""verified_by"": ""auto_kyc""}",2026-07-13 18:56:00
591,2,CHECKIN,"{""lat"": 26.12, ""lng"": 91.65, ""location"": ""Deepor Beel Wildlife Sanctuary""}",2026-07-31 07:45:00
591,3,CHECKOUT,"{""location"": ""En route to Deepor Beel Wildlife Sanctuary"", ""trip_completed"": true}",2026-08-02 19:45:00
592,0,ID_ISSUED,"{""digital_id"": ""STS-A7FA3CD5714D"", ""document"": ""XXXX-XXXX-8450"", ""name"": ""Tanvi Verma"", ""nationality"": ""Indian"", ""trip_end"": ""2026-09-07T19:15:00""}",2026-08-26 15:15:00
592,1,KYC_VERIFIED,"{""document_type"": ""aadhaar"", ""method"": ""document_scan"", ""verified_by"": ""auto_kyc""}",2026-08-26 15:27:00
592,2,CHECKIN,"{""lat"": 26.135, ""lng"": 91.805, ""location"": ""Six Mile""}",2026-09-04 09:15:00
593,0,ID_ISSUED,"{""digital_id"": ""STS-705CC7E685FE"", ""document"": ""976036871"", ""name"": ""Alfie Edwards"", ""nationality"": ""British"", ""trip_end"": ""2026-08-17T17:15:00""}",2026-08-01 23:15:00
593,1,KYC_VERIFIED,"{""document_type"": ""passport"", ""method"": ""document_scan"", ""verified_by"": ""auto_kyc""}",2026-08-01 23:51:00
593,2,CHECKIN,"{""lat"": 24.817, ""lng"": 93.9368, ""location"": ""Imphal""}",2026-08-03 11:15:00
593,3,CHECKOUT,"{""location"": ""Shillong"", ""trip_completed"": true}",2026-08-17 17:15:00
594,0,ID_ISSUED,"{""digital_id"": ""STS-71072C6B878C"", ""document"": ""LLC5374417"", ""name"": ""Bhaskar Dutta"", ""nationality"": ""Indian"", ""trip_end"": ""2026-07-25T16:15:00""}",2026-07-06 06:15:00
594,1,KYC_VERIFIED,"{""document_type"": ""voterid"", ""method"": ""document_scan"", ""verified_by"": ""auto_kyc""}",2026-07-06 06:32:00
594,2,CHECKIN,"{""lat"": 26.135, ""lng"": 91.805, ""location"": ""Six Mile""}",2026-07-24 06:15:00
594,3,CHECKOUT,"{""location"": ""En route to Six Mile"", ""trip_completed"": true}",2026-07-25 16:15:00
595,0,ID_ISSUED,"{""digital_id"": ""STS-ACEE91904DB3"", ""document"": ""XXXX-XXXX-5454"", ""name"": ""Divya Nair"", ""nationality"": ""Indian"", ""trip_end"": ""2026-08-06T17:00:00""}",2026-07-11 12:00:00
595,1,KYC_VERIFIED,"{""document_type"": ""aadhaar"", ""method"": ""document_scan"", ""verified_by"": ""auto_kyc""}",2026-07-11 12:09:00
595,2,CHECKIN,"{""lat"": 25.6751, ""lng"": 94.1086, ""location"": ""Kohima""}",2026-07-24 07:00:00
595,3,MARKED_MISSING,"{""last_lat"": 27.329553, ""last_lng"": 88.616953}",2026-08-06 16:54:24
595,4,EFIR_FILED,"{""fir_number"": ""EFIR/2026/00595""}",2026-08-06 16:54:24
596,0,ID_ISSUED,"{""digital_id"": ""STS-A4B23109ABFF"", ""document"": ""XXXX-XXXX-1100"", ""name"": ""Ananya Rajkhowa"", ""nationality"": ""Indian"", ""trip_end"": ""2026-08-04T18:45:00""}",2026-07-22 13:45:00
596,1,KYC_VERIFIED,"{""document_type"": ""aadhaar"", ""method"": ""document_scan"", ""verified_by"": ""auto_kyc""}",2026-07-22 14:02:00
596,2,CHECKIN,"{""lat"": 25.5788, ""lng"": 91.8933, ""location"": ""Shillong""}",2026-07-29 11:45:00
596,3,CHECKOUT,"{""location"": ""Dawki / Umngot River"", ""trip_completed"": true}",2026-08-04 18:45:00
597,0,ID_ISSUED,"{""digital_id"": ""STS-94921C47DD74"", ""document"": ""XXXX-XXXX-7109"", ""name"": ""Sneha Dutta"", ""nationality"": ""Indian"", ""trip_end"": ""2026-08-14T17:00:00""}",2026-07-28 10:00:00
597,1,KYC_VERIFIED,"{""document_type"": ""aadhaar"", ""method"": ""document_scan"", ""verified_by"": ""auto_kyc""}",2026-07-28 10:05:00
597,2,CHECKIN,"{""lat"": 26.5775, ""lng"": 93.1711, ""location"": ""Kaziranga National Park""}",2026-08-07 05:00:00
597,3,CHECKOUT,"{""location"": ""LGB International Airport"", ""trip_completed"": true}",2026-08-14 17:00:00
598,0,ID_ISSUED,"{""digital_id"": ""STS-A41E218DB8AE"", ""document"": ""XXXX-XXXX-4465"", ""name"": ""Divya Kumar"", ""nationality"": ""Indian"", ""trip_end"": ""2026-08-15T13:00:00""}",2026-08-03 00:00:00
598,1,KYC_VERIFIED,"{""document_type"": ""aadhaar"", ""method"": ""document_scan"", ""verified_by"": ""auto_kyc""}",2026-08-03 00:18:00
598,2,CHECKIN,"{""lat"": 26.6338, ""lng"": 92.8, ""location"": ""Tezpur""}",2026-08-04 11:00:00
598,3,CHECKOUT,"{""location"": ""LGB International Airport"", ""trip_completed"": true}",2026-08-15 13:00:00
599,0,ID_ISSUED,"{""digital_id"": ""STS-7F71D4860C26"", ""document"": ""UHNDC4567V"", ""name"": ""Aarav Patel"", ""nationality"": ""Indian"", ""trip_end"": ""2026-09-09T10:45:00""}",2026-08-18 07:45:00
599,1,KYC_VERIFIED,"{""document_type"": ""pan"", ""method"": ""document_scan"", ""verified_by"": ""auto_kyc""}",2026-08-18 08:15:00
599,2,CHECKIN,"{""lat"": 26.135, ""lng"": 91.805, ""location"": ""Six Mile""}",2026-09-07 06:45:00
600,0,ID_ISSUED,"{""digital_id"": ""STS-23C1851AC689"", ""document"": ""DJNVN5613N"", ""name"": ""Simanta Nath"", ""nationality"": ""Indian"", ""trip_end"": ""2026-09-03T19:45:00""}",2026-08-19 17:45:00
600,1,KYC_VERIFIED,"{""document_type"": ""pan"", ""method"": ""document_scan"", ""verified_by"": ""auto_kyc""}",2026-08-19 18:18:00
600,2,CHECKIN,"{""lat"": 23.7271, ""lng"": 92.7176, ""location"": ""Aizawl""}",2026-08-23 07:45:00
600,3,CHECKOUT,"{""location"": ""Gangtok"", ""trip_completed"": true}",2026-09-03 19:45:00
601,0,ID_ISSUED,"{""digital_id"": ""STS-B457264F29E7"", ""document"": ""XXXX-XXXX-6197"", ""name"": ""Jayanta Iyer"", ""nationality"": ""Indian"", ""trip_end"": ""2026-08-27T16:15:00""}",2026-08-14 05:15:00
601,1,KYC_VERIFIED,"{""document_type"": ""aadhaar"", ""method"": ""document_scan"", ""verified_by"": ""auto_kyc""}",2026-08-14 05:54:00
601,2,CHECKIN,"{""lat"": 26.1061, ""lng"": 91.5859, ""location"": ""LGB International Airport""}",2026-08-24 09:15:00
601,3,CHECKOUT,"{""location"": ""Ganeshguri Junction"", ""trip_completed"": true}",2026-08-27 16:15:00
602,0,ID_ISSUED,"{""digital_id"": ""STS-FD70A863811F"", ""document"": ""XXXX-XXXX-4876"", ""name"": ""Vikram Singh"", ""nationality"": ""Indian"", ""trip_end"": ""2026-09-06T08:30:00""}",2026-08-17 05:30:00
602,1,KYC_VERIFIED,"{""document_type"": ""aadhaar"", ""method"": ""document_scan"", ""verified_by"": ""auto_kyc""}",2026-08-17 06:10:00
602,2,CHECKIN,"{""lat"": 26.1861, ""lng"": 91.7503, ""location"": ""Dighalipukhuri""}",2026-09-02 06:30:00
603,0,ID_ISSUED,"{""digital_id"": ""STS-E7CEB5E4D166"", ""document"": ""XXXX-XXXX-9260"", ""name"": ""Kabir Gogoi"", ""nationality"": ""Indian"", ""trip_end"": ""2026-09-10T16:45:00""}",2026-08-13 17:45:00
603,1,KYC_VERIFIED,"{""document_type"": ""aadhaar"", ""method"": ""document_scan"", ""verified_by"": ""auto_kyc""}",2026-08-13 18:24:00
603,2,CHECKIN,"{""lat"": 26.1061, ""lng"": 91.5859, ""location"": ""LGB International Airport""}",2026-08-30 11:45:00
604,0,ID_ISSUED,"{""digital_id"": ""STS-49D5A78506BE"", ""document"": ""TK0566860"", ""name"": ""Kenji Tanaka"", ""nationality"": ""Japanese"", ""trip_end"": ""2026-07-28T10:15:00""}",2026-07-06 10:15:00
604,1,KYC_VERIFIED,"{""document_type"": ""passport"", ""method"": ""document_scan"", ""verified_by"": ""auto_kyc""}",2026-07-06 10:47:00
604,2,CHECKIN,"{""lat"": 26.25, ""lng"": 91.5167, ""location"": ""Hajo Pilgrimage Town""}",2026-07-25 05:15:00
604,3,CHECKOUT,"{""location"": ""En route to Vivanta Guwahati (stay 2)"", ""trip_completed"": true}",2026-07-28 10:15:00
605,0,ID_ISSUED,"{""digital_id"": ""STS-C3035E18CDA8"", ""document"": ""XXXX-XXXX-9380"", ""name"": ""Priya Kumar"", ""nationality"": ""Indian"", ""trip_end"": ""2026-08-06T15:00:00""}",2026-07-19 10:00:00
605,1,KYC_VERIFIED,"{""document_type"": ""aadhaar"", ""method"": ""document_scan"", ""verified_by"": ""auto_kyc""}",2026-07-19 10:39:00
605,2,CHECKIN,"{""lat"": 25.9333, ""lng"": 91.4333, ""location"": ""Chandubi Lake""}",2026-08-01 06:00:00
605,3,CHECKOUT,"{""location"": ""En route to Accoland Water Park"", ""trip_completed"": true}",2026-08-06 15:00:00
606,0,ID_ISSUED,"{""digital_id"": ""STS-6719BA4D88EC"", ""document"": ""XXXX-XXXX-3325"", ""name"": ""Ananya Mishra"", ""nationality"": ""Indian"", ""trip_end"": ""2026-08-12T17:30:00""}",2026-07-18 12:30:00
606,1,KYC_VERIFIED,"{""document_type"": ""aadhaar"", ""method"": ""document_scan"", ""verified_by"": ""auto_kyc""}",2026-07-18 13:10:00
606,2,CHECKIN,"{""lat"": 26.178, ""lng"": 91.786, ""location"": ""Assam State Zoo & Botanical Garden""}",2026-08-09 08:30:00
606,3,CHECKOUT,"{""location"": ""En route to Deepor Beel Wildlife Sanctuary"", ""trip_completed"": true}",2026-08-12 17:30:00
607,0,ID_ISSUED,"{""digital_id"": ""STS-6685FD1660C4"", ""document"": ""Z1053331"", ""name"": ""Nabanita Baishya"", ""nationality"": ""Indian"", ""trip_end"": ""2026-09-04T17:30:00""}",2026-08-10 09:30:00
607,1,KYC_VERIFIED,"{""document_type"": ""passport"", ""method"": ""document_scan"", ""verified_by"": ""auto_kyc""}",2026-08-10 10:09:00
607,2,CHECKIN,"{""lat"": 26.9826, ""lng"": 94.6425, ""location"": ""Sivasagar""}",2026-08-25 11:30:00
607,3,SOS_TRIGGERED,"{""lat"": 26.576084, ""lng"": 93.169703, ""message"": ""Help! I am being followed by two men on a motorcycle.""}",2026-09-01 06:24:59
607,4,CHECKOUT,"{""location"": ""Nameri National Park"", ""trip_completed"": true}",2026-09-04 17:30:00
608,0,ID_ISSUED,"{""digital_id"": ""STS-DAE049CFFCDB"", ""document"": ""XXXX-XXXX-7230"", ""name"": ""Arjun Phukan"", ""nationality"": ""Indian"", ""trip_end"": ""2026-09-03T09:00:00""}",2026-08-21 15:00:00
608,1,KYC_VERIFIED,"{""document_type"": ""aadhaar"", ""method"": ""document_scan"", ""verified_by"": ""auto_kyc""}",2026-08-21 15:42:00
608,2,CHECKIN,"{""lat"": 26.1667, ""lng"": 91.5667, ""location"": ""Sualkuchi Silk Village""}",2026-08-30 07:00:00
608,3,CHECKOUT,"{""location"": ""Uzan Bazar Ghat"", ""trip_completed"": true}",2026-09-03 09:00:00
609,0,ID_ISSUED,"{""digital_id"": ""STS-3B327C909D24"", ""document"": ""BX3636969"", ""name"": ""Shakib Uddin"", ""nationality"": ""Bangladeshi"", ""trip_end"": ""2026-08-12T16:00:00""}",2026-07-13 11:00:00
609,1,KYC_VERIFIED,"{""document_type"": ""passport"", ""method"": ""document_scan"", ""verified_by"": ""auto_kyc""}",2026-07-13 11:05:00
609,2,CHECKIN,"{""lat"": 25.657, ""lng"": 91.889, ""location"": ""Umiam Lake""}",2026-08-03 06:00:00
609,3,CHECKOUT,"{""location"": ""En route to Umiam Lake"", ""trip_completed"": true}",2026-08-12 16:00:00
610,0,ID_ISSUED,"{""digital_id"": ""STS-872DE1F95EA8"", ""document"": ""XXXX-XXXX-9785"", ""name"": ""Arjun Gogoi"", ""nationality"": ""Indian"", ""trip_end"": ""2026-08-16T12:45:00""}",2026-07-15 16:45:00
610,1,KYC_VERIFIED,"{""document_type"": ""aadhaar"", ""method"": ""document_scan"", ""verified_by"": ""auto_kyc""}",2026-07-15 17:10:00
610,2,CHECKIN,"{""lat"": 24.817, ""lng"": 93.9368, ""location"": ""Imphal""}",2026-08-06 08:45:00
610,3,CHECKOUT,"{""location"": ""Agartala"", ""trip_completed"": true}",2026-08-16 12:45:00
611,0,ID_ISSUED,"{""digital_id"": ""STS-2EF667A3DDE2"", ""document"": ""M91436703"", ""name"": ""Jiwoo Kim"", ""nationality"": ""Korean"", ""trip_end"": ""2026-08-25T19:45:00""}",2026-08-06 19:45:00
611,1,KYC_VERIFIED,"{""document_type"": ""passport"", ""method"": ""document_scan"", ""verified_by"": ""auto_kyc""}",2026-08-06 20:28:00
611,2,CHECKIN,"{""lat"": 26.1824, ""lng"": 91.7513, ""location"": ""Guwahati Railway Station""}",2026-08-11 05:45:00
611,3,CHECKOUT,"{""location"": ""Ziro Valley"", ""trip_completed"": true}",2026-08-25 19:45:00
612,0,ID_ISSUED,"{""digital_id"": ""STS-21AB00FD08BD"", ""document"": ""XXXX-XXXX-1572"", ""name"": ""Mridula Phukan"", ""nationality"": ""Indian"", ""trip_end"": ""2026-07-28T08:00:00""}",2026-07-09 23:00:00
612,1,KYC_VERIFIED,"{""document_type"": ""aadhaar"", ""method"": ""document_scan"", ""verified_by"": ""auto_kyc""}",2026-07-09 23:23:00
612,2,CHECKIN,"{""lat"": 26.1061, ""lng"": 91.5859, ""location"": ""LGB International Airport""}",2026-07-27 05:00:00
612,3,CHECKOUT,"{""location"": ""En route to Kiranshree Portico (stay 2)"", ""trip_completed"": true}",2026-07-28 08:00:00
613,0,ID_ISSUED,"{""digital_id"": ""STS-32B3853E8F1B"", ""document"": ""283958767"", ""name"": ""Emily Johnson"", ""nationality"": ""American"", ""trip_end"": ""2026-09-03T21:00:00""}",2026-08-13 18:00:00
613,1,KYC_VERIFIED,"{""document_type"": ""passport"", ""method"": ""document_scan"", ""verified_by"": ""auto_kyc""}",2026-08-13 18:16:00
613,2,CHECKIN,"{""lat"": 25.5788, ""lng"": 91.8933, ""location"": ""Shillong""}",2026-08-16 07:00:00
613,3,CHECKOUT,"{""location"": ""Gangtok"", ""trip_completed"": true}",2026-09-03 21:00:00
614,0,ID_ISSUED,"{""digital_id"": ""STS-A5FF3C094044"", ""document"": ""PPC7342159"", ""name"": ""Anjali Bora"", ""nationality"": ""Indian"", ""trip_end"": ""2026-09-09T14:00:00""}",2026-08-21 10:00:00
614,1,KYC_VERIFIED,"{""document_type"": ""voterid"", ""method"": ""document_scan"", ""verified_by"": ""auto_kyc""}",2026-08-21 10:04:00
614,2,CHECKIN,"{""lat"": 26.142, ""lng"": 91.79, ""location"": ""Dispur Secretariat""}",2026-09-06 10:00:00
615,0,ID_ISSUED,"{""digital_id"": ""STS-56BEE7144389"", ""document"": ""Z5031825"", ""name"": ""Siddharth Bora"", ""nationality"": ""Indian"", ""trip_end"": ""2026-09-08T18:45:00""}",2026-08-16 02:45:00
615,1,KYC_VERIFIED,"{""document_type"": ""passport"", ""method"": ""document_scan"", ""verified_by"": ""auto_kyc""}",2026-08-16 03:16:00
615,2,CHECKIN,"{""lat"": 26.6338, ""lng"": 92.8, ""location"": ""Tezpur""}",2026-08-26 05:45:00
616,0,ID_ISSUED,"{""digital_id"": ""STS-A291CA239FA0"", ""document"": ""XXXX-XXXX-3592"", ""name"": ""Gitanjali Hazarika"", ""nationality"": ""Indian"", ""trip_end"": ""2026-08-28T21:45:00""}",2026-08-17 12:45:00
616,1,KYC_VERIFIED,"{""document_type"": ""aadhaar"", ""method"": ""document_scan"", ""verified_by"": ""auto_kyc""}",2026-08-17 13:14:00
616,2,CHECKIN,"{""lat"": 26.12, ""lng"": 91.65, ""location"": ""Deepor Beel Wildlife Sanctuary""}",2026-08-23 10:45:00
616,3,CHECKOUT,"{""location"": ""Chandubi Lake"", ""trip_completed"": true}",2026-08-28 21:45:00
617,0,ID_ISSUED,"{""digital_id"": ""STS-62E38A46C5F9"", ""document"": ""XXXX-XXXX-7835"", ""name"": ""Tanvi Das"", ""nationality"": ""Indian"", ""trip_end"": ""2026-09-04T17:00:00""}",2026-09-01 15:00:00
617,1,KYC_VERIFIED,"{""document_type"": ""aadhaar"", ""method"": ""document_scan"", ""verified_by"": ""auto_kyc""}",2026-09-01 15:20:00
617,2,CHECKIN,"{""lat"": 26.19, ""lng"": 91.759, ""location"": ""Uzan Bazar Ghat""}",2026-09-02 11:00:00
617,3,CHECKOUT,"{""location"": ""En route to Vivanta Guwahati (stay 1)"", ""trip_completed"": true}",2026-09-04 17:00:00
618,0,ID_ISSUED,"{""digital_id"": ""STS-8152DCEBB4CF"", ""document"": ""Z6585327"", ""name"": ""Jayanta Phukan"", ""nationality"": ""Indian"", ""trip_end"": ""2026-09-15T10:15:00""}",2026-09-04 21:15:00
618,1,KYC_VERIFIED,"{""document_type"": ""passport"", ""method"": ""document_scan"", ""verified_by"": ""auto_kyc""}",2026-09-04 21:23:00
618,2,CHECKIN,"{""lat"": 24.817, ""lng"": 93.9368, ""location"": ""Imphal""}",2026-09-05 06:15:00
619,0,ID_ISSUED,"{""digital_id"": ""STS-B4938DA4F83B"", ""document"": ""Z8808460"", ""name"": ""Pranjal Kalita"", ""nationality"": ""Indian"", ""trip_end"": ""2026-07-26T19:30:00""}",2026-07-13 03:30:00
619,1,KYC_VERIFIED,"{""document_type"": ""passport"", ""method"": ""document_scan"", ""verified_by"": ""auto_kyc""}",2026-07-13 03:56:00
619,2,CHECKIN,"{""lat"": 26.1664, ""lng"": 91.7055, ""location"": ""Kamakhya Temple""}",2026-07-22 09:30:00
619,3,CHECKOUT,"{""location"": ""En route to Navagraha Temple"", ""trip_completed"": true}",2026-07-26 19:30:00
620,0,ID_ISSUED,"{""digital_id"": ""STS-C8988EBFA8AD"", ""document"": ""XXXX-XXXX-4254"", ""name"": ""Kabir Mishra"", ""nationality"": ""Indian"", ""trip_end"": ""2026-07-27T17:15:00""}",2026-07-13 09:15:00
620,1,KYC_VERIFIED,"{""document_type"": ""aadhaar"", ""method"": ""document_scan"", ""verified_by"": ""auto_kyc""}",2026-07-13 09:19:00
620,2,CHECKIN,"{""lat"": 26.1824, ""lng"": 91.7513, ""location"": ""Guwahati Railway Station""}",2026-07-24 09:15:00
620,3,CHECKOUT,"{""location"": ""En route to Hotel Rajmahal (stay 1)"", ""trip_completed"": true}",2026-07-27 17:15:00
621,0,ID_ISSUED,"{""digital_id"": ""STS-D8487D8061AB"", ""document"": ""BX0457387"", ""name"": ""Shakib Khan"", ""nationality"": ""Bangladeshi"", ""trip_end"": ""2026-09-20T22:00:00""}",2026-08-18 09:00:00
621,1,KYC_VERIFIED,"{""document_type"": ""passport"", ""method"": ""document_scan"", ""verified_by"": ""auto_kyc""}",2026-08-18 09:14:00
621,2,CHECKIN,"{""lat"": 27.5448, ""lng"": 93.832, ""location"": ""Ziro Valley""}",2026-09-07 09:00:00
622,0,ID_ISSUED,"{""digital_id"": ""STS-0C54DA7B0B0D"", ""document"": ""23548357"", ""name"": ""Maayan Levi"", ""nationality"": ""Israeli"", ""trip_end"": ""2026-08-19T08:00:00""}",2026-07-26 17:00:00
622,1,KYC_VERIFIED,"{""document_type"": ""passport"", ""method"": ""document_scan"", ""verified_by"": ""auto_kyc""}",2026-07-26 17:11:00
622,2,CHECKIN,"{""lat"": 26.144, ""lng"": 91.8058, ""location"": ""Srimanta Sankaradeva Kalakshetra""}",2026-08-16 05:00:00
622,3,CHECKOUT,"{""location"": ""En route to Hotel Polo Towers, Shillong (stay 1)"", ""trip_completed"": true}",2026-08-19 08:00:00
623,0,ID_ISSUED,"{""digital_id"": ""STS-27DBD7D29E0B"", ""document"": ""XXXX-XXXX-6886"", ""name"": ""Nikhil Banerjee"", ""nationality"": ""Indian"", ""trip_end"": ""2026-08-12T17:00:00""}",2026-07-23 09:00:00
623,1,KYC_VERIFIED,"{""document_type"": ""aadhaar"", ""method"": ""document_scan"", ""verified_by"": ""auto_kyc""}",2026-07-23 09:16:00
623,2,CHECKIN,"{""lat"": 26.92, ""lng"": 92.88, ""location"": ""Nameri National Park""}",2026-08-06 10:00:00
623,3,CHECKOUT,"{""location"": ""Jorhat"", ""trip_completed"": true}",2026-08-12 17:00:00
624,0,ID_ISSUED,"{""digital_id"": ""STS-F22CFA30BA14"", ""document"": ""N3003065"", ""name"": ""Nuwan Fernando"", ""nationality"": ""Sri Lankan"", ""trip_end"": ""2026-09-06T18:15:00""}",2026-08-22 05:15:00
624,1,KYC_VERIFIED,"{""document_type"": ""passport"", ""method"": ""document_scan"", ""verified_by"": ""auto_kyc""}",2026-08-22 05:41:00
624,2,CHECKIN,"{""lat"": 26.9826, ""lng"": 94.6425, ""location"": ""Sivasagar""}",2026-08-31 07:15:00
625,0,ID_ISSUED,"{""digital_id"": ""STS-13EBF761DE40"", ""document"": ""XXXX-XXXX-1463"", ""name"": ""Siddharth Bhattacharya"", ""nationality"": ""Indian"", ""trip_end"": ""2026-09-05T16:00:00""}",2026-08-12 21:00:00
625,1,KYC_VERIFIED,"{""document_type"": ""aadhaar"", ""method"": ""document_scan"", ""verified_by"": ""auto_kyc""}",2026-08-12 21:37:00
625,2,CHECKIN,"{""lat"": 26.1061, ""lng"": 91.5859, ""location"": ""LGB International Airport""}",2026-09-02 07:00:00
625,3,CHECKOUT,"{""location"": ""En route to Ri Kynjai, Umiam (stay 2)"", ""trip_completed"": true}",2026-09-05 16:00:00
626,0,ID_ISSUED,"{""digital_id"": ""STS-ABE2BF02BD26"", ""document"": ""XXXX-XXXX-4892"", ""name"": ""Nikhil Das"", ""nationality"": ""Indian"", ""trip_end"": ""2026-08-13T08:00:00""}",2026-07-29 07:00:00
626,1,KYC_VERIFIED,"{""document_type"": ""aadhaar"", ""method"": ""document_scan"", ""verified_by"": ""auto_kyc""}",2026-07-29 07:03:00
626,2,CHECKIN,"{""lat"": 26.6338, ""lng"": 92.8, ""location"": ""Tezpur""}",2026-07-31 06:00:00
626,3,CHECKOUT,"{""location"": ""Ziro Valley"", ""trip_completed"": true}",2026-08-13 08:00:00
627,0,ID_ISSUED,"{""digital_id"": ""STS-00F03A49BBA8"", ""document"": ""XXXX-XXXX-6844"", ""name"": ""Chandana Das"", ""nationality"": ""Indian"", ""trip_end"": ""2026-08-08T13:45:00""}",2026-07-26 01:45:00
627,1,KYC_VERIFIED,"{""document_type"": ""aadhaar"", ""method"": ""document_scan"", ""verified_by"": ""auto_kyc""}",2026-07-26 02:29:00
627,2,CHECKIN,"{""lat"": 26.1132, ""lng"": 91.797, ""location"": ""Basistha Temple""}",2026-08-05 07:45:00
627,3,CHECKOUT,"{""location"": ""En route to Umananda Island"", ""trip_completed"": true}",2026-08-08 13:45:00
628,0,ID_ISSUED,"{""digital_id"": ""STS-01DA97598235"", ""document"": ""XXXX-XXXX-6555"", ""name"": ""Mridula Sen"", ""nationality"": ""Indian"", ""trip_end"": ""2026-07-28T19:15:00""}",2026-07-18 14:15:00
628,1,KYC_VERIFIED,"{""document_type"": ""aadhaar"", ""method"": ""document_scan"", ""verified_by"": ""auto_kyc""}",2026-07-18 14:48:00
628,2,CHECKIN,"{""lat"": 26.1824, ""lng"": 91.7513, ""location"": ""Guwahati Railway Station""}",2026-07-27 08:15:00
628,3,CHECKOUT,"{""location"": ""En route to Vivanta Guwahati (stay 1)"", ""trip_completed"": true}",2026-07-28 19:15:00
629,0,ID_ISSUED,"{""digital_id"": ""STS-5EC63BE4D648"", ""document"": ""BX9906759"", ""name"": ""Imran Begum"", ""nationality"": ""Bangladeshi"", ""trip_end"": ""2026-08-09T09:45:00""}",2026-07-16 23:45:00
629,1,KYC_VERIFIED,"{""document_type"": ""passport"", ""method"": ""document_scan"", ""verified_by"": ""auto_kyc""}",2026-07-17 00:21:00
629,2,CHECKIN,"{""lat"": 25.2, ""lng"": 91.9167, ""location"": ""Mawlynnong Village""}",2026-08-02 05:45:00
629,3,CHECKOUT,"{""location"": ""En route to Mawlynnong Village"", ""trip_completed"": true}",2026-08-09 09:45:00
630,0,ID_ISSUED,"{""digital_id"": ""STS-F0D39BF2B953"", ""document"": ""XWU5946880"", ""name"": ""Nabanita Choudhury"", ""nationality"": ""Indian"", ""trip_end"": ""2026-08-23T21:15:00""}",2026-08-03 10:15:00
630,1,KYC_VERIFIED,"{""document_type"": ""voterid"", ""method"": ""document_scan"", ""verified_by"": ""auto_kyc""}",2026-08-03 10:23:00
630,2,CHECKIN,"{""lat"": 25.5788, ""lng"": 91.8933, ""location"": ""Shillong""}",2026-08-13 07:15:00
630,3,CHECKOUT,"{""location"": ""En route to Hotel Polo Towers, Shillong (stay 1)"", ""trip_completed"": true}",2026-08-23 21:15:00
631,0,ID_ISSUED,"{""digital_id"": ""STS-D253899B6D06"", ""document"": ""N9966081"", ""name"": ""Nuwan Bandara"", ""nationality"": ""Sri Lankan"", ""trip_end"": ""2026-08-23T16:15:00""}",2026-08-06 07:15:00
631,1,KYC_VERIFIED,"{""document_type"": ""passport"", ""method"": ""document_scan"", ""verified_by"": ""auto_kyc""}",2026-08-06 07:19:00
631,2,CHECKIN,"{""lat"": 26.1857, ""lng"": 91.7481, ""location"": ""Assam State Museum""}",2026-08-21 07:15:00
631,3,CHECKOUT,"{""location"": ""Guwahati Planetarium"", ""trip_completed"": true}",2026-08-23 16:15:00
632,0,ID_ISSUED,"{""digital_id"": ""STS-855E06C74CCA"", ""document"": ""Z9049630"", ""name"": ""Hemanta Bora"", ""nationality"": ""Indian"", ""trip_end"": ""2026-09-06T12:00:00""}",2026-08-27 18:00:00
632,1,KYC_VERIFIED,"{""document_type"": ""passport"", ""method"": ""document_scan"", ""verified_by"": ""auto_kyc""}",2026-08-27 18:24:00
632,2,CHECKIN,"{""lat"": 25.2, ""lng"": 91.9167, ""location"": ""Mawlynnong Village""}",2026-08-28 05:00:00
633,0,ID_ISSUED,"{""digital_id"": ""STS-3CE52715C024"", ""document"": ""XXXX-XXXX-3382"", ""name"": ""Ananya Barua"", ""nationality"": ""Indian"", ""trip_end"": ""2026-08-25T22:30:00""}",2026-08-15 14:30:00
633,1,KYC_VERIFIED,"{""document_type"": ""aadhaar"", ""method"": ""document_scan"", ""verified_by"": ""auto_kyc""}",2026-08-15 14:41:00
633,2,CHECKIN,"{""lat"": 25.9333, ""lng"": 91.4333, ""location"": ""Chandubi Lake""}",2026-08-20 09:30:00
633,3,CHECKOUT,"{""location"": ""Pobitora Wildlife Sanctuary"", ""trip_completed"": true}",2026-08-25 22:30:00
634,0,ID_ISSUED,"{""digital_id"": ""STS-F68FC3A555D2"", ""document"": ""JSDFF7572G"", ""name"": ""Anjali Banerjee"", ""nationality"": ""Indian"", ""trip_end"": ""2026-08-08T01:30:00""}",2026-08-03 11:30:00
634,1,KYC_VERIFIED,"{""document_type"": ""pan"", ""method"": ""document_scan"", ""verified_by"": ""auto_kyc""}",2026-08-03 12:09:00
634,2,CHECKIN,"{""lat"": 26.1836, ""lng"": 91.7434, ""location"": ""Fancy Bazaar""}",2026-08-04 11:30:00
634,3,CHECKOUT,"{""location"": ""Sualkuchi Silk Village"", ""trip_completed"": true}",2026-08-08 01:30:00
635,0,ID_ISSUED,"{""digital_id"": ""STS-E5089F1EE483"", ""document"": ""XXXX-XXXX-1876"", ""name"": ""Ishita Nath"", ""nationality"": ""Indian"", ""trip_end"": ""2026-09-13T19:00:00""}",2026-08-24 18:00:00
635,1,KYC_VERIFIED,"{""document_type"": ""aadhaar"", ""method"": ""document_scan"", ""verified_by"": ""auto_kyc""}",2026-08-24 18:34:00
635,2,CHECKIN,"{""lat"": 25.5788, ""lng"": 91.8933, ""location"": ""Shillong""}",2026-09-07 08:00:00
636,0,ID_ISSUED,"{""digital_id"": ""STS-6425B75F164E"", ""document"": ""Z3027497"", ""name"": ""Tanvi Rajkhowa"", ""nationality"": ""Indian"", ""trip_end"": ""2026-08-17T09:00:00""}",2026-07-26 17:00:00
636,1,KYC_VERIFIED,"{""document_type"": ""passport"", ""method"": ""document_scan"", ""verified_by"": ""auto_kyc""}",2026-07-26 17:38:00
636,2,CHECKIN,"{""lat"": 26.1964, ""lng"": 91.7453, ""location"": ""Umananda Island""}",2026-08-13 07:00:00
636,3,CHECKOUT,"{""location"": ""En route to Hotel Polo Towers, Shillong (stay 1)"", ""trip_completed"": true}",2026-08-17 09:00:00
637,0,ID_ISSUED,"{""digital_id"": ""STS-3023BB77BE84"", ""document"": ""XXXX-XXXX-9539"", ""name"": ""Pranjal Sharma"", ""nationality"": ""Indian"", ""trip_end"": ""2026-08-20T09:15:00""}",2026-07-30 09:15:00
637,1,KYC_VERIFIED,"{""document_type"": ""aadhaar"", ""method"": ""document_scan"", ""verified_by"": ""auto_kyc""}",2026-07-30 10:00:00
637,2,CHECKIN,"{""lat"": 25.657, ""lng"": 91.889, ""location"": ""Umiam Lake""}",2026-08-14 06:15:00
637,3,CHECKOUT,"{""location"": ""En route to Vivanta Guwahati (stay 1)"", ""trip_completed"": true}",2026-08-20 09:15:00
638,0,ID_ISSUED,"{""digital_id"": ""STS-F64EB02569A5"", ""document"": ""Z7780957"", ""name"": ""Bishal Patel"", ""nationality"": ""Indian"", ""trip_end"": ""2026-09-04T12:30:00""}",2026-08-23 13:30:00
638,1,KYC_VERIFIED,"{""document_type"": ""passport"", ""method"": ""document_scan"", ""verified_by"": ""auto_kyc""}",2026-08-23 13:36:00
638,2,CHECKIN,"{""lat"": 25.5788, ""lng"": 91.8933, ""location"": ""Shillong""}",2026-08-29 10:30:00
638,3,CHECKOUT,"{""location"": ""En route to Vivanta Guwahati (stay 3)"", ""trip_completed"": true}",2026-09-04 12:30:00
639,0,ID_ISSUED,"{""digital_id"": ""STS-6D84423B0AE3"", ""document"": ""Z7783680"", ""name"": ""Divya Bhattacharya"", ""nationality"": ""Indian"", ""trip_end"": ""2026-08-22T21:45:00""}",2026-08-10 22:45:00
639,1,KYC_VERIFIED,"{""document_type"": ""passport"", ""method"": ""document_scan"", ""verified_by"": ""auto_kyc""}",2026-08-10 23:13:00
639,2,CHECKIN,"{""lat"": 26.1664, ""lng"": 91.7055, ""location"": ""Kamakhya Temple""}",2026-08-16 07:45:00
639,3,CHECKOUT,"{""location"": ""En route to Navagraha Temple"", ""trip_completed"": true}",2026-08-22 21:45:00
640,0,ID_ISSUED,"{""digital_id"": ""STS-F9E4A398DBA5"", ""document"": ""XXXX-XXXX-1940"", ""name"": ""Rituparna Iyer"", ""nationality"": ""Indian"", ""trip_end"": ""2026-08-26T10:30:00""}",2026-08-07 12:30:00
640,1,KYC_VERIFIED,"{""document_type"": ""aadhaar"", ""method"": ""document_scan"", ""verified_by"": ""auto_kyc""}",2026-08-07 12:40:00
640,2,CHECKIN,"{""lat"": 25.5788, ""lng"": 91.8933, ""location"": ""Shillong""}",2026-08-15 07:30:00
640,3,SOS_TRIGGERED,"{""lat"": 24.817514, ""lng"": 93.935128, ""message"": ""Help! I am being followed by two men on a motorcycle.""}",2026-08-22 19:52:17
640,4,CHECKOUT,"{""location"": ""Gangtok"", ""trip_completed"": true}",2026-08-26 10:30:00
641,0,ID_ISSUED,"{""digital_id"": ""STS-72FE5FDA351B"", ""document"": ""XXXX-XXXX-1923"", ""name"": ""Jayanta Hazarika"", ""nationality"": ""Indian"", ""trip_end"": ""2026-08-10T12:45:00""}",2026-07-27 13:45:00
641,1,KYC_VERIFIED,"{""document_type"": ""aadhaar"", ""method"": ""document_scan"", ""verified_by"": ""auto_kyc""}",2026-07-27 14:26:00
641,2,CHECKIN,"{""lat"": 26.1061, ""lng"": 91.5859, ""location"": ""LGB International Airport""}",2026-07-29 07:45:00
641,3,CHECKOUT,"{""location"": ""Majuli River Island"", ""trip_completed"": true}",2026-08-10 12:45:00
642,0,ID_ISSUED,"{""digital_id"": ""STS-14A8C7372CCD"", ""document"": ""YST2645932"", ""name"": ""Bornali Barua"", ""nationality"": ""Indian"", ""trip_end"": ""2026-08-19T13:00:00""}",2026-08-10 15:00:00
642,1,KYC_VERIFIED,"{""document_type"": ""voterid"", ""method"": ""document_scan"", ""verified_by"": ""auto_kyc""}",2026-08-10 15:15:00
642,2,CHECKIN,"{""lat"": 25.9333, ""lng"": 91.4333, ""location"": ""Chandubi Lake""}",2026-08-14 09:00:00
642,3,CHECKOUT,"{""location"": ""En route to Accoland Water Park"", ""trip_completed"": true}",2026-08-19 13:00:00
643,0,ID_ISSUED,"{""digital_id"": ""STS-A2F3A0883E0A"", ""document"": ""XXXX-XXXX-5462"", ""name"": ""Aditya Baishya"", ""nationality"": ""Indian"", ""trip_end"": ""2026-08-14T10:15:00""}",2026-08-07 03:15:00
643,1,KYC_VERIFIED,"{""document_type"": ""aadhaar"", ""method"": ""document_scan"", ""verified_by"": ""auto_kyc""}",2026-08-07 03:41:00
643,2,CHECKIN,"{""lat"": 26.25, ""lng"": 91.5167, ""location"": ""Hajo Pilgrimage Town""}",2026-08-11 05:15:00
643,3,CHECKOUT,"{""location"": ""En route to Navagraha Temple"", ""trip_completed"": true}",2026-08-14 10:15:00
644,0,ID_ISSUED,"{""digital_id"": ""STS-0C612967D847"", ""document"": ""XXXX-XXXX-7181"", ""name"": ""Bornali Choudhury"", ""nationality"": ""Indian"", ""trip_end"": ""2026-09-11T15:00:00""}",2026-08-25 05:00:00
644,1,KYC_VERIFIED,"{""document_type"": ""aadhaar"", ""method"": ""document_scan"", ""verified_by"": ""auto_kyc""}",2026-08-25 05:09:00
644,2,CHECKIN,"{""lat"": 26.1857, ""lng"": 91.7477, ""location"": ""Nehru Park""}",2026-09-09 07:00:00
645,0,ID_ISSUED,"{""digital_id"": ""STS-4FFEB704A942"", ""document"": ""XXXX-XXXX-6314"", ""name"": ""Hemanta Reddy"", ""nationality"": ""Indian"", ""trip_end"": ""2026-08-22T20:15:00""}",2026-08-03 22:15:00
645,1,KYC_VERIFIED,"{""document_type"": ""aadhaar"", ""method"": ""document_scan"", ""verified_by"": ""auto_kyc""}",2026-08-03 22:27:00
645,2,CHECKIN,"{""lat"": 26.1664, ""lng"": 91.7055, ""location"": ""Kamakhya Temple""}",2026-08-19 07:15:00
645,3,CHECKOUT,"{""location"": ""En route to Kamakhya Temple"", ""trip_completed"": true}",2026-08-22 20:15:00
646,0,ID_ISSUED,"{""digital_id"": ""STS-2F58CDC0220B"", ""document"": ""XXXX-XXXX-2801"", ""name"": ""Tanvi Gogoi"", ""nationality"": ""Indian"", ""trip_end"": ""2026-08-03T13:00:00""}",2026-07-16 08:00:00
646,1,KYC_VERIFIED,"{""document_type"": ""aadhaar"", ""method"": ""document_scan"", ""verified_by"": ""auto_kyc""}",2026-07-16 08:31:00
646,2,CHECKIN,"{""lat"": 26.6338, ""lng"": 92.8, ""location"": ""Tezpur""}",2026-07-26 08:00:00
646,3,CHECKOUT,"{""location"": ""Ziro Valley"", ""trip_completed"": true}",2026-08-03 13:00:00
647,0,ID_ISSUED,"{""digital_id"": ""STS-DD3AA7D73BB4"", ""document"": ""XXXX-XXXX-9600"", ""name"": ""Dhruv Rajkhowa"", ""nationality"": ""Indian"", ""trip_end"": ""2026-09-03T15:15:00""}",2026-08-08 13:15:00
647,1,KYC_VERIFIED,"{""document_type"": ""aadhaar"", ""method"": ""document_scan"", ""verified_by"": ""auto_kyc""}",2026-08-08 13:57:00
647,2,CHECKIN,"{""lat"": 26.1664, ""lng"": 91.7055, ""location"": ""Kamakhya Temple""}",2026-08-29 06:15:00
647,3,CHECKOUT,"{""location"": ""En route to Kamakhya Temple"", ""trip_completed"": true}",2026-09-03 15:15:00
648,0,ID_ISSUED,"{""digital_id"": ""STS-0B3665CFF832"", ""document"": ""XXXX-XXXX-2823"", ""name"": ""Anjali Choudhury"", ""nationality"": ""Indian"", ""trip_end"": ""2026-08-06T16:15:00""}",2026-07-13 23:15:00
648,1,KYC_VERIFIED,"{""document_type"": ""aadhaar"", ""method"": ""document_scan"", ""verified_by"": ""auto_kyc""}",2026-07-13 23:30:00
648,2,CHECKIN,"{""lat"": 26.3667, ""lng"": 91.6333, ""location"": ""Madan Kamdev Ruins""}",2026-08-03 06:15:00
648,3,CHECKOUT,"{""location"": ""Umananda Island"", ""trip_completed"": true}",2026-08-06 16:15:00
649,0,ID_ISSUED,"{""digital_id"": ""STS-C7785F770599"", ""document"": ""467606416"", ""name"": ""Ethan Rodriguez"", ""nationality"": ""American"", ""trip_end"": ""2026-08-01T20:00:00""}",2026-07-16 01:00:00
649,1,KYC_VERIFIED,"{""document_type"": ""passport"", ""method"": ""document_scan"", ""verified_by"": ""auto_kyc""}",2026-07-16 01:26:00
649,2,CHECKIN,"{""lat"": 25.19, ""lng"": 92.02, ""location"": ""Dawki / Umngot River""}",2026-07-23 11:00:00
649,3,CHECKOUT,"{""location"": ""En route to Ri Kynjai, Umiam (stay 2)"", ""trip_completed"": true}",2026-08-01 20:00:00
650,0,ID_ISSUED,"{""digital_id"": ""STS-FA4F19A448FA"", ""document"": ""XXXX-XXXX-8138"", ""name"": ""Ishita Patel"", ""nationality"": ""Indian"", ""trip_end"": ""2026-08-18T15:45:00""}",2026-07-31 08:45:00
650,1,KYC_VERIFIED,"{""document_type"": ""aadhaar"", ""method"": ""document_scan"", ""verified_by"": ""auto_kyc""}",2026-07-31 08:58:00
650,2,CHECKIN,"{""lat"": 26.135, ""lng"": 91.805, ""location"": ""Six Mile""}",2026-08-16 06:45:00
650,3,CHECKOUT,"{""location"": ""En route to Six Mile"", ""trip_completed"": true}",2026-08-18 15:45:00
651,0,ID_ISSUED,"{""digital_id"": ""STS-545CEACCFE98"", ""document"": ""YYN4252590"", ""name"": ""Aarav Rajkhowa"", ""nationality"": ""Indian"", ""trip_end"": ""2026-08-02T12:15:00""}",2026-07-15 21:15:00
651,1,KYC_VERIFIED,"{""document_type"": ""voterid"", ""method"": ""document_scan"", ""verified_by"": ""auto_kyc""}",2026-07-15 21:31:00
651,2,CHECKIN,"{""lat"": 26.1667, ""lng"": 91.5667, ""location"": ""Sualkuchi Silk Village""}",2026-07-30 09:15:00
651,3,CHECKOUT,"{""location"": ""Pan Bazaar"", ""trip_completed"": true}",2026-08-02 12:15:00
652,0,ID_ISSUED,"{""digital_id"": ""STS-251CF1AE7445"", ""document"": ""HJ046035"", ""name"": ""Emma Roy"", ""nationality"": ""Canadian"", ""trip_end"": ""2026-08-01T01:30:00""}",2026-07-09 12:30:00
652,1,KYC_VERIFIED,"{""document_type"": ""passport"", ""method"": ""document_scan"", ""verified_by"": ""auto_kyc""}",2026-07-09 13:07:00
652,2,CHECKIN,"{""lat"": 26.144, ""lng"": 91.8058, ""location"": ""Srimanta Sankaradeva Kalakshetra""}",2026-07-27 11:30:00
652,3,CHECKOUT,"{""location"": ""En route to Vivanta Guwahati (stay 1)"", ""trip_completed"": true}",2026-08-01 01:30:00
653,0,ID_ISSUED,"{""digital_id"": ""STS-F0F517EEB2E0"", ""document"": ""180858060"", ""name"": ""Olivia Rodriguez"", ""nationality"": ""American"", ""trip_end"": ""2026-07-24T22:45:00""}",2026-07-14 11:45:00
653,1,KYC_VERIFIED,"{""document_type"": ""passport"", ""method"": ""document_scan"", ""verified_by"": ""auto_kyc""}",2026-07-14 11:48:00
653,2,CHECKIN,"{""lat"": 26.12, ""lng"": 91.65, ""location"": ""Deepor Beel Wildlife Sanctuary""}",2026-07-22 10:45:00
653,3,CHECKOUT,"{""location"": ""En route to Deepor Beel Wildlife Sanctuary"", ""trip_completed"": true}",2026-07-24 22:45:00
654,0,ID_ISSUED,"{""digital_id"": ""STS-30D7C6F6C608"", ""document"": ""XXXX-XXXX-4658"", ""name"": ""Junmoni Choudhury"", ""nationality"": ""Indian"", ""trip_end"": ""2026-07-30T15:30:00""}",2026-07-12 10:30:00
654,1,KYC_VERIFIED,"{""document_type"": ""aadhaar"", ""method"": ""document_scan"", ""verified_by"": ""auto_kyc""}",2026-07-12 10:39:00
654,2,CHECKIN,"{""lat"": 25.247, ""lng"": 91.715, ""location"": ""Living Root Bridge, Nongriat""}",2026-07-25 11:30:00
654,3,CHECKOUT,"{""location"": ""En route to Nohkalikai Falls"", ""trip_completed"": true}",2026-07-30 15:30:00
655,0,ID_ISSUED,"{""digital_id"": ""STS-EFBBB119E5DC"", ""document"": ""XXXX-XXXX-7739"", ""name"": ""Sneha Kumar"", ""nationality"": ""Indian"", ""trip_end"": ""2026-09-14T15:45:00""}",2026-08-20 22:45:00
655,1,KYC_VERIFIED,"{""document_type"": ""aadhaar"", ""method"": ""document_scan"", ""verified_by"": ""auto_kyc""}",2026-08-20 23:19:00
655,2,CHECKIN,"{""lat"": 26.1905, ""lng"": 91.748, ""location"": ""Brahmaputra Riverfront""}",2026-09-09 05:45:00
656,0,ID_ISSUED,"{""digital_id"": ""STS-77CF3D1838BD"", ""document"": ""HJ915811"", ""name"": ""Logan Gagnon"", ""nationality"": ""Canadian"", ""trip_end"": ""2026-08-19T17:00:00""}",2026-08-10 12:00:00
656,1,KYC_VERIFIED,"{""document_type"": ""passport"", ""method"": ""document_scan"", ""verified_by"": ""auto_kyc""}",2026-08-10 12:40:00
656,2,CHECKIN,"{""lat"": 26.1824, ""lng"": 91.7513, ""location"": ""Guwahati Railway Station""}",2026-08-16 11:00:00
656,3,CHECKOUT,"{""location"": ""En route to Hotel Rajmahal (stay 1)"", ""trip_completed"": true}",2026-08-19 17:00:00
657,0,ID_ISSUED,"{""digital_id"": ""STS-2F26F4A37EF3"", ""document"": ""C85604977"", ""name"": ""Jonas Wagner"", ""nationality"": ""German"", ""trip_end"": ""2026-09-06T11:30:00""}",2026-08-03 12:30:00
657,1,KYC_VERIFIED,"{""document_type"": ""passport"", ""method"": ""document_scan"", ""verified_by"": ""auto_kyc""}",2026-08-03 12:34:00
657,2,CHECKIN,"{""lat"": 26.1061, ""lng"": 91.5859, ""location"": ""LGB International Airport""}",2026-08-22 05:30:00
658,0,ID_ISSUED,"{""digital_id"": ""STS-D033C85629E6"", ""document"": ""BX6200870"", ""name"": ""Rumana Uddin"", ""nationality"": ""Bangladeshi"", ""trip_end"": ""2026-08-23T19:15:00""}",2026-08-04 16:15:00
658,1,KYC_VERIFIED,"{""document_type"": ""passport"", ""method"": ""document_scan"", ""verified_by"": ""auto_kyc""}",2026-08-04 16:44:00
658,2,CHECKIN,"{""lat"": 26.5775, ""lng"": 93.1711, ""location"": ""Kaziranga National Park""}",2026-08-11 06:15:00
658,3,CHECKOUT,"{""location"": ""Agartala"", ""trip_completed"": true}",2026-08-23 19:15:00
659,0,ID_ISSUED,"{""digital_id"": ""STS-1668B73FFDE7"", ""document"": ""XXXX-XXXX-3276"", ""name"": ""Meera Saikia"", ""nationality"": ""Indian"", ""trip_end"": ""2026-08-30T14:30:00""}",2026-07-28 07:30:00
659,1,KYC_VERIFIED,"{""document_type"": ""aadhaar"", ""method"": ""document_scan"", ""verified_by"": ""auto_kyc""}",2026-07-28 07:32:00
659,2,CHECKIN,"{""lat"": 26.6338, ""lng"": 92.8, ""location"": ""Tezpur""}",2026-08-17 05:30:00
659,3,CHECKOUT,"{""location"": ""Ziro Valley"", ""trip_completed"": true}",2026-08-30 14:30:00
660,0,ID_ISSUED,"{""digital_id"": ""STS-CDD96CB9BF8A"", ""document"": ""XXXX-XXXX-5771"", ""name"": ""Rupam Singh"", ""nationality"": ""Indian"", ""trip_end"": ""2026-09-05T14:45:00""}",2026-08-25 02:45:00
660,1,KYC_VERIFIED,"{""document_type"": ""aadhaar"", ""method"": ""document_scan"", ""verified_by"": ""auto_kyc""}",2026-08-25 03:11:00
660,2,CHECKIN,"{""lat"": 25.9333, ""lng"": 91.4333, ""location"": ""Chandubi Lake""}",2026-08-31 11:45:00
660,3,CHECKOUT,"{""location"": ""En route to Radisson Blu Guwahati (stay 2)"", ""trip_completed"": true}",2026-09-05 14:45:00
661,0,ID_ISSUED,"{""digital_id"": ""STS-72B043C048C3"", ""document"": ""XXXX-XXXX-6543"", ""name"": ""Nikhil Barua"", ""nationality"": ""Indian"", ""trip_end"": ""2026-08-04T13:15:00""}",2026-07-25 20:15:00
661,1,KYC_VERIFIED,"{""document_type"": ""aadhaar"", ""method"": ""document_scan"", ""verified_by"": ""auto_kyc""}",2026-07-25 20:21:00
661,2,CHECKIN,"{""lat"": 26.1061, ""lng"": 91.5859, ""location"": ""LGB International Airport""}",2026-08-02 05:15:00
661,3,CHECKOUT,"{""location"": ""En route to La Maison de Ananda, Majuli (stay 2)"", ""trip_completed"": true}",2026-08-04 13:15:00
662,0,ID_ISSUED,"{""digital_id"": ""STS-9E0696BFBC83"", ""document"": ""Z9044956"", ""name"": ""Ishita Bhattacharya"", ""nationality"": ""Indian"", ""trip_end"": ""2026-09-15T19:45:00""}",2026-08-15 08:45:00
662,1,KYC_VERIFIED,"{""document_type"": ""passport"", ""method"": ""document_scan"", ""verified_by"": ""auto_kyc""}",2026-08-15 08:49:00
662,2,CHECKIN,"{""lat"": 26.1061, ""lng"": 91.5859, ""location"": ""LGB International Airport""}",2026-09-03 07:45:00
663,0,ID_ISSUED,"{""digital_id"": ""STS-10FF244D2082"", ""document"": ""BX1750927"", ""name"": ""Rumana Alam"", ""nationality"": ""Bangladeshi"", ""trip_end"": ""2026-08-25T16:45:00""}",2026-07-19 10:45:00
663,1,KYC_VERIFIED,"{""document_type"": ""passport"", ""method"": ""document_scan"", ""verified_by"": ""auto_kyc""}",2026-07-19 11:12:00
663,2,CHECKIN,"{""lat"": 23.7271, ""lng"": 92.7176, ""location"": ""Aizawl""}",2026-08-10 05:45:00
663,3,CHECKOUT,"{""location"": ""Gangtok"", ""trip_completed"": true}",2026-08-25 16:45:00
664,0,ID_ISSUED,"{""digital_id"": ""STS-7F9973CFE8B4"", ""document"": ""XXXX-XXXX-6315"", ""name"": ""Rituparna Sharma"", ""nationality"": ""Indian"", ""trip_end"": ""2026-07-25T22:15:00""}",2026-07-16 15:15:00
664,1,KYC_VERIFIED,"{""document_type"": ""aadhaar"", ""method"": ""document_scan"", ""verified_by"": ""auto_kyc""}",2026-07-16 15:26:00
664,2,CHECKIN,"{""lat"": 26.1964, ""lng"": 91.7453, ""location"": ""Umananda Island""}",2026-07-23 10:15:00
664,3,CHECKOUT,"{""location"": ""Dighalipukhuri"", ""trip_completed"": true}",2026-07-25 22:15:00
665,0,ID_ISSUED,"{""digital_id"": ""STS-31CBAF5E3476"", ""document"": ""NP4940060"", ""name"": ""Anjana Gurung"", ""nationality"": ""Nepali"", ""trip_end"": ""2026-09-09T13:15:00""}",2026-09-06 02:15:00
665,1,KYC_VERIFIED,"{""document_type"": ""passport"", ""method"": ""document_scan"", ""verified_by"": ""auto_kyc""}",2026-09-06 02:52:00
665,2,CHECKIN,"{""lat"": 26.142, ""lng"": 91.79, ""location"": ""Dispur Secretariat""}",2026-09-06 09:15:00
666,0,ID_ISSUED,"{""digital_id"": ""STS-2149238294FE"", ""document"": ""XXXX-XXXX-7078"", ""name"": ""Tanvi Das"", ""nationality"": ""Indian"", ""trip_end"": ""2026-09-06T19:15:00""}",2026-08-23 04:15:00
666,1,KYC_VERIFIED,"{""document_type"": ""aadhaar"", ""method"": ""document_scan"", ""verified_by"": ""auto_kyc""}",2026-08-23 04:33:00
666,2,CHECKIN,"{""lat"": 26.09, ""lng"": 91.59, ""location"": ""Accoland Water Park""}",2026-09-02 06:15:00
667,0,ID_ISSUED,"{""digital_id"": ""STS-4F28F48AD16C"", ""document"": ""XXXX-XXXX-1031"", ""name"": ""Jayanta Rajkhowa"", ""nationality"": ""Indian"", ""trip_end"": ""2026-08-24T23:45:00""}",2026-07-31 07:45:00
667,1,KYC_VERIFIED,"{""document_type"": ""aadhaar"", ""method"": ""document_scan"", ""verified_by"": ""auto_kyc""}",2026-07-31 08:07:00
667,2,CHECKIN,"{""lat"": 26.1667, ""lng"": 91.5667, ""location"": ""Sualkuchi Silk Village""}",2026-08-21 10:45:00
667,3,CHECKOUT,"{""location"": ""Uzan Bazar Ghat"", ""trip_completed"": true}",2026-08-24 23:45:00
668,0,ID_ISSUED,"{""digital_id"": ""STS-CDEA69F7AE60"", ""document"": ""XXXX-XXXX-5557"", ""name"": ""Kavya Ghosh"", ""nationality"": ""Indian"", ""trip_end"": ""2026-08-26T13:45:00""}",2026-08-19 16:45:00
668,1,KYC_VERIFIED,"{""document_type"": ""aadhaar"", ""method"": ""document_scan"", ""verified_by"": ""auto_kyc""}",2026-08-19 16:59:00
668,2,CHECKIN,"{""lat"": 26.1749, ""lng"": 91.7789, ""location"": ""Navagraha Temple""}",2026-08-23 08:45:00
668,3,CHECKOUT,"{""location"": ""En route to Hotel Nandan (stay 1)"", ""trip_completed"": true}",2026-08-26 13:45:00
669,0,ID_ISSUED,"{""digital_id"": ""STS-0BBC0373ED54"", ""document"": ""XXXX-XXXX-2043"", ""name"": ""Anurag Patel"", ""nationality"": ""Indian"", ""trip_end"": ""2026-09-09T10:45:00""}",2026-08-31 05:45:00
669,1,KYC_VERIFIED,"{""document_type"": ""aadhaar"", ""method"": ""document_scan"", ""verified_by"": ""auto_kyc""}",2026-08-31 05:56:00
669,2,CHECKIN,"{""lat"": 26.1856, ""lng"": 91.7455, ""location"": ""Pan Bazaar""}",2026-09-05 05:45:00
670,0,ID_ISSUED,"{""digital_id"": ""STS-C6921018C5D7"", ""document"": ""18938054"", ""name"": ""Tamar Peretz"", ""nationality"": ""Israeli"", ""trip_end"": ""2026-08-04T19:30:00""}",2026-07-05 01:30:00
670,1,KYC_VERIFIED,"{""document_type"": ""passport"", ""method"": ""document_scan"", ""verified_by"": ""auto_kyc""}",2026-07-05 02:03:00
670,2,CHECKIN,"{""lat"": 24.817, ""lng"": 93.9368, ""location"": ""Imphal""}",2026-07-25 11:30:00
670,3,CHECKOUT,"{""location"": ""Gangtok"", ""trip_completed"": true}",2026-08-04 19:30:00
671,0,ID_ISSUED,"{""digital_id"": ""STS-7D60411A0B0A"", ""document"": ""XXXX-XXXX-6575"", ""name"": ""Tanvi Kalita"", ""nationality"": ""Indian"", ""trip_end"": ""2026-08-04T15:00:00""}",2026-07-19 05:00:00
671,1,KYC_VERIFIED,"{""document_type"": ""aadhaar"", ""method"": ""document_scan"", ""verified_by"": ""auto_kyc""}",2026-07-19 05:06:00
671,2,CHECKIN,"{""lat"": 26.1856, ""lng"": 91.7625, ""location"": ""Guwahati Planetarium""}",2026-08-02 05:00:00
671,3,CHECKOUT,"{""location"": ""En route to Guwahati Planetarium"", ""trip_completed"": true}",2026-08-04 15:00:00
672,0,ID_ISSUED,"{""digital_id"": ""STS-7705FCA43835"", ""document"": ""XXXX-XXXX-1934"", ""name"": ""Divya Reddy"", ""nationality"": ""Indian"", ""trip_end"": ""2026-08-14T21:00:00""}",2026-08-06 21:00:00
672,1,KYC_VERIFIED,"{""document_type"": ""aadhaar"", ""method"": ""document_scan"", ""verified_by"": ""auto_kyc""}",2026-08-06 21:24:00
672,2,CHECKIN,"{""lat"": 26.135, ""lng"": 91.805, ""location"": ""Six Mile""}",2026-08-13 10:00:00
672,3,CHECKOUT,"{""location"": ""En route to Six Mile"", ""trip_completed"": true}",2026-08-14 21:00:00
673,0,ID_ISSUED,"{""digital_id"": ""STS-8AEE253B396B"", ""document"": ""XXXX-XXXX-8654"", ""name"": ""Utpal Banerjee"", ""nationality"": ""Indian"", ""trip_end"": ""2026-09-17T17:45:00""}",2026-09-06 15:45:00
673,1,KYC_VERIFIED,"{""document_type"": ""aadhaar"", ""method"": ""document_scan"", ""verified_by"": ""auto_kyc""}",2026-09-06 16:26:00
673,2,CHECKIN,"{""lat"": 27.3314, ""lng"": 88.6138, ""location"": ""Gangtok""}",2026-09-07 06:45:00
674,0,ID_ISSUED,"{""digital_id"": ""STS-2EAC80A04EC8"", ""document"": ""811514359"", ""name"": ""Oliver Walker"", ""nationality"": ""British"", ""trip_end"": ""2026-09-13T20:15:00""}",2026-08-23 21:15:00
674,1,KYC_VERIFIED,"{""document_type"": ""passport"", ""method"": ""document_scan"", ""verified_by"": ""auto_kyc""}",2026-08-23 21:36:00
674,2,CHECKIN,"{""lat"": 25.19, ""lng"": 92.02, ""location"": ""Dawki / Umngot River""}",2026-09-07 07:15:00
675,0,ID_ISSUED,"{""digital_id"": ""STS-2797BDEA2806"", ""document"": ""Z4690549"", ""name"": ""Rupam Singh"", ""nationality"": ""Indian"", ""trip_end"": ""2026-09-06T00:30:00""}",2026-08-15 10:30:00
675,1,KYC_VERIFIED,"{""document_type"": ""passport"", ""method"": ""document_scan"", ""verified_by"": ""auto_kyc""}",2026-08-15 11:05:00
675,2,CHECKIN,"{""lat"": 26.1861, ""lng"": 91.7503, ""location"": ""Dighalipukhuri""}",2026-09-03 10:30:00
676,0,ID_ISSUED,"{""digital_id"": ""STS-3F5ACD24B99C"", ""document"": ""XXXX-XXXX-9338"", ""name"": ""Tanvi Patel"", ""nationality"": ""Indian"", ""trip_end"": ""2026-08-25T09:30:00""}",2026-08-17 03:30:00
676,1,KYC_VERIFIED,"{""document_type"": ""aadhaar"", ""method"": ""document_scan"", ""verified_by"": ""auto_kyc""}",2026-08-17 04:01:00
676,2,CHECKIN,"{""lat"": 26.9826, ""lng"": 94.6425, ""location"": ""Sivasagar""}",2026-08-18 06:30:00
676,3,CHECKOUT,"{""location"": ""LGB International Airport"", ""trip_completed"": true}",2026-08-25 09:30:00
677,0,ID_ISSUED,"{""digital_id"": ""STS-AAE0DE16AB4D"", ""document"": ""XXXX-XXXX-3324"", ""name"": ""Rupam Patel"", ""nationality"": ""Indian"", ""trip_end"": ""2026-09-04T11:15:00""}",2026-08-16 15:15:00
677,1,KYC_VERIFIED,"{""document_type"": ""aadhaar"", ""method"": ""document_scan"", ""verified_by"": ""auto_kyc""}",2026-08-16 15:25:00
677,2,CHECKIN,"{""lat"": 26.1905, ""lng"": 91.748, ""location"": ""Brahmaputra Riverfront""}",2026-08-30 06:15:00
677,3,CHECKOUT,"{""location"": ""Gandhi Mandap, Sarania Hill"", ""trip_completed"": true}",2026-09-04 11:15:00
678,0,ID_ISSUED,"{""digital_id"": ""STS-032D91CE760C"", ""document"": ""560882919"", ""name"": ""Emily Wilson"", ""nationality"": ""American"", ""trip_end"": ""2026-07-29T16:00:00""}",2026-07-04 08:00:00
678,1,KYC_VERIFIED,"{""document_type"": ""passport"", ""method"": ""document_scan"", ""verified_by"": ""auto_kyc""}",2026-07-04 08:42:00
678,2,CHECKIN,"{""lat"": 26.1664, ""lng"": 91.7055, ""location"": ""Kamakhya Temple""}",2026-07-25 07:00:00
678,3,CHECKOUT,"{""location"": ""En route to Fancy Bazaar"", ""trip_completed"": true}",2026-07-29 16:00:00
679,0,ID_ISSUED,"{""digital_id"": ""STS-B7001D4F4E66"", ""document"": ""XXXX-XXXX-1112"", ""name"": ""Kabir Nath"", ""nationality"": ""Indian"", ""trip_end"": ""2026-08-22T18:15:00""}",2026-08-08 09:15:00
679,1,KYC_VERIFIED,"{""document_type"": ""aadhaar"", ""method"": ""document_scan"", ""verified_by"": ""auto_kyc""}",2026-08-08 09:37:00
679,2,CHECKIN,"{""lat"": 26.1964, ""lng"": 91.7453, ""location"": ""Umananda Island""}",2026-08-20 07:15:00
679,3,CHECKOUT,"{""location"": ""Gandhi Mandap, Sarania Hill"", ""trip_completed"": true}",2026-08-22 18:15:00
680,0,ID_ISSUED,"{""digital_id"": ""STS-DBE9AC7B2B88"", ""document"": ""BX7990158"", ""name"": ""Ayesha Hossain"", ""nationality"": ""Bangladeshi"", ""trip_end"": ""2026-09-10T11:00:00""}",2026-08-20 15:00:00
680,1,KYC_VERIFIED,"{""document_type"": ""passport"", ""method"": ""document_scan"", ""verified_by"": ""auto_kyc""}",2026-08-20 15:05:00
680,2,CHECKIN,"{""lat"": 26.1824, ""lng"": 91.7513, ""location"": ""Guwahati Railway Station""}",2026-09-08 06:00:00
681,0,ID_ISSUED,"{""digital_id"": ""STS-EB1E54F6BEF3"", ""document"": ""AA7616364"", ""name"": ""Nattapong Thongchai"", ""nationality"": ""Thai"", ""trip_end"": ""2026-08-21T17:00:00""}",2026-08-16 12:00:00
681,1,KYC_VERIFIED,"{""document_type"": ""passport"", ""method"": ""document_scan"", ""verified_by"": ""auto_kyc""}",2026-08-16 12:42:00
681,2,CHECKIN,"{""lat"": 26.144, ""lng"": 91.8058, ""location"": ""Srimanta Sankaradeva Kalakshetra""}",2026-08-18 06:00:00
681,3,CHECKOUT,"{""location"": ""En route to Hotel Polo Towers, Shillong (stay 1)"", ""trip_completed"": true}",2026-08-21 17:00:00
682,0,ID_ISSUED,"{""digital_id"": ""STS-8AB56FEA87F4"", ""document"": ""XXXX-XXXX-4094"", ""name"": ""Anjali Singh"", ""nationality"": ""Indian"", ""trip_end"": ""2026-09-06T12:30:00""}",2026-08-24 14:30:00
682,1,KYC_VERIFIED,"{""document_type"": ""aadhaar"", ""method"": ""document_scan"", ""verified_by"": ""auto_kyc""}",2026-08-24 15:10:00
682,2,CHECKIN,"{""lat"": 25.276, ""lng"": 91.6857, ""location"": ""Nohkalikai Falls""}",2026-08-29 06:30:00
683,0,ID_ISSUED,"{""digital_id"": ""STS-5FA6EC7285D3"", ""document"": ""Z1101278"", ""name"": ""Priya Barua"", ""nationality"": ""Indian"", ""trip_end"": ""2026-08-25T19:30:00""}",2026-08-02 06:30:00
683,1,KYC_VERIFIED,"{""document_type"": ""passport"", ""method"": ""document_scan"", ""verified_by"": ""auto_kyc""}",2026-08-02 06:35:00
683,2,CHECKIN,"{""lat"": 26.1836, ""lng"": 91.7434, ""location"": ""Fancy Bazaar""}",2026-08-22 07:30:00
683,3,CHECKOUT,"{""location"": ""En route to Hotel Rajmahal (stay 1)"", ""trip_completed"": true}",2026-08-25 19:30:00
684,0,ID_ISSUED,"{""digital_id"": ""STS-7ECDEF009EEC"", ""document"": ""132164736"", ""name"": ""Anastasia Smirnov"", ""nationality"": ""Russian"", ""trip_end"": ""2026-08-13T09:00:00""}",2026-07-14 20:00:00
684,1,KYC_VERIFIED,"{""document_type"": ""passport"", ""method"": ""document_scan"", ""verified_by"": ""auto_kyc""}",2026-07-14 20:31:00
684,2,CHECKIN,"{""lat"": 27.5861, ""lng"": 91.8594, ""location"": ""Tawang Monastery""}",2026-08-04 07:00:00
684,3,CHECKOUT,"{""location"": ""Ziro Valley"", ""trip_completed"": true}",2026-08-13 09:00:00
685,0,ID_ISSUED,"{""digital_id"": ""STS-0D35FB0D27BB"", ""document"": ""385354441"", ""name"": ""Emily Davis"", ""nationality"": ""American"", ""trip_end"": ""2026-09-07T00:15:00""}",2026-08-19 18:15:00
685,1,KYC_VERIFIED,"{""document_type"": ""passport"", ""method"": ""document_scan"", ""verified_by"": ""auto_kyc""}",2026-08-19 18:30:00
685,2,CHECKIN,"{""lat"": 26.1749, ""lng"": 91.7789, ""location"": ""Navagraha Temple""}",2026-09-01 10:15:00
686,0,ID_ISSUED,"{""digital_id"": ""STS-C6AED391C6DC"", ""document"": ""BX0487315"", ""name"": ""Mahmuda Islam"", ""nationality"": ""Bangladeshi"", ""trip_end"": ""2026-08-30T08:00:00""}",2026-08-02 11:00:00
686,1,KYC_VERIFIED,"{""document_type"": ""passport"", ""method"": ""document_scan"", ""verified_by"": ""auto_kyc""}",2026-08-02 11:39:00
686,2,CHECKIN,"{""lat"": 25.247, ""lng"": 91.715, ""location"": ""Living Root Bridge, Nongriat""}",2026-08-20 06:00:00
686,3,CHECKOUT,"{""location"": ""En route to Diphlu River Lodge, Kaziranga (stay 2)"", ""trip_completed"": true}",2026-08-30 08:00:00
687,0,ID_ISSUED,"{""digital_id"": ""STS-9CDA8FDC60E8"", ""document"": ""Z3866056"", ""name"": ""Vikram Hazarika"", ""nationality"": ""Indian"", ""trip_end"": ""2026-08-28T18:45:00""}",2026-08-11 09:45:00
687,1,KYC_VERIFIED,"{""document_type"": ""passport"", ""method"": ""document_scan"", ""verified_by"": ""auto_kyc""}",2026-08-11 10:13:00
687,2,CHECKIN,"{""lat"": 26.7509, ""lng"": 94.2037, ""location"": ""Jorhat""}",2026-08-16 07:45:00
687,3,CHECKOUT,"{""location"": ""Nameri National Park"", ""trip_completed"": true}",2026-08-28 18:45:00
688,0,ID_ISSUED,"{""digital_id"": ""STS-6C6747CBB3DD"", ""document"": ""XXXX-XXXX-1945"", ""name"": ""Anjali Baishya"", ""nationality"": ""Indian"", ""trip_end"": ""2026-08-18T21:15:00""}",2026-08-15 15:15:00
688,1,KYC_VERIFIED,"{""document_type"": ""aadhaar"", ""method"": ""document_scan"", ""verified_by"": ""auto_kyc""}",2026-08-15 15:20:00
688,2,CHECKIN,"{""lat"": 26.1061, ""lng"": 91.5859, ""location"": ""LGB International Airport""}",2026-08-16 11:15:00
688,3,CHECKOUT,"{""location"": ""En route to Guwahati Railway Station"", ""trip_completed"": true}",2026-08-18 21:15:00
689,0,ID_ISSUED,"{""digital_id"": ""STS-7AB2EB220E1F"", ""document"": ""XXXX-XXXX-5656"", ""name"": ""Simanta Rajkhowa"", ""nationality"": ""Indian"", ""trip_end"": ""2026-08-28T01:45:00""}",2026-08-11 05:45:00
689,1,KYC_VERIFIED,"{""document_type"": ""aadhaar"", ""method"": ""document_scan"", ""verified_by"": ""auto_kyc""}",2026-08-11 06:04:00
689,2,CHECKIN,"{""lat"": 26.144, ""lng"": 91.8058, ""location"": ""Srimanta Sankaradeva Kalakshetra""}",2026-08-25 11:45:00
689,3,CHECKOUT,"{""location"": ""En route to Brahmaputra Jungle Resort (stay 1)"", ""trip_completed"": true}",2026-08-28 01:45:00
690,0,ID_ISSUED,"{""digital_id"": ""STS-61983F27ACCE"", ""document"": ""XXXX-XXXX-6848"", ""name"": ""Meera Patel"", ""nationality"": ""Indian"", ""trip_end"": ""2026-08-03T16:00:00""}",2026-07-19 11:00:00
690,1,KYC_VERIFIED,"{""document_type"": ""aadhaar"", ""method"": ""document_scan"", ""verified_by"": ""auto_kyc""}",2026-07-19 11:44:00
690,2,CHECKIN,"{""lat"": 26.1132, ""lng"": 91.797, ""location"": ""Basistha Temple""}",2026-07-29 06:00:00
690,3,CHECKOUT,"{""location"": ""En route to Radisson Blu Guwahati (stay 1)"", ""trip_completed"": true}",2026-08-03 16:00:00
691,0,ID_ISSUED,"{""digital_id"": ""STS-C8EA8D2FD363"", ""document"": ""XXXX-XXXX-8301"", ""name"": ""Arjun Bora"", ""nationality"": ""Indian"", ""trip_end"": ""2026-08-04T22:30:00""}",2026-07-27 13:30:00
691,1,KYC_VERIFIED,"{""document_type"": ""aadhaar"", ""method"": ""document_scan"", ""verified_by"": ""auto_kyc""}",2026-07-27 13:32:00
691,2,CHECKIN,"{""lat"": 26.147, ""lng"": 91.79, ""location"": ""Ganeshguri Junction""}",2026-08-03 10:30:00
691,3,CHECKOUT,"{""location"": ""En route to Dolma Homestay, Tawang (stay 1)"", ""trip_completed"": true}",2026-08-04 22:30:00
692,0,ID_ISSUED,"{""digital_id"": ""STS-06243C65C479"", ""document"": ""BX8492343"", ""name"": ""Nusrat Ahmed"", ""nationality"": ""Bangladeshi"", ""trip_end"": ""2026-08-16T16:00:00""}",2026-07-23 23:00:00
692,1,KYC_VERIFIED,"{""document_type"": ""passport"", ""method"": ""document_scan"", ""verified_by"": ""auto_kyc""}",2026-07-23 23:25:00
692,2,CHECKIN,"{""lat"": 26.92, ""lng"": 92.88, ""location"": ""Nameri National Park""}",2026-08-04 05:00:00
692,3,CHECKOUT,"{""location"": ""Majuli River Island"", ""trip_completed"": true}",2026-08-16 16:00:00
693,0,ID_ISSUED,"{""digital_id"": ""STS-20BA91B94D72"", ""document"": ""XRZ6512943"", ""name"": ""Chandana Phukan"", ""nationality"": ""Indian"", ""trip_end"": ""2026-08-18T13:45:00""}",2026-07-31 13:45:00
693,1,KYC_VERIFIED,"{""document_type"": ""voterid"", ""method"": ""document_scan"", ""verified_by"": ""auto_kyc""}",2026-07-31 14:16:00
693,2,CHECKIN,"{""lat"": 26.147, ""lng"": 91.79, ""location"": ""Ganeshguri Junction""}",2026-08-15 10:45:00
693,3,CHECKOUT,"{""location"": ""En route to Hotel Dynasty, Lakhtokia (stay 1)"", ""trip_completed"": true}",2026-08-18 13:45:00
694,0,ID_ISSUED,"{""digital_id"": ""STS-7A13CC61C837"", ""document"": ""XXXX-XXXX-5745"", ""name"": ""Nikhil Phukan"", ""nationality"": ""Indian"", ""trip_end"": ""2026-08-08T16:00:00""}",2026-07-25 07:00:00
694,1,KYC_VERIFIED,"{""document_type"": ""aadhaar"", ""method"": ""document_scan"", ""verified_by"": ""auto_kyc""}",2026-07-25 07:19:00
694,2,CHECKIN,"{""lat"": 26.1857, ""lng"": 91.7481, ""location"": ""Assam State Museum""}",2026-08-04 09:00:00
694,3,CHECKOUT,"{""location"": ""En route to Radisson Blu Guwahati (stay 1)"", ""trip_completed"": true}",2026-08-08 16:00:00
695,0,ID_ISSUED,"{""digital_id"": ""STS-CC080D6312D1"", ""document"": ""Z9575695"", ""name"": ""Siddharth Mishra"", ""nationality"": ""Indian"", ""trip_end"": ""2026-08-18T12:45:00""}",2026-07-27 17:45:00
695,1,KYC_VERIFIED,"{""document_type"": ""passport"", ""method"": ""document_scan"", ""verified_by"": ""auto_kyc""}",2026-07-27 18:13:00
695,2,CHECKIN,"{""lat"": 26.1664, ""lng"": 91.7055, ""location"": ""Kamakhya Temple""}",2026-08-12 06:45:00
695,3,CHECKOUT,"{""location"": ""En route to Navagraha Temple"", ""trip_completed"": true}",2026-08-18 12:45:00
696,0,ID_ISSUED,"{""digital_id"": ""STS-E93CADAA6070"", ""document"": ""NP3754336"", ""name"": ""Prakash Thapa"", ""nationality"": ""Nepali"", ""trip_end"": ""2026-09-11T20:30:00""}",2026-08-24 06:30:00
696,1,KYC_VERIFIED,"{""document_type"": ""passport"", ""method"": ""document_scan"", ""verified_by"": ""auto_kyc""}",2026-08-24 06:52:00
696,2,CHECKIN,"{""lat"": 26.6338, ""lng"": 92.8, ""location"": ""Tezpur""}",2026-09-01 08:30:00
697,0,ID_ISSUED,"{""digital_id"": ""STS-B730C0DFBBA8"", ""document"": ""XXXX-XXXX-9561"", ""name"": ""Mridula Das"", ""nationality"": ""Indian"", ""trip_end"": ""2026-08-28T16:00:00""}",2026-08-06 04:00:00
697,1,KYC_VERIFIED,"{""document_type"": ""aadhaar"", ""method"": ""document_scan"", ""verified_by"": ""auto_kyc""}",2026-08-06 04:23:00
697,2,CHECKIN,"{""lat"": 26.175, ""lng"": 91.758, ""location"": ""Gandhi Mandap, Sarania Hill""}",2026-08-24 09:00:00
697,3,CHECKOUT,"{""location"": ""En route to Ginger Guwahati (stay 1)"", ""trip_completed"": true}",2026-08-28 16:00:00
698,0,ID_ISSUED,"{""digital_id"": ""STS-A76395DE86EE"", ""document"": ""XXXX-XXXX-2661"", ""name"": ""Nikhil Kalita"", ""nationality"": ""Indian"", ""trip_end"": ""2026-07-30T12:15:00""}",2026-07-19 01:15:00
698,1,KYC_VERIFIED,"{""document_type"": ""aadhaar"", ""method"": ""document_scan"", ""verified_by"": ""auto_kyc""}",2026-07-19 01:54:00
698,2,CHECKIN,"{""lat"": 27.5861, ""lng"": 91.8594, ""location"": ""Tawang Monastery""}",2026-07-22 06:15:00
698,3,CHECKOUT,"{""location"": ""Ziro Valley"", ""trip_completed"": true}",2026-07-30 12:15:00
699,0,ID_ISSUED,"{""digital_id"": ""STS-3ADCC301C299"", ""document"": ""Z0171101"", ""name"": ""Jayanta Ghosh"", ""nationality"": ""Indian"", ""trip_end"": ""2026-08-09T13:45:00""}",2026-07-26 07:45:00
699,1,KYC_VERIFIED,"{""document_type"": ""passport"", ""method"": ""document_scan"", ""verified_by"": ""auto_kyc""}",2026-07-26 07:54:00
699,2,CHECKIN,"{""lat"": 26.1824, ""lng"": 91.7513, ""location"": ""Guwahati Railway Station""}",2026-07-28 05:45:00
699,3,CHECKOUT,"{""location"": ""Ziro Valley"", ""trip_completed"": true}",2026-08-09 13:45:00
700,0,ID_ISSUED,"{""digital_id"": ""STS-8AF4A57BDB25"", ""document"": ""XXXX-XXXX-3079"", ""name"": ""Hemanta Barua"", ""nationality"": ""Indian"", ""trip_end"": ""2026-09-02T15:45:00""}",2026-08-07 16:45:00
700,1,KYC_VERIFIED,"{""document_type"": ""aadhaar"", ""method"": ""document_scan"", ""verified_by"": ""auto_kyc""}",2026-08-07 17:22:00
700,2,CHECKIN,"{""lat"": 27.5861, ""lng"": 91.8594, ""location"": ""Tawang Monastery""}",2026-08-26 11:45:00
700,3,CHECKOUT,"{""location"": ""Ziro Valley"", ""trip_completed"": true}",2026-09-02 15:45:00
701,0,ID_ISSUED,"{""digital_id"": ""STS-EAD59F802604"", ""document"": ""Z8696821"", ""name"": ""Vikram Medhi"", ""nationality"": ""Indian"", ""trip_end"": ""2026-08-31T11:30:00""}",2026-08-26 10:30:00
701,1,KYC_VERIFIED,"{""document_type"": ""passport"", ""method"": ""document_scan"", ""verified_by"": ""auto_kyc""}",2026-08-26 11:07:00
701,2,CHECKIN,"{""lat"": 26.1856, ""lng"": 91.7455, ""location"": ""Pan Bazaar""}",2026-08-28 06:30:00
701,3,CHECKOUT,"{""location"": ""Sualkuchi Silk Village"", ""trip_completed"": true}",2026-08-31 11:30:00
702,0,ID_ISSUED,"{""digital_id"": ""STS-949962BE2827"", ""document"": ""XXXX-XXXX-9226"", ""name"": ""Siddharth Iyer"", ""nationality"": ""Indian"", ""trip_end"": ""2026-08-29T16:15:00""}",2026-08-03 19:15:00
702,1,KYC_VERIFIED,"{""document_type"": ""aadhaar"", ""method"": ""document_scan"", ""verified_by"": ""auto_kyc""}",2026-08-03 19:50:00
702,2,CHECKIN,"{""lat"": 26.178, ""lng"": 91.786, ""location"": ""Assam State Zoo & Botanical Garden""}",2026-08-25 06:15:00
702,3,CHECKOUT,"{""location"": ""En route to Deepor Beel Wildlife Sanctuary"", ""trip_completed"": true}",2026-08-29 16:15:00
703,0,ID_ISSUED,"{""digital_id"": ""STS-964FAB39FAD7"", ""document"": ""XXXX-XXXX-2087"", ""name"": ""Manish Ghosh"", ""nationality"": ""Indian"", ""trip_end"": ""2026-08-07T12:15:00""}",2026-07-06 15:15:00
703,1,KYC_VERIFIED,"{""document_type"": ""aadhaar"", ""method"": ""document_scan"", ""verified_by"": ""auto_kyc""}",2026-07-06 15:29:00
703,2,CHECKIN,"{""lat"": 26.1824, ""lng"": 91.7513, ""location"": ""Guwahati Railway Station""}",2026-07-27 06:15:00
703,3,CHECKOUT,"{""location"": ""Ziro Valley"", ""trip_completed"": true}",2026-08-07 12:15:00
704,0,ID_ISSUED,"{""digital_id"": ""STS-F72C80887790"", ""document"": ""Z8025678"", ""name"": ""Kavya Mishra"", ""nationality"": ""Indian"", ""trip_end"": ""2026-08-23T10:00:00""}",2026-08-10 10:00:00
704,1,KYC_VERIFIED,"{""document_type"": ""passport"", ""method"": ""document_scan"", ""verified_by"": ""auto_kyc""}",2026-08-10 10:34:00
704,2,CHECKIN,"{""lat"": 26.135, ""lng"": 91.805, ""location"": ""Six Mile""}",2026-08-21 06:00:00
704,3,CHECKOUT,"{""location"": ""En route to Six Mile"", ""trip_completed"": true}",2026-08-23 10:00:00
705,0,ID_ISSUED,"{""digital_id"": ""STS-1C5BB69B920B"", ""document"": ""Z0643418"", ""name"": ""Nabanita Verma"", ""nationality"": ""Indian"", ""trip_end"": ""2026-08-07T12:15:00""}",2026-07-23 20:15:00
705,1,KYC_VERIFIED,"{""document_type"": ""passport"", ""method"": ""document_scan"", ""verified_by"": ""auto_kyc""}",2026-07-23 20:37:00
705,2,CHECKIN,"{""lat"": 26.12, ""lng"": 91.65, ""location"": ""Deepor Beel Wildlife Sanctuary""}",2026-08-05 05:15:00
705,3,CHECKOUT,"{""location"": ""Pobitora Wildlife Sanctuary"", ""trip_completed"": true}",2026-08-07 12:15:00
706,0,ID_ISSUED,"{""digital_id"": ""STS-4A30B2A1F351"", ""document"": ""XXXX-XXXX-5893"", ""name"": ""Siddharth Barua"", ""nationality"": ""Indian"", ""trip_end"": ""2026-09-04T13:30:00""}",2026-08-19 22:30:00
706,1,KYC_VERIFIED,"{""document_type"": ""aadhaar"", ""method"": ""document_scan"", ""verified_by"": ""auto_kyc""}",2026-08-19 22:55:00
706,2,CHECKIN,"{""lat"": 26.09, ""lng"": 91.59, ""location"": ""Accoland Water Park""}",2026-08-30 11:30:00
706,3,CHECKOUT,"{""location"": ""En route to Accoland Water Park"", ""trip_completed"": true}",2026-09-04 13:30:00
707,0,ID_ISSUED,"{""digital_id"": ""STS-254B52F6980F"", ""document"": ""381979940"", ""name"": ""Ashley Brown"", ""nationality"": ""American"", ""trip_end"": ""2026-09-10T17:15:00""}",2026-08-15 21:15:00
707,1,KYC_VERIFIED,"{""document_type"": ""passport"", ""method"": ""document_scan"", ""verified_by"": ""auto_kyc""}",2026-08-15 21:51:00
707,2,CHECKIN,"{""lat"": 26.6338, ""lng"": 92.8, ""location"": ""Tezpur""}",2026-09-01 08:15:00
708,0,ID_ISSUED,"{""digital_id"": ""STS-448DDB457D98"", ""document"": ""XXXX-XXXX-5293"", ""name"": ""Tanvi Phukan"", ""nationality"": ""Indian"", ""trip_end"": ""2026-09-05T19:30:00""}",2026-08-10 20:30:00
708,1,KYC_VERIFIED,"{""document_type"": ""aadhaar"", ""method"": ""document_scan"", ""verified_by"": ""auto_kyc""}",2026-08-10 21:02:00
708,2,CHECKIN,"{""lat"": 26.09, ""lng"": 91.59, ""location"": ""Accoland Water Park""}",2026-08-31 08:30:00
709,0,ID_ISSUED,"{""digital_id"": ""STS-7178E949BDF2"", ""document"": ""XXXX-XXXX-8711"", ""name"": ""Gitanjali Deka"", ""nationality"": ""Indian"", ""trip_end"": ""2026-09-11T19:15:00""}",2026-08-29 23:15:00
709,1,KYC_VERIFIED,"{""document_type"": ""aadhaar"", ""method"": ""document_scan"", ""verified_by"": ""auto_kyc""}",2026-08-29 23:57:00
709,2,CHECKIN,"{""lat"": 26.144, ""lng"": 91.8058, ""location"": ""Srimanta Sankaradeva Kalakshetra""}",2026-09-09 05:15:00
710,0,ID_ISSUED,"{""digital_id"": ""STS-EF4D4577D759"", ""document"": ""XXXX-XXXX-5829"", ""name"": ""Siddharth Iyer"", ""nationality"": ""Indian"", ""trip_end"": ""2026-07-31T18:15:00""}",2026-07-18 00:15:00
710,1,KYC_VERIFIED,"{""document_type"": ""aadhaar"", ""method"": ""document_scan"", ""verified_by"": ""auto_kyc""}",2026-07-18 00:50:00
710,2,CHECKIN,"{""lat"": 26.1824, ""lng"": 91.7513, ""location"": ""Guwahati Railway Station""}",2026-07-30 06:15:00
710,3,CHECKOUT,"{""location"": ""En route to Guwahati Railway Station"", ""trip_completed"": true}",2026-07-31 18:15:00
711,0,ID_ISSUED,"{""digital_id"": ""STS-7D96C43A039F"", ""document"": ""XXXX-XXXX-3824"", ""name"": ""Utpal Medhi"", ""nationality"": ""Indian"", ""trip_end"": ""2026-08-07T15:15:00""}",2026-07-15 21:15:00
711,1,KYC_VERIFIED,"{""document_type"": ""aadhaar"", ""method"": ""document_scan"", ""verified_by"": ""auto_kyc""}",2026-07-15 21:47:00
711,2,CHECKIN,"{""lat"": 27.5448, ""lng"": 93.832, ""location"": ""Ziro Valley""}",2026-07-30 08:15:00
711,3,CHECKOUT,"{""location"": ""Tawang Monastery"", ""trip_completed"": true}",2026-08-07 15:15:00
712,0,ID_ISSUED,"{""digital_id"": ""STS-46ED07BB947F"", ""document"": ""XXXX-XXXX-3909"", ""name"": ""Manish Gogoi"", ""nationality"": ""Indian"", ""trip_end"": ""2026-08-24T13:30:00""}",2026-08-15 18:30:00
712,1,KYC_VERIFIED,"{""document_type"": ""aadhaar"", ""method"": ""document_scan"", ""verified_by"": ""auto_kyc""}",2026-08-15 18:55:00
712,2,CHECKIN,"{""lat"": 26.19, ""lng"": 91.759, ""location"": ""Uzan Bazar Ghat""}",2026-08-22 08:30:00
712,3,MARKED_MISSING,"{""last_lat"": 26.170445, ""last_lng"": 91.770529}",2026-08-24 13:50:46
712,4,EFIR_FILED,"{""fir_number"": ""EFIR/2026/00712""}",2026-08-24 13:50:46
713,0,ID_ISSUED,"{""digital_id"": ""STS-5616EB7E75D1"", ""document"": ""A05699856"", ""name"": ""Anika Nkosi"", ""nationality"": ""South African"", ""trip_end"": ""2026-09-10T16:00:00""}",2026-08-20 05:00:00
713,1,KYC_VERIFIED,"{""document_type"": ""passport"", ""method"": ""document_scan"", ""verified_by"": ""auto_kyc""}",2026-08-20 05:44:00
713,2,CHECKIN,"{""lat"": 26.1664, ""lng"": 91.7055, ""location"": ""Kamakhya Temple""}",2026-09-05 06:00:00
714,0,ID_ISSUED,"{""digital_id"": ""STS-60AB2130E3D4"", ""document"": ""XXXX-XXXX-4341"", ""name"": ""Riya Nath"", ""nationality"": ""Indian"", ""trip_end"": ""2026-09-10T19:00:00""}",2026-08-11 00:00:00
714,1,KYC_VERIFIED,"{""document_type"": ""aadhaar"", ""method"": ""document_scan"", ""verified_by"": ""auto_kyc""}",2026-08-11 00:06:00
714,2,CHECKIN,"{""lat"": 27.5861, ""lng"": 91.8594, ""location"": ""Tawang Monastery""}",2026-08-29 05:00:00
715,0,ID_ISSUED,"{""digital_id"": ""STS-51B86A9DF74B"", ""document"": ""XXXX-XXXX-7835"", ""name"": ""Rupam Mishra"", ""nationality"": ""Indian"", ""trip_end"": ""2026-08-18T22:30:00""}",2026-07-30 04:30:00
715,1,KYC_VERIFIED,"{""document_type"": ""aadhaar"", ""method"": ""document_scan"", ""verified_by"": ""auto_kyc""}",2026-07-30 04:57:00
715,2,CHECKIN,"{""lat"": 23.8315, ""lng"": 91.2868, ""location"": ""Agartala""}",2026-08-05 08:30:00
715,3,CHECKOUT,"{""location"": ""Gangtok"", ""trip_completed"": true}",2026-08-18 22:30:00
716,0,ID_ISSUED,"{""digital_id"": ""STS-FF331625C0DC"", ""document"": ""Z1214928"", ""name"": ""Priya Bhattacharya"", ""nationality"": ""Indian"", ""trip_end"": ""2026-08-06T11:45:00""}",2026-07-26 22:45:00
716,1,KYC_VERIFIED,"{""document_type"": ""passport"", ""method"": ""document_scan"", ""verified_by"": ""auto_kyc""}",2026-07-26 23:03:00
716,2,CHECKIN,"{""lat"": 26.1856, ""lng"": 91.7455, ""location"": ""Pan Bazaar""}",2026-08-02 07:45:00
716,3,CHECKOUT,"{""location"": ""Sualkuchi Silk Village"", ""trip_completed"": true}",2026-08-06 11:45:00
717,0,ID_ISSUED,"{""digital_id"": ""STS-6C06DB5B2A6D"", ""document"": ""590802353"", ""name"": ""Alfie Taylor"", ""nationality"": ""British"", ""trip_end"": ""2026-08-24T00:15:00""}",2026-08-07 17:15:00
717,1,KYC_VERIFIED,"{""document_type"": ""passport"", ""method"": ""document_scan"", ""verified_by"": ""auto_kyc""}",2026-08-07 17:39:00
717,2,CHECKIN,"{""lat"": 26.9826, ""lng"": 94.6425, ""location"": ""Sivasagar""}",2026-08-12 10:15:00
717,3,CHECKOUT,"{""location"": ""LGB International Airport"", ""trip_completed"": true}",2026-08-24 00:15:00
718,0,ID_ISSUED,"{""digital_id"": ""STS-A1768C439784"", ""document"": ""XXXX-XXXX-9763"", ""name"": ""Riya Bora"", ""nationality"": ""Indian"", ""trip_end"": ""2026-09-08T10:00:00""}",2026-08-31 04:00:00
718,1,KYC_VERIFIED,"{""document_type"": ""aadhaar"", ""method"": ""document_scan"", ""verified_by"": ""auto_kyc""}",2026-08-31 04:03:00
718,2,CHECKIN,"{""lat"": 26.142, ""lng"": 91.79, ""location"": ""Dispur Secretariat""}",2026-09-07 07:00:00
719,0,ID_ISSUED,"{""digital_id"": ""STS-254A6586F03D"", ""document"": ""XXXX-XXXX-6056"", ""name"": ""Bishal Patel"", ""nationality"": ""Indian"", ""trip_end"": ""2026-09-17T22:45:00""}",2026-09-09 03:45:00
719,1,KYC_VERIFIED,"{""document_type"": ""aadhaar"", ""method"": ""document_scan"", ""verified_by"": ""auto_kyc""}",2026-09-09 04:02:00
719,2,CHECKIN,"{""lat"": 27.5448, ""lng"": 93.832, ""location"": ""Ziro Valley""}",2026-09-09 08:45:00
720,0,ID_ISSUED,"{""digital_id"": ""STS-2C0A2FB8FFD8"", ""document"": ""XXXX-XXXX-9431"", ""name"": ""Manish Sharma"", ""nationality"": ""Indian"", ""trip_end"": ""2026-09-10T21:30:00""}",2026-08-22 12:30:00
720,1,KYC_VERIFIED,"{""document_type"": ""aadhaar"", ""method"": ""document_scan"", ""verified_by"": ""auto_kyc""}",2026-08-22 12:55:00
720,2,CHECKIN,"{""lat"": 25.657, ""lng"": 91.889, ""location"": ""Umiam Lake""}",2026-09-03 08:30:00
721,0,ID_ISSUED,"{""digital_id"": ""STS-1D89C4C97EC9"", ""document"": ""XXXX-XXXX-5124"", ""name"": ""Debojit Reddy"", ""nationality"": ""Indian"", ""trip_end"": ""2026-08-19T13:15:00""}",2026-07-28 22:15:00
721,1,KYC_VERIFIED,"{""document_type"": ""aadhaar"", ""method"": ""document_scan"", ""verified_by"": ""auto_kyc""}",2026-07-28 22:26:00
721,2,CHECKIN,"{""lat"": 26.1817, ""lng"": 91.7503, ""location"": ""Paltan Bazaar""}",2026-08-16 08:15:00
721,3,CHECKOUT,"{""location"": ""En route to Dolma Homestay, Tawang (stay 1)"", ""trip_completed"": true}",2026-08-19 13:15:00
722,0,ID_ISSUED,"{""digital_id"": ""STS-C3A62BC4CE25"", ""document"": ""XXXX-XXXX-3744"", ""name"": ""Junmoni Verma"", ""nationality"": ""Indian"", ""trip_end"": ""2026-08-05T20:00:00""}",2026-07-11 17:00:00
722,1,KYC_VERIFIED,"{""document_type"": ""aadhaar"", ""method"": ""document_scan"", ""verified_by"": ""auto_kyc""}",2026-07-11 17:44:00
722,2,CHECKIN,"{""lat"": 26.1824, ""lng"": 91.7513, ""location"": ""Guwahati Railway Station""}",2026-07-29 07:00:00
722,3,CHECKOUT,"{""location"": ""En route to Hotel Rajmahal (stay 2)"", ""trip_completed"": true}",2026-08-05 20:00:00
723,0,ID_ISSUED,"{""digital_id"": ""STS-B0E8B727435B"", ""document"": ""159068933"", ""name"": ""Ashley Davis"", ""nationality"": ""American"", ""trip_end"": ""2026-09-05T15:30:00""}",2026-08-24 13:30:00
723,1,KYC_VERIFIED,"{""document_type"": ""passport"", ""method"": ""document_scan"", ""verified_by"": ""auto_kyc""}",2026-08-24 13:41:00
723,2,CHECKIN,"{""lat"": 25.9333, ""lng"": 91.4333, ""location"": ""Chandubi Lake""}",2026-08-31 11:30:00
723,3,CHECKOUT,"{""location"": ""Pobitora Wildlife Sanctuary"", ""trip_completed"": true}",2026-09-05 15:30:00
724,0,ID_ISSUED,"{""digital_id"": ""STS-AEF9C31306E7"", ""document"": ""XXXX-XXXX-5331"", ""name"": ""Vikram Rajkhowa"", ""nationality"": ""Indian"", ""trip_end"": ""2026-09-06T07:45:00""}",2026-08-21 17:45:00
724,1,KYC_VERIFIED,"{""document_type"": ""aadhaar"", ""method"": ""document_scan"", ""verified_by"": ""auto_kyc""}",2026-08-21 18:24:00
724,2,CHECKIN,"{""lat"": 26.6338, ""lng"": 92.8, ""location"": ""Tezpur""}",2026-08-28 05:45:00
724,3,MARKED_MISSING,"{""last_lat"": 26.104635, ""last_lng"": 91.583125}",2026-09-06 06:20:50
724,4,EFIR_FILED,"{""fir_number"": ""EFIR/2026/00724""}",2026-09-06 06:20:50
725,0,ID_ISSUED,"{""digital_id"": ""STS-2C018B4EB6EB"", ""document"": ""YHTRF1892D"", ""name"": ""Utpal Singh"", ""nationality"": ""Indian"", ""trip_end"": ""2026-08-23T21:30:00""}",2026-08-14 15:30:00
725,1,KYC_VERIFIED,"{""document_type"": ""pan"", ""method"": ""document_scan"", ""verified_by"": ""auto_kyc""}",2026-08-14 16:08:00
725,2,CHECKIN,"{""lat"": 25.276, ""lng"": 91.6857, ""location"": ""Nohkalikai Falls""}",2026-08-16 08:30:00
725,3,CHECKOUT,"{""location"": ""En route to Living Root Bridge, Nongriat"", ""trip_completed"": true}",2026-08-23 21:30:00
726,0,ID_ISSUED,"{""digital_id"": ""STS-D4C739ADB473"", ""document"": ""939024580"", ""name"": ""Emily Miller"", ""nationality"": ""American"", ""trip_end"": ""2026-08-15T17:30:00""}",2026-08-11 00:30:00
726,1,KYC_VERIFIED,"{""document_type"": ""passport"", ""method"": ""document_scan"", ""verified_by"": ""auto_kyc""}",2026-08-11 00:32:00
726,2,CHECKIN,"{""lat"": 26.1857, ""lng"": 91.7481, ""location"": ""Assam State Museum""}",2026-08-11 09:30:00
726,3,CHECKOUT,"{""location"": ""Guwahati Planetarium"", ""trip_completed"": true}",2026-08-15 17:30:00
727,0,ID_ISSUED,"{""digital_id"": ""STS-F3F06233EE49"", ""document"": ""XXXX-XXXX-4576"", ""name"": ""Bornali Medhi"", ""nationality"": ""Indian"", ""trip_end"": ""2026-08-11T00:30:00""}",2026-07-17 09:30:00
727,1,KYC_VERIFIED,"{""document_type"": ""aadhaar"", ""method"": ""document_scan"", ""verified_by"": ""auto_kyc""}",2026-07-17 09:42:00
727,2,CHECKIN,"{""lat"": 26.1664, ""lng"": 91.7055, ""location"": ""Kamakhya Temple""}",2026-08-07 10:30:00
727,3,CHECKOUT,"{""location"": ""En route to Kamakhya Temple"", ""trip_completed"": true}",2026-08-11 00:30:00
728,0,ID_ISSUED,"{""digital_id"": ""STS-EFA5E9038BA9"", ""document"": ""XXXX-XXXX-4992"", ""name"": ""Bhaskar Rajkhowa"", ""nationality"": ""Indian"", ""trip_end"": ""2026-08-08T10:45:00""}",2026-07-18 04:45:00
728,1,KYC_VERIFIED,"{""document_type"": ""aadhaar"", ""method"": ""document_scan"", ""verified_by"": ""auto_kyc""}",2026-07-18 05:27:00
728,2,CHECKIN,"{""lat"": 24.817, ""lng"": 93.9368, ""location"": ""Imphal""}",2026-07-28 08:45:00
728,3,SOS_TRIGGERED,"{""lat"": 23.725835, ""lng"": 92.717436, ""message"": ""Help! I am being followed by two men on a motorcycle.""}",2026-08-05 02:13:03
728,4,CHECKOUT,"{""location"": ""Gangtok"", ""trip_completed"": true}",2026-08-08 10:45:00
729,0,ID_ISSUED,"{""digital_id"": ""STS-D318CD9BF7A2"", ""document"": ""XXXX-XXXX-9628"", ""name"": ""Pranjal Reddy"", ""nationality"": ""Indian"", ""trip_end"": ""2026-08-01T17:00:00""}",2026-07-19 11:00:00
729,1,KYC_VERIFIED,"{""document_type"": ""aadhaar"", ""method"": ""document_scan"", ""verified_by"": ""auto_kyc""}",2026-07-19 11:05:00
729,2,CHECKIN,"{""lat"": 26.178, ""lng"": 91.786, ""location"": ""Assam State Zoo & Botanical Garden""}",2026-07-27 07:00:00
729,3,CHECKOUT,"{""location"": ""En route to Deepor Beel Wildlife Sanctuary"", ""trip_completed"": true}",2026-08-01 17:00:00
730,0,ID_ISSUED,"{""digital_id"": ""STS-49795DD497F8"", ""document"": ""Z4641364"", ""name"": ""Vikram Phukan"", ""nationality"": ""Indian"", ""trip_end"": ""2026-08-10T18:30:00""}",2026-07-19 16:30:00
730,1,KYC_VERIFIED,"{""document_type"": ""passport"", ""method"": ""document_scan"", ""verified_by"": ""auto_kyc""}",2026-07-19 17:12:00
730,2,CHECKIN,"{""lat"": 26.1749, ""lng"": 91.7789, ""location"": ""Navagraha Temple""}",2026-08-04 09:30:00
730,3,CHECKOUT,"{""location"": ""En route to Umananda Island"", ""trip_completed"": true}",2026-08-10 18:30:00
731,0,ID_ISSUED,"{""digital_id"": ""STS-4671EAF054E3"", ""document"": ""ERL1618941"", ""name"": ""Priya Hazarika"", ""nationality"": ""Indian"", ""trip_end"": ""2026-09-21T16:15:00""}",2026-08-19 00:15:00
731,1,KYC_VERIFIED,"{""document_type"": ""voterid"", ""method"": ""document_scan"", ""verified_by"": ""auto_kyc""}",2026-08-19 00:43:00
731,2,CHECKIN,"{""lat"": 25.5788, ""lng"": 91.8933, ""location"": ""Shillong""}",2026-09-08 07:15:00
732,0,ID_ISSUED,"{""digital_id"": ""STS-8120D85AC4CF"", ""document"": ""XXXX-XXXX-5970"", ""name"": ""Hemanta Medhi"", ""nationality"": ""Indian"", ""trip_end"": ""2026-08-10T15:30:00""}",2026-07-04 11:30:00
732,1,KYC_VERIFIED,"{""document_type"": ""aadhaar"", ""method"": ""document_scan"", ""verified_by"": ""auto_kyc""}",2026-07-04 11:56:00
732,2,CHECKIN,"{""lat"": 23.7271, ""lng"": 92.7176, ""location"": ""Aizawl""}",2026-07-26 07:30:00
732,3,CHECKOUT,"{""location"": ""Gangtok"", ""trip_completed"": true}",2026-08-10 15:30:00
733,0,ID_ISSUED,"{""digital_id"": ""STS-3AEA944C5F46"", ""document"": ""E76945565"", ""name"": ""Fang Li"", ""nationality"": ""Chinese"", ""trip_end"": ""2026-08-03T01:45:00""}",2026-07-16 19:45:00
733,1,KYC_VERIFIED,"{""document_type"": ""passport"", ""method"": ""document_scan"", ""verified_by"": ""auto_kyc""}",2026-07-16 20:27:00
733,2,CHECKIN,"{""lat"": 26.3667, ""lng"": 91.6333, ""location"": ""Madan Kamdev Ruins""}",2026-07-30 11:45:00
733,3,CHECKOUT,"{""location"": ""En route to Navagraha Temple"", ""trip_completed"": true}",2026-08-03 01:45:00
734,0,ID_ISSUED,"{""digital_id"": ""STS-D9CF32EF26BF"", ""document"": ""XXXX-XXXX-2839"", ""name"": ""Divya Singh"", ""nationality"": ""Indian"", ""trip_end"": ""2026-09-14T19:15:00""}",2026-09-03 08:15:00
734,1,KYC_VERIFIED,"{""document_type"": ""aadhaar"", ""method"": ""document_scan"", ""verified_by"": ""auto_kyc""}",2026-09-03 08:27:00
734,2,CHECKIN,"{""lat"": 25.5788, ""lng"": 91.8933, ""location"": ""Shillong""}",2026-09-04 07:15:00
735,0,ID_ISSUED,"{""digital_id"": ""STS-ABD7ACC84C92"", ""document"": ""BYQYQ4182A"", ""name"": ""Nabanita Mishra"", ""nationality"": ""Indian"", ""trip_end"": ""2026-09-16T13:45:00""}",2026-08-21 23:45:00
735,1,KYC_VERIFIED,"{""document_type"": ""pan"", ""method"": ""document_scan"", ""verified_by"": ""auto_kyc""}",2026-08-22 00:30:00
735,2,CHECKIN,"{""lat"": 26.7509, ""lng"": 94.2037, ""location"": ""Jorhat""}",2026-09-04 07:45:00
736,0,ID_ISSUED,"{""digital_id"": ""STS-D871C2A9457E"", ""document"": ""XXXX-XXXX-4136"", ""name"": ""Vikram Rajkhowa"", ""nationality"": ""Indian"", ""trip_end"": ""2026-09-06T18:15:00""}",2026-08-06 20:15:00
736,1,KYC_VERIFIED,"{""document_type"": ""aadhaar"", ""method"": ""document_scan"", ""verified_by"": ""auto_kyc""}",2026-08-06 20:29:00
736,2,CHECKIN,"{""lat"": 24.817, ""lng"": 93.9368, ""location"": ""Imphal""}",2026-08-24 10:15:00
737,0,ID_ISSUED,"{""digital_id"": ""STS-DF5C4F789DCC"", ""document"": ""XXXX-XXXX-6236"", ""name"": ""Simanta Deka"", ""nationality"": ""Indian"", ""trip_end"": ""2026-08-16T18:30:00""}",2026-08-10 15:30:00
737,1,KYC_VERIFIED,"{""document_type"": ""aadhaar"", ""method"": ""document_scan"", ""verified_by"": ""auto_kyc""}",2026-08-10 16:06:00
737,2,CHECKIN,"{""lat"": 26.135, ""lng"": 91.805, ""location"": ""Six Mile""}",2026-08-15 06:30:00
737,3,CHECKOUT,"{""location"": ""En route to Six Mile"", ""trip_completed"": true}",2026-08-16 18:30:00
738,0,ID_ISSUED,"{""digital_id"": ""STS-5D6A56DE31FA"", ""document"": ""XXXX-XXXX-9182"", ""name"": ""Anjali Das"", ""nationality"": ""Indian"", ""trip_end"": ""2026-08-05T19:00:00""}",2026-07-28 11:00:00
738,1,KYC_VERIFIED,"{""document_type"": ""aadhaar"", ""method"": ""document_scan"", ""verified_by"": ""auto_kyc""}",2026-07-28 11:31:00
738,2,CHECKIN,"{""lat"": 26.135, ""lng"": 91.805, ""location"": ""Six Mile""}",2026-08-04 08:00:00
738,3,CHECKOUT,"{""location"": ""Ganeshguri Junction"", ""trip_completed"": true}",2026-08-05 19:00:00
739,0,ID_ISSUED,"{""digital_id"": ""STS-25BD15B20140"", ""document"": ""XXXX-XXXX-5181"", ""name"": ""Rituparna Gogoi"", ""nationality"": ""Indian"", ""trip_end"": ""2026-09-19T01:30:00""}",2026-09-04 00:30:00
739,1,KYC_VERIFIED,"{""document_type"": ""aadhaar"", ""method"": ""document_scan"", ""verified_by"": ""auto_kyc""}",2026-09-04 01:11:00
739,2,CHECKIN,"{""lat"": 26.5775, ""lng"": 93.1711, ""location"": ""Kaziranga National Park""}",2026-09-06 11:30:00
740,0,ID_ISSUED,"{""digital_id"": ""STS-D5A7AF67C9E6"", ""document"": ""NLLPH8782T"", ""name"": ""Hemanta Saikia"", ""nationality"": ""Indian"", ""trip_end"": ""2026-08-06T19:30:00""}",2026-07-29 11:30:00
740,1,KYC_VERIFIED,"{""document_type"": ""pan"", ""method"": ""document_scan"", ""verified_by"": ""auto_kyc""}",2026-07-29 11:46:00
740,2,CHECKIN,"{""lat"": 26.1667, ""lng"": 91.5667, ""location"": ""Sualkuchi Silk Village""}",2026-08-04 08:30:00
740,3,CHECKOUT,"{""location"": ""Paltan Bazaar"", ""trip_completed"": true}",2026-08-06 19:30:00
741,0,ID_ISSUED,"{""digital_id"": ""STS-DA4318FA635B"", ""document"": ""KXR6332093"", ""name"": ""Nikhil Verma"", ""nationality"": ""Indian"", ""trip_end"": ""2026-09-20T20:45:00""}",2026-08-26 11:45:00
741,1,KYC_VERIFIED,"{""document_type"": ""voterid"", ""method"": ""document_scan"", ""verified_by"": ""auto_kyc""}",2026-08-26 12:04:00
741,2,CHECKIN,"{""lat"": 23.8315, ""lng"": 91.2868, ""location"": ""Agartala""}",2026-09-06 10:45:00
742,0,ID_ISSUED,"{""digital_id"": ""STS-70C940267401"", ""document"": ""XXXX-XXXX-4358"", ""name"": ""Anurag Saikia"", ""nationality"": ""Indian"", ""trip_end"": ""2026-09-09T17:45:00""}",2026-09-04 04:45:00
742,1,KYC_VERIFIED,"{""document_type"": ""aadhaar"", ""method"": ""document_scan"", ""verified_by"": ""auto_kyc""}",2026-09-04 05:26:00
742,2,CHECKIN,"{""lat"": 26.1824, ""lng"": 91.7513, ""location"": ""Guwahati Railway Station""}",2026-09-04 08:45:00
743,0,ID_ISSUED,"{""digital_id"": ""STS-2A4DFF3AC3B3"", ""document"": ""Z3338379"", ""name"": ""Kavya Reddy"", ""nationality"": ""Indian"", ""trip_end"": ""2026-08-24T14:00:00""}",2026-08-13 21:00:00
743,1,KYC_VERIFIED,"{""document_type"": ""passport"", ""method"": ""document_scan"", ""verified_by"": ""auto_kyc""}",2026-08-13 21:15:00
743,2,CHECKIN,"{""lat"": 26.1836, ""lng"": 91.7434, ""location"": ""Fancy Bazaar""}",2026-08-21 09:00:00
743,3,CHECKOUT,"{""location"": ""En route to Fancy Bazaar"", ""trip_completed"": true}",2026-08-24 14:00:00
744,0,ID_ISSUED,"{""digital_id"": ""STS-3FA5B7912468"", ""document"": ""ZZGRE8949N"", ""name"": ""Hemanta Baishya"", ""nationality"": ""Indian"", ""trip_end"": ""2026-08-30T23:30:00""}",2026-07-31 19:30:00
744,1,KYC_VERIFIED,"{""document_type"": ""pan"", ""method"": ""document_scan"", ""verified_by"": ""auto_kyc""}",2026-07-31 19:59:00
744,2,CHECKIN,"{""lat"": 26.5775, ""lng"": 93.1711, ""location"": ""Kaziranga National Park""}",2026-08-17 09:30:00
744,3,MARKED_MISSING,"{""last_lat"": 23.723871, ""last_lng"": 92.720349}",2026-08-30 14:00:25
744,4,EFIR_FILED,"{""fir_number"": ""EFIR/2026/00744""}",2026-08-30 14:00:25
745,0,ID_ISSUED,"{""digital_id"": ""STS-B75B90140F50"", ""document"": ""XXXX-XXXX-2442"", ""name"": ""Bishal Sharma"", ""nationality"": ""Indian"", ""trip_end"": ""2026-08-29T21:30:00""}",2026-08-17 17:30:00
745,1,KYC_VERIFIED,"{""document_type"": ""aadhaar"", ""method"": ""document_scan"", ""verified_by"": ""auto_kyc""}",2026-08-17 17:42:00
745,2,CHECKIN,"{""lat"": 26.178, ""lng"": 91.786, ""location"": ""Assam State Zoo & Botanical Garden""}",2026-08-26 11:30:00
745,3,CHECKOUT,"{""location"": ""En route to Hotel Dynasty, Lakhtokia (stay 2)"", ""trip_completed"": true}",2026-08-29 21:30:00
746,0,ID_ISSUED,"{""digital_id"": ""STS-E4AC22511E22"", ""document"": ""XXXX-XXXX-5534"", ""name"": ""Aarav Iyer"", ""nationality"": ""Indian"", ""trip_end"": ""2026-08-10T18:30:00""}",2026-07-22 06:30:00
746,1,KYC_VERIFIED,"{""document_type"": ""aadhaar"", ""method"": ""document_scan"", ""verified_by"": ""auto_kyc""}",2026-07-22 06:49:00
746,2,CHECKIN,"{""lat"": 26.5775, ""lng"": 93.1711, ""location"": ""Kaziranga National Park""}",2026-07-31 10:30:00
746,3,CHECKOUT,"{""location"": ""Aizawl"", ""trip_completed"": true}",2026-08-10 18:30:00
747,0,ID_ISSUED,"{""digital_id"": ""STS-6AFE98DC89E1"", ""document"": ""XXXX-XXXX-2106"", ""name"": ""Nikhil Reddy"", ""nationality"": ""Indian"", ""trip_end"": ""2026-08-17T11:45:00""}",2026-07-17 21:45:00
747,1,KYC_VERIFIED,"{""document_type"": ""aadhaar"", ""method"": ""document_scan"", ""verified_by"": ""auto_kyc""}",2026-07-17 22:20:00
747,2,CHECKIN,"{""lat"": 25.5788, ""lng"": 91.8933, ""location"": ""Shillong""}",2026-08-02 07:45:00
747,3,CHECKOUT,"{""location"": ""Aizawl"", ""trip_completed"": true}",2026-08-17 11:45:00
748,0,ID_ISSUED,"{""digital_id"": ""STS-A9E9D9DDD7FE"", ""document"": ""M60199417"", ""name"": ""Jiwoo Jung"", ""nationality"": ""Korean"", ""trip_end"": ""2026-09-03T13:30:00""}",2026-08-04 13:30:00
748,1,KYC_VERIFIED,"{""document_type"": ""passport"", ""method"": ""document_scan"", ""verified_by"": ""auto_kyc""}",2026-08-04 13:39:00
748,2,CHECKIN,"{""lat"": 26.9826, ""lng"": 94.6425, ""location"": ""Sivasagar""}",2026-08-25 07:30:00
748,3,CHECKOUT,"{""location"": ""Nameri National Park"", ""trip_completed"": true}",2026-09-03 13:30:00
749,0,ID_ISSUED,"{""digital_id"": ""STS-E81747712BEA"", ""document"": ""XXXX-XXXX-5390"", ""name"": ""Manish Hazarika"", ""nationality"": ""Indian"", ""trip_end"": ""2026-07-27T13:30:00""}",2026-07-21 18:30:00
749,1,KYC_VERIFIED,"{""document_type"": ""aadhaar"", ""method"": ""document_scan"", ""verified_by"": ""auto_kyc""}",2026-07-21 18:55:00
749,2,CHECKIN,"{""lat"": 26.1964, ""lng"": 91.7453, ""location"": ""Umananda Island""}",2026-07-24 09:30:00
749,3,CHECKOUT,"{""location"": ""Gandhi Mandap, Sarania Hill"", ""trip_completed"": true}",2026-07-27 13:30:00
750,0,ID_ISSUED,"{""digital_id"": ""STS-7055C1C7AFFB"", ""document"": ""XXXX-XXXX-7613"", ""name"": ""Pranjal Gogoi"", ""nationality"": ""Indian"", ""trip_end"": ""2026-09-06T09:45:00""}",2026-08-24 01:45:00
750,1,KYC_VERIFIED,"{""document_type"": ""aadhaar"", ""method"": ""document_scan"", ""verified_by"": ""auto_kyc""}",2026-08-24 02:20:00
750,2,CHECKIN,"{""lat"": 26.1857, ""lng"": 91.7477, ""location"": ""Nehru Park""}",2026-09-03 07:45:00
