id,tourist_id,type,severity,status,description,lat,lng,assigned_unit_id,detected_at,acknowledged_at,dispatched_at,resolved_at
1,2,anomaly,high,detected,AI anomaly: prolonged inactivity 74 min,26.140779,91.793151,,2026-08-21 08:05:33,,,
2,2,anomaly,high,resolved,AI anomaly: prolonged inactivity 60 min,26.140265,91.792164,22,2026-08-22 07:30:57,2026-08-22 07:32:35,2026-08-22 07:35:13,2026-08-22 07:50:50
3,3,geofence,critical,resolved,Restricted-zone entry: Deepor Beel Wetland Edge,26.120941,91.650065,8,2026-08-30 08:09:04,2026-08-30 08:11:04,2026-08-30 08:11:56,2026-08-30 08:23:38
4,3,anomaly,high,resolved,AI anomaly: prolonged inactivity 196 min,25.932235,91.431991,1,2026-09-01 09:47:09,2026-09-01 09:50:46,2026-09-01 09:52:00,2026-09-01 10:32:22
5,4,anomaly,high,resolved,AI anomaly: prolonged inactivity 475 min,25.639229,91.888354,16,2026-08-23 14:49:45,2026-08-23 14:53:37,2026-08-23 14:55:32,2026-08-23 15:48:47
6,5,anomaly,high,resolved,AI anomaly: prolonged inactivity 213 min,25.578571,91.892748,13,2026-09-04 10:04:56,2026-09-04 10:06:30,2026-09-04 10:07:39,2026-09-04 10:19:46
7,5,anomaly,high,resolved,AI anomaly: prolonged inactivity 432 min,25.277932,91.684616,14,2026-09-05 13:56:10,2026-09-05 13:56:41,2026-09-05 13:58:23,2026-09-05 14:19:11
8,5,geofence,critical,resolved,Restricted-zone entry: Cherrapunji Cliff Edge,25.277932,91.684616,18,2026-09-05 13:56:10,2026-09-05 13:58:27,2026-09-05 13:59:41,2026-09-05 14:24:05
9,6,anomaly,high,dispatched,AI anomaly: prolonged inactivity 496 min,26.181947,91.75827,10,2026-08-24 14:49:26,2026-08-24 14:52:11,2026-08-24 14:54:26,
10,6,anomaly,high,resolved,AI anomaly: prolonged inactivity 70 min,26.177389,91.753573,13,2026-08-25 07:54:56,2026-08-25 07:56:59,2026-08-25 07:58:08,2026-08-25 08:08:44
11,7,geofence,critical,resolved,Restricted-zone entry: Cherrapunji Cliff Edge,25.280385,91.687463,3,2026-08-17 07:22:56,2026-08-17 07:25:30,2026-08-17 07:31:34,2026-08-17 08:15:52
12,7,anomaly,high,dispatched,AI anomaly: prolonged inactivity 57 min,26.137362,91.805987,18,2026-08-18 07:35:53,2026-08-18 07:36:22,2026-08-18 07:37:06,
13,7,anomaly,high,resolved,AI anomaly: prolonged inactivity 162 min,25.201455,91.91626,6,2026-08-19 09:36:29,2026-08-19 09:39:33,2026-08-19 09:40:04,2026-08-19 10:13:42
14,7,anomaly,high,resolved,AI anomaly: prolonged inactivity 53 min,25.20186,91.916347,5,2026-08-20 07:46:05,2026-08-20 07:48:39,2026-08-20 08:01:50,2026-08-20 08:07:40
15,7,anomaly,high,resolved,AI anomaly: prolonged inactivity 431 min,25.580033,91.892094,7,2026-08-21 13:50:17,2026-08-21 13:51:19,2026-08-21 13:52:39,2026-08-21 14:34:03
16,7,anomaly,high,acknowledged,AI anomaly: prolonged inactivity 52 min,25.579493,91.891891,,2026-08-22 07:32:18,2026-08-22 07:33:17,,
17,7,anomaly,high,acknowledged,AI anomaly: prolonged inactivity 356 min,26.183741,91.752888,,2026-08-23 12:52:52,2026-08-23 12:56:37,,
18,8,anomaly,high,dispatched,AI anomaly: prolonged inactivity 249 min,26.10535,91.584885,11,2026-09-03 10:43:36,2026-09-03 10:44:32,2026-09-03 10:47:09,
19,8,anomaly,high,dispatched,AI anomaly: prolonged inactivity 285 min,26.577694,93.171116,17,2026-09-04 11:29:28,2026-09-04 11:32:09,2026-09-04 11:34:11,
20,8,geofence,critical,resolved,Restricted-zone entry: Kaziranga Core Zone,26.577694,93.171116,22,2026-09-04 11:29:28,2026-09-04 11:30:18,2026-09-04 11:31:51,2026-09-04 11:50:44
21,8,anomaly,high,detected,AI anomaly: prolonged inactivity 209 min,23.725941,92.716327,,2026-09-05 10:07:03,,,
22,9,anomaly,high,resolved,AI anomaly: prolonged inactivity 297 min,26.750717,94.204972,5,2026-08-18 11:35:20,2026-08-18 11:35:59,2026-08-18 11:38:27,2026-08-18 11:43:45
23,9,anomaly,high,resolved,AI anomaly: sudden location jump 6.2 km,26.786307,94.158017,19,2026-08-19 07:30:01,2026-08-19 07:31:49,2026-08-19 07:36:58,2026-08-19 08:04:07
24,9,anomaly,high,resolved,AI anomaly: prolonged inactivity 341 min,26.577132,93.17257,9,2026-08-20 12:31:10,2026-08-20 12:33:56,2026-08-20 12:43:04,2026-08-20 12:55:16
25,9,geofence,critical,resolved,Restricted-zone entry: Kaziranga Core Zone,26.577132,93.17257,1,2026-08-20 12:31:10,2026-08-20 12:33:14,2026-08-20 12:35:14,2026-08-20 12:52:44
26,9,anomaly,high,resolved,AI anomaly: prolonged inactivity 56 min,26.57668,93.172279,1,2026-08-21 07:32:31,2026-08-21 07:34:49,2026-08-21 07:36:00,2026-08-21 07:41:40
27,9,anomaly,high,dispatched,AI anomaly: prolonged inactivity 395 min,26.105824,91.584969,21,2026-08-22 13:29:14,2026-08-22 13:30:19,2026-08-22 13:35:33,
28,10,anomaly,high,detected,AI anomaly: prolonged inactivity 52 min,25.577742,91.894469,,2026-08-28 07:34:09,,,
29,10,anomaly,high,resolved,AI anomaly: prolonged inactivity 200 min,26.105476,91.58678,14,2026-08-29 10:08:32,2026-08-29 10:11:00,2026-08-29 10:12:20,2026-08-29 10:29:41
30,10,anomaly,high,acknowledged,AI anomaly: prolonged inactivity 182 min,26.57805,93.172919,,2026-08-31 09:58:29,2026-08-31 10:01:44,,
31,10,geofence,critical,resolved,Restricted-zone entry: Kaziranga Core Zone,26.57805,93.172919,16,2026-08-31 09:58:29,2026-08-31 10:00:56,2026-08-31 10:03:08,2026-08-31 10:17:43
32,10,anomaly,high,dispatched,AI anomaly: prolonged inactivity 442 min,25.67632,94.108067,13,2026-09-01 13:53:05,2026-09-01 13:54:55,2026-09-01 14:04:17,
33,10,anomaly,high,resolved,AI anomaly: prolonged inactivity 342 min,23.72925,92.717924,15,2026-09-03 12:19:19,2026-09-03 12:21:43,2026-09-03 12:24:45,2026-09-03 14:20:57
34,10,anomaly,high,resolved,AI anomaly: prolonged inactivity 68 min,23.72809,92.718075,12,2026-09-04 08:03:13,2026-09-04 08:03:52,2026-09-04 08:06:33,2026-09-04 08:14:36
35,10,anomaly,high,resolved,AI anomaly: prolonged inactivity 245 min,23.831775,91.287614,22,2026-09-05 10:55:22,2026-09-05 10:57:38,2026-09-05 11:02:18,2026-09-05 11:17:54
36,11,anomaly,high,detected,AI anomaly: prolonged inactivity 53 min,26.187343,91.751441,,2026-08-08 07:36:58,,,
37,11,anomaly,high,resolved,AI anomaly: prolonged inactivity 58 min,26.187058,91.755281,16,2026-08-09 07:51:58,2026-08-09 08:07:28,2026-08-09 08:10:02,2026-08-09 08:37:54
38,11,geofence,critical,acknowledged,Restricted-zone entry: Riverside Restricted Area,26.185096,91.762057,,2026-08-09 08:09:42,2026-08-09 08:10:07,,
39,11,anomaly,high,resolved,AI anomaly: prolonged inactivity 70 min,26.186765,91.748364,20,2026-08-10 07:56:41,2026-08-10 07:59:48,2026-08-10 08:03:02,2026-08-10 08:13:41
40,12,anomaly,high,resolved,AI anomaly: prolonged inactivity 238 min,26.231775,92.085093,22,2026-09-04 10:54:27,2026-09-04 10:55:03,2026-09-04 11:00:34,2026-09-04 12:00:52
41,12,anomaly,high,resolved,AI anomaly: prolonged inactivity 337 min,25.935382,91.432018,22,2026-09-05 12:24:51,2026-09-05 12:26:02,2026-09-05 12:27:12,2026-09-05 12:34:10
42,13,anomaly,high,dispatched,AI anomaly: prolonged inactivity 189 min,25.58077,91.892386,20,2026-08-14 09:43:45,2026-08-14 09:44:27,2026-08-14 09:46:23,
43,13,anomaly,high,resolved,AI anomaly: prolonged inactivity 454 min,26.104993,91.585999,15,2026-08-16 14:29:15,2026-08-16 14:29:57,2026-08-16 14:35:00,2026-08-16 15:36:11
44,13,anomaly,high,resolved,AI anomaly: prolonged inactivity 66 min,26.105569,91.585685,19,2026-08-17 07:36:42,2026-08-17 07:39:26,2026-08-17 07:41:04,2026-08-17 08:44:01
45,13,anomaly,high,dispatched,AI anomaly: prolonged inactivity 217 min,26.576368,93.17137,7,2026-08-18 10:18:46,2026-08-18 10:25:49,2026-08-18 10:27:57,
46,13,geofence,critical,resolved,Restricted-zone entry: Kaziranga Core Zone,26.577335,93.170025,8,2026-08-18 10:28:37,2026-08-18 10:30:09,2026-08-18 10:32:42,2026-08-18 10:42:34
47,13,anomaly,high,resolved,AI anomaly: prolonged inactivity 313 min,25.673645,94.110142,14,2026-08-20 11:49:49,2026-08-20 11:50:24,2026-08-20 11:53:58,2026-08-20 12:17:25
48,13,anomaly,high,dispatched,AI anomaly: prolonged inactivity 67 min,25.674422,94.108895,1,2026-08-21 08:00:13,2026-08-21 08:01:02,2026-08-21 08:04:35,
49,13,anomaly,high,resolved,AI anomaly: prolonged inactivity 54 min,25.67361,94.109653,12,2026-08-22 07:38:03,2026-08-22 07:38:46,2026-08-22 07:45:08,2026-08-22 07:57:12
50,13,anomaly,high,dispatched,AI anomaly: prolonged inactivity 179 min,24.81729,93.935838,11,2026-08-23 09:49:38,2026-08-23 09:51:59,2026-08-23 09:55:04,
51,13,anomaly,high,resolved,AI anomaly: prolonged inactivity 368 min,23.833251,91.286413,4,2026-08-25 13:09:59,2026-08-25 13:10:22,2026-08-25 13:10:42,2026-08-25 13:16:51
52,13,anomaly,high,resolved,AI anomaly: prolonged inactivity 71 min,23.832832,91.286632,14,2026-08-26 07:48:27,2026-08-26 07:51:07,2026-08-26 07:58:12,2026-08-26 08:02:25
53,14,anomaly,high,resolved,AI anomaly: prolonged inactivity 60 min,26.63289,92.801251,17,2026-09-01 07:35:12,2026-09-01 07:37:20,2026-09-01 07:42:44,2026-09-01 09:00:47
54,14,anomaly,high,resolved,AI anomaly: prolonged inactivity 141 min,26.18398,91.750561,11,2026-09-02 09:09:48,2026-09-02 09:10:59,2026-09-02 09:12:39,2026-09-02 09:50:18
55,14,anomaly,high,dispatched,AI anomaly: prolonged inactivity 228 min,27.544487,93.83298,19,2026-09-04 10:28:27,2026-09-04 10:29:40,2026-09-04 10:33:42,
56,14,anomaly,high,resolved,AI anomaly: prolonged inactivity 79 min,27.5445,93.833233,22,2026-09-05 07:55:49,2026-09-05 07:57:28,2026-09-05 07:58:11,2026-09-05 08:05:36
57,15,anomaly,high,resolved,AI anomaly: prolonged inactivity 188 min,26.095213,91.606281,8,2026-08-31 09:55:15,2026-08-31 09:55:45,2026-08-31 10:02:56,2026-08-31 10:06:55
58,15,anomaly,high,acknowledged,AI anomaly: prolonged inactivity 430 min,25.935209,91.430768,,2026-09-01 14:02:11,2026-09-01 14:04:00,,
59,16,anomaly,high,resolved,AI anomaly: prolonged inactivity 58 min,25.676342,94.107028,10,2026-07-26 07:40:59,2026-07-26 07:43:13,2026-07-26 07:46:32,2026-07-26 07:51:10
60,16,anomaly,high,resolved,AI anomaly: prolonged inactivity 57 min,25.675884,94.106777,14,2026-07-27 07:50:09,2026-07-27 08:09:34,2026-07-27 08:11:32,2026-07-27 08:17:21
61,16,anomaly,high,resolved,AI anomaly: prolonged inactivity 234 min,25.577935,91.893836,2,2026-07-28 10:48:25,2026-07-28 10:50:40,2026-07-28 10:51:35,2026-07-28 11:22:40
62,16,anomaly,high,resolved,AI anomaly: prolonged inactivity 75 min,25.577774,91.893834,12,2026-07-29 07:56:51,2026-07-29 07:58:07,2026-07-29 07:58:26,2026-07-29 08:08:12
63,16,anomaly,high,resolved,AI anomaly: prolonged inactivity 379 min,26.105683,91.586475,20,2026-07-31 12:59:11,2026-07-31 12:59:58,2026-07-31 13:02:04,2026-07-31 13:20:06
64,16,anomaly,high,resolved,AI anomaly: prolonged inactivity 183 min,23.833257,91.288224,6,2026-08-03 09:58:40,2026-08-03 10:00:36,2026-08-03 10:01:44,2026-08-03 10:20:53
65,16,anomaly,high,dispatched,AI anomaly: prolonged inactivity 384 min,23.728798,92.716238,2,2026-08-06 13:15:36,2026-08-06 13:16:25,2026-08-06 13:17:06,
66,16,anomaly,high,resolved,AI anomaly: prolonged inactivity 60 min,23.72946,92.716768,8,2026-08-07 07:37:31,2026-08-07 07:38:21,2026-08-07 07:49:23,2026-08-07 08:59:33
67,17,anomaly,high,detected,AI anomaly: prolonged inactivity 82 min,27.331046,88.615137,,2026-08-03 07:57:34,,,
68,17,anomaly,high,resolved,AI anomaly: prolonged inactivity 56 min,27.331102,88.615151,2,2026-08-06 07:46:20,2026-08-06 07:46:36,2026-08-06 08:06:06,2026-08-06 08:17:01
69,17,anomaly,high,resolved,AI anomaly: prolonged inactivity 461 min,23.830193,91.287586,12,2026-08-08 14:41:50,2026-08-08 14:44:27,2026-08-08 14:52:59,2026-08-08 15:24:06
70,17,anomaly,high,resolved,AI anomaly: prolonged inactivity 73 min,23.831233,91.286612,5,2026-08-09 07:54:22,2026-08-09 07:58:55,2026-08-09 08:06:24,2026-08-09 08:15:50
71,17,anomaly,high,resolved,AI anomaly: prolonged inactivity 67 min,23.830388,91.287928,9,2026-08-10 07:36:42,2026-08-10 07:39:26,2026-08-10 07:54:11,2026-08-10 07:59:01
72,17,anomaly,high,resolved,AI anomaly: prolonged inactivity 73 min,23.83047,91.287616,9,2026-08-11 07:46:36,2026-08-11 07:47:15,2026-08-11 07:49:13,2026-08-11 08:02:37
73,17,anomaly,high,dispatched,AI anomaly: prolonged inactivity 47 min,23.829723,91.287707,22,2026-08-12 07:19:31,2026-08-12 07:19:54,2026-08-12 07:24:11,
74,17,anomaly,high,acknowledged,AI anomaly: prolonged inactivity 231 min,23.726012,92.717707,,2026-08-14 10:46:42,2026-08-14 10:47:29,,
75,17,anomaly,high,resolved,AI anomaly: prolonged inactivity 61 min,23.726402,92.717306,21,2026-08-15 07:46:02,2026-08-15 07:47:03,2026-08-15 07:47:58,2026-08-15 07:55:17
76,17,anomaly,high,resolved,AI anomaly: prolonged inactivity 53 min,23.725636,92.71732,12,2026-08-16 07:31:20,2026-08-16 07:32:50,2026-08-16 07:37:28,2026-08-16 07:39:23
77,17,anomaly,high,dispatched,AI anomaly: prolonged inactivity 62 min,23.725451,92.717005,14,2026-08-17 07:44:06,2026-08-17 07:44:43,2026-08-17 07:47:10,
78,17,anomaly,high,resolved,AI anomaly: prolonged inactivity 64 min,23.726167,92.717935,9,2026-08-18 08:00:23,2026-08-18 08:01:07,2026-08-18 08:03:41,2026-08-18 10:47:17
79,18,geofence,critical,dispatched,Restricted-zone entry: Kaziranga Core Zone,26.577535,93.171915,11,2026-09-01 07:24:04,2026-09-01 07:26:23,2026-09-01 07:27:27,
80,18,anomaly,high,resolved,AI anomaly: prolonged inactivity 375 min,26.106466,91.586315,14,2026-09-02 12:54:12,2026-09-02 12:55:04,2026-09-02 12:57:21,2026-09-02 13:26:41
81,18,anomaly,high,resolved,AI anomaly: prolonged inactivity 383 min,25.5794,91.894443,12,2026-09-03 12:59:31,2026-09-03 13:01:58,2026-09-03 13:04:01,2026-09-03 13:30:59
82,18,anomaly,high,acknowledged,AI anomaly: prolonged inactivity 496 min,23.830653,91.288485,,2026-09-04 15:02:10,2026-09-04 15:03:24,,
83,18,anomaly,high,resolved,AI anomaly: prolonged inactivity 265 min,23.728154,92.716597,13,2026-09-05 11:14:47,2026-09-05 11:16:45,2026-09-05 11:17:33,2026-09-05 11:30:59
84,19,anomaly,high,resolved,AI anomaly: prolonged inactivity 55 min,26.189548,91.755799,22,2026-08-07 07:42:57,2026-08-07 07:44:55,2026-08-07 07:46:16,2026-08-07 07:52:04
85,19,anomaly,high,resolved,AI anomaly: prolonged inactivity 47 min,26.18925,91.755285,5,2026-08-08 07:40:13,2026-08-08 07:42:44,2026-08-08 07:44:32,2026-08-08 08:05:44
86,21,anomaly,high,resolved,AI anomaly: prolonged inactivity 341 min,24.818044,93.936732,20,2026-09-05 12:31:21,2026-09-05 12:31:37,2026-09-05 12:32:23,2026-09-05 13:01:29
87,22,geofence,critical,dispatched,Restricted-zone entry: Riverside Restricted Area,26.185625,91.763103,18,2026-08-04 10:11:20,2026-08-04 10:12:56,2026-08-04 10:14:51,
88,22,anomaly,high,dispatched,AI anomaly: prolonged inactivity 88 min,26.194051,91.748015,20,2026-08-05 08:01:24,2026-08-05 08:02:21,2026-08-05 08:03:31,
89,23,geofence,critical,resolved,Restricted-zone entry: Riverside Restricted Area,26.185624,91.763083,10,2026-08-09 07:32:53,2026-08-09 07:33:35,2026-08-09 07:37:59,2026-08-09 07:50:34
90,23,anomaly,high,resolved,AI anomaly: prolonged inactivity 52 min,26.180666,91.743414,21,2026-08-10 07:39:52,2026-08-10 07:41:08,2026-08-10 07:49:50,2026-08-10 08:40:40
91,24,geofence,critical,resolved,Restricted-zone entry: Dawki Border Belt,25.190828,92.019704,21,2026-08-03 08:20:06,2026-08-03 08:20:40,2026-08-03 08:23:36,2026-08-03 08:41:17
92,24,anomaly,high,resolved,AI anomaly: prolonged inactivity 456 min,25.255757,91.70633,19,2026-08-05 14:23:18,2026-08-05 14:24:09,2026-08-05 14:25:35,2026-08-05 14:49:36
93,24,anomaly,high,resolved,AI anomaly: prolonged inactivity 60 min,25.255767,91.705672,8,2026-08-06 07:34:19,2026-08-06 07:35:56,2026-08-06 07:44:52,2026-08-06 07:57:46
94,24,geofence,critical,detected,Restricted-zone entry: Cherrapunji Cliff Edge,25.278038,91.68773,,2026-08-06 09:27:11,,,
95,24,anomaly,high,resolved,AI anomaly: prolonged inactivity 335 min,25.656209,91.889444,9,2026-08-07 12:17:14,2026-08-07 12:19:31,2026-08-07 12:21:07,2026-08-07 13:02:26
96,24,anomaly,high,resolved,AI anomaly: prolonged inactivity 209 min,26.183162,91.753315,11,2026-08-09 10:21:36,2026-08-09 10:22:27,2026-08-09 10:25:02,2026-08-09 10:46:21
97,24,anomaly,high,resolved,AI anomaly: prolonged inactivity 63 min,26.182983,91.752492,18,2026-08-10 07:50:24,2026-08-10 08:00:29,2026-08-10 08:05:33,2026-08-10 08:22:19
98,25,anomaly,high,resolved,AI anomaly: prolonged inactivity 48 min,26.173561,91.760377,2,2026-08-11 07:36:23,2026-08-11 07:37:29,2026-08-11 07:43:21,2026-08-11 08:25:30
99,25,anomaly,high,resolved,AI anomaly: prolonged inactivity 361 min,26.121014,91.820761,5,2026-08-12 12:33:34,2026-08-12 12:37:58,2026-08-12 12:46:21,2026-08-12 13:06:42
100,25,anomaly,high,resolved,AI anomaly: prolonged inactivity 73 min,26.366473,91.631279,12,2026-08-13 07:55:48,2026-08-13 08:01:17,2026-08-13 08:02:22,2026-08-13 08:16:11
101,27,anomaly,high,resolved,AI anomaly: prolonged inactivity 56 min,27.587641,91.859848,13,2026-07-25 07:52:53,2026-07-25 07:55:07,2026-07-25 07:57:21,2026-07-25 09:26:09
102,27,anomaly,high,resolved,AI anomaly: prolonged inactivity 74 min,27.587571,91.859973,22,2026-07-26 07:48:42,2026-07-26 07:56:03,2026-07-26 07:56:47,2026-07-26 08:10:59
103,27,anomaly,high,dispatched,AI anomaly: prolonged inactivity 233 min,26.635168,92.802257,17,2026-07-28 10:30:08,2026-07-28 10:32:42,2026-07-28 10:33:30,
104,27,anomaly,high,resolved,AI anomaly: prolonged inactivity 54 min,26.63485,92.802041,9,2026-07-29 07:37:07,2026-07-29 07:37:45,2026-07-29 07:38:57,2026-07-29 07:43:44
105,27,anomaly,high,resolved,AI anomaly: prolonged inactivity 51 min,26.634529,92.80107,7,2026-07-30 07:52:18,2026-07-30 07:53:17,2026-07-30 07:53:45,2026-07-30 08:18:42
106,27,anomaly,high,resolved,AI anomaly: prolonged inactivity 226 min,26.184511,91.752353,11,2026-07-31 10:28:50,2026-07-31 10:29:34,2026-07-31 10:29:54,2026-07-31 10:47:42
107,27,anomaly,high,resolved,AI anomaly: prolonged inactivity 57 min,26.18319,91.752348,14,2026-08-01 07:57:53,2026-08-01 08:00:36,2026-08-01 08:06:55,2026-08-01 08:10:07
108,27,anomaly,high,resolved,AI anomaly: prolonged inactivity 69 min,26.184288,91.751637,20,2026-08-02 07:59:52,2026-08-02 08:01:23,2026-08-02 08:03:34,2026-08-02 08:10:10
109,27,anomaly,high,resolved,AI anomaly: prolonged inactivity 263 min,27.545355,93.830387,8,2026-08-03 11:28:49,2026-08-03 11:29:45,2026-08-03 11:30:51,2026-08-03 11:51:20
110,27,anomaly,high,resolved,AI anomaly: prolonged inactivity 52 min,27.545322,93.83099,19,2026-08-04 07:40:09,2026-08-04 07:42:56,2026-08-04 07:46:57,2026-08-04 08:19:56
111,28,anomaly,high,acknowledged,AI anomaly: prolonged inactivity 53 min,26.166818,91.769908,,2026-08-02 07:41:56,2026-08-02 07:43:04,,
112,28,anomaly,high,detected,AI anomaly: prolonged inactivity 389 min,26.249341,91.51699,,2026-08-03 13:18:47,,,
113,28,anomaly,high,resolved,AI anomaly: prolonged inactivity 171 min,26.365609,91.63393,17,2026-08-04 09:33:41,2026-08-04 09:39:15,2026-08-04 09:41:54,2026-08-04 10:04:03
114,29,geofence,critical,resolved,Restricted-zone entry: Deepor Beel Wetland Edge,26.120233,91.650074,18,2026-08-20 08:13:22,2026-08-20 08:14:23,2026-08-20 08:17:17,2026-08-20 08:25:06
115,29,anomaly,high,resolved,AI anomaly: prolonged inactivity 270 min,25.932431,91.433115,22,2026-08-21 11:34:48,2026-08-21 11:36:20,2026-08-21 11:45:40,2026-08-21 11:54:12
116,29,anomaly,high,resolved,AI anomaly: prolonged inactivity 228 min,26.234229,92.084276,15,2026-08-22 10:20:16,2026-08-22 10:27:10,2026-08-22 10:29:39,2026-08-22 10:37:47
117,30,anomaly,high,resolved,AI anomaly: prolonged inactivity 66 min,25.577331,91.894938,5,2026-07-24 07:48:42,2026-07-24 07:49:53,2026-07-24 07:56:18,2026-07-24 09:27:14
118,30,anomaly,high,resolved,AI anomaly: prolonged inactivity 55 min,25.576977,91.894567,12,2026-07-25 07:46:24,2026-07-25 07:47:14,2026-07-25 07:50:59,2026-07-25 08:55:12
119,30,anomaly,high,resolved,AI anomaly: prolonged inactivity 174 min,26.105531,91.583507,3,2026-07-26 09:31:31,2026-07-26 09:36:57,2026-07-26 09:41:38,2026-07-26 09:50:15
120,30,anomaly,high,dispatched,AI anomaly: prolonged inactivity 235 min,23.830301,91.287559,6,2026-07-28 10:45:05,2026-07-28 10:56:28,2026-07-28 10:57:35,
121,30,anomaly,high,resolved,AI anomaly: prolonged inactivity 49 min,23.829835,91.28686,17,2026-07-30 07:37:10,2026-07-30 07:38:28,2026-07-30 07:39:49,2026-07-30 07:47:24
122,30,anomaly,high,dispatched,AI anomaly: prolonged inactivity 255 min,25.673271,94.109258,7,2026-07-31 11:16:34,2026-07-31 11:17:38,2026-07-31 11:19:57,
123,30,anomaly,high,resolved,AI anomaly: prolonged inactivity 336 min,27.329956,88.615246,5,2026-08-02 12:42:23,2026-08-02 12:43:21,2026-08-02 12:46:56,2026-08-02 12:56:49
124,31,anomaly,high,resolved,AI anomaly: prolonged inactivity 74 min,26.183841,91.752368,6,2026-08-02 08:00:44,2026-08-02 08:02:08,2026-08-02 08:03:01,2026-08-02 08:25:40
125,31,anomaly,high,dispatched,AI anomaly: prolonged inactivity 64 min,26.184169,91.751993,3,2026-08-03 07:51:56,2026-08-03 07:53:41,2026-08-03 07:57:01,
126,31,anomaly,high,resolved,AI anomaly: abnormal speed 204 km/h (possible vehicle abduction),26.663605,92.741869,17,2026-08-04 14:41:33,2026-08-04 14:43:12,2026-08-04 14:43:49,2026-08-04 14:50:41
127,31,anomaly,high,resolved,AI anomaly: prolonged inactivity 275 min,27.584655,91.857051,8,2026-08-07 11:37:10,2026-08-07 11:39:57,2026-08-07 11:40:58,2026-08-07 11:43:57
128,31,anomaly,high,resolved,AI anomaly: prolonged inactivity 82 min,27.583585,91.857574,17,2026-08-09 08:03:18,2026-08-09 08:05:00,2026-08-09 08:07:33,2026-08-09 08:11:31
129,31,anomaly,high,resolved,AI anomaly: prolonged inactivity 425 min,27.544867,93.83184,11,2026-08-10 14:00:21,2026-08-10 14:03:55,2026-08-10 14:14:12,2026-08-10 15:08:42
130,32,anomaly,high,resolved,AI anomaly: prolonged inactivity 195 min,24.814683,93.937348,7,2026-07-30 10:01:40,2026-07-30 10:02:55,2026-07-30 10:05:14,2026-07-30 10:15:31
131,32,anomaly,high,dispatched,AI anomaly: prolonged inactivity 77 min,24.815132,93.937278,13,2026-07-31 07:48:41,2026-07-31 07:51:16,2026-07-31 07:51:58,
132,32,anomaly,high,dispatched,AI anomaly: prolonged inactivity 317 min,26.575522,93.171726,12,2026-08-02 11:49:49,2026-08-02 11:50:02,2026-08-02 11:51:44,
133,32,geofence,critical,resolved,Restricted-zone entry: Kaziranga Core Zone,26.578172,93.171902,5,2026-08-02 11:56:45,2026-08-02 11:59:19,2026-08-02 11:59:28,2026-08-02 12:07:00
134,32,anomaly,high,resolved,AI anomaly: prolonged inactivity 55 min,26.575654,93.17221,13,2026-08-03 07:41:30,2026-08-03 07:46:26,2026-08-03 07:49:15,2026-08-03 07:54:27
135,32,anomaly,high,dispatched,AI anomaly: prolonged inactivity 62 min,26.575313,93.17169,1,2026-08-04 07:40:33,2026-08-04 07:41:20,2026-08-04 07:43:36,
136,32,anomaly,high,resolved,AI anomaly: prolonged inactivity 62 min,26.575726,93.171479,21,2026-08-05 07:37:13,2026-08-05 07:37:58,2026-08-05 07:38:42,2026-08-05 07:45:38
137,32,anomaly,high,resolved,AI anomaly: prolonged inactivity 238 min,26.107675,91.587317,8,2026-08-06 10:30:14,2026-08-06 10:30:56,2026-08-06 10:32:02,2026-08-06 11:16:35
138,32,anomaly,high,resolved,AI anomaly: prolonged inactivity 51 min,26.106356,91.58699,19,2026-08-07 07:53:40,2026-08-07 07:54:17,2026-08-07 07:55:01,2026-08-07 08:02:14
139,32,anomaly,high,dispatched,AI anomaly: prolonged inactivity 53 min,26.107089,91.586927,11,2026-08-08 07:57:31,2026-08-08 07:58:57,2026-08-08 08:06:20,
140,32,anomaly,high,resolved,AI anomaly: prolonged inactivity 319 min,25.580281,91.894295,4,2026-08-09 12:00:06,2026-08-09 12:05:50,2026-08-09 12:07:03,2026-08-09 12:41:24
141,32,anomaly,high,acknowledged,AI anomaly: prolonged inactivity 49 min,25.581029,91.894842,,2026-08-10 07:40:38,2026-08-10 07:44:33,,
142,34,anomaly,high,resolved,AI anomaly: prolonged inactivity 51 min,26.635039,92.8015,9,2026-07-29 07:37:12,2026-07-29 07:38:39,2026-07-29 07:41:15,2026-07-29 07:52:32
143,34,anomaly,high,dispatched,AI anomaly: prolonged inactivity 129 min,26.92121,92.879063,16,2026-07-31 09:08:58,2026-07-31 09:09:53,2026-07-31 09:16:30,
144,34,anomaly,high,resolved,AI anomaly: prolonged inactivity 49 min,26.921376,92.880148,13,2026-08-01 07:37:53,2026-08-01 07:38:51,2026-08-01 07:42:57,2026-08-01 08:15:07
145,34,anomaly,high,resolved,AI anomaly: prolonged inactivity 52 min,26.92029,92.87954,20,2026-08-02 07:27:07,2026-08-02 07:27:21,2026-08-02 07:27:50,2026-08-02 07:33:04
146,34,anomaly,high,resolved,AI anomaly: prolonged inactivity 303 min,26.104531,91.583565,7,2026-08-03 11:50:22,2026-08-03 11:51:27,2026-08-03 11:54:22,2026-08-03 12:25:08
147,34,sos,critical,resolved,"SOS triggered by Gitanjali Verma: Lost in the forest trail, no landmarks visible, running out of water.",26.104079,91.582343,2,2026-08-03 13:47:32,2026-08-03 13:48:55,2026-08-03 13:50:02,2026-08-03 13:58:43
148,35,anomaly,high,resolved,AI anomaly: prolonged inactivity 66 min,25.578619,91.894779,19,2026-09-03 07:36:52,2026-09-03 07:38:24,2026-09-03 07:43:31,2026-09-03 07:55:21
149,35,anomaly,high,resolved,AI anomaly: prolonged inactivity 142 min,25.248835,91.7167,3,2026-09-04 09:16:42,2026-09-04 09:17:02,2026-09-04 09:17:55,2026-09-04 10:18:49
150,35,anomaly,high,resolved,AI anomaly: prolonged inactivity 154 min,25.189915,92.021631,16,2026-09-05 09:16:03,2026-09-05 09:16:41,2026-09-05 09:31:17,2026-09-05 09:52:23
151,35,geofence,critical,dispatched,Restricted-zone entry: Dawki Border Belt,25.19066,92.020944,14,2026-09-05 10:16:45,2026-09-05 10:17:06,2026-09-05 10:24:26,
152,37,anomaly,high,resolved,AI anomaly: prolonged inactivity 66 min,26.181524,91.743154,4,2026-08-31 07:50:47,2026-08-31 07:51:17,2026-08-31 07:57:16,2026-08-31 08:07:36
153,37,geofence,critical,resolved,Restricted-zone entry: Riverside Restricted Area,26.184899,91.762733,19,2026-09-01 09:05:00,2026-09-01 09:06:41,2026-09-01 09:08:44,2026-09-01 09:50:26
154,37,anomaly,high,detected,AI anomaly: prolonged inactivity 71 min,26.180946,91.742502,,2026-09-02 07:48:40,,,
155,37,anomaly,high,resolved,AI anomaly: prolonged inactivity 55 min,26.182388,91.745043,6,2026-09-03 07:29:10,2026-09-03 07:30:20,2026-09-03 07:31:45,2026-09-03 07:40:29
156,38,anomaly,high,resolved,AI anomaly: prolonged inactivity 66 min,26.182112,91.752124,19,2026-07-28 07:54:11,2026-07-28 07:56:45,2026-07-28 07:58:08,2026-07-28 08:20:36
157,40,anomaly,high,resolved,AI anomaly: prolonged inactivity 260 min,26.75048,94.203277,5,2026-08-30 11:04:23,2026-08-30 11:05:57,2026-08-30 11:19:28,2026-08-30 11:38:08
158,40,anomaly,high,acknowledged,AI anomaly: prolonged inactivity 353 min,26.578041,93.169154,,2026-08-31 12:47:09,2026-08-31 12:47:47,,
159,40,geofence,critical,resolved,Restricted-zone entry: Kaziranga Core Zone,26.578495,93.16909,5,2026-08-31 13:14:59,2026-08-31 13:18:56,2026-08-31 13:35:05,2026-08-31 13:41:03
160,40,anomaly,high,resolved,AI anomaly: prolonged inactivity 426 min,26.632894,92.798727,17,2026-09-01 14:00:19,2026-09-01 14:01:20,2026-09-01 14:05:29,2026-09-01 15:08:20
161,40,anomaly,high,dispatched,AI anomaly: prolonged inactivity 391 min,26.918756,92.87929,18,2026-09-03 13:27:44,2026-09-03 13:30:03,2026-09-03 13:30:54,
162,40,anomaly,high,resolved,AI anomaly: prolonged inactivity 284 min,26.107708,91.585539,14,2026-09-04 11:14:29,2026-09-04 11:15:01,2026-09-04 11:15:34,2026-09-04 11:18:40
163,41,anomaly,high,resolved,AI anomaly: prolonged inactivity 70 min,26.983187,94.64303,8,2026-08-09 07:53:30,2026-08-09 07:55:24,2026-08-09 07:58:41,2026-08-09 08:14:49
164,41,anomaly,high,resolved,AI anomaly: prolonged inactivity 281 min,26.948787,94.171666,4,2026-08-10 11:17:31,2026-08-10 11:18:17,2026-08-10 11:20:47,2026-08-10 11:50:45
165,41,anomaly,high,resolved,AI anomaly: prolonged inactivity 468 min,26.751884,94.201686,2,2026-08-12 14:38:11,2026-08-12 14:40:03,2026-08-12 14:47:42,2026-08-12 15:12:15
166,41,anomaly,high,resolved,AI anomaly: prolonged inactivity 50 min,26.751749,94.20208,3,2026-08-13 07:24:55,2026-08-13 07:25:52,2026-08-13 07:27:18,2026-08-13 10:04:14
167,41,anomaly,high,resolved,AI anomaly: prolonged inactivity 299 min,26.579411,93.17281,18,2026-08-14 11:57:09,2026-08-14 12:00:32,2026-08-14 12:01:13,2026-08-14 12:24:30
168,41,geofence,critical,resolved,Restricted-zone entry: Kaziranga Core Zone,26.579411,93.17281,10,2026-08-14 11:57:09,2026-08-14 11:58:32,2026-08-14 12:01:02,2026-08-14 12:43:55
169,41,anomaly,high,resolved,AI anomaly: prolonged inactivity 405 min,26.92154,92.879354,12,2026-08-16 13:39:32,2026-08-16 13:40:42,2026-08-16 13:41:40,2026-08-16 14:00:01
170,41,anomaly,high,resolved,AI anomaly: prolonged inactivity 48 min,26.921323,92.879391,2,2026-08-17 07:28:41,2026-08-17 07:28:56,2026-08-17 07:29:51,2026-08-17 08:55:42
171,41,anomaly,high,resolved,AI anomaly: prolonged inactivity 170 min,26.105067,91.587725,14,2026-08-18 09:38:52,2026-08-18 09:41:01,2026-08-18 09:43:17,2026-08-18 09:47:41
172,42,anomaly,high,resolved,AI anomaly: prolonged inactivity 55 min,26.920497,92.879249,9,2026-07-26 07:35:56,2026-07-26 07:38:42,2026-07-26 07:39:27,2026-07-26 07:58:33
173,42,anomaly,high,dispatched,AI anomaly: prolonged inactivity 74 min,26.921095,92.879093,17,2026-07-28 07:51:10,2026-07-28 07:55:10,2026-07-28 08:00:32,
174,42,anomaly,high,resolved,AI anomaly: prolonged inactivity 495 min,26.631878,92.801452,9,2026-07-29 14:52:37,2026-07-29 14:54:32,2026-07-29 14:57:02,2026-07-29 15:07:38
175,42,anomaly,high,dispatched,AI anomaly: prolonged inactivity 55 min,26.631777,92.801399,8,2026-07-30 07:48:17,2026-07-30 07:48:53,2026-07-30 07:53:35,
176,42,anomaly,high,resolved,AI anomaly: prolonged inactivity 222 min,26.981357,94.644342,15,2026-08-02 10:34:08,2026-08-02 10:35:56,2026-08-02 10:37:06,2026-08-02 11:26:39
177,42,anomaly,high,resolved,AI anomaly: prolonged inactivity 55 min,26.981,94.643914,10,2026-08-03 07:51:55,2026-08-03 07:54:02,2026-08-03 07:55:03,2026-08-03 08:24:01
178,42,anomaly,high,acknowledged,AI anomaly: prolonged inactivity 64 min,26.980244,94.643755,,2026-08-04 07:41:55,2026-08-04 07:45:53,,
179,43,anomaly,high,resolved,AI anomaly: prolonged inactivity 449 min,26.104867,91.586483,21,2026-09-05 14:13:25,2026-09-05 14:13:55,2026-09-05 14:16:38,2026-09-05 14:26:12
180,44,anomaly,high,dispatched,AI anomaly: prolonged inactivity 320 min,26.097982,91.603627,3,2026-08-17 11:56:29,2026-08-17 11:58:35,2026-08-17 11:59:57,
181,44,geofence,critical,resolved,Restricted-zone entry: Deepor Beel Wetland Edge,26.118732,91.65015,10,2026-08-17 12:38:10,2026-08-17 12:40:18,2026-08-17 12:41:16,2026-08-17 12:45:08
182,44,anomaly,high,resolved,AI anomaly: prolonged inactivity 498 min,25.934443,91.434156,12,2026-08-18 14:53:08,2026-08-18 14:53:37,2026-08-18 15:08:26,2026-08-18 15:44:02
183,44,missing_person,critical,resolved,James Smith has not reported a location for over 6 hours,25.935939,91.435342,16,2026-08-19 06:34:05,2026-08-19 06:37:19,2026-08-19 06:39:07,2026-08-19 06:49:12
184,45,anomaly,high,resolved,AI anomaly: prolonged inactivity 432 min,26.248606,91.515859,4,2026-09-04 13:43:52,2026-09-04 13:45:36,2026-09-04 13:50:21,2026-09-04 13:57:52
185,45,anomaly,high,detected,AI anomaly: prolonged inactivity 299 min,26.177102,91.751741,,2026-09-05 11:30:44,,,
186,47,anomaly,high,resolved,AI anomaly: prolonged inactivity 182 min,26.16631,91.564455,5,2026-08-15 09:51:26,2026-08-15 09:52:32,2026-08-15 09:53:00,2026-08-15 09:59:32
187,48,anomaly,high,resolved,AI anomaly: prolonged inactivity 186 min,26.179452,91.785616,13,2026-08-09 09:39:33,2026-08-09 09:40:59,2026-08-09 09:41:50,2026-08-09 09:48:52
188,48,anomaly,high,resolved,AI anomaly: prolonged inactivity 464 min,26.233939,92.084403,6,2026-08-10 14:28:50,2026-08-10 14:30:15,2026-08-10 14:34:28,2026-08-10 14:38:56
189,51,anomaly,high,resolved,AI anomaly: prolonged inactivity 74 min,26.181652,91.745066,12,2026-08-07 07:51:25,2026-08-07 07:52:27,2026-08-07 07:52:40,2026-08-07 08:05:25
190,52,anomaly,high,resolved,AI anomaly: prolonged inactivity 59 min,26.176599,91.726559,4,2026-08-12 07:42:05,2026-08-12 07:46:52,2026-08-12 07:48:30,2026-08-12 07:58:17
191,52,geofence,critical,resolved,Restricted-zone entry: Riverside Restricted Area,26.18528,91.763263,14,2026-08-12 08:49:31,2026-08-12 08:55:56,2026-08-12 08:57:38,2026-08-12 09:22:02
192,53,anomaly,high,resolved,AI anomaly: prolonged inactivity 62 min,26.184255,91.750098,4,2026-08-20 07:33:30,2026-08-20 07:39:18,2026-08-20 07:43:08,2026-08-20 07:59:22
193,55,anomaly,high,resolved,AI anomaly: sudden location jump 5.2 km,26.220609,91.785102,14,2026-08-11 07:09:31,2026-08-11 07:10:04,2026-08-11 07:11:27,2026-08-11 07:32:59
194,55,geofence,critical,resolved,Restricted-zone entry: Riverside Restricted Area,26.186336,91.763197,20,2026-08-11 08:29:53,2026-08-11 08:32:47,2026-08-11 08:35:52,2026-08-11 08:40:44
195,56,anomaly,high,resolved,AI anomaly: prolonged inactivity 58 min,26.181176,91.752891,6,2026-08-30 07:43:36,2026-08-30 07:45:12,2026-08-30 08:03:07,2026-08-30 08:11:46
196,56,anomaly,high,resolved,AI anomaly: prolonged inactivity 217 min,26.63535,92.801562,21,2026-08-31 10:26:50,2026-08-31 10:28:59,2026-08-31 10:34:12,2026-08-31 10:57:43
197,56,anomaly,high,resolved,AI anomaly: prolonged inactivity 224 min,27.587036,91.860491,12,2026-09-02 10:26:56,2026-09-02 10:29:28,2026-09-02 10:31:15,2026-09-02 10:36:39
198,56,anomaly,high,resolved,AI anomaly: prolonged inactivity 212 min,27.54669,93.830229,21,2026-09-04 10:03:25,2026-09-04 10:05:05,2026-09-04 10:06:55,2026-09-04 10:10:36
199,57,anomaly,high,dispatched,AI anomaly: prolonged inactivity 50 min,27.544025,93.832251,9,2026-08-10 07:56:45,2026-08-10 07:59:29,2026-08-10 08:03:28,
200,57,anomaly,high,resolved,AI anomaly: prolonged inactivity 333 min,26.634034,92.798536,2,2026-08-12 12:07:24,2026-08-12 12:14:29,2026-08-12 12:17:28,2026-08-12 12:45:02
201,57,anomaly,high,resolved,AI anomaly: prolonged inactivity 58 min,26.633096,92.797777,6,2026-08-13 07:35:40,2026-08-13 07:37:21,2026-08-13 07:37:54,2026-08-13 07:45:33
202,57,anomaly,high,dispatched,AI anomaly: prolonged inactivity 52 min,26.633212,92.798649,22,2026-08-14 07:36:46,2026-08-14 07:37:34,2026-08-14 07:38:14,
203,57,anomaly,high,resolved,AI anomaly: prolonged inactivity 477 min,26.183305,91.749465,11,2026-08-15 14:47:29,2026-08-15 14:49:17,2026-08-15 14:58:23,2026-08-15 16:15:53
204,57,anomaly,high,resolved,AI anomaly: prolonged inactivity 55 min,26.183514,91.749574,13,2026-08-16 07:59:16,2026-08-16 08:00:31,2026-08-16 08:01:14,2026-08-16 08:06:57
205,57,anomaly,high,resolved,AI anomaly: prolonged inactivity 46 min,26.183962,91.749994,7,2026-08-17 07:40:37,2026-08-17 07:42:11,2026-08-17 07:45:53,2026-08-17 07:58:17
206,57,anomaly,high,dispatched,AI anomaly: prolonged inactivity 288 min,27.585132,91.858051,14,2026-08-18 11:41:13,2026-08-18 11:44:40,2026-08-18 11:50:29,
207,57,anomaly,high,detected,AI anomaly: prolonged inactivity 57 min,27.584404,91.857925,,2026-08-19 07:59:06,,,
208,58,anomaly,high,resolved,AI anomaly: prolonged inactivity 48 min,26.171657,91.720278,1,2026-08-31 07:39:13,2026-08-31 07:42:11,2026-08-31 07:42:34,2026-08-31 08:09:59
209,60,anomaly,high,dispatched,AI anomaly: prolonged inactivity 49 min,26.106555,91.586684,20,2026-07-25 07:31:22,2026-07-25 07:31:44,2026-07-25 07:35:39,
210,60,anomaly,high,dispatched,AI anomaly: prolonged inactivity 290 min,26.921088,92.879757,3,2026-07-28 11:28:07,2026-07-28 11:29:56,2026-07-28 11:32:22,
211,60,anomaly,high,dispatched,AI anomaly: prolonged inactivity 55 min,26.92041,92.878701,4,2026-07-29 07:43:31,2026-07-29 07:45:43,2026-07-29 07:46:13,
212,60,anomaly,high,resolved,AI anomaly: prolonged inactivity 58 min,26.92025,92.87951,17,2026-07-30 07:41:56,2026-07-30 07:42:22,2026-07-30 07:43:47,2026-07-30 07:50:59
213,60,anomaly,high,resolved,AI anomaly: prolonged inactivity 79 min,26.919554,92.879221,7,2026-07-31 07:54:14,2026-07-31 08:00:05,2026-07-31 08:00:41,2026-07-31 08:56:42
214,60,anomaly,high,resolved,AI anomaly: prolonged inactivity 176 min,26.751881,94.204231,1,2026-08-01 09:52:28,2026-08-01 09:53:17,2026-08-01 09:54:18,2026-08-01 10:01:42
215,60,anomaly,high,resolved,AI anomaly: prolonged inactivity 53 min,26.75198,94.203907,7,2026-08-03 07:49:04,2026-08-03 07:50:33,2026-08-03 08:05:34,2026-08-03 08:08:18
216,61,anomaly,high,resolved,AI anomaly: prolonged inactivity 899 min,26.18669,91.750485,12,2026-08-07 21:38:03,2026-08-07 21:39:02,2026-08-07 21:51:33,2026-08-07 22:01:08
217,61,anomaly,high,resolved,AI anomaly: prolonged inactivity 896 min,26.179901,91.753812,16,2026-08-08 21:34:14,2026-08-08 21:38:14,2026-08-08 21:39:41,2026-08-08 22:00:48
218,62,anomaly,high,resolved,AI anomaly: prolonged inactivity 73 min,26.186185,91.751507,2,2026-07-25 08:01:03,2026-07-25 08:02:02,2026-07-25 08:04:12,2026-07-25 08:13:42
219,62,anomaly,high,resolved,AI anomaly: prolonged inactivity 59 min,26.190442,91.749174,12,2026-07-27 08:03:07,2026-07-27 08:05:57,2026-07-27 08:11:04,2026-07-27 08:16:57
220,62,anomaly,high,resolved,AI anomaly: prolonged inactivity 68 min,26.185039,91.748118,7,2026-07-28 07:47:49,2026-07-28 07:49:50,2026-07-28 07:52:35,2026-07-28 07:56:17
221,63,anomaly,high,resolved,AI anomaly: prolonged inactivity 253 min,26.166093,91.567126,16,2026-08-01 10:43:52,2026-08-01 10:47:06,2026-08-01 10:47:38,2026-08-01 10:55:02
222,64,anomaly,high,acknowledged,AI anomaly: prolonged inactivity 1042 min,26.156569,91.784455,,2026-08-19 00:03:04,2026-08-19 00:03:28,,
223,66,anomaly,high,resolved,AI anomaly: prolonged inactivity 869 min,26.250571,91.514953,2,2026-08-14 21:22:46,2026-08-14 21:25:30,2026-08-14 21:29:28,2026-08-14 21:45:38
224,66,anomaly,high,resolved,AI anomaly: prolonged inactivity 1348 min,26.368053,91.632841,15,2026-08-16 05:00:44,2026-08-16 05:01:50,2026-08-16 05:07:11,2026-08-16 05:25:17
225,66,anomaly,high,dispatched,AI anomaly: prolonged inactivity 1226 min,26.138097,91.778727,3,2026-08-18 03:23:39,2026-08-18 03:24:42,2026-08-18 03:26:10,
226,67,anomaly,high,acknowledged,AI anomaly: prolonged inactivity 58 min,25.93387,91.434427,,2026-07-31 07:47:55,2026-07-31 07:49:04,,
227,67,anomaly,high,resolved,AI anomaly: prolonged inactivity 432 min,26.089582,91.590071,4,2026-08-01 14:13:00,2026-08-01 14:17:45,2026-08-01 14:21:50,2026-08-01 14:25:28
228,67,anomaly,high,resolved,AI anomaly: prolonged inactivity 439 min,26.176547,91.784778,16,2026-08-03 13:55:33,2026-08-03 13:58:25,2026-08-03 14:04:15,2026-08-03 14:08:29
229,68,anomaly,high,dispatched,AI anomaly: prolonged inactivity 49 min,25.676495,94.109648,7,2026-08-15 07:23:10,2026-08-15 07:27:56,2026-08-15 07:29:49,
230,68,anomaly,high,resolved,AI anomaly: prolonged inactivity 75 min,25.677381,94.10912,3,2026-08-18 07:45:41,2026-08-18 07:47:55,2026-08-18 07:50:05,2026-08-18 08:03:04
231,68,anomaly,high,resolved,AI anomaly: prolonged inactivity 325 min,26.576512,93.173589,17,2026-08-19 12:05:52,2026-08-19 12:07:18,2026-08-19 12:08:21,2026-08-19 12:26:58
232,68,geofence,critical,resolved,Restricted-zone entry: Kaziranga Core Zone,26.576512,93.173589,14,2026-08-19 12:05:52,2026-08-19 12:07:17,2026-08-19 12:08:12,2026-08-19 12:20:22
233,68,anomaly,high,resolved,AI anomaly: prolonged inactivity 51 min,26.57581,93.172959,19,2026-08-21 07:58:50,2026-08-21 08:02:06,2026-08-21 08:07:19,2026-08-21 08:28:36
234,68,anomaly,high,resolved,AI anomaly: prolonged inactivity 388 min,26.107492,91.586243,17,2026-08-23 13:18:35,2026-08-23 13:21:21,2026-08-23 13:23:30,2026-08-23 13:59:03
235,68,anomaly,high,dispatched,AI anomaly: prolonged inactivity 49 min,26.107681,91.585633,19,2026-08-24 07:31:20,2026-08-24 07:32:03,2026-08-24 07:32:19,
236,68,anomaly,high,resolved,AI anomaly: prolonged inactivity 48 min,26.107892,91.586526,13,2026-08-25 07:40:19,2026-08-25 07:43:10,2026-08-25 07:43:29,2026-08-25 08:26:43
237,68,anomaly,high,resolved,AI anomaly: prolonged inactivity 56 min,26.106965,91.586017,20,2026-08-26 07:49:11,2026-08-26 07:49:43,2026-08-26 07:53:22,2026-08-26 08:07:12
238,68,anomaly,high,resolved,AI anomaly: prolonged inactivity 355 min,27.332456,88.615457,10,2026-08-28 12:57:14,2026-08-28 12:59:57,2026-08-28 13:00:18,2026-08-28 13:42:33
239,68,anomaly,high,resolved,AI anomaly: prolonged inactivity 45 min,27.331878,88.615125,7,2026-08-29 07:36:19,2026-08-29 07:37:08,2026-08-29 07:37:38,2026-08-29 08:02:50
240,68,anomaly,high,resolved,AI anomaly: prolonged inactivity 81 min,27.331697,88.615388,15,2026-08-31 08:02:42,2026-08-31 08:04:06,2026-08-31 08:11:07,2026-08-31 08:14:57
241,69,anomaly,high,resolved,AI anomaly: prolonged inactivity 64 min,24.817854,93.937738,18,2026-08-21 07:58:39,2026-08-21 08:00:20,2026-08-21 08:18:37,2026-08-21 08:23:17
242,69,anomaly,high,resolved,AI anomaly: prolonged inactivity 64 min,24.81822,93.937397,2,2026-08-22 07:39:06,2026-08-22 07:39:57,2026-08-22 07:40:55,2026-08-22 07:46:07
243,69,anomaly,high,resolved,AI anomaly: prolonged inactivity 50 min,24.817843,93.93746,16,2026-08-24 07:28:45,2026-08-24 07:30:20,2026-08-24 07:36:00,2026-08-24 07:42:13
244,69,anomaly,high,resolved,AI anomaly: prolonged inactivity 162 min,25.580291,91.891468,11,2026-08-26 09:47:49,2026-08-26 09:49:44,2026-08-26 09:54:53,2026-08-26 10:26:11
245,69,anomaly,high,dispatched,AI anomaly: prolonged inactivity 57 min,25.580534,91.892445,5,2026-08-27 07:36:50,2026-08-27 07:41:14,2026-08-27 07:44:56,
246,69,anomaly,high,resolved,AI anomaly: prolonged inactivity 47 min,25.580318,91.891712,17,2026-08-28 07:28:15,2026-08-28 07:32:43,2026-08-28 07:35:01,2026-08-28 07:44:22
247,69,anomaly,high,detected,AI anomaly: prolonged inactivity 66 min,25.579754,91.89213,,2026-08-29 07:47:00,,,
248,69,anomaly,high,acknowledged,AI anomaly: prolonged inactivity 67 min,25.579856,91.892668,,2026-08-31 07:58:38,2026-08-31 08:01:05,,
249,69,anomaly,high,resolved,AI anomaly: prolonged inactivity 390 min,26.104943,91.586537,22,2026-09-01 13:02:53,2026-09-01 13:04:05,2026-09-01 13:07:36,2026-09-01 17:29:24
250,69,anomaly,high,dispatched,AI anomaly: prolonged inactivity 62 min,26.104602,91.586933,13,2026-09-02 07:47:07,2026-09-02 07:47:43,2026-09-02 07:48:05,
251,69,anomaly,high,resolved,AI anomaly: prolonged inactivity 49 min,26.10475,91.586417,2,2026-09-04 07:19:11,2026-09-04 07:19:49,2026-09-04 07:26:44,2026-09-04 08:07:15
252,70,geofence,critical,detected,Restricted-zone entry: Riverside Restricted Area,26.185755,91.762105,,2026-08-23 07:39:15,,,
253,71,geofence,critical,resolved,Restricted-zone entry: Cherrapunji Cliff Edge,25.27557,91.686475,16,2026-08-18 08:00:19,2026-08-18 08:01:17,2026-08-18 08:03:05,2026-08-18 08:08:17
254,71,anomaly,high,resolved,AI anomaly: prolonged inactivity 76 min,25.288935,91.682438,17,2026-08-20 07:58:56,2026-08-20 08:02:56,2026-08-20 08:05:14,2026-08-20 08:43:58
255,71,anomaly,high,resolved,AI anomaly: prolonged inactivity 205 min,25.578093,91.893753,16,2026-08-21 09:56:53,2026-08-21 09:58:45,2026-08-21 10:00:33,2026-08-21 10:15:59
256,72,anomaly,high,dispatched,AI anomaly: prolonged inactivity 64 min,26.95038,94.16867,21,2026-08-28 08:01:03,2026-08-28 08:03:08,2026-08-28 08:04:23,
257,72,anomaly,high,resolved,AI anomaly: prolonged inactivity 138 min,26.749863,94.204776,5,2026-08-29 09:16:07,2026-08-29 09:17:40,2026-08-29 09:18:54,2026-08-29 09:35:27
258,72,anomaly,high,resolved,AI anomaly: prolonged inactivity 414 min,26.98145,94.642206,1,2026-08-30 13:36:51,2026-08-30 13:40:43,2026-08-30 13:41:37,2026-08-30 13:56:41
259,72,anomaly,high,resolved,AI anomaly: prolonged inactivity 221 min,26.578816,93.172363,16,2026-09-01 10:18:38,2026-09-01 10:19:13,2026-09-01 10:22:51,2026-09-01 10:49:34
260,72,geofence,critical,resolved,Restricted-zone entry: Kaziranga Core Zone,26.578816,93.172363,15,2026-09-01 10:18:38,2026-09-01 10:21:10,2026-09-01 10:22:48,2026-09-01 10:32:10
261,72,anomaly,high,resolved,AI anomaly: prolonged inactivity 176 min,26.632364,92.802269,20,2026-09-02 09:29:24,2026-09-02 09:29:55,2026-09-02 09:30:50,2026-09-02 09:50:44
262,72,anomaly,high,resolved,AI anomaly: prolonged inactivity 46 min,26.632819,92.802804,20,2026-09-03 07:36:55,2026-09-03 07:37:16,2026-09-03 07:37:43,2026-09-03 07:56:12
263,72,anomaly,high,detected,AI anomaly: prolonged inactivity 166 min,26.105634,91.586105,,2026-09-04 09:29:28,,,
264,72,missing_person,critical,dispatched,Ishita Das has not reported a location for over 6 hours,26.105835,91.585723,18,2026-09-05 06:30:57,2026-09-05 06:33:37,2026-09-05 06:35:24,
265,73,geofence,critical,resolved,Restricted-zone entry: Riverside Restricted Area,26.185789,91.763897,14,2026-08-15 09:33:09,2026-08-15 09:33:45,2026-08-15 09:49:13,2026-08-15 09:57:14
266,73,anomaly,high,resolved,AI anomaly: prolonged inactivity 59 min,26.187258,91.753038,9,2026-08-16 07:40:59,2026-08-16 07:46:52,2026-08-16 07:49:02,2026-08-16 08:05:18
267,75,anomaly,high,resolved,AI anomaly: prolonged inactivity 67 min,26.139371,91.778676,11,2026-08-15 08:00:49,2026-08-15 08:07:58,2026-08-15 08:08:32,2026-08-15 09:22:07
268,75,anomaly,high,dispatched,AI anomaly: prolonged inactivity 303 min,26.249919,91.518491,6,2026-08-16 11:35:54,2026-08-16 11:36:36,2026-08-16 11:37:10,
269,75,anomaly,high,resolved,AI anomaly: prolonged inactivity 69 min,26.250739,91.519322,14,2026-08-17 07:40:58,2026-08-17 07:48:32,2026-08-17 07:49:53,2026-08-17 07:52:42
270,75,anomaly,high,resolved,AI anomaly: prolonged inactivity 158 min,26.36824,91.634865,21,2026-08-18 09:25:36,2026-08-18 09:26:36,2026-08-18 09:29:30,2026-08-18 10:00:24
271,75,anomaly,high,detected,AI anomaly: prolonged inactivity 49 min,26.366722,91.635226,,2026-08-19 07:45:22,,,
272,76,anomaly,high,resolved,AI anomaly: prolonged inactivity 54 min,25.934672,91.432526,19,2026-08-20 07:37:34,2026-08-20 07:40:54,2026-08-20 07:43:24,2026-08-20 07:52:37
273,76,anomaly,high,resolved,AI anomaly: prolonged inactivity 243 min,26.0955,91.606758,18,2026-08-21 10:44:27,2026-08-21 10:46:23,2026-08-21 10:48:14,2026-08-21 11:29:40
274,76,geofence,critical,dispatched,Restricted-zone entry: Deepor Beel Wetland Edge,26.12015,91.650148,16,2026-08-21 12:00:11,2026-08-21 12:00:36,2026-08-21 12:02:23,
275,76,anomaly,high,resolved,AI anomaly: prolonged inactivity 261 min,26.180179,91.785145,5,2026-08-22 11:11:09,2026-08-22 11:12:45,2026-08-22 11:14:17,2026-08-22 11:27:31
276,76,anomaly,high,dispatched,AI anomaly: prolonged inactivity 258 min,26.231652,92.082209,16,2026-08-23 11:14:43,2026-08-23 11:15:17,2026-08-23 11:19:57,
277,77,anomaly,high,detected,AI anomaly: prolonged inactivity 195 min,26.092194,91.590208,,2026-09-03 09:55:37,,,
278,77,anomaly,high,resolved,AI anomaly: prolonged inactivity 154 min,26.233818,92.08166,4,2026-09-04 09:20:24,2026-09-04 09:21:08,2026-09-04 09:29:43,2026-09-04 09:47:33
279,78,geofence,critical,dispatched,Restricted-zone entry: Deepor Beel Wetland Edge,26.118802,91.649758,2,2026-07-22 09:21:08,2026-07-22 09:25:31,2026-07-22 09:29:59,
280,78,anomaly,high,resolved,AI anomaly: prolonged inactivity 169 min,26.234851,92.083944,16,2026-07-24 09:29:26,2026-07-24 09:31:29,2026-07-24 09:31:41,2026-07-24 09:38:26
281,78,anomaly,high,resolved,AI anomaly: prolonged inactivity 146 min,26.235714,92.083451,7,2026-07-25 08:58:48,2026-07-25 09:00:56,2026-07-25 09:01:46,2026-07-25 09:10:46
282,79,anomaly,high,resolved,AI anomaly: prolonged inactivity 911 min,26.150472,91.769743,21,2026-08-06 21:42:22,2026-08-06 21:43:42,2026-08-06 21:51:50,2026-08-06 21:55:34
283,79,anomaly,high,resolved,AI anomaly: prolonged inactivity 891 min,26.138401,91.778912,20,2026-08-07 21:28:10,2026-08-07 21:30:02,2026-08-07 21:38:48,2026-08-07 22:44:45
284,79,anomaly,high,resolved,AI anomaly: prolonged inactivity 1066 min,26.366464,91.633851,22,2026-08-09 00:44:43,2026-08-09 00:46:53,2026-08-09 00:48:30,2026-08-09 00:58:46
285,80,anomaly,high,resolved,AI anomaly: prolonged inactivity 48 min,26.185479,91.747595,1,2026-09-03 07:36:25,2026-09-03 07:37:10,2026-09-03 07:39:35,2026-09-03 08:54:29
286,80,anomaly,high,resolved,AI anomaly: prolonged inactivity 68 min,26.185788,91.74766,15,2026-09-04 07:46:50,2026-09-04 07:48:01,2026-09-04 07:51:04,2026-09-04 08:21:38
287,81,anomaly,high,dispatched,AI anomaly: prolonged inactivity 1222 min,26.249278,91.514991,22,2026-08-18 02:54:57,2026-08-18 02:58:14,2026-08-18 03:00:22,
288,82,anomaly,high,resolved,AI anomaly: prolonged inactivity 55 min,27.585913,91.860805,14,2026-08-12 07:29:18,2026-08-12 07:30:02,2026-08-12 07:38:09,2026-08-12 07:50:26
289,82,anomaly,high,resolved,AI anomaly: prolonged inactivity 484 min,26.634186,92.800657,4,2026-08-13 14:58:02,2026-08-13 14:58:35,2026-08-13 15:03:57,2026-08-13 15:11:10
290,82,anomaly,high,acknowledged,AI anomaly: prolonged inactivity 61 min,26.63397,92.800522,,2026-08-14 07:51:56,2026-08-14 07:52:44,,
291,82,anomaly,high,resolved,AI anomaly: prolonged inactivity 255 min,26.183047,91.753443,17,2026-08-15 10:57:51,2026-08-15 10:58:09,2026-08-15 10:59:05,2026-08-15 11:15:08
292,82,anomaly,high,resolved,AI anomaly: prolonged inactivity 82 min,26.182897,91.753886,22,2026-08-16 07:57:29,2026-08-16 07:59:15,2026-08-16 07:59:45,2026-08-16 08:12:40
293,82,anomaly,high,resolved,AI anomaly: prolonged inactivity 436 min,27.543226,93.833001,11,2026-08-17 13:55:03,2026-08-17 13:56:04,2026-08-17 14:06:49,2026-08-17 14:20:14
294,82,anomaly,high,resolved,AI anomaly: prolonged inactivity 49 min,27.543072,93.832082,5,2026-08-18 07:45:45,2026-08-18 07:51:21,2026-08-18 07:53:13,2026-08-18 08:11:37
295,83,anomaly,high,resolved,AI anomaly: prolonged inactivity 73 min,26.633554,92.798438,16,2026-08-03 08:00:57,2026-08-03 08:02:05,2026-08-03 08:04:47,2026-08-03 08:37:36
296,83,anomaly,high,resolved,AI anomaly: prolonged inactivity 52 min,26.63367,92.797889,21,2026-08-04 07:25:15,2026-08-04 07:26:25,2026-08-04 07:26:57,2026-08-04 09:43:03
297,83,anomaly,high,dispatched,AI anomaly: prolonged inactivity 341 min,26.183998,91.750341,1,2026-08-05 12:31:39,2026-08-05 12:33:13,2026-08-05 12:34:51,
298,83,anomaly,high,resolved,AI anomaly: prolonged inactivity 64 min,26.183534,91.750333,14,2026-08-06 07:48:31,2026-08-06 07:49:02,2026-08-06 07:51:09,2026-08-06 08:01:10
299,83,anomaly,high,detected,AI anomaly: prolonged inactivity 48 min,26.184126,91.750499,,2026-08-07 07:38:45,,,
300,83,anomaly,high,detected,AI anomaly: prolonged inactivity 385 min,27.584079,91.862026,,2026-08-08 12:56:34,,,
301,83,anomaly,high,resolved,AI anomaly: prolonged inactivity 55 min,27.585401,91.862103,17,2026-08-09 07:43:07,2026-08-09 07:44:22,2026-08-09 07:55:56,2026-08-09 08:04:32
302,83,anomaly,high,resolved,AI anomaly: prolonged inactivity 47 min,27.584408,91.862056,17,2026-08-10 07:28:59,2026-08-10 07:29:27,2026-08-10 07:30:17,2026-08-10 07:36:49
303,83,anomaly,high,resolved,AI anomaly: prolonged inactivity 389 min,27.545407,93.829995,13,2026-08-11 13:01:12,2026-08-11 13:02:31,2026-08-11 13:08:58,2026-08-11 13:37:13
304,84,anomaly,high,resolved,AI anomaly: prolonged inactivity 60 min,26.364134,91.633127,3,2026-08-13 07:56:41,2026-08-13 07:57:10,2026-08-13 07:58:41,2026-08-13 08:16:05
305,84,anomaly,high,resolved,AI anomaly: prolonged inactivity 460 min,26.247905,91.515993,4,2026-08-14 14:29:42,2026-08-14 14:31:54,2026-08-14 14:35:10,2026-08-14 14:42:01
306,84,anomaly,high,resolved,AI anomaly: prolonged inactivity 318 min,26.168064,91.768715,11,2026-08-16 12:09:50,2026-08-16 12:12:52,2026-08-16 12:15:29,2026-08-16 12:16:12
307,84,geofence,critical,resolved,Restricted-zone entry: Riverside Restricted Area,26.173993,91.777847,22,2026-08-16 12:21:12,2026-08-16 12:22:10,2026-08-16 12:24:04,2026-08-16 12:56:09
308,85,anomaly,high,dispatched,AI anomaly: prolonged inactivity 78 min,25.676969,94.10903,21,2026-07-30 07:55:12,2026-07-30 07:57:26,2026-07-30 07:57:45,
309,85,anomaly,high,resolved,AI anomaly: prolonged inactivity 52 min,25.676629,94.108452,21,2026-07-31 07:42:22,2026-07-31 07:43:36,2026-07-31 07:44:14,2026-07-31 08:17:20
310,85,anomaly,high,dispatched,AI anomaly: prolonged inactivity 167 min,26.57724,93.171522,6,2026-08-01 09:28:28,2026-08-01 09:29:31,2026-08-01 09:30:56,
311,85,geofence,critical,resolved,Restricted-zone entry: Kaziranga Core Zone,26.57724,93.171522,15,2026-08-01 09:28:28,2026-08-01 09:31:49,2026-08-01 09:35:15,2026-08-01 10:19:45
312,85,anomaly,high,resolved,AI anomaly: prolonged inactivity 57 min,26.577451,93.171021,11,2026-08-03 07:52:44,2026-08-03 07:53:21,2026-08-03 07:57:44,2026-08-03 08:00:55
313,85,anomaly,high,resolved,AI anomaly: prolonged inactivity 351 min,25.577198,91.892322,21,2026-08-04 12:35:33,2026-08-04 12:36:14,2026-08-04 12:40:17,2026-08-04 13:24:38
314,85,anomaly,high,resolved,AI anomaly: prolonged inactivity 78 min,25.57665,91.893024,12,2026-08-05 07:59:23,2026-08-05 08:00:04,2026-08-05 08:02:55,2026-08-05 08:36:15
315,85,anomaly,high,resolved,AI anomaly: prolonged inactivity 59 min,25.577142,91.89341,2,2026-08-06 07:32:41,2026-08-06 07:33:16,2026-08-06 07:34:53,2026-08-06 08:19:38
316,85,anomaly,high,resolved,AI anomaly: prolonged inactivity 403 min,23.831135,91.286612,9,2026-08-07 13:32:30,2026-08-07 13:34:27,2026-08-07 13:35:24,2026-08-07 13:40:54
317,85,anomaly,high,resolved,AI anomaly: prolonged inactivity 63 min,23.830768,91.28552,7,2026-08-09 07:46:55,2026-08-09 07:50:57,2026-08-09 07:52:12,2026-08-09 08:13:47
318,85,anomaly,high,resolved,AI anomaly: prolonged inactivity 426 min,27.333069,88.614251,5,2026-08-10 13:56:16,2026-08-10 13:57:45,2026-08-10 14:00:22,2026-08-10 14:17:03
319,86,anomaly,high,detected,AI anomaly: prolonged inactivity 58 min,26.168699,91.776809,,2026-08-27 07:57:24,,,
320,86,anomaly,high,resolved,AI anomaly: prolonged inactivity 180 min,26.248902,91.516989,12,2026-08-28 09:31:59,2026-08-28 09:32:48,2026-08-28 09:37:20,2026-08-28 09:45:20
321,86,anomaly,high,resolved,AI anomaly: prolonged inactivity 200 min,26.367016,91.631955,7,2026-08-29 10:00:50,2026-08-29 10:04:43,2026-08-29 10:05:39,2026-08-29 10:19:51
322,87,anomaly,high,resolved,AI anomaly: prolonged inactivity 904 min,26.183591,91.749341,3,2026-07-26 21:37:16,2026-07-26 21:40:10,2026-07-26 21:45:13,2026-07-26 23:00:27
323,87,anomaly,high,resolved,AI anomaly: prolonged inactivity 908 min,26.184623,91.749652,13,2026-07-27 21:40:57,2026-07-27 21:42:39,2026-07-27 21:43:33,2026-07-27 23:38:53
324,87,anomaly,high,resolved,AI anomaly: prolonged inactivity 1154 min,26.636051,92.799464,1,2026-07-29 01:58:03,2026-07-29 02:01:22,2026-07-29 02:04:52,2026-07-29 03:45:17
325,87,anomaly,high,resolved,AI anomaly: prolonged inactivity 889 min,26.635349,92.800199,3,2026-07-30 21:28:58,2026-07-30 21:29:40,2026-07-30 21:32:02,2026-07-30 21:47:39
326,87,anomaly,high,resolved,AI anomaly: prolonged inactivity 1119 min,27.584117,91.859654,18,2026-08-01 01:34:46,2026-08-01 01:36:20,2026-08-01 01:39:00,2026-08-01 02:56:46
327,87,anomaly,high,resolved,AI anomaly: prolonged inactivity 887 min,27.585379,91.860699,18,2026-08-02 21:40:25,2026-08-02 21:40:40,2026-08-02 21:50:19,2026-08-02 22:10:41
328,87,anomaly,high,resolved,AI anomaly: prolonged inactivity 1011 min,27.543789,93.833143,7,2026-08-03 23:50:47,2026-08-03 23:52:16,2026-08-04 00:05:35,2026-08-04 00:27:16
329,87,anomaly,high,resolved,AI anomaly: prolonged inactivity 886 min,27.543914,93.834732,18,2026-08-04 21:52:27,2026-08-04 21:53:03,2026-08-04 21:54:01,2026-08-04 22:31:30
330,87,anomaly,high,resolved,AI anomaly: prolonged inactivity 860 min,27.543368,93.834395,3,2026-08-05 21:16:41,2026-08-05 21:17:28,2026-08-05 21:19:12,2026-08-05 21:29:20
331,88,anomaly,high,resolved,AI anomaly: prolonged inactivity 137 min,26.10668,91.587717,5,2026-08-31 09:20:31,2026-08-31 09:23:20,2026-08-31 09:28:29,2026-08-31 09:53:10
332,89,anomaly,high,resolved,AI anomaly: prolonged inactivity 56 min,26.633172,92.798448,16,2026-07-27 07:27:30,2026-07-27 07:31:03,2026-07-27 07:34:03,2026-07-27 07:42:51
333,89,anomaly,high,resolved,AI anomaly: prolonged inactivity 91 min,26.63373,92.798128,8,2026-07-28 08:02:44,2026-07-28 08:04:23,2026-07-28 08:05:29,2026-07-28 08:33:17
334,89,anomaly,high,dispatched,AI anomaly: prolonged inactivity 282 min,26.184665,91.750235,9,2026-07-29 11:28:55,2026-07-29 11:30:18,2026-07-29 11:30:52,
335,89,anomaly,high,resolved,AI anomaly: prolonged inactivity 53 min,26.184408,91.749965,18,2026-07-30 07:25:50,2026-07-30 07:26:31,2026-07-30 07:32:11,2026-07-30 07:53:17
336,89,anomaly,high,dispatched,AI anomaly: prolonged inactivity 144 min,27.543357,93.834137,4,2026-08-01 09:07:01,2026-08-01 09:10:11,2026-08-01 09:14:55,
337,90,anomaly,high,resolved,AI anomaly: prolonged inactivity 394 min,26.248657,91.514358,5,2026-08-03 13:10:30,2026-08-03 13:13:55,2026-08-03 13:23:21,2026-08-03 13:44:08
338,90,anomaly,high,dispatched,AI anomaly: prolonged inactivity 341 min,26.148094,91.772347,16,2026-08-04 12:28:47,2026-08-04 12:29:54,2026-08-04 12:30:58,
339,91,geofence,critical,acknowledged,Restricted-zone entry: Riverside Restricted Area,26.180728,91.762093,,2026-08-04 07:41:58,2026-08-04 07:44:53,,
340,91,anomaly,high,resolved,AI anomaly: prolonged inactivity 76 min,26.180931,91.762711,4,2026-08-05 08:02:43,2026-08-05 08:04:05,2026-08-05 08:15:45,2026-08-05 08:48:34
341,91,anomaly,high,dispatched,AI anomaly: prolonged inactivity 144 min,26.167973,91.566669,21,2026-08-06 09:16:44,2026-08-06 09:19:51,2026-08-06 09:26:18,
342,91,anomaly,high,resolved,AI anomaly: prolonged inactivity 72 min,26.167799,91.566762,6,2026-08-07 08:00:33,2026-08-07 08:03:44,2026-08-07 08:13:29,2026-08-07 08:31:42
343,92,geofence,critical,resolved,Restricted-zone entry: Deepor Beel Wetland Edge,26.120421,91.651026,2,2026-08-11 07:04:25,2026-08-11 07:08:05,2026-08-11 07:12:54,2026-08-11 07:21:34
344,92,anomaly,high,resolved,AI anomaly: prolonged inactivity 201 min,26.178639,91.785071,3,2026-08-13 10:08:35,2026-08-13 10:15:42,2026-08-13 10:21:50,2026-08-13 10:39:15
345,92,anomaly,high,resolved,AI anomaly: prolonged inactivity 249 min,26.178322,91.784824,11,2026-08-14 10:46:29,2026-08-14 10:49:41,2026-08-14 10:52:02,2026-08-14 11:02:05
346,92,anomaly,high,resolved,AI anomaly: prolonged inactivity 358 min,26.232092,92.08412,17,2026-08-15 12:58:59,2026-08-15 13:00:11,2026-08-15 13:00:21,2026-08-15 13:38:06
347,93,anomaly,high,resolved,AI anomaly: prolonged inactivity 83 min,26.168337,91.767277,4,2026-08-30 07:56:54,2026-08-30 07:58:34,2026-08-30 08:00:56,2026-08-30 08:06:39
348,93,anomaly,high,detected,AI anomaly: prolonged inactivity 435 min,26.107971,91.585146,,2026-08-31 13:50:25,,,
349,95,geofence,critical,detected,Restricted-zone entry: Riverside Restricted Area,26.185134,91.762403,,2026-07-28 09:57:15,,,
350,95,anomaly,high,resolved,AI anomaly: prolonged inactivity 152 min,26.248624,91.516797,18,2026-07-30 09:08:27,2026-07-30 09:10:39,2026-07-30 09:13:45,2026-07-30 10:57:44
351,95,anomaly,high,resolved,AI anomaly: prolonged inactivity 48 min,26.248329,91.517022,10,2026-07-31 07:32:32,2026-07-31 07:33:30,2026-07-31 07:34:11,2026-07-31 07:49:13
352,95,anomaly,high,resolved,AI anomaly: prolonged inactivity 275 min,26.367137,91.633864,12,2026-08-01 11:18:47,2026-08-01 11:19:47,2026-08-01 11:22:53,2026-08-01 11:26:42
353,95,fall_detected,critical,resolved,Possible fall detected by Tanvir Rahman's band,26.248624,91.516797,22,2026-07-30 09:08:27,2026-07-30 09:12:26,2026-07-30 09:19:35,2026-07-30 09:41:04
354,96,geofence,critical,resolved,Restricted-zone entry: Riverside Restricted Area,26.176494,91.762199,4,2026-09-02 09:45:38,2026-09-02 09:47:18,2026-09-02 09:50:02,2026-09-02 10:03:58
355,96,anomaly,high,resolved,AI anomaly: prolonged inactivity 190 min,26.199092,91.601543,10,2026-09-04 09:51:07,2026-09-04 09:51:59,2026-09-04 09:53:34,2026-09-04 10:09:37
356,98,anomaly,high,dispatched,AI anomaly: unusual movement pattern,26.158249,91.711925,16,2026-07-27 07:11:23,2026-07-27 07:11:52,2026-07-27 07:12:37,
357,98,anomaly,high,resolved,AI anomaly: prolonged inactivity 46 min,26.18796,91.747866,8,2026-07-28 07:25:39,2026-07-28 07:29:08,2026-07-28 07:36:20,2026-07-28 08:20:35
358,98,geofence,critical,resolved,Restricted-zone entry: Riverside Restricted Area,26.184869,91.763562,7,2026-07-28 09:04:27,2026-07-28 09:04:53,2026-07-28 09:11:09,2026-07-28 09:35:03
359,99,anomaly,high,resolved,AI anomaly: prolonged inactivity 73 min,26.186892,91.745278,19,2026-09-04 07:55:58,2026-09-04 07:57:21,2026-09-04 08:15:27,2026-09-04 08:34:44
360,99,anomaly,high,resolved,AI anomaly: prolonged inactivity 57 min,26.18564,91.744127,12,2026-09-05 07:33:45,2026-09-05 07:34:23,2026-09-05 07:38:29,2026-09-05 07:55:52
361,100,geofence,critical,resolved,Restricted-zone entry: Riverside Restricted Area,26.18641,91.763081,17,2026-08-28 07:41:47,2026-08-28 07:43:36,2026-08-28 07:51:12,2026-08-28 07:58:46
362,100,anomaly,high,resolved,AI anomaly: prolonged inactivity 72 min,26.182173,91.746275,11,2026-08-29 07:49:01,2026-08-29 07:51:14,2026-08-29 07:53:00,2026-08-29 08:08:36
363,100,anomaly,high,resolved,AI anomaly: prolonged inactivity 47 min,26.137749,91.712196,20,2026-08-31 07:34:57,2026-08-31 07:38:18,2026-08-31 07:39:35,2026-08-31 07:50:56
364,101,geofence,critical,resolved,Restricted-zone entry: Riverside Restricted Area,26.179961,91.765429,16,2026-07-25 09:19:07,2026-07-25 09:20:19,2026-07-25 09:32:52,2026-07-25 09:35:50
365,101,anomaly,high,acknowledged,AI anomaly: prolonged inactivity 265 min,26.168535,91.564506,,2026-07-26 11:15:37,2026-07-26 11:16:00,,
366,102,anomaly,high,dispatched,AI anomaly: prolonged inactivity 58 min,26.191979,91.745824,4,2026-07-27 07:33:08,2026-07-27 07:35:34,2026-07-27 07:36:28,
367,105,anomaly,high,resolved,AI anomaly: prolonged inactivity 83 min,26.631883,92.800142,18,2026-08-29 08:01:32,2026-08-29 08:03:00,2026-08-29 08:03:14,2026-08-29 08:07:59
368,105,anomaly,high,dispatched,AI anomaly: prolonged inactivity 51 min,26.63241,92.800192,16,2026-08-30 07:58:53,2026-08-30 08:02:14,2026-08-30 08:04:15,
369,105,anomaly,high,resolved,AI anomaly: prolonged inactivity 166 min,26.1844,91.751719,11,2026-08-31 09:19:38,2026-08-31 09:21:03,2026-08-31 09:22:06,2026-08-31 09:44:19
370,105,anomaly,high,resolved,AI anomaly: prolonged inactivity 55 min,26.183762,91.751944,17,2026-09-01 07:26:10,2026-09-01 07:28:01,2026-09-01 07:28:33,2026-09-01 07:35:48
371,105,anomaly,high,resolved,AI anomaly: prolonged inactivity 413 min,27.58428,91.858395,16,2026-09-02 13:32:32,2026-09-02 13:36:16,2026-09-02 13:36:58,2026-09-02 13:44:19
372,105,anomaly,high,resolved,AI anomaly: prolonged inactivity 318 min,27.543631,93.830203,5,2026-09-04 11:56:38,2026-09-04 11:57:44,2026-09-04 12:00:39,2026-09-04 12:07:19
373,106,anomaly,high,resolved,AI anomaly: prolonged inactivity 68 min,26.176127,91.753042,22,2026-08-13 07:57:41,2026-08-13 08:00:14,2026-08-13 08:02:42,2026-08-13 08:04:47
374,106,sos,critical,resolved,SOS triggered by Nikhil Bora: Boat is taking on water in the middle of the river.,26.169722,91.76153,11,2026-08-13 11:46:52,2026-08-13 11:50:30,2026-08-13 11:52:29,2026-08-13 12:02:06
375,109,geofence,critical,dispatched,Restricted-zone entry: Riverside Restricted Area,26.18566,91.762451,10,2026-08-13 08:04:19,2026-08-13 08:07:14,2026-08-13 08:15:41,
376,109,anomaly,high,resolved,AI anomaly: prolonged inactivity 55 min,26.185386,91.755184,13,2026-08-14 07:28:46,2026-08-14 07:29:23,2026-08-14 07:31:35,2026-08-14 07:41:46
377,110,anomaly,high,resolved,AI anomaly: unusual movement pattern,26.176312,91.805129,12,2026-08-30 07:16:43,2026-08-30 07:17:28,2026-08-30 07:23:54,2026-08-30 07:57:39
378,110,anomaly,high,resolved,AI anomaly: prolonged inactivity 58 min,26.146132,91.785898,5,2026-08-31 07:38:47,2026-08-31 07:39:14,2026-08-31 07:41:28,2026-08-31 07:51:35
379,112,anomaly,high,resolved,AI anomaly: prolonged inactivity 60 min,25.578479,91.891911,9,2026-07-28 07:37:03,2026-07-28 07:39:09,2026-07-28 07:47:19,2026-07-28 07:56:56
380,112,anomaly,high,dispatched,AI anomaly: prolonged inactivity 402 min,25.274322,91.68654,10,2026-07-29 13:36:13,2026-07-29 13:37:02,2026-07-29 13:40:21,
381,112,geofence,critical,resolved,Restricted-zone entry: Cherrapunji Cliff Edge,25.274322,91.68654,5,2026-07-29 13:36:13,2026-07-29 13:39:34,2026-07-29 13:41:46,2026-07-29 14:21:16
382,112,anomaly,high,resolved,AI anomaly: prolonged inactivity 50 min,25.273993,91.686186,4,2026-07-30 07:54:56,2026-07-30 07:57:28,2026-07-30 07:58:17,2026-07-30 08:19:30
383,112,anomaly,high,resolved,AI anomaly: prolonged inactivity 228 min,25.191343,92.018247,9,2026-07-31 10:30:06,2026-07-31 10:31:50,2026-07-31 10:32:38,2026-07-31 10:53:57
384,112,geofence,critical,dispatched,Restricted-zone entry: Dawki Border Belt,25.190213,92.018691,10,2026-07-31 10:36:57,2026-07-31 10:39:09,2026-07-31 10:39:55,
385,113,anomaly,high,dispatched,AI anomaly: prolonged inactivity 162 min,25.246085,91.713253,1,2026-09-05 09:14:14,2026-09-05 09:15:24,2026-09-05 09:16:08,
386,114,anomaly,high,dispatched,AI anomaly: prolonged inactivity 349 min,26.177902,91.786289,9,2026-07-25 12:23:07,2026-07-25 12:25:53,2026-07-25 12:27:15,
387,114,anomaly,high,resolved,AI anomaly: prolonged inactivity 432 min,26.231366,92.082401,2,2026-07-26 14:07:29,2026-07-26 14:10:09,2026-07-26 14:12:15,2026-07-26 14:46:10
388,114,anomaly,high,resolved,AI anomaly: prolonged inactivity 409 min,25.933776,91.434457,16,2026-07-27 13:51:17,2026-07-27 14:07:19,2026-07-27 14:10:40,2026-07-27 14:31:34
389,115,anomaly,high,resolved,AI anomaly: prolonged inactivity 45 min,26.183187,91.741914,9,2026-08-16 07:16:50,2026-08-16 07:17:44,2026-08-16 07:18:42,2026-08-16 07:29:47
390,115,anomaly,high,dispatched,AI anomaly: prolonged inactivity 79 min,26.174035,91.720791,6,2026-08-17 07:50:49,2026-08-17 07:51:16,2026-08-17 07:52:37,
391,116,anomaly,high,resolved,AI anomaly: prolonged inactivity 316 min,26.114654,91.635766,17,2026-08-06 11:51:39,2026-08-06 11:51:59,2026-08-06 12:01:56,2026-08-06 12:08:37
392,116,geofence,critical,resolved,Restricted-zone entry: Deepor Beel Wetland Edge,26.120596,91.649489,2,2026-08-06 12:11:18,2026-08-06 12:15:46,2026-08-06 12:19:14,2026-08-06 12:32:26
393,116,anomaly,high,acknowledged,AI anomaly: prolonged inactivity 421 min,25.932214,91.43353,,2026-08-07 14:04:45,2026-08-07 14:06:55,,
394,117,anomaly,high,acknowledged,AI anomaly: prolonged inactivity 66 min,26.632532,92.801276,,2026-08-15 07:51:30,2026-08-15 07:57:30,,
395,117,anomaly,high,dispatched,AI anomaly: prolonged inactivity 426 min,26.183951,91.751973,12,2026-08-16 13:52:42,2026-08-16 13:54:49,2026-08-16 13:56:46,
396,117,anomaly,high,dispatched,AI anomaly: prolonged inactivity 500 min,27.587297,91.858148,8,2026-08-18 15:04:48,2026-08-18 15:05:22,2026-08-18 15:07:18,
397,117,anomaly,high,resolved,AI anomaly: prolonged inactivity 62 min,27.587525,91.859,16,2026-08-19 07:52:43,2026-08-19 07:53:34,2026-08-19 07:54:12,2026-08-19 08:00:40
398,117,anomaly,high,acknowledged,AI anomaly: prolonged inactivity 263 min,27.545047,93.830773,,2026-08-20 11:13:28,2026-08-20 11:14:09,,
399,118,anomaly,high,resolved,AI anomaly: prolonged inactivity 354 min,26.178012,91.787381,1,2026-08-23 12:43:52,2026-08-23 12:56:47,2026-08-23 12:58:39,2026-08-23 13:03:39
400,119,anomaly,high,resolved,AI anomaly: prolonged inactivity 66 min,26.633552,92.798544,5,2026-08-16 07:50:56,2026-08-16 07:53:09,2026-08-16 07:56:02,2026-08-16 08:23:16
401,119,anomaly,high,detected,AI anomaly: prolonged inactivity 461 min,26.18384,91.753532,,2026-08-18 14:25:40,,,
402,119,anomaly,high,acknowledged,AI anomaly: prolonged inactivity 316 min,27.586085,91.859128,,2026-08-21 12:00:19,2026-08-21 12:02:01,,
403,119,anomaly,high,resolved,AI anomaly: prolonged inactivity 45 min,27.58556,91.859459,5,2026-08-22 07:17:34,2026-08-22 07:20:08,2026-08-22 07:28:39,2026-08-22 07:49:04
404,119,anomaly,high,detected,AI anomaly: prolonged inactivity 220 min,27.544925,93.830895,,2026-08-24 10:36:46,,,
405,119,sos,critical,resolved,SOS triggered by Ishita Gogoi: Help! I am being followed by two men on a motorcycle.,27.586357,91.858461,5,2026-08-23 15:07:50,2026-08-23 15:08:35,2026-08-23 15:09:26,2026-08-23 15:19:28
406,120,anomaly,high,resolved,AI anomaly: prolonged inactivity 293 min,26.25162,91.518367,2,2026-09-05 11:36:26,2026-09-05 11:38:27,2026-09-05 11:43:42,2026-09-05 11:47:08
407,121,anomaly,high,resolved,AI anomaly: prolonged inactivity 63 min,26.183968,91.750644,5,2026-08-07 07:42:10,2026-08-07 07:47:03,2026-08-07 07:47:46,2026-08-07 07:59:47
408,121,anomaly,high,resolved,AI anomaly: prolonged inactivity 447 min,25.628793,91.890361,16,2026-08-08 14:18:03,2026-08-08 14:18:51,2026-08-08 14:19:40,2026-08-08 14:46:52
409,121,anomaly,high,resolved,AI anomaly: prolonged inactivity 391 min,25.248639,91.715704,6,2026-08-09 13:01:44,2026-08-09 13:03:40,2026-08-09 13:04:49,2026-08-09 13:24:55
410,121,anomaly,high,resolved,AI anomaly: prolonged inactivity 390 min,25.199029,91.940732,10,2026-08-10 13:22:49,2026-08-10 13:23:24,2026-08-10 13:27:19,2026-08-10 14:13:35
411,122,anomaly,high,resolved,AI anomaly: prolonged inactivity 77 min,26.126862,91.799454,12,2026-08-30 08:03:17,2026-08-30 08:03:39,2026-08-30 08:06:17,2026-08-30 08:35:05
412,122,anomaly,high,resolved,AI anomaly: prolonged inactivity 326 min,26.367366,91.632405,17,2026-09-01 12:20:49,2026-09-01 12:27:19,2026-09-01 12:30:06,2026-09-01 13:29:01
413,122,anomaly,high,acknowledged,AI anomaly: prolonged inactivity 53 min,26.36715,91.63336,,2026-09-03 07:30:31,2026-09-03 07:33:08,,
414,123,anomaly,high,resolved,AI anomaly: prolonged inactivity 396 min,26.365813,91.633027,2,2026-08-28 13:13:47,2026-08-28 13:15:07,2026-08-28 13:16:04,2026-08-28 13:29:47
415,123,missing_person,critical,resolved,Junmoni Kumar has not reported a location for over 6 hours,26.364475,91.632955,8,2026-08-29 06:30:58,2026-08-29 06:32:04,2026-08-29 06:34:56,2026-08-29 06:53:16
416,124,anomaly,high,resolved,AI anomaly: prolonged inactivity 57 min,25.658936,91.888177,2,2026-07-24 07:35:45,2026-07-24 07:37:08,2026-07-24 07:38:26,2026-07-24 07:45:16
417,124,anomaly,high,resolved,AI anomaly: prolonged inactivity 345 min,25.281223,91.683969,4,2026-07-26 12:37:56,2026-07-26 12:39:00,2026-07-26 12:40:54,2026-07-26 12:47:55
418,124,geofence,critical,resolved,Restricted-zone entry: Cherrapunji Cliff Edge,25.275602,91.686741,5,2026-07-26 12:43:43,2026-07-26 12:44:48,2026-07-26 12:45:26,2026-07-26 13:15:40
419,124,anomaly,high,dispatched,AI anomaly: prolonged inactivity 57 min,25.288548,91.679536,6,2026-07-28 08:02:17,2026-07-28 08:02:59,2026-07-28 08:12:51,
420,125,anomaly,high,resolved,AI anomaly: prolonged inactivity 88 min,26.176997,91.748283,19,2026-08-11 07:58:59,2026-08-11 08:00:06,2026-08-11 08:04:37,2026-08-11 08:24:49
421,126,anomaly,high,resolved,AI anomaly: prolonged inactivity 879 min,26.176559,91.74761,17,2026-08-21 21:09:42,2026-08-21 21:10:33,2026-08-21 21:18:16,2026-08-21 21:21:27
422,126,anomaly,high,resolved,AI anomaly: prolonged inactivity 881 min,26.160394,91.727157,9,2026-08-22 21:30:51,2026-08-22 21:31:06,2026-08-22 21:32:25,2026-08-22 22:02:23
423,126,anomaly,high,resolved,AI anomaly: prolonged inactivity 888 min,26.175709,91.747137,11,2026-08-23 21:40:16,2026-08-23 21:41:25,2026-08-23 21:42:32,2026-08-23 22:03:40
424,126,anomaly,high,resolved,AI anomaly: prolonged inactivity 886 min,26.175719,91.747273,17,2026-08-24 21:46:45,2026-08-24 21:48:36,2026-08-24 21:50:52,2026-08-24 21:59:27
425,127,anomaly,high,resolved,AI anomaly: prolonged inactivity 65 min,26.170162,91.746081,20,2026-08-28 08:00:58,2026-08-28 08:02:23,2026-08-28 08:09:51,2026-08-28 08:25:23
426,127,anomaly,high,resolved,AI anomaly: prolonged inactivity 236 min,26.178971,91.76702,16,2026-08-29 10:37:25,2026-08-29 10:38:26,2026-08-29 10:42:22,2026-08-29 10:47:53
427,127,geofence,critical,resolved,Restricted-zone entry: Riverside Restricted Area,26.178971,91.76702,4,2026-08-29 10:37:25,2026-08-29 10:38:14,2026-08-29 10:39:07,2026-08-29 10:44:02
428,127,anomaly,high,resolved,AI anomaly: prolonged inactivity 74 min,26.248617,91.516141,13,2026-08-30 07:55:45,2026-08-30 08:00:31,2026-08-30 08:01:28,2026-08-30 09:22:51
429,128,geofence,critical,resolved,Restricted-zone entry: Riverside Restricted Area,26.186152,91.762793,8,2026-08-26 07:54:18,2026-08-26 07:56:53,2026-08-26 07:58:36,2026-08-26 08:31:37
430,128,anomaly,high,dispatched,AI anomaly: prolonged inactivity 62 min,26.172245,91.722904,5,2026-08-27 07:44:33,2026-08-27 07:45:43,2026-08-27 07:47:35,
431,128,anomaly,high,resolved,AI anomaly: prolonged inactivity 53 min,26.189254,91.662225,9,2026-08-28 07:57:44,2026-08-28 08:01:35,2026-08-28 08:03:20,2026-08-28 08:26:12
432,128,anomaly,high,resolved,AI anomaly: prolonged inactivity 76 min,26.175835,91.749625,20,2026-08-29 08:02:27,2026-08-29 08:05:19,2026-08-29 08:06:01,2026-08-29 08:19:28
433,130,anomaly,high,dispatched,AI anomaly: prolonged inactivity 160 min,26.104927,91.583898,7,2026-08-04 09:32:12,2026-08-04 09:32:47,2026-08-04 09:34:21,
434,131,geofence,critical,resolved,Restricted-zone entry: Deepor Beel Wetland Edge,26.120831,91.650241,10,2026-08-09 07:16:37,2026-08-09 07:18:48,2026-08-09 07:20:06,2026-08-09 07:27:00
435,131,anomaly,high,resolved,AI anomaly: prolonged inactivity 312 min,26.176726,91.78638,21,2026-08-10 11:47:36,2026-08-10 11:47:57,2026-08-10 11:52:55,2026-08-10 12:31:13
436,131,anomaly,high,resolved,AI anomaly: prolonged inactivity 470 min,25.932333,91.434718,16,2026-08-11 14:30:01,2026-08-11 14:32:34,2026-08-11 14:38:17,2026-08-11 15:58:27
437,133,geofence,critical,acknowledged,Restricted-zone entry: Deepor Beel Wetland Edge,26.120752,91.649418,,2026-08-24 08:54:01,2026-08-24 08:59:08,,
438,133,anomaly,high,resolved,AI anomaly: prolonged inactivity 218 min,26.178364,91.786757,9,2026-08-25 10:24:35,2026-08-25 10:25:56,2026-08-25 10:28:28,2026-08-25 10:35:49
439,133,anomaly,high,dispatched,AI anomaly: prolonged inactivity 386 min,26.232212,92.083289,6,2026-08-26 13:30:44,2026-08-26 13:31:37,2026-08-26 13:44:34,
440,134,anomaly,high,resolved,AI anomaly: unusual movement pattern,26.116932,91.817627,22,2026-08-25 07:50:35,2026-08-25 07:53:48,2026-08-25 07:56:03,2026-08-25 08:10:35
441,134,anomaly,high,resolved,AI anomaly: prolonged inactivity 73 min,26.252045,91.517294,6,2026-08-26 07:58:42,2026-08-26 08:00:19,2026-08-26 08:05:31,2026-08-26 08:10:23
442,134,anomaly,high,resolved,AI anomaly: prolonged inactivity 356 min,26.187866,91.742826,20,2026-08-27 12:42:20,2026-08-27 12:43:23,2026-08-27 12:44:10,2026-08-27 12:55:38
443,134,geofence,critical,resolved,Restricted-zone entry: Riverside Restricted Area,26.174596,91.777756,22,2026-08-27 13:33:54,2026-08-27 13:36:02,2026-08-27 13:37:02,2026-08-27 13:42:08
444,135,anomaly,high,resolved,AI anomaly: prolonged inactivity 464 min,26.752183,94.201981,17,2026-09-02 14:25:06,2026-09-02 14:25:55,2026-09-02 14:35:27,2026-09-02 15:22:57
445,135,anomaly,high,resolved,AI anomaly: prolonged inactivity 232 min,26.579211,93.172584,3,2026-09-03 10:27:03,2026-09-03 10:28:28,2026-09-03 10:34:15,2026-09-03 10:39:05
446,135,geofence,critical,resolved,Restricted-zone entry: Kaziranga Core Zone,26.579211,93.172584,9,2026-09-03 10:27:03,2026-09-03 10:30:22,2026-09-03 10:34:32,2026-09-03 10:48:53
447,135,anomaly,high,resolved,AI anomaly: prolonged inactivity 466 min,26.633322,92.799837,14,2026-09-04 14:38:05,2026-09-04 14:40:58,2026-09-04 14:47:45,2026-09-04 14:56:20
448,135,anomaly,high,resolved,AI anomaly: prolonged inactivity 322 min,26.920024,92.881218,5,2026-09-05 11:54:11,2026-09-05 11:55:25,2026-09-05 11:56:56,2026-09-05 12:12:24
449,135,missing_person,critical,dispatched,Divya Reddy has not reported a location for over 6 hours,26.920943,92.881988,21,2026-09-05 18:29:50,2026-09-05 18:30:03,2026-09-05 18:32:34,
450,136,anomaly,high,resolved,AI anomaly: prolonged inactivity 167 min,26.106853,91.58425,15,2026-08-24 09:18:19,2026-08-24 09:21:21,2026-08-24 09:27:23,2026-08-24 09:43:21
451,137,anomaly,high,dispatched,AI anomaly: prolonged inactivity 892 min,26.634122,92.802204,10,2026-07-30 21:53:41,2026-07-30 22:00:02,2026-07-30 22:00:31,
452,137,anomaly,high,acknowledged,AI anomaly: prolonged inactivity 868 min,26.633299,92.802057,,2026-07-31 21:34:19,2026-07-31 21:35:30,,
453,137,anomaly,high,detected,AI anomaly: prolonged inactivity 1115 min,26.921779,92.879787,,2026-08-02 01:10:22,,,
454,137,anomaly,high,resolved,AI anomaly: prolonged inactivity 920 min,26.921174,92.879333,14,2026-08-03 21:57:13,2026-08-03 21:58:26,2026-08-03 22:00:00,2026-08-04 00:27:56
455,137,anomaly,high,resolved,AI anomaly: prolonged inactivity 1335 min,26.578884,93.173006,19,2026-08-05 05:01:06,2026-08-05 05:08:20,2026-08-05 05:16:49,2026-08-05 05:23:33
456,137,geofence,critical,resolved,Restricted-zone entry: Kaziranga Core Zone,26.577957,93.172025,8,2026-08-05 05:05:10,2026-08-05 05:06:28,2026-08-05 05:06:52,2026-08-05 05:12:37
457,137,anomaly,high,resolved,AI anomaly: prolonged inactivity 884 min,26.578088,93.171772,3,2026-08-06 21:21:33,2026-08-06 21:24:48,2026-08-06 21:26:13,2026-08-06 21:53:36
458,137,anomaly,high,dispatched,AI anomaly: prolonged inactivity 1043 min,26.983854,94.641811,12,2026-08-08 00:13:39,2026-08-08 00:15:44,2026-08-08 00:16:05,
459,137,anomaly,high,resolved,AI anomaly: prolonged inactivity 892 min,26.983227,94.641882,4,2026-08-09 21:40:42,2026-08-09 21:43:21,2026-08-09 21:45:55,2026-08-09 22:33:22
460,138,anomaly,high,resolved,AI anomaly: prolonged inactivity 437 min,26.635357,92.798082,20,2026-08-30 14:07:15,2026-08-30 14:09:40,2026-08-30 14:12:03,2026-08-30 14:51:13
461,138,anomaly,high,dispatched,AI anomaly: prolonged inactivity 204 min,26.920204,92.878701,14,2026-09-01 09:57:07,2026-09-01 09:57:31,2026-09-01 10:01:27,
462,138,anomaly,high,resolved,AI anomaly: prolonged inactivity 65 min,26.920778,92.87831,19,2026-09-02 07:57:06,2026-09-02 07:57:18,2026-09-02 07:58:23,2026-09-02 08:48:56
463,138,anomaly,high,resolved,AI anomaly: prolonged inactivity 166 min,26.982221,94.643918,16,2026-09-03 09:18:42,2026-09-03 09:22:31,2026-09-03 09:25:40,2026-09-03 10:06:33
464,138,anomaly,high,resolved,AI anomaly: prolonged inactivity 59 min,26.982231,94.64328,9,2026-09-04 07:48:52,2026-09-04 07:50:06,2026-09-04 07:53:19,2026-09-04 07:57:34
465,138,sos,critical,resolved,SOS triggered by Jayanta Patel: Boat is taking on water in the middle of the river.,26.921543,92.877692,16,2026-09-02 11:27:41,2026-09-02 11:28:24,2026-09-02 11:32:13,2026-09-02 12:11:55
466,139,anomaly,high,resolved,AI anomaly: prolonged inactivity 926 min,25.596878,91.892108,19,2026-07-27 21:57:38,2026-07-27 21:59:48,2026-07-27 22:02:09,2026-07-27 22:04:29
467,139,anomaly,high,resolved,AI anomaly: prolonged inactivity 912 min,25.637124,91.890042,22,2026-07-28 21:48:07,2026-07-28 21:51:47,2026-07-28 21:53:12,2026-07-28 22:16:54
468,139,anomaly,high,dispatched,AI anomaly: prolonged inactivity 917 min,25.597626,91.892884,3,2026-07-29 21:47:45,2026-07-29 21:53:25,2026-07-29 22:00:19,
469,139,anomaly,high,resolved,AI anomaly: prolonged inactivity 878 min,25.598361,91.891987,22,2026-07-30 21:21:34,2026-07-30 21:22:26,2026-07-30 21:23:40,2026-07-30 21:33:21
470,139,anomaly,high,acknowledged,AI anomaly: prolonged inactivity 1147 min,25.283952,91.687042,,2026-08-01 01:38:51,2026-08-01 01:39:45,,
471,139,geofence,critical,resolved,Restricted-zone entry: Cherrapunji Cliff Edge,25.277085,91.686187,14,2026-08-01 02:21:37,2026-08-01 02:23:32,2026-08-01 02:27:20,2026-08-01 02:49:18
472,139,anomaly,high,resolved,AI anomaly: prolonged inactivity 891 min,25.283386,91.687815,1,2026-08-02 21:28:49,2026-08-02 21:30:30,2026-08-02 21:34:33,2026-08-02 21:46:05
473,139,anomaly,high,resolved,AI anomaly: prolonged inactivity 859 min,25.283729,91.686944,22,2026-08-03 21:22:34,2026-08-03 21:23:19,2026-08-03 21:25:00,2026-08-03 21:32:54
474,139,anomaly,high,resolved,AI anomaly: prolonged inactivity 888 min,25.282913,91.687748,19,2026-08-04 21:22:01,2026-08-04 21:24:08,2026-08-04 21:29:20,2026-08-04 21:59:47
475,140,anomaly,high,resolved,AI anomaly: prolonged inactivity 45 min,24.816994,93.93494,6,2026-08-27 07:35:33,2026-08-27 07:39:12,2026-08-27 07:40:20,2026-08-27 07:56:20
476,140,anomaly,high,resolved,AI anomaly: prolonged inactivity 402 min,25.675366,94.107593,5,2026-08-28 13:17:27,2026-08-28 13:18:00,2026-08-28 13:18:39,2026-08-28 14:28:29
477,140,anomaly,high,acknowledged,AI anomaly: prolonged inactivity 83 min,25.676088,94.107508,,2026-08-29 08:02:39,2026-08-29 08:04:29,,
478,140,anomaly,high,resolved,AI anomaly: prolonged inactivity 358 min,26.105811,91.584273,4,2026-08-30 12:55:48,2026-08-30 13:03:31,2026-08-30 13:06:43,2026-08-30 13:41:05
479,140,anomaly,high,resolved,AI anomaly: prolonged inactivity 65 min,26.105543,91.584534,9,2026-08-31 07:44:40,2026-08-31 07:46:33,2026-08-31 07:51:20,2026-08-31 08:08:43
480,140,anomaly,high,resolved,AI anomaly: prolonged inactivity 450 min,23.832086,91.28699,8,2026-09-01 14:21:09,2026-09-01 14:23:58,2026-09-01 14:24:55,2026-09-01 15:12:29
481,140,anomaly,high,resolved,AI anomaly: prolonged inactivity 55 min,23.83166,91.286454,1,2026-09-02 07:50:14,2026-09-02 07:51:37,2026-09-02 07:52:39,2026-09-02 08:00:59
482,140,anomaly,high,resolved,AI anomaly: prolonged inactivity 137 min,23.724992,92.717235,4,2026-09-03 09:17:29,2026-09-03 09:20:12,2026-09-03 09:21:36,2026-09-03 10:26:25
483,140,anomaly,high,resolved,AI anomaly: prolonged inactivity 80 min,23.724978,92.716585,2,2026-09-04 07:57:50,2026-09-04 07:58:34,2026-09-04 08:01:13,2026-09-04 08:08:38
484,140,anomaly,high,detected,AI anomaly: prolonged inactivity 384 min,27.329823,88.61155,,2026-09-05 13:04:39,,,
485,141,geofence,critical,resolved,Restricted-zone entry: Riverside Restricted Area,26.184948,91.762672,2,2026-08-24 08:47:51,2026-08-24 08:51:19,2026-08-24 08:53:16,2026-08-24 08:58:15
486,141,anomaly,high,resolved,AI anomaly: prolonged inactivity 68 min,26.176677,91.749018,2,2026-08-26 08:01:00,2026-08-26 08:01:35,2026-08-26 08:02:49,2026-08-26 08:07:10
487,141,anomaly,high,resolved,AI anomaly: prolonged inactivity 53 min,26.177172,91.749252,22,2026-08-27 07:41:56,2026-08-27 07:45:18,2026-08-27 07:54:15,2026-08-27 08:08:04
488,142,anomaly,high,resolved,AI anomaly: prolonged inactivity 233 min,26.177144,91.786088,20,2026-08-19 10:42:18,2026-08-19 10:43:23,2026-08-19 10:48:34,2026-08-19 11:25:49
489,143,anomaly,high,dispatched,AI anomaly: prolonged inactivity 68 min,26.188617,91.749591,7,2026-08-28 07:52:49,2026-08-28 08:00:41,2026-08-28 08:05:29,
490,144,anomaly,high,resolved,AI anomaly: prolonged inactivity 61 min,25.279622,91.68896,4,2026-08-25 07:55:49,2026-08-25 07:56:44,2026-08-25 08:00:04,2026-08-25 08:11:13
491,144,anomaly,high,resolved,AI anomaly: prolonged inactivity 432 min,25.199089,91.916728,22,2026-08-26 13:54:54,2026-08-26 13:55:48,2026-08-26 14:10:54,2026-08-26 14:44:56
492,144,anomaly,high,resolved,AI anomaly: prolonged inactivity 468 min,25.578648,91.893356,20,2026-08-28 14:28:54,2026-08-28 14:30:18,2026-08-28 14:32:54,2026-08-28 14:57:45
493,144,anomaly,high,dispatched,AI anomaly: prolonged inactivity 61 min,25.607788,91.926395,11,2026-08-29 07:59:29,2026-08-29 08:00:50,2026-08-29 08:01:31,
494,145,anomaly,high,resolved,AI anomaly: prolonged inactivity 77 min,26.185886,91.747998,14,2026-07-27 07:59:50,2026-07-27 08:00:05,2026-07-27 08:02:07,2026-07-27 08:45:21
495,146,geofence,critical,resolved,Restricted-zone entry: Riverside Restricted Area,26.184368,91.76216,22,2026-07-26 08:20:54,2026-07-26 08:21:33,2026-07-26 08:22:14,2026-07-26 08:26:24
496,146,anomaly,high,dispatched,AI anomaly: prolonged inactivity 51 min,26.18651,91.748358,10,2026-07-27 07:33:01,2026-07-27 07:34:20,2026-07-27 07:35:10,
497,146,anomaly,high,resolved,AI anomaly: prolonged inactivity 70 min,26.189098,91.748711,14,2026-07-28 07:42:29,2026-07-28 07:45:48,2026-07-28 07:46:15,2026-07-28 08:11:56
498,149,anomaly,high,resolved,AI anomaly: prolonged inactivity 172 min,26.166935,91.567725,9,2026-09-03 09:52:03,2026-09-03 09:55:17,2026-09-03 10:03:21,2026-09-03 10:12:49
499,152,anomaly,high,resolved,AI anomaly: prolonged inactivity 71 min,27.585358,91.857803,5,2026-07-29 08:00:50,2026-07-29 08:02:38,2026-07-29 08:06:54,2026-07-29 08:19:43
500,152,anomaly,high,resolved,AI anomaly: prolonged inactivity 59 min,27.585088,91.857319,7,2026-07-30 07:31:46,2026-07-30 07:34:24,2026-07-30 07:52:37,2026-07-30 08:16:50
501,152,anomaly,high,resolved,AI anomaly: prolonged inactivity 469 min,26.633773,92.797314,5,2026-07-31 14:34:58,2026-07-31 14:35:27,2026-07-31 14:38:06,2026-07-31 14:43:29
502,152,anomaly,high,resolved,AI anomaly: prolonged inactivity 86 min,26.634346,92.798018,7,2026-08-01 08:02:56,2026-08-01 08:04:37,2026-08-01 08:05:36,2026-08-01 08:39:54
503,152,anomaly,high,resolved,AI anomaly: prolonged inactivity 475 min,26.184732,91.750924,5,2026-08-03 14:28:39,2026-08-03 14:29:54,2026-08-03 14:32:44,2026-08-03 14:37:04
504,152,anomaly,high,resolved,AI anomaly: prolonged inactivity 70 min,26.184059,91.750789,19,2026-08-04 07:52:58,2026-08-04 08:00:19,2026-08-04 08:02:49,2026-08-04 08:15:02
505,152,anomaly,high,resolved,AI anomaly: prolonged inactivity 51 min,26.184447,91.75046,21,2026-08-05 07:25:31,2026-08-05 07:28:00,2026-08-05 07:29:24,2026-08-05 08:11:23
506,152,anomaly,high,detected,AI anomaly: prolonged inactivity 154 min,27.542981,93.831872,,2026-08-06 09:08:52,,,
507,152,anomaly,high,resolved,AI anomaly: prolonged inactivity 79 min,27.54297,93.832779,14,2026-08-08 07:55:06,2026-08-08 07:56:52,2026-08-08 07:58:19,2026-08-08 08:21:39
508,153,anomaly,high,resolved,AI anomaly: prolonged inactivity 69 min,26.187396,91.754916,6,2026-08-31 07:42:31,2026-08-31 07:44:13,2026-08-31 07:46:24,2026-08-31 08:05:04
509,154,geofence,critical,resolved,Restricted-zone entry: Cherrapunji Cliff Edge,25.276524,91.684335,11,2026-08-22 22:29:32,2026-08-22 22:33:24,2026-08-22 22:42:52,2026-08-22 22:48:39
510,154,anomaly,high,resolved,AI anomaly: prolonged inactivity 851 min,25.269004,91.693026,3,2026-08-23 21:08:31,2026-08-23 21:14:20,2026-08-23 21:20:07,2026-08-23 21:44:34
511,154,anomaly,high,resolved,AI anomaly: prolonged inactivity 894 min,25.253382,91.708345,10,2026-08-24 21:28:38,2026-08-24 21:33:10,2026-08-24 21:34:27,2026-08-24 21:52:14
512,154,anomaly,high,resolved,AI anomaly: prolonged inactivity 1102 min,25.577014,91.893781,3,2026-08-26 00:51:42,2026-08-26 00:54:10,2026-08-26 01:02:47,2026-08-26 01:59:39
513,154,anomaly,high,resolved,AI anomaly: prolonged inactivity 1319 min,26.184794,91.752121,10,2026-08-28 04:43:47,2026-08-28 04:52:57,2026-08-28 05:02:36,2026-08-28 05:26:33
514,155,anomaly,high,resolved,AI anomaly: prolonged inactivity 53 min,23.833539,91.285756,14,2026-08-10 07:30:25,2026-08-10 07:32:21,2026-08-10 07:35:34,2026-08-10 07:45:55
515,155,anomaly,high,resolved,AI anomaly: prolonged inactivity 81 min,23.833278,91.286873,3,2026-08-11 08:00:44,2026-08-11 08:02:09,2026-08-11 08:03:50,2026-08-11 08:26:19
516,155,anomaly,high,resolved,AI anomaly: prolonged inactivity 54 min,23.833434,91.287263,5,2026-08-13 07:36:26,2026-08-13 07:38:44,2026-08-13 07:39:22,2026-08-13 09:12:18
517,155,anomaly,high,resolved,AI anomaly: prolonged inactivity 220 min,24.816619,93.937776,12,2026-08-14 10:25:03,2026-08-14 10:26:15,2026-08-14 10:28:29,2026-08-14 10:51:25
518,155,anomaly,high,resolved,AI anomaly: prolonged inactivity 257 min,27.330907,88.612477,9,2026-08-19 11:17:48,2026-08-19 11:17:57,2026-08-19 11:21:42,2026-08-19 12:04:27
519,155,anomaly,high,resolved,AI anomaly: prolonged inactivity 67 min,27.330646,88.61305,20,2026-08-20 07:45:44,2026-08-20 07:47:38,2026-08-20 07:53:28,2026-08-20 07:56:57
520,155,anomaly,high,resolved,AI anomaly: prolonged inactivity 84 min,27.33083,88.61238,21,2026-08-21 07:57:31,2026-08-21 08:05:39,2026-08-21 08:13:09,2026-08-21 08:18:55
521,156,anomaly,high,resolved,AI anomaly: prolonged inactivity 61 min,27.545654,93.833259,17,2026-08-16 07:36:36,2026-08-16 07:39:26,2026-08-16 07:40:39,2026-08-16 09:23:17
522,156,anomaly,high,resolved,AI anomaly: prolonged inactivity 63 min,27.546726,93.833216,8,2026-08-17 07:43:19,2026-08-17 07:43:57,2026-08-17 07:46:14,2026-08-17 07:48:52
523,156,anomaly,high,resolved,AI anomaly: prolonged inactivity 61 min,27.546192,93.832638,17,2026-08-18 07:47:59,2026-08-18 07:52:22,2026-08-18 07:53:11,2026-08-18 08:01:24
524,156,anomaly,high,resolved,AI anomaly: prolonged inactivity 54 min,27.54619,93.833937,22,2026-08-19 07:38:35,2026-08-19 07:39:25,2026-08-19 07:44:24,2026-08-19 08:01:33
525,156,anomaly,high,resolved,AI anomaly: prolonged inactivity 316 min,27.587918,91.859626,16,2026-08-20 12:02:55,2026-08-20 12:08:52,2026-08-20 12:13:17,2026-08-20 12:31:53
526,156,anomaly,high,resolved,AI anomaly: prolonged inactivity 69 min,27.587694,91.860043,17,2026-08-22 07:49:09,2026-08-22 07:53:20,2026-08-22 07:53:48,2026-08-22 07:58:07
527,156,anomaly,high,dispatched,AI anomaly: prolonged inactivity 84 min,27.588253,91.860126,3,2026-08-23 08:01:55,2026-08-23 08:03:29,2026-08-23 08:12:23,
528,156,anomaly,high,resolved,AI anomaly: prolonged inactivity 138 min,26.184648,91.750234,14,2026-08-24 09:08:39,2026-08-24 09:10:48,2026-08-24 09:15:04,2026-08-24 09:49:16
529,157,anomaly,high,acknowledged,AI anomaly: prolonged inactivity 84 min,26.175929,91.753979,,2026-08-23 07:55:50,2026-08-23 07:58:13,,
530,157,anomaly,high,resolved,AI anomaly: prolonged inactivity 46 min,26.158768,91.77751,11,2026-08-24 07:28:32,2026-08-24 07:31:21,2026-08-24 07:32:14,2026-08-24 07:38:06
531,158,geofence,critical,resolved,Restricted-zone entry: Cherrapunji Cliff Edge,25.276304,91.686196,15,2026-08-01 08:09:22,2026-08-01 08:12:34,2026-08-01 08:16:39,2026-08-01 08:25:48
532,158,anomaly,high,resolved,AI anomaly: prolonged inactivity 202 min,25.196804,91.941676,16,2026-08-04 10:22:59,2026-08-04 10:24:14,2026-08-04 10:25:12,2026-08-04 10:30:57
533,158,geofence,critical,resolved,Restricted-zone entry: Dawki Border Belt,25.191917,92.006966,15,2026-08-04 12:03:13,2026-08-04 12:05:30,2026-08-04 12:08:12,2026-08-04 12:12:09
534,158,anomaly,high,dispatched,AI anomaly: prolonged inactivity 81 min,25.192343,91.984262,13,2026-08-05 08:00:05,2026-08-05 08:05:06,2026-08-05 08:08:20,
535,158,anomaly,high,resolved,AI anomaly: prolonged inactivity 264 min,25.597759,91.891161,11,2026-08-06 10:59:06,2026-08-06 11:00:39,2026-08-06 11:04:25,2026-08-06 11:22:07
536,158,sos,critical,dispatched,"SOS triggered by Kavya Bhattacharya: Road accident on the highway, I am injured and cannot walk.",25.19298,91.966115,17,2026-08-06 03:26:05,2026-08-06 03:58:02,2026-08-06 04:00:11,
537,159,anomaly,high,resolved,AI anomaly: prolonged inactivity 81 min,25.193011,91.956168,12,2026-08-20 08:01:33,2026-08-20 08:03:32,2026-08-20 08:06:37,2026-08-20 08:17:50
538,159,geofence,critical,resolved,Restricted-zone entry: Dawki Border Belt,25.18925,92.020298,11,2026-08-20 09:27:17,2026-08-20 09:30:53,2026-08-20 09:32:09,2026-08-20 10:15:06
539,159,anomaly,high,detected,AI anomaly: prolonged inactivity 68 min,25.190198,91.995079,,2026-08-22 07:55:39,,,
540,159,anomaly,high,resolved,AI anomaly: prolonged inactivity 285 min,25.275267,91.687067,14,2026-08-23 11:48:33,2026-08-23 11:49:15,2026-08-23 11:51:18,2026-08-23 14:37:48
541,159,geofence,critical,resolved,Restricted-zone entry: Cherrapunji Cliff Edge,25.276947,91.685308,6,2026-08-23 11:54:35,2026-08-23 12:01:23,2026-08-23 12:05:50,2026-08-23 12:30:04
542,159,anomaly,high,dispatched,AI anomaly: prolonged inactivity 71 min,25.274994,91.686994,17,2026-08-25 08:00:17,2026-08-25 08:01:12,2026-08-25 08:06:04,
543,159,anomaly,high,acknowledged,AI anomaly: prolonged inactivity 225 min,25.658946,91.887543,,2026-08-26 10:41:34,2026-08-26 10:44:40,,
544,159,anomaly,high,resolved,AI anomaly: prolonged inactivity 46 min,25.659146,91.88682,15,2026-08-27 07:42:48,2026-08-27 07:51:47,2026-08-27 07:55:10,2026-08-27 08:47:35
545,159,anomaly,high,resolved,AI anomaly: prolonged inactivity 85 min,25.65892,91.886581,21,2026-08-28 07:58:44,2026-08-28 07:59:15,2026-08-28 08:00:05,2026-08-28 08:38:35
546,160,anomaly,high,resolved,AI anomaly: prolonged inactivity 48 min,26.183457,91.752922,20,2026-08-14 07:31:04,2026-08-14 07:32:46,2026-08-14 07:39:24,2026-08-14 08:15:10
547,160,anomaly,high,resolved,AI anomaly: prolonged inactivity 46 min,26.183621,91.753204,4,2026-08-15 07:34:28,2026-08-15 07:40:20,2026-08-15 07:41:17,2026-08-15 08:00:19
548,160,anomaly,high,acknowledged,AI anomaly: prolonged inactivity 283 min,26.633411,92.799186,,2026-08-16 11:30:37,2026-08-16 11:31:11,,
549,160,anomaly,high,resolved,AI anomaly: prolonged inactivity 296 min,27.587437,91.858572,9,2026-08-18 11:44:47,2026-08-18 11:46:33,2026-08-18 11:49:49,2026-08-18 12:21:07
550,160,anomaly,high,resolved,AI anomaly: prolonged inactivity 280 min,27.54489,93.831406,12,2026-08-21 11:14:59,2026-08-21 11:17:43,2026-08-21 11:20:29,2026-08-21 12:54:55
551,161,geofence,critical,resolved,Restricted-zone entry: Dawki Border Belt,25.188635,92.018923,20,2026-07-27 07:18:54,2026-07-27 07:20:30,2026-07-27 07:23:52,2026-07-27 08:49:42
552,161,anomaly,high,resolved,AI anomaly: prolonged inactivity 326 min,25.289395,91.681176,12,2026-07-29 11:57:28,2026-07-29 12:01:00,2026-07-29 12:03:51,2026-07-29 12:10:52
553,161,geofence,critical,resolved,Restricted-zone entry: Cherrapunji Cliff Edge,25.284649,91.682425,19,2026-07-29 12:32:28,2026-07-29 12:33:29,2026-07-29 12:33:53,2026-07-29 12:50:35
554,161,anomaly,high,resolved,AI anomaly: prolonged inactivity 368 min,25.629042,91.887897,10,2026-07-30 12:52:44,2026-07-30 12:54:41,2026-07-30 13:02:01,2026-07-30 13:37:38
555,161,anomaly,high,resolved,AI anomaly: prolonged inactivity 279 min,26.184777,91.751348,15,2026-07-31 11:20:55,2026-07-31 11:21:55,2026-07-31 11:23:49,2026-07-31 11:48:20
556,162,anomaly,high,resolved,AI anomaly: prolonged inactivity 244 min,26.091247,91.590054,1,2026-08-25 10:52:42,2026-08-25 10:53:17,2026-08-25 10:56:24,2026-08-25 11:09:55
557,162,anomaly,high,detected,AI anomaly: prolonged inactivity 438 min,26.177031,91.784311,,2026-08-26 14:09:41,,,
558,163,anomaly,high,resolved,AI anomaly: prolonged inactivity 79 min,26.18411,91.752244,16,2026-07-29 08:00:45,2026-07-29 08:02:30,2026-07-29 08:04:44,2026-07-29 08:58:40
559,163,anomaly,high,resolved,AI anomaly: prolonged inactivity 47 min,26.183604,91.760002,7,2026-07-30 07:44:18,2026-07-30 07:45:06,2026-07-30 07:46:53,2026-07-30 08:10:42
560,163,geofence,critical,dispatched,Restricted-zone entry: Riverside Restricted Area,26.185098,91.762057,6,2026-07-30 07:48:47,2026-07-30 07:50:44,2026-07-30 08:01:30,
561,163,anomaly,high,resolved,AI anomaly: prolonged inactivity 61 min,26.182687,91.755609,21,2026-07-31 07:42:43,2026-07-31 07:45:23,2026-07-31 07:58:58,2026-07-31 08:05:51
562,165,anomaly,high,resolved,AI anomaly: prolonged inactivity 875 min,27.543103,93.83176,5,2026-08-02 21:20:28,2026-08-02 21:22:02,2026-08-02 21:25:41,2026-08-02 21:34:34
563,165,anomaly,high,resolved,AI anomaly: prolonged inactivity 873 min,27.543478,93.831366,5,2026-08-03 21:33:14,2026-08-03 21:41:36,2026-08-03 21:43:33,2026-08-03 21:56:50
564,165,anomaly,high,resolved,AI anomaly: prolonged inactivity 1301 min,26.635412,92.800471,2,2026-08-05 04:11:07,2026-08-05 04:12:33,2026-08-05 04:15:30,2026-08-05 04:28:23
565,165,anomaly,high,dispatched,AI anomaly: prolonged inactivity 1210 min,26.180631,91.753028,11,2026-08-07 03:07:34,2026-08-07 03:14:01,2026-08-07 03:14:30,
566,165,anomaly,high,resolved,AI anomaly: prolonged inactivity 1085 min,27.584926,91.859336,5,2026-08-09 00:55:15,2026-08-09 00:55:44,2026-08-09 01:00:26,2026-08-09 01:32:02
567,166,anomaly,high,resolved,AI anomaly: prolonged inactivity 58 min,26.187188,91.746804,1,2026-08-19 07:32:39,2026-08-19 07:35:06,2026-08-19 07:51:18,2026-08-19 07:53:52
568,166,anomaly,high,resolved,AI anomaly: prolonged inactivity 51 min,26.189067,91.750836,12,2026-08-20 07:32:38,2026-08-20 07:37:58,2026-08-20 07:50:16,2026-08-20 07:55:43
569,167,anomaly,high,resolved,AI anomaly: prolonged inactivity 292 min,26.25147,91.517223,4,2026-08-15 11:48:55,2026-08-15 11:51:00,2026-08-15 11:53:57,2026-08-15 12:16:03
570,167,anomaly,high,resolved,AI anomaly: prolonged inactivity 365 min,26.364183,91.632564,22,2026-08-16 12:56:38,2026-08-16 12:59:55,2026-08-16 13:01:47,2026-08-16 13:29:07
571,168,geofence,critical,resolved,Restricted-zone entry: Riverside Restricted Area,26.177616,91.769603,7,2026-08-11 10:21:45,2026-08-11 10:26:06,2026-08-11 10:30:25,2026-08-11 11:23:32
572,168,anomaly,high,resolved,AI anomaly: abnormal speed 220 km/h (possible vehicle abduction),26.145825,91.696797,12,2026-08-12 07:20:32,2026-08-12 07:21:30,2026-08-12 07:23:33,2026-08-12 08:49:16
573,168,anomaly,high,resolved,AI anomaly: prolonged inactivity 72 min,26.159715,91.782048,6,2026-08-13 08:00:17,2026-08-13 08:00:54,2026-08-13 08:02:45,2026-08-13 08:11:52
574,169,anomaly,high,resolved,AI anomaly: prolonged inactivity 82 min,26.158504,91.78206,5,2026-08-23 07:54:00,2026-08-23 07:57:49,2026-08-23 07:58:39,2026-08-23 08:36:20
575,169,anomaly,high,acknowledged,AI anomaly: prolonged inactivity 316 min,26.367395,91.633221,,2026-08-24 12:03:08,2026-08-24 12:06:32,,
576,169,anomaly,high,resolved,AI anomaly: prolonged inactivity 59 min,26.366702,91.633605,20,2026-08-25 07:40:05,2026-08-25 07:42:27,2026-08-25 07:43:52,2026-08-25 07:46:31
577,169,anomaly,high,resolved,AI anomaly: prolonged inactivity 391 min,26.248982,91.518022,19,2026-08-26 13:15:01,2026-08-26 13:16:14,2026-08-26 13:18:56,2026-08-26 13:39:20
578,170,anomaly,high,resolved,AI anomaly: prolonged inactivity 51 min,27.543522,93.83286,22,2026-08-06 07:26:24,2026-08-06 07:28:42,2026-08-06 07:30:29,2026-08-06 08:36:28
579,170,anomaly,high,resolved,AI anomaly: prolonged inactivity 374 min,26.635086,92.801721,6,2026-08-08 13:04:10,2026-08-08 13:08:29,2026-08-08 13:11:16,2026-08-08 14:16:18
580,170,anomaly,high,resolved,AI anomaly: prolonged inactivity 75 min,26.63429,92.801752,15,2026-08-09 07:58:36,2026-08-09 08:01:56,2026-08-09 08:03:00,2026-08-09 08:10:19
581,170,anomaly,high,resolved,AI anomaly: prolonged inactivity 417 min,26.184414,91.749724,17,2026-08-10 13:50:53,2026-08-10 13:52:47,2026-08-10 13:57:40,2026-08-10 14:11:06
582,170,anomaly,high,resolved,AI anomaly: prolonged inactivity 65 min,26.183596,91.749041,21,2026-08-11 07:36:34,2026-08-11 07:37:02,2026-08-11 07:38:00,2026-08-11 08:01:02
583,172,anomaly,high,resolved,AI anomaly: prolonged inactivity 61 min,25.578351,91.893703,10,2026-08-22 07:38:02,2026-08-22 07:39:35,2026-08-22 08:06:53,2026-08-22 08:14:57
584,172,anomaly,high,resolved,AI anomaly: prolonged inactivity 76 min,25.578924,91.894596,1,2026-08-23 08:00:48,2026-08-23 08:01:12,2026-08-23 08:04:47,2026-08-23 08:35:19
585,172,anomaly,high,acknowledged,AI anomaly: prolonged inactivity 412 min,26.10617,91.586943,,2026-08-24 13:22:31,2026-08-24 13:23:07,,
586,172,anomaly,high,resolved,AI anomaly: prolonged inactivity 51 min,26.10601,91.585987,15,2026-08-25 07:43:32,2026-08-25 07:45:09,2026-08-25 07:46:31,2026-08-25 07:51:17
587,172,anomaly,high,resolved,AI anomaly: prolonged inactivity 479 min,26.578185,93.170349,22,2026-08-28 15:01:06,2026-08-28 15:04:06,2026-08-28 15:07:15,2026-08-28 15:58:41
588,172,geofence,critical,resolved,Restricted-zone entry: Kaziranga Core Zone,26.578185,93.170349,17,2026-08-28 15:01:06,2026-08-28 15:01:27,2026-08-28 15:02:23,2026-08-28 15:16:28
589,172,anomaly,high,resolved,AI anomaly: prolonged inactivity 61 min,26.578647,93.170284,6,2026-08-29 07:45:57,2026-08-29 07:50:13,2026-08-29 07:51:55,2026-08-29 08:16:22
590,172,anomaly,high,resolved,AI anomaly: prolonged inactivity 372 min,24.817456,93.935719,12,2026-09-01 13:15:34,2026-09-01 13:16:50,2026-09-01 13:17:28,2026-09-01 13:26:43
591,172,anomaly,high,resolved,AI anomaly: prolonged inactivity 48 min,24.817322,93.936611,17,2026-09-02 07:20:03,2026-09-02 07:21:37,2026-09-02 07:24:41,2026-09-02 07:31:40
592,172,anomaly,high,resolved,AI anomaly: prolonged inactivity 82 min,24.817373,93.935325,17,2026-09-03 07:56:01,2026-09-03 07:58:45,2026-09-03 08:00:07,2026-09-03 08:32:48
593,173,anomaly,high,resolved,AI anomaly: prolonged inactivity 51 min,26.107702,91.586555,11,2026-08-16 07:43:36,2026-08-16 07:45:02,2026-08-16 07:46:58,2026-08-16 08:02:05
594,173,anomaly,high,detected,AI anomaly: prolonged inactivity 229 min,26.138034,91.799238,,2026-08-17 10:41:48,,,
595,174,anomaly,high,resolved,AI anomaly: prolonged inactivity 61 min,26.184399,91.75282,9,2026-08-02 07:56:35,2026-08-02 07:58:58,2026-08-02 08:02:22,2026-08-02 08:16:59
596,174,anomaly,high,resolved,AI anomaly: prolonged inactivity 157 min,25.576642,91.893584,16,2026-08-04 09:22:12,2026-08-04 09:23:20,2026-08-04 09:24:27,2026-08-04 09:55:52
597,174,anomaly,high,resolved,AI anomaly: prolonged inactivity 65 min,25.577251,91.894288,5,2026-08-05 08:00:59,2026-08-05 08:03:21,2026-08-05 08:03:39,2026-08-05 08:09:42
598,174,anomaly,high,resolved,AI anomaly: prolonged inactivity 373 min,25.289495,91.6821,2,2026-08-06 13:10:47,2026-08-06 13:12:30,2026-08-06 13:15:01,2026-08-06 13:28:59
599,174,geofence,critical,acknowledged,Restricted-zone entry: Cherrapunji Cliff Edge,25.276051,91.684666,,2026-08-06 13:56:44,2026-08-06 13:59:00,,
600,174,anomaly,high,resolved,AI anomaly: prolonged inactivity 68 min,25.280982,91.685732,19,2026-08-08 07:41:06,2026-08-08 07:43:04,2026-08-08 07:48:26,2026-08-08 08:17:58
601,174,anomaly,high,resolved,AI anomaly: prolonged inactivity 288 min,25.190916,92.021036,13,2026-08-09 11:22:10,2026-08-09 11:27:11,2026-08-09 11:29:32,2026-08-09 11:39:01
602,174,geofence,critical,resolved,Restricted-zone entry: Dawki Border Belt,25.189043,92.020559,5,2026-08-09 11:27:27,2026-08-09 11:31:23,2026-08-09 11:33:39,2026-08-09 13:26:47
603,174,anomaly,high,acknowledged,AI anomaly: prolonged inactivity 52 min,25.192087,92.021193,,2026-08-10 07:36:36,2026-08-10 07:37:38,,
604,175,anomaly,high,resolved,AI anomaly: abnormal speed 214 km/h (possible vehicle abduction),26.224887,91.714391,3,2026-08-22 07:54:45,2026-08-22 07:55:04,2026-08-22 07:56:59,2026-08-22 08:18:17
605,175,anomaly,high,dispatched,AI anomaly: prolonged inactivity 471 min,26.63527,92.799496,7,2026-08-23 14:34:21,2026-08-23 14:36:45,2026-08-23 14:37:17,
606,175,anomaly,high,resolved,AI anomaly: prolonged inactivity 263 min,27.585532,91.857822,11,2026-08-25 11:29:07,2026-08-25 11:30:37,2026-08-25 11:33:02,2026-08-25 11:38:38
607,175,anomaly,high,resolved,AI anomaly: prolonged inactivity 171 min,27.545026,93.830243,18,2026-08-27 09:35:27,2026-08-27 09:35:53,2026-08-27 09:41:15,2026-08-27 09:45:48
608,178,fall_detected,critical,resolved,Possible fall detected by Arjun Gogoi's band,26.165105,91.768055,8,2026-08-14 07:13:26,2026-08-14 07:16:33,2026-08-14 07:17:52,2026-08-14 07:30:12
609,180,anomaly,high,resolved,AI anomaly: prolonged inactivity 284 min,26.366561,91.6326,11,2026-08-17 11:44:02,2026-08-17 11:44:51,2026-08-17 11:45:00,2026-08-17 12:43:10
610,180,anomaly,high,resolved,AI anomaly: prolonged inactivity 294 min,26.248945,91.515449,1,2026-08-18 11:48:28,2026-08-18 11:49:11,2026-08-18 11:51:19,2026-08-18 12:19:59
611,182,geofence,critical,dispatched,Restricted-zone entry: Kaziranga Core Zone,26.576466,93.171243,15,2026-09-03 08:05:08,2026-09-03 08:05:50,2026-09-03 08:07:15,
612,182,anomaly,high,dispatched,AI anomaly: prolonged inactivity 440 min,26.106836,91.587073,19,2026-09-04 14:05:40,2026-09-04 14:06:21,2026-09-04 14:07:39,
613,182,anomaly,high,resolved,AI anomaly: prolonged inactivity 171 min,23.726967,92.717086,1,2026-09-05 09:36:43,2026-09-05 09:38:13,2026-09-05 09:50:29,2026-09-05 11:03:46
614,183,anomaly,high,resolved,AI anomaly: prolonged inactivity 82 min,26.366234,91.633157,15,2026-08-29 07:55:38,2026-08-29 07:58:11,2026-08-29 07:58:38,2026-08-29 08:20:02
615,183,anomaly,high,resolved,AI anomaly: prolonged inactivity 327 min,26.250291,91.5155,1,2026-08-30 12:02:32,2026-08-30 12:05:31,2026-08-30 12:15:21,2026-08-30 12:56:39
616,183,anomaly,high,resolved,AI anomaly: prolonged inactivity 296 min,26.19504,91.745555,7,2026-08-31 11:35:53,2026-08-31 11:36:28,2026-08-31 11:37:50,2026-08-31 11:53:20
617,184,anomaly,high,dispatched,AI anomaly: prolonged inactivity 418 min,26.097655,91.605934,4,2026-08-16 13:37:03,2026-08-16 13:40:55,2026-08-16 13:41:32,
618,184,anomaly,high,resolved,AI anomaly: prolonged inactivity 146 min,26.176037,91.78454,15,2026-08-17 09:22:52,2026-08-17 09:23:22,2026-08-17 09:29:30,2026-08-17 09:33:24
619,185,anomaly,high,dispatched,AI anomaly: prolonged inactivity 354 min,26.156293,91.795595,11,2026-08-17 12:27:49,2026-08-17 12:29:12,2026-08-17 12:34:08,
620,187,anomaly,high,dispatched,AI anomaly: prolonged inactivity 67 min,26.749033,94.203839,8,2026-07-31 07:42:48,2026-07-31 07:48:08,2026-07-31 07:51:47,
621,187,anomaly,high,resolved,AI anomaly: prolonged inactivity 130 min,26.950702,94.169418,21,2026-08-01 09:07:49,2026-08-01 09:08:39,2026-08-01 09:09:55,2026-08-01 11:14:15
622,187,anomaly,high,detected,AI anomaly: prolonged inactivity 212 min,26.98072,94.640392,,2026-08-03 10:34:31,,,
623,187,anomaly,high,resolved,AI anomaly: prolonged inactivity 70 min,26.981873,94.641225,6,2026-08-04 07:49:50,2026-08-04 07:50:30,2026-08-04 08:02:15,2026-08-04 08:42:12
624,187,anomaly,high,resolved,AI anomaly: prolonged inactivity 55 min,26.982256,94.641141,19,2026-08-05 07:52:19,2026-08-05 07:53:59,2026-08-05 07:57:41,2026-08-05 08:05:54
625,187,anomaly,high,dispatched,AI anomaly: prolonged inactivity 351 min,26.577866,93.173908,10,2026-08-06 12:24:29,2026-08-06 12:26:08,2026-08-06 12:27:46,
626,187,geofence,critical,resolved,Restricted-zone entry: Kaziranga Core Zone,26.577866,93.173908,5,2026-08-06 12:24:29,2026-08-06 12:29:02,2026-08-06 12:33:22,2026-08-06 13:46:53
627,187,anomaly,high,resolved,AI anomaly: prolonged inactivity 189 min,26.632631,92.800686,15,2026-08-08 09:50:13,2026-08-08 09:51:04,2026-08-08 09:55:29,2026-08-08 10:20:40
628,187,anomaly,high,resolved,AI anomaly: prolonged inactivity 64 min,26.631935,92.799972,20,2026-08-09 07:59:03,2026-08-09 08:04:53,2026-08-09 08:06:03,2026-08-09 08:14:02
629,188,anomaly,high,dispatched,AI anomaly: prolonged inactivity 53 min,27.331579,88.612745,4,2026-08-18 07:23:35,2026-08-18 07:30:17,2026-08-18 07:31:33,
630,188,anomaly,high,resolved,AI anomaly: prolonged inactivity 66 min,26.186028,91.740774,21,2026-08-19 07:37:45,2026-08-19 07:39:19,2026-08-19 07:45:50,2026-08-19 08:00:00
631,188,anomaly,high,acknowledged,AI anomaly: prolonged inactivity 462 min,26.105927,91.586883,,2026-08-21 14:17:05,2026-08-21 14:17:46,,
632,188,anomaly,high,resolved,AI anomaly: prolonged inactivity 60 min,26.107063,91.587182,6,2026-08-22 07:39:06,2026-08-22 07:40:22,2026-08-22 07:42:54,2026-08-22 08:14:26
633,188,anomaly,high,resolved,AI anomaly: prolonged inactivity 71 min,26.107202,91.586773,12,2026-08-23 07:54:53,2026-08-23 07:56:33,2026-08-23 07:57:45,2026-08-23 08:05:58
634,188,anomaly,high,resolved,AI anomaly: prolonged inactivity 282 min,25.578877,91.893934,2,2026-08-24 11:37:49,2026-08-24 11:39:11,2026-08-24 11:39:25,2026-08-24 11:50:44
635,188,anomaly,high,resolved,AI anomaly: prolonged inactivity 48 min,25.578916,91.895114,14,2026-08-26 07:22:47,2026-08-26 07:23:11,2026-08-26 07:25:33,2026-08-26 08:13:03
636,188,anomaly,high,dispatched,AI anomaly: prolonged inactivity 55 min,25.579062,91.894273,20,2026-08-27 07:29:53,2026-08-27 07:30:12,2026-08-27 07:30:33,
637,188,anomaly,high,resolved,AI anomaly: prolonged inactivity 336 min,23.727871,92.716692,9,2026-08-28 12:13:17,2026-08-28 12:14:51,2026-08-28 12:16:11,2026-08-28 12:25:45
638,188,anomaly,high,dispatched,AI anomaly: prolonged inactivity 51 min,23.727343,92.717319,2,2026-08-29 07:34:18,2026-08-29 07:40:19,2026-08-29 07:42:18,
639,188,anomaly,high,resolved,AI anomaly: prolonged inactivity 79 min,23.727778,92.717138,6,2026-08-30 08:01:58,2026-08-30 08:02:45,2026-08-30 08:12:38,2026-08-30 08:35:14
640,188,anomaly,high,resolved,AI anomaly: prolonged inactivity 480 min,24.817939,93.93576,12,2026-08-31 14:46:41,2026-08-31 14:48:16,2026-08-31 14:48:45,2026-08-31 14:56:17
641,188,anomaly,high,resolved,AI anomaly: prolonged inactivity 65 min,24.817333,93.934674,7,2026-09-02 07:52:05,2026-09-02 08:03:15,2026-09-02 08:07:37,2026-09-02 08:41:33
642,189,anomaly,high,resolved,AI anomaly: prolonged inactivity 56 min,26.365423,91.631743,7,2026-09-03 07:44:37,2026-09-03 07:49:06,2026-09-03 07:49:24,2026-09-03 08:07:15
643,189,anomaly,high,detected,AI anomaly: prolonged inactivity 278 min,26.248343,91.518603,,2026-09-04 11:22:39,,,
644,189,anomaly,high,resolved,AI anomaly: prolonged inactivity 347 min,26.169141,91.769692,5,2026-09-05 12:35:41,2026-09-05 12:35:55,2026-09-05 12:36:43,2026-09-05 13:24:28
645,190,anomaly,high,resolved,AI anomaly: prolonged inactivity 257 min,26.097725,91.603529,8,2026-08-20 11:20:25,2026-08-20 11:22:35,2026-08-20 11:27:18,2026-08-20 11:35:17
646,190,geofence,critical,resolved,Restricted-zone entry: Deepor Beel Wetland Edge,26.120701,91.649301,6,2026-08-20 12:02:47,2026-08-20 12:04:10,2026-08-20 12:04:57,2026-08-20 12:08:35
647,190,anomaly,high,resolved,AI anomaly: prolonged inactivity 383 min,26.234923,92.085026,11,2026-08-21 13:18:34,2026-08-21 13:21:19,2026-08-21 13:22:46,2026-08-21 13:40:06
648,191,anomaly,high,resolved,AI anomaly: prolonged inactivity 284 min,26.211375,91.75102,20,2026-08-29 11:23:00,2026-08-29 11:26:21,2026-08-29 11:27:10,2026-08-29 11:34:33
649,191,anomaly,high,dispatched,AI anomaly: prolonged inactivity 460 min,26.233614,92.081898,5,2026-08-30 14:38:22,2026-08-30 14:42:32,2026-08-30 14:42:40,
650,192,anomaly,high,resolved,AI anomaly: prolonged inactivity 74 min,25.578336,91.894825,15,2026-08-01 07:49:45,2026-08-01 07:50:25,2026-08-01 07:55:56,2026-08-01 08:04:59
651,192,anomaly,high,resolved,AI anomaly: prolonged inactivity 69 min,25.578647,91.895181,10,2026-08-02 08:00:01,2026-08-02 08:01:24,2026-08-02 08:09:24,2026-08-02 08:38:00
652,192,anomaly,high,resolved,AI anomaly: prolonged inactivity 79 min,25.578431,91.895553,4,2026-08-03 07:56:18,2026-08-03 07:59:08,2026-08-03 08:01:50,2026-08-03 08:26:37
653,192,anomaly,high,dispatched,AI anomaly: prolonged inactivity 73 min,25.578032,91.895032,6,2026-08-04 07:47:54,2026-08-04 07:49:16,2026-08-04 07:55:44,
654,192,anomaly,high,acknowledged,AI anomaly: prolonged inactivity 445 min,26.575913,93.170421,,2026-08-05 14:08:01,2026-08-05 14:14:34,,
655,192,geofence,critical,dispatched,Restricted-zone entry: Kaziranga Core Zone,26.575913,93.170421,16,2026-08-05 14:08:01,2026-08-05 14:10:21,2026-08-05 14:11:49,
656,192,anomaly,high,resolved,AI anomaly: prolonged inactivity 53 min,26.576417,93.171237,6,2026-08-07 07:42:57,2026-08-07 07:43:25,2026-08-07 07:47:26,2026-08-07 08:50:42
657,192,anomaly,high,resolved,AI anomaly: prolonged inactivity 59 min,26.575975,93.170523,10,2026-08-08 07:50:27,2026-08-08 07:52:11,2026-08-08 07:53:57,2026-08-08 08:13:10
658,192,anomaly,high,resolved,AI anomaly: prolonged inactivity 61 min,26.57575,93.170371,9,2026-08-10 07:42:13,2026-08-10 07:42:27,2026-08-10 07:44:08,2026-08-10 07:58:01
659,192,anomaly,high,resolved,AI anomaly: prolonged inactivity 288 min,23.832867,91.28614,13,2026-08-11 11:24:24,2026-08-11 11:24:33,2026-08-11 11:30:10,2026-08-11 11:37:28
660,192,anomaly,high,resolved,AI anomaly: prolonged inactivity 50 min,23.832971,91.286419,5,2026-08-13 07:20:45,2026-08-13 07:23:19,2026-08-13 07:24:30,2026-08-13 07:47:40
661,192,anomaly,high,resolved,AI anomaly: prolonged inactivity 63 min,23.83294,91.286257,17,2026-08-14 07:50:14,2026-08-14 07:50:40,2026-08-14 07:54:55,2026-08-14 08:38:46
662,193,anomaly,high,resolved,AI anomaly: prolonged inactivity 895 min,26.233037,92.08531,1,2026-08-01 21:26:35,2026-08-01 21:27:45,2026-08-01 21:30:48,2026-08-01 21:39:57
663,193,anomaly,high,resolved,AI anomaly: prolonged inactivity 1134 min,26.176755,91.784827,17,2026-08-03 01:30:33,2026-08-03 01:33:26,2026-08-03 01:40:14,2026-08-03 01:49:18
664,193,geofence,critical,resolved,Restricted-zone entry: Deepor Beel Wetland Edge,26.121466,91.650477,18,2026-08-04 03:15:12,2026-08-04 03:15:46,2026-08-04 03:18:44,2026-08-04 03:30:14
665,195,sos,critical,resolved,"SOS triggered by Rohan Phukan: Lost in the forest trail, no landmarks visible, running out of water.",26.144459,91.791767,4,2026-08-01 22:11:40,2026-08-01 22:14:27,2026-08-01 22:16:48,2026-08-01 22:40:56
666,196,anomaly,high,resolved,AI anomaly: prolonged inactivity 77 min,26.18747,91.748887,9,2026-07-30 08:01:48,2026-07-30 08:05:26,2026-07-30 08:06:19,2026-07-30 08:08:30
667,196,geofence,critical,resolved,Restricted-zone entry: Riverside Restricted Area,26.185262,91.763538,8,2026-07-30 08:49:43,2026-07-30 08:52:44,2026-07-30 08:53:16,2026-07-30 09:39:32
668,196,anomaly,high,resolved,AI anomaly: prolonged inactivity 86 min,26.192819,91.749028,2,2026-07-31 07:58:15,2026-07-31 07:59:11,2026-07-31 08:04:49,2026-07-31 08:13:02
669,197,anomaly,high,resolved,AI anomaly: prolonged inactivity 69 min,26.161194,91.727469,16,2026-08-30 07:55:33,2026-08-30 07:57:55,2026-08-30 08:00:39,2026-08-30 08:04:27
670,197,anomaly,high,detected,AI anomaly: prolonged inactivity 248 min,26.250234,91.516602,,2026-09-01 10:49:14,,,
671,197,anomaly,high,acknowledged,AI anomaly: prolonged inactivity 83 min,26.250602,91.517084,,2026-09-02 08:03:43,2026-09-02 08:04:54,,
672,198,anomaly,high,resolved,AI anomaly: prolonged inactivity 66 min,25.199894,91.914819,5,2026-08-26 07:57:45,2026-08-26 07:58:54,2026-08-26 08:01:17,2026-08-26 10:22:20
673,198,anomaly,high,dispatched,AI anomaly: prolonged inactivity 458 min,25.291212,91.677439,12,2026-08-27 14:28:52,2026-08-27 14:30:13,2026-08-27 14:35:24,
674,198,anomaly,high,dispatched,AI anomaly: prolonged inactivity 58 min,25.291401,91.678417,12,2026-08-28 07:56:42,2026-08-28 07:57:27,2026-08-28 08:00:28,
675,198,anomaly,high,resolved,AI anomaly: prolonged inactivity 389 min,25.637965,91.890562,9,2026-08-29 13:03:22,2026-08-29 13:06:05,2026-08-29 13:07:55,2026-08-29 13:49:44
676,198,anomaly,high,resolved,AI anomaly: prolonged inactivity 76 min,25.599839,91.892951,5,2026-08-30 08:03:34,2026-08-30 08:05:24,2026-08-30 08:06:58,2026-08-30 08:09:16
677,198,anomaly,high,dispatched,AI anomaly: prolonged inactivity 239 min,26.181577,91.752666,22,2026-08-31 10:48:22,2026-08-31 10:49:25,2026-08-31 11:02:49,
678,199,anomaly,high,dispatched,AI anomaly: prolonged inactivity 46 min,26.178788,91.753959,10,2026-08-23 07:29:05,2026-08-23 07:30:54,2026-08-23 08:03:59,
679,199,anomaly,high,detected,AI anomaly: prolonged inactivity 254 min,26.165518,91.568323,,2026-08-24 11:09:07,,,
680,199,anomaly,high,resolved,AI anomaly: prolonged inactivity 75 min,26.165092,91.568586,19,2026-08-25 07:54:09,2026-08-25 07:54:54,2026-08-25 07:56:15,2026-08-25 08:37:11
681,200,anomaly,high,resolved,AI anomaly: prolonged inactivity 61 min,26.150331,91.785849,8,2026-08-27 07:45:35,2026-08-27 07:45:53,2026-08-27 07:46:47,2026-08-27 08:37:36
682,201,anomaly,high,resolved,AI anomaly: prolonged inactivity 347 min,26.178549,91.787836,15,2026-07-31 12:50:29,2026-07-31 12:54:02,2026-07-31 12:55:20,2026-07-31 13:03:51
683,201,anomaly,high,resolved,AI anomaly: prolonged inactivity 384 min,26.119603,91.648295,1,2026-08-01 13:05:14,2026-08-01 13:06:19,2026-08-01 13:11:09,2026-08-01 13:56:09
684,201,geofence,critical,dispatched,Restricted-zone entry: Deepor Beel Wetland Edge,26.120348,91.64984,12,2026-08-01 13:22:35,2026-08-01 13:24:55,2026-08-01 13:26:03,
685,202,anomaly,high,dispatched,AI anomaly: prolonged inactivity 339 min,26.248668,91.515801,1,2026-07-28 12:15:36,2026-07-28 12:17:55,2026-07-28 12:19:10,
686,202,anomaly,high,detected,AI anomaly: prolonged inactivity 129 min,26.366467,91.631679,,2026-07-29 09:16:27,,,
687,204,anomaly,high,dispatched,AI anomaly: prolonged inactivity 77 min,26.182626,91.753335,2,2026-09-03 08:01:36,2026-09-03 08:03:06,2026-09-03 08:04:19,
688,204,anomaly,high,dispatched,AI anomaly: prolonged inactivity 360 min,25.580577,91.89422,1,2026-09-04 13:01:28,2026-09-04 13:02:13,2026-09-04 13:06:20,
689,204,anomaly,high,resolved,AI anomaly: prolonged inactivity 184 min,25.276795,91.68766,10,2026-09-05 09:59:18,2026-09-05 09:59:58,2026-09-05 10:07:07,2026-09-05 10:48:23
690,204,geofence,critical,resolved,Restricted-zone entry: Cherrapunji Cliff Edge,25.274982,91.686574,2,2026-09-05 10:16:53,2026-09-05 10:19:01,2026-09-05 10:21:16,2026-09-05 10:48:14
691,204,missing_person,critical,resolved,Ethan Jones has not reported a location for over 6 hours,25.279014,91.68961,16,2026-09-05 18:09:13,2026-09-05 18:13:13,2026-09-05 18:15:22,2026-09-05 18:24:54
692,207,anomaly,high,resolved,AI anomaly: prolonged inactivity 413 min,26.106554,91.584533,7,2026-09-01 13:34:36,2026-09-01 13:35:47,2026-09-01 13:44:26,2026-09-01 13:51:03
693,208,anomaly,high,dispatched,AI anomaly: prolonged inactivity 407 min,26.112728,91.634578,22,2026-08-15 13:46:24,2026-08-15 13:46:47,2026-08-15 13:53:21,
694,208,geofence,critical,resolved,Restricted-zone entry: Deepor Beel Wetland Edge,26.119838,91.64874,5,2026-08-15 13:52:37,2026-08-15 13:54:00,2026-08-15 13:56:15,2026-08-15 14:58:13
695,208,anomaly,high,detected,AI anomaly: prolonged inactivity 460 min,26.179066,91.788326,,2026-08-16 14:23:43,,,
696,209,anomaly,high,resolved,AI anomaly: prolonged inactivity 58 min,25.65624,91.890725,5,2026-08-20 07:30:35,2026-08-20 07:31:22,2026-08-20 07:33:05,2026-08-20 07:37:30
697,209,anomaly,high,resolved,AI anomaly: prolonged inactivity 68 min,25.657245,91.89133,2,2026-08-21 07:41:00,2026-08-21 07:45:48,2026-08-21 07:46:32,2026-08-21 07:54:25
698,209,anomaly,high,resolved,AI anomaly: prolonged inactivity 369 min,25.258719,91.707299,22,2026-08-22 13:06:12,2026-08-22 13:07:09,2026-08-22 13:08:53,2026-08-22 13:16:39
699,209,geofence,critical,resolved,Restricted-zone entry: Cherrapunji Cliff Edge,25.280173,91.686759,11,2026-08-22 14:07:31,2026-08-22 14:14:12,2026-08-22 14:17:00,2026-08-22 14:17:43
700,209,anomaly,high,dispatched,AI anomaly: prolonged inactivity 442 min,26.180814,91.752766,8,2026-08-24 14:21:25,2026-08-24 14:23:30,2026-08-24 14:25:19,
701,209,anomaly,high,resolved,AI anomaly: prolonged inactivity 80 min,26.18034,91.753048,16,2026-08-25 07:55:55,2026-08-25 07:58:08,2026-08-25 07:59:29,2026-08-25 08:07:45
702,210,anomaly,high,resolved,AI anomaly: prolonged inactivity 50 min,26.949558,94.169115,4,2026-08-05 07:25:12,2026-08-05 07:25:44,2026-08-05 07:26:56,2026-08-05 07:53:11
703,210,anomaly,high,resolved,AI anomaly: prolonged inactivity 55 min,26.948906,94.169155,10,2026-08-06 07:40:33,2026-08-06 07:45:04,2026-08-06 07:46:28,2026-08-06 08:05:11
704,210,anomaly,high,resolved,AI anomaly: prolonged inactivity 341 min,26.98138,94.642133,21,2026-08-07 12:23:52,2026-08-07 12:26:38,2026-08-07 12:30:32,2026-08-07 12:37:13
705,210,anomaly,high,dispatched,AI anomaly: prolonged inactivity 221 min,26.576743,93.17326,8,2026-08-09 10:18:57,2026-08-09 10:19:51,2026-08-09 10:24:19,
706,210,geofence,critical,resolved,Restricted-zone entry: Kaziranga Core Zone,26.576743,93.17326,3,2026-08-09 10:18:57,2026-08-09 10:20:20,2026-08-09 10:21:50,2026-08-09 10:31:40
707,210,anomaly,high,resolved,AI anomaly: prolonged inactivity 67 min,26.57674,93.172664,13,2026-08-11 07:51:42,2026-08-11 07:55:06,2026-08-11 08:01:07,2026-08-11 09:54:58
708,210,anomaly,high,resolved,AI anomaly: prolonged inactivity 422 min,26.1075,91.586096,19,2026-08-12 13:38:03,2026-08-12 13:44:51,2026-08-12 13:47:27,2026-08-12 14:02:10
709,211,anomaly,high,resolved,AI anomaly: prolonged inactivity 48 min,26.180439,91.744535,17,2026-08-06 07:51:11,2026-08-06 07:52:26,2026-08-06 07:54:36,2026-08-06 08:00:25
710,211,anomaly,high,resolved,AI anomaly: prolonged inactivity 56 min,26.180316,91.746129,15,2026-08-07 07:46:48,2026-08-07 07:51:41,2026-08-07 07:53:13,2026-08-07 08:29:15
711,212,geofence,critical,resolved,Restricted-zone entry: Riverside Restricted Area,26.175753,91.777735,3,2026-08-13 08:45:43,2026-08-13 08:47:03,2026-08-13 08:48:49,2026-08-13 09:00:32
712,212,anomaly,high,dispatched,AI anomaly: prolonged inactivity 52 min,26.17911,91.751914,20,2026-08-14 07:41:44,2026-08-14 07:44:26,2026-08-14 07:45:26,
713,212,anomaly,high,resolved,AI anomaly: prolonged inactivity 476 min,26.368729,91.632177,11,2026-08-15 14:40:55,2026-08-15 14:47:24,2026-08-15 14:48:56,2026-08-15 16:12:27
714,213,anomaly,high,resolved,AI anomaly: prolonged inactivity 872 min,25.635968,91.889248,20,2026-07-28 21:10:56,2026-07-28 21:12:11,2026-07-28 21:12:35,2026-07-28 21:26:32
715,213,anomaly,high,resolved,AI anomaly: prolonged inactivity 877 min,25.597205,91.891549,20,2026-07-29 21:22:30,2026-07-29 21:23:45,2026-07-29 21:24:31,2026-07-29 21:34:25
716,213,anomaly,high,resolved,AI anomaly: prolonged inactivity 1193 min,25.246378,91.714134,13,2026-07-31 02:43:49,2026-07-31 02:50:49,2026-07-31 02:53:48,2026-07-31 03:07:35
717,215,anomaly,high,dispatched,AI anomaly: unusual movement pattern,26.177481,91.799508,9,2026-08-02 07:06:45,2026-08-02 07:11:38,2026-08-02 07:16:27,
718,215,anomaly,high,detected,AI anomaly: prolonged inactivity 287 min,26.104564,91.584742,,2026-08-03 11:25:33,,,
719,216,anomaly,high,resolved,AI anomaly: prolonged inactivity 473 min,26.179834,91.786764,18,2026-08-11 14:25:51,2026-08-11 14:28:39,2026-08-11 14:47:33,2026-08-11 15:05:41
720,217,geofence,critical,resolved,Restricted-zone entry: Deepor Beel Wetland Edge,26.121313,91.649014,14,2026-08-22 08:01:50,2026-08-22 08:05:38,2026-08-22 08:08:00,2026-08-22 08:43:08
721,217,anomaly,high,resolved,AI anomaly: prolonged inactivity 269 min,26.177545,91.787048,2,2026-08-23 11:27:46,2026-08-23 11:31:03,2026-08-23 11:34:13,2026-08-23 11:42:59
722,218,anomaly,high,resolved,AI anomaly: prolonged inactivity 315 min,26.176139,91.760447,2,2026-09-05 11:53:24,2026-09-05 11:55:37,2026-09-05 11:58:14,2026-09-05 12:18:48
723,219,anomaly,high,resolved,AI anomaly: prolonged inactivity 54 min,25.580172,91.893645,20,2026-07-26 07:49:15,2026-07-26 07:50:00,2026-07-26 07:51:56,2026-07-26 08:05:06
724,219,anomaly,high,acknowledged,AI anomaly: prolonged inactivity 270 min,25.289075,91.680201,,2026-07-27 11:20:37,2026-07-27 11:24:08,,
725,219,geofence,critical,resolved,Restricted-zone entry: Cherrapunji Cliff Edge,25.283207,91.682126,19,2026-07-27 11:42:15,2026-07-27 11:44:19,2026-07-27 11:45:17,2026-07-27 11:54:46
726,219,anomaly,high,resolved,AI anomaly: prolonged inactivity 406 min,25.191905,91.98489,3,2026-07-29 13:19:19,2026-07-29 13:22:25,2026-07-29 13:24:29,2026-07-29 13:30:50
727,219,geofence,critical,resolved,Restricted-zone entry: Dawki Border Belt,25.191027,92.020238,13,2026-07-29 13:30:44,2026-07-29 13:35:02,2026-07-29 13:39:37,2026-07-29 15:03:51
728,219,fall_detected,critical,resolved,Possible fall detected by Simanta Mishra's band,25.579687,91.893063,9,2026-07-25 07:48:03,2026-07-25 07:57:41,2026-07-25 07:59:03,2026-07-25 08:55:02
729,220,anomaly,high,resolved,AI anomaly: prolonged inactivity 349 min,26.185859,91.748247,2,2026-07-29 12:25:38,2026-07-29 12:26:35,2026-07-29 12:33:17,2026-07-29 12:41:55
730,221,anomaly,high,resolved,AI anomaly: prolonged inactivity 56 min,25.636573,91.891241,18,2026-08-22 07:40:54,2026-08-22 07:42:19,2026-08-22 07:44:18,2026-08-22 08:05:48
731,221,anomaly,high,resolved,AI anomaly: prolonged inactivity 73 min,25.597634,91.893547,13,2026-08-23 07:56:45,2026-08-23 07:57:20,2026-08-23 08:04:57,2026-08-23 08:21:51
732,221,anomaly,high,resolved,AI anomaly: prolonged inactivity 485 min,25.246477,91.71538,1,2026-08-24 14:51:21,2026-08-24 14:54:18,2026-08-24 15:03:25,2026-08-24 15:10:40
733,221,anomaly,high,resolved,AI anomaly: prolonged inactivity 196 min,25.191753,92.021764,3,2026-08-26 10:02:08,2026-08-26 10:04:17,2026-08-26 10:07:15,2026-08-26 10:25:24
734,221,geofence,critical,resolved,Restricted-zone entry: Dawki Border Belt,25.191753,92.021764,21,2026-08-26 10:02:08,2026-08-26 10:05:49,2026-08-26 10:10:35,2026-08-26 10:24:49
735,221,anomaly,high,resolved,AI anomaly: prolonged inactivity 54 min,25.191501,92.021092,5,2026-08-27 07:48:30,2026-08-27 07:50:43,2026-08-27 07:53:19,2026-08-27 08:22:23
736,221,anomaly,high,dispatched,AI anomaly: prolonged inactivity 64 min,25.191405,92.021075,8,2026-08-28 07:40:13,2026-08-28 07:41:30,2026-08-28 07:42:45,
737,221,anomaly,high,dispatched,AI anomaly: prolonged inactivity 296 min,26.183665,91.749884,6,2026-08-29 11:48:50,2026-08-29 11:51:25,2026-08-29 11:59:23,
738,221,anomaly,high,resolved,AI anomaly: prolonged inactivity 49 min,26.183649,91.749907,17,2026-08-30 07:19:45,2026-08-30 07:23:00,2026-08-30 07:26:40,2026-08-30 07:35:35
739,222,anomaly,high,dispatched,AI anomaly: prolonged inactivity 54 min,26.170736,91.772608,19,2026-08-10 07:44:57,2026-08-10 07:46:27,2026-08-10 07:49:05,
740,222,anomaly,high,resolved,AI anomaly: prolonged inactivity 407 min,26.166816,91.567248,10,2026-08-11 13:17:33,2026-08-11 13:18:54,2026-08-11 13:23:21,2026-08-11 13:40:50
741,223,anomaly,high,resolved,AI anomaly: prolonged inactivity 407 min,26.113245,91.63526,4,2026-08-06 13:17:17,2026-08-06 13:18:02,2026-08-06 13:20:30,2026-08-06 13:24:01
742,223,geofence,critical,resolved,Restricted-zone entry: Deepor Beel Wetland Edge,26.119335,91.649496,11,2026-08-06 13:20:20,2026-08-06 13:33:53,2026-08-06 13:35:32,2026-08-06 14:47:25
743,223,anomaly,high,acknowledged,AI anomaly: prolonged inactivity 374 min,25.935784,91.432619,,2026-08-07 13:12:29,2026-08-07 13:13:37,,
744,224,anomaly,high,resolved,AI anomaly: prolonged inactivity 153 min,26.175095,91.762549,17,2026-08-05 09:18:01,2026-08-05 09:21:54,2026-08-05 09:24:20,2026-08-05 09:32:27
745,224,geofence,critical,resolved,Restricted-zone entry: Riverside Restricted Area,26.175095,91.762549,21,2026-08-05 09:18:01,2026-08-05 09:18:50,2026-08-05 09:19:56,2026-08-05 09:30:56
746,225,anomaly,high,resolved,AI anomaly: prolonged inactivity 71 min,26.91948,92.878399,18,2026-08-28 07:45:54,2026-08-28 07:47:49,2026-08-28 07:51:14,2026-08-28 08:01:37
747,225,anomaly,high,resolved,AI anomaly: prolonged inactivity 393 min,26.749568,94.201916,21,2026-08-29 13:36:44,2026-08-29 13:37:21,2026-08-29 13:40:07,2026-08-29 13:54:25
748,225,anomaly,high,resolved,AI anomaly: prolonged inactivity 309 min,26.105089,91.584976,2,2026-08-31 11:47:08,2026-08-31 11:47:58,2026-08-31 11:49:29,2026-08-31 12:42:04
749,226,anomaly,high,resolved,AI anomaly: prolonged inactivity 54 min,26.365903,91.635105,19,2026-08-31 07:37:36,2026-08-31 07:39:21,2026-08-31 07:39:40,2026-08-31 08:20:25
750,226,anomaly,high,resolved,AI anomaly: prolonged inactivity 361 min,26.249986,91.514561,21,2026-09-01 12:38:07,2026-09-01 12:39:00,2026-09-01 12:40:52,2026-09-01 12:49:49
751,226,anomaly,high,resolved,AI anomaly: prolonged inactivity 193 min,26.147446,91.781221,22,2026-09-02 10:03:03,2026-09-02 10:05:08,2026-09-02 10:09:10,2026-09-02 10:22:35
752,226,geofence,critical,resolved,Restricted-zone entry: Riverside Restricted Area,26.174912,91.777798,9,2026-09-02 11:43:26,2026-09-02 11:44:56,2026-09-02 11:47:17,2026-09-02 12:01:23
753,227,anomaly,high,resolved,AI anomaly: prolonged inactivity 62 min,26.184664,91.750976,16,2026-08-13 07:43:31,2026-08-13 07:45:25,2026-08-13 07:51:42,2026-08-13 08:12:32
754,227,anomaly,high,resolved,AI anomaly: prolonged inactivity 51 min,26.184411,91.750948,9,2026-08-15 07:22:19,2026-08-15 07:30:06,2026-08-15 07:39:28,2026-08-15 07:42:20
755,227,anomaly,high,dispatched,AI anomaly: prolonged inactivity 281 min,27.585277,91.857382,1,2026-08-16 11:41:15,2026-08-16 11:42:55,2026-08-16 11:44:26,
756,227,anomaly,high,resolved,AI anomaly: prolonged inactivity 71 min,27.585014,91.857928,14,2026-08-17 07:49:36,2026-08-17 07:54:08,2026-08-17 07:55:32,2026-08-17 11:20:55
757,227,anomaly,high,resolved,AI anomaly: sudden location jump 6.2 km,27.541938,91.814813,13,2026-08-18 07:18:00,2026-08-18 07:18:29,2026-08-18 07:21:34,2026-08-18 07:32:37
758,227,anomaly,high,resolved,AI anomaly: prolonged inactivity 219 min,27.544783,93.832982,10,2026-08-20 10:30:07,2026-08-20 10:32:04,2026-08-20 10:33:07,2026-08-20 10:48:55
759,227,anomaly,high,resolved,AI anomaly: prolonged inactivity 57 min,27.54435,93.832992,21,2026-08-21 07:33:48,2026-08-21 07:38:45,2026-08-21 07:42:24,2026-08-21 07:58:54
760,227,anomaly,high,acknowledged,AI anomaly: prolonged inactivity 67 min,27.545199,93.832658,,2026-08-22 07:54:37,2026-08-22 07:55:27,,
761,228,anomaly,high,resolved,AI anomaly: prolonged inactivity 80 min,26.105494,91.584308,12,2026-07-30 07:54:47,2026-07-30 07:57:00,2026-07-30 07:58:31,2026-07-30 08:05:50
762,228,anomaly,high,resolved,AI anomaly: prolonged inactivity 159 min,26.145382,91.797014,16,2026-07-31 09:25:22,2026-07-31 09:27:28,2026-07-31 09:28:49,2026-07-31 10:17:34
763,229,anomaly,high,resolved,AI anomaly: prolonged inactivity 56 min,26.161789,91.727379,4,2026-08-25 07:33:55,2026-08-25 07:34:22,2026-08-25 07:35:48,2026-08-25 07:52:57
764,229,anomaly,high,dispatched,AI anomaly: prolonged inactivity 502 min,26.247767,91.517897,21,2026-08-26 14:53:59,2026-08-26 14:56:03,2026-08-26 14:57:12,
765,229,anomaly,high,dispatched,AI anomaly: prolonged inactivity 55 min,26.248012,91.517865,15,2026-08-27 07:38:21,2026-08-27 07:39:31,2026-08-27 07:41:09,
766,229,anomaly,high,dispatched,AI anomaly: abnormal speed 200 km/h (possible vehicle abduction),26.332204,91.581329,15,2026-08-28 09:09:17,2026-08-28 09:09:58,2026-08-28 09:10:23,
767,230,anomaly,high,dispatched,AI anomaly: prolonged inactivity 50 min,24.816823,93.938242,8,2026-08-01 07:38:12,2026-08-01 07:39:27,2026-08-01 07:41:08,
768,230,anomaly,high,detected,AI anomaly: prolonged inactivity 498 min,25.676992,94.107636,,2026-08-02 14:58:09,,,
769,230,anomaly,high,resolved,AI anomaly: prolonged inactivity 69 min,25.677331,94.107501,7,2026-08-03 08:01:20,2026-08-03 08:07:31,2026-08-03 08:16:37,2026-08-03 08:28:08
770,230,anomaly,high,resolved,AI anomaly: prolonged inactivity 150 min,26.106977,91.586944,8,2026-08-04 09:27:49,2026-08-04 09:29:37,2026-08-04 09:30:16,2026-08-04 09:43:56
771,230,anomaly,high,resolved,AI anomaly: prolonged inactivity 463 min,23.82994,91.285363,3,2026-08-06 14:13:46,2026-08-06 14:20:17,2026-08-06 14:20:53,2026-08-06 14:23:03
772,230,anomaly,high,resolved,AI anomaly: prolonged inactivity 94 min,23.83035,91.285623,3,2026-08-07 08:04:19,2026-08-07 08:05:06,2026-08-07 08:12:56,2026-08-07 08:35:31
773,230,anomaly,high,resolved,AI anomaly: prolonged inactivity 459 min,23.726593,92.715851,15,2026-08-08 14:28:07,2026-08-08 14:30:59,2026-08-08 14:31:50,2026-08-08 15:05:16
774,230,anomaly,high,resolved,AI anomaly: prolonged inactivity 60 min,23.726791,92.715756,22,2026-08-09 07:38:32,2026-08-09 07:38:54,2026-08-09 07:39:42,2026-08-09 08:12:22
775,230,anomaly,high,resolved,AI anomaly: prolonged inactivity 239 min,27.331301,88.61365,9,2026-08-10 10:57:58,2026-08-10 10:59:22,2026-08-10 11:03:46,2026-08-10 11:24:26
776,230,anomaly,high,resolved,AI anomaly: prolonged inactivity 57 min,27.330852,88.613241,20,2026-08-11 07:45:08,2026-08-11 07:46:22,2026-08-11 07:49:51,2026-08-11 07:57:02
777,231,geofence,critical,acknowledged,Restricted-zone entry: Riverside Restricted Area,26.18183,91.768287,,2026-08-03 09:39:04,2026-08-03 09:47:12,,
778,231,anomaly,high,resolved,AI anomaly: prolonged inactivity 87 min,26.181178,91.768151,10,2026-08-04 08:02:06,2026-08-04 08:05:01,2026-08-04 08:06:28,2026-08-04 08:11:00
779,231,anomaly,high,resolved,AI anomaly: prolonged inactivity 296 min,26.364516,91.633188,16,2026-08-05 11:53:11,2026-08-05 11:55:02,2026-08-05 11:56:10,2026-08-05 12:15:40
780,231,anomaly,high,dispatched,AI anomaly: prolonged inactivity 74 min,26.365891,91.632947,4,2026-08-06 07:55:09,2026-08-06 07:56:08,2026-08-06 08:00:02,
781,231,anomaly,high,dispatched,AI anomaly: prolonged inactivity 182 min,26.249053,91.517298,8,2026-08-07 09:38:41,2026-08-07 09:40:49,2026-08-07 09:41:55,
782,232,geofence,critical,resolved,Restricted-zone entry: Deepor Beel Wetland Edge,26.120618,91.649574,21,2026-08-13 08:09:14,2026-08-13 08:10:40,2026-08-13 08:11:27,2026-08-13 08:23:45
783,232,anomaly,high,resolved,AI anomaly: prolonged inactivity 65 min,26.111301,91.635035,13,2026-08-14 08:04:35,2026-08-14 08:08:27,2026-08-14 08:12:28,2026-08-14 09:04:27
784,232,anomaly,high,acknowledged,AI anomaly: prolonged inactivity 194 min,25.933079,91.433203,,2026-08-15 09:58:43,2026-08-15 09:59:08,,
785,232,anomaly,high,resolved,AI anomaly: prolonged inactivity 68 min,25.933206,91.432853,12,2026-08-16 08:00:57,2026-08-16 08:04:32,2026-08-16 08:05:47,2026-08-16 09:13:06
786,232,anomaly,high,resolved,AI anomaly: prolonged inactivity 428 min,26.232659,92.084728,12,2026-08-17 13:47:25,2026-08-17 13:48:31,2026-08-17 13:50:36,2026-08-17 15:02:30
787,233,anomaly,high,resolved,AI anomaly: prolonged inactivity 65 min,25.933076,91.43398,14,2026-08-09 07:34:51,2026-08-09 07:35:20,2026-08-09 07:36:15,2026-08-09 07:40:16
788,233,anomaly,high,resolved,AI anomaly: prolonged inactivity 445 min,26.095598,91.605411,5,2026-08-10 14:14:50,2026-08-10 14:16:12,2026-08-10 14:19:49,2026-08-10 14:24:31
789,233,geofence,critical,resolved,Restricted-zone entry: Deepor Beel Wetland Edge,26.119371,91.650011,9,2026-08-10 15:17:18,2026-08-10 15:18:35,2026-08-10 15:23:21,2026-08-10 15:28:39
790,233,anomaly,high,resolved,AI anomaly: prolonged inactivity 48 min,26.110899,91.636577,14,2026-08-11 07:47:39,2026-08-11 07:52:44,2026-08-11 07:53:54,2026-08-11 08:01:54
791,234,anomaly,high,resolved,AI anomaly: prolonged inactivity 55 min,26.176187,91.786302,17,2026-08-12 07:42:10,2026-08-12 07:43:12,2026-08-12 07:45:57,2026-08-12 07:52:05
792,234,anomaly,high,dispatched,AI anomaly: prolonged inactivity 259 min,26.095861,91.604677,1,2026-08-13 11:11:05,2026-08-13 11:13:54,2026-08-13 11:16:04,
793,234,geofence,critical,dispatched,Restricted-zone entry: Deepor Beel Wetland Edge,26.119709,91.649826,18,2026-08-13 11:55:09,2026-08-13 12:01:29,2026-08-13 12:04:25,
794,235,anomaly,high,dispatched,AI anomaly: prolonged inactivity 249 min,26.248325,91.517949,21,2026-07-28 10:59:08,2026-07-28 11:00:55,2026-07-28 11:05:08,
795,235,anomaly,high,dispatched,AI anomaly: prolonged inactivity 492 min,26.186484,91.744401,13,2026-07-29 14:50:56,2026-07-29 14:54:06,2026-07-29 14:54:53,
796,235,geofence,critical,resolved,Restricted-zone entry: Riverside Restricted Area,26.174008,91.777592,18,2026-07-29 15:42:14,2026-07-29 15:43:29,2026-07-29 15:46:24,2026-07-29 16:06:58
797,235,sos,critical,resolved,"SOS triggered by Bhaskar Sharma: Road accident on the highway, I am injured and cannot walk.",26.195512,91.744299,5,2026-07-29 14:57:12,2026-07-29 14:57:45,2026-07-29 15:04:32,2026-07-29 15:50:56
798,237,anomaly,high,resolved,AI anomaly: prolonged inactivity 63 min,26.10764,91.587154,9,2026-08-12 07:52:06,2026-08-12 07:55:47,2026-08-12 07:58:06,2026-08-12 08:12:56
799,237,anomaly,high,resolved,AI anomaly: prolonged inactivity 476 min,26.633935,92.799356,9,2026-08-13 14:29:15,2026-08-13 14:30:09,2026-08-13 14:31:45,2026-08-13 15:45:38
800,237,anomaly,high,resolved,AI anomaly: prolonged inactivity 54 min,26.633968,92.799571,22,2026-08-14 08:00:15,2026-08-14 08:03:10,2026-08-14 08:04:47,2026-08-14 08:23:49
801,237,anomaly,high,resolved,AI anomaly: prolonged inactivity 350 min,26.921784,92.878734,16,2026-08-15 12:24:30,2026-08-15 12:32:16,2026-08-15 12:32:51,2026-08-15 12:37:06
802,237,anomaly,high,resolved,AI anomaly: prolonged inactivity 222 min,26.579475,93.172767,18,2026-08-17 10:34:39,2026-08-17 10:35:36,2026-08-17 10:37:10,2026-08-17 11:27:35
803,237,geofence,critical,resolved,Restricted-zone entry: Kaziranga Core Zone,26.579475,93.172767,6,2026-08-17 10:34:39,2026-08-17 10:38:16,2026-08-17 10:39:00,2026-08-17 11:27:10
804,237,anomaly,high,dispatched,AI anomaly: prolonged inactivity 49 min,26.578757,93.172073,16,2026-08-18 07:29:59,2026-08-18 07:35:38,2026-08-18 07:37:29,
805,237,anomaly,high,resolved,AI anomaly: prolonged inactivity 282 min,26.951095,94.171513,9,2026-08-19 11:26:40,2026-08-19 11:30:37,2026-08-19 11:33:44,2026-08-19 11:47:36
806,237,anomaly,high,resolved,AI anomaly: prolonged inactivity 481 min,26.981596,94.643914,22,2026-08-21 14:55:52,2026-08-21 14:57:41,2026-08-21 14:58:32,2026-08-21 15:16:20
807,238,geofence,critical,resolved,Restricted-zone entry: Cherrapunji Cliff Edge,25.273923,91.693178,16,2026-08-18 08:40:59,2026-08-18 08:42:56,2026-08-18 08:44:54,2026-08-18 08:58:33
808,238,anomaly,high,dispatched,AI anomaly: prolonged inactivity 51 min,25.273322,91.691484,21,2026-08-19 07:37:59,2026-08-19 07:40:30,2026-08-19 07:44:20,
809,238,anomaly,high,acknowledged,AI anomaly: prolonged inactivity 59 min,25.258152,91.706467,,2026-08-20 07:56:11,2026-08-20 07:57:35,,
810,238,anomaly,high,resolved,AI anomaly: prolonged inactivity 471 min,25.598021,91.892133,8,2026-08-21 14:54:24,2026-08-21 14:55:52,2026-08-21 14:56:29,2026-08-21 15:15:40
811,238,anomaly,high,resolved,AI anomaly: abnormal speed 144 km/h (possible vehicle abduction),25.557694,91.845449,3,2026-08-22 07:12:22,2026-08-22 07:13:33,2026-08-22 07:14:59,2026-08-22 08:03:05
812,238,anomaly,high,dispatched,AI anomaly: prolonged inactivity 398 min,26.182936,91.751983,1,2026-08-24 13:34:46,2026-08-24 13:38:04,2026-08-24 13:39:47,
813,238,anomaly,high,resolved,AI anomaly: prolonged inactivity 51 min,26.182939,91.752305,3,2026-08-25 07:44:54,2026-08-25 07:49:41,2026-08-25 07:56:40,2026-08-25 08:32:40
814,241,geofence,critical,resolved,Restricted-zone entry: Kaziranga Core Zone,26.577248,93.170143,14,2026-08-24 21:31:07,2026-08-24 21:31:52,2026-08-24 21:38:29,2026-08-24 22:34:04
815,241,anomaly,high,resolved,AI anomaly: prolonged inactivity 859 min,26.578779,93.173134,8,2026-08-25 21:12:53,2026-08-25 21:14:01,2026-08-25 21:16:52,2026-08-25 21:37:03
816,241,anomaly,high,detected,AI anomaly: prolonged inactivity 884 min,26.5786,93.172894,,2026-08-26 21:28:25,,,
817,241,anomaly,high,dispatched,AI anomaly: prolonged inactivity 1228 min,26.107053,91.586829,20,2026-08-28 03:17:18,2026-08-28 03:20:11,2026-08-28 03:25:23,
818,241,anomaly,high,resolved,AI anomaly: prolonged inactivity 1113 min,25.579587,91.892005,5,2026-08-30 01:23:16,2026-08-30 01:28:53,2026-08-30 01:30:03,2026-08-30 01:39:05
819,241,anomaly,high,resolved,AI anomaly: prolonged inactivity 898 min,25.580003,91.892744,11,2026-08-31 21:29:32,2026-08-31 21:30:23,2026-08-31 21:32:32,2026-08-31 21:48:49
820,241,anomaly,high,resolved,AI anomaly: prolonged inactivity 1057 min,23.727028,92.716245,1,2026-09-02 00:36:14,2026-09-02 00:37:30,2026-09-02 00:41:20,2026-09-02 00:51:50
821,241,anomaly,high,resolved,AI anomaly: prolonged inactivity 1309 min,27.332434,88.614666,3,2026-09-04 04:49:12,2026-09-04 04:49:33,2026-09-04 04:53:52,2026-09-04 05:07:39
822,242,anomaly,high,resolved,AI anomaly: prolonged inactivity 55 min,26.105853,91.584926,8,2026-08-09 07:31:49,2026-08-09 07:38:29,2026-08-09 07:40:35,2026-08-09 08:10:26
823,242,anomaly,high,acknowledged,AI anomaly: prolonged inactivity 233 min,26.633673,92.798293,,2026-08-11 10:34:43,2026-08-11 10:35:07,,
824,242,anomaly,high,resolved,AI anomaly: prolonged inactivity 77 min,26.633708,92.798248,10,2026-08-13 08:01:56,2026-08-13 08:06:51,2026-08-13 08:08:50,2026-08-13 08:15:13
825,242,anomaly,high,dispatched,AI anomaly: prolonged inactivity 182 min,26.577342,93.173315,3,2026-08-14 09:54:29,2026-08-14 09:57:00,2026-08-14 09:57:58,
826,242,geofence,critical,dispatched,Restricted-zone entry: Kaziranga Core Zone,26.578767,93.172172,18,2026-08-14 09:59:07,2026-08-14 10:03:30,2026-08-14 10:04:00,
827,242,anomaly,high,resolved,AI anomaly: prolonged inactivity 49 min,26.577668,93.172093,19,2026-08-15 07:20:45,2026-08-15 07:22:17,2026-08-15 07:25:30,2026-08-15 07:41:51
828,242,anomaly,high,resolved,AI anomaly: prolonged inactivity 343 min,26.982418,94.642904,15,2026-08-17 12:27:28,2026-08-17 12:33:18,2026-08-17 12:36:32,2026-08-17 13:45:19
829,243,anomaly,high,resolved,AI anomaly: prolonged inactivity 54 min,26.634863,92.800931,8,2026-08-03 07:31:23,2026-08-03 07:38:30,2026-08-03 07:46:06,2026-08-03 07:52:04
830,243,anomaly,high,resolved,AI anomaly: prolonged inactivity 129 min,26.183403,91.752636,4,2026-08-04 09:08:54,2026-08-04 09:09:22,2026-08-04 09:10:51,2026-08-04 09:31:45
831,243,anomaly,high,acknowledged,AI anomaly: prolonged inactivity 64 min,26.182952,91.753173,,2026-08-05 07:36:25,2026-08-05 07:38:10,,
832,243,anomaly,high,dispatched,AI anomaly: prolonged inactivity 187 min,27.587934,91.860245,20,2026-08-06 09:45:56,2026-08-06 09:46:21,2026-08-06 09:47:19,
833,243,anomaly,high,resolved,AI anomaly: prolonged inactivity 302 min,27.546022,93.830273,18,2026-08-08 12:06:09,2026-08-08 12:06:49,2026-08-08 12:10:12,2026-08-08 12:21:08
834,245,sos,critical,resolved,"SOS triggered by Ethan Smith: Feeling severely unwell, chest pain, need medical assistance.",26.172099,91.760449,19,2026-07-25 12:16:08,2026-07-25 12:18:07,2026-07-25 12:18:47,2026-07-25 12:35:47
835,246,anomaly,high,acknowledged,AI anomaly: prolonged inactivity 311 min,26.633161,92.798616,,2026-08-16 12:02:18,2026-08-16 12:03:40,,
836,246,anomaly,high,resolved,AI anomaly: prolonged inactivity 69 min,26.633771,92.798734,20,2026-08-17 07:39:01,2026-08-17 07:41:09,2026-08-17 07:42:33,2026-08-17 08:40:50
837,246,anomaly,high,dispatched,AI anomaly: prolonged inactivity 389 min,26.183941,91.752536,10,2026-08-18 13:23:45,2026-08-18 13:25:03,2026-08-18 13:31:38,
838,246,anomaly,high,resolved,AI anomaly: prolonged inactivity 47 min,26.183961,91.753294,11,2026-08-19 07:33:17,2026-08-19 07:35:41,2026-08-19 07:44:04,2026-08-19 08:31:58
839,246,anomaly,high,resolved,AI anomaly: prolonged inactivity 212 min,27.546258,93.832679,20,2026-08-20 10:03:00,2026-08-20 10:03:47,2026-08-20 10:05:16,2026-08-20 10:13:46
840,247,anomaly,high,resolved,AI anomaly: prolonged inactivity 54 min,25.676075,94.110508,5,2026-08-22 07:31:22,2026-08-22 07:33:26,2026-08-22 07:34:40,2026-08-22 08:50:51
841,247,anomaly,high,resolved,AI anomaly: prolonged inactivity 454 min,26.57837,93.172775,7,2026-08-24 14:37:31,2026-08-24 14:40:07,2026-08-24 14:42:43,2026-08-24 14:53:42
842,247,geofence,critical,resolved,Restricted-zone entry: Kaziranga Core Zone,26.577462,93.171351,1,2026-08-24 14:52:29,2026-08-24 14:52:58,2026-08-24 14:54:00,2026-08-24 15:07:26
843,247,anomaly,high,dispatched,AI anomaly: prolonged inactivity 59 min,26.578944,93.173257,8,2026-08-25 07:47:13,2026-08-25 07:48:49,2026-08-25 07:50:00,
844,247,anomaly,high,resolved,AI anomaly: prolonged inactivity 423 min,23.833265,91.28659,6,2026-08-26 13:34:43,2026-08-26 13:35:18,2026-08-26 13:38:42,2026-08-26 13:53:19
845,247,anomaly,high,resolved,AI anomaly: prolonged inactivity 82 min,23.833259,91.286409,20,2026-08-27 08:04:39,2026-08-27 08:08:07,2026-08-27 08:08:21,2026-08-27 08:24:29
846,247,anomaly,high,resolved,AI anomaly: prolonged inactivity 181 min,27.333352,88.614697,19,2026-08-29 09:51:36,2026-08-29 09:52:59,2026-08-29 09:54:18,2026-08-29 09:59:26
847,249,geofence,critical,resolved,Restricted-zone entry: Riverside Restricted Area,26.175015,91.774215,2,2026-07-24 08:31:02,2026-07-24 08:37:54,2026-07-24 08:44:20,2026-07-24 08:57:04
848,249,anomaly,high,resolved,AI anomaly: prolonged inactivity 275 min,26.166369,91.565466,17,2026-07-25 11:27:45,2026-07-25 11:30:09,2026-07-25 11:32:18,2026-07-25 11:47:59
849,250,geofence,critical,resolved,Restricted-zone entry: Kaziranga Core Zone,26.576285,93.171442,2,2026-08-18 07:09:51,2026-08-18 07:10:17,2026-08-18 07:16:45,2026-08-18 07:46:40
850,250,anomaly,high,resolved,AI anomaly: prolonged inactivity 83 min,26.577022,93.172021,10,2026-08-19 08:00:35,2026-08-19 08:01:28,2026-08-19 08:07:48,2026-08-19 08:25:21
851,250,anomaly,high,resolved,AI anomaly: prolonged inactivity 76 min,26.576623,93.171925,15,2026-08-22 07:59:50,2026-08-22 08:00:34,2026-08-22 08:01:51,2026-08-22 08:13:36
852,250,anomaly,high,resolved,AI anomaly: prolonged inactivity 181 min,25.673778,94.107471,11,2026-08-23 09:37:27,2026-08-23 09:39:50,2026-08-23 09:42:32,2026-08-23 10:08:18
853,250,anomaly,high,resolved,AI anomaly: prolonged inactivity 62 min,25.674144,94.107842,16,2026-08-24 07:45:47,2026-08-24 07:46:46,2026-08-24 07:47:15,2026-08-24 08:09:01
854,250,anomaly,high,resolved,AI anomaly: prolonged inactivity 55 min,25.674272,94.107337,9,2026-08-26 07:37:58,2026-08-26 07:38:35,2026-08-26 07:40:58,2026-08-26 07:45:46
855,250,anomaly,high,resolved,AI anomaly: prolonged inactivity 142 min,24.818146,93.93784,22,2026-08-27 09:18:34,2026-08-27 09:21:27,2026-08-27 09:23:04,2026-08-27 09:32:50
856,250,anomaly,high,resolved,AI anomaly: prolonged inactivity 326 min,27.330805,88.616404,4,2026-09-01 12:15:38,2026-09-01 12:16:35,2026-09-01 12:17:02,2026-09-01 12:35:52
857,250,anomaly,high,detected,AI anomaly: prolonged inactivity 85 min,27.331117,88.616045,,2026-09-02 08:01:54,,,
858,250,anomaly,high,resolved,AI anomaly: prolonged inactivity 76 min,27.331919,88.615392,5,2026-09-03 07:51:25,2026-09-03 07:53:35,2026-09-03 07:56:13,2026-09-03 08:47:11
859,250,anomaly,high,detected,AI anomaly: prolonged inactivity 48 min,27.331561,88.615609,,2026-09-04 07:57:11,,,
860,251,anomaly,high,resolved,AI anomaly: prolonged inactivity 49 min,26.181145,91.769656,7,2026-08-26 07:32:35,2026-08-26 07:32:48,2026-08-26 07:34:37,2026-08-26 08:17:21
861,251,geofence,critical,acknowledged,Restricted-zone entry: Riverside Restricted Area,26.181145,91.769656,,2026-08-26 07:32:35,2026-08-26 07:33:39,,
862,251,anomaly,high,resolved,AI anomaly: prolonged inactivity 462 min,26.365333,91.63454,5,2026-08-27 14:19:27,2026-08-27 14:21:22,2026-08-27 14:23:43,2026-08-27 14:39:04
863,251,anomaly,high,acknowledged,AI anomaly: prolonged inactivity 88 min,26.364936,91.633807,,2026-08-28 08:00:54,2026-08-28 08:04:27,,
864,251,anomaly,high,resolved,AI anomaly: prolonged inactivity 65 min,26.365476,91.633791,17,2026-08-29 07:47:55,2026-08-29 07:53:33,2026-08-29 07:54:12,2026-08-29 08:07:11
865,252,anomaly,high,resolved,AI anomaly: prolonged inactivity 64 min,26.183385,91.744047,9,2026-08-08 07:48:09,2026-08-08 07:52:23,2026-08-08 07:52:32,2026-08-08 07:58:40
866,252,anomaly,high,detected,AI anomaly: prolonged inactivity 63 min,26.183272,91.741692,,2026-08-09 08:03:14,,,
867,253,anomaly,high,resolved,AI anomaly: prolonged inactivity 50 min,25.635407,91.891754,18,2026-07-29 07:36:42,2026-07-29 07:37:55,2026-07-29 07:40:57,2026-07-29 08:12:42
868,253,anomaly,high,resolved,AI anomaly: prolonged inactivity 46 min,25.635828,91.891077,2,2026-07-31 07:16:03,2026-07-31 07:17:16,2026-07-31 07:23:24,2026-07-31 07:40:08
869,253,anomaly,high,resolved,AI anomaly: prolonged inactivity 433 min,25.199473,91.919197,2,2026-08-01 14:01:40,2026-08-01 14:02:34,2026-08-01 14:03:48,2026-08-01 15:10:40
870,253,anomaly,high,resolved,AI anomaly: prolonged inactivity 49 min,25.199694,91.91903,7,2026-08-02 07:31:38,2026-08-02 07:35:45,2026-08-02 07:36:19,2026-08-02 07:42:59
871,253,anomaly,high,resolved,AI anomaly: prolonged inactivity 72 min,25.19939,91.918316,4,2026-08-03 07:56:51,2026-08-03 08:02:28,2026-08-03 08:05:55,2026-08-03 08:41:42
872,253,anomaly,high,resolved,AI anomaly: prolonged inactivity 421 min,26.184429,91.752764,3,2026-08-04 13:40:21,2026-08-04 13:41:53,2026-08-04 13:42:47,2026-08-04 14:22:53
873,253,anomaly,high,resolved,AI anomaly: prolonged inactivity 51 min,26.184363,91.7526,19,2026-08-06 07:42:51,2026-08-06 07:55:56,2026-08-06 07:57:03,2026-08-06 09:02:00
874,254,geofence,critical,resolved,Restricted-zone entry: Deepor Beel Wetland Edge,26.119204,91.650828,13,2026-08-24 07:46:17,2026-08-24 07:47:57,2026-08-24 07:51:34,2026-08-24 08:58:55
875,254,anomaly,high,resolved,AI anomaly: prolonged inactivity 239 min,26.179838,91.786447,20,2026-08-25 10:38:54,2026-08-25 10:40:27,2026-08-25 10:42:17,2026-08-25 10:50:45
876,254,anomaly,high,resolved,AI anomaly: prolonged inactivity 298 min,26.233067,92.084973,8,2026-08-26 11:51:50,2026-08-26 11:54:09,2026-08-26 11:59:14,2026-08-26 12:03:07
877,254,anomaly,high,detected,AI anomaly: prolonged inactivity 319 min,25.93425,91.432968,,2026-08-27 11:52:47,,,
878,255,geofence,critical,acknowledged,Restricted-zone entry: Dawki Border Belt,25.190601,92.020162,,2026-09-02 07:52:24,2026-09-02 07:54:10,,
879,255,anomaly,high,resolved,AI anomaly: prolonged inactivity 61 min,25.194153,91.996108,17,2026-09-03 08:03:00,2026-09-03 08:04:34,2026-09-03 08:08:47,2026-09-03 08:16:10
880,255,anomaly,high,resolved,AI anomaly: prolonged inactivity 405 min,25.258913,91.706037,3,2026-09-04 13:45:09,2026-09-04 13:46:14,2026-09-04 13:47:08,2026-09-04 13:59:18
881,255,geofence,critical,resolved,Restricted-zone entry: Cherrapunji Cliff Edge,25.280748,91.687806,15,2026-09-04 15:50:52,2026-09-04 15:52:30,2026-09-04 15:56:27,2026-09-04 16:07:44
882,255,anomaly,high,resolved,AI anomaly: prolonged inactivity 313 min,26.184367,91.753729,4,2026-09-05 12:13:57,2026-09-05 12:27:54,2026-09-05 12:28:53,2026-09-05 12:35:52
883,256,anomaly,high,resolved,AI anomaly: prolonged inactivity 140 min,25.676131,94.11029,11,2026-09-02 09:14:35,2026-09-02 09:15:50,2026-09-02 09:19:39,2026-09-02 09:37:23
884,256,anomaly,high,resolved,AI anomaly: prolonged inactivity 61 min,25.676425,94.110515,15,2026-09-03 07:48:15,2026-09-03 07:51:35,2026-09-03 07:53:22,2026-09-03 09:06:01
885,256,anomaly,high,acknowledged,AI anomaly: prolonged inactivity 404 min,27.332257,88.615104,,2026-09-04 13:14:35,2026-09-04 13:16:07,,
886,256,anomaly,high,dispatched,AI anomaly: prolonged inactivity 65 min,27.332218,88.615782,3,2026-09-05 08:02:38,2026-09-05 08:05:23,2026-09-05 08:08:59,
887,257,anomaly,high,resolved,AI anomaly: prolonged inactivity 328 min,25.932844,91.431699,2,2026-08-02 12:11:33,2026-08-02 12:14:51,2026-08-02 12:16:09,2026-08-02 12:36:48
888,258,geofence,critical,resolved,Restricted-zone entry: Dawki Border Belt,25.190863,92.02021,16,2026-08-24 07:22:18,2026-08-24 07:25:47,2026-08-24 07:27:56,2026-08-24 08:28:02
889,258,anomaly,high,resolved,AI anomaly: prolonged inactivity 247 min,25.281669,91.682211,2,2026-08-27 11:08:05,2026-08-27 11:09:18,2026-08-27 11:09:36,2026-08-27 13:33:47
890,258,geofence,critical,resolved,Restricted-zone entry: Cherrapunji Cliff Edge,25.275843,91.684934,11,2026-08-27 11:15:04,2026-08-27 11:16:16,2026-08-27 11:17:18,2026-08-27 11:32:49
891,258,anomaly,high,resolved,AI anomaly: abnormal speed 141 km/h (possible vehicle abduction),25.226709,91.720965,1,2026-08-28 07:43:34,2026-08-28 07:44:09,2026-08-28 07:51:05,2026-08-28 07:55:57
892,259,anomaly,high,resolved,AI anomaly: prolonged inactivity 53 min,26.152998,91.784817,6,2026-07-23 07:43:02,2026-07-23 07:44:18,2026-07-23 07:46:52,2026-07-23 10:47:02
893,259,anomaly,high,detected,AI anomaly: prolonged inactivity 247 min,26.107036,91.587037,,2026-07-24 10:51:00,,,
894,261,geofence,critical,dispatched,Restricted-zone entry: Deepor Beel Wetland Edge,26.119529,91.649791,1,2026-07-27 07:13:15,2026-07-27 07:14:37,2026-07-27 07:16:07,
895,261,anomaly,high,resolved,AI anomaly: prolonged inactivity 60 min,26.09958,91.60282,22,2026-07-28 07:55:18,2026-07-28 07:55:43,2026-07-28 07:58:14,2026-07-28 08:13:55
896,261,anomaly,high,resolved,AI anomaly: prolonged inactivity 366 min,26.176244,91.788149,20,2026-07-29 12:51:48,2026-07-29 12:55:49,2026-07-29 13:08:49,2026-07-29 13:18:00
897,261,anomaly,high,resolved,AI anomaly: prolonged inactivity 364 min,26.233779,92.082208,3,2026-07-31 12:41:55,2026-07-31 12:42:46,2026-07-31 12:43:55,2026-07-31 13:03:05
898,262,geofence,critical,resolved,Restricted-zone entry: Deepor Beel Wetland Edge,26.12015,91.651006,5,2026-07-28 07:07:27,2026-07-28 07:08:26,2026-07-28 07:09:18,2026-07-28 07:13:02
899,262,anomaly,high,resolved,AI anomaly: prolonged inactivity 90 min,26.121576,91.652257,2,2026-07-29 08:01:44,2026-07-29 08:02:50,2026-07-29 08:04:43,2026-07-29 09:15:38
900,262,anomaly,high,resolved,AI anomaly: prolonged inactivity 372 min,25.931769,91.434834,3,2026-07-30 12:45:51,2026-07-30 12:48:32,2026-07-30 12:51:52,2026-07-30 12:59:27
901,262,anomaly,high,dispatched,AI anomaly: prolonged inactivity 261 min,26.233662,92.083394,20,2026-07-31 11:05:20,2026-07-31 11:07:23,2026-07-31 11:08:47,
902,263,geofence,critical,resolved,Restricted-zone entry: Dawki Border Belt,25.190129,92.019785,22,2026-07-24 22:31:56,2026-07-24 22:32:23,2026-07-24 22:35:17,2026-07-24 22:39:48
903,263,anomaly,high,resolved,AI anomaly: prolonged inactivity 847 min,25.191836,91.995416,8,2026-07-25 21:14:22,2026-07-25 21:22:25,2026-07-25 21:23:45,2026-07-25 21:52:43
904,263,anomaly,high,resolved,AI anomaly: prolonged inactivity 1023 min,25.275484,91.693511,5,2026-07-26 23:45:52,2026-07-26 23:47:27,2026-07-26 23:48:39,2026-07-27 00:26:57
905,263,geofence,critical,detected,Restricted-zone entry: Cherrapunji Cliff Edge,25.275484,91.693511,,2026-07-26 23:45:52,,,
906,263,anomaly,high,resolved,AI anomaly: prolonged inactivity 853 min,25.28266,91.686981,12,2026-07-27 21:04:04,2026-07-27 21:08:43,2026-07-27 21:11:13,2026-07-27 21:17:30
907,263,anomaly,high,resolved,AI anomaly: prolonged inactivity 996 min,25.657778,91.888202,11,2026-07-28 23:07:27,2026-07-28 23:09:53,2026-07-28 23:16:07,2026-07-28 23:48:02
908,263,anomaly,high,dispatched,AI anomaly: prolonged inactivity 912 min,25.658493,91.888236,17,2026-07-29 22:05:00,2026-07-29 22:06:15,2026-07-29 22:13:00,
909,264,anomaly,high,resolved,AI anomaly: prolonged inactivity 86 min,27.585225,91.858673,13,2026-08-06 08:02:45,2026-08-06 08:03:40,2026-08-06 08:04:31,2026-08-06 08:16:23
910,264,anomaly,high,acknowledged,AI anomaly: prolonged inactivity 192 min,26.633469,92.800465,,2026-08-07 09:56:47,2026-08-07 09:57:38,,
911,264,anomaly,high,resolved,AI anomaly: prolonged inactivity 53 min,26.63339,92.800953,7,2026-08-08 07:42:19,2026-08-08 07:43:33,2026-08-08 07:44:59,2026-08-08 07:52:28
912,264,anomaly,high,dispatched,AI anomaly: prolonged inactivity 372 min,26.18345,91.752728,6,2026-08-09 13:02:55,2026-08-09 13:04:09,2026-08-09 13:05:29,
913,264,anomaly,high,resolved,AI anomaly: prolonged inactivity 167 min,27.542898,93.832764,16,2026-08-11 09:18:12,2026-08-11 09:19:33,2026-08-11 09:25:03,2026-08-11 10:00:03
914,266,anomaly,high,resolved,AI anomaly: prolonged inactivity 62 min,27.54632,93.831057,7,2026-07-26 07:43:43,2026-07-26 07:44:19,2026-07-26 07:47:18,2026-07-26 08:31:45
915,266,anomaly,high,resolved,AI anomaly: prolonged inactivity 444 min,26.633208,92.800219,6,2026-07-27 14:17:20,2026-07-27 14:18:40,2026-07-27 14:19:20,2026-07-27 14:43:14
916,266,anomaly,high,resolved,AI anomaly: prolonged inactivity 484 min,26.184139,91.752623,17,2026-07-29 14:52:35,2026-07-29 14:52:55,2026-07-29 14:56:22,2026-07-29 15:15:03
917,266,anomaly,high,dispatched,AI anomaly: prolonged inactivity 221 min,27.585582,91.860084,20,2026-07-31 10:22:22,2026-07-31 10:23:14,2026-07-31 10:26:32,
918,266,anomaly,high,resolved,AI anomaly: prolonged inactivity 79 min,27.584368,91.859466,20,2026-08-01 07:49:29,2026-08-01 07:50:43,2026-08-01 07:51:27,2026-08-01 09:23:52
919,267,anomaly,high,resolved,AI anomaly: prolonged inactivity 392 min,26.164446,91.566527,11,2026-08-19 13:10:37,2026-08-19 13:11:58,2026-08-19 13:14:09,2026-08-19 13:23:15
920,268,anomaly,high,resolved,AI anomaly: prolonged inactivity 461 min,26.176843,91.785943,18,2026-08-12 14:26:10,2026-08-12 14:27:21,2026-08-12 14:34:24,2026-08-12 14:55:19
921,268,anomaly,high,resolved,AI anomaly: prolonged inactivity 450 min,26.111404,91.633849,19,2026-08-13 14:01:43,2026-08-13 14:06:31,2026-08-13 14:08:56,2026-08-13 14:45:32
922,268,geofence,critical,detected,Restricted-zone entry: Deepor Beel Wetland Edge,26.11949,91.65081,,2026-08-13 14:27:21,,,
923,268,anomaly,high,resolved,AI anomaly: prolonged inactivity 359 min,25.931596,91.433969,15,2026-08-14 12:41:56,2026-08-14 12:42:27,2026-08-14 12:46:19,2026-08-14 13:19:50
924,269,anomaly,high,resolved,AI anomaly: prolonged inactivity 457 min,26.634161,92.798494,13,2026-08-12 14:10:49,2026-08-12 14:16:12,2026-08-12 14:21:27,2026-08-12 14:30:51
925,269,anomaly,high,resolved,AI anomaly: prolonged inactivity 82 min,26.632949,92.798336,18,2026-08-13 07:54:45,2026-08-13 07:56:04,2026-08-13 08:02:22,2026-08-13 08:38:58
926,269,anomaly,high,acknowledged,AI anomaly: prolonged inactivity 422 min,26.577004,93.172162,,2026-08-14 13:59:50,2026-08-14 14:02:56,,
927,269,geofence,critical,dispatched,Restricted-zone entry: Kaziranga Core Zone,26.577004,93.172162,22,2026-08-14 13:59:50,2026-08-14 14:01:38,2026-08-14 14:02:21,
928,269,anomaly,high,resolved,AI anomaly: prolonged inactivity 374 min,26.752979,94.204537,12,2026-08-16 13:00:49,2026-08-16 13:05:20,2026-08-16 13:06:01,2026-08-16 13:12:24
929,269,anomaly,high,resolved,AI anomaly: prolonged inactivity 79 min,26.75272,94.204185,2,2026-08-17 08:01:55,2026-08-17 08:02:12,2026-08-17 08:02:47,2026-08-17 08:30:15
930,269,anomaly,high,dispatched,AI anomaly: prolonged inactivity 149 min,26.98295,94.643301,5,2026-08-18 09:15:56,2026-08-18 09:16:59,2026-08-18 09:18:55,
931,269,anomaly,high,resolved,AI anomaly: prolonged inactivity 56 min,26.983293,94.643332,5,2026-08-19 07:36:18,2026-08-19 07:37:16,2026-08-19 07:38:43,2026-08-19 07:45:18
932,269,anomaly,high,resolved,AI anomaly: prolonged inactivity 236 min,26.105847,91.585141,5,2026-08-20 10:50:20,2026-08-20 10:50:53,2026-08-20 10:52:45,2026-08-20 11:19:24
933,270,anomaly,high,resolved,AI anomaly: prolonged inactivity 466 min,25.931428,91.432419,11,2026-09-03 14:26:39,2026-09-03 14:27:14,2026-09-03 14:37:29,2026-09-03 15:15:10
934,271,geofence,critical,resolved,Restricted-zone entry: Cherrapunji Cliff Edge,25.277134,91.690089,1,2026-08-01 08:35:44,2026-08-01 08:43:21,2026-08-01 08:44:29,2026-08-01 08:46:21
935,271,anomaly,high,resolved,AI anomaly: prolonged inactivity 238 min,25.191842,92.018484,10,2026-08-03 10:42:42,2026-08-03 10:43:00,2026-08-03 10:43:33,2026-08-03 10:48:51
936,271,geofence,critical,resolved,Restricted-zone entry: Dawki Border Belt,25.191842,92.018484,10,2026-08-03 10:42:42,2026-08-03 10:43:20,2026-08-03 10:45:16,2026-08-03 10:58:02
937,271,anomaly,high,resolved,AI anomaly: prolonged inactivity 57 min,25.19122,92.019192,4,2026-08-04 07:40:43,2026-08-04 07:41:53,2026-08-04 07:51:12,2026-08-04 08:02:31
938,272,anomaly,high,resolved,AI anomaly: prolonged inactivity 244 min,26.367217,91.632633,19,2026-07-26 11:01:53,2026-07-26 11:03:05,2026-07-26 11:04:25,2026-07-26 11:13:20
939,272,anomaly,high,resolved,AI anomaly: prolonged inactivity 185 min,26.135638,91.785456,18,2026-07-28 09:40:42,2026-07-28 09:41:54,2026-07-28 09:43:47,2026-07-28 10:22:16
940,273,geofence,critical,resolved,Restricted-zone entry: Kaziranga Core Zone,26.577858,93.17032,4,2026-08-11 07:58:38,2026-08-11 07:59:43,2026-08-11 08:00:46,2026-08-11 08:39:40
941,273,anomaly,high,detected,AI anomaly: prolonged inactivity 81 min,26.577522,93.172671,,2026-08-12 07:58:39,,,
942,273,anomaly,high,resolved,AI anomaly: prolonged inactivity 269 min,26.633297,92.801131,3,2026-08-14 11:23:05,2026-08-14 11:24:01,2026-08-14 11:26:13,2026-08-14 11:41:41
943,273,anomaly,high,resolved,AI anomaly: prolonged inactivity 77 min,26.632939,92.801382,13,2026-08-16 07:55:52,2026-08-16 07:56:37,2026-08-16 07:59:18,2026-08-16 08:47:19
944,273,anomaly,high,resolved,AI anomaly: prolonged inactivity 269 min,26.106621,91.587932,3,2026-08-17 11:24:31,2026-08-17 11:30:45,2026-08-17 11:39:05,2026-08-17 12:44:40
945,273,anomaly,high,resolved,AI anomaly: prolonged inactivity 256 min,26.980771,94.643033,11,2026-08-20 10:50:13,2026-08-20 10:53:44,2026-08-20 11:06:49,2026-08-20 11:45:55
946,274,anomaly,high,resolved,AI anomaly: prolonged inactivity 50 min,25.60094,91.891514,22,2026-08-02 07:48:40,2026-08-02 07:49:58,2026-08-02 07:52:27,2026-08-02 08:32:24
947,274,anomaly,high,acknowledged,AI anomaly: prolonged inactivity 58 min,25.600677,91.890414,,2026-08-04 07:34:52,2026-08-04 07:41:14,,
948,274,anomaly,high,resolved,AI anomaly: prolonged inactivity 627 min,25.274791,91.684248,20,2026-08-05 17:14:00,2026-08-05 17:17:15,2026-08-05 17:20:57,2026-08-05 17:23:28
949,274,geofence,critical,resolved,Restricted-zone entry: Cherrapunji Cliff Edge,25.274791,91.684248,17,2026-08-05 17:14:00,2026-08-05 17:16:23,2026-08-05 17:19:11,2026-08-05 17:21:55
950,274,anomaly,high,dispatched,AI anomaly: prolonged inactivity 77 min,25.275449,91.683972,1,2026-08-07 07:57:36,2026-08-07 07:59:54,2026-08-07 08:01:54,
951,274,anomaly,high,resolved,AI anomaly: prolonged inactivity 199 min,26.183995,91.751474,5,2026-08-08 09:51:05,2026-08-08 09:53:52,2026-08-08 09:57:58,2026-08-08 10:09:22
952,274,anomaly,high,resolved,AI anomaly: prolonged inactivity 48 min,26.184212,91.751998,12,2026-08-09 07:38:15,2026-08-09 07:38:49,2026-08-09 07:39:44,2026-08-09 07:55:59
953,274,anomaly,high,resolved,AI anomaly: prolonged inactivity 66 min,26.184111,91.752145,19,2026-08-10 08:05:15,2026-08-10 08:07:44,2026-08-10 08:08:56,2026-08-10 08:17:40
954,275,anomaly,high,resolved,AI anomaly: prolonged inactivity 62 min,26.184443,91.751277,18,2026-08-14 07:31:58,2026-08-14 07:33:21,2026-08-14 07:39:59,2026-08-14 07:53:19
955,275,anomaly,high,resolved,AI anomaly: prolonged inactivity 303 min,25.657289,91.890608,3,2026-08-15 11:51:30,2026-08-15 11:52:20,2026-08-15 11:53:00,2026-08-15 12:39:31
956,275,anomaly,high,resolved,AI anomaly: prolonged inactivity 314 min,25.257135,91.70609,10,2026-08-17 12:14:38,2026-08-17 12:16:56,2026-08-17 12:19:02,2026-08-17 12:24:40
957,275,anomaly,high,dispatched,AI anomaly: prolonged inactivity 153 min,25.189981,92.020294,10,2026-08-19 09:31:25,2026-08-19 09:33:34,2026-08-19 09:35:11,
958,275,geofence,critical,resolved,Restricted-zone entry: Dawki Border Belt,25.189981,92.020294,18,2026-08-19 09:31:25,2026-08-19 09:33:22,2026-08-19 09:43:47,2026-08-19 10:00:56
959,276,anomaly,high,resolved,AI anomaly: prolonged inactivity 51 min,25.578192,91.892948,21,2026-08-08 07:33:14,2026-08-08 07:33:57,2026-08-08 07:35:08,2026-08-08 08:21:38
960,276,anomaly,high,acknowledged,AI anomaly: prolonged inactivity 51 min,25.5789,91.892389,,2026-08-09 07:35:42,2026-08-09 07:36:19,,
961,276,anomaly,high,resolved,AI anomaly: prolonged inactivity 68 min,25.577596,91.892546,11,2026-08-11 07:46:49,2026-08-11 07:47:53,2026-08-11 07:49:56,2026-08-11 08:52:28
962,276,anomaly,high,resolved,AI anomaly: prolonged inactivity 388 min,26.578994,93.170737,21,2026-08-12 13:16:54,2026-08-12 13:17:50,2026-08-12 13:22:04,2026-08-12 14:14:33
963,276,geofence,critical,resolved,Restricted-zone entry: Kaziranga Core Zone,26.57706,93.171328,20,2026-08-12 13:23:40,2026-08-12 13:26:13,2026-08-12 13:33:51,2026-08-12 13:37:32
964,276,anomaly,high,resolved,AI anomaly: prolonged inactivity 59 min,26.57917,93.169995,14,2026-08-13 07:54:18,2026-08-13 07:54:51,2026-08-13 07:56:30,2026-08-13 08:04:12
965,276,anomaly,high,acknowledged,AI anomaly: sudden location jump 139.8 km,26.167408,91.844761,,2026-08-14 07:19:43,2026-08-14 07:20:10,,
966,276,anomaly,high,resolved,AI anomaly: prolonged inactivity 65 min,26.578387,93.170429,5,2026-08-15 07:35:53,2026-08-15 07:36:50,2026-08-15 07:38:43,2026-08-15 08:18:52
967,276,anomaly,high,dispatched,AI anomaly: prolonged inactivity 408 min,23.833335,91.288633,13,2026-08-18 13:23:54,2026-08-18 13:26:03,2026-08-18 13:28:14,
968,276,anomaly,high,resolved,AI anomaly: prolonged inactivity 67 min,23.833297,91.289097,17,2026-08-22 08:02:12,2026-08-22 08:08:40,2026-08-22 08:11:45,2026-08-22 08:17:09
969,277,geofence,critical,resolved,Restricted-zone entry: Cherrapunji Cliff Edge,25.275409,91.693519,17,2026-09-05 07:35:05,2026-09-05 07:37:18,2026-09-05 07:39:22,2026-09-05 08:10:26
970,278,anomaly,high,resolved,AI anomaly: prolonged inactivity 53 min,26.186235,91.750803,17,2026-08-18 07:39:05,2026-08-18 07:43:42,2026-08-18 07:46:22,2026-08-18 07:54:52
971,278,anomaly,high,resolved,AI anomaly: prolonged inactivity 56 min,26.187362,91.750198,22,2026-08-19 07:26:58,2026-08-19 07:39:21,2026-08-19 07:40:04,2026-08-19 07:51:52
972,278,anomaly,high,acknowledged,AI anomaly: prolonged inactivity 47 min,26.181192,91.756327,,2026-08-21 07:49:00,2026-08-21 07:50:01,,
973,278,geofence,critical,resolved,Restricted-zone entry: Riverside Restricted Area,26.184567,91.762592,14,2026-08-21 08:37:46,2026-08-21 08:39:28,2026-08-21 08:41:35,2026-08-21 08:51:35
974,281,anomaly,high,dispatched,AI anomaly: prolonged inactivity 245 min,26.183739,91.751979,8,2026-09-04 10:45:39,2026-09-04 10:46:21,2026-09-04 10:47:52,
975,281,anomaly,high,detected,AI anomaly: prolonged inactivity 187 min,27.583452,91.858445,,2026-09-05 10:12:14,,,
976,282,geofence,critical,dispatched,Restricted-zone entry: Riverside Restricted Area,26.185846,91.763907,9,2026-08-06 08:08:40,2026-08-06 08:17:46,2026-08-06 08:18:09,
977,282,anomaly,high,resolved,AI anomaly: prolonged inactivity 51 min,26.187753,91.747829,21,2026-08-08 07:37:28,2026-08-08 07:38:37,2026-08-08 07:39:51,2026-08-08 08:09:12
978,282,anomaly,high,detected,AI anomaly: prolonged inactivity 61 min,26.192401,91.747564,,2026-08-09 07:58:15,,,
979,283,anomaly,high,resolved,AI anomaly: prolonged inactivity 87 min,26.367669,91.631879,22,2026-08-28 08:05:09,2026-08-28 08:06:46,2026-08-28 08:14:55,2026-08-28 08:34:50
980,283,anomaly,high,resolved,AI anomaly: prolonged inactivity 167 min,26.249855,91.515753,13,2026-08-29 09:19:30,2026-08-29 09:21:49,2026-08-29 09:23:18,2026-08-29 09:39:24
981,283,anomaly,high,detected,AI anomaly: prolonged inactivity 67 min,26.249212,91.516224,,2026-08-30 07:46:33,,,
982,283,anomaly,high,resolved,AI anomaly: prolonged inactivity 219 min,26.147365,91.756568,1,2026-08-31 10:08:53,2026-08-31 10:09:46,2026-08-31 10:11:28,2026-08-31 10:16:31
983,284,anomaly,high,resolved,AI anomaly: prolonged inactivity 269 min,24.818556,93.938064,1,2026-09-03 11:20:38,2026-09-03 11:23:17,2026-09-03 11:44:48,2026-09-03 11:49:31
984,284,anomaly,high,resolved,AI anomaly: prolonged inactivity 466 min,25.578742,91.894696,16,2026-09-04 14:42:28,2026-09-04 14:43:27,2026-09-04 14:44:03,2026-09-04 15:13:53
985,284,anomaly,high,resolved,AI anomaly: prolonged inactivity 217 min,26.106773,91.587789,16,2026-09-05 10:46:01,2026-09-05 10:46:57,2026-09-05 10:47:24,2026-09-05 11:17:40
986,285,anomaly,high,resolved,AI anomaly: prolonged inactivity 874 min,26.181977,91.753624,6,2026-08-28 21:29:20,2026-08-28 21:29:51,2026-08-28 21:39:57,2026-08-28 21:50:06
987,285,anomaly,high,dispatched,AI anomaly: prolonged inactivity 888 min,26.180964,91.753319,20,2026-08-29 21:32:59,2026-08-29 21:34:21,2026-08-29 21:34:36,
988,285,anomaly,high,detected,AI anomaly: prolonged inactivity 1121 min,26.634346,92.801423,,2026-08-31 01:11:18,,,
989,285,anomaly,high,dispatched,AI anomaly: prolonged inactivity 1232 min,27.583863,91.857297,15,2026-09-02 03:07:42,2026-09-02 03:09:13,2026-09-02 03:11:03,
990,285,anomaly,high,resolved,AI anomaly: prolonged inactivity 1159 min,27.544059,93.830804,17,2026-09-04 02:26:09,2026-09-04 02:30:04,2026-09-04 02:31:14,2026-09-04 02:33:58
991,287,anomaly,high,resolved,AI anomaly: prolonged inactivity 343 min,26.164524,91.566184,14,2026-08-30 12:42:06,2026-08-30 12:43:39,2026-08-30 12:45:55,2026-08-30 12:52:49
992,288,anomaly,high,resolved,AI anomaly: prolonged inactivity 61 min,26.096833,91.604702,4,2026-08-06 07:51:12,2026-08-06 07:57:42,2026-08-06 08:05:43,2026-08-06 08:14:03
993,288,geofence,critical,resolved,Restricted-zone entry: Deepor Beel Wetland Edge,26.11958,91.650591,10,2026-08-06 09:00:18,2026-08-06 09:01:53,2026-08-06 09:05:47,2026-08-06 09:22:37
994,288,anomaly,high,resolved,AI anomaly: prolonged inactivity 237 min,26.234773,92.085391,18,2026-08-07 10:52:29,2026-08-07 10:53:53,2026-08-07 10:55:14,2026-08-07 11:21:24
995,288,anomaly,high,acknowledged,AI anomaly: prolonged inactivity 80 min,26.234921,92.085036,,2026-08-08 07:51:17,2026-08-08 07:55:10,,
996,289,anomaly,high,acknowledged,AI anomaly: prolonged inactivity 177 min,26.748959,94.204512,,2026-08-13 09:54:34,2026-08-13 09:55:54,,
997,289,anomaly,high,dispatched,AI anomaly: prolonged inactivity 275 min,26.921103,92.879131,1,2026-08-15 11:20:06,2026-08-15 11:25:03,2026-08-15 11:30:14,
998,289,sos,critical,resolved,SOS triggered by Minjun Jung: Group of people surrounded my vehicle and are demanding money.,26.920041,92.879406,5,2026-08-15 11:57:04,2026-08-15 11:58:00,2026-08-15 11:59:06,2026-08-15 12:06:51
999,290,anomaly,high,resolved,AI anomaly: prolonged inactivity 360 min,25.965129,91.402398,16,2026-08-16 12:49:11,2026-08-16 12:53:11,2026-08-16 12:54:55,2026-08-16 13:03:03
1000,292,anomaly,high,resolved,AI anomaly: prolonged inactivity 61 min,26.632477,92.798954,14,2026-08-15 07:52:16,2026-08-15 07:54:32,2026-08-15 07:56:20,2026-08-15 08:09:36
1001,292,anomaly,high,resolved,AI anomaly: prolonged inactivity 354 min,26.184218,91.750409,10,2026-08-16 12:41:33,2026-08-16 12:43:21,2026-08-16 12:46:12,2026-08-16 12:55:54
1002,292,anomaly,high,resolved,AI anomaly: prolonged inactivity 421 min,27.587224,91.860689,19,2026-08-18 13:45:36,2026-08-18 13:46:17,2026-08-18 13:51:49,2026-08-18 14:03:24
1003,292,anomaly,high,resolved,AI anomaly: prolonged inactivity 60 min,27.587933,91.860578,7,2026-08-19 07:32:45,2026-08-19 07:34:23,2026-08-19 07:39:19,2026-08-19 07:45:33
1004,292,anomaly,high,resolved,AI anomaly: prolonged inactivity 238 min,27.543648,93.832759,1,2026-08-20 10:46:32,2026-08-20 10:48:50,2026-08-20 10:59:46,2026-08-20 11:29:19
1005,292,missing_person,critical,resolved,Anurag Hazarika has not reported a location for over 6 hours,27.543506,93.833039,1,2026-08-21 06:33:28,2026-08-21 06:36:02,2026-08-21 06:42:13,2026-08-21 06:51:57
1006,293,anomaly,high,resolved,AI anomaly: prolonged inactivity 75 min,25.292353,91.679459,17,2026-07-28 07:52:00,2026-07-28 07:53:37,2026-07-28 07:55:38,2026-07-28 08:05:14
1007,293,anomaly,high,resolved,AI anomaly: prolonged inactivity 66 min,25.292857,91.679988,15,2026-07-29 07:45:03,2026-07-29 07:45:32,2026-07-29 07:46:56,2026-07-29 08:01:03
1008,293,anomaly,high,dispatched,AI anomaly: prolonged inactivity 165 min,25.196105,91.940327,12,2026-07-30 09:31:56,2026-07-30 09:33:38,2026-07-30 09:41:00,
1009,293,geofence,critical,resolved,Restricted-zone entry: Dawki Border Belt,25.189625,92.019676,20,2026-07-31 07:37:00,2026-07-31 07:39:01,2026-07-31 07:43:46,2026-07-31 07:52:00
1010,293,anomaly,high,resolved,AI anomaly: prolonged inactivity 438 min,26.183479,91.75346,18,2026-08-02 13:53:51,2026-08-02 13:56:12,2026-08-02 13:58:52,2026-08-02 14:05:43
1011,294,anomaly,high,resolved,AI anomaly: prolonged inactivity 279 min,26.2493,91.517692,21,2026-07-24 11:33:54,2026-07-24 11:35:04,2026-07-24 11:42:05,2026-07-24 11:54:43
1012,294,anomaly,high,resolved,AI anomaly: prolonged inactivity 420 min,26.3662,91.632835,17,2026-07-25 13:37:51,2026-07-25 13:38:38,2026-07-25 13:47:21,2026-07-25 14:28:28
1013,295,geofence,critical,resolved,Restricted-zone entry: Deepor Beel Wetland Edge,26.11987,91.649108,1,2026-08-24 21:26:09,2026-08-24 21:27:58,2026-08-24 21:30:43,2026-08-24 21:41:26
1014,295,anomaly,high,acknowledged,AI anomaly: prolonged inactivity 1001 min,26.179072,91.787469,,2026-08-25 23:13:59,2026-08-25 23:15:57,,
1015,295,anomaly,high,resolved,AI anomaly: prolonged inactivity 1142 min,26.23237,92.08149,1,2026-08-27 01:56:12,2026-08-27 01:56:38,2026-08-27 01:56:53,2026-08-27 03:51:13
1016,296,geofence,critical,resolved,Restricted-zone entry: Deepor Beel Wetland Edge,26.120701,91.649044,5,2026-07-29 07:10:07,2026-07-29 07:10:33,2026-07-29 07:11:59,2026-07-29 07:27:14
1017,296,anomaly,high,acknowledged,AI anomaly: prolonged inactivity 64 min,26.111893,91.633859,,2026-07-30 07:44:11,2026-07-30 07:45:25,,
1018,296,anomaly,high,resolved,AI anomaly: prolonged inactivity 182 min,26.177146,91.78705,7,2026-07-31 09:34:30,2026-07-31 09:36:59,2026-07-31 09:42:53,2026-07-31 09:56:45
1019,296,anomaly,high,resolved,AI anomaly: prolonged inactivity 239 min,26.231521,92.083147,4,2026-08-01 10:49:40,2026-08-01 10:50:49,2026-08-01 10:58:13,2026-08-01 11:10:28
1020,297,geofence,critical,dispatched,Restricted-zone entry: Dawki Border Belt,25.189728,92.01936,22,2026-08-05 09:28:31,2026-08-05 09:31:17,2026-08-05 09:32:13,
1021,297,anomaly,high,resolved,AI anomaly: prolonged inactivity 373 min,25.289224,91.6796,12,2026-08-07 13:01:53,2026-08-07 13:02:58,2026-08-07 13:07:40,2026-08-07 13:30:56
1022,297,geofence,critical,resolved,Restricted-zone entry: Cherrapunji Cliff Edge,25.283259,91.682145,20,2026-08-07 14:16:00,2026-08-07 14:18:48,2026-08-07 14:20:24,2026-08-07 15:37:06
1023,297,anomaly,high,resolved,AI anomaly: prolonged inactivity 82 min,25.289383,91.679021,3,2026-08-08 07:52:56,2026-08-08 07:54:17,2026-08-08 07:55:36,2026-08-08 08:06:20
1024,297,anomaly,high,resolved,AI anomaly: prolonged inactivity 422 min,25.655357,91.889785,14,2026-08-09 13:57:36,2026-08-09 13:58:47,2026-08-09 13:59:31,2026-08-09 14:33:01
1025,298,anomaly,high,resolved,AI anomaly: prolonged inactivity 907 min,26.181862,91.744594,12,2026-07-31 21:50:17,2026-07-31 21:51:43,2026-07-31 21:52:38,2026-07-31 22:04:39
1026,298,anomaly,high,resolved,AI anomaly: prolonged inactivity 919 min,26.182488,91.751781,18,2026-08-01 22:02:57,2026-08-01 22:04:08,2026-08-01 22:05:59,2026-08-01 22:44:09
1027,298,geofence,critical,dispatched,Restricted-zone entry: Riverside Restricted Area,26.185627,91.763019,14,2026-08-01 22:15:41,2026-08-01 22:17:35,2026-08-01 22:27:01,
1028,300,geofence,critical,detected,Restricted-zone entry: Cherrapunji Cliff Edge,25.27495,91.693691,,2026-08-24 07:41:56,,,
1029,300,anomaly,high,resolved,AI anomaly: prolonged inactivity 379 min,26.184004,91.751075,19,2026-08-27 12:55:44,2026-08-27 12:57:53,2026-08-27 13:00:24,2026-08-27 13:06:08
1030,301,geofence,critical,resolved,Restricted-zone entry: Cherrapunji Cliff Edge,25.27578,91.685806,3,2026-08-09 07:51:04,2026-08-09 07:58:05,2026-08-09 08:01:54,2026-08-09 08:18:52
1031,301,anomaly,high,dispatched,AI anomaly: prolonged inactivity 56 min,25.275407,91.685372,7,2026-08-10 07:56:12,2026-08-10 07:58:45,2026-08-10 07:59:46,
1032,301,anomaly,high,resolved,AI anomaly: prolonged inactivity 383 min,25.196097,91.987541,17,2026-08-12 13:28:22,2026-08-12 13:42:56,2026-08-12 13:51:28,2026-08-12 13:56:23
1033,301,geofence,critical,resolved,Restricted-zone entry: Dawki Border Belt,25.190767,92.019906,13,2026-08-12 14:09:17,2026-08-12 14:10:33,2026-08-12 14:12:47,2026-08-12 14:25:05
1034,303,anomaly,high,dispatched,AI anomaly: prolonged inactivity 85 min,26.17697,91.755015,3,2026-08-01 08:04:11,2026-08-01 08:05:51,2026-08-01 08:06:54,
1035,303,anomaly,high,resolved,AI anomaly: prolonged inactivity 452 min,26.166001,91.56636,11,2026-08-02 14:14:52,2026-08-02 14:17:38,2026-08-02 14:19:03,2026-08-02 16:04:50
1036,304,geofence,critical,resolved,Restricted-zone entry: Dawki Border Belt,25.190426,92.019706,12,2026-08-28 08:49:34,2026-08-28 08:53:08,2026-08-28 08:54:09,2026-08-28 09:08:07
1037,304,anomaly,high,resolved,AI anomaly: prolonged inactivity 192 min,25.578067,91.89212,14,2026-09-01 10:05:30,2026-09-01 10:13:23,2026-09-01 10:15:03,2026-09-01 10:32:53
1038,304,anomaly,high,resolved,AI anomaly: prolonged inactivity 46 min,25.537173,91.923546,16,2026-09-02 07:28:45,2026-09-02 07:29:33,2026-09-02 07:31:15,2026-09-02 09:18:58
1039,305,anomaly,high,resolved,AI anomaly: prolonged inactivity 65 min,25.293001,91.677005,12,2026-08-21 07:40:46,2026-08-21 07:41:39,2026-08-21 07:42:49,2026-08-21 08:11:06
1040,305,anomaly,high,resolved,AI anomaly: prolonged inactivity 452 min,25.193591,91.987568,5,2026-08-24 14:11:12,2026-08-24 14:13:38,2026-08-24 14:18:45,2026-08-24 14:29:59
1041,305,geofence,critical,resolved,Restricted-zone entry: Dawki Border Belt,25.189769,92.021204,11,2026-08-24 14:27:48,2026-08-24 14:29:10,2026-08-24 14:31:30,2026-08-24 14:35:29
1042,305,anomaly,high,resolved,AI anomaly: prolonged inactivity 80 min,25.197622,91.943746,5,2026-08-25 07:55:03,2026-08-25 08:00:28,2026-08-25 08:01:13,2026-08-25 08:17:25
1043,305,anomaly,high,resolved,AI anomaly: prolonged inactivity 353 min,26.183817,91.753391,12,2026-08-27 12:29:18,2026-08-27 12:31:35,2026-08-27 12:40:49,2026-08-27 12:44:53
1044,305,anomaly,high,resolved,AI anomaly: prolonged inactivity 61 min,26.184194,91.752913,14,2026-08-28 07:47:42,2026-08-28 07:52:28,2026-08-28 07:54:49,2026-08-28 10:05:01
1045,305,anomaly,high,resolved,AI anomaly: prolonged inactivity 50 min,26.1845,91.752502,15,2026-08-29 07:32:52,2026-08-29 07:33:37,2026-08-29 07:38:08,2026-08-29 07:43:52
1046,308,geofence,critical,resolved,Restricted-zone entry: Riverside Restricted Area,26.185736,91.762436,19,2026-08-22 08:31:16,2026-08-22 08:31:48,2026-08-22 08:34:01,2026-08-22 08:51:27
1047,308,anomaly,high,resolved,AI anomaly: prolonged inactivity 279 min,26.367194,91.632871,9,2026-08-24 11:29:19,2026-08-24 11:30:25,2026-08-24 11:35:10,2026-08-24 11:38:58
1048,309,anomaly,high,resolved,AI anomaly: prolonged inactivity 72 min,26.177146,91.757473,14,2026-08-21 07:46:59,2026-08-21 07:48:47,2026-08-21 07:50:42,2026-08-21 08:05:34
1049,309,anomaly,high,acknowledged,AI anomaly: prolonged inactivity 331 min,26.166508,91.565518,,2026-08-22 12:04:36,2026-08-22 12:09:41,,
1050,310,anomaly,high,resolved,AI anomaly: prolonged inactivity 327 min,26.25103,91.517244,9,2026-08-14 12:23:09,2026-08-14 12:30:43,2026-08-14 12:32:07,2026-08-14 12:37:10
1051,310,anomaly,high,resolved,AI anomaly: prolonged inactivity 49 min,26.250173,91.517592,21,2026-08-15 07:23:02,2026-08-15 07:23:09,2026-08-15 07:24:49,2026-08-15 07:32:02
1052,310,anomaly,high,dispatched,AI anomaly: prolonged inactivity 267 min,26.366234,91.632017,11,2026-08-16 11:09:44,2026-08-16 11:11:02,2026-08-16 11:11:39,
1053,310,anomaly,high,detected,AI anomaly: prolonged inactivity 79 min,26.1875,91.769317,,2026-08-17 07:56:04,,,
1054,312,anomaly,high,resolved,AI anomaly: prolonged inactivity 53 min,26.182587,91.745781,15,2026-09-05 07:50:04,2026-09-05 07:54:01,2026-09-05 08:06:26,2026-09-05 08:20:42
1055,313,anomaly,high,resolved,AI anomaly: prolonged inactivity 268 min,26.578095,93.170001,11,2026-08-25 11:01:51,2026-08-25 11:04:29,2026-08-25 11:07:00,2026-08-25 11:13:22
1056,313,geofence,critical,dispatched,Restricted-zone entry: Kaziranga Core Zone,26.577754,93.171541,5,2026-08-25 11:06:35,2026-08-25 11:07:19,2026-08-25 11:09:17,
1057,313,anomaly,high,dispatched,AI anomaly: prolonged inactivity 157 min,26.749721,94.203067,3,2026-08-27 09:10:59,2026-08-27 09:14:13,2026-08-27 09:17:41,
1058,313,anomaly,high,resolved,AI anomaly: prolonged inactivity 370 min,26.950506,94.169226,5,2026-08-28 12:41:08,2026-08-28 12:43:00,2026-08-28 12:44:39,2026-08-28 12:58:21
1059,313,anomaly,high,resolved,AI anomaly: prolonged inactivity 86 min,26.950928,94.168963,11,2026-08-29 08:01:54,2026-08-29 08:03:27,2026-08-29 08:05:11,2026-08-29 08:09:37
1060,313,anomaly,high,resolved,AI anomaly: prolonged inactivity 203 min,26.9849,94.641876,5,2026-08-30 10:25:24,2026-08-30 10:26:17,2026-08-30 10:26:52,2026-08-30 10:54:58
1061,313,anomaly,high,resolved,AI anomaly: prolonged inactivity 50 min,26.984039,94.640924,5,2026-08-31 07:30:49,2026-08-31 07:31:10,2026-08-31 07:33:58,2026-08-31 07:42:59
1062,313,anomaly,high,resolved,AI anomaly: prolonged inactivity 200 min,26.10435,91.587129,5,2026-09-01 09:55:10,2026-09-01 09:56:15,2026-09-01 09:58:42,2026-09-01 10:17:29
1063,314,anomaly,high,resolved,AI anomaly: prolonged inactivity 906 min,26.749238,94.204933,8,2026-09-03 21:48:02,2026-09-03 21:49:29,2026-09-03 21:51:56,2026-09-03 23:10:25
1064,314,anomaly,high,resolved,AI anomaly: prolonged inactivity 1057 min,26.918091,92.881669,22,2026-09-05 00:09:17,2026-09-05 00:11:27,2026-09-05 00:12:46,2026-09-05 00:45:33
1065,316,anomaly,high,resolved,AI anomaly: prolonged inactivity 439 min,26.749615,94.20434,9,2026-08-04 14:16:06,2026-08-04 14:17:55,2026-08-04 14:25:18,2026-08-04 14:28:07
1066,316,anomaly,high,resolved,AI anomaly: prolonged inactivity 77 min,26.750076,94.205257,2,2026-08-05 07:52:16,2026-08-05 07:55:31,2026-08-05 08:00:24,2026-08-05 08:06:23
1067,316,anomaly,high,resolved,AI anomaly: prolonged inactivity 341 min,26.575812,93.169305,6,2026-08-06 12:28:12,2026-08-06 12:32:38,2026-08-06 12:36:35,2026-08-06 13:53:54
1068,316,geofence,critical,resolved,Restricted-zone entry: Kaziranga Core Zone,26.575812,93.169305,22,2026-08-06 12:28:12,2026-08-06 12:28:32,2026-08-06 12:32:12,2026-08-06 12:36:23
1069,316,anomaly,high,resolved,AI anomaly: prolonged inactivity 243 min,26.635496,92.798907,6,2026-08-08 10:44:46,2026-08-08 10:45:51,2026-08-08 10:48:59,2026-08-08 10:54:14
1070,316,anomaly,high,resolved,AI anomaly: prolonged inactivity 448 min,26.921398,92.880496,7,2026-08-10 14:14:49,2026-08-10 14:16:36,2026-08-10 14:21:27,2026-08-10 14:52:42
1071,316,anomaly,high,acknowledged,AI anomaly: prolonged inactivity 49 min,26.920569,92.881191,,2026-08-11 07:37:48,2026-08-11 07:39:17,,
1072,317,anomaly,high,resolved,AI anomaly: prolonged inactivity 169 min,26.108018,91.585664,13,2026-08-31 09:27:12,2026-08-31 09:28:08,2026-08-31 09:29:02,2026-08-31 09:44:42
1073,318,anomaly,high,resolved,AI anomaly: prolonged inactivity 49 min,26.982368,94.643384,11,2026-09-01 07:34:10,2026-09-01 07:39:31,2026-09-01 07:40:20,2026-09-01 07:57:01
1074,318,anomaly,high,resolved,AI anomaly: prolonged inactivity 141 min,26.75222,94.205502,9,2026-09-02 09:24:54,2026-09-02 09:26:12,2026-09-02 09:27:52,2026-09-02 10:13:20
1075,318,anomaly,high,resolved,AI anomaly: prolonged inactivity 316 min,26.576606,93.169448,3,2026-09-03 12:02:48,2026-09-03 12:03:26,2026-09-03 12:04:06,2026-09-03 12:08:10
1076,318,geofence,critical,acknowledged,Restricted-zone entry: Kaziranga Core Zone,26.57649,93.171055,,2026-09-03 12:06:12,2026-09-03 12:14:56,,
1077,318,anomaly,high,dispatched,AI anomaly: prolonged inactivity 70 min,26.57675,93.169134,7,2026-09-04 07:41:50,2026-09-04 07:48:44,2026-09-04 07:50:50,
1078,318,anomaly,high,resolved,AI anomaly: prolonged inactivity 265 min,26.92138,92.881974,4,2026-09-05 11:10:14,2026-09-05 11:11:17,2026-09-05 11:11:46,2026-09-05 11:32:01
1079,319,anomaly,high,dispatched,AI anomaly: sudden location jump 9.1 km,26.107684,91.728534,1,2026-08-31 07:58:26,2026-08-31 07:59:49,2026-08-31 08:01:26,
1080,319,anomaly,high,resolved,AI anomaly: prolonged inactivity 61 min,26.191951,91.74768,18,2026-09-01 07:36:44,2026-09-01 07:37:38,2026-09-01 07:40:59,2026-09-01 07:53:36
1081,319,anomaly,high,resolved,AI anomaly: prolonged inactivity 47 min,26.18654,91.749737,21,2026-09-03 07:22:54,2026-09-03 07:28:33,2026-09-03 07:32:37,2026-09-03 08:37:02
1082,319,geofence,critical,resolved,Restricted-zone entry: Riverside Restricted Area,26.186024,91.763505,19,2026-09-04 08:26:28,2026-09-04 08:27:06,2026-09-04 08:29:03,2026-09-04 09:09:54
1083,321,anomaly,high,resolved,AI anomaly: prolonged inactivity 65 min,26.63231,92.800502,4,2026-08-14 07:42:23,2026-08-14 07:43:45,2026-08-14 07:45:10,2026-08-14 08:31:32
1084,321,anomaly,high,resolved,AI anomaly: prolonged inactivity 222 min,26.921332,92.880557,15,2026-08-15 10:16:51,2026-08-15 10:17:48,2026-08-15 10:18:40,2026-08-15 10:33:07
1085,321,anomaly,high,resolved,AI anomaly: prolonged inactivity 304 min,26.579219,93.169884,5,2026-08-17 11:59:06,2026-08-17 12:00:02,2026-08-17 12:01:01,2026-08-17 12:14:21
1086,321,geofence,critical,resolved,Restricted-zone entry: Kaziranga Core Zone,26.577335,93.171439,9,2026-08-17 12:04:25,2026-08-17 12:06:11,2026-08-17 12:06:23,2026-08-17 12:17:18
1087,321,anomaly,high,resolved,AI anomaly: prolonged inactivity 209 min,26.749441,94.204381,3,2026-08-19 10:27:48,2026-08-19 10:28:41,2026-08-19 10:33:49,2026-08-19 10:45:58
1088,321,anomaly,high,resolved,AI anomaly: prolonged inactivity 171 min,26.749257,94.203218,2,2026-08-20 09:24:53,2026-08-20 09:28:58,2026-08-20 09:29:15,2026-08-20 09:35:53
1089,321,anomaly,high,resolved,AI anomaly: prolonged inactivity 208 min,26.982752,94.640589,4,2026-08-21 10:10:18,2026-08-21 10:12:11,2026-08-21 10:17:41,2026-08-21 10:21:55
1090,321,anomaly,high,resolved,AI anomaly: prolonged inactivity 60 min,26.982208,94.64052,11,2026-08-22 07:48:18,2026-08-22 07:49:45,2026-08-22 07:59:23,2026-08-22 08:06:09
1091,322,anomaly,high,resolved,AI anomaly: prolonged inactivity 51 min,26.16531,91.767501,17,2026-07-30 07:28:03,2026-07-30 07:29:45,2026-07-30 07:32:58,2026-07-30 07:50:32
1092,322,anomaly,high,resolved,AI anomaly: prolonged inactivity 339 min,26.1042,91.585242,10,2026-07-31 12:15:31,2026-07-31 12:17:13,2026-07-31 12:20:17,2026-07-31 12:49:11
1093,324,anomaly,high,resolved,AI anomaly: unusual movement pattern,26.219029,91.753401,1,2026-08-16 07:57:37,2026-08-16 07:59:32,2026-08-16 08:00:47,2026-08-16 08:33:01
1094,324,anomaly,high,resolved,AI anomaly: prolonged inactivity 226 min,25.931575,91.431321,8,2026-08-17 10:26:00,2026-08-17 10:27:01,2026-08-17 10:30:29,2026-08-17 17:11:45
1095,325,anomaly,high,dispatched,AI anomaly: prolonged inactivity 48 min,23.829722,91.287322,7,2026-08-13 07:32:45,2026-08-13 07:33:19,2026-08-13 07:41:06,
1096,325,anomaly,high,resolved,AI anomaly: prolonged inactivity 240 min,23.728559,92.717501,5,2026-08-14 10:46:39,2026-08-14 10:49:27,2026-08-14 10:57:00,2026-08-14 11:13:27
1097,325,anomaly,high,detected,AI anomaly: prolonged inactivity 125 min,24.817566,93.937942,,2026-08-16 09:08:42,,,
1098,325,anomaly,high,detected,AI anomaly: prolonged inactivity 174 min,25.674332,94.108345,,2026-08-18 09:40:09,,,
1099,325,anomaly,high,resolved,AI anomaly: prolonged inactivity 277 min,26.576074,93.171371,12,2026-08-20 11:15:23,2026-08-20 11:16:50,2026-08-20 11:20:58,2026-08-20 11:27:29
1100,325,geofence,critical,resolved,Restricted-zone entry: Kaziranga Core Zone,26.576074,93.171371,21,2026-08-20 11:15:23,2026-08-20 11:16:18,2026-08-20 11:19:30,2026-08-20 11:43:55
1101,325,anomaly,high,resolved,AI anomaly: prolonged inactivity 309 min,27.329408,88.611569,20,2026-08-22 11:44:07,2026-08-22 11:54:31,2026-08-22 11:56:16,2026-08-22 12:06:13
1102,326,anomaly,high,resolved,AI anomaly: prolonged inactivity 57 min,26.164195,91.745311,12,2026-08-12 08:01:01,2026-08-12 08:02:44,2026-08-12 08:03:46,2026-08-12 08:12:03
1103,326,anomaly,high,resolved,AI anomaly: prolonged inactivity 406 min,26.248699,91.518967,12,2026-08-13 13:37:29,2026-08-13 13:45:39,2026-08-13 13:46:59,2026-08-13 14:09:17
1104,326,anomaly,high,resolved,AI anomaly: prolonged inactivity 433 min,26.365383,91.633001,19,2026-08-15 13:46:52,2026-08-15 13:54:21,2026-08-15 14:06:07,2026-08-15 14:23:10
1105,327,anomaly,high,resolved,AI anomaly: abnormal speed 226 km/h (possible vehicle abduction),25.710078,94.15339,2,2026-08-22 07:40:47,2026-08-22 07:42:06,2026-08-22 07:45:00,2026-08-22 07:55:28
1106,327,anomaly,high,acknowledged,AI anomaly: prolonged inactivity 66 min,25.674529,94.107935,,2026-08-24 07:41:27,2026-08-24 07:43:14,,
1107,327,anomaly,high,resolved,AI anomaly: prolonged inactivity 273 min,24.817448,93.936636,18,2026-08-25 11:14:59,2026-08-25 11:16:48,2026-08-25 11:18:55,2026-08-25 12:04:53
1108,327,anomaly,high,resolved,AI anomaly: prolonged inactivity 71 min,24.816836,93.935808,10,2026-08-26 07:56:57,2026-08-26 07:57:58,2026-08-26 08:01:16,2026-08-26 08:22:20
1109,327,anomaly,high,resolved,AI anomaly: prolonged inactivity 366 min,25.579784,91.893233,8,2026-08-27 12:40:43,2026-08-27 12:41:35,2026-08-27 12:43:56,2026-08-27 12:52:59
1110,327,anomaly,high,dispatched,AI anomaly: prolonged inactivity 53 min,25.579797,91.89306,20,2026-08-28 07:38:25,2026-08-28 07:41:02,2026-08-28 07:43:04,
1111,327,anomaly,high,resolved,AI anomaly: prolonged inactivity 438 min,26.105801,91.584561,19,2026-08-29 14:15:30,2026-08-29 14:16:52,2026-08-29 14:17:25,2026-08-29 14:28:21
1112,327,anomaly,high,resolved,AI anomaly: prolonged inactivity 345 min,23.832444,91.286829,22,2026-08-31 12:42:05,2026-08-31 12:45:39,2026-08-31 12:54:42,2026-08-31 12:59:29
1113,327,anomaly,high,resolved,AI anomaly: prolonged inactivity 476 min,27.330636,88.611657,11,2026-09-02 14:51:27,2026-09-02 14:52:43,2026-09-02 14:54:51,2026-09-02 15:13:57
1114,328,anomaly,high,resolved,AI anomaly: prolonged inactivity 445 min,26.088221,91.589071,17,2026-09-05 14:05:42,2026-09-05 14:07:46,2026-09-05 14:08:54,2026-09-05 14:13:50
1115,329,anomaly,high,resolved,AI anomaly: prolonged inactivity 65 min,26.172492,91.713318,5,2026-09-02 07:53:40,2026-09-02 07:55:16,2026-09-02 07:56:52,2026-09-02 08:06:11
1116,329,anomaly,high,dispatched,AI anomaly: prolonged inactivity 232 min,26.367196,91.634895,20,2026-09-03 10:27:55,2026-09-03 10:28:27,2026-09-03 10:30:38,
1117,329,anomaly,high,resolved,AI anomaly: prolonged inactivity 47 min,26.367043,91.634662,1,2026-09-04 07:50:33,2026-09-04 07:56:54,2026-09-04 07:58:45,2026-09-04 08:25:10
1118,330,anomaly,high,resolved,AI anomaly: prolonged inactivity 81 min,26.106443,91.58549,12,2026-08-12 08:03:35,2026-08-12 08:04:36,2026-08-12 08:14:56,2026-08-12 08:38:09
1119,330,anomaly,high,resolved,AI anomaly: prolonged inactivity 392 min,25.674549,94.109329,6,2026-08-15 13:08:03,2026-08-15 13:09:04,2026-08-15 13:14:34,2026-08-15 13:41:49
1120,330,anomaly,high,resolved,AI anomaly: prolonged inactivity 61 min,25.675022,94.110084,4,2026-08-17 08:00:03,2026-08-17 08:01:57,2026-08-17 08:03:27,2026-08-17 09:41:06
1121,330,anomaly,high,dispatched,AI anomaly: prolonged inactivity 244 min,23.725178,92.717626,14,2026-08-18 10:57:51,2026-08-18 10:58:39,2026-08-18 10:59:25,
1122,330,anomaly,high,resolved,AI anomaly: prolonged inactivity 48 min,23.725536,92.718606,18,2026-08-20 07:55:49,2026-08-20 07:56:43,2026-08-20 07:58:56,2026-08-20 08:07:16
1123,331,geofence,critical,resolved,Restricted-zone entry: Kaziranga Core Zone,26.575812,93.171668,15,2026-07-29 07:56:43,2026-07-29 08:06:39,2026-07-29 08:08:33,2026-07-29 08:33:28
1124,331,anomaly,high,dispatched,AI anomaly: prolonged inactivity 346 min,25.674581,94.108111,2,2026-08-02 12:29:38,2026-08-02 12:30:56,2026-08-02 12:32:46,
1125,331,anomaly,high,dispatched,AI anomaly: prolonged inactivity 76 min,25.67434,94.10855,14,2026-08-04 07:46:41,2026-08-04 07:48:40,2026-08-04 07:52:26,
1126,331,anomaly,high,resolved,AI anomaly: prolonged inactivity 357 min,25.577859,91.894631,21,2026-08-05 12:44:08,2026-08-05 12:46:23,2026-08-05 12:52:48,2026-08-05 13:33:13
1127,331,anomaly,high,acknowledged,AI anomaly: prolonged inactivity 62 min,25.578769,91.893875,,2026-08-06 07:51:31,2026-08-06 07:52:39,,
1128,331,anomaly,high,acknowledged,AI anomaly: prolonged inactivity 390 min,23.832163,91.28808,,2026-08-08 13:16:19,2026-08-08 13:22:16,,
1129,331,anomaly,high,resolved,AI anomaly: prolonged inactivity 46 min,23.831123,91.288311,17,2026-08-09 07:34:58,2026-08-09 07:39:15,2026-08-09 07:42:00,2026-08-09 07:54:23
1130,332,anomaly,high,resolved,AI anomaly: prolonged inactivity 154 min,26.184751,91.748039,1,2026-08-07 09:18:55,2026-08-07 09:22:59,2026-08-07 09:25:33,2026-08-07 09:31:10
1131,332,anomaly,high,dispatched,AI anomaly: prolonged inactivity 58 min,26.186313,91.750839,21,2026-08-09 07:32:09,2026-08-09 07:34:10,2026-08-09 07:36:05,
1132,333,anomaly,high,resolved,AI anomaly: prolonged inactivity 48 min,25.576997,91.894176,9,2026-07-28 07:49:43,2026-07-28 07:52:25,2026-07-28 07:54:19,2026-07-28 08:14:15
1133,333,anomaly,high,dispatched,AI anomaly: prolonged inactivity 149 min,26.576215,93.169751,9,2026-07-29 09:04:34,2026-07-29 09:06:36,2026-07-29 09:07:49,
1134,333,geofence,critical,resolved,Restricted-zone entry: Kaziranga Core Zone,26.576215,93.169751,22,2026-07-29 09:04:34,2026-07-29 09:10:30,2026-07-29 09:14:11,2026-07-29 09:35:55
1135,333,anomaly,high,resolved,AI anomaly: prolonged inactivity 257 min,25.673125,94.108756,10,2026-08-01 10:56:28,2026-08-01 10:56:55,2026-08-01 10:58:46,2026-08-01 11:09:41
1136,333,anomaly,high,resolved,AI anomaly: prolonged inactivity 421 min,23.726882,92.718388,17,2026-08-04 13:32:55,2026-08-04 13:33:24,2026-08-04 13:41:10,2026-08-04 13:56:20
1137,333,anomaly,high,resolved,AI anomaly: prolonged inactivity 49 min,23.72714,92.71868,16,2026-08-05 07:31:35,2026-08-05 07:33:02,2026-08-05 07:33:33,2026-08-05 08:13:13
1138,333,anomaly,high,resolved,AI anomaly: prolonged inactivity 64 min,23.726923,92.719766,2,2026-08-06 07:43:01,2026-08-06 07:48:32,2026-08-06 07:49:32,2026-08-06 08:35:41
1139,333,anomaly,high,acknowledged,AI anomaly: prolonged inactivity 173 min,27.331243,88.615214,,2026-08-07 09:55:23,2026-08-07 09:56:05,,
1140,334,geofence,critical,resolved,Restricted-zone entry: Dawki Border Belt,25.192243,92.019986,9,2026-09-03 08:01:53,2026-09-03 08:03:19,2026-09-03 08:04:56,2026-09-03 08:24:02
1141,334,anomaly,high,resolved,AI anomaly: prolonged inactivity 479 min,25.287835,91.680269,14,2026-09-04 14:50:02,2026-09-04 14:54:28,2026-09-04 14:55:36,2026-09-04 15:41:23
1142,334,geofence,critical,resolved,Restricted-zone entry: Cherrapunji Cliff Edge,25.285662,91.681985,20,2026-09-04 17:54:21,2026-09-04 17:58:55,2026-09-04 17:59:10,2026-09-04 18:47:43
1143,334,anomaly,high,resolved,AI anomaly: prolonged inactivity 370 min,25.579859,91.894061,11,2026-09-05 13:06:07,2026-09-05 13:08:00,2026-09-05 13:11:51,2026-09-05 13:58:26
1144,335,anomaly,high,resolved,AI anomaly: prolonged inactivity 295 min,26.751021,94.205556,13,2026-08-14 11:34:11,2026-08-14 11:35:01,2026-08-14 11:35:57,2026-08-14 11:47:12
1145,335,anomaly,high,resolved,AI anomaly: prolonged inactivity 63 min,26.181601,91.742798,19,2026-08-15 07:49:49,2026-08-15 07:50:02,2026-08-15 07:50:59,2026-08-15 07:52:01
1146,335,anomaly,high,acknowledged,AI anomaly: prolonged inactivity 213 min,26.981787,94.641619,,2026-08-16 10:20:54,2026-08-16 10:25:42,,
1147,335,anomaly,high,resolved,AI anomaly: prolonged inactivity 403 min,26.577962,93.172686,1,2026-08-17 13:27:02,2026-08-17 13:32:57,2026-08-17 13:36:20,2026-08-17 14:06:04
1148,335,geofence,critical,resolved,Restricted-zone entry: Kaziranga Core Zone,26.577962,93.172686,1,2026-08-17 13:27:02,2026-08-17 13:28:15,2026-08-17 13:31:30,2026-08-17 13:51:41
1149,335,anomaly,high,resolved,AI anomaly: prolonged inactivity 278 min,26.922066,92.879467,21,2026-08-19 11:23:22,2026-08-19 11:24:14,2026-08-19 11:29:35,2026-08-19 11:49:54
1150,336,anomaly,high,resolved,AI anomaly: prolonged inactivity 53 min,25.578939,91.892502,7,2026-08-09 07:32:52,2026-08-09 07:33:24,2026-08-09 07:40:27,2026-08-09 08:05:08
1151,336,anomaly,high,resolved,AI anomaly: prolonged inactivity 457 min,26.107081,91.587364,22,2026-08-10 14:16:35,2026-08-10 14:21:59,2026-08-10 14:26:43,2026-08-10 14:30:25
1152,336,anomaly,high,resolved,AI anomaly: prolonged inactivity 68 min,26.106809,91.58792,8,2026-08-11 07:50:49,2026-08-11 07:52:03,2026-08-11 07:57:01,2026-08-11 08:06:24
1153,336,anomaly,high,resolved,AI anomaly: prolonged inactivity 158 min,26.576198,93.172428,2,2026-08-12 09:20:17,2026-08-12 09:21:13,2026-08-12 09:22:49,2026-08-12 09:43:17
1154,336,geofence,critical,detected,Restricted-zone entry: Kaziranga Core Zone,26.576198,93.172428,,2026-08-12 09:20:17,,,
1155,336,anomaly,high,resolved,AI anomaly: prolonged inactivity 67 min,26.575968,93.172683,13,2026-08-13 08:04:53,2026-08-13 08:10:59,2026-08-13 08:14:10,2026-08-13 08:23:35
1156,336,anomaly,high,resolved,AI anomaly: prolonged inactivity 190 min,24.819742,93.935192,18,2026-08-15 10:01:25,2026-08-15 10:05:50,2026-08-15 10:10:46,2026-08-15 10:20:18
1157,336,anomaly,high,resolved,AI anomaly: prolonged inactivity 310 min,23.828758,91.285653,12,2026-08-17 12:00:31,2026-08-17 12:04:48,2026-08-17 12:09:02,2026-08-17 12:24:08
1158,337,anomaly,high,resolved,AI anomaly: prolonged inactivity 55 min,26.232423,92.083109,9,2026-08-15 07:36:47,2026-08-15 07:38:15,2026-08-15 07:40:30,2026-08-15 07:53:44
1159,337,anomaly,high,resolved,AI anomaly: prolonged inactivity 453 min,26.179345,91.783961,9,2026-08-16 14:21:42,2026-08-16 14:25:21,2026-08-16 14:26:47,2026-08-16 14:45:18
1160,337,anomaly,high,resolved,AI anomaly: prolonged inactivity 51 min,26.180049,91.784568,13,2026-08-17 07:34:50,2026-08-17 07:36:12,2026-08-17 07:37:51,2026-08-17 07:53:56
1161,337,anomaly,high,resolved,AI anomaly: prolonged inactivity 291 min,26.11913,91.650247,12,2026-08-18 11:56:54,2026-08-18 11:58:34,2026-08-18 11:59:34,2026-08-18 12:22:39
1162,337,geofence,critical,dispatched,Restricted-zone entry: Deepor Beel Wetland Edge,26.12055,91.649031,11,2026-08-18 12:24:16,2026-08-18 12:25:25,2026-08-18 12:30:07,
1163,339,anomaly,high,dispatched,AI anomaly: prolonged inactivity 66 min,26.107792,91.587063,14,2026-08-09 07:38:35,2026-08-09 07:45:34,2026-08-09 07:46:29,
1164,339,anomaly,high,resolved,AI anomaly: prolonged inactivity 254 min,26.951306,94.17097,18,2026-08-10 10:45:14,2026-08-10 10:45:53,2026-08-10 10:47:17,2026-08-10 10:55:58
1165,339,anomaly,high,resolved,AI anomaly: prolonged inactivity 64 min,26.95054,94.170879,1,2026-08-12 07:44:33,2026-08-12 07:45:55,2026-08-12 07:49:07,2026-08-12 08:17:50
1166,339,anomaly,high,resolved,AI anomaly: prolonged inactivity 303 min,26.982707,94.64343,18,2026-08-13 12:04:55,2026-08-13 12:05:58,2026-08-13 12:08:09,2026-08-13 12:15:15
1167,339,anomaly,high,resolved,AI anomaly: prolonged inactivity 55 min,26.982271,94.644237,11,2026-08-14 07:34:00,2026-08-14 07:37:26,2026-08-14 07:38:02,2026-08-14 10:03:09
1168,340,anomaly,high,resolved,AI anomaly: prolonged inactivity 357 min,26.098839,91.604998,17,2026-08-13 12:33:16,2026-08-13 12:33:42,2026-08-13 12:35:07,2026-08-13 12:53:55
1169,340,anomaly,high,resolved,AI anomaly: prolonged inactivity 295 min,25.932344,91.433093,8,2026-08-14 11:37:07,2026-08-14 11:38:31,2026-08-14 11:39:05,2026-08-14 13:13:53
1170,341,geofence,critical,resolved,Restricted-zone entry: Kaziranga Core Zone,26.578911,93.171885,15,2026-08-27 07:16:48,2026-08-27 07:19:04,2026-08-27 07:20:56,2026-08-27 07:45:40
1171,341,anomaly,high,dispatched,AI anomaly: prolonged inactivity 48 min,26.579221,93.172356,19,2026-08-28 07:52:33,2026-08-28 07:53:37,2026-08-28 07:54:18,
1172,341,anomaly,high,resolved,AI anomaly: prolonged inactivity 421 min,26.633098,92.799146,13,2026-08-29 13:57:49,2026-08-29 13:58:56,2026-08-29 13:59:35,2026-08-29 14:04:51
1173,341,anomaly,high,acknowledged,AI anomaly: prolonged inactivity 143 min,26.634359,92.79884,,2026-08-30 09:21:41,2026-08-30 09:22:34,,
1174,341,anomaly,high,resolved,AI anomaly: prolonged inactivity 400 min,26.918721,92.879426,20,2026-08-31 13:23:43,2026-08-31 13:24:40,2026-08-31 13:32:15,2026-08-31 13:53:15
1175,341,anomaly,high,dispatched,AI anomaly: prolonged inactivity 46 min,26.918582,92.87891,22,2026-09-01 07:41:34,2026-09-01 07:41:45,2026-09-01 07:42:50,
1176,341,anomaly,high,resolved,AI anomaly: prolonged inactivity 280 min,26.950014,94.171406,14,2026-09-02 11:15:43,2026-09-02 11:17:11,2026-09-02 11:22:47,2026-09-02 11:24:46
1177,341,anomaly,high,resolved,AI anomaly: prolonged inactivity 57 min,26.95075,94.171555,2,2026-09-03 07:46:09,2026-09-03 07:48:39,2026-09-03 07:55:31,2026-09-03 10:07:33
1178,341,anomaly,high,detected,AI anomaly: prolonged inactivity 361 min,26.982833,94.643509,,2026-09-04 13:01:37,,,
1179,341,anomaly,high,dispatched,AI anomaly: prolonged inactivity 60 min,26.982782,94.643813,22,2026-09-05 07:30:50,2026-09-05 07:37:42,2026-09-05 07:41:38,
1180,343,anomaly,high,resolved,AI anomaly: prolonged inactivity 900 min,25.578879,91.895068,19,2026-08-19 21:34:55,2026-08-19 21:35:55,2026-08-19 21:38:33,2026-08-19 21:43:16
1181,343,anomaly,high,resolved,AI anomaly: prolonged inactivity 897 min,25.579007,91.894716,1,2026-08-20 21:27:42,2026-08-20 21:29:43,2026-08-20 21:35:55,2026-08-20 21:42:19
1182,343,anomaly,high,dispatched,AI anomaly: prolonged inactivity 852 min,25.578179,91.895209,8,2026-08-21 21:04:44,2026-08-21 21:10:23,2026-08-21 21:12:39,
1183,343,anomaly,high,dispatched,AI anomaly: prolonged inactivity 902 min,25.578135,91.894406,8,2026-08-22 22:02:04,2026-08-22 22:03:31,2026-08-22 22:04:00,
1184,343,anomaly,high,resolved,AI anomaly: prolonged inactivity 1096 min,26.104922,91.586927,9,2026-08-24 01:12:39,2026-08-24 01:15:42,2026-08-24 01:22:50,2026-08-24 02:37:29
1185,343,anomaly,high,resolved,AI anomaly: prolonged inactivity 917 min,26.105208,91.587587,10,2026-08-25 22:04:41,2026-08-25 22:08:12,2026-08-25 22:09:31,2026-08-25 22:55:46
1186,343,anomaly,high,resolved,AI anomaly: prolonged inactivity 908 min,26.105411,91.587127,5,2026-08-26 21:48:12,2026-08-26 21:49:58,2026-08-26 21:54:14,2026-08-26 22:21:49
1187,343,anomaly,high,resolved,AI anomaly: prolonged inactivity 1277 min,27.331763,88.612719,6,2026-08-28 03:53:37,2026-08-28 03:55:29,2026-08-28 03:56:35,2026-08-28 03:59:36
1188,343,anomaly,high,resolved,AI anomaly: prolonged inactivity 910 min,27.332459,88.612807,3,2026-08-29 21:48:36,2026-08-29 21:53:29,2026-08-29 21:58:47,2026-08-29 22:04:41
1189,343,anomaly,high,resolved,AI anomaly: prolonged inactivity 867 min,27.332461,88.612195,8,2026-08-30 21:15:55,2026-08-30 21:18:12,2026-08-30 21:19:34,2026-08-30 21:53:57
1190,344,anomaly,high,dispatched,AI anomaly: prolonged inactivity 83 min,26.184263,91.751154,8,2026-08-29 07:59:22,2026-08-29 08:03:18,2026-08-29 08:09:07,
1191,344,anomaly,high,resolved,AI anomaly: prolonged inactivity 170 min,26.632423,92.798665,9,2026-08-31 09:45:28,2026-08-31 09:47:45,2026-08-31 09:48:24,2026-08-31 10:28:01
1192,344,anomaly,high,resolved,AI anomaly: prolonged inactivity 57 min,26.631647,92.798025,22,2026-09-01 07:54:12,2026-09-01 07:56:31,2026-09-01 07:57:02,2026-09-01 08:07:06
1193,344,anomaly,high,dispatched,AI anomaly: prolonged inactivity 164 min,27.587571,91.859244,14,2026-09-02 09:44:19,2026-09-02 09:45:09,2026-09-02 09:47:01,
1194,344,anomaly,high,resolved,AI anomaly: prolonged inactivity 454 min,27.544727,93.831542,9,2026-09-04 14:15:59,2026-09-04 14:17:16,2026-09-04 14:22:57,2026-09-04 14:39:31
1195,344,anomaly,high,resolved,AI anomaly: prolonged inactivity 136 min,27.545336,93.831088,12,2026-09-05 08:57:30,2026-09-05 09:01:20,2026-09-05 09:03:55,2026-09-05 09:21:21
1196,345,anomaly,high,acknowledged,AI anomaly: prolonged inactivity 115 min,26.189094,91.751387,,2026-08-29 08:35:51,2026-08-29 08:36:24,,
1197,346,geofence,critical,resolved,Restricted-zone entry: Kaziranga Core Zone,26.577238,93.170917,8,2026-08-08 07:45:51,2026-08-08 07:46:47,2026-08-08 07:51:35,2026-08-08 08:00:15
1198,346,anomaly,high,dispatched,AI anomaly: prolonged inactivity 158 min,26.63364,92.79929,18,2026-08-11 09:16:30,2026-08-11 09:22:03,2026-08-11 09:26:59,
1199,346,anomaly,high,resolved,AI anomaly: prolonged inactivity 83 min,26.634064,92.798967,11,2026-08-12 07:57:44,2026-08-12 08:00:44,2026-08-12 08:02:01,2026-08-12 08:20:33
1200,346,anomaly,high,resolved,AI anomaly: prolonged inactivity 495 min,26.105718,91.586155,9,2026-08-13 14:49:20,2026-08-13 14:50:39,2026-08-13 14:56:24,2026-08-13 15:11:26
1201,346,anomaly,high,resolved,AI anomaly: prolonged inactivity 66 min,26.105229,91.586616,18,2026-08-14 07:43:08,2026-08-14 07:43:46,2026-08-14 07:47:34,2026-08-14 08:05:24
1202,346,anomaly,high,resolved,AI anomaly: prolonged inactivity 57 min,26.106263,91.585694,21,2026-08-15 08:01:31,2026-08-15 08:02:16,2026-08-15 08:03:33,2026-08-15 08:40:06
1203,346,anomaly,high,dispatched,AI anomaly: prolonged inactivity 159 min,26.750576,94.205765,13,2026-08-16 09:22:12,2026-08-16 09:24:44,2026-08-16 09:25:27,
1204,347,anomaly,high,dispatched,AI anomaly: prolonged inactivity 57 min,26.105861,91.587369,8,2026-07-26 07:32:28,2026-07-26 07:35:55,2026-07-26 07:38:31,
1205,347,anomaly,high,dispatched,AI anomaly: prolonged inactivity 502 min,26.921091,92.881231,15,2026-07-27 14:54:50,2026-07-27 14:59:03,2026-07-27 14:59:45,
1206,347,anomaly,high,resolved,AI anomaly: prolonged inactivity 89 min,26.921802,92.881958,8,2026-07-28 08:02:39,2026-07-28 08:03:22,2026-07-28 08:11:21,2026-07-28 08:55:08
1207,347,anomaly,high,resolved,AI anomaly: prolonged inactivity 477 min,26.57933,93.168979,16,2026-07-29 15:03:46,2026-07-29 15:05:58,2026-07-29 15:07:40,2026-07-29 15:16:22
1208,347,geofence,critical,resolved,Restricted-zone entry: Kaziranga Core Zone,26.578546,93.170317,6,2026-07-29 15:22:52,2026-07-29 15:24:18,2026-07-29 15:29:41,2026-07-29 16:48:59
1209,347,anomaly,high,resolved,AI anomaly: prolonged inactivity 61 min,26.579011,93.169552,10,2026-07-30 07:38:33,2026-07-30 07:39:52,2026-07-30 07:42:38,2026-07-30 08:23:52
1210,347,anomaly,high,resolved,AI anomaly: prolonged inactivity 321 min,26.751342,94.203334,5,2026-07-31 12:19:57,2026-07-31 12:21:56,2026-07-31 12:31:29,2026-07-31 12:51:46
1211,348,anomaly,high,resolved,AI anomaly: prolonged inactivity 81 min,26.167501,91.769703,15,2026-07-29 07:58:54,2026-07-29 08:03:09,2026-07-29 08:08:40,2026-07-29 08:34:26
1212,348,anomaly,high,resolved,AI anomaly: prolonged inactivity 212 min,26.248146,91.518784,12,2026-07-30 10:23:36,2026-07-30 10:26:39,2026-07-30 10:28:10,2026-07-30 10:53:59
1213,348,anomaly,high,resolved,AI anomaly: prolonged inactivity 445 min,26.365864,91.634082,6,2026-07-31 14:04:40,2026-07-31 14:06:58,2026-07-31 14:08:03,2026-07-31 14:26:49
1214,349,anomaly,high,resolved,AI anomaly: prolonged inactivity 492 min,26.633947,92.80011,6,2026-08-25 14:45:50,2026-08-25 14:48:23,2026-08-25 14:48:40,2026-08-25 14:51:50
1215,349,anomaly,high,resolved,AI anomaly: prolonged inactivity 69 min,26.633094,92.799603,17,2026-08-26 07:39:54,2026-08-26 07:42:55,2026-08-26 07:53:45,2026-08-26 08:03:18
1216,349,anomaly,high,resolved,AI anomaly: prolonged inactivity 392 min,26.578237,93.171706,12,2026-08-27 13:11:48,2026-08-27 13:13:29,2026-08-27 13:17:10,2026-08-27 13:40:41
1217,349,geofence,critical,acknowledged,Restricted-zone entry: Kaziranga Core Zone,26.578237,93.171706,,2026-08-27 13:11:48,2026-08-27 13:13:18,,
1218,349,anomaly,high,acknowledged,AI anomaly: prolonged inactivity 78 min,26.579057,93.17211,,2026-08-28 07:49:13,2026-08-28 07:53:21,,
1219,349,anomaly,high,resolved,AI anomaly: prolonged inactivity 219 min,26.748875,94.20586,6,2026-08-29 10:24:22,2026-08-29 10:25:20,2026-08-29 10:30:00,2026-08-29 10:41:26
1220,349,anomaly,high,resolved,AI anomaly: prolonged inactivity 52 min,26.748873,94.205287,5,2026-08-30 07:42:13,2026-08-30 07:48:05,2026-08-30 07:48:45,2026-08-30 08:51:06
1221,349,anomaly,high,resolved,AI anomaly: prolonged inactivity 410 min,26.982684,94.640958,17,2026-08-31 13:50:55,2026-08-31 13:52:03,2026-08-31 13:55:10,2026-08-31 15:00:15
1222,350,anomaly,high,dispatched,AI anomaly: abnormal speed 155 km/h (possible vehicle abduction),25.233266,91.884141,20,2026-07-24 07:59:43,2026-07-24 08:01:40,2026-07-24 08:12:49,
1223,350,geofence,critical,resolved,Restricted-zone entry: Dawki Border Belt,25.190436,92.02116,18,2026-07-24 09:43:05,2026-07-24 09:50:24,2026-07-24 09:51:23,2026-07-24 10:09:35
1224,350,anomaly,high,acknowledged,AI anomaly: prolonged inactivity 46 min,25.197503,91.948093,,2026-07-25 07:29:27,2026-07-25 07:30:18,,
1225,350,anomaly,high,resolved,AI anomaly: prolonged inactivity 164 min,25.288966,91.679732,8,2026-07-27 09:19:59,2026-07-27 09:20:46,2026-07-27 09:26:46,2026-07-27 09:57:15
1226,350,anomaly,high,resolved,AI anomaly: prolonged inactivity 435 min,25.636397,91.890961,14,2026-07-29 14:12:04,2026-07-29 14:13:11,2026-07-29 14:14:17,2026-07-29 14:35:03
1227,350,anomaly,high,resolved,AI anomaly: prolonged inactivity 62 min,25.598005,91.893884,12,2026-07-30 07:43:46,2026-07-30 07:45:31,2026-07-30 07:46:28,2026-07-30 08:02:06
1228,350,anomaly,high,acknowledged,AI anomaly: prolonged inactivity 46 min,25.636986,91.89136,,2026-07-31 07:31:46,2026-07-31 07:32:34,,
1229,350,anomaly,high,resolved,AI anomaly: prolonged inactivity 286 min,26.183356,91.752132,8,2026-08-01 11:30:01,2026-08-01 11:33:05,2026-08-01 11:38:52,2026-08-01 11:46:37
1230,352,anomaly,high,resolved,AI anomaly: prolonged inactivity 80 min,26.184234,91.749363,3,2026-08-13 07:52:27,2026-08-13 07:55:48,2026-08-13 07:57:11,2026-08-13 08:13:21
1231,352,anomaly,high,dispatched,AI anomaly: prolonged inactivity 58 min,26.184351,91.749909,16,2026-08-14 07:50:51,2026-08-14 07:52:20,2026-08-14 07:52:47,
1232,352,anomaly,high,resolved,AI anomaly: prolonged inactivity 427 min,26.632247,92.800164,8,2026-08-15 13:46:55,2026-08-15 13:47:58,2026-08-15 13:49:30,2026-08-15 14:20:56
1233,352,anomaly,high,resolved,AI anomaly: prolonged inactivity 90 min,26.632476,92.799987,8,2026-08-16 08:00:17,2026-08-16 08:09:10,2026-08-16 08:11:33,2026-08-16 08:39:24
1234,352,anomaly,high,resolved,AI anomaly: prolonged inactivity 332 min,27.58538,91.858976,3,2026-08-18 12:16:08,2026-08-18 12:17:46,2026-08-18 12:28:12,2026-08-18 12:47:34
1235,352,anomaly,high,resolved,AI anomaly: prolonged inactivity 46 min,27.585131,91.858473,4,2026-08-19 07:37:18,2026-08-19 07:37:52,2026-08-19 07:39:03,2026-08-19 07:46:24
1236,352,anomaly,high,acknowledged,AI anomaly: prolonged inactivity 61 min,27.585027,91.858716,,2026-08-20 07:47:31,2026-08-20 07:48:09,,
1237,352,anomaly,high,acknowledged,AI anomaly: prolonged inactivity 485 min,27.545566,93.831989,,2026-08-21 14:43:43,2026-08-21 14:45:09,,
1238,352,anomaly,high,resolved,AI anomaly: prolonged inactivity 54 min,27.545645,93.833002,8,2026-08-22 07:47:23,2026-08-22 07:50:37,2026-08-22 07:55:05,2026-08-22 08:13:56
1239,353,anomaly,high,resolved,AI anomaly: prolonged inactivity 885 min,26.178372,91.741618,20,2026-07-25 21:30:32,2026-07-25 21:30:46,2026-07-25 21:36:09,2026-07-25 21:52:25
1240,353,anomaly,high,resolved,AI anomaly: prolonged inactivity 879 min,26.181423,91.74475,10,2026-07-26 21:17:23,2026-07-26 21:18:16,2026-07-26 21:18:38,2026-07-26 21:34:05
1241,354,geofence,critical,resolved,Restricted-zone entry: Dawki Border Belt,25.188257,92.019179,5,2026-08-15 07:06:14,2026-08-15 07:07:13,2026-08-15 07:08:38,2026-08-15 07:17:45
1242,354,anomaly,high,resolved,AI anomaly: abnormal speed 148 km/h (possible vehicle abduction),25.221759,92.066955,5,2026-08-16 07:05:05,2026-08-16 07:09:21,2026-08-16 07:25:04,2026-08-16 07:36:17
1243,354,anomaly,high,resolved,AI anomaly: prolonged inactivity 76 min,25.188616,92.019148,1,2026-08-17 07:46:32,2026-08-17 07:48:00,2026-08-17 07:49:07,2026-08-17 08:10:11
1244,354,anomaly,high,resolved,AI anomaly: prolonged inactivity 53 min,25.188353,92.019004,16,2026-08-18 07:48:34,2026-08-18 07:49:30,2026-08-18 07:50:46,2026-08-18 08:29:39
1245,354,anomaly,high,resolved,AI anomaly: prolonged inactivity 257 min,25.289043,91.680934,3,2026-08-19 11:03:33,2026-08-19 11:13:13,2026-08-19 11:13:47,2026-08-19 11:24:17
1246,354,geofence,critical,resolved,Restricted-zone entry: Cherrapunji Cliff Edge,25.276986,91.686895,5,2026-08-20 07:36:00,2026-08-20 07:37:43,2026-08-20 07:46:44,2026-08-20 08:22:08
1247,354,anomaly,high,resolved,AI anomaly: prolonged inactivity 50 min,25.288933,91.680686,17,2026-08-21 07:36:11,2026-08-21 07:40:32,2026-08-21 07:42:23,2026-08-21 08:10:41
1248,355,geofence,critical,resolved,Restricted-zone entry: Kaziranga Core Zone,26.577381,93.170732,1,2026-07-26 07:58:17,2026-07-26 07:59:06,2026-07-26 08:03:22,2026-07-26 08:07:31
1249,355,anomaly,high,resolved,AI anomaly: prolonged inactivity 201 min,26.9199,92.881609,1,2026-07-28 10:01:34,2026-07-28 10:03:42,2026-07-28 10:05:18,2026-07-28 10:13:01
1250,355,anomaly,high,resolved,AI anomaly: prolonged inactivity 216 min,26.951016,94.171299,8,2026-07-30 10:15:23,2026-07-30 10:19:13,2026-07-30 10:20:47,2026-07-30 11:17:36
1251,355,anomaly,high,resolved,AI anomaly: prolonged inactivity 171 min,26.18127,91.751012,21,2026-07-31 09:54:54,2026-07-31 09:56:42,2026-07-31 10:00:03,2026-07-31 10:03:11
1252,355,anomaly,high,resolved,AI anomaly: prolonged inactivity 71 min,26.751842,94.204997,4,2026-08-01 08:00:42,2026-08-01 08:01:52,2026-08-01 08:03:38,2026-08-01 08:11:21
1253,355,anomaly,high,resolved,AI anomaly: prolonged inactivity 442 min,26.983225,94.642832,13,2026-08-02 14:07:22,2026-08-02 14:08:39,2026-08-02 14:09:23,2026-08-02 15:02:14
1254,355,anomaly,high,resolved,AI anomaly: prolonged inactivity 153 min,26.106771,91.585137,3,2026-08-04 09:35:39,2026-08-04 09:39:30,2026-08-04 09:41:30,2026-08-04 10:07:16
1255,356,anomaly,high,resolved,AI anomaly: prolonged inactivity 51 min,26.634916,92.802016,19,2026-08-23 07:37:25,2026-08-23 07:38:33,2026-08-23 07:41:02,2026-08-23 09:02:43
1256,356,anomaly,high,resolved,AI anomaly: prolonged inactivity 48 min,26.635031,92.801714,5,2026-08-24 07:51:20,2026-08-24 07:52:40,2026-08-24 07:55:25,2026-08-24 08:22:57
1257,356,anomaly,high,dispatched,AI anomaly: prolonged inactivity 59 min,26.635591,92.80133,14,2026-08-25 07:42:07,2026-08-25 07:43:04,2026-08-25 07:45:49,
1258,356,anomaly,high,resolved,AI anomaly: prolonged inactivity 369 min,26.18472,91.750284,18,2026-08-26 12:52:01,2026-08-26 12:54:29,2026-08-26 12:58:42,2026-08-26 13:06:58
1259,356,anomaly,high,resolved,AI anomaly: prolonged inactivity 83 min,26.184581,91.749571,19,2026-08-27 07:57:38,2026-08-27 07:58:11,2026-08-27 07:59:00,2026-08-27 08:04:50
1260,356,anomaly,high,resolved,AI anomaly: prolonged inactivity 223 min,27.587366,91.856713,19,2026-08-29 10:48:37,2026-08-29 10:52:46,2026-08-29 10:54:04,2026-08-29 10:58:33
1261,356,anomaly,high,resolved,AI anomaly: prolonged inactivity 52 min,27.586678,91.857294,9,2026-08-30 07:28:46,2026-08-30 07:30:13,2026-08-30 07:32:31,2026-08-30 07:37:19
1262,356,anomaly,high,resolved,AI anomaly: prolonged inactivity 195 min,27.546234,93.833932,8,2026-09-02 09:48:16,2026-09-02 09:50:29,2026-09-02 09:54:15,2026-09-02 10:07:41
1263,356,anomaly,high,acknowledged,AI anomaly: prolonged inactivity 88 min,27.54536,93.833518,,2026-09-03 08:01:08,2026-09-03 08:01:46,,
1264,356,anomaly,high,resolved,AI anomaly: prolonged inactivity 74 min,27.545928,93.834644,16,2026-09-04 07:51:39,2026-09-04 07:53:03,2026-09-04 07:54:22,2026-09-04 08:24:32
1265,356,missing_person,critical,resolved,Aarav Choudhury has not reported a location for over 6 hours,27.546534,93.835638,9,2026-09-05 06:49:18,2026-09-05 06:49:53,2026-09-05 06:52:48,2026-09-05 07:02:00
1266,357,geofence,critical,resolved,Restricted-zone entry: Riverside Restricted Area,26.180395,91.762169,12,2026-07-24 09:28:28,2026-07-24 09:38:17,2026-07-24 09:38:30,2026-07-24 09:46:41
1267,357,anomaly,high,resolved,AI anomaly: prolonged inactivity 48 min,26.162413,91.784132,19,2026-07-25 07:44:46,2026-07-25 07:46:16,2026-07-25 07:48:12,2026-07-25 07:55:31
1268,357,anomaly,high,resolved,AI anomaly: prolonged inactivity 329 min,26.16666,91.568501,22,2026-07-26 12:22:35,2026-07-26 12:24:01,2026-07-26 12:28:55,2026-07-26 12:44:34
1269,359,anomaly,high,resolved,AI anomaly: prolonged inactivity 50 min,27.543967,93.831556,2,2026-08-05 07:42:39,2026-08-05 07:44:27,2026-08-05 07:48:28,2026-08-05 08:25:48
1270,359,anomaly,high,dispatched,AI anomaly: prolonged inactivity 350 min,26.635762,92.799196,8,2026-08-07 12:21:07,2026-08-07 12:22:55,2026-08-07 12:23:28,
1271,359,anomaly,high,resolved,AI anomaly: prolonged inactivity 55 min,26.635745,92.798546,9,2026-08-08 07:28:12,2026-08-08 07:28:58,2026-08-08 07:31:04,2026-08-08 07:38:40
1272,359,anomaly,high,resolved,AI anomaly: prolonged inactivity 88 min,26.635651,92.799879,15,2026-08-09 07:59:09,2026-08-09 08:00:52,2026-08-09 08:08:29,2026-08-09 09:35:41
1273,359,anomaly,high,resolved,AI anomaly: prolonged inactivity 51 min,26.635302,92.799705,13,2026-08-10 07:24:25,2026-08-10 07:24:52,2026-08-10 07:25:39,2026-08-10 07:36:23
1274,359,anomaly,high,resolved,AI anomaly: prolonged inactivity 308 min,27.586168,91.859033,20,2026-08-11 11:41:10,2026-08-11 11:42:38,2026-08-11 11:55:34,2026-08-11 12:14:56
1275,359,anomaly,high,resolved,AI anomaly: prolonged inactivity 69 min,27.58718,91.860105,9,2026-08-12 07:44:45,2026-08-12 07:48:07,2026-08-12 07:56:12,2026-08-12 08:23:28
1276,359,anomaly,high,dispatched,AI anomaly: prolonged inactivity 73 min,27.586637,91.860184,18,2026-08-13 08:01:56,2026-08-13 08:02:16,2026-08-13 08:05:15,
1277,360,anomaly,high,resolved,AI anomaly: sudden location jump 5.2 km,26.129353,91.535542,6,2026-08-15 07:11:18,2026-08-15 07:16:48,2026-08-15 07:18:40,2026-08-15 07:28:53
1278,360,anomaly,high,resolved,AI anomaly: prolonged inactivity 226 min,26.186429,91.74784,3,2026-08-16 10:23:02,2026-08-16 10:24:57,2026-08-16 10:26:03,2026-08-16 10:48:27
1279,361,anomaly,high,resolved,AI anomaly: prolonged inactivity 364 min,26.366439,91.632146,10,2026-08-20 12:34:39,2026-08-20 12:35:03,2026-08-20 12:36:11,2026-08-20 12:36:49
1280,361,anomaly,high,resolved,AI anomaly: prolonged inactivity 92 min,26.367279,91.631859,19,2026-08-21 08:03:17,2026-08-21 08:04:47,2026-08-21 08:05:36,2026-08-21 08:23:11
1281,362,anomaly,high,resolved,AI anomaly: prolonged inactivity 215 min,26.580009,93.169447,10,2026-08-09 10:13:37,2026-08-09 10:15:25,2026-08-09 10:17:32,2026-08-09 10:25:04
1282,362,geofence,critical,resolved,Restricted-zone entry: Kaziranga Core Zone,26.577948,93.170177,5,2026-08-09 10:28:42,2026-08-09 10:33:55,2026-08-09 10:35:26,2026-08-09 11:21:29
1283,362,anomaly,high,resolved,AI anomaly: prolonged inactivity 61 min,26.580309,93.169628,16,2026-08-10 07:33:56,2026-08-10 07:34:47,2026-08-10 07:38:37,2026-08-10 07:54:21
1284,362,anomaly,high,resolved,AI anomaly: prolonged inactivity 481 min,26.749257,94.202579,10,2026-08-11 14:49:24,2026-08-11 14:51:13,2026-08-11 14:52:15,2026-08-11 15:05:13
1285,362,anomaly,high,resolved,AI anomaly: prolonged inactivity 68 min,26.749688,94.203169,1,2026-08-12 07:45:28,2026-08-12 07:46:19,2026-08-12 07:47:44,2026-08-12 08:54:07
1286,362,anomaly,high,resolved,AI anomaly: prolonged inactivity 376 min,26.950647,94.169954,1,2026-08-14 12:56:23,2026-08-14 12:58:24,2026-08-14 12:58:42,2026-08-14 13:39:00
1287,362,anomaly,high,detected,AI anomaly: prolonged inactivity 414 min,26.105522,91.586945,,2026-08-16 13:37:23,,,
1288,362,anomaly,high,resolved,AI anomaly: prolonged inactivity 55 min,26.10613,91.586422,6,2026-08-17 07:44:36,2026-08-17 07:45:44,2026-08-17 07:46:15,2026-08-17 07:58:52
1289,363,anomaly,high,dispatched,AI anomaly: prolonged inactivity 226 min,26.091034,91.58766,17,2026-08-16 10:36:30,2026-08-16 10:37:10,2026-08-16 10:40:01,
1290,363,anomaly,high,resolved,AI anomaly: prolonged inactivity 420 min,27.606371,91.852961,13,2026-08-17 13:35:00,2026-08-17 13:36:42,2026-08-17 13:40:12,2026-08-17 14:11:26
1291,364,geofence,critical,resolved,Restricted-zone entry: Dawki Border Belt,25.189283,92.018659,15,2026-08-10 08:06:10,2026-08-10 08:06:53,2026-08-10 08:12:32,2026-08-10 08:19:53
1292,364,anomaly,high,resolved,AI anomaly: prolonged inactivity 66 min,25.190711,91.993375,17,2026-08-11 07:40:37,2026-08-11 07:43:33,2026-08-11 07:47:53,2026-08-11 07:58:13
1293,364,anomaly,high,dispatched,AI anomaly: prolonged inactivity 198 min,25.195712,91.941655,2,2026-08-13 09:48:24,2026-08-13 09:49:18,2026-08-13 09:52:26,
1294,364,anomaly,high,dispatched,AI anomaly: prolonged inactivity 289 min,25.293195,91.676265,4,2026-08-14 11:31:45,2026-08-14 11:36:57,2026-08-14 11:38:24,
1295,364,anomaly,high,resolved,AI anomaly: prolonged inactivity 444 min,25.577405,91.893458,17,2026-08-17 14:25:08,2026-08-17 14:25:57,2026-08-17 14:26:06,2026-08-17 14:37:14
1296,364,anomaly,high,resolved,AI anomaly: prolonged inactivity 81 min,25.577517,91.893676,13,2026-08-18 07:52:46,2026-08-18 07:55:45,2026-08-18 08:01:23,2026-08-18 08:10:48
1297,365,anomaly,high,resolved,AI anomaly: prolonged inactivity 163 min,26.106025,91.587778,21,2026-08-30 09:22:55,2026-08-30 09:23:32,2026-08-30 09:41:12,2026-08-30 10:16:49
1298,366,sos,critical,resolved,"SOS triggered by Rahim Chowdhury: I cannot find my child, we were separated in the crowd.",26.181513,91.736644,7,2026-08-07 13:25:59,2026-08-07 13:27:24,2026-08-07 13:31:01,2026-08-07 13:39:41
1299,367,anomaly,high,resolved,AI anomaly: prolonged inactivity 61 min,26.147718,91.784625,3,2026-08-14 07:42:48,2026-08-14 07:44:24,2026-08-14 07:46:09,2026-08-14 08:07:41
1300,367,geofence,critical,resolved,Restricted-zone entry: Riverside Restricted Area,26.173019,91.762039,9,2026-08-14 08:56:12,2026-08-14 08:59:29,2026-08-14 09:02:14,2026-08-14 09:17:24
1301,367,anomaly,high,resolved,AI anomaly: prolonged inactivity 219 min,26.105999,91.585838,13,2026-08-15 10:20:30,2026-08-15 10:24:39,2026-08-15 10:26:45,2026-08-15 10:32:54
1302,368,anomaly,high,resolved,AI anomaly: prolonged inactivity 414 min,26.750269,94.202184,14,2026-08-22 13:40:25,2026-08-22 13:41:24,2026-08-22 13:42:34,2026-08-22 14:12:57
1303,368,anomaly,high,detected,AI anomaly: prolonged inactivity 68 min,26.750726,94.201935,,2026-08-24 08:01:07,,,
1304,368,anomaly,high,resolved,AI anomaly: prolonged inactivity 230 min,26.578654,93.172876,11,2026-08-25 10:38:15,2026-08-25 10:38:44,2026-08-25 10:40:21,2026-08-25 10:54:03
1305,368,geofence,critical,resolved,Restricted-zone entry: Kaziranga Core Zone,26.578654,93.172876,11,2026-08-25 10:38:15,2026-08-25 10:39:20,2026-08-25 10:39:53,2026-08-25 10:46:11
1306,368,anomaly,high,resolved,AI anomaly: prolonged inactivity 56 min,26.579993,93.172456,15,2026-08-26 07:29:39,2026-08-26 07:33:20,2026-08-26 07:34:07,2026-08-26 07:43:41
1307,368,anomaly,high,acknowledged,AI anomaly: prolonged inactivity 52 min,26.579628,93.172624,,2026-08-27 07:38:56,2026-08-27 07:40:01,,
1308,368,sos,critical,resolved,"SOS triggered by Priya Nath: I cannot find my child, we were separated in the crowd.",26.581252,93.174121,3,2026-08-25 15:43:01,2026-08-25 15:44:26,2026-08-25 15:47:58,2026-08-25 16:04:57
1309,369,anomaly,high,resolved,AI anomaly: prolonged inactivity 80 min,26.634851,92.799336,22,2026-09-01 07:52:08,2026-09-01 07:52:45,2026-09-01 07:57:22,2026-09-01 08:23:04
1310,369,anomaly,high,resolved,AI anomaly: prolonged inactivity 157 min,26.578774,93.172581,10,2026-09-02 09:17:48,2026-09-02 09:19:57,2026-09-02 09:23:32,2026-09-02 09:52:54
1311,369,geofence,critical,resolved,Restricted-zone entry: Kaziranga Core Zone,26.578774,93.172581,15,2026-09-02 09:17:48,2026-09-02 09:21:36,2026-09-02 09:24:31,2026-09-02 09:26:46
1312,369,anomaly,high,resolved,AI anomaly: prolonged inactivity 467 min,26.980944,94.642317,21,2026-09-04 14:27:30,2026-09-04 14:32:51,2026-09-04 14:33:23,2026-09-04 14:46:55
1313,369,anomaly,high,resolved,AI anomaly: prolonged inactivity 66 min,26.980328,94.642895,8,2026-09-05 07:54:49,2026-09-05 07:55:17,2026-09-05 07:57:37,2026-09-05 08:46:14
1314,370,anomaly,high,resolved,AI anomaly: prolonged inactivity 51 min,26.172557,91.755016,8,2026-08-20 07:27:46,2026-08-20 07:32:44,2026-08-20 07:33:13,2026-08-20 07:47:39
1315,370,anomaly,high,resolved,AI anomaly: prolonged inactivity 202 min,26.249475,91.51573,12,2026-08-21 09:52:05,2026-08-21 09:57:38,2026-08-21 09:58:53,2026-08-21 10:19:12
1316,370,anomaly,high,resolved,AI anomaly: prolonged inactivity 80 min,26.25099,91.515716,22,2026-08-22 07:59:31,2026-08-22 08:02:42,2026-08-22 08:06:05,2026-08-22 08:16:08
1317,370,anomaly,high,detected,AI anomaly: prolonged inactivity 197 min,26.367521,91.632199,,2026-08-23 10:11:35,,,
1318,370,anomaly,high,resolved,AI anomaly: prolonged inactivity 62 min,26.366631,91.632373,11,2026-08-24 07:51:53,2026-08-24 07:53:39,2026-08-24 07:55:36,2026-08-24 09:06:44
1319,371,anomaly,high,resolved,AI anomaly: prolonged inactivity 262 min,26.090344,91.591497,18,2026-09-05 10:54:42,2026-09-05 10:56:11,2026-09-05 10:57:30,2026-09-05 11:10:50
1320,373,anomaly,high,resolved,AI anomaly: prolonged inactivity 77 min,26.177825,91.751995,3,2026-08-12 07:56:49,2026-08-12 08:00:09,2026-08-12 08:22:26,2026-08-12 08:40:49
1321,373,anomaly,high,resolved,AI anomaly: prolonged inactivity 326 min,26.166777,91.568838,20,2026-08-13 12:16:53,2026-08-13 12:19:10,2026-08-13 12:20:28,2026-08-13 14:38:45
1322,374,anomaly,high,resolved,AI anomaly: prolonged inactivity 59 min,26.106793,91.586782,19,2026-08-06 07:53:29,2026-08-06 07:54:06,2026-08-06 07:54:48,2026-08-06 07:58:43
1323,374,anomaly,high,resolved,AI anomaly: prolonged inactivity 415 min,26.918883,92.878508,20,2026-08-08 13:31:37,2026-08-08 13:33:40,2026-08-08 13:37:14,2026-08-08 13:41:27
1324,374,anomaly,high,resolved,AI anomaly: prolonged inactivity 189 min,26.750743,94.203297,15,2026-08-10 09:54:14,2026-08-10 09:56:21,2026-08-10 09:58:19,2026-08-10 10:14:53
1325,374,anomaly,high,dispatched,AI anomaly: prolonged inactivity 364 min,26.98285,94.645095,1,2026-08-13 12:54:58,2026-08-13 13:02:06,2026-08-13 13:05:39,
1326,376,anomaly,high,resolved,AI anomaly: prolonged inactivity 79 min,25.637375,91.890799,21,2026-08-04 07:56:44,2026-08-04 07:57:07,2026-08-04 08:02:46,2026-08-04 08:27:51
1327,376,anomaly,high,resolved,AI anomaly: prolonged inactivity 57 min,25.597974,91.892988,8,2026-08-05 07:48:11,2026-08-05 07:49:26,2026-08-05 07:50:44,2026-08-05 08:06:38
1328,376,anomaly,high,resolved,AI anomaly: prolonged inactivity 372 min,26.184215,91.752554,5,2026-08-06 12:57:43,2026-08-06 12:58:52,2026-08-06 13:00:39,2026-08-06 13:20:08
1329,376,anomaly,high,resolved,AI anomaly: prolonged inactivity 63 min,25.27635,91.689246,3,2026-08-07 07:51:01,2026-08-07 07:57:07,2026-08-07 08:00:47,2026-08-07 08:07:17
1330,376,geofence,critical,resolved,Restricted-zone entry: Cherrapunji Cliff Edge,25.27635,91.689246,18,2026-08-07 07:51:01,2026-08-07 07:51:45,2026-08-07 07:52:48,2026-08-07 08:17:57
1331,377,geofence,critical,resolved,Restricted-zone entry: Kaziranga Core Zone,26.578198,93.170563,20,2026-08-29 08:04:10,2026-08-29 08:06:22,2026-08-29 08:08:59,2026-08-29 09:38:53
1332,377,anomaly,high,resolved,AI anomaly: prolonged inactivity 434 min,25.675559,94.107251,5,2026-08-31 14:08:39,2026-08-31 14:10:57,2026-08-31 14:14:16,2026-08-31 14:20:50
1333,377,anomaly,high,resolved,AI anomaly: prolonged inactivity 298 min,24.817877,93.936499,20,2026-09-01 11:28:24,2026-09-01 11:29:48,2026-09-01 11:31:42,2026-09-01 12:33:04
1334,377,anomaly,high,acknowledged,AI anomaly: prolonged inactivity 421 min,23.727641,92.718773,,2026-09-02 13:39:42,2026-09-02 13:43:11,,
1335,377,anomaly,high,resolved,AI anomaly: prolonged inactivity 70 min,23.728257,92.717984,2,2026-09-03 07:51:37,2026-09-03 07:52:08,2026-09-03 07:59:01,2026-09-03 08:09:46
1336,377,anomaly,high,resolved,AI anomaly: prolonged inactivity 348 min,23.829771,91.285963,10,2026-09-04 12:18:50,2026-09-04 12:23:48,2026-09-04 12:25:19,2026-09-04 12:30:25
1337,377,anomaly,high,resolved,AI anomaly: prolonged inactivity 271 min,26.107949,91.587365,6,2026-09-05 11:09:34,2026-09-05 11:10:09,2026-09-05 11:14:07,2026-09-05 11:28:12
1338,379,anomaly,high,resolved,AI anomaly: sudden location jump 61.7 km,26.127468,91.800613,19,2026-08-29 07:22:47,2026-08-29 07:27:25,2026-08-29 07:29:24,2026-08-29 07:50:43
1339,379,anomaly,high,resolved,AI anomaly: prolonged inactivity 78 min,25.578441,91.89251,8,2026-08-30 07:54:37,2026-08-30 07:54:53,2026-08-30 07:57:08,2026-08-30 08:09:05
1340,379,anomaly,high,resolved,AI anomaly: prolonged inactivity 254 min,25.275786,91.686469,4,2026-08-31 11:19:32,2026-08-31 11:31:12,2026-08-31 11:46:08,2026-08-31 11:59:34
1341,379,geofence,critical,dispatched,Restricted-zone entry: Cherrapunji Cliff Edge,25.275786,91.686469,5,2026-08-31 11:19:32,2026-08-31 11:23:51,2026-08-31 11:30:58,
1342,379,anomaly,high,dispatched,AI anomaly: prolonged inactivity 67 min,25.276035,91.68671,13,2026-09-01 07:50:47,2026-09-01 07:52:30,2026-09-01 07:56:19,
1343,379,anomaly,high,resolved,AI anomaly: prolonged inactivity 71 min,25.276424,91.68575,10,2026-09-02 07:48:54,2026-09-02 07:53:12,2026-09-02 07:54:06,2026-09-02 07:58:00
1344,379,anomaly,high,resolved,AI anomaly: prolonged inactivity 170 min,26.183576,91.753054,18,2026-09-03 09:47:31,2026-09-03 09:49:40,2026-09-03 09:51:03,2026-09-03 10:04:06
1345,379,anomaly,high,resolved,AI anomaly: prolonged inactivity 71 min,26.183285,91.752813,6,2026-09-04 07:49:58,2026-09-04 07:51:39,2026-09-04 07:53:18,2026-09-04 08:00:49
1346,380,anomaly,high,resolved,AI anomaly: prolonged inactivity 57 min,27.58753,91.860455,21,2026-08-19 07:47:03,2026-08-19 07:47:53,2026-08-19 07:48:31,2026-08-19 08:07:46
1347,380,anomaly,high,dispatched,AI anomaly: prolonged inactivity 158 min,26.634489,92.801704,19,2026-08-20 09:17:09,2026-08-20 09:19:31,2026-08-20 09:21:04,
1348,380,anomaly,high,dispatched,AI anomaly: prolonged inactivity 47 min,26.634961,92.801207,4,2026-08-21 07:42:07,2026-08-21 07:44:46,2026-08-21 07:46:18,
1349,380,anomaly,high,resolved,AI anomaly: prolonged inactivity 407 min,26.183271,91.748603,15,2026-08-22 13:25:27,2026-08-22 13:27:45,2026-08-22 13:29:25,2026-08-22 13:59:51
1350,380,anomaly,high,resolved,AI anomaly: prolonged inactivity 58 min,26.184249,91.748924,22,2026-08-23 07:36:37,2026-08-23 07:38:52,2026-08-23 07:40:44,2026-08-23 08:25:27
1351,380,anomaly,high,resolved,AI anomaly: prolonged inactivity 480 min,27.543842,93.831905,6,2026-08-25 14:48:38,2026-08-25 14:54:46,2026-08-25 14:55:35,2026-08-25 15:05:57
1352,380,anomaly,high,resolved,AI anomaly: prolonged inactivity 58 min,27.543469,93.830767,5,2026-08-26 07:30:18,2026-08-26 07:31:58,2026-08-26 07:33:22,2026-08-26 07:50:14
1353,381,anomaly,high,resolved,AI anomaly: prolonged inactivity 84 min,26.184674,91.752051,3,2026-08-22 07:56:35,2026-08-22 07:57:43,2026-08-22 08:01:49,2026-08-22 08:19:32
1354,381,anomaly,high,resolved,AI anomaly: prolonged inactivity 74 min,26.184431,91.751336,4,2026-08-23 07:50:01,2026-08-23 07:50:47,2026-08-23 07:55:48,2026-08-23 08:05:41
1355,381,anomaly,high,resolved,AI anomaly: prolonged inactivity 308 min,26.633399,92.800169,6,2026-08-26 12:00:34,2026-08-26 12:08:58,2026-08-26 12:10:06,2026-08-26 13:13:24
1356,381,anomaly,high,resolved,AI anomaly: prolonged inactivity 87 min,26.633412,92.799711,13,2026-08-28 08:00:51,2026-08-28 08:05:12,2026-08-28 08:15:49,2026-08-28 08:21:08
1357,381,anomaly,high,resolved,AI anomaly: prolonged inactivity 59 min,26.633034,92.799711,17,2026-08-29 07:44:52,2026-08-29 07:47:04,2026-08-29 07:49:10,2026-08-29 08:05:04
1358,381,anomaly,high,resolved,AI anomaly: prolonged inactivity 242 min,27.54574,93.832972,2,2026-08-31 10:45:09,2026-08-31 10:47:59,2026-08-31 10:49:52,2026-08-31 11:10:57
1359,381,anomaly,high,resolved,AI anomaly: prolonged inactivity 61 min,27.546035,93.833655,1,2026-09-01 07:52:08,2026-09-01 07:54:52,2026-09-01 07:57:10,2026-09-01 08:41:11
1360,381,anomaly,high,resolved,AI anomaly: prolonged inactivity 62 min,27.54632,93.832803,5,2026-09-02 07:38:57,2026-09-02 07:39:49,2026-09-02 07:42:31,2026-09-02 08:03:20
1361,382,anomaly,high,acknowledged,AI anomaly: prolonged inactivity 419 min,26.149354,91.787492,,2026-07-31 13:43:22,2026-07-31 13:43:31,,
1362,382,sos,critical,dispatched,"SOS triggered by Meera Bhattacharya: Someone snatched my bag and pushed me down, need police now.",26.181828,91.75023,19,2026-07-31 16:31:46,2026-07-31 16:35:51,2026-07-31 16:40:37,
1363,383,anomaly,high,resolved,AI anomaly: prolonged inactivity 49 min,26.18742,91.734321,20,2026-08-09 07:38:27,2026-08-09 07:40:57,2026-08-09 07:43:33,2026-08-09 07:49:42
1364,383,anomaly,high,resolved,AI anomaly: prolonged inactivity 473 min,25.279636,91.688774,4,2026-08-10 14:49:43,2026-08-10 14:50:55,2026-08-10 14:52:32,2026-08-10 14:55:01
1365,383,anomaly,high,resolved,AI anomaly: prolonged inactivity 50 min,26.365961,91.631955,21,2026-08-11 07:45:09,2026-08-11 07:46:13,2026-08-11 07:47:44,2026-08-11 07:58:33
1366,383,anomaly,high,dispatched,AI anomaly: prolonged inactivity 277 min,26.252513,91.515901,1,2026-08-12 11:21:08,2026-08-12 11:22:15,2026-08-12 11:27:24,
1367,384,anomaly,high,resolved,AI anomaly: prolonged inactivity 382 min,26.089198,91.589957,8,2026-08-07 13:19:01,2026-08-07 13:21:20,2026-08-07 13:24:15,2026-08-07 13:28:18
1368,384,anomaly,high,resolved,AI anomaly: prolonged inactivity 75 min,26.08979,91.590805,10,2026-08-08 07:58:44,2026-08-08 08:00:30,2026-08-08 08:03:31,2026-08-08 08:10:59
1369,384,anomaly,high,resolved,AI anomaly: prolonged inactivity 309 min,26.232177,92.083799,21,2026-08-09 11:49:51,2026-08-09 11:50:36,2026-08-09 11:54:05,2026-08-09 11:58:23
1370,385,anomaly,high,dispatched,AI anomaly: prolonged inactivity 896 min,26.173484,91.722145,17,2026-08-14 21:31:58,2026-08-14 21:32:40,2026-08-14 21:33:53,
1371,386,geofence,critical,resolved,Restricted-zone entry: Kaziranga Core Zone,26.57827,93.171446,10,2026-07-27 07:54:07,2026-07-27 07:54:17,2026-07-27 07:58:55,2026-07-27 08:27:25
1372,386,anomaly,high,resolved,AI anomaly: prolonged inactivity 54 min,26.579597,93.171486,8,2026-07-29 07:34:54,2026-07-29 07:35:34,2026-07-29 07:36:29,2026-07-29 07:40:41
1373,386,anomaly,high,resolved,AI anomaly: prolonged inactivity 338 min,25.675628,94.107718,1,2026-07-30 12:27:50,2026-07-30 12:28:58,2026-07-30 12:30:40,2026-07-30 12:44:54
1374,386,anomaly,high,resolved,AI anomaly: prolonged inactivity 146 min,24.819155,93.93619,4,2026-08-02 09:32:49,2026-08-02 09:34:52,2026-08-02 09:37:19,2026-08-02 10:31:37
1375,386,anomaly,high,resolved,AI anomaly: prolonged inactivity 54 min,24.819218,93.936038,22,2026-08-03 07:32:32,2026-08-03 07:34:51,2026-08-03 07:36:54,2026-08-03 09:04:33
1376,386,anomaly,high,dispatched,AI anomaly: prolonged inactivity 80 min,24.819174,93.935538,7,2026-08-04 07:56:03,2026-08-04 07:57:33,2026-08-04 08:00:17,
1377,386,anomaly,high,resolved,AI anomaly: prolonged inactivity 228 min,23.728493,92.716626,18,2026-08-05 10:33:07,2026-08-05 10:34:26,2026-08-05 10:35:26,2026-08-05 10:45:31
1378,386,anomaly,high,resolved,AI anomaly: prolonged inactivity 64 min,23.727991,92.717435,5,2026-08-06 07:50:43,2026-08-06 07:51:16,2026-08-06 07:53:06,2026-08-06 07:59:32
1379,386,anomaly,high,resolved,AI anomaly: prolonged inactivity 332 min,23.829507,91.286033,13,2026-08-08 12:25:31,2026-08-08 12:26:18,2026-08-08 12:36:39,2026-08-08 12:43:20
1380,386,anomaly,high,resolved,AI anomaly: prolonged inactivity 60 min,23.830916,91.285387,3,2026-08-09 07:43:46,2026-08-09 07:45:15,2026-08-09 07:46:42,2026-08-09 07:49:18
1381,386,anomaly,high,resolved,AI anomaly: prolonged inactivity 451 min,25.579011,91.894762,12,2026-08-11 14:23:50,2026-08-11 14:25:28,2026-08-11 14:28:41,2026-08-11 14:40:54
1382,386,anomaly,high,detected,AI anomaly: prolonged inactivity 67 min,25.578758,91.894372,,2026-08-12 07:38:34,,,
1383,386,anomaly,high,resolved,AI anomaly: prolonged inactivity 59 min,25.578853,91.89499,16,2026-08-13 07:43:53,2026-08-13 07:48:35,2026-08-13 07:52:22,2026-08-13 08:18:40
1384,387,anomaly,high,resolved,AI anomaly: prolonged inactivity 271 min,26.150194,91.663057,7,2026-07-25 11:01:31,2026-07-25 11:02:18,2026-07-25 11:03:59,2026-07-25 12:36:13
1385,387,geofence,critical,resolved,Restricted-zone entry: Deepor Beel Wetland Edge,26.12048,91.649411,7,2026-07-25 11:56:19,2026-07-25 11:58:21,2026-07-25 11:59:43,2026-07-25 12:18:21
1386,387,anomaly,high,resolved,AI anomaly: prolonged inactivity 265 min,26.17665,91.785001,13,2026-07-26 11:02:19,2026-07-26 11:02:56,2026-07-26 11:04:18,2026-07-26 11:11:06
1387,387,anomaly,high,resolved,AI anomaly: prolonged inactivity 247 min,26.233311,92.083374,22,2026-07-27 11:12:06,2026-07-27 11:15:26,2026-07-27 11:16:23,2026-07-27 11:25:51
1388,388,anomaly,high,dispatched,AI anomaly: prolonged inactivity 75 min,27.329984,88.615093,2,2026-08-20 07:59:13,2026-08-20 08:03:03,2026-08-20 08:05:42,
1389,388,anomaly,high,resolved,AI anomaly: prolonged inactivity 65 min,27.330087,88.61497,18,2026-08-21 07:40:17,2026-08-21 07:41:53,2026-08-21 07:45:38,2026-08-21 08:37:54
1390,388,anomaly,high,dispatched,AI anomaly: prolonged inactivity 401 min,26.107875,91.587088,1,2026-08-22 13:22:59,2026-08-22 13:24:31,2026-08-22 13:26:04,
1391,388,anomaly,high,resolved,AI anomaly: prolonged inactivity 66 min,26.107978,91.587173,12,2026-08-23 07:39:21,2026-08-23 07:41:08,2026-08-23 07:42:20,2026-08-23 07:54:18
1392,388,anomaly,high,resolved,AI anomaly: prolonged inactivity 52 min,26.107983,91.587384,17,2026-08-24 07:42:26,2026-08-24 07:43:32,2026-08-24 07:50:52,2026-08-24 08:44:32
1393,388,anomaly,high,resolved,AI anomaly: prolonged inactivity 196 min,26.576629,93.170583,14,2026-08-25 10:10:42,2026-08-25 10:11:10,2026-08-25 10:12:32,2026-08-25 10:24:34
1394,388,geofence,critical,detected,Restricted-zone entry: Kaziranga Core Zone,26.57791,93.170692,,2026-08-25 10:20:49,,,
1395,388,anomaly,high,dispatched,AI anomaly: prolonged inactivity 336 min,25.674044,94.107879,11,2026-08-27 12:06:02,2026-08-27 12:06:17,2026-08-27 12:11:55,
1396,388,anomaly,high,resolved,AI anomaly: prolonged inactivity 51 min,25.673985,94.107683,2,2026-08-28 07:45:23,2026-08-28 07:46:07,2026-08-28 07:49:55,2026-08-28 08:09:21
1397,388,anomaly,high,acknowledged,AI anomaly: prolonged inactivity 48 min,25.674533,94.108095,,2026-08-29 07:19:48,2026-08-29 07:21:11,,
1398,388,anomaly,high,resolved,AI anomaly: prolonged inactivity 150 min,23.832532,91.286224,11,2026-08-30 09:15:54,2026-08-30 09:20:03,2026-08-30 09:46:30,2026-08-30 09:52:18
1399,388,anomaly,high,resolved,AI anomaly: prolonged inactivity 64 min,23.832516,91.285985,11,2026-08-31 07:48:03,2026-08-31 07:48:40,2026-08-31 07:49:52,2026-08-31 08:28:47
1400,389,anomaly,high,acknowledged,AI anomaly: prolonged inactivity 45 min,26.104427,91.583594,,2026-08-13 07:27:41,2026-08-13 07:28:09,,
1401,389,anomaly,high,acknowledged,AI anomaly: prolonged inactivity 134 min,26.920938,92.881708,,2026-08-14 09:07:18,2026-08-14 09:07:53,,
1402,389,anomaly,high,dispatched,AI anomaly: prolonged inactivity 73 min,26.921489,92.880816,14,2026-08-15 07:58:48,2026-08-15 08:00:20,2026-08-15 08:16:14,
1403,389,anomaly,high,resolved,AI anomaly: prolonged inactivity 294 min,26.57601,93.169371,9,2026-08-16 11:40:42,2026-08-16 11:43:05,2026-08-16 11:58:21,2026-08-16 12:24:32
1404,389,geofence,critical,resolved,Restricted-zone entry: Kaziranga Core Zone,26.57851,93.169777,19,2026-08-16 11:45:28,2026-08-16 11:51:28,2026-08-16 11:53:20,2026-08-16 12:16:50
1405,389,anomaly,high,dispatched,AI anomaly: prolonged inactivity 55 min,26.576026,93.169724,19,2026-08-17 07:39:03,2026-08-17 07:40:18,2026-08-17 07:43:03,
1406,390,anomaly,high,detected,AI anomaly: prolonged inactivity 61 min,26.184091,91.744755,,2026-08-18 07:34:48,,,
1407,391,anomaly,high,resolved,AI anomaly: prolonged inactivity 337 min,26.164521,91.566533,17,2026-08-29 12:36:38,2026-08-29 12:39:30,2026-08-29 12:44:30,2026-08-29 12:58:39
1408,392,geofence,critical,resolved,Restricted-zone entry: Riverside Restricted Area,26.175139,91.777922,21,2026-08-13 07:17:55,2026-08-13 07:18:45,2026-08-13 07:20:37,2026-08-13 07:38:24
1409,392,anomaly,high,resolved,AI anomaly: prolonged inactivity 218 min,26.36661,91.634062,8,2026-08-15 10:27:48,2026-08-15 10:29:03,2026-08-15 10:29:20,2026-08-15 10:40:37
1410,394,anomaly,high,resolved,AI anomaly: prolonged inactivity 239 min,26.105503,91.583723,15,2026-08-07 10:44:10,2026-08-07 10:45:19,2026-08-07 10:45:36,2026-08-07 10:48:25
1411,395,anomaly,high,resolved,AI anomaly: prolonged inactivity 50 min,26.185068,91.747777,10,2026-08-13 07:32:38,2026-08-13 07:35:03,2026-08-13 07:37:07,2026-08-13 07:48:34
1412,395,anomaly,high,resolved,AI anomaly: prolonged inactivity 155 min,26.166616,91.567612,10,2026-08-14 09:28:53,2026-08-14 09:31:29,2026-08-14 09:47:22,2026-08-14 09:54:50
1413,396,anomaly,high,resolved,AI anomaly: prolonged inactivity 54 min,27.55787,91.844203,7,2026-07-28 07:25:42,2026-07-28 07:29:14,2026-07-28 07:33:05,2026-07-28 07:48:11
1414,396,anomaly,high,resolved,AI anomaly: prolonged inactivity 286 min,23.725227,92.715804,1,2026-07-30 11:30:19,2026-07-30 11:32:34,2026-07-30 11:37:40,2026-07-30 11:43:17
1415,396,anomaly,high,resolved,AI anomaly: prolonged inactivity 148 min,25.577164,91.891697,18,2026-08-02 09:28:02,2026-08-02 09:29:30,2026-08-02 09:29:47,2026-08-02 09:46:46
1416,396,anomaly,high,detected,AI anomaly: prolonged inactivity 57 min,25.57731,91.892564,,2026-08-03 07:28:54,,,
1417,396,anomaly,high,dispatched,AI anomaly: prolonged inactivity 295 min,26.104212,91.585753,10,2026-08-04 11:44:13,2026-08-04 11:44:59,2026-08-04 11:47:56,
1418,396,anomaly,high,detected,AI anomaly: prolonged inactivity 67 min,26.104031,91.58666,,2026-08-05 07:44:36,,,
1419,396,anomaly,high,resolved,AI anomaly: prolonged inactivity 57 min,26.104261,91.586423,14,2026-08-06 07:36:47,2026-08-06 07:39:26,2026-08-06 07:43:37,2026-08-06 08:15:36
1420,396,anomaly,high,dispatched,AI anomaly: prolonged inactivity 329 min,26.578356,93.169411,10,2026-08-07 12:01:27,2026-08-07 12:01:59,2026-08-07 12:05:24,
1421,396,geofence,critical,resolved,Restricted-zone entry: Kaziranga Core Zone,26.576895,93.171489,3,2026-08-07 12:26:25,2026-08-07 12:26:57,2026-08-07 12:27:12,2026-08-07 12:32:35
1422,396,anomaly,high,resolved,AI anomaly: prolonged inactivity 45 min,26.578149,93.16964,17,2026-08-08 07:18:33,2026-08-08 07:19:44,2026-08-08 07:20:56,2026-08-08 07:41:12
1423,396,anomaly,high,resolved,AI anomaly: prolonged inactivity 358 min,27.329488,88.613088,12,2026-08-10 12:47:45,2026-08-10 12:55:57,2026-08-10 13:00:01,2026-08-10 13:45:24
1424,398,anomaly,high,resolved,AI anomaly: prolonged inactivity 428 min,26.177343,91.785774,20,2026-08-17 13:55:18,2026-08-17 13:56:32,2026-08-17 13:59:35,2026-08-17 14:04:12
1425,399,anomaly,high,resolved,AI anomaly: prolonged inactivity 223 min,26.165974,91.566704,21,2026-07-30 10:29:40,2026-07-30 10:29:58,2026-07-30 10:37:04,2026-07-30 10:51:03
1426,400,anomaly,high,resolved,AI anomaly: prolonged inactivity 49 min,26.107027,91.585227,4,2026-08-15 07:54:05,2026-08-15 07:57:08,2026-08-15 07:58:52,2026-08-15 09:09:19
1427,400,anomaly,high,resolved,AI anomaly: prolonged inactivity 58 min,26.107142,91.584462,12,2026-08-16 07:40:25,2026-08-16 07:41:33,2026-08-16 07:44:02,2026-08-16 08:14:52
1428,400,anomaly,high,resolved,AI anomaly: prolonged inactivity 366 min,26.576672,93.169157,13,2026-08-17 13:07:46,2026-08-17 13:09:02,2026-08-17 13:10:15,2026-08-17 13:26:01
1429,400,geofence,critical,resolved,Restricted-zone entry: Kaziranga Core Zone,26.575961,93.169992,9,2026-08-17 13:27:54,2026-08-17 13:29:38,2026-08-17 13:40:58,2026-08-17 14:20:22
1430,400,anomaly,high,resolved,AI anomaly: prolonged inactivity 61 min,26.576677,93.169392,8,2026-08-18 07:50:04,2026-08-18 07:51:28,2026-08-18 07:51:57,2026-08-18 08:02:46
1431,400,anomaly,high,resolved,AI anomaly: prolonged inactivity 266 min,26.950685,94.169399,8,2026-08-20 11:21:00,2026-08-20 11:25:36,2026-08-20 11:28:35,2026-08-20 11:56:58
1432,401,anomaly,high,resolved,AI anomaly: prolonged inactivity 303 min,26.142005,91.795004,11,2026-07-30 11:42:52,2026-07-30 11:44:55,2026-07-30 11:47:17,2026-07-30 11:52:20
1433,402,anomaly,high,acknowledged,AI anomaly: prolonged inactivity 58 min,26.145085,91.794157,,2026-09-03 07:51:41,2026-09-03 07:53:56,,
1434,402,anomaly,high,resolved,AI anomaly: prolonged inactivity 359 min,26.106454,91.586797,11,2026-09-04 12:31:40,2026-09-04 12:42:31,2026-09-04 12:46:49,2026-09-04 14:15:43
1435,403,missing_person,critical,resolved,Kabir Verma has not reported a location for over 6 hours,26.149924,91.778461,3,2026-08-22 06:46:06,2026-08-22 06:49:22,2026-08-22 06:51:50,2026-08-22 07:53:45
1436,404,anomaly,high,acknowledged,AI anomaly: prolonged inactivity 48 min,26.635088,92.799368,,2026-08-28 07:20:52,2026-08-28 07:31:25,,
1437,404,anomaly,high,resolved,AI anomaly: prolonged inactivity 231 min,26.184016,91.75013,21,2026-08-30 10:24:00,2026-08-30 10:25:22,2026-08-30 10:30:30,2026-08-30 10:44:01
1438,404,anomaly,high,dispatched,AI anomaly: prolonged inactivity 77 min,26.184355,91.75033,3,2026-08-31 08:01:58,2026-08-31 08:02:10,2026-08-31 08:03:57,
1439,404,anomaly,high,resolved,AI anomaly: prolonged inactivity 477 min,27.586552,91.860549,10,2026-09-01 14:51:38,2026-09-01 14:54:46,2026-09-01 15:00:43,2026-09-01 15:13:57
1440,404,anomaly,high,resolved,AI anomaly: prolonged inactivity 63 min,27.58695,91.861001,19,2026-09-03 07:42:54,2026-09-03 07:43:20,2026-09-03 07:47:41,2026-09-03 08:19:02
1441,404,anomaly,high,resolved,AI anomaly: prolonged inactivity 151 min,27.544585,93.83394,8,2026-09-04 09:32:50,2026-09-04 09:33:31,2026-09-04 09:36:07,2026-09-04 09:52:59
1442,404,anomaly,high,resolved,AI anomaly: prolonged inactivity 64 min,27.545248,93.833777,9,2026-09-05 08:00:40,2026-09-05 08:01:19,2026-09-05 08:03:02,2026-09-05 08:36:53
1443,406,anomaly,high,resolved,AI anomaly: prolonged inactivity 51 min,25.655387,91.887388,1,2026-07-27 07:32:38,2026-07-27 07:33:45,2026-07-27 07:35:32,2026-07-27 10:07:08
1444,406,anomaly,high,resolved,AI anomaly: prolonged inactivity 52 min,25.655854,91.887564,7,2026-07-28 07:27:32,2026-07-28 07:29:31,2026-07-28 07:33:07,2026-07-28 07:36:12
1445,406,anomaly,high,resolved,AI anomaly: prolonged inactivity 358 min,25.198501,91.917422,16,2026-07-29 12:37:08,2026-07-29 12:39:29,2026-07-29 12:44:57,2026-07-29 13:54:56
1446,406,anomaly,high,resolved,AI anomaly: prolonged inactivity 74 min,25.198504,91.916953,5,2026-07-30 07:44:36,2026-07-30 07:45:59,2026-07-30 07:47:21,2026-07-30 08:10:33
1447,406,anomaly,high,resolved,AI anomaly: prolonged inactivity 436 min,26.184354,91.749506,13,2026-08-01 14:06:06,2026-08-01 14:07:04,2026-08-01 14:07:34,2026-08-01 14:34:39
1448,406,anomaly,high,resolved,AI anomaly: prolonged inactivity 75 min,26.184047,91.750141,21,2026-08-02 07:49:36,2026-08-02 07:51:22,2026-08-02 07:59:13,2026-08-02 08:33:24
1449,407,anomaly,high,resolved,AI anomaly: prolonged inactivity 76 min,26.184528,91.749632,11,2026-08-17 07:49:21,2026-08-17 07:49:39,2026-08-17 07:53:31,2026-08-17 08:12:20
1450,407,anomaly,high,dispatched,AI anomaly: prolonged inactivity 78 min,26.183641,91.748871,15,2026-08-18 08:00:44,2026-08-18 08:02:22,2026-08-18 08:02:47,
1451,407,anomaly,high,resolved,AI anomaly: prolonged inactivity 288 min,26.633677,92.799975,8,2026-08-20 11:38:26,2026-08-20 11:45:25,2026-08-20 11:50:23,2026-08-20 12:14:01
1452,407,anomaly,high,resolved,AI anomaly: prolonged inactivity 83 min,26.633758,92.799971,1,2026-08-22 07:53:31,2026-08-22 07:54:35,2026-08-22 08:10:33,2026-08-22 08:32:25
1453,407,anomaly,high,resolved,AI anomaly: prolonged inactivity 463 min,27.586631,91.858337,21,2026-08-23 14:29:40,2026-08-23 14:30:29,2026-08-23 14:32:25,2026-08-23 14:46:31
1454,407,anomaly,high,resolved,AI anomaly: prolonged inactivity 143 min,27.545511,93.832479,21,2026-08-26 09:13:27,2026-08-26 09:14:56,2026-08-26 09:19:48,2026-08-26 09:46:03
1455,407,anomaly,high,resolved,AI anomaly: prolonged inactivity 78 min,27.544679,93.832104,9,2026-08-27 07:56:36,2026-08-27 07:58:59,2026-08-27 08:00:05,2026-08-27 08:03:32
1456,407,anomaly,high,resolved,AI anomaly: prolonged inactivity 81 min,27.544762,93.832142,21,2026-08-28 08:01:31,2026-08-28 08:02:32,2026-08-28 08:05:01,2026-08-28 08:18:52
1457,408,geofence,critical,resolved,Restricted-zone entry: Riverside Restricted Area,26.172246,91.764879,22,2026-07-23 10:39:56,2026-07-23 10:43:04,2026-07-23 10:44:57,2026-07-23 11:21:10
1458,410,anomaly,high,acknowledged,AI anomaly: prolonged inactivity 211 min,26.16594,91.565525,,2026-09-02 10:16:42,2026-09-02 10:19:47,,
1459,411,geofence,critical,resolved,Restricted-zone entry: Riverside Restricted Area,26.185948,91.763145,1,2026-08-17 08:46:03,2026-08-17 08:47:51,2026-08-17 08:48:54,2026-08-17 09:20:37
1460,411,anomaly,high,detected,AI anomaly: prolonged inactivity 77 min,26.180395,91.759653,,2026-08-18 07:50:55,,,
1461,411,anomaly,high,resolved,AI anomaly: prolonged inactivity 46 min,26.121156,91.813583,10,2026-08-20 07:28:37,2026-08-20 07:29:02,2026-08-20 07:45:44,2026-08-20 08:02:41
1462,412,anomaly,high,resolved,AI anomaly: prolonged inactivity 451 min,26.23504,92.084034,21,2026-07-29 14:18:48,2026-07-29 14:25:36,2026-07-29 14:27:26,2026-07-29 14:48:40
1463,413,geofence,critical,resolved,Restricted-zone entry: Riverside Restricted Area,26.185686,91.762455,7,2026-08-11 00:05:48,2026-08-11 00:07:01,2026-08-11 00:12:02,2026-08-11 00:21:27
1464,413,anomaly,high,resolved,AI anomaly: prolonged inactivity 892 min,26.170364,91.776034,2,2026-08-11 21:30:23,2026-08-11 21:31:51,2026-08-11 21:35:27,2026-08-11 22:31:49
1465,413,anomaly,high,resolved,AI anomaly: prolonged inactivity 1305 min,26.252313,91.518828,3,2026-08-13 04:19:01,2026-08-13 04:19:37,2026-08-13 04:21:46,2026-08-13 04:34:18
1466,413,anomaly,high,dispatched,AI anomaly: prolonged inactivity 1180 min,26.368191,91.635706,15,2026-08-15 02:14:51,2026-08-15 02:19:43,2026-08-15 02:20:57,
1467,414,anomaly,high,acknowledged,AI anomaly: prolonged inactivity 233 min,26.096136,91.604592,,2026-08-06 10:46:08,2026-08-06 10:47:47,,
1468,414,geofence,critical,resolved,Restricted-zone entry: Deepor Beel Wetland Edge,26.120857,91.650462,15,2026-08-06 11:43:11,2026-08-06 12:09:21,2026-08-06 12:10:23,2026-08-06 12:13:31
1469,414,anomaly,high,resolved,AI anomaly: prolonged inactivity 470 min,26.234046,92.082352,12,2026-08-07 14:51:24,2026-08-07 14:55:57,2026-08-07 14:59:20,2026-08-07 15:06:16
1470,415,anomaly,high,resolved,AI anomaly: prolonged inactivity 53 min,26.181841,91.753266,5,2026-07-26 07:39:02,2026-07-26 07:42:07,2026-07-26 07:42:34,2026-07-26 07:50:01
1471,417,anomaly,high,dispatched,AI anomaly: prolonged inactivity 48 min,26.167278,91.566601,5,2026-08-22 07:34:21,2026-08-22 07:35:22,2026-08-22 07:38:15,
1472,417,anomaly,high,resolved,AI anomaly: prolonged inactivity 328 min,26.177513,91.752388,9,2026-08-23 12:04:03,2026-08-23 12:04:53,2026-08-23 12:06:28,2026-08-23 12:14:08
1473,417,geofence,critical,resolved,Restricted-zone entry: Riverside Restricted Area,26.173511,91.762229,22,2026-08-23 16:07:57,2026-08-23 16:13:16,2026-08-23 16:14:04,2026-08-23 16:21:07
1474,417,anomaly,high,resolved,AI anomaly: prolonged inactivity 48 min,26.158522,91.783865,12,2026-08-24 07:47:08,2026-08-24 07:48:33,2026-08-24 07:51:02,2026-08-24 08:37:03
1475,418,anomaly,high,resolved,AI anomaly: prolonged inactivity 73 min,26.187197,91.758365,4,2026-08-05 07:54:36,2026-08-05 07:56:08,2026-08-05 07:56:37,2026-08-05 08:30:46
1476,418,geofence,critical,resolved,Restricted-zone entry: Riverside Restricted Area,26.186317,91.762275,11,2026-08-05 08:53:25,2026-08-05 08:54:44,2026-08-05 08:56:37,2026-08-05 09:08:41
1477,419,anomaly,high,detected,AI anomaly: prolonged inactivity 81 min,27.543254,93.830856,,2026-08-12 08:05:35,,,
1478,419,anomaly,high,resolved,AI anomaly: prolonged inactivity 159 min,26.632994,92.800932,9,2026-08-13 09:23:55,2026-08-13 09:24:29,2026-08-13 09:24:52,2026-08-13 09:59:34
1479,419,anomaly,high,resolved,AI anomaly: prolonged inactivity 68 min,26.633293,92.800067,1,2026-08-14 07:43:01,2026-08-14 07:43:51,2026-08-14 07:44:37,2026-08-14 08:41:03
1480,419,anomaly,high,dispatched,AI anomaly: prolonged inactivity 449 min,26.184864,91.750634,16,2026-08-15 14:29:23,2026-08-15 14:30:27,2026-08-15 14:30:56,
1481,419,anomaly,high,resolved,AI anomaly: prolonged inactivity 52 min,26.184113,91.751151,15,2026-08-16 07:31:17,2026-08-16 07:32:09,2026-08-16 07:33:09,2026-08-16 08:02:45
1482,419,anomaly,high,resolved,AI anomaly: prolonged inactivity 454 min,27.587977,91.858397,4,2026-08-17 14:24:48,2026-08-17 14:26:18,2026-08-17 14:28:55,2026-08-17 17:00:27
1483,419,anomaly,high,resolved,AI anomaly: prolonged inactivity 74 min,27.587858,91.859025,12,2026-08-18 08:01:27,2026-08-18 08:03:42,2026-08-18 08:05:33,2026-08-18 08:26:48
1484,420,anomaly,high,resolved,AI anomaly: prolonged inactivity 165 min,26.950603,94.171373,22,2026-08-03 09:24:28,2026-08-03 09:29:00,2026-08-03 09:30:55,2026-08-03 10:10:56
1485,420,anomaly,high,dispatched,AI anomaly: prolonged inactivity 353 min,26.982753,94.640563,22,2026-08-05 12:50:11,2026-08-05 12:55:36,2026-08-05 12:56:09,
1486,420,anomaly,high,resolved,AI anomaly: prolonged inactivity 353 min,26.576709,93.169957,13,2026-08-07 12:31:00,2026-08-07 12:33:23,2026-08-07 12:35:38,2026-08-07 13:01:08
1487,420,geofence,critical,resolved,Restricted-zone entry: Kaziranga Core Zone,26.577291,93.170846,9,2026-08-07 12:37:45,2026-08-07 12:43:15,2026-08-07 12:44:58,2026-08-07 12:56:51
1488,420,anomaly,high,resolved,AI anomaly: prolonged inactivity 65 min,26.576154,93.169613,3,2026-08-08 07:44:41,2026-08-08 07:45:40,2026-08-08 07:55:20,2026-08-08 08:22:54
1489,420,anomaly,high,resolved,AI anomaly: prolonged inactivity 321 min,26.634845,92.798976,19,2026-08-09 12:06:17,2026-08-09 12:12:01,2026-08-09 12:13:21,2026-08-09 13:05:02
1490,420,anomaly,high,dispatched,AI anomaly: prolonged inactivity 61 min,26.635985,92.798246,11,2026-08-10 07:48:42,2026-08-10 07:52:49,2026-08-10 07:56:25,
1491,420,anomaly,high,dispatched,AI anomaly: prolonged inactivity 394 min,26.057298,91.549989,3,2026-08-11 13:06:22,2026-08-11 13:08:53,2026-08-11 13:10:30,
1492,421,geofence,critical,acknowledged,Restricted-zone entry: Deepor Beel Wetland Edge,26.118748,91.648673,,2026-08-21 07:59:59,2026-08-21 08:04:43,,
1493,421,anomaly,high,resolved,AI anomaly: prolonged inactivity 491 min,26.234297,92.085062,12,2026-08-22 15:03:23,2026-08-22 15:04:24,2026-08-22 15:06:30,2026-08-22 15:36:10
1494,423,anomaly,high,resolved,AI anomaly: prolonged inactivity 51 min,26.18398,91.751353,19,2026-08-19 07:23:55,2026-08-19 07:24:37,2026-08-19 07:26:22,2026-08-19 07:41:49
1495,423,anomaly,high,resolved,AI anomaly: prolonged inactivity 230 min,25.292055,91.678728,11,2026-08-20 10:26:48,2026-08-20 10:29:00,2026-08-20 10:30:42,2026-08-20 10:41:42
1496,423,anomaly,high,resolved,AI anomaly: prolonged inactivity 466 min,26.136397,91.803475,17,2026-08-22 14:23:43,2026-08-22 14:25:45,2026-08-22 14:28:18,2026-08-22 14:40:50
1497,423,geofence,critical,dispatched,Restricted-zone entry: Dawki Border Belt,25.189939,92.0186,16,2026-08-22 14:44:52,2026-08-22 14:46:57,2026-08-22 14:50:18,
1498,424,anomaly,high,resolved,AI anomaly: prolonged inactivity 72 min,24.81578,93.938094,22,2026-08-01 07:42:33,2026-08-01 07:42:47,2026-08-01 07:43:59,2026-08-01 08:15:34
1499,424,anomaly,high,resolved,AI anomaly: prolonged inactivity 70 min,24.815006,93.937841,10,2026-08-02 08:01:19,2026-08-02 08:02:12,2026-08-02 08:04:38,2026-08-02 08:38:53
1500,424,anomaly,high,dispatched,AI anomaly: prolonged inactivity 76 min,24.815587,93.937544,16,2026-08-04 07:49:10,2026-08-04 07:53:52,2026-08-04 07:57:38,
1501,424,anomaly,high,resolved,AI anomaly: prolonged inactivity 346 min,25.579104,91.891541,2,2026-08-05 12:24:06,2026-08-05 12:25:42,2026-08-05 12:29:51,2026-08-05 12:43:23
1502,424,anomaly,high,resolved,AI anomaly: prolonged inactivity 48 min,25.578326,91.891896,22,2026-08-06 07:33:44,2026-08-06 07:34:19,2026-08-06 07:35:32,2026-08-06 07:42:03
1503,424,anomaly,high,resolved,AI anomaly: prolonged inactivity 50 min,25.578813,91.891202,17,2026-08-07 07:33:56,2026-08-07 07:34:47,2026-08-07 07:40:17,2026-08-07 07:47:34
1504,424,anomaly,high,resolved,AI anomaly: prolonged inactivity 65 min,25.57898,91.890897,15,2026-08-08 08:03:44,2026-08-08 08:04:38,2026-08-08 08:09:26,2026-08-08 08:16:33
1505,424,anomaly,high,dispatched,AI anomaly: prolonged inactivity 58 min,25.578849,91.892111,17,2026-08-09 08:05:31,2026-08-09 08:13:39,2026-08-09 08:15:43,
1506,424,anomaly,high,dispatched,AI anomaly: prolonged inactivity 85 min,25.57891,91.891739,5,2026-08-10 07:57:51,2026-08-10 07:59:46,2026-08-10 08:00:34,
1507,424,anomaly,high,resolved,AI anomaly: prolonged inactivity 254 min,27.332674,88.612973,1,2026-08-11 11:16:10,2026-08-11 11:17:36,2026-08-11 11:20:24,2026-08-11 11:28:05
1508,424,anomaly,high,resolved,AI anomaly: prolonged inactivity 78 min,27.332441,88.612436,9,2026-08-14 07:48:30,2026-08-14 07:49:45,2026-08-14 07:50:53,2026-08-14 09:34:37
1509,424,anomaly,high,resolved,AI anomaly: prolonged inactivity 76 min,27.332807,88.612306,20,2026-08-15 07:59:59,2026-08-15 08:02:08,2026-08-15 08:03:18,2026-08-15 08:06:45
1510,424,sos,critical,resolved,"SOS triggered by Kabir Ghosh: Someone snatched my bag and pushed me down, need police now.",27.33313,88.611718,4,2026-08-11 22:31:08,2026-08-11 22:32:17,2026-08-11 22:33:07,2026-08-11 22:43:41
1511,425,geofence,critical,resolved,Restricted-zone entry: Deepor Beel Wetland Edge,26.119795,91.65114,14,2026-08-30 10:05:16,2026-08-30 10:07:27,2026-08-30 10:08:52,2026-08-30 10:13:57
1512,425,anomaly,high,resolved,AI anomaly: prolonged inactivity 82 min,26.098466,91.604213,3,2026-08-31 07:57:37,2026-08-31 07:57:55,2026-08-31 08:00:28,2026-08-31 08:18:08
1513,425,anomaly,high,resolved,AI anomaly: prolonged inactivity 302 min,26.175938,91.787226,17,2026-09-01 11:33:42,2026-09-01 11:35:44,2026-09-01 11:38:31,2026-09-01 12:22:03
1514,425,anomaly,high,resolved,AI anomaly: prolonged inactivity 275 min,26.234949,92.08332,21,2026-09-02 11:26:00,2026-09-02 11:28:44,2026-09-02 11:29:21,2026-09-02 11:33:46
1515,425,anomaly,high,resolved,AI anomaly: prolonged inactivity 260 min,25.934943,91.435949,18,2026-09-03 11:00:25,2026-09-03 11:02:47,2026-09-03 11:05:31,2026-09-03 11:14:43
1516,426,anomaly,high,resolved,AI anomaly: prolonged inactivity 76 min,27.545512,93.831716,18,2026-08-02 07:54:18,2026-08-02 07:58:50,2026-08-02 07:59:11,2026-08-02 08:07:55
1517,426,anomaly,high,resolved,AI anomaly: prolonged inactivity 64 min,26.158244,91.747033,12,2026-08-03 07:51:27,2026-08-03 07:52:35,2026-08-03 07:55:07,2026-08-03 07:57:28
1518,426,anomaly,high,resolved,AI anomaly: prolonged inactivity 333 min,26.635123,92.800935,19,2026-08-04 12:12:27,2026-08-04 12:13:36,2026-08-04 12:14:04,2026-08-04 12:18:56
1519,426,anomaly,high,dispatched,AI anomaly: prolonged inactivity 480 min,26.184214,91.749348,2,2026-08-06 14:41:30,2026-08-06 14:42:46,2026-08-06 14:49:29,
1520,426,anomaly,high,resolved,AI anomaly: prolonged inactivity 64 min,26.184139,91.749622,10,2026-08-07 08:04:21,2026-08-07 08:05:26,2026-08-07 08:15:30,2026-08-07 08:19:17
1521,426,anomaly,high,resolved,AI anomaly: prolonged inactivity 82 min,26.184398,91.749133,17,2026-08-08 08:02:52,2026-08-08 08:03:18,2026-08-08 08:07:09,2026-08-08 08:26:47
1522,426,anomaly,high,dispatched,AI anomaly: prolonged inactivity 278 min,27.588324,91.861253,14,2026-08-09 11:24:36,2026-08-09 11:27:42,2026-08-09 11:30:22,
1523,426,anomaly,high,resolved,AI anomaly: prolonged inactivity 76 min,27.587715,91.861237,4,2026-08-10 07:56:09,2026-08-10 07:57:03,2026-08-10 07:58:08,2026-08-10 08:29:32
1524,427,geofence,critical,dispatched,Restricted-zone entry: Riverside Restricted Area,26.185589,91.763382,6,2026-09-02 08:55:27,2026-09-02 08:57:45,2026-09-02 09:06:56,
1525,427,anomaly,high,resolved,AI anomaly: prolonged inactivity 46 min,26.186898,91.748387,10,2026-09-03 07:30:50,2026-09-03 07:32:28,2026-09-03 07:35:00,2026-09-03 08:02:21
1526,428,anomaly,high,dispatched,AI anomaly: prolonged inactivity 309 min,26.750652,94.204879,14,2026-08-30 11:47:12,2026-08-30 11:50:14,2026-08-30 11:51:30,
1527,428,anomaly,high,dispatched,AI anomaly: prolonged inactivity 159 min,26.57709,93.171115,14,2026-09-01 09:21:50,2026-09-01 09:22:17,2026-09-01 09:24:59,
1528,428,geofence,critical,dispatched,Restricted-zone entry: Kaziranga Core Zone,26.57709,93.171115,7,2026-09-01 09:21:50,2026-09-01 09:22:08,2026-09-01 09:23:16,
1529,428,anomaly,high,resolved,AI anomaly: prolonged inactivity 162 min,26.922269,92.880228,21,2026-09-03 09:14:55,2026-09-03 09:16:13,2026-09-03 09:16:52,2026-09-03 10:13:32
1530,428,anomaly,high,resolved,AI anomaly: prolonged inactivity 324 min,26.104253,91.585994,1,2026-09-05 12:08:08,2026-09-05 12:09:25,2026-09-05 12:11:30,2026-09-05 12:42:57
1531,429,geofence,critical,resolved,Restricted-zone entry: Kaziranga Core Zone,26.577379,93.170665,6,2026-08-04 08:00:05,2026-08-04 08:03:01,2026-08-04 08:10:35,2026-08-04 08:15:32
1532,429,anomaly,high,resolved,AI anomaly: prolonged inactivity 89 min,26.578713,93.172664,8,2026-08-05 08:10:12,2026-08-05 08:10:49,2026-08-05 08:15:17,2026-08-05 08:19:04
1533,429,anomaly,high,dispatched,AI anomaly: prolonged inactivity 484 min,26.920648,92.88061,21,2026-08-06 14:50:09,2026-08-06 14:53:53,2026-08-06 15:10:23,
1534,429,anomaly,high,resolved,AI anomaly: prolonged inactivity 450 min,26.950338,94.1714,21,2026-08-07 14:28:51,2026-08-07 14:31:18,2026-08-07 14:33:06,2026-08-07 14:51:26
1535,429,anomaly,high,dispatched,AI anomaly: prolonged inactivity 143 min,26.106828,91.584771,7,2026-08-09 09:09:44,2026-08-09 09:11:10,2026-08-09 09:22:13,
1536,430,anomaly,high,resolved,AI anomaly: prolonged inactivity 224 min,25.19208,91.987934,4,2026-08-05 10:35:08,2026-08-05 10:36:20,2026-08-05 10:38:12,2026-08-05 10:46:02
1537,430,geofence,critical,dispatched,Restricted-zone entry: Dawki Border Belt,25.19082,92.02027,8,2026-08-05 10:44:14,2026-08-05 10:45:25,2026-08-05 10:46:11,
1538,430,anomaly,high,resolved,AI anomaly: prolonged inactivity 46 min,26.120067,91.657493,6,2026-08-06 07:47:41,2026-08-06 07:48:27,2026-08-06 07:48:52,2026-08-06 07:53:42
1539,430,anomaly,high,detected,AI anomaly: prolonged inactivity 190 min,25.657432,91.887381,,2026-08-07 09:51:36,,,
1540,430,anomaly,high,resolved,AI anomaly: prolonged inactivity 348 min,26.183771,91.753425,8,2026-08-09 12:44:51,2026-08-09 12:47:48,2026-08-09 12:48:28,2026-08-09 13:02:53
1541,431,anomaly,high,resolved,AI anomaly: prolonged inactivity 341 min,26.249843,91.518351,17,2026-08-03 12:32:42,2026-08-03 12:36:22,2026-08-03 12:38:05,2026-08-03 12:47:28
1542,431,anomaly,high,resolved,AI anomaly: prolonged inactivity 149 min,26.368531,91.63223,11,2026-08-04 09:33:21,2026-08-04 09:34:54,2026-08-04 09:39:43,2026-08-04 10:04:24
1543,431,sos,critical,resolved,"SOS triggered by Gitanjali Kalita: Stuck on the cliff edge, the path collapsed behind me.",26.367682,91.632329,15,2026-08-04 10:06:05,2026-08-04 10:09:17,2026-08-04 10:10:00,2026-08-04 10:25:22
1544,432,anomaly,high,resolved,AI anomaly: prolonged inactivity 224 min,26.168326,91.567519,19,2026-09-03 10:16:39,2026-09-03 10:18:14,2026-09-03 10:25:00,2026-09-03 10:26:35
1545,433,anomaly,high,acknowledged,AI anomaly: prolonged inactivity 504 min,26.14631,91.792709,,2026-08-02 15:03:02,2026-08-02 15:04:26,,
1546,434,anomaly,high,resolved,AI anomaly: prolonged inactivity 60 min,26.105385,91.584286,20,2026-08-24 07:37:33,2026-08-24 07:39:01,2026-08-24 07:46:29,2026-08-24 08:08:23
1547,434,anomaly,high,resolved,AI anomaly: prolonged inactivity 73 min,26.104619,91.584286,17,2026-08-25 07:53:40,2026-08-25 07:55:41,2026-08-25 07:57:22,2026-08-25 08:22:44
1548,434,anomaly,high,resolved,AI anomaly: prolonged inactivity 61 min,26.105124,91.584435,2,2026-08-26 08:01:57,2026-08-26 08:02:26,2026-08-26 08:31:08,2026-08-26 08:42:21
1549,434,anomaly,high,resolved,AI anomaly: prolonged inactivity 298 min,26.578064,93.172016,1,2026-08-27 11:29:45,2026-08-27 11:33:18,2026-08-27 11:35:09,2026-08-27 11:58:17
1550,434,geofence,critical,resolved,Restricted-zone entry: Kaziranga Core Zone,26.578064,93.172016,16,2026-08-27 11:29:45,2026-08-27 11:30:42,2026-08-27 11:31:02,2026-08-27 11:35:13
1551,434,anomaly,high,resolved,AI anomaly: prolonged inactivity 435 min,24.818248,93.936798,5,2026-08-30 14:10:03,2026-08-30 14:12:51,2026-08-30 14:24:33,2026-08-30 14:56:57
1552,434,anomaly,high,resolved,AI anomaly: prolonged inactivity 225 min,23.728315,92.717499,18,2026-09-02 10:25:02,2026-09-02 10:31:12,2026-09-02 10:33:15,2026-09-02 10:41:08
1553,434,anomaly,high,resolved,AI anomaly: prolonged inactivity 78 min,23.72825,92.71691,17,2026-09-03 07:49:57,2026-09-03 07:54:21,2026-09-03 07:58:41,2026-09-03 08:06:36
1554,434,anomaly,high,resolved,AI anomaly: prolonged inactivity 76 min,23.727643,92.717221,18,2026-09-04 08:03:25,2026-09-04 08:05:10,2026-09-04 08:07:18,2026-09-04 08:43:55
1555,435,anomaly,high,resolved,AI anomaly: prolonged inactivity 57 min,26.751038,94.201783,4,2026-08-17 07:44:34,2026-08-17 07:47:06,2026-08-17 07:59:56,2026-08-17 08:04:34
1556,435,anomaly,high,resolved,AI anomaly: prolonged inactivity 232 min,26.951333,94.171398,6,2026-08-18 10:39:04,2026-08-18 10:40:17,2026-08-18 10:48:11,2026-08-18 10:58:50
1557,435,anomaly,high,resolved,AI anomaly: prolonged inactivity 331 min,26.984415,94.642719,13,2026-08-19 12:24:02,2026-08-19 12:29:56,2026-08-19 12:31:35,2026-08-19 12:37:42
1558,435,anomaly,high,resolved,AI anomaly: prolonged inactivity 247 min,26.579175,93.171948,16,2026-08-20 10:44:42,2026-08-20 10:47:25,2026-08-20 10:47:51,2026-08-20 10:58:46
1559,435,geofence,critical,resolved,Restricted-zone entry: Kaziranga Core Zone,26.579175,93.171948,18,2026-08-20 10:44:42,2026-08-20 10:46:25,2026-08-20 10:46:36,2026-08-20 11:13:04
1560,435,anomaly,high,detected,AI anomaly: prolonged inactivity 468 min,26.634287,92.799001,,2026-08-21 14:25:02,,,
1561,435,anomaly,high,resolved,AI anomaly: prolonged inactivity 453 min,26.921632,92.878643,20,2026-08-22 14:06:12,2026-08-22 14:07:00,2026-08-22 14:12:55,2026-08-22 14:21:49
1562,436,anomaly,high,detected,AI anomaly: prolonged inactivity 142 min,25.57819,91.892394,,2026-08-16 09:26:39,,,
1563,436,anomaly,high,resolved,AI anomaly: prolonged inactivity 56 min,25.577764,91.891918,20,2026-08-17 07:45:04,2026-08-17 07:46:17,2026-08-17 07:52:46,2026-08-17 08:05:40
1564,436,anomaly,high,resolved,AI anomaly: prolonged inactivity 301 min,25.248105,91.715599,22,2026-08-19 11:41:05,2026-08-19 11:42:57,2026-08-19 11:45:06,2026-08-19 11:54:42
1565,436,anomaly,high,resolved,AI anomaly: prolonged inactivity 46 min,25.248245,91.715511,19,2026-08-21 07:16:59,2026-08-21 07:18:21,2026-08-21 07:29:54,2026-08-21 07:47:17
1566,437,anomaly,high,resolved,AI anomaly: prolonged inactivity 69 min,25.674702,94.107215,17,2026-07-30 07:48:46,2026-07-30 07:51:20,2026-07-30 07:52:28,2026-07-30 08:34:26
1567,437,anomaly,high,resolved,AI anomaly: prolonged inactivity 71 min,25.674839,94.107026,1,2026-07-31 07:47:35,2026-07-31 07:51:22,2026-07-31 07:54:33,2026-07-31 08:04:40
1568,437,anomaly,high,detected,AI anomaly: prolonged inactivity 205 min,23.727125,92.718547,,2026-08-01 10:14:23,,,
1569,437,anomaly,high,resolved,AI anomaly: prolonged inactivity 53 min,23.726453,92.718446,14,2026-08-02 07:38:13,2026-08-02 07:39:48,2026-08-02 07:46:57,2026-08-02 08:27:24
1570,437,anomaly,high,resolved,AI anomaly: prolonged inactivity 71 min,23.726732,92.717943,3,2026-08-03 08:04:27,2026-08-03 08:08:12,2026-08-03 08:09:24,2026-08-03 08:27:43
1571,437,anomaly,high,acknowledged,AI anomaly: prolonged inactivity 402 min,23.832108,91.284396,,2026-08-04 13:24:28,2026-08-04 13:25:47,,
1572,437,anomaly,high,resolved,AI anomaly: prolonged inactivity 45 min,23.832851,91.284739,9,2026-08-06 07:39:49,2026-08-06 07:41:42,2026-08-06 07:42:29,2026-08-06 07:51:28
1573,437,anomaly,high,resolved,AI anomaly: prolonged inactivity 454 min,27.333313,88.616046,12,2026-08-07 14:09:09,2026-08-07 14:10:56,2026-08-07 14:26:12,2026-08-07 14:44:49
1574,437,anomaly,high,resolved,AI anomaly: prolonged inactivity 61 min,27.332083,88.616001,21,2026-08-08 07:52:36,2026-08-08 07:54:06,2026-08-08 07:57:20,2026-08-08 08:00:30
1575,438,anomaly,high,detected,AI anomaly: prolonged inactivity 75 min,26.982778,94.64228,,2026-08-21 07:58:59,,,
1576,438,anomaly,high,acknowledged,AI anomaly: prolonged inactivity 130 min,26.578255,93.170057,,2026-08-22 09:10:04,2026-08-22 09:10:51,,
1577,438,geofence,critical,resolved,Restricted-zone entry: Kaziranga Core Zone,26.578423,93.171046,22,2026-08-22 09:21:47,2026-08-22 09:24:34,2026-08-22 09:25:07,2026-08-22 09:32:59
1578,438,anomaly,high,resolved,AI anomaly: prolonged inactivity 55 min,26.577339,93.170999,12,2026-08-23 07:45:27,2026-08-23 07:47:57,2026-08-23 07:50:02,2026-08-23 08:03:42
1579,438,anomaly,high,resolved,AI anomaly: prolonged inactivity 280 min,26.63357,92.799818,2,2026-08-24 11:15:03,2026-08-24 11:15:41,2026-08-24 11:19:28,2026-08-24 12:09:16
1580,438,anomaly,high,dispatched,AI anomaly: prolonged inactivity 446 min,26.874227,92.849666,19,2026-08-25 14:03:55,2026-08-25 14:09:50,2026-08-25 14:10:24,
1581,438,anomaly,high,resolved,AI anomaly: prolonged inactivity 508 min,26.106905,91.585744,22,2026-08-27 15:01:19,2026-08-27 15:05:02,2026-08-27 15:05:41,2026-08-27 15:13:35
1582,439,anomaly,high,resolved,AI anomaly: prolonged inactivity 48 min,26.105373,91.585317,18,2026-08-12 07:34:19,2026-08-12 07:35:34,2026-08-12 07:36:38,2026-08-12 08:01:44
1583,439,anomaly,high,resolved,AI anomaly: prolonged inactivity 499 min,26.144432,91.795632,13,2026-08-13 14:50:33,2026-08-13 14:51:49,2026-08-13 14:54:01,2026-08-13 15:28:52
1584,441,anomaly,high,acknowledged,AI anomaly: unusual movement pattern,26.136181,91.806708,,2026-08-28 07:31:08,2026-08-28 07:32:15,,
1585,442,anomaly,high,resolved,AI anomaly: prolonged inactivity 148 min,26.105255,91.587697,6,2026-09-05 09:19:37,2026-09-05 09:20:11,2026-09-05 09:22:41,2026-09-05 09:56:40
1586,442,fall_detected,critical,dispatched,Possible fall detected by Tanvi Deka's band,26.170348,91.766939,2,2026-09-04 07:30:32,2026-09-04 07:31:29,2026-09-04 07:32:34,
1587,443,anomaly,high,resolved,AI anomaly: prolonged inactivity 472 min,26.166785,91.565524,6,2026-08-09 14:48:16,2026-08-09 14:49:13,2026-08-09 14:50:14,2026-08-09 14:59:21
1588,444,anomaly,high,resolved,AI anomaly: prolonged inactivity 71 min,26.1884,91.750566,1,2026-08-01 07:41:06,2026-08-01 07:48:49,2026-08-01 07:50:28,2026-08-01 08:39:21
1589,445,anomaly,high,dispatched,AI anomaly: prolonged inactivity 63 min,26.161642,91.727778,22,2026-08-14 07:48:05,2026-08-14 07:49:04,2026-08-14 07:50:15,
1590,445,anomaly,high,resolved,AI anomaly: prolonged inactivity 307 min,26.367515,91.634611,21,2026-08-16 11:38:17,2026-08-16 11:38:55,2026-08-16 11:40:09,2026-08-16 11:57:21
1591,445,anomaly,high,resolved,AI anomaly: prolonged inactivity 71 min,26.366748,91.634877,13,2026-08-17 08:01:38,2026-08-17 08:07:32,2026-08-17 08:13:07,2026-08-17 08:19:22
1592,446,anomaly,high,resolved,AI anomaly: prolonged inactivity 71 min,26.144308,91.791896,7,2026-07-29 07:59:33,2026-07-29 08:00:47,2026-07-29 08:03:30,2026-07-29 08:20:51
1593,446,anomaly,high,resolved,AI anomaly: prolonged inactivity 267 min,26.106394,91.58389,18,2026-07-30 11:13:56,2026-07-30 11:15:26,2026-07-30 11:22:29,2026-07-30 11:45:18
1594,447,anomaly,high,acknowledged,AI anomaly: prolonged inactivity 66 min,25.932854,91.432138,,2026-08-13 07:42:00,2026-08-13 07:48:01,,
1595,447,anomaly,high,resolved,AI anomaly: prolonged inactivity 490 min,26.111721,91.635871,7,2026-08-14 14:54:19,2026-08-14 14:54:47,2026-08-14 14:56:47,2026-08-14 15:08:10
1596,447,geofence,critical,resolved,Restricted-zone entry: Deepor Beel Wetland Edge,26.11998,91.649429,8,2026-08-14 15:20:52,2026-08-14 15:22:14,2026-08-14 15:24:03,2026-08-14 15:42:28
1597,447,anomaly,high,resolved,AI anomaly: prolonged inactivity 418 min,26.234782,92.083763,18,2026-08-15 13:31:17,2026-08-15 13:32:49,2026-08-15 13:33:37,2026-08-15 13:42:25
1598,448,anomaly,high,dispatched,AI anomaly: prolonged inactivity 292 min,26.106997,91.584649,14,2026-08-02 11:32:43,2026-08-02 11:33:43,2026-08-02 11:39:06,
1599,449,anomaly,high,resolved,AI anomaly: prolonged inactivity 57 min,26.247983,91.518227,16,2026-08-10 07:29:18,2026-08-10 07:31:10,2026-08-10 07:32:48,2026-08-10 07:55:13
1600,449,anomaly,high,dispatched,AI anomaly: prolonged inactivity 241 min,26.397654,91.670824,10,2026-08-11 10:54:06,2026-08-11 10:54:37,2026-08-11 11:06:37,
1601,449,anomaly,high,dispatched,AI anomaly: prolonged inactivity 192 min,26.164322,91.767734,20,2026-08-12 09:44:00,2026-08-12 09:44:20,2026-08-12 09:45:05,
1602,449,geofence,critical,dispatched,Restricted-zone entry: Riverside Restricted Area,26.174133,91.777764,1,2026-08-12 10:36:05,2026-08-12 10:45:13,2026-08-12 10:45:54,
1603,450,anomaly,high,resolved,AI anomaly: prolonged inactivity 55 min,26.104297,91.584496,16,2026-07-30 07:28:38,2026-07-30 07:31:44,2026-07-30 07:32:55,2026-07-30 07:54:26
1604,450,anomaly,high,resolved,AI anomaly: prolonged inactivity 401 min,26.151397,91.786049,3,2026-07-31 13:25:40,2026-07-31 13:27:52,2026-07-31 13:32:48,2026-07-31 13:37:18
1605,451,geofence,critical,resolved,Restricted-zone entry: Riverside Restricted Area,26.185498,91.763408,6,2026-08-09 07:58:35,2026-08-09 07:59:34,2026-08-09 08:02:07,2026-08-09 09:18:37
1606,451,anomaly,high,resolved,AI anomaly: prolonged inactivity 64 min,26.177635,91.735514,6,2026-08-10 07:52:56,2026-08-10 08:01:21,2026-08-10 08:02:10,2026-08-10 08:33:40
1607,451,anomaly,high,resolved,AI anomaly: prolonged inactivity 73 min,26.170892,91.719442,7,2026-08-11 07:50:37,2026-08-11 07:53:13,2026-08-11 08:00:18,2026-08-11 08:35:28
1608,451,anomaly,high,resolved,AI anomaly: prolonged inactivity 62 min,26.180352,91.739066,17,2026-08-12 07:55:09,2026-08-12 07:57:08,2026-08-12 08:00:13,2026-08-12 08:47:47
1609,451,anomaly,high,resolved,AI anomaly: prolonged inactivity 158 min,26.171586,91.719677,16,2026-08-13 09:14:05,2026-08-13 09:18:23,2026-08-13 09:20:16,2026-08-13 10:05:29
1610,452,anomaly,high,acknowledged,AI anomaly: prolonged inactivity 50 min,26.635255,92.799437,,2026-07-30 07:40:07,2026-07-30 07:42:49,,
1611,452,anomaly,high,detected,AI anomaly: prolonged inactivity 212 min,26.184236,91.75167,,2026-07-31 10:31:31,,,
1612,452,anomaly,high,resolved,AI anomaly: prolonged inactivity 332 min,27.587073,91.859683,11,2026-08-02 12:06:10,2026-08-02 12:06:37,2026-08-02 12:10:29,2026-08-02 12:27:21
1613,452,anomaly,high,detected,AI anomaly: prolonged inactivity 51 min,27.587927,91.858927,,2026-08-03 07:50:03,,,
1614,452,anomaly,high,resolved,AI anomaly: prolonged inactivity 46 min,27.587907,91.858933,20,2026-08-04 07:40:41,2026-08-04 07:41:02,2026-08-04 07:44:28,2026-08-04 08:55:31
1615,452,anomaly,high,resolved,AI anomaly: prolonged inactivity 214 min,27.544346,93.832912,4,2026-08-05 10:29:40,2026-08-05 10:32:30,2026-08-05 10:35:57,2026-08-05 10:58:37
1616,452,anomaly,high,resolved,AI anomaly: prolonged inactivity 89 min,27.544841,93.832259,14,2026-08-06 08:00:26,2026-08-06 08:01:33,2026-08-06 08:12:43,2026-08-06 08:23:19
1617,453,anomaly,high,resolved,AI anomaly: prolonged inactivity 201 min,26.113868,91.633759,11,2026-07-28 10:01:37,2026-07-28 10:04:05,2026-07-28 10:08:51,2026-07-28 10:13:54
1618,453,geofence,critical,resolved,Restricted-zone entry: Deepor Beel Wetland Edge,26.119799,91.649612,20,2026-07-28 10:28:07,2026-07-28 10:30:37,2026-07-28 10:31:16,2026-07-28 10:37:06
1619,453,anomaly,high,resolved,AI anomaly: prolonged inactivity 461 min,25.932164,91.431638,9,2026-07-29 14:36:57,2026-07-29 14:38:41,2026-07-29 14:40:29,2026-07-29 15:03:06
1620,453,anomaly,high,resolved,AI anomaly: prolonged inactivity 299 min,26.231159,92.083901,17,2026-07-30 11:43:29,2026-07-30 11:43:53,2026-07-30 11:51:27,2026-07-30 12:06:40
1621,454,anomaly,high,resolved,AI anomaly: prolonged inactivity 60 min,26.18423,91.750333,15,2026-08-08 07:53:06,2026-08-08 07:56:22,2026-08-08 07:57:05,2026-08-08 08:21:32
1622,454,anomaly,high,acknowledged,AI anomaly: prolonged inactivity 416 min,26.631959,92.800251,,2026-08-09 13:46:16,2026-08-09 13:48:03,,
1623,454,anomaly,high,dispatched,AI anomaly: prolonged inactivity 48 min,26.631799,92.800412,3,2026-08-10 07:17:44,2026-08-10 07:25:13,2026-08-10 07:33:34,
1624,454,anomaly,high,resolved,AI anomaly: prolonged inactivity 351 min,27.586045,91.859019,8,2026-08-11 12:53:30,2026-08-11 12:55:08,2026-08-11 12:56:01,2026-08-11 13:00:10
1625,454,anomaly,high,resolved,AI anomaly: prolonged inactivity 54 min,27.585219,91.858495,22,2026-08-12 07:49:25,2026-08-12 07:50:26,2026-08-12 07:50:45,2026-08-12 08:09:51
1626,454,anomaly,high,resolved,AI anomaly: prolonged inactivity 431 min,27.544488,93.832115,6,2026-08-13 13:55:50,2026-08-13 13:58:36,2026-08-13 13:59:01,2026-08-13 14:22:25
1627,455,anomaly,high,resolved,AI anomaly: prolonged inactivity 58 min,26.182231,91.743331,9,2026-08-27 07:34:32,2026-08-27 07:36:39,2026-08-27 07:42:37,2026-08-27 08:21:03
1628,455,geofence,critical,dispatched,Restricted-zone entry: Cherrapunji Cliff Edge,25.275412,91.686984,11,2026-08-27 08:40:26,2026-08-27 08:41:47,2026-08-27 08:43:05,
1629,455,anomaly,high,resolved,AI anomaly: prolonged inactivity 58 min,25.269435,91.691815,13,2026-08-28 07:42:16,2026-08-28 07:46:33,2026-08-28 07:47:33,2026-08-28 07:52:22
1630,455,anomaly,high,resolved,AI anomaly: prolonged inactivity 315 min,25.657549,91.890021,17,2026-08-30 12:05:21,2026-08-30 12:07:52,2026-08-30 12:08:09,2026-08-30 12:22:12
1631,455,anomaly,high,resolved,AI anomaly: prolonged inactivity 50 min,25.657516,91.890467,8,2026-08-31 07:33:32,2026-08-31 07:34:25,2026-08-31 07:35:40,2026-08-31 07:53:15
1632,455,anomaly,high,resolved,AI anomaly: prolonged inactivity 72 min,25.658436,91.8895,22,2026-09-01 07:57:57,2026-09-01 07:59:03,2026-09-01 08:00:35,2026-09-01 09:09:00
1633,455,anomaly,high,dispatched,AI anomaly: prolonged inactivity 56 min,25.657499,91.889605,18,2026-09-02 08:03:17,2026-09-02 08:06:01,2026-09-02 08:07:00,
1634,456,geofence,critical,resolved,Restricted-zone entry: Riverside Restricted Area,26.176553,91.762012,13,2026-08-22 15:01:59,2026-08-22 15:03:24,2026-08-22 15:06:00,2026-08-22 15:21:56
1635,456,anomaly,high,dispatched,AI anomaly: prolonged inactivity 477 min,26.168491,91.566133,9,2026-08-23 14:34:46,2026-08-23 14:35:33,2026-08-23 14:39:04,
1636,457,anomaly,high,resolved,AI anomaly: prolonged inactivity 58 min,26.748722,94.202329,10,2026-07-28 07:46:33,2026-07-28 07:49:52,2026-07-28 07:57:51,2026-07-28 08:15:33
1637,457,anomaly,high,resolved,AI anomaly: prolonged inactivity 396 min,26.577047,93.169415,10,2026-07-29 13:24:32,2026-07-29 13:26:26,2026-07-29 13:29:10,2026-07-29 13:45:24
1638,457,geofence,critical,resolved,Restricted-zone entry: Kaziranga Core Zone,26.577548,93.170246,13,2026-07-29 14:07:11,2026-07-29 14:07:36,2026-07-29 14:08:30,2026-07-29 14:14:31
1639,457,anomaly,high,resolved,AI anomaly: prolonged inactivity 72 min,26.576977,93.168922,3,2026-07-30 07:45:19,2026-07-30 07:47:35,2026-07-30 07:47:53,2026-07-30 08:10:53
1640,457,anomaly,high,dispatched,AI anomaly: prolonged inactivity 295 min,26.633126,92.801926,5,2026-07-31 11:44:20,2026-07-31 11:44:57,2026-07-31 11:49:35,
1641,458,anomaly,high,resolved,AI anomaly: unusual movement pattern,26.279479,92.038292,19,2026-09-01 07:45:19,2026-09-01 07:45:36,2026-09-01 07:45:56,2026-09-01 07:56:16
1642,458,anomaly,high,resolved,AI anomaly: prolonged inactivity 301 min,26.090898,91.591205,16,2026-09-02 11:58:51,2026-09-02 11:59:31,2026-09-02 12:03:36,2026-09-02 12:57:13
1643,458,anomaly,high,resolved,AI anomaly: prolonged inactivity 290 min,25.934894,91.431502,9,2026-09-03 11:24:04,2026-09-03 11:25:47,2026-09-03 11:31:28,2026-09-03 11:45:54
1644,460,anomaly,high,resolved,AI anomaly: prolonged inactivity 70 min,25.673137,94.108007,15,2026-08-31 07:49:27,2026-08-31 07:50:28,2026-08-31 07:52:34,2026-08-31 07:58:43
1645,460,anomaly,high,resolved,AI anomaly: prolonged inactivity 445 min,26.104346,91.584223,16,2026-09-01 14:17:30,2026-09-01 14:21:28,2026-09-01 14:22:06,2026-09-01 14:40:52
1646,460,anomaly,high,resolved,AI anomaly: prolonged inactivity 51 min,26.104422,91.584753,17,2026-09-02 07:34:54,2026-09-02 07:36:05,2026-09-02 07:39:00,2026-09-02 08:05:13
1647,460,anomaly,high,resolved,AI anomaly: prolonged inactivity 51 min,26.10345,91.584275,4,2026-09-03 07:45:10,2026-09-03 07:45:50,2026-09-03 07:47:20,2026-09-03 07:58:48
1648,460,anomaly,high,resolved,AI anomaly: prolonged inactivity 172 min,27.331728,88.613252,2,2026-09-04 09:56:26,2026-09-04 09:57:19,2026-09-04 09:58:44,2026-09-04 10:10:01
1649,461,anomaly,high,resolved,AI anomaly: prolonged inactivity 66 min,25.673349,94.108873,1,2026-08-30 07:56:29,2026-08-30 07:58:06,2026-08-30 07:59:43,2026-08-30 08:08:25
1650,461,anomaly,high,resolved,AI anomaly: prolonged inactivity 240 min,24.818121,93.937718,5,2026-09-01 10:41:52,2026-09-01 10:45:10,2026-09-01 10:46:56,2026-09-01 11:40:18
1651,461,anomaly,high,dispatched,AI anomaly: prolonged inactivity 78 min,24.817797,93.938373,4,2026-09-02 07:59:59,2026-09-02 08:02:36,2026-09-02 08:05:43,
1652,461,anomaly,high,resolved,AI anomaly: prolonged inactivity 75 min,24.817796,93.937297,6,2026-09-03 07:47:24,2026-09-03 07:50:27,2026-09-03 07:51:13,2026-09-03 08:02:15
1653,461,anomaly,high,resolved,AI anomaly: prolonged inactivity 375 min,23.830202,91.285572,20,2026-09-04 13:12:00,2026-09-04 13:13:57,2026-09-04 13:16:19,2026-09-04 13:25:15
1654,461,anomaly,high,resolved,AI anomaly: prolonged inactivity 59 min,23.82994,91.285361,17,2026-09-05 07:45:28,2026-09-05 07:46:11,2026-09-05 07:46:52,2026-09-05 07:56:02
1655,463,anomaly,high,resolved,AI anomaly: prolonged inactivity 51 min,26.189876,91.753706,12,2026-08-21 07:44:44,2026-08-21 07:47:01,2026-08-21 07:49:37,2026-08-21 08:08:18
1656,463,sos,critical,resolved,"SOS triggered by Bornali Mishra: Feeling severely unwell, chest pain, need medical assistance.",26.188537,91.747852,15,2026-08-23 00:46:24,2026-08-23 00:49:29,2026-08-23 00:52:30,2026-08-23 01:59:55
1657,464,geofence,critical,resolved,Restricted-zone entry: Deepor Beel Wetland Edge,26.120538,91.649866,20,2026-07-24 07:33:14,2026-07-24 07:36:16,2026-07-24 07:38:21,2026-07-24 07:50:21
1658,464,anomaly,high,resolved,AI anomaly: prolonged inactivity 327 min,26.17934,91.786975,4,2026-07-25 12:19:48,2026-07-25 12:21:28,2026-07-25 12:30:43,2026-07-25 13:36:24
1659,464,anomaly,high,resolved,AI anomaly: prolonged inactivity 59 min,26.180062,91.787701,6,2026-07-26 07:39:05,2026-07-26 07:40:42,2026-07-26 07:42:45,2026-07-26 07:50:37
1660,464,anomaly,high,resolved,AI anomaly: prolonged inactivity 210 min,26.23358,92.081803,3,2026-07-27 10:01:15,2026-07-27 10:03:00,2026-07-27 10:05:02,2026-07-27 10:16:30
1661,465,anomaly,high,resolved,AI anomaly: prolonged inactivity 915 min,26.182489,91.750191,14,2026-08-15 21:59:58,2026-08-15 22:02:24,2026-08-15 22:04:06,2026-08-15 22:20:59
1662,465,geofence,critical,resolved,Restricted-zone entry: Riverside Restricted Area,26.185609,91.763619,9,2026-08-15 23:02:55,2026-08-15 23:03:43,2026-08-15 23:04:25,2026-08-16 00:33:10
1663,465,anomaly,high,resolved,AI anomaly: prolonged inactivity 856 min,26.182544,91.750318,6,2026-08-16 21:09:52,2026-08-16 21:10:40,2026-08-16 21:13:03,2026-08-16 21:50:42
1664,465,anomaly,high,resolved,AI anomaly: prolonged inactivity 901 min,26.184098,91.75996,1,2026-08-17 21:32:46,2026-08-17 21:34:02,2026-08-17 21:38:59,2026-08-17 21:44:31
1665,465,anomaly,high,resolved,AI anomaly: prolonged inactivity 864 min,26.179541,91.757704,12,2026-08-18 21:10:07,2026-08-18 21:10:57,2026-08-18 21:13:35,2026-08-18 21:21:44
1666,467,anomaly,high,resolved,AI anomaly: unusual movement pattern,26.192997,91.817518,1,2026-07-22 07:10:46,2026-07-22 07:12:50,2026-07-22 07:16:18,2026-07-22 07:26:02
1667,467,anomaly,high,resolved,AI anomaly: prolonged inactivity 155 min,26.249088,91.516219,8,2026-07-24 09:17:22,2026-07-24 09:21:17,2026-07-24 09:24:36,2026-07-24 09:34:27
1668,468,anomaly,high,resolved,AI anomaly: prolonged inactivity 65 min,26.171159,91.716142,2,2026-08-24 07:39:07,2026-08-24 07:40:39,2026-08-24 07:55:47,2026-08-24 08:22:34
1669,468,anomaly,high,resolved,AI anomaly: prolonged inactivity 476 min,26.247807,91.515203,17,2026-08-25 14:40:47,2026-08-25 14:41:47,2026-08-25 14:45:00,2026-08-25 15:55:20
1670,468,anomaly,high,resolved,AI anomaly: prolonged inactivity 79 min,26.248424,91.514884,14,2026-08-26 07:49:52,2026-08-26 07:52:14,2026-08-26 07:58:57,2026-08-26 08:27:02
1671,469,anomaly,high,resolved,AI anomaly: abnormal speed 180 km/h (possible vehicle abduction),26.149194,91.698211,20,2026-07-23 07:46:23,2026-07-23 07:48:41,2026-07-23 07:49:52,2026-07-23 07:56:24
1672,469,anomaly,high,resolved,AI anomaly: prolonged inactivity 62 min,26.185435,91.746563,21,2026-07-24 07:52:39,2026-07-24 07:58:31,2026-07-24 07:59:31,2026-07-24 08:06:30
1673,469,anomaly,high,acknowledged,AI anomaly: prolonged inactivity 69 min,26.181697,91.743403,,2026-07-25 07:52:51,2026-07-25 07:57:45,,
1674,470,anomaly,high,resolved,AI anomaly: prolonged inactivity 899 min,26.184577,91.750738,4,2026-08-30 21:53:12,2026-08-30 21:56:17,2026-08-30 21:56:52,2026-08-30 22:18:54
1675,470,anomaly,high,resolved,AI anomaly: prolonged inactivity 1124 min,25.654695,91.888149,10,2026-09-01 01:22:18,2026-09-01 01:27:23,2026-09-01 01:29:40,2026-09-01 01:44:17
1676,471,anomaly,high,resolved,AI anomaly: prolonged inactivity 207 min,26.63458,92.800913,8,2026-07-26 10:31:07,2026-07-26 10:33:24,2026-07-26 10:34:59,2026-07-26 11:18:39
1677,471,anomaly,high,acknowledged,AI anomaly: prolonged inactivity 67 min,26.634586,92.800773,,2026-07-27 07:39:20,2026-07-27 07:40:46,,
1678,471,anomaly,high,resolved,AI anomaly: prolonged inactivity 87 min,26.634486,92.801247,14,2026-07-28 08:05:07,2026-07-28 08:06:53,2026-07-28 08:11:11,2026-07-28 08:25:10
1679,471,anomaly,high,resolved,AI anomaly: prolonged inactivity 261 min,26.105952,91.585067,12,2026-07-30 11:23:56,2026-07-30 11:26:23,2026-07-30 11:33:07,2026-07-30 11:42:15
1680,471,anomaly,high,resolved,AI anomaly: prolonged inactivity 92 min,26.10653,91.584651,3,2026-07-31 08:03:29,2026-07-31 08:04:30,2026-07-31 08:06:55,2026-07-31 08:10:17
1681,471,anomaly,high,resolved,AI anomaly: prolonged inactivity 54 min,26.106551,91.584962,18,2026-08-02 07:25:44,2026-08-02 07:28:18,2026-08-02 07:30:05,2026-08-02 07:51:46
1682,472,anomaly,high,resolved,AI anomaly: prolonged inactivity 873 min,26.177423,91.753942,18,2026-08-24 21:42:50,2026-08-24 21:43:48,2026-08-24 21:45:44,2026-08-24 21:54:44
1683,472,anomaly,high,resolved,AI anomaly: prolonged inactivity 907 min,26.177723,91.753543,7,2026-08-25 21:53:55,2026-08-25 21:55:08,2026-08-25 21:56:46,2026-08-26 00:27:52
1684,472,anomaly,high,dispatched,AI anomaly: prolonged inactivity 895 min,26.157438,91.784998,18,2026-08-26 21:25:09,2026-08-26 21:26:27,2026-08-26 21:27:28,
1685,473,anomaly,high,resolved,AI anomaly: prolonged inactivity 891 min,26.186756,91.748898,16,2026-08-13 21:41:23,2026-08-13 21:44:05,2026-08-13 21:44:30,2026-08-13 21:54:38
1686,473,anomaly,high,resolved,AI anomaly: prolonged inactivity 875 min,26.187548,91.748994,2,2026-08-14 21:19:19,2026-08-14 21:19:44,2026-08-14 21:22:15,2026-08-14 21:25:58
1687,473,anomaly,high,resolved,AI anomaly: prolonged inactivity 914 min,26.187239,91.748998,18,2026-08-15 22:00:10,2026-08-15 22:04:38,2026-08-15 22:06:05,2026-08-15 22:41:12
1688,473,anomaly,high,resolved,AI anomaly: prolonged inactivity 882 min,26.190407,91.747751,10,2026-08-16 21:32:16,2026-08-16 21:32:41,2026-08-16 21:33:29,2026-08-16 21:38:09
1689,474,anomaly,high,resolved,AI anomaly: unusual movement pattern,26.216031,91.700832,10,2026-08-24 07:52:52,2026-08-24 07:57:46,2026-08-24 08:01:39,2026-08-24 08:06:18
1690,474,anomaly,high,resolved,AI anomaly: prolonged inactivity 47 min,26.190207,91.747191,11,2026-08-25 07:20:38,2026-08-25 07:21:43,2026-08-25 07:22:19,2026-08-25 07:43:29
1691,474,anomaly,high,detected,AI anomaly: prolonged inactivity 57 min,26.185852,91.745154,,2026-08-27 07:41:32,,,
1692,474,anomaly,high,resolved,AI anomaly: prolonged inactivity 61 min,26.189293,91.74804,9,2026-08-28 07:42:55,2026-08-28 07:43:59,2026-08-28 07:47:00,2026-08-28 08:03:06
1693,475,anomaly,high,dispatched,AI anomaly: unusual movement pattern,26.580479,93.163344,4,2026-09-04 07:49:56,2026-09-04 07:53:27,2026-09-04 07:54:57,
1694,475,geofence,critical,resolved,Restricted-zone entry: Kaziranga Core Zone,26.580479,93.163344,18,2026-09-04 07:49:56,2026-09-04 07:52:48,2026-09-04 07:53:44,2026-09-04 08:30:01
1695,475,anomaly,high,resolved,AI anomaly: prolonged inactivity 231 min,26.231372,92.083588,21,2026-09-05 10:30:55,2026-09-05 10:31:19,2026-09-05 10:31:41,2026-09-05 10:46:09
1696,476,anomaly,high,resolved,AI anomaly: prolonged inactivity 53 min,25.256771,91.705413,16,2026-09-01 07:33:07,2026-09-01 07:33:41,2026-09-01 07:38:46,2026-09-01 07:51:04
1697,476,geofence,critical,resolved,Restricted-zone entry: Cherrapunji Cliff Edge,25.276877,91.684805,15,2026-09-02 07:32:56,2026-09-02 07:34:34,2026-09-02 07:46:41,2026-09-02 08:09:01
1698,476,anomaly,high,resolved,AI anomaly: prolonged inactivity 284 min,25.599489,91.892349,9,2026-09-03 11:22:45,2026-09-03 11:26:29,2026-09-03 11:28:12,2026-09-03 11:39:31
1699,476,anomaly,high,resolved,AI anomaly: prolonged inactivity 53 min,25.638564,91.8894,9,2026-09-04 07:35:34,2026-09-04 07:36:28,2026-09-04 07:39:27,2026-09-04 11:26:55
1700,477,anomaly,high,dispatched,AI anomaly: prolonged inactivity 67 min,26.147594,91.781837,1,2026-08-06 07:45:32,2026-08-06 07:51:15,2026-08-06 08:11:15,
1701,478,anomaly,high,resolved,AI anomaly: prolonged inactivity 59 min,26.984293,94.643427,19,2026-07-25 07:29:34,2026-07-25 07:31:23,2026-07-25 07:33:15,2026-07-25 07:36:35
1702,478,anomaly,high,resolved,AI anomaly: prolonged inactivity 376 min,26.951234,94.171209,8,2026-07-27 13:00:00,2026-07-27 13:00:44,2026-07-27 13:01:09,2026-07-27 13:13:42
1703,478,anomaly,high,resolved,AI anomaly: prolonged inactivity 77 min,26.950843,94.171288,13,2026-07-28 07:58:54,2026-07-28 08:00:44,2026-07-28 08:02:16,2026-07-28 08:15:31
1704,478,anomaly,high,acknowledged,AI anomaly: prolonged inactivity 76 min,26.950856,94.17103,,2026-07-29 07:52:55,2026-07-29 07:55:59,,
1705,478,anomaly,high,resolved,AI anomaly: prolonged inactivity 227 min,26.633444,92.800645,8,2026-07-30 10:25:05,2026-07-30 10:25:45,2026-07-30 10:27:58,2026-07-30 10:45:37
1706,478,anomaly,high,resolved,AI anomaly: prolonged inactivity 295 min,26.10413,91.586545,11,2026-08-02 11:31:25,2026-08-02 11:33:57,2026-08-02 11:40:07,2026-08-02 11:49:06
1707,478,anomaly,high,dispatched,AI anomaly: prolonged inactivity 47 min,26.104799,91.58614,21,2026-08-04 07:22:10,2026-08-04 07:23:45,2026-08-04 07:32:08,
1708,479,anomaly,high,resolved,AI anomaly: abnormal speed 135 km/h (possible vehicle abduction),26.143416,91.799115,11,2026-07-31 07:40:57,2026-07-31 07:43:15,2026-07-31 07:45:18,2026-07-31 08:08:15
1709,479,geofence,critical,resolved,Restricted-zone entry: Riverside Restricted Area,26.186077,91.763479,22,2026-07-31 09:19:03,2026-07-31 09:22:55,2026-07-31 09:24:34,2026-07-31 09:29:32
1710,481,anomaly,high,resolved,AI anomaly: prolonged inactivity 50 min,26.184324,91.750051,22,2026-08-13 07:41:10,2026-08-13 07:44:49,2026-08-13 07:47:07,2026-08-13 08:42:25
1711,481,anomaly,high,resolved,AI anomaly: prolonged inactivity 425 min,26.633919,92.799078,16,2026-08-15 14:03:01,2026-08-15 14:04:47,2026-08-15 14:07:04,2026-08-15 14:31:00
1712,481,anomaly,high,dispatched,AI anomaly: prolonged inactivity 228 min,27.545282,93.831384,9,2026-08-17 10:35:55,2026-08-17 10:36:00,2026-08-17 10:40:48,
1713,481,anomaly,high,resolved,AI anomaly: prolonged inactivity 55 min,27.54588,93.831759,12,2026-08-18 07:40:57,2026-08-18 07:42:33,2026-08-18 07:44:45,2026-08-18 07:54:59
1714,483,anomaly,high,acknowledged,AI anomaly: prolonged inactivity 81 min,26.146116,91.737515,,2026-08-10 07:52:31,2026-08-10 07:54:22,,
1715,483,anomaly,high,resolved,AI anomaly: prolonged inactivity 241 min,26.251031,91.514994,13,2026-08-11 11:06:36,2026-08-11 11:07:14,2026-08-11 11:12:26,2026-08-11 11:27:20
1716,483,anomaly,high,resolved,AI anomaly: prolonged inactivity 622 min,26.366294,91.634133,7,2026-08-13 17:06:37,2026-08-13 17:10:54,2026-08-13 17:19:32,2026-08-13 17:49:20
1717,483,anomaly,high,acknowledged,AI anomaly: prolonged inactivity 47 min,26.365763,91.63398,,2026-08-14 07:22:52,2026-08-14 07:23:32,,
1718,484,anomaly,high,resolved,AI anomaly: prolonged inactivity 408 min,25.935188,91.435075,15,2026-07-25 13:50:39,2026-07-25 13:51:48,2026-07-25 13:54:59,2026-07-25 14:00:36
1719,485,anomaly,high,resolved,AI anomaly: prolonged inactivity 60 min,25.244925,91.714325,5,2026-08-10 07:32:05,2026-08-10 07:33:26,2026-08-10 07:36:31,2026-08-10 08:08:58
1720,485,anomaly,high,resolved,AI anomaly: prolonged inactivity 373 min,25.577566,91.895467,9,2026-08-12 13:08:33,2026-08-12 13:12:57,2026-08-12 13:14:31,2026-08-12 13:19:25
1721,485,anomaly,high,resolved,AI anomaly: prolonged inactivity 204 min,26.184078,91.753192,8,2026-08-15 10:09:00,2026-08-15 10:09:37,2026-08-15 10:11:56,2026-08-15 10:45:41
1722,487,anomaly,high,resolved,AI anomaly: prolonged inactivity 315 min,26.177239,91.786215,10,2026-08-19 11:56:26,2026-08-19 12:03:32,2026-08-19 12:03:49,2026-08-19 12:12:18
1723,487,anomaly,high,dispatched,AI anomaly: prolonged inactivity 348 min,26.113762,91.636526,6,2026-08-20 12:20:09,2026-08-20 12:21:58,2026-08-20 12:38:09,
1724,487,geofence,critical,detected,Restricted-zone entry: Deepor Beel Wetland Edge,26.119422,91.650223,,2026-08-20 12:26:11,,,
1725,488,geofence,critical,dispatched,Restricted-zone entry: Deepor Beel Wetland Edge,26.119935,91.650178,6,2026-08-02 07:14:28,2026-08-02 07:16:07,2026-08-02 07:21:20,
1726,488,anomaly,high,resolved,AI anomaly: prolonged inactivity 479 min,26.176754,91.784303,17,2026-08-03 14:47:07,2026-08-03 14:48:13,2026-08-03 14:49:25,2026-08-03 15:05:41
1727,488,anomaly,high,resolved,AI anomaly: prolonged inactivity 201 min,26.234598,92.084613,22,2026-08-04 10:02:50,2026-08-04 10:03:37,2026-08-04 10:05:22,2026-08-04 10:33:04
1728,489,anomaly,high,resolved,AI anomaly: prolonged inactivity 81 min,27.332233,88.612723,15,2026-08-03 07:55:23,2026-08-03 07:55:45,2026-08-03 08:00:35,2026-08-03 08:07:18
1729,489,anomaly,high,resolved,AI anomaly: prolonged inactivity 371 min,25.577998,91.893906,2,2026-08-05 12:51:57,2026-08-05 12:56:18,2026-08-05 12:57:01,2026-08-05 13:06:36
1730,489,anomaly,high,resolved,AI anomaly: prolonged inactivity 64 min,25.578215,91.894432,22,2026-08-06 07:48:07,2026-08-06 07:48:59,2026-08-06 07:55:35,2026-08-06 08:26:17
1731,489,anomaly,high,resolved,AI anomaly: prolonged inactivity 322 min,26.576395,93.172771,7,2026-08-07 12:06:28,2026-08-07 12:12:57,2026-08-07 12:31:46,2026-08-07 12:59:56
1732,489,geofence,critical,resolved,Restricted-zone entry: Kaziranga Core Zone,26.576395,93.172771,10,2026-08-07 12:06:28,2026-08-07 12:07:12,2026-08-07 12:11:48,2026-08-07 13:56:29
1733,489,anomaly,high,resolved,AI anomaly: prolonged inactivity 72 min,26.575952,93.172882,17,2026-08-08 07:53:07,2026-08-08 07:53:35,2026-08-08 07:55:15,2026-08-08 09:07:54
1734,489,anomaly,high,resolved,AI anomaly: abnormal speed 142 km/h (possible vehicle abduction),24.784457,93.902898,6,2026-08-09 13:02:10,2026-08-09 13:03:09,2026-08-09 13:05:02,2026-08-09 14:07:01
1735,489,anomaly,high,resolved,AI anomaly: prolonged inactivity 56 min,24.816745,93.936143,14,2026-08-11 07:26:38,2026-08-11 07:29:12,2026-08-11 07:29:43,2026-08-11 08:06:51
1736,489,anomaly,high,resolved,AI anomaly: prolonged inactivity 234 min,23.725395,92.717455,7,2026-08-12 10:49:42,2026-08-12 10:51:50,2026-08-12 10:55:51,2026-08-12 11:00:39
1737,489,anomaly,high,resolved,AI anomaly: prolonged inactivity 61 min,23.725345,92.717727,13,2026-08-13 07:31:25,2026-08-13 07:34:30,2026-08-13 07:40:05,2026-08-13 07:59:18
1738,489,anomaly,high,resolved,AI anomaly: prolonged inactivity 429 min,23.832884,91.28743,11,2026-08-14 13:48:51,2026-08-14 13:50:17,2026-08-14 13:54:55,2026-08-14 14:14:38
1739,489,anomaly,high,resolved,AI anomaly: prolonged inactivity 67 min,23.832943,91.287149,19,2026-08-15 07:39:35,2026-08-15 07:48:46,2026-08-15 07:49:04,2026-08-15 07:58:45
1740,490,geofence,critical,dispatched,Restricted-zone entry: Cherrapunji Cliff Edge,25.278922,91.688258,18,2026-08-18 07:29:20,2026-08-18 07:30:08,2026-08-18 07:31:37,
1741,490,anomaly,high,resolved,AI anomaly: prolonged inactivity 162 min,25.190987,91.992991,8,2026-08-19 09:26:14,2026-08-19 09:35:26,2026-08-19 09:47:33,2026-08-19 10:56:41
1742,490,geofence,critical,resolved,Restricted-zone entry: Dawki Border Belt,25.190764,92.019267,4,2026-08-19 09:43:23,2026-08-19 09:44:17,2026-08-19 09:45:15,2026-08-19 09:56:50
1743,490,anomaly,high,resolved,AI anomaly: prolonged inactivity 77 min,25.190253,91.993644,1,2026-08-20 07:51:30,2026-08-20 07:54:53,2026-08-20 08:05:12,2026-08-20 08:15:02
1744,490,anomaly,high,resolved,AI anomaly: prolonged inactivity 487 min,25.638586,91.888199,12,2026-08-21 14:42:50,2026-08-21 14:44:18,2026-08-21 14:46:28,2026-08-21 15:16:34
1745,492,geofence,critical,detected,Restricted-zone entry: Deepor Beel Wetland Edge,26.119353,91.65084,,2026-08-14 08:52:53,,,
1746,492,anomaly,high,acknowledged,AI anomaly: prolonged inactivity 46 min,26.096013,91.603274,,2026-08-15 07:27:36,2026-08-15 07:28:26,,
1747,492,anomaly,high,resolved,AI anomaly: prolonged inactivity 309 min,26.176349,91.78594,15,2026-08-16 12:02:50,2026-08-16 12:03:26,2026-08-16 12:04:34,2026-08-16 12:26:12
1748,492,anomaly,high,resolved,AI anomaly: prolonged inactivity 329 min,26.233258,92.084139,11,2026-08-17 12:19:29,2026-08-17 12:19:50,2026-08-17 12:25:03,2026-08-17 12:29:50
1749,492,anomaly,high,detected,AI anomaly: prolonged inactivity 433 min,25.933069,91.432664,,2026-08-18 14:01:04,,,
1750,493,anomaly,high,resolved,AI anomaly: prolonged inactivity 62 min,25.20165,91.918766,21,2026-07-26 07:37:30,2026-07-26 07:38:39,2026-07-26 07:39:44,2026-07-26 08:08:29
1751,493,anomaly,high,resolved,AI anomaly: prolonged inactivity 301 min,25.246955,91.714426,10,2026-07-27 11:34:40,2026-07-27 11:37:05,2026-07-27 11:40:42,2026-07-27 13:04:52
1752,493,anomaly,high,resolved,AI anomaly: prolonged inactivity 246 min,25.580719,91.894291,11,2026-07-28 11:00:59,2026-07-28 11:02:43,2026-07-28 11:04:50,2026-07-28 11:53:30
1753,493,anomaly,high,resolved,AI anomaly: prolonged inactivity 189 min,26.184252,91.751442,15,2026-07-29 10:03:46,2026-07-29 10:08:06,2026-07-29 10:09:07,2026-07-29 10:13:18
1754,494,anomaly,high,resolved,AI anomaly: prolonged inactivity 314 min,26.166803,91.565665,1,2026-08-26 12:10:20,2026-08-26 12:11:54,2026-08-26 12:13:11,2026-08-26 12:40:23
1755,495,anomaly,high,resolved,AI anomaly: prolonged inactivity 60 min,26.182774,91.753068,22,2026-08-25 07:32:57,2026-08-25 07:33:40,2026-08-25 07:35:55,2026-08-25 07:46:17
1756,495,anomaly,high,dispatched,AI anomaly: prolonged inactivity 382 min,26.675131,92.847065,21,2026-08-26 13:22:07,2026-08-26 13:22:57,2026-08-26 13:24:55,
1757,495,anomaly,high,resolved,AI anomaly: prolonged inactivity 54 min,26.63356,92.797725,14,2026-08-27 07:27:44,2026-08-27 07:29:22,2026-08-27 07:31:40,2026-08-27 07:54:33
1758,495,anomaly,high,resolved,AI anomaly: prolonged inactivity 56 min,26.633133,92.798416,8,2026-08-28 07:42:21,2026-08-28 07:43:04,2026-08-28 07:43:51,2026-08-28 07:49:35
1759,495,anomaly,high,resolved,AI anomaly: prolonged inactivity 166 min,27.587928,91.857403,3,2026-08-29 09:34:32,2026-08-29 09:35:52,2026-08-29 09:41:13,2026-08-29 10:02:01
1760,495,anomaly,high,resolved,AI anomaly: prolonged inactivity 50 min,27.58759,91.857574,4,2026-08-30 07:44:04,2026-08-30 07:46:55,2026-08-30 07:47:42,2026-08-30 08:16:50
1761,495,anomaly,high,resolved,AI anomaly: prolonged inactivity 495 min,27.546049,93.831746,6,2026-09-02 14:51:44,2026-09-02 14:53:55,2026-09-02 14:58:10,2026-09-02 15:09:10
1762,496,anomaly,high,dispatched,AI anomaly: prolonged inactivity 47 min,25.59863,91.892784,15,2026-08-26 07:22:35,2026-08-26 07:24:20,2026-08-26 07:25:13,
1763,496,anomaly,high,resolved,AI anomaly: prolonged inactivity 262 min,25.292426,91.677202,2,2026-08-28 11:12:46,2026-08-28 11:13:44,2026-08-28 11:15:13,2026-08-28 11:23:24
1764,496,anomaly,high,dispatched,AI anomaly: prolonged inactivity 55 min,25.29227,91.67668,8,2026-08-29 07:40:39,2026-08-29 07:44:35,2026-08-29 07:47:06,
1765,496,anomaly,high,resolved,AI anomaly: prolonged inactivity 478 min,25.191766,92.019364,7,2026-08-31 14:55:31,2026-08-31 14:57:10,2026-08-31 15:05:59,2026-08-31 15:35:27
1766,496,geofence,critical,resolved,Restricted-zone entry: Dawki Border Belt,25.190943,92.020901,6,2026-08-31 15:08:50,2026-08-31 15:12:02,2026-08-31 15:22:51,2026-08-31 16:36:18
1767,496,anomaly,high,resolved,AI anomaly: prolonged inactivity 46 min,25.191328,92.019111,9,2026-09-02 07:35:50,2026-09-02 07:37:24,2026-09-02 07:59:19,2026-09-02 08:19:14
1768,497,geofence,critical,resolved,Restricted-zone entry: Cherrapunji Cliff Edge,25.273666,91.693079,2,2026-09-04 07:59:11,2026-09-04 08:01:43,2026-09-04 08:04:10,2026-09-04 08:06:44
1769,497,anomaly,high,resolved,AI anomaly: prolonged inactivity 165 min,25.637061,91.890479,6,2026-09-05 09:35:27,2026-09-05 09:38:08,2026-09-05 09:40:30,2026-09-05 09:46:20
1770,498,anomaly,high,resolved,AI anomaly: prolonged inactivity 290 min,26.098961,91.607245,5,2026-08-24 11:21:53,2026-08-24 11:22:40,2026-08-24 11:28:07,2026-08-24 11:55:36
1771,498,geofence,critical,resolved,Restricted-zone entry: Deepor Beel Wetland Edge,26.119624,91.650315,5,2026-08-24 12:25:00,2026-08-24 12:27:14,2026-08-24 12:37:54,2026-08-24 12:53:53
1772,498,anomaly,high,resolved,AI anomaly: prolonged inactivity 359 min,26.176364,91.785677,7,2026-08-25 12:43:42,2026-08-25 12:44:55,2026-08-25 12:53:23,2026-08-25 13:09:03
1773,499,anomaly,high,detected,AI anomaly: prolonged inactivity 378 min,25.931929,91.432307,,2026-07-23 12:55:43,,,
1774,499,anomaly,high,resolved,AI anomaly: prolonged inactivity 446 min,26.233157,92.081467,2,2026-07-24 14:27:48,2026-07-24 14:28:15,2026-07-24 14:28:28,2026-07-24 14:31:48
1775,500,anomaly,high,resolved,AI anomaly: prolonged inactivity 59 min,26.151099,91.785236,12,2026-08-09 07:38:38,2026-08-09 07:38:55,2026-08-09 07:39:13,2026-08-09 07:42:53
1776,501,anomaly,high,resolved,AI anomaly: unusual movement pattern,26.210445,91.714613,21,2026-09-05 07:09:35,2026-09-05 07:09:59,2026-09-05 07:11:30,2026-09-05 07:22:33
1777,502,anomaly,high,resolved,AI anomaly: prolonged inactivity 873 min,26.176571,91.750309,8,2026-08-09 21:13:30,2026-08-09 21:16:05,2026-08-09 21:16:39,2026-08-09 21:22:25
1778,502,anomaly,high,resolved,AI anomaly: prolonged inactivity 872 min,26.173958,91.733032,11,2026-08-10 21:11:05,2026-08-10 21:15:20,2026-08-10 21:16:07,2026-08-10 21:28:56
1779,503,anomaly,high,resolved,AI anomaly: abnormal speed 148 km/h (possible vehicle abduction),26.214467,91.808677,14,2026-08-26 07:15:26,2026-08-26 07:17:07,2026-08-26 07:22:24,2026-08-26 07:49:51
1780,503,anomaly,high,resolved,AI anomaly: prolonged inactivity 230 min,26.166229,91.566305,4,2026-08-27 10:24:22,2026-08-27 10:26:50,2026-08-27 10:30:29,2026-08-27 11:09:25
1781,503,anomaly,high,resolved,AI anomaly: prolonged inactivity 67 min,26.166085,91.566357,14,2026-08-28 07:58:09,2026-08-28 07:58:27,2026-08-28 07:58:41,2026-08-28 08:27:35
1782,505,anomaly,high,dispatched,AI anomaly: prolonged inactivity 471 min,26.633902,92.800625,4,2026-08-10 14:46:06,2026-08-10 14:47:09,2026-08-10 14:48:45,
1783,505,anomaly,high,dispatched,AI anomaly: prolonged inactivity 77 min,26.633979,92.800265,6,2026-08-11 07:55:36,2026-08-11 07:57:30,2026-08-11 07:59:48,
1784,505,anomaly,high,dispatched,AI anomaly: prolonged inactivity 145 min,26.18365,91.749269,20,2026-08-12 09:26:31,2026-08-12 09:27:06,2026-08-12 09:28:00,
1785,505,anomaly,high,resolved,AI anomaly: prolonged inactivity 209 min,27.587415,91.858764,20,2026-08-14 10:22:17,2026-08-14 10:22:54,2026-08-14 10:23:55,2026-08-14 10:25:42
1786,507,anomaly,high,resolved,AI anomaly: prolonged inactivity 190 min,26.107112,91.584078,13,2026-08-29 09:57:38,2026-08-29 09:58:05,2026-08-29 10:00:27,2026-08-29 10:02:56
1787,508,anomaly,high,resolved,AI anomaly: prolonged inactivity 336 min,26.165744,91.567199,3,2026-09-03 12:13:36,2026-09-03 12:18:14,2026-09-03 12:19:00,2026-09-03 12:34:21
1788,509,geofence,critical,resolved,Restricted-zone entry: Dawki Border Belt,25.189961,92.019677,19,2026-08-26 07:46:52,2026-08-26 07:47:34,2026-08-26 07:49:49,2026-08-26 08:39:53
1789,509,anomaly,high,detected,AI anomaly: prolonged inactivity 60 min,25.193222,91.995112,,2026-08-27 07:40:01,,,
1790,509,anomaly,high,resolved,AI anomaly: prolonged inactivity 54 min,25.19722,91.957147,11,2026-08-28 07:29:46,2026-08-28 07:31:02,2026-08-28 07:32:31,2026-08-28 08:03:37
1791,509,anomaly,high,resolved,AI anomaly: prolonged inactivity 194 min,25.278911,91.687473,2,2026-08-29 10:10:59,2026-08-29 10:11:24,2026-08-29 10:13:31,2026-08-29 10:22:30
1792,509,geofence,critical,resolved,Restricted-zone entry: Cherrapunji Cliff Edge,25.278911,91.687473,18,2026-08-29 10:10:59,2026-08-29 10:12:03,2026-08-29 10:14:11,2026-08-29 10:28:27
1793,509,anomaly,high,resolved,AI anomaly: prolonged inactivity 45 min,25.279724,91.687368,9,2026-08-30 07:16:46,2026-08-30 07:17:40,2026-08-30 07:18:39,2026-08-30 07:23:00
1794,509,anomaly,high,resolved,AI anomaly: prolonged inactivity 51 min,25.257026,91.706009,11,2026-08-31 07:35:01,2026-08-31 07:35:38,2026-08-31 07:38:16,2026-08-31 07:50:42
1795,509,anomaly,high,resolved,AI anomaly: prolonged inactivity 223 min,25.655053,91.890254,3,2026-09-01 10:19:16,2026-09-01 10:25:14,2026-09-01 10:26:10,2026-09-01 10:47:12
1796,510,anomaly,high,detected,AI anomaly: prolonged inactivity 48 min,26.164482,91.75273,,2026-08-09 07:32:09,,,
1797,510,anomaly,high,resolved,AI anomaly: prolonged inactivity 55 min,26.631526,92.800297,1,2026-08-10 07:31:46,2026-08-10 07:33:10,2026-08-10 07:34:28,2026-08-10 09:11:23
1798,510,anomaly,high,resolved,AI anomaly: prolonged inactivity 79 min,26.631714,92.800302,15,2026-08-11 07:50:10,2026-08-11 07:50:19,2026-08-11 07:52:35,2026-08-11 07:59:26
1799,510,anomaly,high,resolved,AI anomaly: prolonged inactivity 267 min,26.183908,91.752631,9,2026-08-12 11:14:51,2026-08-12 11:16:56,2026-08-12 11:18:07,2026-08-12 11:23:39
1800,510,anomaly,high,detected,AI anomaly: prolonged inactivity 65 min,26.182935,91.753493,,2026-08-14 07:49:16,,,
1801,510,anomaly,high,detected,AI anomaly: prolonged inactivity 180 min,27.584621,91.857586,,2026-08-16 09:32:27,,,
1802,510,anomaly,high,resolved,AI anomaly: prolonged inactivity 52 min,27.585099,91.858182,11,2026-08-17 07:30:45,2026-08-17 07:31:21,2026-08-17 07:34:59,2026-08-17 07:44:16
1803,512,anomaly,high,resolved,AI anomaly: prolonged inactivity 430 min,26.112764,91.633404,16,2026-07-30 14:06:08,2026-07-30 14:06:46,2026-07-30 14:11:16,2026-07-30 14:13:56
1804,512,geofence,critical,resolved,Restricted-zone entry: Deepor Beel Wetland Edge,26.119542,91.6496,22,2026-07-30 14:12:17,2026-07-30 14:12:54,2026-07-30 14:19:15,2026-07-30 14:29:13
1805,512,anomaly,high,resolved,AI anomaly: prolonged inactivity 59 min,26.111055,91.628008,6,2026-07-31 07:52:24,2026-07-31 07:55:13,2026-07-31 07:56:05,2026-07-31 08:36:00
1806,512,anomaly,high,resolved,AI anomaly: prolonged inactivity 191 min,26.232685,92.081228,10,2026-08-01 10:04:39,2026-08-01 10:06:34,2026-08-01 10:08:05,2026-08-01 10:17:32
1807,513,anomaly,high,acknowledged,AI anomaly: prolonged inactivity 64 min,26.178355,91.753052,,2026-09-04 07:45:30,2026-09-04 07:46:24,,
1808,514,anomaly,high,dispatched,AI anomaly: prolonged inactivity 71 min,23.832639,91.286945,20,2026-08-04 08:04:46,2026-08-04 08:06:36,2026-08-04 08:13:24,
1809,514,anomaly,high,resolved,AI anomaly: prolonged inactivity 50 min,23.833056,91.286498,14,2026-08-06 07:46:14,2026-08-06 07:47:31,2026-08-06 07:50:44,2026-08-06 08:31:54
1810,514,anomaly,high,acknowledged,AI anomaly: prolonged inactivity 466 min,24.817818,93.93775,,2026-08-07 14:17:15,2026-08-07 14:21:20,,
1811,514,anomaly,high,resolved,AI anomaly: prolonged inactivity 436 min,26.577758,93.171836,18,2026-08-12 14:09:37,2026-08-12 14:10:46,2026-08-12 14:11:45,2026-08-12 14:28:34
1812,514,geofence,critical,resolved,Restricted-zone entry: Kaziranga Core Zone,26.578296,93.171624,10,2026-08-12 14:14:47,2026-08-12 14:20:19,2026-08-12 14:24:36,2026-08-12 14:38:38
1813,514,anomaly,high,resolved,AI anomaly: prolonged inactivity 85 min,26.577436,93.171553,8,2026-08-14 08:01:36,2026-08-14 08:02:14,2026-08-14 08:02:59,2026-08-14 08:07:51
1814,514,anomaly,high,resolved,AI anomaly: prolonged inactivity 69 min,26.57771,93.171301,13,2026-08-15 08:00:23,2026-08-15 08:01:28,2026-08-15 08:23:04,2026-08-15 08:34:37
1815,517,anomaly,high,resolved,AI anomaly: prolonged inactivity 213 min,26.108216,91.584126,17,2026-07-25 10:03:21,2026-07-25 10:04:45,2026-07-25 10:07:00,2026-07-25 10:25:09
1816,518,geofence,critical,resolved,Restricted-zone entry: Kaziranga Core Zone,26.57841,93.171239,2,2026-08-27 07:49:39,2026-08-27 07:52:10,2026-08-27 08:01:37,2026-08-27 09:11:11
1817,518,anomaly,high,resolved,AI anomaly: prolonged inactivity 73 min,26.578764,93.170308,1,2026-08-28 07:59:53,2026-08-28 08:04:09,2026-08-28 08:08:43,2026-08-28 08:15:26
1818,518,anomaly,high,resolved,AI anomaly: prolonged inactivity 65 min,26.578766,93.169483,13,2026-08-29 07:56:15,2026-08-29 07:56:48,2026-08-29 07:57:37,2026-08-29 08:05:49
1819,518,anomaly,high,resolved,AI anomaly: prolonged inactivity 408 min,25.675757,94.109846,21,2026-08-31 13:21:03,2026-08-31 13:23:35,2026-08-31 13:24:55,2026-08-31 13:52:48
1820,518,anomaly,high,resolved,AI anomaly: prolonged inactivity 76 min,25.675017,94.109289,20,2026-09-01 08:03:50,2026-09-01 08:06:47,2026-09-01 08:10:36,2026-09-01 08:47:19
1821,518,anomaly,high,resolved,AI anomaly: prolonged inactivity 48 min,25.675477,94.110206,17,2026-09-02 07:30:02,2026-09-02 07:31:55,2026-09-02 07:33:05,2026-09-02 07:54:54
1822,518,anomaly,high,detected,AI anomaly: prolonged inactivity 169 min,23.830976,91.286592,,2026-09-03 09:21:49,,,
1823,518,anomaly,high,dispatched,AI anomaly: prolonged inactivity 48 min,23.831489,91.286634,5,2026-09-04 07:45:42,2026-09-04 07:47:22,2026-09-04 07:47:56,
1824,518,anomaly,high,resolved,AI anomaly: prolonged inactivity 65 min,23.831091,91.285925,7,2026-09-05 07:46:22,2026-09-05 07:47:23,2026-09-05 07:49:19,2026-09-05 08:07:35
1825,519,anomaly,high,resolved,AI anomaly: prolonged inactivity 904 min,26.110915,91.635961,20,2026-07-29 21:55:51,2026-07-29 21:57:11,2026-07-29 21:59:07,2026-07-29 22:19:30
1826,519,geofence,critical,resolved,Restricted-zone entry: Deepor Beel Wetland Edge,26.119552,91.64963,8,2026-07-29 22:00:22,2026-07-29 22:03:37,2026-07-29 22:04:29,2026-07-29 22:20:29
1827,519,anomaly,high,resolved,AI anomaly: prolonged inactivity 1316 min,26.178928,91.784587,13,2026-07-31 04:51:38,2026-07-31 04:52:24,2026-07-31 04:55:41,2026-07-31 05:11:25
1828,519,anomaly,high,resolved,AI anomaly: prolonged inactivity 1181 min,25.934252,91.434057,17,2026-08-02 02:19:53,2026-08-02 02:26:58,2026-08-02 02:28:13,2026-08-02 02:41:36
1829,520,anomaly,high,dispatched,AI anomaly: prolonged inactivity 49 min,26.25062,91.515989,17,2026-07-28 07:58:55,2026-07-28 08:00:20,2026-07-28 08:02:27,
1830,520,anomaly,high,resolved,AI anomaly: prolonged inactivity 274 min,26.171244,91.768754,1,2026-07-30 11:17:29,2026-07-30 11:31:21,2026-07-30 11:32:02,2026-07-30 12:23:16
1831,520,geofence,critical,resolved,Restricted-zone entry: Riverside Restricted Area,26.175507,91.777948,15,2026-07-30 11:20:34,2026-07-30 11:23:17,2026-07-30 11:24:17,2026-07-30 12:05:38
1832,520,sos,critical,resolved,"SOS triggered by Mridula Banerjee: Stuck on the cliff edge, the path collapsed behind me.",26.167002,91.75959,4,2026-07-31 11:07:38,2026-07-31 11:08:10,2026-07-31 11:10:02,2026-07-31 11:27:56
1833,521,anomaly,high,resolved,AI anomaly: prolonged inactivity 446 min,25.59633,91.891877,18,2026-08-02 14:11:06,2026-08-02 14:12:06,2026-08-02 14:12:56,2026-08-02 14:32:32
1834,521,anomaly,high,resolved,AI anomaly: prolonged inactivity 46 min,25.595504,91.892563,13,2026-08-03 07:44:33,2026-08-03 07:45:05,2026-08-03 07:48:32,2026-08-03 09:21:24
1835,521,anomaly,high,resolved,AI anomaly: prolonged inactivity 225 min,25.280304,91.686699,19,2026-08-04 10:30:34,2026-08-04 10:32:16,2026-08-04 10:32:53,2026-08-04 10:35:41
1836,521,geofence,critical,dispatched,Restricted-zone entry: Cherrapunji Cliff Edge,25.280338,91.687198,19,2026-08-04 11:24:26,2026-08-04 11:25:16,2026-08-04 11:26:39,
1837,521,anomaly,high,resolved,AI anomaly: prolonged inactivity 240 min,25.199849,91.915086,20,2026-08-06 10:45:59,2026-08-06 10:46:51,2026-08-06 10:49:05,2026-08-06 11:24:00
1838,521,anomaly,high,resolved,AI anomaly: prolonged inactivity 51 min,25.199171,91.914866,18,2026-08-07 07:43:20,2026-08-07 07:43:54,2026-08-07 07:52:04,2026-08-07 09:14:39
1839,521,sos,critical,resolved,"SOS triggered by Priya Kumar: Feeling severely unwell, chest pain, need medical assistance.",25.269989,91.696269,7,2026-08-05 17:21:58,2026-08-05 17:22:49,2026-08-05 17:25:36,2026-08-05 19:15:15
1840,522,anomaly,high,resolved,AI anomaly: prolonged inactivity 184 min,26.368209,91.633084,16,2026-08-08 09:40:05,2026-08-08 09:41:06,2026-08-08 09:42:29,2026-08-08 10:38:05
1841,523,anomaly,high,resolved,AI anomaly: prolonged inactivity 63 min,26.180856,91.753446,12,2026-08-22 07:48:11,2026-08-22 07:48:39,2026-08-22 08:02:12,2026-08-22 08:07:24
1842,523,anomaly,high,detected,AI anomaly: prolonged inactivity 424 min,26.633826,92.800467,,2026-08-24 13:38:10,,,
1843,523,anomaly,high,resolved,AI anomaly: prolonged inactivity 60 min,26.634489,92.799785,4,2026-08-25 08:03:16,2026-08-25 08:04:01,2026-08-25 08:08:38,2026-08-25 08:18:44
1844,523,anomaly,high,dispatched,AI anomaly: prolonged inactivity 61 min,26.6342,92.801276,6,2026-08-26 07:55:46,2026-08-26 07:56:43,2026-08-26 08:01:14,
1845,523,anomaly,high,dispatched,AI anomaly: prolonged inactivity 403 min,27.585395,91.860033,5,2026-08-27 13:30:43,2026-08-27 13:35:22,2026-08-27 13:36:32,
1846,523,anomaly,high,detected,AI anomaly: prolonged inactivity 63 min,27.585588,91.859764,,2026-08-28 07:51:29,,,
1847,523,anomaly,high,resolved,AI anomaly: prolonged inactivity 81 min,27.586624,91.860261,22,2026-08-29 07:58:55,2026-08-29 08:00:12,2026-08-29 08:02:45,2026-08-29 08:18:47
1848,523,anomaly,high,dispatched,AI anomaly: prolonged inactivity 176 min,27.545761,93.83262,13,2026-08-30 09:33:30,2026-08-30 09:34:04,2026-08-30 09:34:44,
1849,523,anomaly,high,dispatched,AI anomaly: prolonged inactivity 62 min,27.546218,93.832528,9,2026-08-31 07:38:55,2026-08-31 07:39:27,2026-08-31 07:47:02,
1850,523,anomaly,high,resolved,AI anomaly: prolonged inactivity 64 min,27.546206,93.832033,6,2026-09-01 07:41:15,2026-09-01 07:46:17,2026-09-01 07:47:41,2026-09-01 07:56:39
1851,524,anomaly,high,resolved,AI anomaly: prolonged inactivity 844 min,26.950734,94.169902,15,2026-08-26 21:06:24,2026-08-26 21:07:07,2026-08-26 21:11:27,2026-08-26 21:19:56
1852,524,anomaly,high,resolved,AI anomaly: prolonged inactivity 1198 min,26.753376,94.205585,12,2026-08-28 02:44:07,2026-08-28 02:46:00,2026-08-28 02:51:57,2026-08-28 03:10:18
1853,524,geofence,critical,acknowledged,Restricted-zone entry: Kaziranga Core Zone,26.576823,93.17144,,2026-08-30 03:44:45,2026-08-30 03:49:59,,
1854,526,anomaly,high,resolved,AI anomaly: prolonged inactivity 307 min,26.249918,91.515532,15,2026-08-25 12:12:25,2026-08-25 12:13:37,2026-08-25 12:15:57,2026-08-25 12:54:02
1855,526,anomaly,high,dispatched,AI anomaly: prolonged inactivity 75 min,26.248942,91.51485,19,2026-08-26 07:49:21,2026-08-26 07:50:49,2026-08-26 07:54:43,
1856,526,anomaly,high,dispatched,AI anomaly: prolonged inactivity 367 min,26.3674,91.631985,11,2026-08-27 13:00:42,2026-08-27 13:03:58,2026-08-27 13:04:44,
1857,526,anomaly,high,resolved,AI anomaly: prolonged inactivity 246 min,26.367831,91.630719,7,2026-08-28 10:47:17,2026-08-28 10:47:46,2026-08-28 10:53:30,2026-08-28 11:07:50
1858,527,anomaly,high,dispatched,AI anomaly: prolonged inactivity 49 min,26.167191,91.77848,15,2026-07-23 07:24:45,2026-07-23 07:25:57,2026-07-23 07:30:36,
1859,527,geofence,critical,resolved,Restricted-zone entry: Riverside Restricted Area,26.185134,91.762758,20,2026-07-23 07:56:59,2026-07-23 07:58:59,2026-07-23 07:59:42,2026-07-23 08:27:01
1860,527,anomaly,high,resolved,AI anomaly: prolonged inactivity 489 min,26.336084,91.668158,14,2026-07-24 14:51:35,2026-07-24 14:52:54,2026-07-24 14:55:18,2026-07-24 15:05:35
1861,528,geofence,critical,resolved,Restricted-zone entry: Deepor Beel Wetland Edge,26.119362,91.649606,4,2026-07-27 07:45:50,2026-07-27 07:46:57,2026-07-27 07:54:37,2026-07-27 07:58:26
1862,528,anomaly,high,resolved,AI anomaly: prolonged inactivity 244 min,26.232591,92.082175,9,2026-07-28 11:11:34,2026-07-28 11:15:35,2026-07-28 11:17:46,2026-07-28 11:28:33
1863,529,anomaly,high,resolved,AI anomaly: unusual movement pattern,26.224744,91.794829,9,2026-08-20 07:43:35,2026-08-20 07:45:58,2026-08-20 07:48:02,2026-08-20 07:56:29
1864,530,anomaly,high,resolved,AI anomaly: prolonged inactivity 59 min,26.248664,91.518156,14,2026-07-31 07:48:36,2026-07-31 07:49:26,2026-07-31 07:52:39,2026-07-31 07:56:38
1865,530,anomaly,high,resolved,AI anomaly: prolonged inactivity 327 min,26.368919,91.634521,15,2026-08-01 12:16:48,2026-08-01 12:17:19,2026-08-01 12:20:14,2026-08-01 12:52:12
1866,530,anomaly,high,resolved,AI anomaly: prolonged inactivity 256 min,26.172002,91.7621,9,2026-08-03 11:16:49,2026-08-03 11:19:11,2026-08-03 11:25:39,2026-08-03 11:52:08
1867,530,geofence,critical,resolved,Restricted-zone entry: Riverside Restricted Area,26.172002,91.7621,14,2026-08-03 11:16:49,2026-08-03 11:18:34,2026-08-03 11:23:33,2026-08-03 11:57:29
1868,531,anomaly,high,resolved,AI anomaly: prolonged inactivity 57 min,26.107535,91.587561,3,2026-08-12 07:33:54,2026-08-12 07:34:38,2026-08-12 07:43:27,2026-08-12 08:35:47
1869,531,anomaly,high,resolved,AI anomaly: prolonged inactivity 49 min,26.106899,91.587541,22,2026-08-13 07:46:00,2026-08-13 07:47:36,2026-08-13 07:49:19,2026-08-13 08:00:54
1870,531,anomaly,high,resolved,AI anomaly: prolonged inactivity 258 min,26.634585,92.800664,12,2026-08-14 11:01:46,2026-08-14 11:05:43,2026-08-14 11:08:48,2026-08-14 11:28:57
1871,531,anomaly,high,resolved,AI anomaly: prolonged inactivity 432 min,26.575864,93.170487,13,2026-08-16 13:53:24,2026-08-16 13:54:56,2026-08-16 14:05:51,2026-08-16 14:18:32
1872,531,geofence,critical,resolved,Restricted-zone entry: Kaziranga Core Zone,26.577335,93.170601,12,2026-08-16 14:08:11,2026-08-16 14:08:52,2026-08-16 14:10:36,2026-08-16 14:41:24
1873,531,anomaly,high,dispatched,AI anomaly: prolonged inactivity 328 min,26.950786,94.169787,4,2026-08-18 12:10:49,2026-08-18 12:13:49,2026-08-18 12:16:32,
1874,531,anomaly,high,resolved,AI anomaly: prolonged inactivity 82 min,26.949817,94.169737,10,2026-08-19 08:00:43,2026-08-19 08:01:15,2026-08-19 08:01:54,2026-08-19 08:05:12
1875,531,anomaly,high,resolved,AI anomaly: prolonged inactivity 447 min,26.981251,94.641121,11,2026-08-20 14:12:02,2026-08-20 14:13:35,2026-08-20 14:14:10,2026-08-20 14:32:24
1876,531,anomaly,high,resolved,AI anomaly: prolonged inactivity 67 min,26.982154,94.641017,21,2026-08-21 07:50:56,2026-08-21 07:52:12,2026-08-21 07:53:57,2026-08-21 08:25:52
1877,532,anomaly,high,resolved,AI anomaly: prolonged inactivity 286 min,26.632675,92.801948,13,2026-09-03 11:22:59,2026-09-03 11:31:31,2026-09-03 11:35:08,2026-09-03 11:39:26
1878,532,anomaly,high,resolved,AI anomaly: prolonged inactivity 441 min,27.586474,91.859112,22,2026-09-04 13:51:24,2026-09-04 13:55:04,2026-09-04 14:00:09,2026-09-04 14:14:09
1879,532,anomaly,high,resolved,AI anomaly: prolonged inactivity 392 min,27.545703,93.831795,22,2026-09-05 13:16:46,2026-09-05 13:18:27,2026-09-05 13:19:38,2026-09-05 13:36:59
1880,533,anomaly,high,resolved,AI anomaly: prolonged inactivity 351 min,26.112334,91.634207,19,2026-08-09 12:36:19,2026-08-09 12:37:09,2026-08-09 12:39:10,2026-08-09 18:39:18
1881,533,geofence,critical,resolved,Restricted-zone entry: Deepor Beel Wetland Edge,26.119171,91.650781,3,2026-08-09 12:58:11,2026-08-09 12:58:56,2026-08-09 12:59:58,2026-08-09 13:03:23
1882,533,anomaly,high,detected,AI anomaly: prolonged inactivity 302 min,26.133019,91.747676,,2026-08-10 11:48:40,,,
1883,533,anomaly,high,resolved,AI anomaly: prolonged inactivity 235 min,26.231654,92.083032,7,2026-08-11 10:42:54,2026-08-11 10:43:56,2026-08-11 10:57:24,2026-08-11 11:15:34
1884,534,anomaly,high,resolved,AI anomaly: abnormal speed 209 km/h (possible vehicle abduction),26.144806,91.782153,15,2026-09-01 07:06:14,2026-09-01 07:06:43,2026-09-01 07:07:48,2026-09-01 07:16:03
1885,535,anomaly,high,resolved,AI anomaly: prolonged inactivity 182 min,26.368858,91.633779,14,2026-08-18 10:02:26,2026-08-18 10:04:07,2026-08-18 10:06:43,2026-08-18 10:09:53
1886,535,anomaly,high,resolved,AI anomaly: prolonged inactivity 160 min,26.175656,91.748081,22,2026-08-19 09:20:41,2026-08-19 09:21:47,2026-08-19 09:24:32,2026-08-19 09:27:33
1887,536,sos,critical,resolved,"SOS triggered by Manish Reddy: Someone snatched my bag and pushed me down, need police now.",26.148377,91.787724,3,2026-09-01 20:52:18,2026-09-01 20:52:54,2026-09-01 20:53:35,2026-09-01 21:00:29
1888,537,anomaly,high,detected,AI anomaly: prolonged inactivity 1266 min,26.634015,92.801296,,2026-09-05 03:51:28,,,
1889,538,anomaly,high,resolved,AI anomaly: prolonged inactivity 53 min,26.148201,91.785514,7,2026-08-21 07:44:16,2026-08-21 07:48:14,2026-08-21 07:54:18,2026-08-21 08:30:40
1890,538,anomaly,high,resolved,AI anomaly: prolonged inactivity 421 min,26.105854,91.586854,3,2026-08-22 13:33:09,2026-08-22 13:34:04,2026-08-22 13:44:23,2026-08-22 14:06:11
1891,540,anomaly,high,dispatched,AI anomaly: prolonged inactivity 71 min,26.250702,91.516948,14,2026-07-30 07:41:59,2026-07-30 07:43:42,2026-07-30 07:57:15,
1892,540,anomaly,high,dispatched,AI anomaly: prolonged inactivity 349 min,26.164509,91.731595,5,2026-07-31 12:24:24,2026-07-31 12:26:00,2026-07-31 12:26:40,
1893,541,anomaly,high,resolved,AI anomaly: prolonged inactivity 462 min,26.918855,92.880924,2,2026-08-31 14:28:33,2026-08-31 14:29:48,2026-08-31 14:31:16,2026-08-31 14:37:56
1894,541,anomaly,high,dispatched,AI anomaly: prolonged inactivity 460 min,26.634716,92.799131,14,2026-09-02 14:21:55,2026-09-02 14:22:50,2026-09-02 14:24:34,
1895,542,anomaly,high,resolved,AI anomaly: prolonged inactivity 66 min,25.197371,91.949595,3,2026-08-22 08:03:21,2026-08-22 08:04:10,2026-08-22 08:06:00,2026-08-22 09:31:52
1896,542,geofence,critical,resolved,Restricted-zone entry: Dawki Border Belt,25.189414,92.020544,18,2026-08-22 09:16:21,2026-08-22 09:18:56,2026-08-22 09:20:54,2026-08-22 09:37:41
1897,542,anomaly,high,detected,AI anomaly: prolonged inactivity 179 min,25.292752,91.677578,,2026-08-23 09:54:23,,,
1898,542,anomaly,high,resolved,AI anomaly: prolonged inactivity 421 min,25.631367,91.89035,15,2026-08-25 13:46:11,2026-08-25 13:51:14,2026-08-25 13:54:29,2026-08-25 14:29:19
1899,543,anomaly,high,resolved,AI anomaly: prolonged inactivity 51 min,26.180977,91.74081,14,2026-07-26 07:36:38,2026-07-26 07:37:36,2026-07-26 07:39:52,2026-07-26 07:58:00
1900,544,geofence,critical,resolved,Restricted-zone entry: Deepor Beel Wetland Edge,26.119397,91.650643,10,2026-08-10 21:42:00,2026-08-10 21:44:54,2026-08-10 21:47:24,2026-08-10 21:52:01
1901,544,anomaly,high,resolved,AI anomaly: prolonged inactivity 1121 min,26.231976,92.083073,5,2026-08-12 01:12:32,2026-08-12 01:14:05,2026-08-12 01:15:53,2026-08-12 01:36:59
1902,545,anomaly,high,resolved,AI anomaly: prolonged inactivity 61 min,26.631971,92.798957,1,2026-08-01 07:53:58,2026-08-01 07:57:23,2026-08-01 08:00:56,2026-08-01 08:21:36
1903,545,anomaly,high,resolved,AI anomaly: prolonged inactivity 66 min,26.63157,92.799266,17,2026-08-02 07:41:46,2026-08-02 07:44:28,2026-08-02 07:48:39,2026-08-02 09:10:59
1904,545,anomaly,high,resolved,AI anomaly: prolonged inactivity 208 min,26.750337,94.202907,14,2026-08-03 10:17:42,2026-08-03 10:18:32,2026-08-03 10:25:55,2026-08-03 11:27:43
1905,545,anomaly,high,resolved,AI anomaly: prolonged inactivity 351 min,26.98458,94.642817,18,2026-08-06 12:28:57,2026-08-06 12:31:55,2026-08-06 12:33:58,2026-08-06 13:34:08
1906,547,anomaly,high,acknowledged,AI anomaly: prolonged inactivity 47 min,26.251581,91.518312,,2026-08-02 07:44:35,2026-08-02 07:46:15,,
1907,547,anomaly,high,resolved,AI anomaly: prolonged inactivity 389 min,26.15121,91.728708,20,2026-08-03 13:08:11,2026-08-03 13:13:22,2026-08-03 13:14:41,2026-08-03 13:25:21
1908,547,anomaly,high,resolved,AI anomaly: prolonged inactivity 81 min,26.128874,91.765888,15,2026-08-04 07:55:03,2026-08-04 07:57:34,2026-08-04 08:00:07,2026-08-04 08:06:03
1909,548,anomaly,high,resolved,AI anomaly: prolonged inactivity 202 min,25.933346,91.431817,12,2026-08-15 10:18:09,2026-08-15 10:21:23,2026-08-15 10:25:16,2026-08-15 10:50:09
1910,549,geofence,critical,detected,Restricted-zone entry: Kaziranga Core Zone,26.57692,93.171746,,2026-07-23 08:06:29,,,
1911,549,anomaly,high,resolved,AI anomaly: prolonged inactivity 503 min,25.672931,94.108536,15,2026-07-25 15:01:23,2026-07-25 15:04:01,2026-07-25 15:06:28,2026-07-25 15:59:57
1912,549,anomaly,high,resolved,AI anomaly: prolonged inactivity 157 min,24.818586,93.937455,3,2026-07-27 09:15:37,2026-07-27 09:16:57,2026-07-27 09:20:09,2026-07-27 09:36:37
1913,549,anomaly,high,dispatched,AI anomaly: prolonged inactivity 79 min,24.818358,93.936365,10,2026-07-28 08:04:13,2026-07-28 08:05:05,2026-07-28 08:08:20,
1914,549,anomaly,high,resolved,AI anomaly: prolonged inactivity 298 min,23.727285,92.717963,4,2026-07-29 11:58:50,2026-07-29 12:02:07,2026-07-29 12:03:07,2026-07-29 12:13:37
1915,549,anomaly,high,resolved,AI anomaly: prolonged inactivity 398 min,23.833172,91.285125,16,2026-07-31 13:23:22,2026-07-31 13:24:08,2026-07-31 13:24:34,2026-07-31 13:31:50
1916,549,anomaly,high,resolved,AI anomaly: prolonged inactivity 53 min,23.833114,91.285475,12,2026-08-01 07:45:43,2026-08-01 07:49:16,2026-08-01 07:50:27,2026-08-01 07:55:05
1917,549,anomaly,high,resolved,AI anomaly: prolonged inactivity 293 min,27.33045,88.614625,5,2026-08-02 11:36:41,2026-08-02 11:43:32,2026-08-02 11:47:07,2026-08-02 11:50:59
1918,550,geofence,critical,resolved,Restricted-zone entry: Deepor Beel Wetland Edge,26.118921,91.650333,11,2026-08-04 07:28:11,2026-08-04 07:30:17,2026-08-04 07:31:11,2026-08-04 07:45:53
1919,550,anomaly,high,resolved,AI anomaly: prolonged inactivity 200 min,26.179837,91.787948,3,2026-08-05 09:57:20,2026-08-05 09:58:17,2026-08-05 10:02:47,2026-08-05 10:46:52
1920,550,anomaly,high,resolved,AI anomaly: prolonged inactivity 397 min,26.232771,92.082633,3,2026-08-06 13:19:05,2026-08-06 13:21:01,2026-08-06 13:23:03,2026-08-06 13:31:03
1921,550,anomaly,high,resolved,AI anomaly: prolonged inactivity 322 min,25.932972,91.434726,17,2026-08-07 11:56:30,2026-08-07 11:58:01,2026-08-07 11:59:28,2026-08-07 12:04:24
1922,551,anomaly,high,resolved,AI anomaly: prolonged inactivity 69 min,27.542638,93.832891,20,2026-08-07 07:48:19,2026-08-07 07:50:31,2026-08-07 07:54:19,2026-08-07 07:59:40
1923,551,anomaly,high,dispatched,AI anomaly: prolonged inactivity 218 min,26.632996,92.801749,18,2026-08-09 10:25:48,2026-08-09 10:27:41,2026-08-09 10:28:38,
1924,551,anomaly,high,resolved,AI anomaly: prolonged inactivity 85 min,26.633579,92.802418,9,2026-08-10 08:03:34,2026-08-10 08:07:23,2026-08-10 08:09:59,2026-08-10 08:42:49
1925,551,anomaly,high,resolved,AI anomaly: prolonged inactivity 440 min,26.184569,91.752789,1,2026-08-11 14:13:16,2026-08-11 14:13:56,2026-08-11 14:14:24,2026-08-11 14:20:54
1926,551,anomaly,high,resolved,AI anomaly: prolonged inactivity 58 min,26.184479,91.751866,14,2026-08-12 07:59:12,2026-08-12 08:03:55,2026-08-12 08:05:26,2026-08-12 08:19:59
1927,551,anomaly,high,resolved,AI anomaly: prolonged inactivity 313 min,27.584818,91.860614,16,2026-08-13 12:03:37,2026-08-13 12:04:10,2026-08-13 12:35:49,2026-08-13 14:46:30
1928,551,anomaly,high,dispatched,AI anomaly: prolonged inactivity 69 min,27.584731,91.859566,4,2026-08-14 07:57:08,2026-08-14 07:57:48,2026-08-14 07:58:56,
1929,552,anomaly,high,resolved,AI anomaly: prolonged inactivity 66 min,26.181511,91.753485,2,2026-08-07 07:57:47,2026-08-07 08:06:10,2026-08-07 08:07:21,2026-08-07 08:11:48
1930,552,anomaly,high,resolved,AI anomaly: prolonged inactivity 54 min,26.181511,91.753264,2,2026-08-08 07:44:48,2026-08-08 07:45:26,2026-08-08 07:47:01,2026-08-08 08:02:33
1931,552,anomaly,high,dispatched,AI anomaly: prolonged inactivity 346 min,25.659128,91.887803,15,2026-08-09 12:16:38,2026-08-09 12:17:31,2026-08-09 12:21:16,
1932,552,anomaly,high,dispatched,AI anomaly: prolonged inactivity 56 min,25.65899,91.887652,7,2026-08-10 07:53:52,2026-08-10 07:54:01,2026-08-10 07:59:32,
1933,552,anomaly,high,resolved,AI anomaly: prolonged inactivity 237 min,25.269381,91.692742,22,2026-08-12 10:48:58,2026-08-12 10:51:57,2026-08-12 10:52:28,2026-08-12 11:19:07
1934,552,geofence,critical,acknowledged,Restricted-zone entry: Cherrapunji Cliff Edge,25.269381,91.692742,,2026-08-12 10:48:58,2026-08-12 10:51:43,,
1935,552,anomaly,high,resolved,AI anomaly: prolonged inactivity 57 min,25.2704,91.693143,9,2026-08-13 07:43:21,2026-08-13 07:44:01,2026-08-13 07:44:50,2026-08-13 08:05:17
1936,553,geofence,critical,resolved,Restricted-zone entry: Kaziranga Core Zone,26.576895,93.171115,14,2026-08-19 07:18:57,2026-08-19 07:24:05,2026-08-19 07:30:50,2026-08-19 07:42:33
1937,553,anomaly,high,resolved,AI anomaly: prolonged inactivity 365 min,26.635167,92.798639,20,2026-08-21 12:43:07,2026-08-21 12:44:34,2026-08-21 12:46:27,2026-08-21 13:05:44
1938,553,anomaly,high,resolved,AI anomaly: prolonged inactivity 244 min,26.919578,92.879417,9,2026-08-22 11:01:52,2026-08-22 11:02:55,2026-08-22 11:05:14,2026-08-22 11:36:10
1939,553,anomaly,high,resolved,AI anomaly: prolonged inactivity 408 min,26.749416,94.2041,11,2026-08-23 13:25:28,2026-08-23 13:32:12,2026-08-23 13:32:42,2026-08-23 14:11:07
1940,553,anomaly,high,resolved,AI anomaly: prolonged inactivity 365 min,26.98201,94.643005,22,2026-08-25 12:50:42,2026-08-25 12:51:51,2026-08-25 12:54:41,2026-08-25 13:01:06
1941,553,anomaly,high,dispatched,AI anomaly: prolonged inactivity 162 min,26.107556,91.585513,18,2026-08-26 09:17:10,2026-08-26 09:18:09,2026-08-26 09:19:05,
1942,555,anomaly,high,dispatched,AI anomaly: prolonged inactivity 84 min,23.725484,92.718557,7,2026-07-29 07:58:39,2026-07-29 08:01:10,2026-07-29 08:02:00,
1943,555,anomaly,high,resolved,AI anomaly: prolonged inactivity 483 min,23.831976,91.287029,20,2026-07-30 14:51:29,2026-07-30 14:51:42,2026-07-30 14:55:36,2026-07-30 14:59:21
1944,555,anomaly,high,resolved,AI anomaly: prolonged inactivity 230 min,25.578576,91.890956,11,2026-08-01 10:25:00,2026-08-01 10:26:32,2026-08-01 10:27:57,2026-08-01 10:38:16
1945,555,anomaly,high,dispatched,AI anomaly: prolonged inactivity 83 min,25.578322,91.891718,13,2026-08-02 07:54:29,2026-08-02 07:56:57,2026-08-02 08:01:50,
1946,555,anomaly,high,resolved,AI anomaly: prolonged inactivity 369 min,26.575183,93.172608,12,2026-08-03 12:46:42,2026-08-03 12:47:37,2026-08-03 12:50:01,2026-08-03 12:54:48
1947,555,geofence,critical,dispatched,Restricted-zone entry: Kaziranga Core Zone,26.575183,93.172608,4,2026-08-03 12:46:42,2026-08-03 12:48:43,2026-08-03 12:50:41,
1948,555,anomaly,high,resolved,AI anomaly: prolonged inactivity 57 min,26.575197,93.171762,10,2026-08-04 07:47:18,2026-08-04 07:47:30,2026-08-04 07:49:33,2026-08-04 08:03:54
1949,555,anomaly,high,resolved,AI anomaly: prolonged inactivity 351 min,25.675844,94.110326,2,2026-08-05 12:34:32,2026-08-05 12:35:31,2026-08-05 12:36:21,2026-08-05 12:55:26
1950,555,anomaly,high,resolved,AI anomaly: prolonged inactivity 54 min,25.675803,94.110542,15,2026-08-06 08:01:30,2026-08-06 08:02:58,2026-08-06 08:09:10,2026-08-06 08:22:35
1951,555,anomaly,high,resolved,AI anomaly: prolonged inactivity 440 min,27.332018,88.613684,6,2026-08-07 13:56:22,2026-08-07 13:57:18,2026-08-07 13:57:36,2026-08-07 14:20:42
1952,556,anomaly,high,acknowledged,AI anomaly: prolonged inactivity 190 min,26.634115,92.797756,,2026-08-21 09:48:11,2026-08-21 09:49:11,,
1953,556,anomaly,high,dispatched,AI anomaly: prolonged inactivity 91 min,26.633993,92.798155,7,2026-08-22 08:01:48,2026-08-22 08:02:30,2026-08-22 08:03:47,
1954,556,anomaly,high,resolved,AI anomaly: prolonged inactivity 48 min,26.633602,92.798548,22,2026-08-23 07:35:50,2026-08-23 07:37:52,2026-08-23 07:39:53,2026-08-23 07:42:19
1955,556,anomaly,high,resolved,AI anomaly: prolonged inactivity 428 min,26.184512,91.751436,5,2026-08-24 13:59:02,2026-08-24 14:01:14,2026-08-24 14:03:58,2026-08-24 14:12:11
1956,556,anomaly,high,dispatched,AI anomaly: prolonged inactivity 51 min,26.18427,91.75209,21,2026-08-26 07:28:07,2026-08-26 07:31:26,2026-08-26 07:51:51,
1957,556,anomaly,high,resolved,AI anomaly: prolonged inactivity 273 min,27.545758,93.830563,22,2026-08-27 11:20:45,2026-08-27 11:21:08,2026-08-27 11:25:31,2026-08-27 12:29:10
1958,556,anomaly,high,dispatched,AI anomaly: prolonged inactivity 65 min,27.545479,93.830352,19,2026-08-28 07:56:28,2026-08-28 07:57:24,2026-08-28 07:59:07,
1959,558,anomaly,high,dispatched,AI anomaly: prolonged inactivity 470 min,26.067227,91.631362,10,2026-07-29 14:38:48,2026-07-29 14:40:33,2026-07-29 14:45:04,
1960,559,anomaly,high,resolved,AI anomaly: prolonged inactivity 411 min,26.106169,91.58725,1,2026-08-13 13:22:09,2026-08-13 13:24:14,2026-08-13 13:30:43,2026-08-13 13:54:45
1961,560,anomaly,high,acknowledged,AI anomaly: prolonged inactivity 872 min,26.248913,91.518593,,2026-08-30 21:28:25,2026-08-30 21:29:17,,
1962,560,anomaly,high,resolved,AI anomaly: prolonged inactivity 1061 min,26.36808,91.632691,7,2026-09-01 00:10:48,2026-09-01 00:15:46,2026-09-01 00:19:37,2026-09-01 00:28:57
1963,562,anomaly,high,resolved,AI anomaly: prolonged inactivity 174 min,26.177354,91.785026,11,2026-07-25 09:53:26,2026-07-25 09:55:46,2026-07-25 09:57:47,2026-07-25 10:41:54
1964,563,anomaly,high,resolved,AI anomaly: prolonged inactivity 429 min,26.103783,91.585661,1,2026-09-03 14:01:18,2026-09-03 14:03:45,2026-09-03 14:04:59,2026-09-03 14:12:31
1965,563,anomaly,high,detected,AI anomaly: prolonged inactivity 404 min,26.57812,93.170643,,2026-09-04 13:24:53,,,
1966,563,geofence,critical,resolved,Restricted-zone entry: Kaziranga Core Zone,26.576146,93.171485,2,2026-09-04 14:16:56,2026-09-04 14:20:03,2026-09-04 14:24:26,2026-09-04 14:37:32
1967,563,anomaly,high,resolved,AI anomaly: prolonged inactivity 317 min,25.673812,94.11014,3,2026-09-05 12:14:11,2026-09-05 12:15:56,2026-09-05 12:18:20,2026-09-05 12:28:17
1968,563,missing_person,critical,dispatched,Rituparna Kalita has not reported a location for over 6 hours,25.672021,94.111051,6,2026-09-05 18:26:58,2026-09-05 18:30:02,2026-09-05 18:31:13,
1969,564,anomaly,high,resolved,AI anomaly: prolonged inactivity 48 min,26.365007,91.631939,17,2026-07-24 07:34:37,2026-07-24 07:38:07,2026-07-24 07:42:47,2026-07-24 07:55:09
1970,564,anomaly,high,resolved,AI anomaly: prolonged inactivity 257 min,26.175304,91.757831,6,2026-07-25 11:21:19,2026-07-25 11:22:31,2026-07-25 11:27:33,2026-07-25 11:47:14
1971,564,fall_detected,critical,dispatched,Possible fall detected by Priya Sen's band,26.364967,91.631977,15,2026-07-23 07:38:55,2026-07-23 07:42:20,2026-07-23 07:50:22,
1972,565,anomaly,high,resolved,AI anomaly: prolonged inactivity 435 min,26.632096,92.800245,14,2026-09-02 13:45:05,2026-09-02 13:45:27,2026-09-02 13:48:31,2026-09-02 14:04:23
1973,565,anomaly,high,resolved,AI anomaly: prolonged inactivity 373 min,26.184386,91.752536,17,2026-09-03 12:50:11,2026-09-03 12:50:46,2026-09-03 12:54:42,2026-09-03 13:43:26
1974,565,anomaly,high,resolved,AI anomaly: prolonged inactivity 75 min,26.184396,91.752061,1,2026-09-04 07:45:55,2026-09-04 07:48:22,2026-09-04 07:49:12,2026-09-04 08:26:45
1975,565,anomaly,high,resolved,AI anomaly: prolonged inactivity 192 min,27.545816,93.83349,17,2026-09-05 10:01:29,2026-09-05 10:02:16,2026-09-05 10:03:26,2026-09-05 11:08:02
1976,566,anomaly,high,dispatched,AI anomaly: prolonged inactivity 402 min,26.05691,91.537987,2,2026-08-17 13:34:47,2026-08-17 13:38:13,2026-08-17 13:40:04,
1977,567,anomaly,high,resolved,AI anomaly: prolonged inactivity 301 min,26.106396,91.585462,1,2026-07-27 11:40:23,2026-07-27 11:42:10,2026-07-27 11:44:25,2026-07-27 12:17:17
1978,568,anomaly,high,resolved,AI anomaly: prolonged inactivity 875 min,26.749898,94.204621,18,2026-07-27 21:08:33,2026-07-27 21:09:04,2026-07-27 21:10:47,2026-07-27 21:23:22
1979,568,anomaly,high,resolved,AI anomaly: prolonged inactivity 1203 min,26.949017,94.168203,6,2026-07-29 02:50:58,2026-07-29 02:52:18,2026-07-29 02:54:18,2026-07-29 03:25:44
1980,568,anomaly,high,resolved,AI anomaly: prolonged inactivity 1148 min,26.982674,94.640517,1,2026-07-31 01:50:20,2026-07-31 01:52:27,2026-07-31 01:55:54,2026-07-31 02:08:19
1981,568,geofence,critical,detected,Restricted-zone entry: Kaziranga Core Zone,26.578976,93.17065,,2026-08-01 01:07:43,,,
1982,568,anomaly,high,dispatched,AI anomaly: prolonged inactivity 994 min,26.632534,92.800808,11,2026-08-02 23:25:52,2026-08-02 23:29:59,2026-08-02 23:31:29,
1983,568,anomaly,high,resolved,AI anomaly: prolonged inactivity 880 min,26.632712,92.801117,6,2026-08-03 21:42:33,2026-08-03 21:46:49,2026-08-03 21:47:52,2026-08-03 22:02:35
1984,568,anomaly,high,resolved,AI anomaly: prolonged inactivity 989 min,26.920758,92.879664,19,2026-08-04 23:11:43,2026-08-04 23:15:46,2026-08-04 23:17:34,2026-08-04 23:25:48
1985,570,anomaly,high,resolved,AI anomaly: prolonged inactivity 88 min,26.136599,91.784981,18,2026-07-23 08:01:13,2026-07-23 08:02:15,2026-07-23 08:07:05,2026-07-23 08:20:37
1986,570,geofence,critical,resolved,Restricted-zone entry: Riverside Restricted Area,26.175258,91.777845,17,2026-07-23 10:30:17,2026-07-23 10:31:04,2026-07-23 10:38:44,2026-07-23 10:51:34
1987,570,anomaly,high,resolved,AI anomaly: prolonged inactivity 64 min,26.135802,91.784734,1,2026-07-24 07:54:56,2026-07-24 07:56:23,2026-07-24 07:58:21,2026-07-24 08:07:59
1988,570,anomaly,high,resolved,AI anomaly: prolonged inactivity 298 min,26.366419,91.63202,15,2026-07-25 12:00:08,2026-07-25 12:02:56,2026-07-25 12:08:43,2026-07-25 12:26:48
1989,571,anomaly,high,resolved,AI anomaly: prolonged inactivity 218 min,23.83158,91.288327,7,2026-09-02 10:24:36,2026-09-02 10:27:47,2026-09-02 10:29:30,2026-09-02 10:41:11
1990,571,anomaly,high,resolved,AI anomaly: prolonged inactivity 197 min,26.1042,91.585626,10,2026-09-03 10:05:40,2026-09-03 10:07:57,2026-09-03 10:08:51,2026-09-03 10:31:46
1991,571,anomaly,high,resolved,AI anomaly: prolonged inactivity 319 min,26.576627,93.170182,22,2026-09-04 11:55:19,2026-09-04 11:57:02,2026-09-04 12:00:41,2026-09-04 12:01:43
1992,571,geofence,critical,resolved,Restricted-zone entry: Kaziranga Core Zone,26.576992,93.170546,4,2026-09-04 12:08:49,2026-09-04 12:11:59,2026-09-04 12:15:37,2026-09-04 12:34:02
1993,571,anomaly,high,acknowledged,AI anomaly: prolonged inactivity 250 min,25.674891,94.106075,,2026-09-05 10:50:52,2026-09-05 10:53:47,,
1994,572,anomaly,high,acknowledged,AI anomaly: prolonged inactivity 56 min,25.674064,94.10902,,2026-08-24 07:48:36,2026-08-24 07:49:03,,
1995,572,anomaly,high,resolved,AI anomaly: prolonged inactivity 73 min,25.673794,94.107914,17,2026-08-25 07:46:37,2026-08-25 07:48:38,2026-08-25 07:52:17,2026-08-25 08:06:14
1996,572,anomaly,high,resolved,AI anomaly: prolonged inactivity 393 min,24.815782,93.938754,19,2026-08-26 13:28:53,2026-08-26 13:35:47,2026-08-26 13:43:07,2026-08-26 14:10:07
1997,572,anomaly,high,resolved,AI anomaly: prolonged inactivity 74 min,24.815862,93.938075,5,2026-08-28 07:47:27,2026-08-28 07:47:56,2026-08-28 07:48:41,2026-08-28 10:10:00
1998,572,anomaly,high,resolved,AI anomaly: prolonged inactivity 305 min,23.728399,92.716808,5,2026-08-29 11:48:01,2026-08-29 11:48:15,2026-08-29 11:51:13,2026-08-29 12:04:03
1999,572,anomaly,high,resolved,AI anomaly: prolonged inactivity 74 min,23.728147,92.717348,8,2026-08-30 07:48:43,2026-08-30 07:52:44,2026-08-30 07:55:20,2026-08-30 08:19:14
2000,572,anomaly,high,resolved,AI anomaly: prolonged inactivity 337 min,26.106861,91.586517,17,2026-08-31 12:20:09,2026-08-31 12:21:06,2026-08-31 12:21:54,2026-08-31 12:25:03
2001,572,anomaly,high,resolved,AI anomaly: prolonged inactivity 68 min,26.105916,91.586387,22,2026-09-01 07:40:12,2026-09-01 07:46:04,2026-09-01 07:48:03,2026-09-01 08:27:41
2002,572,anomaly,high,resolved,AI anomaly: prolonged inactivity 68 min,26.106601,91.586306,12,2026-09-02 08:01:04,2026-09-02 08:02:43,2026-09-02 08:09:23,2026-09-02 08:48:29
2003,572,anomaly,high,resolved,AI anomaly: prolonged inactivity 361 min,26.57572,93.172435,3,2026-09-03 12:45:11,2026-09-03 12:46:09,2026-09-03 12:57:02,2026-09-03 13:01:04
2004,572,geofence,critical,resolved,Restricted-zone entry: Kaziranga Core Zone,26.576631,93.170469,3,2026-09-03 14:09:05,2026-09-03 14:12:40,2026-09-03 14:13:46,2026-09-03 14:55:06
2005,573,anomaly,high,resolved,AI anomaly: prolonged inactivity 453 min,26.10741,91.588028,14,2026-09-02 14:21:01,2026-09-02 14:22:11,2026-09-02 14:22:41,2026-09-02 14:36:01
2006,573,anomaly,high,resolved,AI anomaly: prolonged inactivity 394 min,25.579268,91.893934,6,2026-09-03 13:34:22,2026-09-03 13:36:00,2026-09-03 13:49:14,2026-09-03 14:01:47
2007,573,anomaly,high,resolved,AI anomaly: abnormal speed 193 km/h (possible vehicle abduction),24.771263,93.98049,5,2026-09-05 09:21:34,2026-09-05 09:22:43,2026-09-05 09:31:19,2026-09-05 09:46:07
2008,574,anomaly,high,resolved,AI anomaly: prolonged inactivity 891 min,27.543912,93.833096,9,2026-08-01 21:28:06,2026-08-01 21:29:43,2026-08-01 21:34:14,2026-08-01 21:56:30
2009,574,anomaly,high,resolved,AI anomaly: prolonged inactivity 856 min,27.544496,93.833725,4,2026-08-02 21:07:21,2026-08-02 21:08:59,2026-08-02 21:13:30,2026-08-02 21:23:59
2010,574,anomaly,high,resolved,AI anomaly: prolonged inactivity 1104 min,26.634342,92.799135,10,2026-08-04 01:26:46,2026-08-04 01:29:25,2026-08-04 01:30:22,2026-08-04 01:37:10
2011,574,anomaly,high,resolved,AI anomaly: prolonged inactivity 1237 min,26.180615,91.753198,5,2026-08-06 03:19:26,2026-08-06 03:25:34,2026-08-06 03:47:31,2026-08-06 03:58:20
2012,574,anomaly,high,dispatched,AI anomaly: prolonged inactivity 1068 min,27.586146,91.860631,14,2026-08-08 00:39:29,2026-08-08 00:40:43,2026-08-08 00:44:07,
2013,575,anomaly,high,resolved,AI anomaly: prolonged inactivity 61 min,26.180569,91.745993,16,2026-08-04 07:36:27,2026-08-04 07:38:23,2026-08-04 07:40:14,2026-08-04 07:50:46
2014,578,anomaly,high,resolved,AI anomaly: prolonged inactivity 304 min,25.676641,94.107117,7,2026-08-27 11:56:38,2026-08-27 11:57:26,2026-08-27 11:58:15,2026-08-27 12:29:46
2015,578,anomaly,high,resolved,AI anomaly: prolonged inactivity 50 min,25.676225,94.107731,13,2026-08-28 07:46:12,2026-08-28 07:48:33,2026-08-28 07:52:33,2026-08-28 08:07:07
2016,578,anomaly,high,resolved,AI anomaly: prolonged inactivity 78 min,25.676817,94.107338,20,2026-08-29 07:50:26,2026-08-29 07:57:04,2026-08-29 08:04:14,2026-08-29 08:47:28
2017,578,anomaly,high,resolved,AI anomaly: prolonged inactivity 153 min,27.330571,88.613195,21,2026-08-30 09:08:57,2026-08-30 09:10:40,2026-08-30 09:12:32,2026-08-30 10:18:12
2018,578,anomaly,high,resolved,AI anomaly: prolonged inactivity 90 min,27.331478,88.612924,7,2026-08-31 08:04:40,2026-08-31 08:07:57,2026-08-31 08:09:02,2026-08-31 08:19:45
2019,580,anomaly,high,resolved,AI anomaly: prolonged inactivity 55 min,26.106958,91.585724,1,2026-08-01 07:28:27,2026-08-01 07:28:53,2026-08-01 07:30:27,2026-08-01 07:42:34
2020,580,anomaly,high,resolved,AI anomaly: prolonged inactivity 454 min,25.57886,91.895315,3,2026-08-02 14:20:49,2026-08-02 14:21:55,2026-08-02 14:25:37,2026-08-02 14:48:34
2021,580,anomaly,high,resolved,AI anomaly: prolonged inactivity 64 min,25.579065,91.895254,22,2026-08-03 07:54:42,2026-08-03 07:55:19,2026-08-03 08:01:55,2026-08-03 08:02:58
2022,580,anomaly,high,resolved,AI anomaly: prolonged inactivity 48 min,25.578778,91.895233,13,2026-08-06 07:56:00,2026-08-06 07:57:28,2026-08-06 07:58:14,2026-08-06 08:02:15
2023,580,anomaly,high,dispatched,AI anomaly: prolonged inactivity 460 min,24.819071,93.937952,19,2026-08-08 14:29:42,2026-08-08 14:31:07,2026-08-08 14:32:12,
2024,580,anomaly,high,resolved,AI anomaly: prolonged inactivity 81 min,24.819435,93.937429,12,2026-08-09 07:52:52,2026-08-09 07:55:40,2026-08-09 07:56:47,2026-08-09 08:24:47
2025,580,anomaly,high,resolved,AI anomaly: prolonged inactivity 64 min,24.81885,93.937629,1,2026-08-13 07:38:38,2026-08-13 07:39:12,2026-08-13 07:45:59,2026-08-13 08:04:53
2026,580,missing_person,critical,dispatched,Rohan Patel has not reported a location for over 6 hours,24.820686,93.938347,6,2026-08-14 07:01:39,2026-08-14 07:04:53,2026-08-14 07:11:52,
2027,581,anomaly,high,resolved,AI anomaly: prolonged inactivity 368 min,26.364806,91.634191,16,2026-08-03 12:57:00,2026-08-03 12:58:40,2026-08-03 13:01:15,2026-08-03 13:31:01
2028,581,anomaly,high,dispatched,AI anomaly: prolonged inactivity 220 min,26.179316,91.753195,15,2026-08-04 10:14:57,2026-08-04 10:15:31,2026-08-04 10:17:41,
2029,582,anomaly,high,resolved,AI anomaly: prolonged inactivity 1316 min,26.178863,91.787064,11,2026-08-01 04:28:56,2026-08-01 04:31:39,2026-08-01 04:34:08,2026-08-01 04:46:45
2030,584,anomaly,high,resolved,AI anomaly: prolonged inactivity 442 min,25.276629,91.687014,16,2026-08-20 13:58:09,2026-08-20 13:59:31,2026-08-20 14:02:34,2026-08-20 14:43:22
2031,584,geofence,critical,dispatched,Restricted-zone entry: Cherrapunji Cliff Edge,25.277086,91.685037,20,2026-08-20 14:22:51,2026-08-20 14:24:32,2026-08-20 14:29:15,
2032,584,anomaly,high,resolved,AI anomaly: prolonged inactivity 78 min,25.276833,91.687978,12,2026-08-21 07:53:36,2026-08-21 07:53:57,2026-08-21 07:58:10,2026-08-21 08:28:41
2033,584,anomaly,high,resolved,AI anomaly: prolonged inactivity 64 min,25.276912,91.687246,12,2026-08-22 07:41:46,2026-08-22 07:42:34,2026-08-22 07:44:02,2026-08-22 08:27:29
2034,584,anomaly,high,resolved,AI anomaly: prolonged inactivity 399 min,25.189849,92.020872,6,2026-08-23 13:45:50,2026-08-23 13:48:48,2026-08-23 13:57:22,2026-08-23 14:15:23
2035,584,geofence,critical,resolved,Restricted-zone entry: Dawki Border Belt,25.189849,92.020872,17,2026-08-23 13:45:50,2026-08-23 13:51:46,2026-08-23 13:52:39,2026-08-23 14:03:48
2036,585,anomaly,high,dispatched,AI anomaly: prolonged inactivity 47 min,26.633313,92.79968,13,2026-09-01 07:28:13,2026-09-01 07:28:47,2026-09-01 07:33:07,
2037,585,anomaly,high,resolved,AI anomaly: prolonged inactivity 313 min,26.183365,91.750203,21,2026-09-02 11:51:56,2026-09-02 11:54:15,2026-09-02 11:56:50,2026-09-02 12:13:02
2038,585,anomaly,high,resolved,AI anomaly: prolonged inactivity 480 min,27.58744,91.860488,20,2026-09-03 14:44:42,2026-09-03 14:46:26,2026-09-03 14:51:22,2026-09-03 14:56:43
2039,585,anomaly,high,resolved,AI anomaly: prolonged inactivity 190 min,27.587762,91.860039,9,2026-09-04 10:09:53,2026-09-04 10:13:12,2026-09-04 10:14:37,2026-09-04 10:27:11
2040,585,anomaly,high,dispatched,AI anomaly: prolonged inactivity 298 min,27.543598,93.831512,16,2026-09-05 11:29:23,2026-09-05 11:30:32,2026-09-05 11:45:13,
2041,586,anomaly,high,resolved,AI anomaly: prolonged inactivity 51 min,27.331431,88.614149,18,2026-08-27 07:23:05,2026-08-27 07:24:52,2026-08-27 07:26:32,2026-08-27 07:49:14
2042,586,anomaly,high,resolved,AI anomaly: prolonged inactivity 71 min,27.331885,88.614282,22,2026-08-28 07:55:09,2026-08-28 07:59:02,2026-08-28 07:59:40,2026-08-28 08:07:20
2043,586,anomaly,high,resolved,AI anomaly: prolonged inactivity 256 min,26.577745,93.171436,8,2026-08-29 10:53:45,2026-08-29 10:55:58,2026-08-29 11:01:12,2026-08-29 11:14:34
2044,586,geofence,critical,resolved,Restricted-zone entry: Kaziranga Core Zone,26.576724,93.172055,14,2026-08-29 11:00:35,2026-08-29 11:02:55,2026-08-29 11:03:55,2026-08-29 11:20:31
2045,586,anomaly,high,resolved,AI anomaly: prolonged inactivity 46 min,26.578855,93.171832,21,2026-08-31 07:50:01,2026-08-31 07:51:03,2026-08-31 08:05:58,2026-08-31 08:09:18
2046,586,anomaly,high,resolved,AI anomaly: prolonged inactivity 200 min,25.675404,94.110068,18,2026-09-01 10:16:42,2026-09-01 10:18:55,2026-09-01 10:25:39,2026-09-01 10:44:49
2047,586,anomaly,high,resolved,AI anomaly: prolonged inactivity 51 min,25.67694,94.109792,22,2026-09-02 07:51:47,2026-09-02 07:54:47,2026-09-02 07:58:47,2026-09-02 08:10:17
2048,586,anomaly,high,resolved,AI anomaly: prolonged inactivity 427 min,24.818744,93.937754,21,2026-09-04 13:47:51,2026-09-04 13:48:13,2026-09-04 13:48:57,2026-09-04 15:22:39
2049,586,anomaly,high,resolved,AI anomaly: prolonged inactivity 62 min,24.818415,93.938809,2,2026-09-05 08:03:17,2026-09-05 08:04:38,2026-09-05 08:06:40,2026-09-05 08:24:33
2050,587,anomaly,high,resolved,AI anomaly: prolonged inactivity 56 min,26.106197,91.586059,2,2026-08-04 07:37:29,2026-08-04 07:39:42,2026-08-04 07:44:40,2026-08-04 08:04:23
2051,587,anomaly,high,resolved,AI anomaly: prolonged inactivity 65 min,26.106566,91.586804,11,2026-08-05 07:51:25,2026-08-05 07:53:38,2026-08-05 07:54:14,2026-08-05 08:06:00
2052,587,anomaly,high,dispatched,AI anomaly: prolonged inactivity 446 min,26.634048,92.799608,13,2026-08-06 14:03:16,2026-08-06 14:03:34,2026-08-06 14:19:07,
2053,587,anomaly,high,dispatched,AI anomaly: prolonged inactivity 54 min,26.153226,91.66737,22,2026-08-08 07:30:23,2026-08-08 07:32:36,2026-08-08 07:33:53,
2054,587,anomaly,high,resolved,AI anomaly: prolonged inactivity 236 min,26.984242,94.642941,20,2026-08-09 10:29:48,2026-08-09 10:32:30,2026-08-09 10:33:38,2026-08-09 10:43:37
2055,587,anomaly,high,resolved,AI anomaly: prolonged inactivity 90 min,26.984224,94.643724,6,2026-08-10 08:02:22,2026-08-10 08:03:23,2026-08-10 08:04:07,2026-08-10 08:16:58
2056,589,anomaly,high,resolved,AI anomaly: prolonged inactivity 83 min,26.632434,92.799926,18,2026-08-16 07:59:50,2026-08-16 08:00:16,2026-08-16 08:00:59,2026-08-16 08:26:22
2057,589,anomaly,high,resolved,AI anomaly: prolonged inactivity 339 min,26.576902,93.171866,21,2026-08-17 12:12:33,2026-08-17 12:13:44,2026-08-17 12:20:17,2026-08-17 12:49:18
2058,589,geofence,critical,resolved,Restricted-zone entry: Kaziranga Core Zone,26.576929,93.170613,3,2026-08-17 12:18:36,2026-08-17 12:22:13,2026-08-17 12:36:51,2026-08-17 12:51:08
2059,589,anomaly,high,detected,AI anomaly: prolonged inactivity 485 min,26.752686,94.203577,,2026-08-18 15:00:02,,,
2060,589,anomaly,high,dispatched,AI anomaly: prolonged inactivity 56 min,26.751899,94.203646,8,2026-08-19 07:50:03,2026-08-19 07:52:26,2026-08-19 07:53:12,
2061,589,anomaly,high,resolved,AI anomaly: prolonged inactivity 466 min,26.948958,94.169558,22,2026-08-20 14:33:38,2026-08-20 14:34:43,2026-08-20 14:46:18,2026-08-20 15:19:35
2062,589,anomaly,high,resolved,AI anomaly: prolonged inactivity 323 min,26.106158,91.587392,21,2026-08-21 11:59:50,2026-08-21 12:02:18,2026-08-21 12:03:46,2026-08-21 12:18:55
2063,590,anomaly,high,detected,AI anomaly: prolonged inactivity 54 min,25.673911,91.858343,,2026-07-29 07:31:38,,,
2064,590,anomaly,high,resolved,AI anomaly: prolonged inactivity 362 min,25.199576,91.941909,14,2026-07-30 12:47:01,2026-07-30 12:48:01,2026-07-30 12:48:46,2026-07-30 13:21:55
2065,590,geofence,critical,resolved,Restricted-zone entry: Dawki Border Belt,25.190067,92.021155,9,2026-07-30 14:19:56,2026-07-30 14:22:08,2026-07-30 14:27:16,2026-07-30 15:39:18
2066,590,anomaly,high,resolved,AI anomaly: prolonged inactivity 82 min,25.199371,91.941589,6,2026-07-31 07:55:11,2026-07-31 07:55:52,2026-07-31 07:59:18,2026-07-31 08:18:00
2067,590,anomaly,high,resolved,AI anomaly: prolonged inactivity 495 min,26.1807,91.753553,14,2026-08-01 14:53:13,2026-08-01 14:57:22,2026-08-01 14:58:18,2026-08-01 15:25:59
2068,591,geofence,critical,resolved,Restricted-zone entry: Deepor Beel Wetland Edge,26.119774,91.649997,13,2026-07-31 07:19:52,2026-07-31 07:21:14,2026-07-31 07:22:32,2026-07-31 07:32:57
2069,591,anomaly,high,dispatched,AI anomaly: prolonged inactivity 297 min,26.232582,92.085124,4,2026-08-01 11:51:53,2026-08-01 11:54:04,2026-08-01 11:57:22,
2070,592,anomaly,high,resolved,AI anomaly: prolonged inactivity 206 min,26.10605,91.584147,10,2026-09-05 10:12:43,2026-09-05 10:15:06,2026-09-05 10:24:12,2026-09-05 12:07:29
2071,593,anomaly,high,resolved,AI anomaly: prolonged inactivity 63 min,24.817158,93.935218,17,2026-08-04 07:43:56,2026-08-04 07:49:52,2026-08-04 07:53:42,2026-08-04 08:04:43
2072,593,anomaly,high,resolved,AI anomaly: prolonged inactivity 49 min,24.816275,93.935154,4,2026-08-05 07:43:36,2026-08-05 07:44:55,2026-08-05 07:52:22,2026-08-05 08:07:04
2073,593,anomaly,high,resolved,AI anomaly: prolonged inactivity 57 min,24.816587,93.934875,14,2026-08-06 07:42:58,2026-08-06 07:43:22,2026-08-06 07:43:41,2026-08-06 07:49:24
2074,593,anomaly,high,resolved,AI anomaly: prolonged inactivity 450 min,25.674977,94.108575,19,2026-08-08 14:01:18,2026-08-08 14:03:31,2026-08-08 14:04:35,2026-08-08 14:09:32
2075,593,anomaly,high,resolved,AI anomaly: prolonged inactivity 347 min,25.580104,91.894482,17,2026-08-13 12:45:08,2026-08-13 12:46:17,2026-08-13 12:46:44,2026-08-13 13:09:17
2076,593,anomaly,high,resolved,AI anomaly: prolonged inactivity 77 min,25.580697,91.89482,8,2026-08-15 07:55:03,2026-08-15 07:59:04,2026-08-15 08:06:18,2026-08-15 08:34:42
2077,593,anomaly,high,resolved,AI anomaly: prolonged inactivity 61 min,25.580164,91.893992,17,2026-08-16 07:31:48,2026-08-16 07:32:44,2026-08-16 07:36:53,2026-08-16 07:54:33
2078,595,anomaly,high,acknowledged,AI anomaly: prolonged inactivity 45 min,25.67396,94.108323,,2026-07-25 07:24:20,2026-07-25 07:31:02,,
2079,595,anomaly,high,resolved,AI anomaly: prolonged inactivity 345 min,24.817213,93.935529,9,2026-07-27 12:41:11,2026-07-27 12:47:37,2026-07-27 12:50:19,2026-07-27 14:40:11
2080,595,anomaly,high,dispatched,AI anomaly: prolonged inactivity 484 min,26.576867,93.169457,12,2026-07-29 14:53:15,2026-07-29 14:54:34,2026-07-29 14:58:40,
2081,595,geofence,critical,resolved,Restricted-zone entry: Kaziranga Core Zone,26.576867,93.169457,12,2026-07-29 14:53:15,2026-07-29 14:55:48,2026-07-29 15:01:10,2026-07-29 15:30:48
2082,595,anomaly,high,acknowledged,AI anomaly: prolonged inactivity 83 min,26.576365,93.169047,,2026-07-30 07:55:38,2026-07-30 07:56:20,,
2083,595,anomaly,high,acknowledged,AI anomaly: prolonged inactivity 397 min,26.10595,91.585869,,2026-07-31 13:22:30,2026-07-31 13:23:33,,
2084,595,anomaly,high,resolved,AI anomaly: prolonged inactivity 80 min,26.106835,91.585634,8,2026-08-01 08:01:54,2026-08-01 08:05:38,2026-08-01 08:09:42,2026-08-01 08:22:08
2085,595,anomaly,high,resolved,AI anomaly: prolonged inactivity 160 min,25.57783,91.895344,17,2026-08-02 09:12:32,2026-08-02 09:15:38,2026-08-02 09:20:28,2026-08-02 09:25:39
2086,595,anomaly,high,resolved,AI anomaly: prolonged inactivity 253 min,27.330224,88.615263,15,2026-08-04 11:00:16,2026-08-04 11:01:00,2026-08-04 11:01:41,2026-08-04 11:06:55
2087,595,missing_person,critical,dispatched,Divya Nair has not reported a location for over 6 hours,27.329553,88.616953,9,2026-08-06 06:54:24,2026-08-06 06:56:29,2026-08-06 06:57:59,
2088,596,anomaly,high,resolved,AI anomaly: prolonged inactivity 185 min,25.291865,91.678759,9,2026-07-31 09:41:12,2026-07-31 09:42:51,2026-07-31 09:47:29,2026-07-31 10:00:56
2089,596,anomaly,high,resolved,AI anomaly: prolonged inactivity 159 min,25.190769,92.020258,14,2026-08-02 09:36:28,2026-08-02 09:37:14,2026-08-02 09:41:24,2026-08-02 09:52:35
2090,596,geofence,critical,resolved,Restricted-zone entry: Dawki Border Belt,25.190769,92.020258,16,2026-08-02 09:36:28,2026-08-02 09:37:23,2026-08-02 09:42:43,2026-08-02 09:58:53
2091,597,geofence,critical,resolved,Restricted-zone entry: Kaziranga Core Zone,26.578508,93.172005,10,2026-08-07 08:06:22,2026-08-07 08:11:49,2026-08-07 08:12:57,2026-08-07 09:01:59
2092,597,anomaly,high,resolved,AI anomaly: prolonged inactivity 212 min,26.634832,92.800553,22,2026-08-09 10:20:36,2026-08-09 10:21:05,2026-08-09 10:32:31,2026-08-09 10:48:43
2093,597,anomaly,high,resolved,AI anomaly: prolonged inactivity 281 min,26.921806,92.88044,4,2026-08-10 11:18:02,2026-08-10 11:18:55,2026-08-10 11:20:53,2026-08-10 11:34:44
2094,597,anomaly,high,resolved,AI anomaly: prolonged inactivity 48 min,26.921047,92.880817,21,2026-08-11 07:37:58,2026-08-11 07:38:56,2026-08-11 07:40:32,2026-08-11 07:51:13
2095,597,anomaly,high,resolved,AI anomaly: prolonged inactivity 391 min,26.750571,94.203896,11,2026-08-12 13:21:04,2026-08-12 13:21:34,2026-08-12 13:27:15,2026-08-12 13:47:57
2096,597,anomaly,high,acknowledged,AI anomaly: prolonged inactivity 295 min,26.107929,91.586646,,2026-08-13 11:30:21,2026-08-13 11:30:41,,
2097,598,anomaly,high,resolved,AI anomaly: prolonged inactivity 70 min,26.635104,92.800833,1,2026-08-05 08:00:31,2026-08-05 08:01:07,2026-08-05 08:12:08,2026-08-05 08:31:52
2098,598,anomaly,high,resolved,AI anomaly: prolonged inactivity 61 min,26.634261,92.800632,13,2026-08-06 07:42:49,2026-08-06 07:44:24,2026-08-06 07:45:20,2026-08-06 07:57:10
2099,598,anomaly,high,resolved,AI anomaly: prolonged inactivity 350 min,26.57793,93.171144,21,2026-08-07 12:34:10,2026-08-07 12:34:59,2026-08-07 12:46:58,2026-08-07 14:00:45
2100,598,geofence,critical,resolved,Restricted-zone entry: Kaziranga Core Zone,26.57793,93.171144,6,2026-08-07 12:34:10,2026-08-07 12:36:13,2026-08-07 12:39:18,2026-08-07 12:50:06
2101,598,anomaly,high,dispatched,AI anomaly: prolonged inactivity 184 min,26.750494,94.204898,14,2026-08-09 09:55:03,2026-08-09 09:55:31,2026-08-09 09:56:31,
2102,598,anomaly,high,resolved,AI anomaly: prolonged inactivity 47 min,26.750235,94.205104,10,2026-08-10 07:36:48,2026-08-10 07:37:08,2026-08-10 07:37:54,2026-08-10 09:25:59
2103,598,anomaly,high,resolved,AI anomaly: prolonged inactivity 400 min,26.982743,94.641519,16,2026-08-11 13:20:05,2026-08-11 13:21:19,2026-08-11 13:22:03,2026-08-11 13:34:50
2104,598,anomaly,high,resolved,AI anomaly: prolonged inactivity 374 min,26.104502,91.585485,18,2026-08-13 13:05:53,2026-08-13 13:09:06,2026-08-13 13:10:54,2026-08-13 13:24:33
2105,600,anomaly,high,dispatched,AI anomaly: prolonged inactivity 79 min,23.727953,92.716115,1,2026-08-24 07:50:18,2026-08-24 07:52:27,2026-08-24 07:53:10,
2106,600,anomaly,high,resolved,AI anomaly: prolonged inactivity 218 min,23.831869,91.288333,20,2026-08-25 10:15:52,2026-08-25 10:22:32,2026-08-25 10:24:41,2026-08-25 10:41:57
2107,600,anomaly,high,resolved,AI anomaly: prolonged inactivity 75 min,23.831762,91.28822,15,2026-08-26 07:44:59,2026-08-26 07:45:37,2026-08-26 07:46:30,2026-08-26 07:55:20
2108,600,anomaly,high,resolved,AI anomaly: prolonged inactivity 372 min,26.107534,91.586735,8,2026-08-27 12:48:42,2026-08-27 12:53:07,2026-08-27 12:54:03,2026-08-27 13:15:18
2109,600,anomaly,high,detected,AI anomaly: prolonged inactivity 307 min,26.576494,93.170209,,2026-08-29 11:55:38,,,
2110,600,geofence,critical,resolved,Restricted-zone entry: Kaziranga Core Zone,26.576494,93.170209,21,2026-08-29 11:55:38,2026-08-29 11:58:19,2026-08-29 11:59:34,2026-08-29 12:31:58
2111,600,anomaly,high,resolved,AI anomaly: prolonged inactivity 161 min,25.673278,94.108661,5,2026-08-31 09:14:40,2026-08-31 09:18:20,2026-08-31 09:20:40,2026-08-31 09:23:41
2112,600,anomaly,high,resolved,AI anomaly: prolonged inactivity 90 min,25.673786,94.108076,2,2026-09-01 08:01:44,2026-09-01 08:05:12,2026-09-01 08:09:04,2026-09-01 08:16:04
2113,600,anomaly,high,resolved,AI anomaly: prolonged inactivity 470 min,27.330459,88.612539,6,2026-09-02 14:21:44,2026-09-02 14:22:21,2026-09-02 14:28:13,2026-09-02 14:36:31
2114,601,anomaly,high,acknowledged,AI anomaly: prolonged inactivity 875 min,26.106611,91.587516,,2026-08-25 21:23:35,2026-08-25 21:26:06,,
2115,601,anomaly,high,dispatched,AI anomaly: prolonged inactivity 1024 min,26.143512,91.791217,12,2026-08-27 00:08:55,2026-08-27 00:10:17,2026-08-27 00:12:25,
2116,602,geofence,critical,resolved,Restricted-zone entry: Riverside Restricted Area,26.185349,91.762815,11,2026-09-02 09:18:16,2026-09-02 09:21:12,2026-09-02 09:26:48,2026-09-02 09:34:59
2117,602,anomaly,high,resolved,AI anomaly: prolonged inactivity 59 min,26.189462,91.748606,18,2026-09-03 07:42:33,2026-09-03 07:43:17,2026-09-03 07:46:20,2026-09-03 07:59:48
2118,602,anomaly,high,resolved,AI anomaly: prolonged inactivity 71 min,26.186926,91.755319,19,2026-09-05 07:57:46,2026-09-05 07:58:58,2026-09-05 07:59:48,2026-09-05 08:19:11
2119,603,anomaly,high,resolved,AI anomaly: prolonged inactivity 87 min,26.105375,91.585021,19,2026-08-31 07:58:15,2026-08-31 08:00:01,2026-08-31 08:01:36,2026-08-31 08:10:51
2120,603,anomaly,high,dispatched,AI anomaly: prolonged inactivity 421 min,26.918644,92.879855,3,2026-09-01 13:47:23,2026-09-01 13:52:29,2026-09-01 13:54:58,
2121,603,anomaly,high,resolved,AI anomaly: prolonged inactivity 413 min,26.577549,93.170867,16,2026-09-02 13:44:28,2026-09-02 13:45:55,2026-09-02 13:48:23,2026-09-02 13:51:04
2122,603,geofence,critical,acknowledged,Restricted-zone entry: Kaziranga Core Zone,26.577549,93.170867,,2026-09-02 13:44:28,2026-09-02 13:46:37,,
2123,603,anomaly,high,detected,AI anomaly: prolonged inactivity 150 min,26.751401,94.203953,,2026-09-03 09:17:38,,,
2124,603,anomaly,high,resolved,AI anomaly: prolonged inactivity 450 min,26.950634,94.170744,15,2026-09-04 14:11:33,2026-09-04 14:12:56,2026-09-04 14:13:47,2026-09-04 14:20:27
2125,603,anomaly,high,resolved,AI anomaly: prolonged inactivity 336 min,26.98075,94.643221,10,2026-09-05 12:27:48,2026-09-05 12:31:14,2026-09-05 12:37:04,2026-09-05 12:59:02
2126,604,anomaly,high,resolved,AI anomaly: prolonged inactivity 203 min,26.125509,91.775275,21,2026-07-27 10:11:59,2026-07-27 10:15:28,2026-07-27 10:58:21,2026-07-27 11:29:18
2127,605,anomaly,high,dispatched,AI anomaly: prolonged inactivity 256 min,26.09982,91.603838,13,2026-08-03 10:54:45,2026-08-03 10:55:58,2026-08-03 10:56:22,
2128,605,geofence,critical,resolved,Restricted-zone entry: Deepor Beel Wetland Edge,26.12103,91.650673,15,2026-08-03 12:16:48,2026-08-03 12:21:49,2026-08-03 12:24:43,2026-08-03 12:39:03
2129,605,anomaly,high,resolved,AI anomaly: prolonged inactivity 182 min,26.179093,91.785734,9,2026-08-04 09:53:55,2026-08-04 09:54:50,2026-08-04 09:56:40,2026-08-04 10:02:42
2130,605,anomaly,high,resolved,AI anomaly: prolonged inactivity 211 min,26.234202,92.085116,18,2026-08-05 10:06:24,2026-08-05 10:07:16,2026-08-05 10:07:54,2026-08-05 10:42:47
2131,606,anomaly,high,resolved,AI anomaly: prolonged inactivity 211 min,26.095823,91.606096,9,2026-08-10 10:07:13,2026-08-10 10:09:54,2026-08-10 10:12:39,2026-08-10 10:31:05
2132,606,geofence,critical,resolved,Restricted-zone entry: Deepor Beel Wetland Edge,26.120352,91.649303,18,2026-08-10 10:45:16,2026-08-10 10:46:41,2026-08-10 11:00:15,2026-08-10 11:46:07
2133,606,anomaly,high,resolved,AI anomaly: prolonged inactivity 412 min,25.933025,91.432016,8,2026-08-11 13:54:11,2026-08-11 13:54:37,2026-08-11 13:56:37,2026-08-11 14:11:35
2134,607,anomaly,high,resolved,AI anomaly: prolonged inactivity 80 min,26.984681,94.643771,3,2026-08-26 07:54:04,2026-08-26 07:55:04,2026-08-26 07:55:34,2026-08-26 08:25:13
2135,607,anomaly,high,resolved,AI anomaly: prolonged inactivity 434 min,26.951348,94.169714,13,2026-08-27 14:05:12,2026-08-27 14:05:41,2026-08-27 14:10:19,2026-08-27 14:56:08
2136,607,anomaly,high,resolved,AI anomaly: prolonged inactivity 433 min,26.748979,94.205369,20,2026-08-29 13:52:00,2026-08-29 13:55:01,2026-08-29 13:57:30,2026-08-29 14:14:30
2137,607,anomaly,high,resolved,AI anomaly: prolonged inactivity 463 min,26.576601,93.170907,6,2026-08-30 14:24:25,2026-08-30 14:25:00,2026-08-30 14:30:21,2026-08-30 14:43:05
2138,607,geofence,critical,dispatched,Restricted-zone entry: Kaziranga Core Zone,26.57784,93.171765,4,2026-08-30 14:31:07,2026-08-30 14:32:55,2026-08-30 14:33:29,
2139,607,anomaly,high,resolved,AI anomaly: prolonged inactivity 84 min,26.576777,93.171365,5,2026-08-31 07:59:17,2026-08-31 08:02:06,2026-08-31 08:03:34,2026-08-31 08:58:14
2140,607,anomaly,high,resolved,AI anomaly: prolonged inactivity 360 min,26.632701,92.801221,22,2026-09-01 12:48:29,2026-09-01 12:50:06,2026-09-01 12:51:27,2026-09-01 12:53:08
2141,607,anomaly,high,resolved,AI anomaly: prolonged inactivity 60 min,26.632897,92.801742,22,2026-09-02 07:48:20,2026-09-02 07:49:42,2026-09-02 07:51:39,2026-09-02 08:09:51
2142,607,anomaly,high,acknowledged,AI anomaly: prolonged inactivity 299 min,26.918492,92.880992,,2026-09-03 11:36:54,2026-09-03 11:37:13,,
2143,607,sos,critical,resolved,SOS triggered by Nabanita Baishya: Help! I am being followed by two men on a motorcycle.,26.576084,93.169703,7,2026-09-01 06:24:59,2026-09-01 06:27:05,2026-09-01 06:35:46,2026-09-01 06:50:08
2144,608,anomaly,high,resolved,AI anomaly: prolonged inactivity 328 min,26.184473,91.748903,16,2026-09-01 12:05:28,2026-09-01 12:07:50,2026-09-01 12:11:41,2026-09-01 12:14:28
2145,608,anomaly,high,resolved,AI anomaly: unusual movement pattern,26.217495,91.720292,19,2026-09-02 07:34:51,2026-09-02 07:35:37,2026-09-02 07:38:14,2026-09-02 07:53:06
2146,609,anomaly,high,resolved,AI anomaly: prolonged inactivity 433 min,25.277716,91.684647,22,2026-08-06 14:18:38,2026-08-06 14:20:50,2026-08-06 14:21:02,2026-08-06 14:27:03
2147,609,geofence,critical,resolved,Restricted-zone entry: Cherrapunji Cliff Edge,25.27665,91.686023,10,2026-08-06 14:25:28,2026-08-06 14:27:41,2026-08-06 14:28:10,2026-08-06 15:32:47
2148,609,anomaly,high,dispatched,AI anomaly: prolonged inactivity 69 min,25.27618,91.684523,22,2026-08-07 07:55:10,2026-08-07 07:58:05,2026-08-07 07:58:58,
2149,609,anomaly,high,dispatched,AI anomaly: prolonged inactivity 51 min,25.276983,91.684277,10,2026-08-08 07:23:58,2026-08-08 07:27:24,2026-08-08 07:29:49,
2150,609,anomaly,high,dispatched,AI anomaly: prolonged inactivity 441 min,26.184038,91.750367,4,2026-08-09 14:29:58,2026-08-09 14:31:40,2026-08-09 14:33:50,
2151,609,anomaly,high,resolved,AI anomaly: prolonged inactivity 82 min,26.184784,91.74953,8,2026-08-10 07:55:59,2026-08-10 07:58:24,2026-08-10 07:59:38,2026-08-10 08:05:48
2152,610,anomaly,high,resolved,AI anomaly: prolonged inactivity 49 min,24.81752,93.93632,14,2026-08-07 07:23:15,2026-08-07 07:31:48,2026-08-07 07:42:22,2026-08-07 07:44:40
2153,610,anomaly,high,dispatched,AI anomaly: prolonged inactivity 419 min,25.675803,94.110575,22,2026-08-08 13:39:46,2026-08-08 13:41:56,2026-08-08 13:43:46,
2154,610,anomaly,high,resolved,AI anomaly: prolonged inactivity 507 min,26.577464,93.173081,16,2026-08-10 15:04:49,2026-08-10 15:07:49,2026-08-10 15:09:49,2026-08-10 15:17:01
2155,610,geofence,critical,acknowledged,Restricted-zone entry: Kaziranga Core Zone,26.576922,93.171878,,2026-08-10 15:18:34,2026-08-10 15:20:48,,
2156,610,anomaly,high,resolved,AI anomaly: prolonged inactivity 215 min,26.106845,91.5867,7,2026-08-12 10:21:43,2026-08-12 10:23:02,2026-08-12 10:26:45,2026-08-12 10:30:09
2157,610,anomaly,high,resolved,AI anomaly: prolonged inactivity 87 min,26.106722,91.587945,6,2026-08-13 08:01:49,2026-08-13 08:02:13,2026-08-13 08:04:32,2026-08-13 08:13:09
2158,610,anomaly,high,resolved,AI anomaly: prolonged inactivity 184 min,23.833578,91.286279,11,2026-08-14 10:03:31,2026-08-14 10:06:13,2026-08-14 10:07:42,2026-08-14 10:23:12
2159,610,anomaly,high,resolved,AI anomaly: prolonged inactivity 48 min,23.833598,91.285799,1,2026-08-15 07:24:58,2026-08-15 07:25:40,2026-08-15 07:28:20,2026-08-15 07:34:10
2160,611,anomaly,high,resolved,AI anomaly: prolonged inactivity 66 min,26.184643,91.751259,13,2026-08-12 07:57:49,2026-08-12 08:16:35,2026-08-12 08:19:01,2026-08-12 08:30:17
2161,611,anomaly,high,resolved,AI anomaly: prolonged inactivity 82 min,26.184789,91.752636,19,2026-08-13 07:57:50,2026-08-13 07:59:35,2026-08-13 08:04:11,2026-08-13 09:04:30
2162,611,anomaly,high,resolved,AI anomaly: prolonged inactivity 289 min,26.633769,92.800191,6,2026-08-15 11:43:50,2026-08-15 11:44:53,2026-08-15 11:49:11,2026-08-15 11:59:04
2163,611,anomaly,high,resolved,AI anomaly: prolonged inactivity 52 min,26.634553,92.800677,21,2026-08-17 07:30:57,2026-08-17 07:37:30,2026-08-17 07:40:20,2026-08-17 08:32:45
2164,611,anomaly,high,dispatched,AI anomaly: prolonged inactivity 239 min,27.585914,91.85926,16,2026-08-18 11:00:10,2026-08-18 11:02:37,2026-08-18 11:13:41,
2165,611,anomaly,high,resolved,AI anomaly: prolonged inactivity 61 min,27.585671,91.859681,16,2026-08-20 07:45:58,2026-08-20 07:46:52,2026-08-20 07:50:16,2026-08-20 08:11:56
2166,611,anomaly,high,resolved,AI anomaly: prolonged inactivity 81 min,27.585873,91.860203,12,2026-08-21 07:56:32,2026-08-21 07:57:51,2026-08-21 08:02:23,2026-08-21 08:14:18
2167,611,anomaly,high,resolved,AI anomaly: prolonged inactivity 215 min,27.544231,93.831767,6,2026-08-22 10:22:23,2026-08-22 10:24:33,2026-08-22 10:25:30,2026-08-22 10:29:33
2168,613,anomaly,high,resolved,AI anomaly: prolonged inactivity 63 min,25.57935,91.894457,11,2026-08-17 07:35:51,2026-08-17 07:36:19,2026-08-17 07:39:46,2026-08-17 08:34:20
2169,613,anomaly,high,resolved,AI anomaly: prolonged inactivity 74 min,25.578561,91.893451,22,2026-08-19 07:44:40,2026-08-19 07:45:36,2026-08-19 07:54:11,2026-08-19 08:03:16
2170,613,anomaly,high,resolved,AI anomaly: prolonged inactivity 57 min,25.578748,91.894182,12,2026-08-20 07:36:45,2026-08-20 07:39:31,2026-08-20 07:40:05,2026-08-20 08:14:48
2171,613,anomaly,high,acknowledged,AI anomaly: prolonged inactivity 501 min,26.578365,93.173298,,2026-08-21 15:04:57,2026-08-21 15:07:00,,
2172,613,geofence,critical,resolved,Restricted-zone entry: Kaziranga Core Zone,26.578365,93.173298,22,2026-08-21 15:04:57,2026-08-21 15:06:17,2026-08-21 15:14:56,2026-08-21 15:34:09
2173,613,anomaly,high,dispatched,AI anomaly: prolonged inactivity 64 min,26.578843,93.173156,17,2026-08-22 07:49:02,2026-08-22 07:52:41,2026-08-22 07:55:16,
2174,613,anomaly,high,resolved,AI anomaly: prolonged inactivity 60 min,26.579166,93.173115,11,2026-08-24 07:52:22,2026-08-24 07:53:06,2026-08-24 07:55:33,2026-08-24 08:05:51
2175,613,anomaly,high,resolved,AI anomaly: prolonged inactivity 496 min,25.675884,94.108449,1,2026-08-25 15:01:13,2026-08-25 15:02:21,2026-08-25 15:05:55,2026-08-25 15:12:37
2176,613,anomaly,high,resolved,AI anomaly: prolonged inactivity 82 min,25.67607,94.108275,9,2026-08-26 08:00:20,2026-08-26 08:02:36,2026-08-26 08:04:40,2026-08-26 08:30:26
2177,613,anomaly,high,dispatched,AI anomaly: prolonged inactivity 61 min,25.676511,94.108139,13,2026-08-28 08:01:02,2026-08-28 08:05:02,2026-08-28 08:09:09,
2178,613,anomaly,high,resolved,AI anomaly: prolonged inactivity 446 min,27.333559,88.612908,20,2026-08-30 14:21:54,2026-08-30 14:26:26,2026-08-30 14:29:36,2026-08-30 14:56:46
2179,613,anomaly,high,resolved,AI anomaly: prolonged inactivity 61 min,27.33322,88.614286,3,2026-08-31 07:48:44,2026-08-31 07:49:32,2026-08-31 07:52:09,2026-08-31 08:03:01
2180,613,anomaly,high,resolved,AI anomaly: prolonged inactivity 50 min,27.332842,88.613732,15,2026-09-02 07:25:11,2026-09-02 07:26:41,2026-09-02 07:28:15,2026-09-02 07:33:04
2181,615,anomaly,high,resolved,AI anomaly: prolonged inactivity 884 min,26.634652,92.799935,19,2026-08-27 21:26:28,2026-08-27 21:28:19,2026-08-27 21:31:49,2026-08-27 21:41:03
2182,615,anomaly,high,dispatched,AI anomaly: prolonged inactivity 891 min,26.634477,92.799878,4,2026-08-28 21:43:09,2026-08-28 21:43:42,2026-08-28 21:45:12,
2183,615,anomaly,high,dispatched,AI anomaly: prolonged inactivity 1170 min,26.184037,91.751853,20,2026-08-30 02:31:11,2026-08-30 02:32:18,2026-08-30 02:32:51,
2184,615,anomaly,high,resolved,AI anomaly: prolonged inactivity 880 min,26.18369,91.75102,22,2026-08-31 21:33:32,2026-08-31 21:34:47,2026-08-31 21:42:23,2026-08-31 22:09:08
2185,615,anomaly,high,resolved,AI anomaly: prolonged inactivity 1241 min,27.587287,91.861207,10,2026-09-02 03:28:14,2026-09-02 03:29:40,2026-09-02 03:32:47,2026-09-02 03:44:21
2186,615,anomaly,high,resolved,AI anomaly: prolonged inactivity 880 min,27.587282,91.861623,9,2026-09-03 21:46:43,2026-09-03 21:48:09,2026-09-03 21:53:50,2026-09-03 22:21:12
2187,615,anomaly,high,resolved,AI anomaly: prolonged inactivity 999 min,27.54488,93.830349,3,2026-09-04 23:28:34,2026-09-04 23:33:15,2026-09-04 23:35:36,2026-09-04 23:43:45
2188,616,geofence,critical,resolved,Restricted-zone entry: Deepor Beel Wetland Edge,26.118171,91.650975,14,2026-08-23 07:23:58,2026-08-23 07:25:54,2026-08-23 07:28:05,2026-08-23 07:36:47
2189,616,anomaly,high,resolved,AI anomaly: prolonged inactivity 46 min,26.073078,91.608798,16,2026-08-24 07:26:02,2026-08-24 07:29:00,2026-08-24 07:29:56,2026-08-24 07:46:42
2190,616,anomaly,high,detected,AI anomaly: prolonged inactivity 203 min,26.179072,91.786491,,2026-08-25 10:05:44,,,
2191,616,anomaly,high,resolved,AI anomaly: prolonged inactivity 48 min,26.178656,91.786094,18,2026-08-26 07:28:49,2026-08-26 07:32:11,2026-08-26 07:33:43,2026-08-26 07:50:33
2192,616,anomaly,high,resolved,AI anomaly: prolonged inactivity 181 min,25.931833,91.432568,14,2026-08-27 09:42:16,2026-08-27 09:44:02,2026-08-27 09:47:11,2026-08-27 10:06:50
2193,617,anomaly,high,resolved,AI anomaly: prolonged inactivity 58 min,26.170016,91.769143,10,2026-09-03 07:49:35,2026-09-03 07:52:52,2026-09-03 07:53:41,2026-09-03 08:02:56
2194,619,anomaly,high,resolved,AI anomaly: prolonged inactivity 56 min,26.149553,91.768915,15,2026-07-23 07:35:11,2026-07-23 07:36:57,2026-07-23 07:44:15,2026-07-23 11:52:36
2195,619,anomaly,high,resolved,AI anomaly: prolonged inactivity 159 min,26.251334,91.517711,10,2026-07-24 09:11:37,2026-07-24 09:16:07,2026-07-24 09:20:18,2026-07-24 09:33:01
2196,619,anomaly,high,resolved,AI anomaly: prolonged inactivity 172 min,26.368137,91.63415,21,2026-07-25 09:28:10,2026-07-25 09:28:46,2026-07-25 09:32:55,2026-07-25 10:38:10
2197,620,anomaly,high,resolved,AI anomaly: prolonged inactivity 60 min,26.168129,91.768919,15,2026-07-25 07:32:57,2026-07-25 07:36:04,2026-07-25 07:37:19,2026-07-25 07:43:14
2198,620,anomaly,high,resolved,AI anomaly: prolonged inactivity 192 min,26.105015,91.586818,22,2026-07-26 10:11:24,2026-07-26 10:12:19,2026-07-26 10:21:26,2026-07-26 10:39:39
2199,622,geofence,critical,acknowledged,Restricted-zone entry: Riverside Restricted Area,26.173047,91.76399,,2026-08-17 07:16:26,2026-08-17 07:32:26,,
2200,622,anomaly,high,resolved,AI anomaly: prolonged inactivity 376 min,26.165523,91.568172,11,2026-08-18 12:55:24,2026-08-18 12:57:47,2026-08-18 12:59:42,2026-08-18 13:04:55
2201,623,anomaly,high,resolved,AI anomaly: prolonged inactivity 161 min,26.948224,94.168135,7,2026-08-08 09:48:38,2026-08-08 09:53:16,2026-08-08 09:57:09,2026-08-08 10:11:19
2202,623,anomaly,high,resolved,AI anomaly: prolonged inactivity 188 min,26.750197,94.205924,15,2026-08-10 09:46:55,2026-08-10 09:48:31,2026-08-10 10:10:11,2026-08-10 10:15:51
2203,623,anomaly,high,resolved,AI anomaly: prolonged inactivity 50 min,26.750337,94.205906,21,2026-08-11 07:34:33,2026-08-11 07:37:21,2026-08-11 07:40:41,2026-08-11 07:43:23
2204,624,anomaly,high,resolved,AI anomaly: prolonged inactivity 448 min,26.95116,94.168296,16,2026-09-01 14:03:41,2026-09-01 14:05:04,2026-09-01 14:06:01,2026-09-01 14:23:30
2205,624,anomaly,high,dispatched,AI anomaly: prolonged inactivity 251 min,26.750743,94.202884,7,2026-09-02 10:47:50,2026-09-02 10:49:30,2026-09-02 10:51:14,
2206,624,anomaly,high,resolved,AI anomaly: prolonged inactivity 171 min,26.576226,93.170262,9,2026-09-03 09:25:05,2026-09-03 09:26:34,2026-09-03 09:33:42,2026-09-03 10:18:44
2207,624,geofence,critical,resolved,Restricted-zone entry: Kaziranga Core Zone,26.578749,93.17174,5,2026-09-03 09:27:43,2026-09-03 09:30:46,2026-09-03 09:31:46,2026-09-03 09:46:42
2208,624,anomaly,high,acknowledged,AI anomaly: prolonged inactivity 413 min,26.633334,92.802174,,2026-09-04 13:40:29,2026-09-04 13:40:46,,
2209,624,anomaly,high,detected,AI anomaly: prolonged inactivity 153 min,26.107473,91.58383,,2026-09-05 09:08:51,,,
2210,625,anomaly,high,detected,AI anomaly: prolonged inactivity 413 min,26.150156,91.784839,,2026-09-04 13:43:04,,,
2211,626,anomaly,high,resolved,AI anomaly: prolonged inactivity 51 min,26.634329,92.798284,22,2026-08-01 07:27:38,2026-08-01 07:28:16,2026-08-01 07:41:42,2026-08-01 08:12:19
2212,626,anomaly,high,acknowledged,AI anomaly: prolonged inactivity 56 min,26.63411,92.799013,,2026-08-02 07:35:27,2026-08-02 07:37:55,,
2213,626,anomaly,high,resolved,AI anomaly: prolonged inactivity 46 min,26.633855,92.798245,3,2026-08-03 07:40:09,2026-08-03 07:42:58,2026-08-03 07:44:53,2026-08-03 08:04:37
2214,626,anomaly,high,resolved,AI anomaly: prolonged inactivity 65 min,26.633792,92.798389,1,2026-08-04 07:36:57,2026-08-04 07:38:03,2026-08-04 07:39:42,2026-08-04 08:22:46
2215,626,anomaly,high,resolved,AI anomaly: prolonged inactivity 287 min,27.585118,91.857553,8,2026-08-05 11:36:43,2026-08-05 11:37:24,2026-08-05 11:38:26,2026-08-05 11:43:07
2216,626,anomaly,high,resolved,AI anomaly: prolonged inactivity 50 min,27.584278,91.858321,12,2026-08-06 07:28:30,2026-08-06 07:31:36,2026-08-06 07:35:28,2026-08-06 07:57:56
2217,626,anomaly,high,resolved,AI anomaly: prolonged inactivity 50 min,27.585072,91.857397,17,2026-08-07 07:32:56,2026-08-07 07:37:07,2026-08-07 07:37:53,2026-08-07 08:11:06
2218,626,anomaly,high,dispatched,AI anomaly: prolonged inactivity 222 min,27.542935,93.83118,8,2026-08-09 10:19:23,2026-08-09 10:21:48,2026-08-09 10:23:35,
2219,626,anomaly,high,detected,AI anomaly: prolonged inactivity 57 min,27.54245,93.830972,,2026-08-10 07:33:30,,,
2220,626,anomaly,high,acknowledged,AI anomaly: prolonged inactivity 88 min,27.5421,93.830088,,2026-08-11 08:00:31,2026-08-11 08:02:14,,
2221,627,anomaly,high,resolved,AI anomaly: prolonged inactivity 234 min,26.251458,91.5146,19,2026-08-06 10:59:15,2026-08-06 11:03:13,2026-08-06 11:07:33,2026-08-06 11:14:34
2222,627,anomaly,high,resolved,AI anomaly: prolonged inactivity 420 min,26.366195,91.635188,16,2026-08-07 13:32:26,2026-08-07 13:41:30,2026-08-07 13:43:35,2026-08-07 13:54:31
2223,629,geofence,critical,resolved,Restricted-zone entry: Dawki Border Belt,25.190133,92.02018,9,2026-08-02 07:31:08,2026-08-02 07:32:01,2026-08-02 07:32:56,2026-08-02 08:35:19
2224,629,anomaly,high,resolved,AI anomaly: unusual movement pattern,25.22511,91.993735,19,2026-08-05 07:18:45,2026-08-05 07:19:29,2026-08-05 07:21:16,2026-08-05 07:52:30
2225,629,anomaly,high,detected,AI anomaly: prolonged inactivity 243 min,26.183538,91.752709,,2026-08-06 10:44:09,,,
2226,629,anomaly,high,acknowledged,AI anomaly: prolonged inactivity 46 min,26.183924,91.752924,,2026-08-07 07:42:52,2026-08-07 07:51:48,,
2227,630,anomaly,high,resolved,AI anomaly: prolonged inactivity 52 min,25.638018,91.888569,15,2026-08-14 07:50:44,2026-08-14 07:56:40,2026-08-14 07:57:15,2026-08-14 08:14:56
2228,630,anomaly,high,resolved,AI anomaly: prolonged inactivity 45 min,25.63784,91.888004,2,2026-08-17 07:31:46,2026-08-17 07:32:15,2026-08-17 07:32:39,2026-08-17 08:18:46
2229,630,anomaly,high,resolved,AI anomaly: prolonged inactivity 272 min,25.289796,91.677356,8,2026-08-18 11:12:39,2026-08-18 11:13:45,2026-08-18 11:15:29,2026-08-18 11:33:24
2230,630,anomaly,high,resolved,AI anomaly: prolonged inactivity 77 min,25.29096,91.677442,21,2026-08-22 07:59:40,2026-08-22 08:02:23,2026-08-22 08:07:35,2026-08-22 08:17:24
2231,631,anomaly,high,resolved,AI anomaly: prolonged inactivity 900 min,26.185771,91.749218,14,2026-08-22 21:39:07,2026-08-22 21:43:12,2026-08-22 21:48:23,2026-08-22 23:15:36
2232,632,anomaly,high,dispatched,AI anomaly: prolonged inactivity 420 min,25.269874,91.693323,13,2026-08-31 13:30:29,2026-08-31 13:32:25,2026-08-31 13:33:14,
2233,632,geofence,critical,resolved,Restricted-zone entry: Cherrapunji Cliff Edge,25.269874,91.693323,14,2026-08-31 13:30:29,2026-08-31 13:40:46,2026-08-31 13:48:28,2026-08-31 13:58:54
2234,632,anomaly,high,dispatched,AI anomaly: prolonged inactivity 180 min,25.658652,91.888186,14,2026-09-02 09:38:07,2026-09-02 09:39:34,2026-09-02 09:43:09,
2235,632,anomaly,high,resolved,AI anomaly: prolonged inactivity 249 min,26.183596,91.751028,17,2026-09-04 10:45:28,2026-09-04 10:49:46,2026-09-04 10:50:54,2026-09-04 10:58:57
2236,632,anomaly,high,resolved,AI anomaly: prolonged inactivity 67 min,26.183895,91.750537,4,2026-09-05 07:53:44,2026-09-05 07:55:30,2026-09-05 07:55:47,2026-09-05 08:17:26
2237,633,anomaly,high,resolved,AI anomaly: prolonged inactivity 252 min,26.178336,91.787936,6,2026-08-22 10:47:04,2026-08-22 10:50:41,2026-08-22 10:58:51,2026-08-22 11:14:11
2238,633,anomaly,high,resolved,AI anomaly: prolonged inactivity 175 min,26.233483,92.081741,10,2026-08-24 09:31:17,2026-08-24 09:33:52,2026-08-24 09:35:23,2026-08-24 09:53:23
2239,634,anomaly,high,resolved,AI anomaly: prolonged inactivity 80 min,26.186662,91.747063,3,2026-08-05 07:59:34,2026-08-05 08:07:24,2026-08-05 08:09:34,2026-08-05 08:16:54
2240,634,anomaly,high,dispatched,AI anomaly: prolonged inactivity 273 min,26.16763,91.567162,10,2026-08-06 11:33:00,2026-08-06 11:33:30,2026-08-06 11:40:27,
2241,636,geofence,critical,resolved,Restricted-zone entry: Riverside Restricted Area,26.186158,91.762544,11,2026-08-13 08:47:19,2026-08-13 08:49:49,2026-08-13 08:51:37,2026-08-13 09:02:01
2242,636,anomaly,high,resolved,AI anomaly: prolonged inactivity 73 min,26.18577,91.7548,5,2026-08-14 07:52:58,2026-08-14 07:54:28,2026-08-14 08:00:59,2026-08-14 08:42:06
2243,636,anomaly,high,resolved,AI anomaly: prolonged inactivity 47 min,26.219993,91.793126,19,2026-08-16 07:27:46,2026-08-16 07:29:10,2026-08-16 07:31:14,2026-08-16 07:41:43
2244,637,anomaly,high,resolved,AI anomaly: prolonged inactivity 895 min,25.596261,91.892084,12,2026-08-15 21:43:38,2026-08-15 21:44:33,2026-08-15 21:46:26,2026-08-15 22:26:38
2245,637,anomaly,high,detected,AI anomaly: prolonged inactivity 1280 min,25.255179,91.70845,,2026-08-17 03:52:13,,,
2246,637,geofence,critical,resolved,Restricted-zone entry: Cherrapunji Cliff Edge,25.275286,91.686095,21,2026-08-17 04:53:31,2026-08-17 04:54:42,2026-08-17 04:55:53,2026-08-17 05:31:41
2247,637,anomaly,high,resolved,AI anomaly: prolonged inactivity 1081 min,26.184218,91.753927,4,2026-08-20 00:35:39,2026-08-20 00:37:36,2026-08-20 00:47:02,2026-08-20 00:54:02
2248,638,anomaly,high,acknowledged,AI anomaly: prolonged inactivity 878 min,25.578984,91.893517,,2026-08-30 21:39:08,2026-08-30 21:40:48,,
2249,638,anomaly,high,resolved,AI anomaly: prolonged inactivity 1321 min,25.281282,91.682829,1,2026-09-01 04:42:26,2026-09-01 04:46:11,2026-09-01 04:47:58,2026-09-01 05:04:50
2250,638,geofence,critical,dispatched,Restricted-zone entry: Cherrapunji Cliff Edge,25.275596,91.684811,21,2026-09-01 04:45:23,2026-09-01 04:45:59,2026-09-01 04:47:29,
2251,638,geofence,critical,resolved,Restricted-zone entry: Dawki Border Belt,25.189147,92.020103,1,2026-09-02 01:28:48,2026-09-02 01:29:44,2026-09-02 01:31:35,2026-09-02 01:52:18
2252,638,anomaly,high,resolved,AI anomaly: prolonged inactivity 881 min,25.192274,91.995277,6,2026-09-02 21:26:14,2026-09-02 21:27:41,2026-09-02 21:29:17,2026-09-02 22:03:43
2253,638,anomaly,high,dispatched,AI anomaly: prolonged inactivity 1235 min,26.184359,91.750565,17,2026-09-04 03:21:59,2026-09-04 03:22:27,2026-09-04 03:24:02,
2254,639,anomaly,high,resolved,AI anomaly: prolonged inactivity 66 min,26.163072,91.732564,18,2026-08-17 07:58:56,2026-08-17 08:00:08,2026-08-17 08:02:22,2026-08-17 08:12:15
2255,639,anomaly,high,resolved,AI anomaly: prolonged inactivity 71 min,26.161752,91.74178,7,2026-08-18 07:58:30,2026-08-18 08:02:12,2026-08-18 08:04:37,2026-08-18 09:07:59
2256,639,anomaly,high,dispatched,AI anomaly: prolonged inactivity 276 min,26.36684,91.634703,12,2026-08-19 11:23:50,2026-08-19 11:24:46,2026-08-19 11:27:54,
2257,640,anomaly,high,resolved,AI anomaly: prolonged inactivity 215 min,26.106515,91.586929,22,2026-08-17 10:05:59,2026-08-17 10:08:05,2026-08-17 10:09:02,2026-08-17 10:26:29
2258,640,anomaly,high,resolved,AI anomaly: prolonged inactivity 79 min,26.106912,91.587377,8,2026-08-18 07:52:02,2026-08-18 07:53:56,2026-08-18 07:56:14,2026-08-18 08:59:04
2259,640,anomaly,high,resolved,AI anomaly: prolonged inactivity 251 min,26.576121,93.171,11,2026-08-19 10:49:28,2026-08-19 10:53:03,2026-08-19 10:55:03,2026-08-19 12:59:32
2260,640,geofence,critical,resolved,Restricted-zone entry: Kaziranga Core Zone,26.576121,93.171,6,2026-08-19 10:49:28,2026-08-19 10:50:34,2026-08-19 10:51:57,2026-08-19 10:57:41
2261,640,anomaly,high,resolved,AI anomaly: prolonged inactivity 46 min,26.577465,93.170239,6,2026-08-20 07:46:47,2026-08-20 07:54:54,2026-08-20 08:00:49,2026-08-20 08:15:12
2262,640,anomaly,high,resolved,AI anomaly: prolonged inactivity 476 min,24.817416,93.93595,9,2026-08-21 14:35:58,2026-08-21 14:39:15,2026-08-21 14:59:15,2026-08-21 15:22:28
2263,640,anomaly,high,dispatched,AI anomaly: prolonged inactivity 55 min,24.816851,93.935647,3,2026-08-22 07:29:53,2026-08-22 07:31:54,2026-08-22 07:33:40,
2264,640,anomaly,high,resolved,AI anomaly: prolonged inactivity 439 min,23.832869,91.284983,1,2026-08-23 14:00:27,2026-08-23 14:01:37,2026-08-23 14:08:41,2026-08-23 15:33:55
2265,640,anomaly,high,acknowledged,AI anomaly: prolonged inactivity 71 min,23.832504,91.285027,,2026-08-24 07:50:41,2026-08-24 07:51:03,,
2266,640,anomaly,high,resolved,AI anomaly: prolonged inactivity 253 min,27.330981,88.612794,9,2026-08-25 10:44:51,2026-08-25 10:52:07,2026-08-25 10:53:55,2026-08-25 12:11:13
2267,640,sos,critical,resolved,SOS triggered by Rituparna Iyer: Help! I am being followed by two men on a motorcycle.,24.817514,93.935128,22,2026-08-22 19:52:17,2026-08-22 19:54:22,2026-08-22 19:55:17,2026-08-22 20:13:38
2268,641,anomaly,high,acknowledged,AI anomaly: prolonged inactivity 397 min,26.749512,94.203007,,2026-08-02 13:13:41,2026-08-02 13:16:42,,
2269,641,anomaly,high,resolved,AI anomaly: prolonged inactivity 50 min,26.748982,94.203213,4,2026-08-03 07:30:19,2026-08-03 07:33:24,2026-08-03 07:38:25,2026-08-03 07:44:36
2270,641,anomaly,high,resolved,AI anomaly: prolonged inactivity 47 min,26.748891,94.202947,5,2026-08-05 07:35:21,2026-08-05 07:36:10,2026-08-05 07:40:50,2026-08-05 08:20:32
2271,641,anomaly,high,resolved,AI anomaly: prolonged inactivity 366 min,26.949543,94.170398,14,2026-08-06 12:47:12,2026-08-06 12:49:03,2026-08-06 12:51:15,2026-08-06 13:28:40
2272,641,anomaly,high,resolved,AI anomaly: prolonged inactivity 84 min,26.950189,94.169659,13,2026-08-07 08:03:03,2026-08-07 08:04:02,2026-08-07 08:14:07,2026-08-07 09:25:27
2273,641,anomaly,high,resolved,AI anomaly: prolonged inactivity 53 min,26.950095,94.170531,10,2026-08-09 07:40:53,2026-08-09 07:44:31,2026-08-09 07:46:33,2026-08-09 09:35:34
2274,642,anomaly,high,resolved,AI anomaly: prolonged inactivity 64 min,25.933899,91.433239,7,2026-08-15 08:03:33,2026-08-15 08:03:57,2026-08-15 08:06:31,2026-08-15 08:18:04
2275,642,anomaly,high,detected,AI anomaly: prolonged inactivity 202 min,26.110552,91.634641,,2026-08-16 10:06:59,,,
2276,642,geofence,critical,resolved,Restricted-zone entry: Deepor Beel Wetland Edge,26.120267,91.650387,5,2026-08-16 10:31:10,2026-08-16 10:31:38,2026-08-16 10:37:55,2026-08-16 10:49:50
2277,642,anomaly,high,resolved,AI anomaly: prolonged inactivity 248 min,26.178336,91.785104,18,2026-08-17 10:54:45,2026-08-17 10:55:35,2026-08-17 10:56:27,2026-08-17 11:13:15
2278,642,anomaly,high,dispatched,AI anomaly: prolonged inactivity 327 min,26.233132,92.081978,13,2026-08-18 12:03:17,2026-08-18 12:04:38,2026-08-18 12:06:35,
2279,643,anomaly,high,detected,AI anomaly: prolonged inactivity 1331 min,26.36566,91.632889,,2026-08-13 04:59:26,,,
2280,645,anomaly,high,resolved,AI anomaly: prolonged inactivity 66 min,26.175737,91.721192,3,2026-08-20 07:40:32,2026-08-20 07:40:55,2026-08-20 07:47:30,2026-08-20 09:04:47
2281,645,anomaly,high,resolved,AI anomaly: prolonged inactivity 62 min,26.186187,91.74179,13,2026-08-21 07:35:26,2026-08-21 07:37:48,2026-08-21 07:46:29,2026-08-21 07:56:36
2282,646,anomaly,high,resolved,AI anomaly: prolonged inactivity 72 min,26.635409,92.800004,21,2026-07-27 07:54:31,2026-07-27 07:57:17,2026-07-27 08:02:25,2026-07-27 08:42:58
2283,646,anomaly,high,resolved,AI anomaly: prolonged inactivity 368 min,26.180628,91.752078,14,2026-07-28 12:42:52,2026-07-28 12:43:53,2026-07-28 12:46:47,2026-07-28 13:22:40
2284,646,anomaly,high,resolved,AI anomaly: prolonged inactivity 234 min,27.586044,91.860951,10,2026-07-30 10:25:39,2026-07-30 10:28:14,2026-07-30 10:30:41,2026-07-30 10:39:51
2285,646,anomaly,high,resolved,AI anomaly: prolonged inactivity 50 min,27.585627,91.860665,4,2026-07-31 07:28:40,2026-07-31 07:28:54,2026-07-31 07:34:32,2026-07-31 08:00:05
2286,646,anomaly,high,dispatched,AI anomaly: prolonged inactivity 193 min,27.54586,93.833217,9,2026-08-01 10:04:35,2026-08-01 10:07:26,2026-08-01 10:08:09,
2287,646,anomaly,high,resolved,AI anomaly: prolonged inactivity 81 min,26.136491,91.805299,14,2026-08-02 07:51:19,2026-08-02 07:56:36,2026-08-02 07:57:55,2026-08-02 08:01:11
2288,647,anomaly,high,resolved,AI anomaly: abnormal speed 236 km/h (possible vehicle abduction),26.232775,91.787301,20,2026-08-31 07:48:44,2026-08-31 07:51:07,2026-08-31 07:52:34,2026-08-31 08:27:06
2289,647,anomaly,high,resolved,AI anomaly: prolonged inactivity 75 min,26.183016,91.745457,20,2026-09-01 07:57:47,2026-09-01 08:04:29,2026-09-01 08:08:27,2026-09-01 08:23:24
2290,648,anomaly,high,resolved,AI anomaly: prolonged inactivity 148 min,26.250233,91.517295,19,2026-08-04 09:24:24,2026-08-04 09:26:35,2026-08-04 09:26:53,2026-08-04 10:09:36
2291,648,anomaly,high,resolved,AI anomaly: prolonged inactivity 317 min,26.195798,91.745073,10,2026-08-05 11:54:17,2026-08-05 11:56:23,2026-08-05 11:59:48,2026-08-05 12:06:33
2292,649,geofence,critical,resolved,Restricted-zone entry: Dawki Border Belt,25.189441,92.019802,17,2026-07-23 07:12:15,2026-07-23 07:17:34,2026-07-23 07:17:56,2026-07-23 07:31:09
2293,649,anomaly,high,resolved,AI anomaly: prolonged inactivity 48 min,25.19435,91.992636,2,2026-07-24 07:29:51,2026-07-24 07:30:55,2026-07-24 07:37:05,2026-07-24 07:50:07
2294,649,anomaly,high,resolved,AI anomaly: prolonged inactivity 66 min,25.198743,91.940326,12,2026-07-25 08:00:54,2026-07-25 08:01:16,2026-07-25 08:03:03,2026-07-25 08:34:27
2295,649,anomaly,high,resolved,AI anomaly: prolonged inactivity 324 min,26.114801,91.813344,18,2026-07-26 12:21:00,2026-07-26 12:22:18,2026-07-26 12:23:26,2026-07-26 12:35:33
2296,649,anomaly,high,resolved,AI anomaly: prolonged inactivity 58 min,25.2807,91.68717,3,2026-07-27 07:33:08,2026-07-27 07:33:46,2026-07-27 07:34:48,2026-07-27 07:44:51
2297,649,geofence,critical,resolved,Restricted-zone entry: Cherrapunji Cliff Edge,25.2801,91.687545,12,2026-07-28 07:47:48,2026-07-28 07:48:50,2026-07-28 07:56:27,2026-07-28 08:03:36
2298,649,anomaly,high,resolved,AI anomaly: prolonged inactivity 388 min,25.579833,91.891332,7,2026-07-29 13:08:29,2026-07-29 13:08:58,2026-07-29 13:12:01,2026-07-29 14:10:07
2299,649,anomaly,high,resolved,AI anomaly: prolonged inactivity 45 min,25.578722,91.892009,22,2026-07-30 07:17:06,2026-07-30 07:19:46,2026-07-30 07:23:40,2026-07-30 07:31:58
2300,649,anomaly,high,resolved,AI anomaly: prolonged inactivity 55 min,25.578855,91.891534,16,2026-07-31 07:39:09,2026-07-31 07:40:56,2026-07-31 07:46:36,2026-07-31 08:00:00
2301,650,anomaly,high,resolved,AI anomaly: prolonged inactivity 288 min,26.107152,91.584659,6,2026-08-17 11:45:31,2026-08-17 11:48:47,2026-08-17 11:50:04,2026-08-17 12:25:47
2302,651,anomaly,high,resolved,AI anomaly: prolonged inactivity 70 min,26.166578,91.564782,4,2026-07-31 07:57:38,2026-07-31 07:58:23,2026-07-31 07:59:28,2026-07-31 08:05:47
2303,651,anomaly,high,resolved,AI anomaly: prolonged inactivity 248 min,26.185312,91.742288,3,2026-08-01 10:39:15,2026-08-01 10:42:37,2026-08-01 10:46:31,2026-08-01 10:55:42
2304,652,anomaly,high,resolved,AI anomaly: prolonged inactivity 49 min,26.177341,91.756513,3,2026-07-29 07:24:12,2026-07-29 07:25:49,2026-07-29 07:31:49,2026-07-29 07:51:39
2305,652,anomaly,high,resolved,AI anomaly: prolonged inactivity 80 min,26.176685,91.76006,20,2026-07-30 07:56:56,2026-07-30 07:57:21,2026-07-30 08:07:55,2026-07-30 08:19:51
2306,652,geofence,critical,resolved,Restricted-zone entry: Riverside Restricted Area,26.172346,91.7637,20,2026-07-30 08:28:24,2026-07-30 08:30:16,2026-07-30 08:30:30,2026-07-30 08:46:01
2307,653,geofence,critical,resolved,Restricted-zone entry: Deepor Beel Wetland Edge,26.119118,91.649017,3,2026-07-22 07:36:19,2026-07-22 07:37:18,2026-07-22 07:40:28,2026-07-22 08:15:36
2308,653,anomaly,high,resolved,AI anomaly: prolonged inactivity 288 min,26.234357,92.082869,8,2026-07-23 11:49:49,2026-07-23 11:51:01,2026-07-23 11:52:18,2026-07-23 14:20:13
2309,654,geofence,critical,resolved,Restricted-zone entry: Cherrapunji Cliff Edge,25.26799,91.692276,11,2026-07-25 07:14:43,2026-07-25 07:19:22,2026-07-25 07:22:49,2026-07-25 07:33:35
2310,654,anomaly,high,acknowledged,AI anomaly: prolonged inactivity 150 min,25.191838,91.994989,,2026-07-27 09:09:41,2026-07-27 09:11:16,,
2311,654,geofence,critical,resolved,Restricted-zone entry: Dawki Border Belt,25.189715,92.019915,7,2026-07-27 09:16:29,2026-07-27 09:18:32,2026-07-27 09:56:21,2026-07-27 10:57:49
2312,654,anomaly,high,resolved,AI anomaly: prolonged inactivity 360 min,26.18493,91.741432,12,2026-07-28 12:43:03,2026-07-28 12:45:02,2026-07-28 12:48:49,2026-07-28 13:51:04
2313,654,anomaly,high,acknowledged,AI anomaly: prolonged inactivity 287 min,26.18425,91.751802,,2026-07-29 11:37:41,2026-07-29 11:38:23,,
2314,656,anomaly,high,dispatched,AI anomaly: abnormal speed 204 km/h (possible vehicle abduction),26.195082,91.751805,7,2026-08-18 07:54:05,2026-08-18 07:59:39,2026-08-18 08:07:02,
2315,657,anomaly,high,resolved,AI anomaly: prolonged inactivity 74 min,26.104842,91.584817,14,2026-08-23 07:48:42,2026-08-23 07:49:54,2026-08-23 07:51:09,2026-08-23 09:28:37
2316,657,anomaly,high,resolved,AI anomaly: prolonged inactivity 289 min,25.580547,91.891684,20,2026-08-25 11:20:13,2026-08-25 11:21:43,2026-08-25 11:48:47,2026-08-25 11:56:22
2317,657,anomaly,high,acknowledged,AI anomaly: prolonged inactivity 382 min,26.576571,93.168366,,2026-08-27 13:01:33,2026-08-27 13:05:05,,
2318,657,geofence,critical,resolved,Restricted-zone entry: Kaziranga Core Zone,26.576571,93.168366,17,2026-08-27 13:01:33,2026-08-27 13:02:26,2026-08-27 13:07:42,2026-08-27 13:41:04
2319,657,anomaly,high,dispatched,AI anomaly: prolonged inactivity 52 min,26.576699,93.169456,10,2026-08-28 07:51:24,2026-08-28 07:52:25,2026-08-28 07:58:23,
2320,657,anomaly,high,resolved,AI anomaly: prolonged inactivity 186 min,25.677457,94.108703,13,2026-08-30 09:46:03,2026-08-30 09:51:05,2026-08-30 09:52:15,2026-08-30 10:42:15
2321,657,anomaly,high,resolved,AI anomaly: prolonged inactivity 400 min,23.724921,92.717345,19,2026-09-01 13:23:04,2026-09-01 13:24:11,2026-09-01 13:24:57,2026-09-01 13:54:50
2322,657,anomaly,high,resolved,AI anomaly: prolonged inactivity 344 min,27.333038,88.611687,16,2026-09-04 12:30:53,2026-09-04 12:33:30,2026-09-04 12:40:05,2026-09-04 12:57:47
2323,657,anomaly,high,dispatched,AI anomaly: prolonged inactivity 61 min,27.332931,88.61242,5,2026-09-05 07:49:39,2026-09-05 07:50:46,2026-09-05 07:52:41,
2324,658,geofence,critical,resolved,Restricted-zone entry: Kaziranga Core Zone,26.577337,93.169362,15,2026-08-11 07:17:01,2026-08-11 07:19:10,2026-08-11 07:23:35,2026-08-11 07:35:08
2325,658,anomaly,high,resolved,AI anomaly: prolonged inactivity 69 min,26.577081,93.170019,6,2026-08-13 07:39:26,2026-08-13 07:49:33,2026-08-13 07:51:29,2026-08-13 07:53:03
2326,658,anomaly,high,resolved,AI anomaly: prolonged inactivity 421 min,25.677147,94.108326,16,2026-08-14 13:39:59,2026-08-14 13:41:40,2026-08-14 13:42:50,2026-08-14 13:58:46
2327,658,anomaly,high,resolved,AI anomaly: prolonged inactivity 89 min,25.677501,94.108893,12,2026-08-15 08:00:11,2026-08-15 08:01:43,2026-08-15 08:04:08,2026-08-15 08:29:18
2328,658,anomaly,high,resolved,AI anomaly: prolonged inactivity 61 min,25.676903,94.108436,12,2026-08-16 07:46:28,2026-08-16 07:48:19,2026-08-16 07:49:36,2026-08-16 08:04:23
2329,658,anomaly,high,resolved,AI anomaly: prolonged inactivity 394 min,23.726746,92.718254,22,2026-08-17 13:25:43,2026-08-17 13:27:25,2026-08-17 13:30:58,2026-08-17 13:35:01
2330,658,anomaly,high,resolved,AI anomaly: prolonged inactivity 51 min,23.727143,92.717804,10,2026-08-19 07:48:40,2026-08-19 07:48:59,2026-08-19 07:50:44,2026-08-19 08:08:58
2331,658,anomaly,high,resolved,AI anomaly: prolonged inactivity 337 min,23.830612,91.288564,20,2026-08-20 12:29:04,2026-08-20 12:30:19,2026-08-20 12:36:50,2026-08-20 13:50:15
2332,659,anomaly,high,resolved,AI anomaly: prolonged inactivity 71 min,26.633033,92.801798,17,2026-08-18 07:55:09,2026-08-18 07:56:04,2026-08-18 08:01:01,2026-08-18 08:05:11
2333,659,anomaly,high,resolved,AI anomaly: prolonged inactivity 69 min,26.633259,92.800507,17,2026-08-20 07:40:51,2026-08-20 07:41:30,2026-08-20 07:43:45,2026-08-20 07:47:55
2334,659,anomaly,high,resolved,AI anomaly: prolonged inactivity 164 min,26.183737,91.748824,3,2026-08-21 09:16:34,2026-08-21 09:17:31,2026-08-21 09:18:34,2026-08-21 09:21:16
2335,659,anomaly,high,resolved,AI anomaly: prolonged inactivity 68 min,26.184064,91.74913,14,2026-08-22 07:39:03,2026-08-22 07:40:08,2026-08-22 07:40:58,2026-08-22 07:50:15
2336,659,anomaly,high,resolved,AI anomaly: prolonged inactivity 54 min,26.183996,91.749614,5,2026-08-23 07:55:15,2026-08-23 08:02:44,2026-08-23 08:09:10,2026-08-23 08:33:10
2337,659,anomaly,high,resolved,AI anomaly: prolonged inactivity 146 min,27.587057,91.861296,16,2026-08-24 09:13:39,2026-08-24 09:14:39,2026-08-24 09:17:32,2026-08-24 09:36:43
2338,659,anomaly,high,dispatched,AI anomaly: prolonged inactivity 91 min,27.587278,91.860665,12,2026-08-25 08:05:28,2026-08-25 08:07:57,2026-08-25 08:09:32,
2339,659,anomaly,high,resolved,AI anomaly: prolonged inactivity 141 min,27.54371,93.831998,14,2026-08-27 09:05:01,2026-08-27 09:12:16,2026-08-27 09:13:09,2026-08-27 09:21:53
2340,659,anomaly,high,resolved,AI anomaly: prolonged inactivity 47 min,27.544434,93.83131,13,2026-08-28 07:48:41,2026-08-28 07:49:21,2026-08-28 07:56:03,2026-08-28 09:03:26
2341,660,anomaly,high,resolved,AI anomaly: prolonged inactivity 71 min,25.932134,91.433251,4,2026-09-01 07:59:25,2026-09-01 08:00:54,2026-09-01 08:18:15,2026-09-01 08:21:13
2342,660,anomaly,high,resolved,AI anomaly: prolonged inactivity 299 min,26.113994,91.636157,6,2026-09-02 11:45:51,2026-09-02 11:46:38,2026-09-02 11:53:05,2026-09-02 12:24:30
2343,660,geofence,critical,resolved,Restricted-zone entry: Deepor Beel Wetland Edge,26.119666,91.649847,15,2026-09-02 12:31:46,2026-09-02 12:32:14,2026-09-02 12:32:35,2026-09-02 12:46:27
2344,660,anomaly,high,resolved,AI anomaly: prolonged inactivity 69 min,26.098859,91.605946,19,2026-09-03 07:43:33,2026-09-03 07:43:49,2026-09-03 07:46:37,2026-09-03 08:36:46
2345,660,anomaly,high,dispatched,AI anomaly: prolonged inactivity 193 min,26.178462,91.783787,3,2026-09-04 10:20:06,2026-09-04 10:20:41,2026-09-04 10:21:47,
2346,661,anomaly,high,resolved,AI anomaly: prolonged inactivity 479 min,26.144549,91.794219,3,2026-08-03 14:55:51,2026-08-03 14:56:53,2026-08-03 14:57:43,2026-08-03 16:22:36
2347,662,anomaly,high,resolved,AI anomaly: prolonged inactivity 239 min,26.632428,92.800673,14,2026-09-04 10:48:04,2026-09-04 10:51:53,2026-09-04 10:59:44,2026-09-04 11:11:24
2348,662,anomaly,high,resolved,AI anomaly: prolonged inactivity 459 min,26.951367,94.170405,5,2026-09-05 14:12:42,2026-09-05 14:22:13,2026-09-05 14:26:20,2026-09-05 16:43:24
2349,662,fall_detected,critical,resolved,Possible fall detected by Ishita Bhattacharya's band,26.632428,92.800673,3,2026-09-04 10:48:04,2026-09-04 10:50:32,2026-09-04 10:54:19,2026-09-04 11:27:22
2350,663,anomaly,high,acknowledged,AI anomaly: prolonged inactivity 65 min,23.727859,92.719565,,2026-08-11 07:36:16,2026-08-11 07:37:49,,
2351,663,anomaly,high,resolved,AI anomaly: prolonged inactivity 360 min,23.829909,91.285096,13,2026-08-13 12:47:36,2026-08-13 12:49:22,2026-08-13 12:50:04,2026-08-13 12:58:14
2352,663,anomaly,high,resolved,AI anomaly: prolonged inactivity 53 min,23.830088,91.285062,17,2026-08-15 07:23:19,2026-08-15 07:25:24,2026-08-15 07:27:32,2026-08-15 07:45:37
2353,663,anomaly,high,resolved,AI anomaly: prolonged inactivity 298 min,25.676074,94.10906,16,2026-08-16 11:47:55,2026-08-16 11:50:00,2026-08-16 12:01:11,2026-08-16 12:09:34
2354,663,anomaly,high,dispatched,AI anomaly: prolonged inactivity 66 min,25.675875,94.110282,2,2026-08-17 07:58:08,2026-08-17 08:00:16,2026-08-17 08:03:07,
2355,663,anomaly,high,dispatched,AI anomaly: prolonged inactivity 378 min,26.577485,93.168672,21,2026-08-19 13:05:47,2026-08-19 13:07:01,2026-08-19 13:07:37,
2356,663,geofence,critical,resolved,Restricted-zone entry: Kaziranga Core Zone,26.577485,93.168672,7,2026-08-19 13:05:47,2026-08-19 13:08:32,2026-08-19 13:11:48,2026-08-19 13:16:50
2357,663,anomaly,high,resolved,AI anomaly: prolonged inactivity 266 min,27.330954,88.61542,15,2026-08-22 11:06:43,2026-08-22 11:08:04,2026-08-22 11:13:05,2026-08-22 11:37:58
2358,663,anomaly,high,resolved,AI anomaly: prolonged inactivity 55 min,27.330174,88.614607,20,2026-08-23 07:30:54,2026-08-23 07:32:38,2026-08-23 07:37:33,2026-08-23 07:48:59
2359,663,anomaly,high,resolved,AI anomaly: prolonged inactivity 65 min,27.330056,88.615271,19,2026-08-24 08:03:31,2026-08-24 08:04:29,2026-08-24 08:08:15,2026-08-24 13:04:37
2360,666,geofence,critical,resolved,Restricted-zone entry: Deepor Beel Wetland Edge,26.119284,91.648877,21,2026-09-02 07:51:39,2026-09-02 07:52:20,2026-09-02 08:02:37,2026-09-02 08:24:19
2361,666,anomaly,high,resolved,AI anomaly: prolonged inactivity 494 min,26.178434,91.788025,11,2026-09-03 15:05:03,2026-09-03 15:05:50,2026-09-03 15:07:33,2026-09-03 18:26:37
2362,666,anomaly,high,resolved,AI anomaly: prolonged inactivity 231 min,26.233114,92.084145,17,2026-09-04 10:22:22,2026-09-04 10:23:44,2026-09-04 10:27:46,2026-09-04 10:36:24
2363,666,anomaly,high,resolved,AI anomaly: prolonged inactivity 163 min,25.93449,91.431099,8,2026-09-05 09:38:22,2026-09-05 09:40:34,2026-09-05 09:45:34,2026-09-05 10:00:41
2364,667,anomaly,high,resolved,AI anomaly: prolonged inactivity 46 min,26.208373,91.534455,18,2026-08-22 07:48:28,2026-08-22 07:51:12,2026-08-22 07:52:40,2026-08-22 07:58:21
2365,667,anomaly,high,resolved,AI anomaly: prolonged inactivity 158 min,26.183773,91.749006,21,2026-08-23 09:08:58,2026-08-23 09:14:45,2026-08-23 09:17:03,2026-08-23 09:25:43
2366,668,anomaly,high,resolved,AI anomaly: prolonged inactivity 78 min,26.167546,91.722183,3,2026-08-24 07:53:28,2026-08-24 07:54:39,2026-08-24 07:56:37,2026-08-24 08:17:32
2367,668,geofence,critical,resolved,Restricted-zone entry: Riverside Restricted Area,26.175208,91.777854,17,2026-08-24 09:52:58,2026-08-24 10:06:52,2026-08-24 10:15:21,2026-08-24 10:43:01
2368,668,anomaly,high,resolved,AI anomaly: prolonged inactivity 245 min,26.367836,91.631354,3,2026-08-25 10:46:38,2026-08-25 10:57:20,2026-08-25 10:59:21,2026-08-25 11:06:06
2369,670,anomaly,high,dispatched,AI anomaly: prolonged inactivity 896 min,24.817959,93.937922,1,2026-07-26 22:01:58,2026-07-26 22:04:29,2026-07-26 22:07:49,
2370,670,anomaly,high,acknowledged,AI anomaly: prolonged inactivity 1182 min,25.674651,94.108157,,2026-07-28 02:37:04,2026-07-28 02:37:51,,
2371,670,anomaly,high,resolved,AI anomaly: prolonged inactivity 1208 min,26.578573,93.172181,10,2026-07-30 02:41:26,2026-07-30 02:45:58,2026-07-30 02:47:49,2026-07-30 02:53:16
2372,670,geofence,critical,resolved,Restricted-zone entry: Kaziranga Core Zone,26.578573,93.172181,21,2026-07-30 02:41:26,2026-07-30 02:45:04,2026-07-30 02:53:25,2026-07-30 03:02:32
2373,670,anomaly,high,resolved,AI anomaly: prolonged inactivity 873 min,26.105645,91.584457,14,2026-07-31 21:20:17,2026-07-31 21:22:15,2026-07-31 21:23:07,2026-07-31 22:32:42
2374,670,anomaly,high,resolved,AI anomaly: prolonged inactivity 1051 min,25.577084,91.892912,7,2026-08-02 00:03:49,2026-08-02 00:04:48,2026-08-02 00:07:19,2026-08-02 00:23:48
2375,670,anomaly,high,resolved,AI anomaly: prolonged inactivity 869 min,25.576985,91.893368,16,2026-08-02 21:16:40,2026-08-02 21:37:25,2026-08-02 21:44:21,2026-08-02 22:19:00
2376,670,anomaly,high,resolved,AI anomaly: prolonged inactivity 1300 min,27.329067,88.614817,21,2026-08-04 04:11:25,2026-08-04 04:13:28,2026-08-04 04:14:33,2026-08-04 04:46:57
2377,671,geofence,critical,resolved,Restricted-zone entry: Riverside Restricted Area,26.184858,91.762654,4,2026-08-02 08:08:48,2026-08-02 08:09:58,2026-08-02 08:12:31,2026-08-02 08:20:47
2378,671,anomaly,high,resolved,AI anomaly: prolonged inactivity 62 min,26.184174,91.750402,21,2026-08-03 07:39:08,2026-08-03 07:39:45,2026-08-03 07:42:28,2026-08-03 08:15:18
2379,675,anomaly,high,resolved,AI anomaly: prolonged inactivity 54 min,26.186499,91.756419,15,2026-09-04 07:38:28,2026-09-04 07:40:45,2026-09-04 07:45:54,2026-09-04 08:00:39
2380,675,geofence,critical,resolved,Restricted-zone entry: Riverside Restricted Area,26.184771,91.763521,13,2026-09-04 08:29:39,2026-09-04 08:30:19,2026-09-04 08:49:23,2026-09-04 09:18:45
2381,676,anomaly,high,resolved,AI anomaly: prolonged inactivity 444 min,26.949067,94.170217,9,2026-08-20 14:04:26,2026-08-20 14:05:51,2026-08-20 14:07:58,2026-08-20 14:35:02
2382,676,anomaly,high,resolved,AI anomaly: prolonged inactivity 287 min,26.574928,93.173027,17,2026-08-21 11:37:58,2026-08-21 11:39:20,2026-08-21 11:43:20,2026-08-21 11:51:11
2383,676,geofence,critical,resolved,Restricted-zone entry: Kaziranga Core Zone,26.576258,93.171142,22,2026-08-21 11:51:49,2026-08-21 11:52:23,2026-08-21 11:56:58,2026-08-21 12:05:27
2384,676,anomaly,high,resolved,AI anomaly: prolonged inactivity 328 min,26.634815,92.79752,14,2026-08-22 12:00:59,2026-08-22 12:01:21,2026-08-22 12:03:02,2026-08-22 12:07:03
2385,676,anomaly,high,resolved,AI anomaly: prolonged inactivity 270 min,26.919534,92.879682,3,2026-08-23 11:08:37,2026-08-23 11:09:34,2026-08-23 11:11:06,2026-08-23 11:43:44
2386,676,anomaly,high,resolved,AI anomaly: prolonged inactivity 264 min,26.107087,91.585633,15,2026-08-24 11:16:30,2026-08-24 11:19:22,2026-08-24 11:20:28,2026-08-24 11:32:21
2387,677,geofence,critical,resolved,Restricted-zone entry: Riverside Restricted Area,26.184904,91.762266,2,2026-08-30 07:41:17,2026-08-30 07:43:07,2026-08-30 07:49:22,2026-08-30 08:02:55
2388,677,anomaly,high,resolved,AI anomaly: prolonged inactivity 50 min,26.185242,91.752334,6,2026-08-31 07:25:13,2026-08-31 07:26:20,2026-08-31 07:28:33,2026-08-31 07:44:10
2389,677,anomaly,high,resolved,AI anomaly: prolonged inactivity 74 min,26.184427,91.752095,1,2026-09-03 08:04:57,2026-09-03 08:05:34,2026-09-03 08:12:19,2026-09-03 08:20:27
2390,678,anomaly,high,resolved,AI anomaly: prolonged inactivity 53 min,26.189171,91.744568,17,2026-07-26 07:24:41,2026-07-26 07:26:51,2026-07-26 07:31:05,2026-07-26 08:07:51
2391,681,anomaly,high,resolved,AI anomaly: prolonged inactivity 79 min,26.156314,91.788247,4,2026-08-19 07:54:14,2026-08-19 07:56:37,2026-08-19 07:59:27,2026-08-19 08:26:00
2392,682,geofence,critical,dispatched,Restricted-zone entry: Cherrapunji Cliff Edge,25.275598,91.684527,17,2026-08-29 08:47:46,2026-08-29 08:50:37,2026-08-29 08:51:37,
2393,682,anomaly,high,detected,AI anomaly: prolonged inactivity 77 min,25.254279,91.709111,,2026-08-30 07:51:27,,,
2394,682,anomaly,high,resolved,AI anomaly: prolonged inactivity 373 min,25.190417,92.01825,21,2026-08-31 13:01:52,2026-08-31 13:02:43,2026-08-31 13:05:46,2026-08-31 13:20:01
2395,682,geofence,critical,resolved,Restricted-zone entry: Dawki Border Belt,25.190417,92.01825,9,2026-08-31 13:01:52,2026-08-31 13:02:06,2026-08-31 13:18:38,2026-08-31 13:58:32
2396,682,anomaly,high,resolved,AI anomaly: prolonged inactivity 440 min,25.579544,91.893904,4,2026-09-02 13:50:23,2026-09-02 13:51:17,2026-09-02 13:51:47,2026-09-02 13:58:07
2397,682,anomaly,high,resolved,AI anomaly: prolonged inactivity 74 min,25.57929,91.894616,21,2026-09-03 07:51:48,2026-09-03 07:53:12,2026-09-03 07:58:05,2026-09-03 08:49:48
2398,682,anomaly,high,resolved,AI anomaly: prolonged inactivity 448 min,26.184627,91.749669,19,2026-09-04 13:59:30,2026-09-04 14:01:12,2026-09-04 14:02:42,2026-09-04 14:08:55
2399,682,anomaly,high,acknowledged,AI anomaly: prolonged inactivity 72 min,26.183639,91.75006,,2026-09-05 08:00:28,2026-09-05 08:10:26,,
2400,683,geofence,critical,dispatched,Restricted-zone entry: Riverside Restricted Area,26.173948,91.773874,1,2026-08-22 09:05:42,2026-08-22 09:10:40,2026-08-22 09:12:58,
2401,683,anomaly,high,resolved,AI anomaly: prolonged inactivity 418 min,26.129946,91.798225,6,2026-08-24 13:34:51,2026-08-24 13:36:30,2026-08-24 13:40:10,2026-08-24 13:46:31
2402,684,anomaly,high,resolved,AI anomaly: prolonged inactivity 49 min,27.584558,91.856907,15,2026-08-05 07:26:34,2026-08-05 07:28:12,2026-08-05 07:28:31,2026-08-05 07:33:40
2403,684,anomaly,high,resolved,AI anomaly: prolonged inactivity 277 min,26.635344,92.799424,17,2026-08-07 11:19:27,2026-08-07 11:23:53,2026-08-07 11:24:57,2026-08-07 11:36:18
2404,684,anomaly,high,resolved,AI anomaly: prolonged inactivity 69 min,26.634988,92.799277,18,2026-08-08 08:02:14,2026-08-08 08:04:06,2026-08-08 08:07:33,2026-08-08 08:33:43
2405,684,anomaly,high,resolved,AI anomaly: prolonged inactivity 420 min,26.183112,91.753333,7,2026-08-09 13:33:51,2026-08-09 13:36:37,2026-08-09 13:38:09,2026-08-09 13:51:01
2406,684,anomaly,high,dispatched,AI anomaly: prolonged inactivity 324 min,27.54637,93.830433,17,2026-08-11 12:14:44,2026-08-11 12:17:00,2026-08-11 12:18:35,
2407,684,anomaly,high,resolved,AI anomaly: prolonged inactivity 61 min,27.546018,93.830048,20,2026-08-12 07:41:17,2026-08-12 07:43:27,2026-08-12 07:46:25,2026-08-12 07:50:56
2408,684,fall_detected,critical,resolved,Possible fall detected by Anastasia Smirnov's band,27.584157,91.858059,1,2026-08-04 07:42:30,2026-08-04 07:44:51,2026-08-04 07:45:19,2026-08-04 07:58:09
2409,685,anomaly,high,resolved,AI anomaly: prolonged inactivity 427 min,26.251437,91.515562,21,2026-09-03 13:47:54,2026-09-03 13:49:03,2026-09-03 13:53:07,2026-09-03 14:37:55
2410,685,anomaly,high,resolved,AI anomaly: prolonged inactivity 71 min,26.251295,91.515688,20,2026-09-04 07:53:10,2026-09-04 07:53:25,2026-09-04 07:54:16,2026-09-04 08:01:26
2411,685,anomaly,high,acknowledged,AI anomaly: prolonged inactivity 258 min,26.365843,91.634924,,2026-09-05 11:08:27,2026-09-05 11:11:58,,
2412,686,geofence,critical,acknowledged,Restricted-zone entry: Cherrapunji Cliff Edge,25.268204,91.694183,,2026-08-20 07:59:18,2026-08-20 08:01:56,,
2413,686,anomaly,high,resolved,AI anomaly: prolonged inactivity 65 min,25.268337,91.694279,8,2026-08-21 07:43:12,2026-08-21 07:43:24,2026-08-21 07:45:41,2026-08-21 08:42:38
2414,686,anomaly,high,resolved,AI anomaly: prolonged inactivity 64 min,25.255092,91.70778,11,2026-08-22 07:41:16,2026-08-22 07:45:00,2026-08-22 07:48:27,2026-08-22 08:51:24
2415,686,anomaly,high,resolved,AI anomaly: prolonged inactivity 45 min,25.254689,91.708595,20,2026-08-23 07:18:28,2026-08-23 07:19:16,2026-08-23 07:20:35,2026-08-23 09:15:16
2416,686,anomaly,high,resolved,AI anomaly: prolonged inactivity 385 min,25.638363,91.889685,2,2026-08-24 13:10:50,2026-08-24 13:13:56,2026-08-24 13:18:47,2026-08-24 13:36:48
2417,686,anomaly,high,resolved,AI anomaly: prolonged inactivity 75 min,25.606758,91.891544,7,2026-08-25 08:03:26,2026-08-25 08:04:02,2026-08-25 08:09:11,2026-08-25 08:14:49
2418,686,anomaly,high,dispatched,AI anomaly: prolonged inactivity 51 min,25.607072,91.891621,12,2026-08-26 07:22:45,2026-08-26 07:31:13,2026-08-26 07:43:42,
2419,686,anomaly,high,resolved,AI anomaly: prolonged inactivity 158 min,26.184141,91.749796,22,2026-08-27 09:16:40,2026-08-27 09:18:15,2026-08-27 09:19:02,2026-08-27 10:35:33
2420,686,anomaly,high,resolved,AI anomaly: prolonged inactivity 66 min,26.183974,91.750697,11,2026-08-28 07:53:46,2026-08-28 08:01:36,2026-08-28 08:03:19,2026-08-28 09:11:59
2421,686,anomaly,high,resolved,AI anomaly: prolonged inactivity 55 min,26.183838,91.750879,20,2026-08-29 07:44:30,2026-08-29 07:46:02,2026-08-29 07:46:34,2026-08-29 07:58:59
2422,687,anomaly,high,resolved,AI anomaly: prolonged inactivity 87 min,26.753127,94.201655,15,2026-08-17 08:02:18,2026-08-17 08:03:02,2026-08-17 08:06:49,2026-08-17 08:15:54
2423,687,anomaly,high,resolved,AI anomaly: prolonged inactivity 351 min,26.950637,94.17104,10,2026-08-18 12:36:56,2026-08-18 12:39:19,2026-08-18 12:40:31,2026-08-18 13:16:52
2424,687,anomaly,high,resolved,AI anomaly: prolonged inactivity 388 min,26.984156,94.641391,9,2026-08-20 13:00:58,2026-08-20 13:02:35,2026-08-20 13:03:01,2026-08-20 13:10:58
2425,687,anomaly,high,resolved,AI anomaly: prolonged inactivity 48 min,26.984072,94.641008,20,2026-08-21 07:31:59,2026-08-21 07:33:59,2026-08-21 07:34:34,2026-08-21 08:05:57
2426,687,anomaly,high,resolved,AI anomaly: prolonged inactivity 340 min,26.577248,93.173123,1,2026-08-22 12:24:00,2026-08-22 12:26:32,2026-08-22 12:27:08,2026-08-22 12:40:26
2427,687,geofence,critical,dispatched,Restricted-zone entry: Kaziranga Core Zone,26.578356,93.172549,6,2026-08-22 12:29:09,2026-08-22 12:30:28,2026-08-22 12:31:40,
2428,687,anomaly,high,resolved,AI anomaly: prolonged inactivity 63 min,26.576506,93.172805,14,2026-08-23 07:37:34,2026-08-23 07:38:54,2026-08-23 07:39:42,2026-08-23 08:04:44
2429,687,anomaly,high,resolved,AI anomaly: prolonged inactivity 264 min,26.635593,92.797979,3,2026-08-24 11:26:37,2026-08-24 11:28:16,2026-08-24 11:29:16,2026-08-24 11:32:50
2430,687,anomaly,high,resolved,AI anomaly: prolonged inactivity 207 min,26.921343,92.880714,6,2026-08-26 10:01:10,2026-08-26 10:02:35,2026-08-26 10:04:33,2026-08-26 10:14:06
2431,687,anomaly,high,acknowledged,AI anomaly: prolonged inactivity 58 min,26.921269,92.881544,,2026-08-27 07:49:36,2026-08-27 07:51:14,,
2432,688,anomaly,high,resolved,AI anomaly: prolonged inactivity 1270 min,26.152057,91.781906,17,2026-08-18 04:15:28,2026-08-18 04:17:15,2026-08-18 04:20:08,2026-08-18 04:27:00
2433,689,anomaly,high,resolved,AI anomaly: prolonged inactivity 402 min,26.167761,91.566971,19,2026-08-26 13:15:18,2026-08-26 13:18:37,2026-08-26 13:19:05,2026-08-26 13:29:14
2434,690,anomaly,high,resolved,AI anomaly: prolonged inactivity 51 min,26.127403,91.77348,22,2026-07-30 07:21:17,2026-07-30 07:24:01,2026-07-30 07:24:50,2026-07-30 07:32:43
2435,690,anomaly,high,resolved,AI anomaly: prolonged inactivity 207 min,26.250956,91.517647,15,2026-07-31 10:18:09,2026-07-31 10:19:10,2026-07-31 10:21:04,2026-07-31 10:25:37
2436,690,anomaly,high,acknowledged,AI anomaly: prolonged inactivity 313 min,26.365322,91.635065,,2026-08-02 12:01:26,2026-08-02 12:02:44,,
2437,692,anomaly,high,resolved,AI anomaly: prolonged inactivity 82 min,26.92093,92.880896,1,2026-08-05 08:01:33,2026-08-05 08:02:32,2026-08-05 08:03:17,2026-08-05 08:18:41
2438,692,anomaly,high,resolved,AI anomaly: prolonged inactivity 59 min,26.920543,92.881464,16,2026-08-06 07:51:14,2026-08-06 07:52:01,2026-08-06 07:54:33,2026-08-06 08:03:24
2439,692,anomaly,high,dispatched,AI anomaly: prolonged inactivity 243 min,26.635708,92.801088,7,2026-08-07 10:33:11,2026-08-07 10:35:51,2026-08-07 10:38:58,
2440,692,anomaly,high,resolved,AI anomaly: prolonged inactivity 71 min,26.636196,92.801737,16,2026-08-08 07:56:49,2026-08-08 07:57:18,2026-08-08 07:57:43,2026-08-08 08:09:05
2441,692,anomaly,high,dispatched,AI anomaly: prolonged inactivity 318 min,26.107396,91.586813,21,2026-08-09 11:57:29,2026-08-09 11:59:51,2026-08-09 12:01:28,
2442,692,anomaly,high,dispatched,AI anomaly: prolonged inactivity 64 min,26.108196,91.587202,17,2026-08-11 08:02:19,2026-08-11 08:04:33,2026-08-11 08:11:22,
2443,692,anomaly,high,resolved,AI anomaly: prolonged inactivity 235 min,26.79152,94.251821,6,2026-08-12 10:51:29,2026-08-12 10:55:14,2026-08-12 10:58:50,2026-08-12 11:28:24
2444,692,anomaly,high,acknowledged,AI anomaly: prolonged inactivity 70 min,26.749755,94.203869,,2026-08-13 07:56:25,2026-08-13 07:57:36,,
2445,692,anomaly,high,resolved,AI anomaly: prolonged inactivity 498 min,26.948322,94.172115,18,2026-08-14 14:55:43,2026-08-14 14:57:08,2026-08-14 15:00:31,2026-08-14 15:03:38
2446,693,anomaly,high,resolved,AI anomaly: prolonged inactivity 67 min,26.145048,91.79631,10,2026-08-16 07:47:22,2026-08-16 07:50:54,2026-08-16 07:53:12,2026-08-16 08:39:47
2447,693,anomaly,high,resolved,AI anomaly: prolonged inactivity 235 min,26.10705,91.585838,11,2026-08-17 10:50:46,2026-08-17 10:51:14,2026-08-17 10:54:51,2026-08-17 11:07:43
2448,695,anomaly,high,dispatched,AI anomaly: prolonged inactivity 81 min,26.17956,91.752132,11,2026-08-13 07:59:53,2026-08-13 08:00:12,2026-08-13 08:00:53,
2449,695,anomaly,high,resolved,AI anomaly: prolonged inactivity 302 min,26.251909,91.514382,12,2026-08-14 11:35:11,2026-08-14 11:39:32,2026-08-14 11:39:51,2026-08-14 11:45:35
2450,695,anomaly,high,dispatched,AI anomaly: prolonged inactivity 76 min,26.251658,91.514357,2,2026-08-15 07:51:20,2026-08-15 07:51:56,2026-08-15 07:55:58,
2451,695,anomaly,high,resolved,AI anomaly: prolonged inactivity 242 min,26.364959,91.63344,11,2026-08-16 10:34:50,2026-08-16 10:45:42,2026-08-16 10:46:48,2026-08-16 11:04:36
2452,696,anomaly,high,dispatched,AI anomaly: prolonged inactivity 58 min,26.635313,92.799426,7,2026-09-02 07:38:31,2026-09-02 07:39:40,2026-09-02 07:41:03,
2453,696,anomaly,high,resolved,AI anomaly: prolonged inactivity 352 min,26.184082,91.751343,1,2026-09-03 12:26:57,2026-09-03 12:33:25,2026-09-03 12:35:51,2026-09-03 12:58:22
2454,696,anomaly,high,resolved,AI anomaly: prolonged inactivity 224 min,27.585425,91.858053,17,2026-09-04 10:24:11,2026-09-04 10:27:56,2026-09-04 10:32:06,2026-09-04 10:43:05
2455,696,anomaly,high,resolved,AI anomaly: prolonged inactivity 170 min,27.543498,93.833644,17,2026-09-05 09:34:45,2026-09-05 09:38:38,2026-09-05 09:43:16,2026-09-05 09:46:56
2456,697,anomaly,high,resolved,AI anomaly: prolonged inactivity 83 min,26.188482,91.74143,2,2026-08-25 07:58:35,2026-08-25 08:06:51,2026-08-25 08:09:33,2026-08-25 08:28:02
2457,697,anomaly,high,resolved,AI anomaly: prolonged inactivity 70 min,26.177231,91.747105,1,2026-08-26 07:41:11,2026-08-26 07:42:04,2026-08-26 07:46:47,2026-08-26 08:00:46
2458,698,anomaly,high,resolved,AI anomaly: prolonged inactivity 159 min,26.633318,92.801029,15,2026-07-24 09:28:09,2026-07-24 09:28:39,2026-07-24 09:30:02,2026-07-24 09:38:31
2459,698,anomaly,high,resolved,AI anomaly: prolonged inactivity 47 min,26.185291,91.744307,22,2026-07-25 07:18:37,2026-07-25 07:19:54,2026-07-25 07:22:42,2026-07-25 08:01:30
2460,698,anomaly,high,resolved,AI anomaly: prolonged inactivity 404 min,26.18451,91.750336,18,2026-07-26 13:36:58,2026-07-26 13:37:35,2026-07-26 13:40:37,2026-07-26 13:43:27
2461,698,anomaly,high,resolved,AI anomaly: prolonged inactivity 57 min,26.183773,91.75068,18,2026-07-27 07:34:50,2026-07-27 07:42:41,2026-07-27 07:44:34,2026-07-27 07:56:44
2462,698,anomaly,high,resolved,AI anomaly: prolonged inactivity 431 min,27.546404,93.831956,16,2026-07-28 13:56:53,2026-07-28 13:57:35,2026-07-28 14:00:28,2026-07-28 14:11:06
2463,698,anomaly,high,resolved,AI anomaly: prolonged inactivity 59 min,27.545314,93.833038,11,2026-07-29 07:43:22,2026-07-29 07:45:26,2026-07-29 07:47:02,2026-07-29 07:50:32
2464,699,anomaly,high,resolved,AI anomaly: prolonged inactivity 88 min,26.183546,91.753575,13,2026-07-29 07:59:38,2026-07-29 08:01:28,2026-07-29 08:05:00,2026-07-29 08:11:22
2465,699,anomaly,high,resolved,AI anomaly: prolonged inactivity 62 min,26.182562,91.753368,14,2026-07-30 07:34:56,2026-07-30 07:36:36,2026-07-30 07:40:09,2026-07-30 08:19:08
2466,699,anomaly,high,resolved,AI anomaly: prolonged inactivity 294 min,26.634569,92.801484,5,2026-07-31 11:38:30,2026-07-31 11:40:48,2026-07-31 11:54:15,2026-07-31 12:26:11
2467,699,anomaly,high,resolved,AI anomaly: prolonged inactivity 48 min,26.63482,92.801694,22,2026-08-02 07:33:23,2026-08-02 07:34:05,2026-08-02 07:35:30,2026-08-02 07:38:12
2468,699,anomaly,high,resolved,AI anomaly: prolonged inactivity 252 min,27.584266,91.861669,20,2026-08-03 10:54:43,2026-08-03 10:56:29,2026-08-03 11:01:00,2026-08-03 12:01:24
2469,699,anomaly,high,resolved,AI anomaly: prolonged inactivity 61 min,27.584836,91.861561,1,2026-08-04 07:48:43,2026-08-04 07:53:30,2026-08-04 07:54:10,2026-08-04 08:11:56
2470,699,anomaly,high,resolved,AI anomaly: prolonged inactivity 412 min,27.545048,93.83261,14,2026-08-06 13:43:38,2026-08-06 13:46:10,2026-08-06 13:48:32,2026-08-06 14:19:20
2471,699,anomaly,high,resolved,AI anomaly: prolonged inactivity 63 min,27.544971,93.831243,4,2026-08-07 08:01:22,2026-08-07 08:02:32,2026-08-07 08:06:48,2026-08-07 08:11:44
2472,700,anomaly,high,resolved,AI anomaly: prolonged inactivity 51 min,27.584552,91.859219,10,2026-08-27 07:37:24,2026-08-27 07:38:56,2026-08-27 07:40:50,2026-08-27 08:27:42
2473,700,anomaly,high,acknowledged,AI anomaly: prolonged inactivity 426 min,26.63201,92.802876,,2026-08-28 13:58:00,2026-08-28 14:00:11,,
2474,700,anomaly,high,resolved,AI anomaly: prolonged inactivity 399 min,26.183869,91.75267,12,2026-08-30 13:22:32,2026-08-30 13:24:25,2026-08-30 13:25:31,2026-08-30 13:41:11
2475,700,anomaly,high,dispatched,AI anomaly: prolonged inactivity 62 min,26.183991,91.753596,20,2026-08-31 07:38:23,2026-08-31 07:39:10,2026-08-31 07:40:45,
2476,700,anomaly,high,resolved,AI anomaly: prolonged inactivity 138 min,27.543775,93.831351,13,2026-09-01 09:09:23,2026-09-01 09:15:02,2026-09-01 09:18:56,2026-09-01 10:11:21
2477,701,anomaly,high,resolved,AI anomaly: prolonged inactivity 196 min,26.184884,91.750588,14,2026-08-29 10:18:00,2026-08-29 10:22:06,2026-08-29 10:23:07,2026-08-29 11:34:43
2478,701,anomaly,high,resolved,AI anomaly: prolonged inactivity 430 min,26.168371,91.564756,6,2026-08-30 13:41:38,2026-08-30 13:49:17,2026-08-30 13:52:31,2026-08-30 14:06:13
2479,702,anomaly,high,resolved,AI anomaly: prolonged inactivity 255 min,26.113562,91.637291,4,2026-08-26 10:51:40,2026-08-26 10:59:30,2026-08-26 11:09:49,2026-08-26 11:20:29
2480,702,geofence,critical,resolved,Restricted-zone entry: Deepor Beel Wetland Edge,26.120181,91.651327,6,2026-08-26 11:14:16,2026-08-26 11:15:14,2026-08-26 11:19:27,2026-08-26 11:33:57
2481,702,anomaly,high,resolved,AI anomaly: prolonged inactivity 164 min,25.971315,91.4691,15,2026-08-27 09:38:42,2026-08-27 09:40:12,2026-08-27 09:42:17,2026-08-27 10:15:58
2482,702,anomaly,high,resolved,AI anomaly: prolonged inactivity 308 min,26.232336,92.080985,15,2026-08-28 11:47:21,2026-08-28 11:50:55,2026-08-28 11:53:51,2026-08-28 11:56:31
2483,703,anomaly,high,resolved,AI anomaly: prolonged inactivity 47 min,26.183073,91.752826,11,2026-07-30 07:20:26,2026-07-30 07:23:05,2026-07-30 07:23:58,2026-07-30 07:50:12
2484,703,anomaly,high,detected,AI anomaly: prolonged inactivity 240 min,27.587673,91.857398,,2026-07-31 10:42:35,,,
2485,703,anomaly,high,resolved,AI anomaly: prolonged inactivity 69 min,27.587447,91.858095,14,2026-08-02 07:54:31,2026-08-02 07:56:01,2026-08-02 08:01:58,2026-08-02 08:51:47
2486,703,anomaly,high,resolved,AI anomaly: prolonged inactivity 488 min,27.544738,93.83292,7,2026-08-04 14:52:09,2026-08-04 14:55:11,2026-08-04 14:59:42,2026-08-04 15:28:52
2487,703,anomaly,high,resolved,AI anomaly: prolonged inactivity 64 min,27.544073,93.833105,17,2026-08-05 07:54:14,2026-08-05 07:56:04,2026-08-05 07:59:15,2026-08-05 08:07:54
2488,705,geofence,critical,resolved,Restricted-zone entry: Deepor Beel Wetland Edge,26.119917,91.650417,9,2026-08-05 07:43:56,2026-08-05 07:44:45,2026-08-05 07:45:39,2026-08-05 07:55:07
2489,705,anomaly,high,detected,AI anomaly: prolonged inactivity 492 min,25.931007,91.432782,,2026-08-06 14:52:42,,,
2490,706,anomaly,high,resolved,AI anomaly: prolonged inactivity 312 min,26.177219,91.784602,8,2026-09-01 11:59:58,2026-09-01 12:00:38,2026-09-01 12:02:50,2026-09-01 12:25:58
2491,706,anomaly,high,resolved,AI anomaly: prolonged inactivity 370 min,26.232466,92.084456,4,2026-09-02 13:08:37,2026-09-02 13:08:56,2026-09-02 13:13:14,2026-09-02 13:19:42
2492,706,anomaly,high,resolved,AI anomaly: prolonged inactivity 184 min,25.934244,91.434834,3,2026-09-03 09:55:57,2026-09-03 10:03:33,2026-09-03 10:04:21,2026-09-03 10:08:13
2493,707,anomaly,high,resolved,AI anomaly: prolonged inactivity 46 min,26.633704,92.797351,1,2026-09-02 07:37:42,2026-09-02 07:39:13,2026-09-02 07:45:58,2026-09-02 07:53:43
2494,707,anomaly,high,resolved,AI anomaly: prolonged inactivity 246 min,26.919275,92.880147,2,2026-09-03 10:41:08,2026-09-03 10:47:36,2026-09-03 10:54:54,2026-09-03 11:07:48
2495,707,anomaly,high,dispatched,AI anomaly: prolonged inactivity 299 min,26.751973,94.204778,20,2026-09-04 11:36:07,2026-09-04 11:37:15,2026-09-04 11:38:59,
2496,707,anomaly,high,resolved,AI anomaly: prolonged inactivity 262 min,26.981266,94.642408,13,2026-09-05 10:55:00,2026-09-05 10:55:36,2026-09-05 11:00:10,2026-09-05 11:16:14
2497,708,geofence,critical,resolved,Restricted-zone entry: Deepor Beel Wetland Edge,26.121286,91.650723,1,2026-08-31 21:38:34,2026-08-31 21:39:37,2026-08-31 21:40:45,2026-08-31 21:52:47
2498,708,anomaly,high,resolved,AI anomaly: prolonged inactivity 905 min,26.110533,91.635926,8,2026-09-01 21:43:04,2026-09-01 21:49:29,2026-09-01 21:51:49,2026-09-01 22:12:42
2499,708,anomaly,high,resolved,AI anomaly: prolonged inactivity 1294 min,26.178476,91.784644,5,2026-09-03 04:25:51,2026-09-03 04:27:07,2026-09-03 04:27:40,2026-09-03 04:42:34
2500,708,anomaly,high,resolved,AI anomaly: prolonged inactivity 1253 min,25.932974,91.433644,1,2026-09-05 03:48:42,2026-09-05 03:49:16,2026-09-05 03:53:11,2026-09-05 04:01:21
2501,711,anomaly,high,resolved,AI anomaly: prolonged inactivity 257 min,26.635326,92.799876,14,2026-08-01 10:52:20,2026-08-01 10:52:57,2026-08-01 10:53:32,2026-08-01 11:06:05
2502,711,anomaly,high,acknowledged,AI anomaly: prolonged inactivity 80 min,26.635057,92.80042,,2026-08-02 07:50:47,2026-08-02 07:53:13,,
2503,711,anomaly,high,dispatched,AI anomaly: prolonged inactivity 421 min,26.182331,91.753125,12,2026-08-03 13:58:52,2026-08-03 13:59:48,2026-08-03 14:01:10,
2504,711,anomaly,high,resolved,AI anomaly: prolonged inactivity 487 min,27.585389,91.858476,15,2026-08-05 14:43:18,2026-08-05 14:45:22,2026-08-05 14:52:55,2026-08-05 15:09:44
2505,712,geofence,critical,resolved,Restricted-zone entry: Riverside Restricted Area,26.172365,91.764766,22,2026-08-23 08:33:26,2026-08-23 08:35:25,2026-08-23 08:37:43,2026-08-23 08:43:53
2506,712,missing_person,critical,resolved,Manish Gogoi has not reported a location for over 6 hours,26.170445,91.770529,16,2026-08-24 06:50:46,2026-08-24 06:52:59,2026-08-24 06:55:30,2026-08-24 07:01:13
2507,714,anomaly,high,acknowledged,AI anomaly: prolonged inactivity 46 min,27.58444,91.859651,,2026-08-30 07:34:47,2026-08-30 07:36:15,,
2508,714,anomaly,high,resolved,AI anomaly: prolonged inactivity 68 min,27.584922,91.859896,9,2026-08-31 07:54:54,2026-08-31 07:55:58,2026-08-31 08:01:52,2026-08-31 08:08:53
2509,714,anomaly,high,acknowledged,AI anomaly: prolonged inactivity 221 min,26.183783,91.75134,,2026-09-01 10:31:38,2026-09-01 10:33:24,,
2510,714,anomaly,high,resolved,AI anomaly: prolonged inactivity 48 min,26.183621,91.751442,1,2026-09-02 07:47:09,2026-09-02 07:48:48,2026-09-02 07:49:51,2026-09-02 08:01:07
2511,714,anomaly,high,resolved,AI anomaly: prolonged inactivity 50 min,26.183766,91.752241,15,2026-09-03 07:28:57,2026-09-03 07:30:08,2026-09-03 07:32:28,2026-09-03 07:43:00
2512,714,anomaly,high,detected,AI anomaly: prolonged inactivity 645 min,27.546236,93.831703,,2026-09-04 17:27:29,,,
2513,714,anomaly,high,detected,AI anomaly: prolonged inactivity 67 min,27.546807,93.831116,,2026-09-05 07:39:55,,,
2514,715,anomaly,high,dispatched,AI anomaly: prolonged inactivity 919 min,23.830456,91.286323,15,2026-08-06 21:58:43,2026-08-06 22:00:29,2026-08-06 22:00:50,
2515,715,anomaly,high,resolved,AI anomaly: prolonged inactivity 883 min,23.829489,91.287049,20,2026-08-07 21:27:56,2026-08-07 21:30:46,2026-08-07 21:31:42,2026-08-07 23:29:30
2516,715,anomaly,high,resolved,AI anomaly: prolonged inactivity 984 min,26.106958,91.585278,1,2026-08-08 23:19:58,2026-08-08 23:20:15,2026-08-08 23:21:23,2026-08-08 23:33:14
2517,715,anomaly,high,resolved,AI anomaly: prolonged inactivity 857 min,26.106636,91.585802,12,2026-08-09 21:19:02,2026-08-09 21:22:55,2026-08-09 21:24:08,2026-08-09 21:42:27
2518,715,anomaly,high,dispatched,AI anomaly: prolonged inactivity 987 min,26.575883,93.170229,9,2026-08-10 23:24:50,2026-08-10 23:25:47,2026-08-10 23:27:02,
2519,715,geofence,critical,resolved,Restricted-zone entry: Kaziranga Core Zone,26.577237,93.172054,20,2026-08-10 23:53:22,2026-08-11 00:01:19,2026-08-11 00:05:27,2026-08-11 01:19:00
2520,715,anomaly,high,resolved,AI anomaly: prolonged inactivity 879 min,26.575648,93.170173,20,2026-08-11 21:14:15,2026-08-11 21:14:56,2026-08-11 21:16:39,2026-08-11 21:37:44
2521,715,anomaly,high,resolved,AI anomaly: prolonged inactivity 1188 min,25.673306,94.108774,9,2026-08-13 02:37:32,2026-08-13 02:42:34,2026-08-13 02:44:55,2026-08-13 03:02:37
2522,715,anomaly,high,resolved,AI anomaly: prolonged inactivity 1165 min,24.816208,93.936442,13,2026-08-15 02:05:27,2026-08-15 02:09:54,2026-08-15 02:18:00,2026-08-15 02:23:27
2523,715,anomaly,high,resolved,AI anomaly: prolonged inactivity 1078 min,27.332327,88.611981,2,2026-08-17 00:45:21,2026-08-17 00:46:32,2026-08-17 00:51:45,2026-08-17 01:19:45
2524,716,anomaly,high,resolved,AI anomaly: prolonged inactivity 45 min,26.186444,91.745319,1,2026-08-03 07:21:35,2026-08-03 07:22:34,2026-08-03 07:25:50,2026-08-03 08:46:36
2525,716,anomaly,high,acknowledged,AI anomaly: prolonged inactivity 388 min,26.165222,91.567459,,2026-08-04 13:24:40,2026-08-04 13:28:06,,
2526,716,anomaly,high,resolved,AI anomaly: prolonged inactivity 61 min,26.164754,91.567814,19,2026-08-05 07:56:57,2026-08-05 07:59:41,2026-08-05 08:02:06,2026-08-05 08:45:45
2527,717,anomaly,high,resolved,AI anomaly: prolonged inactivity 56 min,26.982024,94.641443,12,2026-08-13 07:41:09,2026-08-13 07:44:14,2026-08-13 07:45:23,2026-08-13 07:52:35
2528,717,anomaly,high,resolved,AI anomaly: prolonged inactivity 245 min,26.74911,94.202143,6,2026-08-15 10:41:21,2026-08-15 10:47:40,2026-08-15 10:50:18,2026-08-15 11:00:11
2529,717,anomaly,high,resolved,AI anomaly: prolonged inactivity 47 min,26.749548,94.20222,12,2026-08-16 07:17:33,2026-08-16 07:18:44,2026-08-16 07:20:14,2026-08-16 07:37:15
2530,717,anomaly,high,resolved,AI anomaly: prolonged inactivity 493 min,26.634959,92.799945,15,2026-08-18 15:00:44,2026-08-18 15:04:50,2026-08-18 15:05:39,2026-08-18 15:39:09
2531,717,anomaly,high,resolved,AI anomaly: prolonged inactivity 74 min,26.634846,92.799404,14,2026-08-19 07:51:05,2026-08-19 07:52:08,2026-08-19 07:55:45,2026-08-19 08:01:12
2532,717,anomaly,high,resolved,AI anomaly: prolonged inactivity 67 min,26.63524,92.799587,2,2026-08-20 07:54:27,2026-08-20 07:56:48,2026-08-20 07:57:49,2026-08-20 08:02:30
2533,717,anomaly,high,resolved,AI anomaly: prolonged inactivity 281 min,26.105102,91.586499,14,2026-08-21 11:12:19,2026-08-21 11:14:47,2026-08-21 11:21:16,2026-08-21 11:24:57
2534,717,anomaly,high,resolved,AI anomaly: prolonged inactivity 53 min,26.104442,91.586866,13,2026-08-22 07:37:41,2026-08-22 07:38:46,2026-08-22 07:41:17,2026-08-22 08:39:45
2535,720,anomaly,high,resolved,AI anomaly: prolonged inactivity 1179 min,25.282475,91.688513,8,2026-09-05 02:19:51,2026-09-05 02:20:18,2026-09-05 02:31:31,2026-09-05 02:43:59
2536,720,geofence,critical,resolved,Restricted-zone entry: Cherrapunji Cliff Edge,25.282475,91.688513,1,2026-09-05 02:19:51,2026-09-05 02:21:54,2026-09-05 02:26:21,2026-09-05 02:35:40
2537,721,anomaly,high,resolved,AI anomaly: prolonged inactivity 66 min,26.161704,91.777622,14,2026-08-17 07:51:01,2026-08-17 07:55:08,2026-08-17 07:57:13,2026-08-17 08:09:57
2538,721,anomaly,high,resolved,AI anomaly: prolonged inactivity 67 min,26.178026,91.754025,17,2026-08-18 07:56:32,2026-08-18 07:57:11,2026-08-18 07:59:21,2026-08-18 08:15:40
2539,722,anomaly,high,resolved,AI anomaly: prolonged inactivity 911 min,26.184979,91.752945,22,2026-07-30 22:04:05,2026-07-30 22:05:45,2026-07-30 22:16:34,2026-07-30 22:22:14
2540,722,anomaly,high,resolved,AI anomaly: prolonged inactivity 910 min,26.18353,91.753437,13,2026-07-31 21:52:48,2026-07-31 21:54:06,2026-07-31 21:57:02,2026-07-31 22:25:04
2541,722,anomaly,high,resolved,AI anomaly: prolonged inactivity 990 min,25.598227,91.891775,18,2026-08-01 23:26:37,2026-08-01 23:27:28,2026-08-01 23:29:04,2026-08-01 23:33:15
2542,722,anomaly,high,resolved,AI anomaly: prolonged inactivity 875 min,25.598584,91.892329,22,2026-08-02 21:07:17,2026-08-02 21:11:40,2026-08-02 21:31:12,2026-08-02 22:26:47
2543,722,anomaly,high,resolved,AI anomaly: prolonged inactivity 1147 min,25.281664,91.683617,19,2026-08-04 01:42:18,2026-08-04 01:47:35,2026-08-04 01:48:23,2026-08-04 01:54:10
2544,722,geofence,critical,dispatched,Restricted-zone entry: Cherrapunji Cliff Edge,25.276346,91.685786,20,2026-08-04 01:45:28,2026-08-04 01:45:50,2026-08-04 01:46:59,
2545,723,anomaly,high,dispatched,AI anomaly: prolonged inactivity 64 min,25.93413,91.435111,7,2026-09-01 07:57:37,2026-09-01 07:59:21,2026-09-01 08:01:47,
2546,723,anomaly,high,dispatched,AI anomaly: prolonged inactivity 457 min,26.177613,91.786474,14,2026-09-02 14:17:36,2026-09-02 14:18:24,2026-09-02 14:22:38,
2547,723,anomaly,high,resolved,AI anomaly: prolonged inactivity 62 min,26.176622,91.78626,18,2026-09-03 07:33:19,2026-09-03 07:35:11,2026-09-03 07:39:57,2026-09-03 08:07:03
2548,723,anomaly,high,resolved,AI anomaly: prolonged inactivity 132 min,26.233032,92.084276,20,2026-09-04 09:17:59,2026-09-04 09:19:06,2026-09-04 09:29:02,2026-09-04 09:38:20
2549,724,anomaly,high,resolved,AI anomaly: prolonged inactivity 67 min,26.631959,92.801575,21,2026-08-29 07:41:08,2026-08-29 07:42:17,2026-08-29 07:47:05,2026-08-29 07:50:02
2550,724,anomaly,high,resolved,AI anomaly: prolonged inactivity 449 min,26.577186,93.172748,7,2026-08-30 14:08:58,2026-08-30 14:09:54,2026-08-30 14:15:06,2026-08-30 14:34:39
2551,724,geofence,critical,resolved,Restricted-zone entry: Kaziranga Core Zone,26.577262,93.171286,13,2026-08-30 14:25:34,2026-08-30 14:27:20,2026-08-30 14:29:26,2026-08-30 16:44:02
2552,724,anomaly,high,dispatched,AI anomaly: prolonged inactivity 216 min,26.751701,94.203352,19,2026-08-31 10:44:18,2026-08-31 10:49:10,2026-08-31 10:51:13,
2553,724,anomaly,high,resolved,AI anomaly: prolonged inactivity 65 min,26.752495,94.20381,8,2026-09-01 07:41:22,2026-09-01 07:42:03,2026-09-01 07:47:39,2026-09-01 08:02:39
2554,724,anomaly,high,resolved,AI anomaly: prolonged inactivity 403 min,26.950156,94.169557,6,2026-09-02 13:42:05,2026-09-02 13:43:57,2026-09-02 14:08:21,2026-09-02 14:18:44
2555,724,anomaly,high,resolved,AI anomaly: prolonged inactivity 131 min,26.980031,94.640573,5,2026-09-03 09:03:36,2026-09-03 09:05:20,2026-09-03 09:09:29,2026-09-03 09:26:13
2556,724,anomaly,high,resolved,AI anomaly: prolonged inactivity 45 min,26.980127,94.640658,20,2026-09-04 07:36:26,2026-09-04 07:38:22,2026-09-04 07:39:40,2026-09-04 07:42:56
2557,724,anomaly,high,dispatched,AI anomaly: prolonged inactivity 190 min,26.105748,91.584513,16,2026-09-05 09:52:44,2026-09-05 09:53:14,2026-09-05 09:54:30,
2558,724,missing_person,critical,dispatched,Vikram Rajkhowa has not reported a location for over 6 hours,26.104635,91.583125,11,2026-09-05 18:20:50,2026-09-05 18:21:19,2026-09-05 18:23:20,
2559,725,geofence,critical,dispatched,Restricted-zone entry: Cherrapunji Cliff Edge,25.269821,91.693774,18,2026-08-16 21:31:58,2026-08-16 21:34:22,2026-08-16 21:39:45,
2560,725,anomaly,high,dispatched,AI anomaly: prolonged inactivity 915 min,25.255821,91.708328,1,2026-08-17 22:01:31,2026-08-17 22:03:26,2026-08-17 22:17:58,
2561,725,anomaly,high,resolved,AI anomaly: prolonged inactivity 871 min,25.270068,91.693459,20,2026-08-18 21:34:07,2026-08-18 21:34:45,2026-08-18 21:36:18,2026-08-18 21:51:08
2562,725,anomaly,high,resolved,AI anomaly: prolonged inactivity 874 min,25.269548,91.693975,10,2026-08-19 21:29:59,2026-08-19 21:30:49,2026-08-19 21:32:12,2026-08-19 22:02:34
2563,725,anomaly,high,resolved,AI anomaly: prolonged inactivity 1133 min,25.578994,91.893836,19,2026-08-21 01:28:52,2026-08-21 01:31:44,2026-08-21 01:34:11,2026-08-21 01:45:24
2564,725,anomaly,high,dispatched,AI anomaly: prolonged inactivity 925 min,25.579296,91.893067,20,2026-08-22 22:02:07,2026-08-22 22:04:03,2026-08-22 22:09:00,
2565,726,anomaly,high,resolved,AI anomaly: prolonged inactivity 47 min,26.185111,91.747867,15,2026-08-12 07:30:35,2026-08-12 07:30:50,2026-08-12 07:33:52,2026-08-12 07:42:30
2566,726,geofence,critical,acknowledged,Restricted-zone entry: Riverside Restricted Area,26.185594,91.762306,,2026-08-12 08:59:09,2026-08-12 09:04:05,,
2567,726,anomaly,high,resolved,AI anomaly: prolonged inactivity 64 min,26.185156,91.748083,17,2026-08-14 07:59:46,2026-08-14 08:02:08,2026-08-14 08:03:02,2026-08-14 08:40:04
2568,727,anomaly,high,resolved,AI anomaly: prolonged inactivity 89 min,26.18262,91.747332,5,2026-08-08 08:10:36,2026-08-08 08:12:41,2026-08-08 08:16:22,2026-08-08 08:29:50
2569,727,anomaly,high,resolved,AI anomaly: prolonged inactivity 83 min,26.18131,91.744614,12,2026-08-09 07:58:39,2026-08-09 07:59:43,2026-08-09 08:02:02,2026-08-09 08:10:11
2570,728,anomaly,high,resolved,AI anomaly: prolonged inactivity 66 min,24.817084,93.936127,4,2026-07-30 07:45:36,2026-07-30 07:47:35,2026-07-30 07:49:40,2026-07-30 08:16:45
2571,728,anomaly,high,resolved,AI anomaly: prolonged inactivity 230 min,25.67324,94.111109,7,2026-07-31 10:33:45,2026-07-31 10:34:33,2026-07-31 10:35:30,2026-07-31 10:40:22
2572,728,anomaly,high,resolved,AI anomaly: prolonged inactivity 418 min,26.105656,91.587045,7,2026-08-02 13:34:19,2026-08-02 13:35:24,2026-08-02 13:40:18,2026-08-02 13:47:43
2573,728,anomaly,high,dispatched,AI anomaly: prolonged inactivity 454 min,23.726618,92.717082,21,2026-08-04 14:06:07,2026-08-04 14:10:14,2026-08-04 14:10:47,
2574,728,anomaly,high,resolved,AI anomaly: prolonged inactivity 80 min,23.726582,92.717108,22,2026-08-05 07:49:55,2026-08-05 07:50:16,2026-08-05 07:53:07,2026-08-05 08:10:05
2575,728,anomaly,high,resolved,AI anomaly: prolonged inactivity 193 min,27.329701,88.611809,11,2026-08-06 09:43:21,2026-08-06 09:44:09,2026-08-06 09:48:10,2026-08-06 11:23:00
2576,728,anomaly,high,resolved,AI anomaly: prolonged inactivity 91 min,27.329893,88.611677,10,2026-08-07 08:05:24,2026-08-07 08:05:56,2026-08-07 08:10:49,2026-08-07 10:32:22
2577,728,sos,critical,resolved,SOS triggered by Bhaskar Rajkhowa: Help! I am being followed by two men on a motorcycle.,23.725835,92.717436,10,2026-08-05 02:13:03,2026-08-05 02:13:57,2026-08-05 02:14:46,2026-08-05 02:24:21
2578,729,anomaly,high,resolved,AI anomaly: prolonged inactivity 489 min,26.136046,91.803254,4,2026-07-29 14:49:55,2026-07-29 14:51:10,2026-07-29 14:52:40,2026-07-29 15:03:55
2579,729,geofence,critical,resolved,Restricted-zone entry: Deepor Beel Wetland Edge,26.1192,91.649462,9,2026-07-29 15:03:44,2026-07-29 15:06:55,2026-07-29 15:08:34,2026-07-29 15:21:16
2580,729,anomaly,high,resolved,AI anomaly: prolonged inactivity 416 min,25.931939,91.432309,14,2026-07-30 13:30:42,2026-07-30 13:34:36,2026-07-30 13:40:51,2026-07-30 14:50:23
2581,729,anomaly,high,resolved,AI anomaly: prolonged inactivity 306 min,26.235567,92.082984,9,2026-07-31 11:41:05,2026-07-31 11:41:45,2026-07-31 11:49:53,2026-07-31 12:36:51
2582,730,anomaly,high,resolved,AI anomaly: prolonged inactivity 240 min,26.251623,91.517112,7,2026-08-06 10:54:48,2026-08-06 10:55:52,2026-08-06 10:57:47,2026-08-06 11:01:14
2583,730,anomaly,high,resolved,AI anomaly: prolonged inactivity 85 min,26.251475,91.516713,10,2026-08-07 07:57:12,2026-08-07 08:00:45,2026-08-07 08:01:19,2026-08-07 08:18:08
2584,730,anomaly,high,resolved,AI anomaly: prolonged inactivity 259 min,26.365523,91.632694,8,2026-08-08 10:57:00,2026-08-08 11:04:01,2026-08-08 11:15:37,2026-08-08 11:23:55
2585,732,anomaly,high,resolved,AI anomaly: prolonged inactivity 341 min,24.81431,93.935793,12,2026-07-29 12:42:39,2026-07-29 12:43:23,2026-07-29 12:44:48,2026-07-29 12:58:33
2586,732,anomaly,high,resolved,AI anomaly: prolonged inactivity 65 min,24.816015,93.936414,20,2026-07-31 07:58:46,2026-07-31 07:59:17,2026-07-31 08:00:15,2026-07-31 08:19:11
2587,732,anomaly,high,resolved,AI anomaly: prolonged inactivity 497 min,26.57625,93.171708,15,2026-08-01 14:54:51,2026-08-01 14:55:46,2026-08-01 14:58:47,2026-08-01 15:17:38
2588,732,geofence,critical,resolved,Restricted-zone entry: Kaziranga Core Zone,26.576585,93.170943,12,2026-08-01 15:35:00,2026-08-01 15:36:38,2026-08-01 15:40:40,2026-08-01 15:52:44
2589,732,anomaly,high,dispatched,AI anomaly: prolonged inactivity 51 min,26.577098,93.171548,1,2026-08-02 07:48:35,2026-08-02 07:50:02,2026-08-02 07:53:21,
2590,732,anomaly,high,dispatched,AI anomaly: prolonged inactivity 77 min,26.577212,93.171438,19,2026-08-03 08:01:51,2026-08-03 08:03:42,2026-08-03 08:09:34,
2591,732,anomaly,high,resolved,AI anomaly: prolonged inactivity 209 min,26.105596,91.587963,12,2026-08-04 10:26:40,2026-08-04 10:29:58,2026-08-04 10:32:51,2026-08-04 11:15:51
2592,732,anomaly,high,resolved,AI anomaly: prolonged inactivity 55 min,26.105044,91.587415,8,2026-08-06 07:42:02,2026-08-06 07:45:43,2026-08-06 07:46:38,2026-08-06 07:55:04
2593,732,anomaly,high,resolved,AI anomaly: prolonged inactivity 438 min,27.331595,88.612719,22,2026-08-07 13:53:39,2026-08-07 13:55:19,2026-08-07 13:58:46,2026-08-07 14:19:42
2594,732,anomaly,high,resolved,AI anomaly: prolonged inactivity 48 min,27.332514,88.613545,2,2026-08-08 07:22:36,2026-08-08 07:27:57,2026-08-08 07:29:19,2026-08-08 07:35:27
2595,732,anomaly,high,resolved,AI anomaly: prolonged inactivity 56 min,27.33243,88.612579,20,2026-08-09 07:48:05,2026-08-09 07:48:27,2026-08-09 07:48:58,2026-08-09 08:22:18
2596,733,anomaly,high,resolved,AI anomaly: prolonged inactivity 64 min,26.335386,91.602924,3,2026-07-31 07:50:00,2026-07-31 07:51:38,2026-07-31 07:51:50,2026-07-31 08:44:52
2597,733,anomaly,high,resolved,AI anomaly: prolonged inactivity 347 min,26.166856,91.776523,20,2026-08-01 12:27:42,2026-08-01 12:30:48,2026-08-01 12:31:12,2026-08-01 12:47:47
2598,733,geofence,critical,resolved,Restricted-zone entry: Riverside Restricted Area,26.175531,91.777936,5,2026-08-01 13:13:49,2026-08-01 13:17:16,2026-08-01 13:18:32,2026-08-01 15:22:10
2599,734,anomaly,high,resolved,AI anomaly: prolonged inactivity 267 min,23.726039,92.71984,7,2026-09-05 11:17:44,2026-09-05 11:18:12,2026-09-05 11:20:14,2026-09-05 11:24:35
2600,735,anomaly,high,resolved,AI anomaly: prolonged inactivity 372 min,26.168284,91.706601,18,2026-09-05 12:45:17,2026-09-05 12:47:08,2026-09-05 12:48:02,2026-09-05 14:30:15
2601,735,geofence,critical,dispatched,Restricted-zone entry: Kaziranga Core Zone,26.577155,93.171922,10,2026-09-05 12:51:00,2026-09-05 12:52:38,2026-09-05 12:54:35,
2602,736,anomaly,high,resolved,AI anomaly: prolonged inactivity 87 min,24.816224,93.934996,9,2026-08-26 08:05:15,2026-08-26 08:05:34,2026-08-26 08:07:43,2026-08-26 08:12:48
2603,736,anomaly,high,resolved,AI anomaly: prolonged inactivity 443 min,25.57815,91.892514,1,2026-08-28 14:21:49,2026-08-28 14:23:25,2026-08-28 14:24:39,2026-08-28 14:33:45
2604,736,anomaly,high,resolved,AI anomaly: prolonged inactivity 86 min,25.578,91.892968,20,2026-08-30 08:03:27,2026-08-30 08:04:05,2026-08-30 08:08:02,2026-08-30 08:12:25
2605,736,anomaly,high,resolved,AI anomaly: prolonged inactivity 309 min,26.107312,91.58568,12,2026-08-31 11:59:15,2026-08-31 12:00:49,2026-08-31 12:01:24,2026-08-31 12:07:17
2606,736,anomaly,high,resolved,AI anomaly: prolonged inactivity 413 min,27.3316,88.612963,11,2026-09-03 13:24:54,2026-09-03 13:27:58,2026-09-03 13:31:11,2026-09-03 14:01:02
2607,736,anomaly,high,resolved,AI anomaly: prolonged inactivity 100 min,27.331845,88.613142,22,2026-09-04 08:35:07,2026-09-04 08:37:22,2026-09-04 08:38:32,2026-09-04 09:11:16
2608,736,anomaly,high,resolved,AI anomaly: prolonged inactivity 57 min,27.331391,88.612873,1,2026-09-05 08:03:02,2026-09-05 08:04:17,2026-09-05 08:04:47,2026-09-05 08:46:20
2609,740,anomaly,high,resolved,AI anomaly: prolonged inactivity 273 min,26.185704,91.750824,21,2026-08-05 11:30:26,2026-08-05 11:31:09,2026-08-05 11:31:54,2026-08-05 11:45:10
2610,742,anomaly,high,acknowledged,AI anomaly: prolonged inactivity 145 min,25.657673,91.888873,,2026-09-05 09:11:11,2026-09-05 09:11:39,,
2611,743,anomaly,high,resolved,AI anomaly: prolonged inactivity 47 min,26.176398,91.75629,15,2026-08-22 07:17:35,2026-08-22 07:18:19,2026-08-22 07:20:34,2026-08-22 07:33:17
2612,743,anomaly,high,resolved,AI anomaly: prolonged inactivity 66 min,26.176496,91.753991,8,2026-08-23 07:58:44,2026-08-23 08:01:16,2026-08-23 08:02:33,2026-08-23 08:05:38
2613,744,geofence,critical,resolved,Restricted-zone entry: Kaziranga Core Zone,26.575744,93.171486,3,2026-08-17 07:10:11,2026-08-17 07:12:23,2026-08-17 07:13:08,2026-08-17 07:42:34
2614,744,anomaly,high,resolved,AI anomaly: prolonged inactivity 52 min,26.574792,93.170905,16,2026-08-19 07:33:17,2026-08-19 07:34:52,2026-08-19 07:38:26,2026-08-19 07:59:31
2615,744,anomaly,high,resolved,AI anomaly: prolonged inactivity 61 min,26.575863,93.171167,3,2026-08-20 07:37:06,2026-08-20 07:38:50,2026-08-20 07:40:58,2026-08-20 08:05:45
2616,744,anomaly,high,resolved,AI anomaly: prolonged inactivity 346 min,24.815579,93.937155,14,2026-08-22 12:38:32,2026-08-22 12:42:36,2026-08-22 12:45:34,2026-08-22 13:01:01
2617,744,anomaly,high,resolved,AI anomaly: prolonged inactivity 64 min,24.816565,93.935953,12,2026-08-23 08:03:02,2026-08-23 08:06:55,2026-08-23 08:13:49,2026-08-23 08:25:47
2618,744,anomaly,high,resolved,AI anomaly: prolonged inactivity 49 min,24.815479,93.937076,15,2026-08-25 07:53:29,2026-08-25 07:54:32,2026-08-25 07:55:37,2026-08-25 08:02:02
2619,744,anomaly,high,resolved,AI anomaly: prolonged inactivity 430 min,23.725296,92.719009,13,2026-08-26 13:57:09,2026-08-26 14:00:30,2026-08-26 14:04:46,2026-08-26 14:07:33
2620,744,anomaly,high,resolved,AI anomaly: prolonged inactivity 70 min,23.726351,92.719013,21,2026-08-29 07:56:24,2026-08-29 07:57:30,2026-08-29 08:05:18,2026-08-29 08:11:07
2621,744,missing_person,critical,resolved,Hemanta Baishya has not reported a location for over 6 hours,23.723871,92.720349,21,2026-08-30 07:00:25,2026-08-30 07:01:42,2026-08-30 07:04:52,2026-08-30 07:20:48
2622,745,anomaly,high,dispatched,AI anomaly: prolonged inactivity 277 min,26.095689,91.603565,19,2026-08-27 11:19:22,2026-08-27 11:21:35,2026-08-27 11:24:40,
2623,745,anomaly,high,resolved,AI anomaly: prolonged inactivity 192 min,25.933184,91.432276,20,2026-08-28 10:12:23,2026-08-28 10:13:32,2026-08-28 10:16:48,2026-08-28 10:22:41
2624,746,geofence,critical,resolved,Restricted-zone entry: Kaziranga Core Zone,26.578291,93.171122,8,2026-07-31 07:31:01,2026-07-31 07:33:23,2026-07-31 07:34:09,2026-07-31 08:54:18
2625,746,anomaly,high,dispatched,AI anomaly: prolonged inactivity 233 min,25.674552,94.10905,20,2026-08-02 10:48:43,2026-08-02 10:50:08,2026-08-02 10:50:51,
2626,746,anomaly,high,resolved,AI anomaly: prolonged inactivity 278 min,25.579612,91.89284,6,2026-08-04 11:08:54,2026-08-04 11:12:14,2026-08-04 11:13:54,2026-08-04 11:22:31
2627,746,anomaly,high,resolved,AI anomaly: prolonged inactivity 241 min,26.107176,91.584964,12,2026-08-05 10:54:27,2026-08-05 10:55:27,2026-08-05 10:57:58,2026-08-05 11:24:08
2628,746,anomaly,high,resolved,AI anomaly: prolonged inactivity 56 min,26.106581,91.584373,8,2026-08-06 07:26:07,2026-08-06 07:26:52,2026-08-06 07:28:19,2026-08-06 07:38:12
2629,746,anomaly,high,resolved,AI anomaly: prolonged inactivity 323 min,23.831154,91.288738,7,2026-08-07 11:55:44,2026-08-07 11:58:53,2026-08-07 12:00:12,2026-08-07 12:06:30
2630,746,anomaly,high,detected,AI anomaly: prolonged inactivity 175 min,23.726956,92.718899,,2026-08-09 09:51:34,,,
2631,747,anomaly,high,dispatched,AI anomaly: prolonged inactivity 56 min,25.57735,91.895151,16,2026-08-03 07:54:10,2026-08-03 07:55:49,2026-08-03 07:56:49,
2632,747,anomaly,high,resolved,AI anomaly: prolonged inactivity 49 min,25.578101,91.895112,8,2026-08-04 07:31:20,2026-08-04 07:32:58,2026-08-04 07:37:59,2026-08-04 07:52:49
2633,747,anomaly,high,resolved,AI anomaly: prolonged inactivity 66 min,25.578003,91.894981,18,2026-08-05 07:52:18,2026-08-05 07:57:05,2026-08-05 07:57:46,2026-08-05 08:37:54
2634,747,anomaly,high,resolved,AI anomaly: prolonged inactivity 77 min,25.577947,91.894306,4,2026-08-06 07:50:28,2026-08-06 07:53:15,2026-08-06 08:00:09,2026-08-06 08:02:50
2635,747,anomaly,high,resolved,AI anomaly: prolonged inactivity 198 min,23.832284,91.285749,21,2026-08-07 09:56:50,2026-08-07 09:57:18,2026-08-07 09:58:13,2026-08-07 11:16:47
2636,747,anomaly,high,resolved,AI anomaly: prolonged inactivity 67 min,23.832426,91.285188,9,2026-08-08 07:55:00,2026-08-08 07:55:53,2026-08-08 08:00:55,2026-08-08 08:41:44
2637,747,anomaly,high,dispatched,AI anomaly: prolonged inactivity 385 min,23.725927,92.716476,16,2026-08-12 13:31:07,2026-08-12 13:31:29,2026-08-12 13:38:22,
2638,747,anomaly,high,resolved,AI anomaly: prolonged inactivity 84 min,23.726068,92.716808,19,2026-08-13 07:59:54,2026-08-13 08:02:23,2026-08-13 08:02:52,2026-08-13 08:12:02
2639,747,anomaly,high,resolved,AI anomaly: prolonged inactivity 73 min,23.727276,92.717602,2,2026-08-15 07:53:49,2026-08-15 07:56:17,2026-08-15 08:03:46,2026-08-15 08:29:22
2640,748,anomaly,high,resolved,AI anomaly: prolonged inactivity 61 min,26.981955,94.640696,10,2026-08-26 07:47:15,2026-08-26 07:48:37,2026-08-26 07:51:10,2026-08-26 08:11:06
2641,748,anomaly,high,dispatched,AI anomaly: prolonged inactivity 54 min,26.982256,94.640558,16,2026-08-27 07:35:45,2026-08-27 07:36:22,2026-08-27 07:38:53,
2642,748,anomaly,high,resolved,AI anomaly: prolonged inactivity 318 min,26.750197,94.204749,13,2026-08-28 12:09:52,2026-08-28 12:10:23,2026-08-28 12:17:08,2026-08-28 12:22:03
2643,748,anomaly,high,resolved,AI anomaly: sudden location jump 250.1 km,26.167719,91.77875,6,2026-08-29 07:43:28,2026-08-29 07:50:32,2026-08-29 07:50:53,2026-08-29 08:19:35
2644,748,anomaly,high,resolved,AI anomaly: prolonged inactivity 338 min,26.577687,93.169872,12,2026-08-30 12:25:04,2026-08-30 12:27:25,2026-08-30 12:29:25,2026-08-30 12:42:29
2645,748,geofence,critical,resolved,Restricted-zone entry: Kaziranga Core Zone,26.577687,93.169872,15,2026-08-30 12:25:04,2026-08-30 12:26:19,2026-08-30 12:29:38,2026-08-30 12:52:28
2646,748,anomaly,high,acknowledged,AI anomaly: prolonged inactivity 198 min,26.919126,92.878117,,2026-09-01 10:08:49,2026-09-01 10:11:36,,
2647,748,anomaly,high,resolved,AI anomaly: prolonged inactivity 46 min,26.919134,92.878384,21,2026-09-02 07:31:13,2026-09-02 07:32:38,2026-09-02 07:34:33,2026-09-02 07:51:01
2648,749,anomaly,high,acknowledged,AI anomaly: prolonged inactivity 73 min,26.193262,91.745561,,2026-07-25 07:59:14,2026-07-25 08:03:10,,
2649,750,geofence,critical,dispatched,Restricted-zone entry: Riverside Restricted Area,26.186183,91.763659,14,2026-09-03 07:29:50,2026-09-03 07:31:33,2026-09-03 07:34:31,
2650,557,geofence,low,resolved,Legacy register entry: geofence reported near Jorhat,26.749424,94.205438,20,2026-08-25 17:12:15,2026-08-25 17:13:18,2026-08-25 17:19:13,2026-08-25 17:47:19
2651,209,anomaly,high,resolved,Legacy register entry: anomaly reported near Guwahati Planetarium,26.186948,91.764499,6,2026-07-28 03:07:50,2026-07-28 03:08:45,2026-07-28 03:09:08,2026-07-28 03:24:28
2652,556,geofence,medium,resolved,Legacy register entry: geofence reported near Chandubi Lake,25.936437,91.432839,13,2026-08-18 12:30:00,2026-08-18 12:32:48,2026-08-18 12:36:32,2026-08-18 13:27:13
2653,607,geofence,medium,dispatched,Legacy register entry: geofence reported near Digboi Oil Heritage,27.392798,95.614993,22,2026-08-02 22:47:18,2026-08-02 22:47:57,2026-08-02 22:51:37,
2654,137,anomaly,medium,detected,Legacy register entry: anomaly reported near Rehabari,26.175416,91.750789,,2026-08-05 16:37:42,,,
2655,305,missing_person,medium,resolved,Legacy register entry: missing person reported near Navagraha Temple,26.178763,91.776042,21,2026-08-31 09:38:00,2026-08-31 09:38:27,2026-08-31 09:39:17,2026-08-31 10:33:46
2656,196,sos,low,acknowledged,Legacy register entry: sos reported near Chandmari,26.180106,91.775526,,2026-08-03 16:33:19,2026-08-03 16:36:05,,
2657,150,geofence,medium,resolved,Legacy register entry: geofence reported near Guwahati Railway Station,26.182966,91.751505,16,2026-09-04 05:58:36,2026-09-04 05:59:33,2026-09-04 06:02:17,2026-09-04 06:11:32
2658,234,anomaly,high,resolved,Legacy register entry: anomaly reported near Nehru Park,26.188972,91.747256,2,2026-08-16 14:24:48,2026-08-16 14:28:06,2026-08-16 14:30:28,2026-08-16 14:50:32
2659,5,geofence,medium,resolved,Legacy register entry: geofence reported near Hajo Pilgrimage Town,26.251049,91.518573,4,2026-08-21 05:52:37,2026-08-21 05:56:32,2026-08-21 06:00:00,2026-08-21 07:00:08
2660,6,geofence,low,resolved,Legacy register entry: geofence reported near Gauhati University,26.150228,91.666049,15,2026-08-21 04:20:01,2026-08-21 04:21:06,2026-08-21 04:22:04,2026-08-21 04:25:30
2661,529,anomaly,low,dispatched,Legacy register entry: anomaly reported near Dibrugarh,27.47044,94.912092,6,2026-08-24 02:07:48,2026-08-24 02:10:18,2026-08-24 02:10:31,
2662,474,anomaly,medium,resolved,Legacy register entry: anomaly reported near Chandmari,26.184456,91.769179,17,2026-07-30 14:13:21,2026-07-30 14:16:19,2026-07-30 14:16:55,2026-07-30 14:19:30
2663,231,anomaly,high,acknowledged,Legacy register entry: anomaly reported near Khanapara,26.114142,91.815128,,2026-08-10 14:10:28,2026-08-10 14:12:55,,
2664,251,anomaly,medium,resolved,Legacy register entry: anomaly reported near Amingaon,26.190111,91.663249,10,2026-07-25 08:32:48,2026-07-25 08:34:00,2026-07-25 08:35:30,2026-07-25 08:41:02
2665,745,anomaly,low,resolved,Legacy register entry: anomaly reported near Manas National Park,26.702861,90.997543,3,2026-08-25 19:14:48,2026-08-25 19:18:54,2026-08-25 19:21:38,2026-08-25 19:32:32
2666,580,anomaly,low,acknowledged,Legacy register entry: anomaly reported near Sualkuchi Silk Village,26.164525,91.567607,,2026-08-13 01:32:56,2026-08-13 01:35:59,,
2667,417,anomaly,high,resolved,Legacy register entry: anomaly reported near Jalukbari,26.148933,91.667344,14,2026-07-23 23:14:41,2026-07-23 23:15:33,2026-07-23 23:16:21,2026-07-24 00:44:28
2668,545,geofence,high,resolved,Legacy register entry: geofence reported near Noonmati,26.176546,91.805998,1,2026-08-30 06:52:06,2026-08-30 06:52:54,2026-08-30 06:54:27,2026-08-30 07:00:09
2669,660,anomaly,low,resolved,Legacy register entry: anomaly reported near Assam State Museum,26.18884,91.750372,20,2026-09-04 07:34:08,2026-09-04 07:34:55,2026-09-04 07:35:31,2026-09-04 08:10:36
2670,27,anomaly,medium,resolved,Legacy register entry: anomaly reported near North Guwahati Ghat,26.201571,91.690802,7,2026-08-12 23:09:14,2026-08-12 23:15:15,2026-08-12 23:17:41,2026-08-12 23:42:46
2671,334,geofence,medium,resolved,Legacy register entry: geofence reported near Jorhat,26.753933,94.204161,2,2026-08-05 18:23:12,2026-08-05 18:27:35,2026-08-05 18:28:56,2026-08-05 18:33:37
2672,448,anomaly,high,resolved,Legacy register entry: anomaly reported near Assam State Museum,26.183541,91.74984,22,2026-08-14 04:19:03,2026-08-14 04:21:49,2026-08-14 04:22:29,2026-08-14 04:43:38
2673,137,anomaly,low,resolved,Legacy register entry: anomaly reported near Gauhati University,26.150591,91.668279,22,2026-07-23 08:47:24,2026-07-23 08:47:53,2026-07-23 08:49:35,2026-07-23 08:55:49
2674,187,sos,medium,resolved,Legacy register entry: sos reported near Uzan Bazar Ghat,26.1877,91.759766,16,2026-07-24 09:20:16,2026-07-24 09:21:18,2026-07-24 09:23:02,2026-07-24 09:35:12
2675,118,geofence,low,resolved,Legacy register entry: geofence reported near Jorhat,26.753305,94.201352,13,2026-07-31 22:42:52,2026-07-31 22:44:44,2026-07-31 22:46:16,2026-07-31 22:54:09
2676,303,sos,low,resolved,Legacy register entry: sos reported near Gangtok,27.335035,88.616084,6,2026-08-26 00:00:55,2026-08-26 00:07:09,2026-08-26 00:12:30,2026-08-26 00:21:17
2677,131,anomaly,medium,resolved,Legacy register entry: anomaly reported near Saraighat Bridge,26.185317,91.667221,18,2026-08-02 03:50:41,2026-08-02 03:55:02,2026-08-02 04:16:16,2026-08-02 04:22:04
2678,208,geofence,medium,resolved,Legacy register entry: geofence reported near Guwahati Medical College,26.155095,91.700203,6,2026-08-19 15:00:57,2026-08-19 15:02:48,2026-08-19 15:11:18,2026-08-19 15:23:46
2679,67,geofence,high,dispatched,Legacy register entry: geofence reported near Amingaon,26.191574,91.656177,2,2026-08-29 09:11:51,2026-08-29 09:12:56,2026-08-29 09:14:04,
2680,140,sos,medium,resolved,Legacy register entry: sos reported near Silpukhuri,26.185345,91.765829,18,2026-08-25 09:54:49,2026-08-25 09:55:27,2026-08-25 09:58:39,2026-08-25 10:13:16
2681,468,sos,medium,resolved,Legacy register entry: sos reported near Hajo Pilgrimage Town,26.247739,91.513922,16,2026-09-02 21:29:00,2026-09-02 21:31:28,2026-09-02 21:36:40,2026-09-02 21:48:38
2682,50,geofence,medium,resolved,Legacy register entry: geofence reported near Tezpur,26.636381,92.801786,19,2026-08-29 11:44:23,2026-08-29 11:55:04,2026-08-29 12:03:35,2026-08-29 13:06:14
2683,13,sos,high,resolved,Legacy register entry: sos reported near Deepor Beel Wildlife Sanctuary,26.11929,91.653669,3,2026-08-23 16:35:18,2026-08-23 16:36:45,2026-08-23 16:38:01,2026-08-23 17:08:45
2684,205,anomaly,low,resolved,Legacy register entry: anomaly reported near Jorhat,26.750299,94.203195,20,2026-08-29 03:26:58,2026-08-29 03:30:16,2026-08-29 03:31:23,2026-08-29 03:39:30
2685,572,geofence,high,resolved,Legacy register entry: geofence reported near Gauhati University,26.149861,91.665158,6,2026-08-26 14:08:12,2026-08-26 14:12:05,2026-08-26 14:13:07,2026-08-26 14:51:22
2686,562,anomaly,high,resolved,Legacy register entry: anomaly reported near Fancy Bazaar,26.185214,91.739533,5,2026-07-31 16:30:28,2026-07-31 16:31:41,2026-07-31 16:35:54,2026-07-31 16:52:26
2687,344,geofence,high,resolved,Legacy register entry: geofence reported near Saraighat Bridge,26.192857,91.671636,13,2026-09-03 03:36:30,2026-09-03 03:38:04,2026-09-03 03:39:25,2026-09-03 03:45:34
2688,610,sos,high,resolved,Legacy register entry: sos reported near Sivasagar,26.982445,94.644344,1,2026-08-19 20:34:31,2026-08-19 20:36:51,2026-08-19 20:37:33,2026-08-19 20:50:17
2689,188,anomaly,high,resolved,Legacy register entry: anomaly reported near Umananda Island,26.194939,91.741913,15,2026-07-23 08:51:24,2026-07-23 08:52:53,2026-07-23 09:01:06,2026-07-23 09:28:33
2690,695,anomaly,medium,acknowledged,Legacy register entry: anomaly reported near Gauhati University,26.151727,91.661086,,2026-08-21 04:03:13,2026-08-21 04:05:29,,
2691,730,sos,medium,resolved,Legacy register entry: sos reported near Hajo Pilgrimage Town,26.253012,91.514728,2,2026-08-27 23:59:31,2026-08-28 00:00:11,2026-08-28 00:09:03,2026-08-28 00:29:12
2692,300,geofence,high,acknowledged,Legacy register entry: geofence reported near Chandmari,26.179305,91.771779,,2026-07-31 00:19:07,2026-07-31 00:19:39,,
2693,421,anomaly,medium,resolved,Legacy register entry: anomaly reported near Hatigaon,26.135067,91.788122,18,2026-07-30 18:48:59,2026-07-30 18:55:23,2026-07-30 18:57:27,2026-07-30 19:22:42
2694,692,sos,low,resolved,"Legacy register entry: sos reported near Gandhi Mandap, Sarania Hill",26.173589,91.754434,7,2026-08-26 15:33:03,2026-08-26 15:34:24,2026-08-26 15:34:58,2026-08-26 16:02:58
2695,539,geofence,high,detected,Legacy register entry: geofence reported near Guwahati Planetarium,26.183987,91.764726,,2026-09-01 22:31:19,,,
2696,374,anomaly,high,resolved,Legacy register entry: anomaly reported near Majuli River Island,26.950698,94.173375,17,2026-08-05 08:04:16,2026-08-05 08:04:55,2026-08-05 08:06:56,2026-08-05 08:09:58
2697,70,geofence,high,resolved,Legacy register entry: geofence reported near Chandmari,26.179645,91.775208,18,2026-08-03 22:22:49,2026-08-03 22:23:35,2026-08-03 22:27:56,2026-08-03 22:38:16
2698,57,missing_person,high,resolved,Legacy register entry: missing person reported near Tezpur,26.637034,92.801147,19,2026-08-20 05:59:00,2026-08-20 06:02:00,2026-08-20 06:03:08,2026-08-20 06:07:53
2699,329,sos,medium,resolved,Legacy register entry: sos reported near Silpukhuri,26.185104,91.768709,19,2026-08-22 01:38:35,2026-08-22 01:38:46,2026-08-22 01:42:18,2026-08-22 03:27:40
2700,532,missing_person,high,resolved,Legacy register entry: missing person reported near Deepor Beel Wildlife Sanctuary,26.11931,91.647128,15,2026-07-28 01:37:21,2026-07-28 01:38:00,2026-07-28 01:44:52,2026-07-28 03:27:06
2701,389,sos,high,resolved,Legacy register entry: sos reported near Guwahati Medical College,26.153563,91.70376,2,2026-08-14 19:02:17,2026-08-14 19:05:26,2026-08-14 19:07:04,2026-08-14 19:10:44
2702,456,anomaly,low,resolved,Legacy register entry: anomaly reported near Basistha Temple,26.114759,91.800997,17,2026-08-08 18:49:07,2026-08-08 18:49:46,2026-08-08 18:53:17,2026-08-08 19:05:19
2703,521,sos,medium,resolved,Legacy register entry: sos reported near IIT Guwahati,26.19338,91.698041,1,2026-09-03 14:09:35,2026-09-03 14:10:26,2026-09-03 14:14:17,2026-09-03 14:43:48
2704,494,anomaly,low,resolved,Legacy register entry: anomaly reported near Manas National Park,26.697602,91.003468,16,2026-07-31 16:20:16,2026-07-31 16:20:48,2026-07-31 16:23:42,2026-07-31 16:29:21
2705,466,anomaly,medium,resolved,Legacy register entry: anomaly reported near Beltola Bazaar,26.127002,91.800485,20,2026-08-28 04:21:09,2026-08-28 04:22:06,2026-08-28 04:25:10,2026-08-28 05:03:44
2706,353,anomaly,high,resolved,Legacy register entry: anomaly reported near Dighalipukhuri,26.186074,91.75314,5,2026-08-21 00:33:57,2026-08-21 00:36:13,2026-08-21 00:48:58,2026-08-21 01:07:25
2707,208,anomaly,medium,resolved,Legacy register entry: anomaly reported near Six Mile,26.132456,91.808161,7,2026-07-31 05:50:19,2026-07-31 05:51:28,2026-07-31 05:58:50,2026-07-31 06:41:08
2708,8,sos,low,resolved,Legacy register entry: sos reported near Assam State Zoo & Botanical Garden,26.17616,91.788245,8,2026-08-31 15:05:52,2026-08-31 15:06:27,2026-08-31 15:12:36,2026-08-31 15:13:57
2709,140,anomaly,low,resolved,Legacy register entry: anomaly reported near Chandubi Lake,25.936252,91.434744,10,2026-08-07 01:08:02,2026-08-07 01:13:20,2026-08-07 01:23:52,2026-08-07 01:47:17
2710,627,anomaly,low,resolved,Legacy register entry: anomaly reported near Manas National Park,26.701378,91.002197,4,2026-08-19 07:26:05,2026-08-19 07:27:46,2026-08-19 07:28:25,2026-08-19 07:40:08
2711,76,geofence,medium,resolved,Legacy register entry: geofence reported near Fancy Bazaar,26.180793,91.74325,8,2026-08-14 18:55:04,2026-08-14 18:56:00,2026-08-14 18:56:38,2026-08-14 19:52:05
2712,200,sos,medium,resolved,Legacy register entry: sos reported near Jorhat,26.748921,94.200878,22,2026-08-14 20:54:11,2026-08-14 20:55:47,2026-08-14 20:56:42,2026-08-14 21:50:05
2713,658,geofence,low,acknowledged,Legacy register entry: geofence reported near Sivasagar,26.98645,94.645713,,2026-08-13 06:20:33,2026-08-13 06:23:03,,
2714,298,anomaly,low,resolved,Legacy register entry: anomaly reported near IIT Guwahati,26.193319,91.698753,16,2026-08-23 19:06:34,2026-08-23 19:07:34,2026-08-23 19:08:48,2026-08-23 19:27:35
2715,160,geofence,medium,resolved,Legacy register entry: geofence reported near Sualkuchi Silk Village,26.169739,91.56764,9,2026-08-15 23:37:23,2026-08-15 23:38:04,2026-08-15 23:41:13,2026-08-15 23:46:04
2716,436,missing_person,medium,resolved,Legacy register entry: missing person reported near Sivasagar,26.980625,94.641923,14,2026-08-01 13:37:50,2026-08-01 13:40:05,2026-08-01 13:44:28,2026-08-01 14:05:16
2717,514,geofence,high,resolved,Legacy register entry: geofence reported near Accoland Water Park,26.093312,91.591065,9,2026-08-31 08:31:02,2026-08-31 08:33:34,2026-08-31 08:36:33,2026-08-31 09:44:18
2718,167,missing_person,medium,resolved,Legacy register entry: missing person reported near Dibrugarh,27.476306,94.913096,1,2026-08-14 06:56:25,2026-08-14 06:57:01,2026-08-14 06:57:57,2026-08-14 07:01:55
2719,169,geofence,medium,resolved,Legacy register entry: geofence reported near Uzan Bazar Ghat,26.18746,91.759258,16,2026-07-31 16:31:02,2026-07-31 16:33:03,2026-07-31 16:34:09,2026-07-31 16:40:59
2720,404,geofence,medium,resolved,Legacy register entry: geofence reported near Digboi Oil Heritage,27.391543,95.615728,7,2026-07-27 02:19:18,2026-07-27 02:19:44,2026-07-27 02:31:39,2026-07-27 03:43:38
2721,101,anomaly,high,resolved,Legacy register entry: anomaly reported near Manas National Park,26.69871,91.000503,9,2026-07-29 21:54:01,2026-07-29 21:55:30,2026-07-29 21:59:19,2026-07-29 23:39:39
2722,750,sos,medium,resolved,Legacy register entry: sos reported near Kaziranga National Park,26.581044,93.173423,22,2026-09-01 03:22:05,2026-09-01 03:24:58,2026-09-01 03:28:38,2026-09-01 03:41:18
2723,24,anomaly,critical,resolved,Legacy register entry: anomaly reported near Kamakhya Temple,26.165799,91.707743,6,2026-08-02 04:23:12,2026-08-02 04:24:00,2026-08-02 04:24:35,2026-08-02 05:11:44
2724,95,anomaly,high,resolved,Legacy register entry: anomaly reported near Chandubi Lake,25.936665,91.432313,13,2026-08-03 10:18:28,2026-08-03 10:24:18,2026-08-03 10:26:38,2026-08-03 10:38:47
2725,295,anomaly,high,resolved,Legacy register entry: anomaly reported near LGB International Airport,26.102573,91.582673,16,2026-08-29 10:36:26,2026-08-29 10:37:54,2026-08-29 10:40:59,2026-08-29 10:51:52
2726,714,anomaly,low,resolved,Legacy register entry: anomaly reported near Sualkuchi Silk Village,26.168354,91.567709,7,2026-08-10 02:04:40,2026-08-10 02:10:23,2026-08-10 02:13:04,2026-08-10 02:38:24
2727,508,anomaly,low,resolved,Legacy register entry: anomaly reported near Assam State Museum,26.185632,91.750349,2,2026-07-26 20:47:40,2026-07-26 20:48:05,2026-07-26 20:53:49,2026-07-26 21:03:04
2728,160,geofence,critical,resolved,Legacy register entry: geofence reported near Guwahati Planetarium,26.18404,91.765232,13,2026-08-08 01:18:17,2026-08-08 01:19:18,2026-08-08 01:20:44,2026-08-08 01:39:11
2729,37,geofence,medium,resolved,Legacy register entry: geofence reported near Dighalipukhuri,26.188588,91.752048,1,2026-08-16 04:05:23,2026-08-16 04:08:32,2026-08-16 04:13:23,2026-08-16 04:21:40
2730,146,sos,low,resolved,Legacy register entry: sos reported near Maligaon,26.156455,91.67528,21,2026-08-19 23:06:28,2026-08-19 23:08:10,2026-08-19 23:10:10,2026-08-19 23:20:10
2731,724,geofence,medium,resolved,Legacy register entry: geofence reported near Accoland Water Park,26.090768,91.592578,10,2026-08-14 00:23:39,2026-08-14 00:27:44,2026-08-14 00:36:46,2026-08-14 01:48:28
2732,377,geofence,low,resolved,Legacy register entry: geofence reported near Imphal,24.816486,93.940546,22,2026-08-03 07:15:16,2026-08-03 07:18:16,2026-08-03 07:20:51,2026-08-03 07:39:36
2733,405,geofence,low,acknowledged,Legacy register entry: geofence reported near Kahilipara,26.130831,91.75968,,2026-08-06 12:19:32,2026-08-06 12:19:56,,
2734,225,sos,medium,resolved,Legacy register entry: sos reported near Narengi,26.177978,91.836833,11,2026-08-12 15:50:49,2026-08-12 15:56:45,2026-08-12 16:01:05,2026-08-12 16:09:22
2735,25,sos,high,dispatched,Legacy register entry: sos reported near Guwahati Planetarium,26.182705,91.761323,17,2026-08-08 15:20:32,2026-08-08 15:24:42,2026-08-08 15:26:03,
2736,256,anomaly,medium,resolved,Legacy register entry: anomaly reported near Nehru Park,26.189576,91.747956,9,2026-08-23 07:25:47,2026-08-23 07:32:36,2026-08-23 07:38:10,2026-08-23 08:00:57
2737,1,geofence,medium,resolved,Legacy register entry: geofence reported near Majuli River Island,26.9524,94.170966,7,2026-08-25 12:01:04,2026-08-25 12:01:57,2026-08-25 12:03:00,2026-08-25 12:33:14
2738,130,geofence,low,resolved,Legacy register entry: geofence reported near Navagraha Temple,26.177685,91.775957,21,2026-08-17 22:44:36,2026-08-17 22:45:52,2026-08-17 22:46:10,2026-08-17 22:58:42
2739,377,missing_person,medium,acknowledged,Legacy register entry: missing person reported near Dzukou Valley,25.58284,94.047183,,2026-08-19 18:39:41,2026-08-19 18:40:23,,
2740,633,missing_person,critical,resolved,Legacy register entry: missing person reported near Shillong,25.576384,91.893512,18,2026-08-15 09:27:54,2026-08-15 09:30:34,2026-08-15 09:35:08,2026-08-15 09:48:39
2741,411,anomaly,critical,resolved,Legacy register entry: anomaly reported near Bhangagarh,26.148899,91.771696,10,2026-07-24 06:16:10,2026-07-24 06:17:08,2026-07-24 06:18:24,2026-07-24 06:35:07
2742,163,anomaly,medium,resolved,Legacy register entry: anomaly reported near Maligaon,26.159666,91.676643,4,2026-08-04 19:56:26,2026-08-04 19:56:48,2026-08-04 19:59:25,2026-08-04 21:30:01
2743,734,geofence,medium,resolved,Legacy register entry: geofence reported near Sualkuchi Silk Village,26.170316,91.566642,21,2026-08-12 04:43:37,2026-08-12 04:46:43,2026-08-12 04:49:12,2026-08-12 04:58:52
2744,416,sos,medium,resolved,Legacy register entry: sos reported near Uzan Bazar Ghat,26.190225,91.758643,3,2026-08-19 15:25:32,2026-08-19 15:29:18,2026-08-19 15:30:11,2026-08-19 15:39:21
2745,62,sos,medium,resolved,Legacy register entry: sos reported near Zoo Road Tiniali,26.167552,91.776795,18,2026-08-18 12:34:15,2026-08-18 12:36:42,2026-08-18 12:37:11,2026-08-18 12:47:31
2746,628,anomaly,high,resolved,Legacy register entry: anomaly reported near Gauhati University,26.153992,91.662528,5,2026-08-15 10:45:17,2026-08-15 10:47:26,2026-08-15 10:48:39,2026-08-15 12:07:43
2747,270,anomaly,medium,resolved,Legacy register entry: anomaly reported near Saraighat Bridge,26.192342,91.671293,15,2026-08-21 23:24:47,2026-08-21 23:25:51,2026-08-21 23:31:00,2026-08-21 23:41:12
2748,31,anomaly,medium,detected,Legacy register entry: anomaly reported near Umiam Lake,25.660818,91.887053,,2026-09-01 18:25:11,,,
2749,87,sos,low,resolved,Legacy register entry: sos reported near Brahmaputra Riverfront,26.19441,91.746658,22,2026-08-08 13:49:42,2026-08-08 13:52:29,2026-08-08 13:53:12,2026-08-08 14:04:21
2750,695,anomaly,high,acknowledged,Legacy register entry: anomaly reported near Tezpur,26.636297,92.798972,,2026-08-24 16:46:21,2026-08-24 16:48:22,,
2751,316,anomaly,medium,resolved,Legacy register entry: anomaly reported near Chandubi Lake,25.933203,91.429748,8,2026-07-27 06:08:39,2026-07-27 06:22:49,2026-07-27 06:27:33,2026-07-27 08:19:36
2752,695,anomaly,low,resolved,Legacy register entry: anomaly reported near Hajo Pilgrimage Town,26.249043,91.516248,5,2026-08-20 17:07:02,2026-08-20 17:07:29,2026-08-20 17:08:37,2026-08-20 17:17:07
2753,642,geofence,low,resolved,Legacy register entry: geofence reported near IIT Guwahati,26.186337,91.693444,20,2026-08-12 22:47:37,2026-08-12 22:53:07,2026-08-12 22:54:12,2026-08-12 23:57:48
2754,696,geofence,critical,resolved,Legacy register entry: geofence reported near Nohkalikai Falls,25.276341,91.689522,17,2026-08-27 13:18:54,2026-08-27 13:19:58,2026-08-27 13:21:30,2026-08-27 14:31:04
2755,604,geofence,high,resolved,Legacy register entry: geofence reported near Dzukou Valley,25.57968,94.050182,18,2026-07-31 21:40:33,2026-07-31 21:43:25,2026-07-31 21:43:41,2026-07-31 21:47:15
2756,510,sos,medium,resolved,Legacy register entry: sos reported near Dawki / Umngot River,25.189515,92.020514,5,2026-08-05 20:24:58,2026-08-05 20:26:28,2026-08-05 20:30:48,2026-08-05 21:24:48
2757,596,geofence,low,resolved,Legacy register entry: geofence reported near Khanapara,26.116496,91.818891,12,2026-08-23 05:44:31,2026-08-23 05:48:10,2026-08-23 05:49:58,2026-08-23 06:49:32
2758,516,geofence,critical,resolved,Legacy register entry: geofence reported near Haflong,25.169426,93.016347,12,2026-08-26 06:58:13,2026-08-26 07:01:36,2026-08-26 07:07:08,2026-08-26 07:27:43
2759,144,anomaly,medium,acknowledged,Legacy register entry: anomaly reported near Saraighat Bridge,26.190867,91.673358,,2026-07-28 06:11:00,2026-07-28 06:12:26,,
2760,224,geofence,low,resolved,Legacy register entry: geofence reported near Pan Bazaar,26.184526,91.74625,3,2026-07-22 22:48:52,2026-07-22 22:51:31,2026-07-22 22:54:06,2026-07-22 23:06:24
2761,678,geofence,medium,resolved,Legacy register entry: geofence reported near Guwahati Medical College,26.153922,91.69697,8,2026-08-29 05:18:24,2026-08-29 05:19:29,2026-08-29 05:20:14,2026-08-29 05:37:25
2762,250,geofence,medium,resolved,Legacy register entry: geofence reported near Navagraha Temple,26.176998,91.778262,11,2026-08-21 16:17:38,2026-08-21 16:19:45,2026-08-21 16:20:28,2026-08-21 16:40:22
2763,328,geofence,high,resolved,Legacy register entry: geofence reported near Lokhra,26.103951,91.736805,2,2026-08-23 04:10:09,2026-08-23 04:10:43,2026-08-23 04:12:53,2026-08-23 04:51:02
2764,145,sos,medium,resolved,Legacy register entry: sos reported near North Guwahati Ghat,26.197921,91.688086,20,2026-08-10 11:02:27,2026-08-10 11:04:31,2026-08-10 11:06:54,2026-08-10 11:35:47
2765,642,anomaly,high,resolved,Legacy register entry: anomaly reported near Noonmati,26.177177,91.809485,1,2026-08-02 00:04:46,2026-08-02 00:05:19,2026-08-02 00:05:38,2026-08-02 00:22:00
2766,571,sos,low,resolved,Legacy register entry: sos reported near Gangtok,27.332989,88.614785,1,2026-08-14 23:35:29,2026-08-14 23:36:16,2026-08-14 23:42:23,2026-08-14 23:59:07
2767,591,geofence,medium,resolved,Legacy register entry: geofence reported near Chandmari,26.185251,91.770213,22,2026-08-03 09:01:32,2026-08-03 09:02:03,2026-08-03 09:04:04,2026-08-03 10:06:01
2768,211,missing_person,medium,resolved,Legacy register entry: missing person reported near Basistha Temple,26.111447,91.798739,19,2026-08-21 03:52:08,2026-08-21 03:53:58,2026-08-21 03:55:32,2026-08-21 04:18:16
2769,147,anomaly,high,resolved,Legacy register entry: anomaly reported near Nilachal Ropeway Terminal,26.190361,91.74285,14,2026-07-23 18:13:07,2026-07-23 18:14:48,2026-07-23 18:15:48,2026-07-23 18:34:48
2770,99,sos,critical,resolved,Legacy register entry: sos reported near Uzan Bazar Ghat,26.191522,91.760265,13,2026-08-18 01:59:07,2026-08-18 02:00:18,2026-08-18 02:01:32,2026-08-18 02:10:48
2771,412,geofence,low,acknowledged,Legacy register entry: geofence reported near Saraighat Bridge,26.188435,91.672876,,2026-08-22 08:26:24,2026-08-22 08:32:37,,
2772,480,geofence,low,resolved,Legacy register entry: geofence reported near Umiam Lake,25.655423,91.887104,5,2026-07-25 22:50:13,2026-07-25 22:51:02,2026-07-25 22:51:35,2026-07-25 23:18:07
2773,94,geofence,high,resolved,Legacy register entry: geofence reported near Ziro Valley,27.541758,93.834134,17,2026-07-31 08:30:09,2026-07-31 08:34:59,2026-07-31 08:41:15,2026-07-31 08:56:39
2774,593,geofence,low,resolved,Legacy register entry: geofence reported near Navagraha Temple,26.171639,91.779794,20,2026-08-05 10:28:04,2026-08-05 10:29:28,2026-08-05 10:33:26,2026-08-05 10:58:12
2775,469,anomaly,high,resolved,Legacy register entry: anomaly reported near Digboi Oil Heritage,27.396664,95.619427,5,2026-07-29 07:09:07,2026-07-29 07:10:24,2026-07-29 07:10:52,2026-07-29 07:21:49
2776,397,missing_person,low,resolved,Legacy register entry: missing person reported near Haflong,25.165142,93.019006,9,2026-08-09 01:04:08,2026-08-09 01:04:55,2026-08-09 01:08:14,2026-08-09 02:55:37
2777,158,sos,low,resolved,Legacy register entry: sos reported near Nilachal Ropeway Terminal,26.1891,91.740841,14,2026-08-21 06:00:17,2026-08-21 06:01:56,2026-08-21 06:02:34,2026-08-21 06:24:54
2778,335,geofence,low,resolved,Legacy register entry: geofence reported near Kahilipara,26.131908,91.765819,1,2026-08-18 08:28:05,2026-08-18 08:30:39,2026-08-18 08:45:24,2026-08-18 09:12:02
2779,216,sos,low,resolved,Legacy register entry: sos reported near Noonmati,26.174723,91.806136,22,2026-08-05 22:30:30,2026-08-05 22:33:44,2026-08-05 22:34:54,2026-08-05 22:51:02
2780,682,geofence,medium,dispatched,Legacy register entry: geofence reported near Umananda Island,26.198672,91.746786,11,2026-08-16 06:01:47,2026-08-16 06:11:52,2026-08-16 06:13:19,
2781,499,anomaly,medium,resolved,Legacy register entry: anomaly reported near Nehru Park,26.185202,91.747458,20,2026-08-26 17:16:28,2026-08-26 17:19:57,2026-08-26 17:24:23,2026-08-26 17:53:44
2782,166,anomaly,medium,resolved,Legacy register entry: anomaly reported near Lokhra,26.104707,91.733949,20,2026-08-13 01:32:44,2026-08-13 01:33:56,2026-08-13 01:34:49,2026-08-13 01:42:42
2783,90,sos,high,resolved,Legacy register entry: sos reported near Jalukbari,26.154927,91.668846,12,2026-08-20 22:04:57,2026-08-20 22:07:11,2026-08-20 22:10:24,2026-08-20 22:17:02
2784,38,anomaly,medium,resolved,Legacy register entry: anomaly reported near Ziro Valley,27.547968,93.835189,12,2026-07-26 14:57:21,2026-07-26 14:57:56,2026-07-26 15:00:09,2026-07-26 15:58:13
2785,108,sos,medium,acknowledged,Legacy register entry: sos reported near Paltan Bazaar,26.184092,91.748883,,2026-09-04 19:08:45,2026-09-04 19:11:45,,
2786,713,geofence,medium,resolved,Legacy register entry: geofence reported near Kamakhya Temple,26.170253,91.704775,6,2026-08-31 21:31:48,2026-08-31 21:33:30,2026-08-31 21:34:04,2026-08-31 21:41:09
2787,255,anomaly,critical,resolved,Legacy register entry: anomaly reported near Imphal,24.819289,93.935904,9,2026-08-05 10:02:20,2026-08-05 10:07:25,2026-08-05 10:11:11,2026-08-05 11:26:34
2788,604,sos,high,acknowledged,"Legacy register entry: sos reported near Gandhi Mandap, Sarania Hill",26.178651,91.755661,,2026-08-30 18:07:47,2026-08-30 18:10:32,,
2789,521,anomaly,medium,resolved,Legacy register entry: anomaly reported near Noonmati,26.174688,91.807549,17,2026-08-02 04:49:17,2026-08-02 04:52:48,2026-08-02 04:56:02,2026-08-02 05:11:07
2790,268,sos,high,resolved,Legacy register entry: sos reported near Nilachal Ropeway Terminal,26.187663,91.746591,12,2026-08-07 17:29:39,2026-08-07 17:31:25,2026-08-07 17:33:45,2026-08-07 17:38:16
2791,740,sos,low,resolved,Legacy register entry: sos reported near Pan Bazaar,26.187111,91.744681,10,2026-08-10 04:46:56,2026-08-10 04:47:23,2026-08-10 04:49:51,2026-08-10 05:01:43
2792,663,geofence,medium,resolved,Legacy register entry: geofence reported near Guwahati Railway Station,26.183494,91.750013,12,2026-08-28 21:10:44,2026-08-28 21:12:37,2026-08-28 21:12:56,2026-08-28 21:31:17
2793,500,missing_person,medium,resolved,Legacy register entry: missing person reported near Saraighat Bridge,26.18674,91.672542,11,2026-08-17 14:21:12,2026-08-17 14:22:07,2026-08-17 14:24:46,2026-08-17 14:34:13
2794,100,geofence,medium,resolved,Legacy register entry: geofence reported near Narengi,26.171464,91.837212,9,2026-08-27 10:58:47,2026-08-27 11:01:11,2026-08-27 11:01:41,2026-08-27 11:30:20
2795,490,sos,low,resolved,Legacy register entry: sos reported near LGB International Airport,26.106318,91.582384,14,2026-07-27 06:51:35,2026-07-27 06:52:11,2026-07-27 06:53:07,2026-07-27 07:05:52
2796,306,anomaly,high,resolved,"Legacy register entry: anomaly reported near Living Root Bridge, Nongriat",25.246898,91.711283,20,2026-07-30 04:35:15,2026-07-30 04:36:44,2026-07-30 04:39:43,2026-07-30 04:43:06
2797,574,geofence,low,resolved,"Legacy register entry: geofence reported near Gandhi Mandap, Sarania Hill",26.177286,91.756062,3,2026-07-28 10:23:03,2026-07-28 10:28:16,2026-07-28 10:28:56,2026-07-28 10:38:11
2798,24,anomaly,critical,detected,Legacy register entry: anomaly reported near Nehru Park,26.185195,91.748165,,2026-08-07 20:48:01,,,
2799,268,geofence,low,resolved,Legacy register entry: geofence reported near Agartala,23.834546,91.282939,4,2026-07-30 14:50:07,2026-07-30 14:53:05,2026-07-30 14:58:07,2026-07-30 15:17:28
2800,253,anomaly,medium,resolved,Legacy register entry: anomaly reported near Manas National Park,26.699061,91.001792,10,2026-09-03 10:46:49,2026-09-03 10:50:58,2026-09-03 10:53:33,2026-09-03 11:12:25
2801,141,anomaly,high,resolved,Legacy register entry: anomaly reported near Assam State Museum,26.186116,91.749455,1,2026-09-03 08:17:00,2026-09-03 08:19:34,2026-09-03 08:24:14,2026-09-03 09:15:43
2802,102,sos,high,resolved,Legacy register entry: sos reported near Agartala,23.831552,91.283482,22,2026-08-06 12:58:08,2026-08-06 12:59:23,2026-08-06 13:01:09,2026-08-06 13:04:45
2803,505,anomaly,medium,resolved,Legacy register entry: anomaly reported near Dibrugarh,27.472274,94.914488,18,2026-07-23 08:31:01,2026-07-23 08:31:53,2026-07-23 08:32:56,2026-07-23 08:45:14
2804,479,anomaly,low,resolved,Legacy register entry: anomaly reported near Uzan Bazar Ghat,26.186543,91.758301,1,2026-08-11 01:23:52,2026-08-11 01:25:30,2026-08-11 01:26:51,2026-08-11 01:40:45
2805,160,geofence,low,resolved,Legacy register entry: geofence reported near Hatigaon,26.13422,91.787901,11,2026-08-11 15:49:55,2026-08-11 15:50:28,2026-08-11 15:59:56,2026-08-11 16:44:10
2806,457,geofence,high,resolved,Legacy register entry: geofence reported near Rehabari,26.175514,91.745846,16,2026-07-25 13:03:30,2026-07-25 13:05:07,2026-07-25 13:08:38,2026-07-25 13:16:22
2807,342,anomaly,low,resolved,Legacy register entry: anomaly reported near Ziro Valley,27.544129,93.834758,12,2026-07-23 16:49:40,2026-07-23 16:52:04,2026-07-23 16:52:20,2026-07-23 17:26:44
2808,688,missing_person,low,resolved,Legacy register entry: missing person reported near Guwahati Medical College,26.157964,91.703201,10,2026-09-02 11:19:43,2026-09-02 11:21:32,2026-09-02 11:23:29,2026-09-02 11:35:16
2809,462,anomaly,medium,resolved,Legacy register entry: anomaly reported near Nehru Park,26.189314,91.747815,7,2026-08-23 13:34:27,2026-08-23 13:36:31,2026-08-23 13:40:50,2026-08-23 14:24:13
2810,252,sos,medium,resolved,Legacy register entry: sos reported near Tezpur,26.633078,92.79885,10,2026-08-23 19:34:05,2026-08-23 19:36:35,2026-08-23 19:37:34,2026-08-23 19:41:00
2811,593,geofence,medium,resolved,Legacy register entry: geofence reported near Zoo Road Tiniali,26.164782,91.783575,11,2026-08-31 17:03:49,2026-08-31 17:04:25,2026-08-31 17:04:47,2026-08-31 18:54:50
2812,376,anomaly,high,resolved,"Legacy register entry: anomaly reported near Living Root Bridge, Nongriat",25.245115,91.715349,13,2026-09-05 15:15:31,2026-09-05 15:16:27,2026-09-05 15:19:56,2026-09-05 15:25:31
2813,609,anomaly,medium,resolved,Legacy register entry: anomaly reported near Tawang Monastery,27.582531,91.862587,21,2026-08-20 23:15:53,2026-08-20 23:16:35,2026-08-20 23:21:16,2026-08-20 23:29:02
2814,108,anomaly,medium,resolved,Legacy register entry: anomaly reported near Umananda Island,26.192942,91.741741,10,2026-07-23 21:07:34,2026-07-23 21:11:35,2026-07-23 21:13:58,2026-07-23 21:24:08
2815,661,geofence,medium,resolved,Legacy register entry: geofence reported near Dispur Secretariat,26.139154,91.793591,18,2026-08-21 00:39:19,2026-08-21 00:41:01,2026-08-21 00:42:19,2026-08-21 00:50:22
2816,193,missing_person,high,resolved,Legacy register entry: missing person reported near Deepor Beel Wildlife Sanctuary,26.122115,91.64957,4,2026-08-08 10:12:23,2026-08-08 10:18:24,2026-08-08 10:21:06,2026-08-08 10:31:40
2817,414,anomaly,low,resolved,Legacy register entry: anomaly reported near Amingaon,26.193107,91.656035,22,2026-08-28 05:43:13,2026-08-28 05:44:48,2026-08-28 05:46:26,2026-08-28 05:57:13
2818,750,sos,medium,detected,Legacy register entry: sos reported near Srimanta Sankaradeva Kalakshetra,26.140694,91.809257,,2026-08-18 15:36:08,,,
2819,237,sos,low,resolved,Legacy register entry: sos reported near Gauhati University,26.15438,91.668737,6,2026-07-27 22:38:25,2026-07-27 22:39:30,2026-07-27 22:40:25,2026-07-27 22:49:16
2820,235,anomaly,low,acknowledged,Legacy register entry: anomaly reported near Umiam Lake,25.657172,91.888323,,2026-08-08 17:36:44,2026-08-08 17:37:50,,
2821,397,anomaly,medium,resolved,Legacy register entry: anomaly reported near Hatigaon,26.136485,91.785286,10,2026-09-03 07:23:49,2026-09-03 07:24:58,2026-09-03 07:26:08,2026-09-03 07:38:43
2822,60,sos,medium,resolved,Legacy register entry: sos reported near Madan Kamdev Ruins,26.363861,91.634341,5,2026-08-02 22:47:39,2026-08-02 22:48:42,2026-08-02 22:51:37,2026-08-02 23:07:38
2823,590,geofence,medium,resolved,Legacy register entry: geofence reported near Deepor Beel Wildlife Sanctuary,26.118926,91.646013,20,2026-08-28 19:26:53,2026-08-28 19:27:31,2026-08-28 19:28:27,2026-08-28 19:40:43
2824,305,geofence,medium,resolved,Legacy register entry: geofence reported near Sualkuchi Silk Village,26.170069,91.566566,22,2026-08-30 13:38:13,2026-08-30 13:40:12,2026-08-30 13:41:17,2026-08-30 13:51:18
2825,231,geofence,high,resolved,Legacy register entry: geofence reported near Sualkuchi Silk Village,26.169569,91.567035,19,2026-09-03 03:05:22,2026-09-03 03:06:50,2026-09-03 03:09:27,2026-09-03 03:16:45
2826,566,geofence,medium,resolved,Legacy register entry: geofence reported near Nilachal Ropeway Terminal,26.190035,91.746991,14,2026-07-29 15:57:09,2026-07-29 15:58:23,2026-07-29 15:59:51,2026-07-29 16:13:59
2827,244,anomaly,critical,resolved,Legacy register entry: anomaly reported near Brahmaputra Riverfront,26.189799,91.746418,7,2026-08-22 23:25:25,2026-08-22 23:25:56,2026-08-22 23:26:56,2026-08-23 00:55:22
2828,178,anomaly,high,resolved,Legacy register entry: anomaly reported near Fancy Bazaar,26.183543,91.742398,10,2026-08-01 03:37:43,2026-08-01 03:38:47,2026-08-01 03:41:11,2026-08-01 04:04:48
2829,565,sos,medium,resolved,Legacy register entry: sos reported near Uzan Bazar Ghat,26.189609,91.758267,16,2026-08-27 19:38:03,2026-08-27 19:39:23,2026-08-27 19:40:12,2026-08-27 20:24:41
2830,410,anomaly,high,resolved,Legacy register entry: anomaly reported near Assam State Museum,26.188412,91.747275,7,2026-08-16 04:29:30,2026-08-16 04:30:31,2026-08-16 04:30:44,2026-08-16 05:24:31
2831,683,anomaly,high,resolved,Legacy register entry: anomaly reported near Nehru Park,26.188339,91.746308,3,2026-07-24 12:52:46,2026-07-24 12:55:21,2026-07-24 12:56:49,2026-07-24 13:32:11
2832,149,missing_person,medium,resolved,Legacy register entry: missing person reported near Six Mile,26.131204,91.804268,12,2026-07-26 02:38:21,2026-07-26 02:44:10,2026-07-26 02:45:30,2026-07-26 02:50:41
2833,232,sos,medium,resolved,Legacy register entry: sos reported near Saraighat Bridge,26.192772,91.668241,10,2026-08-04 16:58:38,2026-08-04 16:59:52,2026-08-04 17:01:01,2026-08-04 17:16:11
2834,457,geofence,medium,resolved,Legacy register entry: geofence reported near Nohkalikai Falls,25.273443,91.687433,6,2026-08-22 04:29:06,2026-08-22 04:30:08,2026-08-22 04:33:52,2026-08-22 05:11:19
2835,76,sos,high,resolved,Legacy register entry: sos reported near Rehabari,26.173796,91.74483,22,2026-09-02 20:32:51,2026-09-02 20:34:46,2026-09-02 20:39:21,2026-09-02 21:12:23
2836,408,geofence,critical,resolved,Legacy register entry: geofence reported near Aizawl,23.728716,92.713623,7,2026-07-29 04:11:58,2026-07-29 04:13:03,2026-07-29 04:18:16,2026-07-29 04:21:27
2837,412,geofence,high,dispatched,Legacy register entry: geofence reported near Gauhati University,26.149655,91.663254,4,2026-08-20 13:22:23,2026-08-20 13:24:57,2026-08-20 13:25:54,
2838,473,anomaly,medium,resolved,Legacy register entry: anomaly reported near Pan Bazaar,26.185148,91.748527,18,2026-08-27 18:45:05,2026-08-27 18:45:37,2026-08-27 18:47:19,2026-08-27 18:57:46
2839,714,anomaly,high,resolved,Legacy register entry: anomaly reported near Mawlynnong Village,25.198975,91.916162,15,2026-08-28 12:39:50,2026-08-28 12:40:31,2026-08-28 12:44:22,2026-08-28 13:51:31
2840,413,anomaly,low,resolved,Legacy register entry: anomaly reported near Ganeshguri Junction,26.145905,91.786218,9,2026-08-18 11:15:10,2026-08-18 11:20:39,2026-08-18 11:27:02,2026-08-18 11:35:58
2841,224,sos,high,resolved,Legacy register entry: sos reported near Dibrugarh,27.472407,94.915932,13,2026-08-18 04:37:15,2026-08-18 04:37:38,2026-08-18 04:41:54,2026-08-18 05:32:37
2842,66,geofence,low,resolved,Legacy register entry: geofence reported near Loktak Lake,24.533696,93.815401,10,2026-07-26 11:58:04,2026-07-26 12:00:23,2026-07-26 12:03:23,2026-07-26 12:13:20
2843,168,anomaly,high,resolved,Legacy register entry: anomaly reported near Cherrapunji (Sohra),25.290352,91.680609,16,2026-09-04 12:00:37,2026-09-04 12:03:41,2026-09-04 12:04:32,2026-09-04 12:32:34
2844,532,anomaly,high,resolved,Legacy register entry: anomaly reported near Ziro Valley,27.542493,93.83106,16,2026-09-02 20:38:08,2026-09-02 20:40:51,2026-09-02 20:42:08,2026-09-02 20:57:12
2845,309,geofence,high,resolved,Legacy register entry: geofence reported near North Guwahati Ghat,26.195378,91.690416,21,2026-08-17 19:47:52,2026-08-17 19:51:40,2026-08-17 19:54:32,2026-08-17 20:02:14
2846,700,anomaly,medium,resolved,Legacy register entry: anomaly reported near Guwahati Medical College,26.154945,91.7008,14,2026-08-20 12:49:15,2026-08-20 12:53:05,2026-08-20 12:55:12,2026-08-20 14:39:33
2847,206,anomaly,medium,resolved,Legacy register entry: anomaly reported near Madan Kamdev Ruins,26.363464,91.632682,3,2026-08-07 20:19:08,2026-08-07 20:19:59,2026-08-07 20:24:40,2026-08-07 21:25:56
2848,723,anomaly,critical,resolved,Legacy register entry: anomaly reported near Tawang Monastery,27.588411,91.863006,5,2026-08-18 10:34:52,2026-08-18 10:36:17,2026-08-18 10:37:28,2026-08-18 10:50:17
2849,556,geofence,critical,detected,Legacy register entry: geofence reported near Pan Bazaar,26.186948,91.747274,,2026-08-18 23:57:33,,,
2850,417,sos,medium,resolved,Legacy register entry: sos reported near LGB International Airport,26.103027,91.58313,10,2026-08-10 05:53:52,2026-08-10 05:54:57,2026-08-10 05:57:44,2026-08-10 06:10:45
2851,606,anomaly,high,resolved,Legacy register entry: anomaly reported near Nehru Park,26.182147,91.748597,4,2026-09-05 00:09:51,2026-09-05 00:10:09,2026-09-05 00:12:21,2026-09-05 00:30:23
2852,219,sos,low,resolved,Legacy register entry: sos reported near Paltan Bazaar,26.181704,91.750024,5,2026-08-14 01:22:00,2026-08-14 01:25:03,2026-08-14 01:26:38,2026-08-14 01:50:19
2853,531,sos,high,resolved,Legacy register entry: sos reported near Aizawl,23.725953,92.716491,5,2026-08-28 02:37:53,2026-08-28 02:38:22,2026-08-28 02:40:45,2026-08-28 03:04:55
2854,712,sos,high,resolved,Legacy register entry: sos reported near Accoland Water Park,26.090898,91.592103,7,2026-08-02 12:03:03,2026-08-02 12:04:54,2026-08-02 12:11:06,2026-08-02 12:51:45
2855,279,geofence,medium,resolved,Legacy register entry: geofence reported near Manas National Park,26.702245,91.000084,18,2026-09-01 01:15:18,2026-09-01 01:17:19,2026-09-01 01:20:03,2026-09-01 01:36:22
2856,151,anomaly,medium,resolved,Legacy register entry: anomaly reported near Nilachal Ropeway Terminal,26.184897,91.744402,3,2026-08-24 23:56:19,2026-08-24 23:57:30,2026-08-25 00:00:48,2026-08-25 00:08:19
2857,59,geofence,critical,acknowledged,Legacy register entry: geofence reported near Dzukou Valley,25.586363,94.050913,,2026-07-27 02:27:50,2026-07-27 02:31:53,,
2858,215,geofence,medium,resolved,Legacy register entry: geofence reported near Dibrugarh,27.475266,94.913561,13,2026-08-09 06:42:51,2026-08-09 06:44:32,2026-08-09 06:47:40,2026-08-09 07:01:23
2859,306,geofence,high,resolved,Legacy register entry: geofence reported near Hajo Pilgrimage Town,26.250428,91.520354,18,2026-08-25 01:33:05,2026-08-25 01:35:03,2026-08-25 01:38:52,2026-08-25 02:04:45
2860,318,geofence,high,resolved,Legacy register entry: geofence reported near Srimanta Sankaradeva Kalakshetra,26.143156,91.804733,9,2026-08-04 11:12:53,2026-08-04 11:13:53,2026-08-04 11:21:17,2026-08-04 11:24:45
2861,716,geofence,low,resolved,Legacy register entry: geofence reported near Kamakhya Temple,26.168357,91.70587,6,2026-07-25 10:59:33,2026-07-25 11:02:52,2026-07-25 11:05:17,2026-07-25 11:33:57
2862,646,geofence,low,resolved,Legacy register entry: geofence reported near Dzukou Valley,25.585897,94.051922,8,2026-08-25 00:20:48,2026-08-25 00:21:09,2026-08-25 00:24:33,2026-08-25 01:09:01
2863,205,geofence,critical,resolved,Legacy register entry: geofence reported near Nameri National Park,26.92145,92.883877,12,2026-09-02 21:52:25,2026-09-02 21:53:14,2026-09-02 21:55:09,2026-09-02 21:57:39
2864,504,anomaly,high,acknowledged,Legacy register entry: anomaly reported near Assam State Zoo & Botanical Garden,26.181934,91.789585,,2026-08-16 23:00:13,2026-08-16 23:03:01,,
2865,686,sos,high,resolved,Legacy register entry: sos reported near Umananda Island,26.199335,91.743565,15,2026-08-22 19:46:03,2026-08-22 19:47:21,2026-08-22 19:48:39,2026-08-22 20:21:12
2866,199,sos,high,resolved,Legacy register entry: sos reported near Pan Bazaar,26.187387,91.745308,8,2026-08-01 17:23:54,2026-08-01 17:27:13,2026-08-01 17:30:42,2026-08-01 17:35:11
2867,184,missing_person,critical,resolved,Legacy register entry: missing person reported near Nameri National Park,26.92112,92.883248,11,2026-08-10 07:14:26,2026-08-10 07:16:58,2026-08-10 07:18:29,2026-08-10 07:54:44
2868,349,geofence,low,resolved,Legacy register entry: geofence reported near North Guwahati Ghat,26.198845,91.692023,8,2026-09-05 03:59:26,2026-09-05 03:59:46,2026-09-05 04:01:34,2026-09-05 04:23:13
2869,699,geofence,high,acknowledged,Legacy register entry: geofence reported near Kahilipara,26.136917,91.763556,,2026-08-09 23:07:50,2026-08-09 23:11:05,,
2870,136,anomaly,high,resolved,Legacy register entry: anomaly reported near LGB International Airport,26.107618,91.585861,15,2026-08-22 10:20:17,2026-08-22 10:22:45,2026-08-22 10:29:05,2026-08-22 10:33:08
2871,636,geofence,low,resolved,Legacy register entry: geofence reported near Sivasagar,26.982651,94.645947,3,2026-08-02 05:52:56,2026-08-02 05:55:03,2026-08-02 05:58:13,2026-08-02 06:08:17
2872,184,anomaly,low,dispatched,Legacy register entry: anomaly reported near Paltan Bazaar,26.182612,91.747373,19,2026-07-26 02:15:41,2026-07-26 02:17:48,2026-07-26 02:19:35,
2873,164,anomaly,high,acknowledged,Legacy register entry: anomaly reported near Jalukbari,26.153179,91.661689,,2026-08-04 13:14:44,2026-08-04 13:16:18,,
2874,497,anomaly,high,resolved,Legacy register entry: anomaly reported near Chandmari,26.185883,91.773116,9,2026-08-08 08:44:05,2026-08-08 08:45:10,2026-08-08 08:45:26,2026-08-08 08:56:24
2875,716,geofence,medium,resolved,Legacy register entry: geofence reported near Ganeshguri Junction,26.149105,91.788939,16,2026-08-07 01:45:29,2026-08-07 01:47:49,2026-08-07 02:15:11,2026-08-07 02:20:52
2876,640,anomaly,high,resolved,Legacy register entry: anomaly reported near Deepor Beel Wildlife Sanctuary,26.121562,91.652804,12,2026-07-28 19:47:53,2026-07-28 19:49:41,2026-07-28 19:51:40,2026-07-28 19:55:35
2877,283,anomaly,medium,resolved,Legacy register entry: anomaly reported near Paltan Bazaar,26.18331,91.752843,9,2026-08-28 13:50:39,2026-08-28 13:51:25,2026-08-28 13:55:28,2026-08-28 14:11:15
2878,432,sos,high,resolved,Legacy register entry: sos reported near Gauhati University,26.14825,91.665589,15,2026-07-23 06:24:45,2026-07-23 06:27:13,2026-07-23 06:29:28,2026-07-23 06:55:59
2879,427,geofence,medium,resolved,Legacy register entry: geofence reported near Umiam Lake,25.654118,91.888597,3,2026-08-08 08:30:44,2026-08-08 08:32:15,2026-08-08 08:36:44,2026-08-08 08:49:38
2880,300,sos,medium,resolved,Legacy register entry: sos reported near Haflong,25.165596,93.01278,1,2026-08-14 16:05:39,2026-08-14 16:06:14,2026-08-14 16:20:15,2026-08-14 16:26:24
2881,319,missing_person,low,resolved,Legacy register entry: missing person reported near Deepor Beel Wildlife Sanctuary,26.116406,91.651625,21,2026-08-31 20:05:22,2026-08-31 20:12:18,2026-08-31 20:13:04,2026-08-31 20:19:20
2882,186,sos,low,resolved,Legacy register entry: sos reported near Nilachal Ropeway Terminal,26.191817,91.744742,21,2026-08-18 06:10:06,2026-08-18 06:12:25,2026-08-18 06:13:06,2026-08-18 06:25:24
2883,535,anomaly,high,resolved,Legacy register entry: anomaly reported near Haflong,25.165205,93.013428,13,2026-08-09 19:35:25,2026-08-09 19:37:30,2026-08-09 19:46:59,2026-08-09 19:55:16
2884,33,geofence,high,resolved,Legacy register entry: geofence reported near Shillong,25.577624,91.895989,12,2026-08-14 01:33:57,2026-08-14 01:34:12,2026-08-14 01:36:50,2026-08-14 01:44:52
2885,482,sos,high,resolved,Legacy register entry: sos reported near Sualkuchi Silk Village,26.17018,91.56433,3,2026-08-05 01:12:25,2026-08-05 01:15:55,2026-08-05 01:16:11,2026-08-05 01:28:45
2886,432,sos,medium,detected,Legacy register entry: sos reported near Six Mile,26.138937,91.808262,,2026-08-03 07:10:04,,,
2887,187,geofence,high,resolved,Legacy register entry: geofence reported near Six Mile,26.134025,91.804853,4,2026-08-20 15:37:06,2026-08-20 15:38:50,2026-08-20 15:40:36,2026-08-20 16:46:58
2888,205,geofence,medium,resolved,Legacy register entry: geofence reported near Pobitora Wildlife Sanctuary,26.232376,92.079931,6,2026-08-04 14:53:32,2026-08-04 14:56:13,2026-08-04 14:58:26,2026-08-04 15:04:03
2889,660,geofence,high,detected,Legacy register entry: geofence reported near Guwahati Medical College,26.156872,91.703099,,2026-07-23 21:53:03,,,
2890,398,anomaly,medium,resolved,Legacy register entry: anomaly reported near Sivasagar,26.984369,94.642287,6,2026-08-12 13:52:14,2026-08-12 13:58:24,2026-08-12 13:59:20,2026-08-12 14:29:29
2891,329,anomaly,low,resolved,Legacy register entry: anomaly reported near Navagraha Temple,26.174537,91.77992,16,2026-09-02 18:32:04,2026-09-02 18:32:54,2026-09-02 18:36:40,2026-09-02 19:18:29
2892,184,anomaly,high,dispatched,"Legacy register entry: anomaly reported near Living Root Bridge, Nongriat",25.243895,91.713633,12,2026-08-16 06:12:35,2026-08-16 06:16:02,2026-08-16 06:19:34,
2893,693,geofence,medium,resolved,Legacy register entry: geofence reported near Nohkalikai Falls,25.278481,91.684618,8,2026-07-23 15:55:51,2026-07-23 15:57:38,2026-07-23 16:00:32,2026-07-23 16:16:23
2894,242,anomaly,high,resolved,Legacy register entry: anomaly reported near Gangtok,27.332555,88.612093,13,2026-08-02 17:50:44,2026-08-02 17:51:52,2026-08-02 17:54:18,2026-08-02 17:58:18
2895,323,geofence,high,resolved,Legacy register entry: geofence reported near Shillong,25.579452,91.892543,20,2026-08-11 14:36:25,2026-08-11 14:39:37,2026-08-11 14:49:43,2026-08-11 16:00:55
2896,7,geofence,high,resolved,Legacy register entry: geofence reported near Kahilipara,26.13051,91.761814,5,2026-07-26 06:33:33,2026-07-26 06:36:39,2026-07-26 06:40:28,2026-07-26 06:44:29
2897,233,anomaly,high,resolved,Legacy register entry: anomaly reported near Nehru Park,26.186478,91.749799,7,2026-08-30 17:29:20,2026-08-30 17:31:43,2026-08-30 17:34:55,2026-08-30 18:09:02
2898,674,geofence,low,resolved,Legacy register entry: geofence reported near Noonmati,26.177603,91.808544,5,2026-08-27 07:32:38,2026-08-27 07:33:40,2026-08-27 07:37:04,2026-08-27 08:28:52
2899,702,geofence,critical,acknowledged,Legacy register entry: geofence reported near Guwahati Railway Station,26.185743,91.751227,,2026-09-01 06:08:03,2026-09-01 06:09:10,,
2900,744,anomaly,medium,resolved,Legacy register entry: anomaly reported near Srimanta Sankaradeva Kalakshetra,26.145444,91.809508,12,2026-08-22 10:56:15,2026-08-22 10:59:04,2026-08-22 11:01:08,2026-08-22 11:16:37
2901,20,anomaly,low,resolved,Legacy register entry: anomaly reported near Bharalumukh,26.171364,91.732649,12,2026-08-08 14:58:50,2026-08-08 14:59:37,2026-08-08 15:02:58,2026-08-08 15:11:52
2902,594,anomaly,low,resolved,Legacy register entry: anomaly reported near Umananda Island,26.194541,91.746088,19,2026-08-11 12:42:31,2026-08-11 12:43:52,2026-08-11 12:45:01,2026-08-11 12:50:13
2903,78,geofence,medium,resolved,Legacy register entry: geofence reported near Ganeshguri Junction,26.148392,91.786492,9,2026-07-26 16:56:06,2026-07-26 17:02:52,2026-07-26 17:06:52,2026-07-26 17:10:41
2904,108,geofence,low,resolved,Legacy register entry: geofence reported near Kahilipara,26.130718,91.762433,4,2026-07-28 02:33:41,2026-07-28 02:34:20,2026-07-28 02:38:51,2026-07-28 03:09:18
2905,219,anomaly,high,resolved,Legacy register entry: anomaly reported near Hajo Pilgrimage Town,26.247866,91.518897,6,2026-08-21 08:20:12,2026-08-21 08:21:03,2026-08-21 08:23:28,2026-08-21 08:31:23
2906,155,anomaly,medium,resolved,Legacy register entry: anomaly reported near Basistha Temple,26.110394,91.794171,18,2026-07-31 02:51:56,2026-07-31 02:57:07,2026-07-31 02:57:37,2026-07-31 03:11:53
2907,279,anomaly,low,resolved,Legacy register entry: anomaly reported near Guwahati Railway Station,26.183208,91.75306,17,2026-09-05 01:47:12,2026-09-05 01:47:47,2026-09-05 01:49:08,2026-09-05 01:56:23
2908,545,anomaly,critical,resolved,Legacy register entry: anomaly reported near Cherrapunji (Sohra),25.2942,91.675632,13,2026-08-27 08:10:33,2026-08-27 08:12:32,2026-08-27 08:13:21,2026-08-27 09:06:56
2909,363,geofence,high,resolved,Legacy register entry: geofence reported near Gangtok,27.333808,88.617008,18,2026-07-30 03:39:37,2026-07-30 03:42:34,2026-07-30 03:46:37,2026-07-30 03:56:42
2910,414,geofence,medium,resolved,Legacy register entry: geofence reported near Jalukbari,26.149855,91.662568,16,2026-09-02 19:41:55,2026-09-02 19:42:20,2026-09-02 19:44:42,2026-09-02 20:10:10
2911,587,sos,medium,resolved,Legacy register entry: sos reported near Ziro Valley,27.547344,93.829732,18,2026-08-30 21:28:52,2026-08-30 21:30:03,2026-08-30 21:40:18,2026-08-30 21:55:27
2912,409,geofence,high,resolved,Legacy register entry: geofence reported near IIT Guwahati,26.189047,91.696955,4,2026-08-26 03:46:16,2026-08-26 03:46:51,2026-08-26 03:47:55,2026-08-26 03:53:50
2913,115,sos,critical,resolved,Legacy register entry: sos reported near Beltola Bazaar,26.130443,91.803673,13,2026-07-30 13:22:11,2026-07-30 13:23:49,2026-07-30 13:24:53,2026-07-30 13:44:16
2914,595,sos,high,resolved,Legacy register entry: sos reported near Zoo Road Tiniali,26.163739,91.780092,8,2026-07-23 05:00:35,2026-07-23 05:01:21,2026-07-23 05:01:52,2026-07-23 05:18:25
2915,626,sos,medium,detected,Legacy register entry: sos reported near Gauhati University,26.148736,91.666548,,2026-08-19 05:33:52,,,
2916,264,anomaly,high,acknowledged,Legacy register entry: anomaly reported near Fancy Bazaar,26.185374,91.744274,,2026-08-14 23:59:55,2026-08-15 00:00:40,,
2917,92,anomaly,critical,acknowledged,Legacy register entry: anomaly reported near Srimanta Sankaradeva Kalakshetra,26.146829,91.808353,,2026-07-24 06:12:56,2026-07-24 06:13:40,,
2918,25,anomaly,low,resolved,Legacy register entry: anomaly reported near Dibrugarh,27.472965,94.908027,6,2026-08-28 17:01:26,2026-08-28 17:03:32,2026-08-28 17:06:07,2026-08-28 17:25:07
2919,338,sos,low,resolved,Legacy register entry: sos reported near Jorhat,26.749899,94.204086,20,2026-07-31 09:25:38,2026-07-31 09:26:42,2026-07-31 09:35:52,2026-07-31 10:24:46
2920,750,anomaly,medium,resolved,Legacy register entry: anomaly reported near Dzukou Valley,25.585593,94.048723,17,2026-08-18 01:15:45,2026-08-18 01:19:01,2026-08-18 01:20:19,2026-08-18 01:37:39
2921,196,geofence,medium,resolved,Legacy register entry: geofence reported near Narengi,26.174641,91.842544,19,2026-08-17 20:28:26,2026-08-17 20:31:17,2026-08-17 20:31:52,2026-08-17 20:40:40
2922,478,anomaly,medium,resolved,Legacy register entry: anomaly reported near Maligaon,26.154108,91.679172,19,2026-08-22 19:43:44,2026-08-22 19:46:09,2026-08-22 19:49:43,2026-08-22 19:54:16
2923,546,missing_person,low,resolved,Legacy register entry: missing person reported near Zoo Road Tiniali,26.166302,91.779261,13,2026-08-31 18:51:21,2026-08-31 18:52:15,2026-08-31 18:53:01,2026-08-31 19:19:41
2924,231,anomaly,low,resolved,Legacy register entry: anomaly reported near Zoo Road Tiniali,26.168942,91.776066,7,2026-08-18 03:21:00,2026-08-18 03:21:23,2026-08-18 03:24:05,2026-08-18 03:28:23
2925,340,geofence,medium,resolved,Legacy register entry: geofence reported near Narengi,26.174471,91.836427,14,2026-08-02 17:08:57,2026-08-02 17:10:51,2026-08-02 17:12:12,2026-08-02 17:34:12
2926,531,anomaly,low,resolved,Legacy register entry: anomaly reported near Dibrugarh,27.471277,94.912816,9,2026-07-28 22:53:53,2026-07-28 22:54:55,2026-07-28 23:00:26,2026-07-28 23:32:34
2927,30,anomaly,low,resolved,Legacy register entry: anomaly reported near Kahilipara,26.134972,91.765158,13,2026-08-27 00:11:32,2026-08-27 00:17:39,2026-08-27 00:20:33,2026-08-27 00:28:29
2928,19,sos,medium,resolved,Legacy register entry: sos reported near Fancy Bazaar,26.183677,91.741877,14,2026-07-31 20:48:46,2026-07-31 20:50:31,2026-07-31 20:51:20,2026-07-31 20:53:57
2929,585,geofence,critical,resolved,Legacy register entry: geofence reported near Sivasagar,26.984637,94.642088,17,2026-08-28 01:02:56,2026-08-28 01:03:41,2026-08-28 01:05:32,2026-08-28 01:23:25
2930,83,anomaly,medium,resolved,Legacy register entry: anomaly reported near Haflong,25.166281,93.01652,1,2026-08-02 01:19:24,2026-08-02 01:22:01,2026-08-02 01:23:30,2026-08-02 01:31:11
2931,36,sos,medium,resolved,"Legacy register entry: sos reported near Gandhi Mandap, Sarania Hill",26.176753,91.757463,21,2026-08-31 12:10:27,2026-08-31 12:11:01,2026-08-31 12:11:34,2026-08-31 13:08:18
2932,553,geofence,medium,resolved,Legacy register entry: geofence reported near Madan Kamdev Ruins,26.363451,91.631427,17,2026-08-12 15:35:49,2026-08-12 15:39:00,2026-08-12 15:42:02,2026-08-12 15:51:21
2933,589,sos,high,acknowledged,Legacy register entry: sos reported near Guwahati Medical College,26.158911,91.698849,,2026-08-09 15:39:44,2026-08-09 15:40:41,,
2934,75,sos,medium,resolved,Legacy register entry: sos reported near Accoland Water Park,26.089962,91.586425,2,2026-08-03 13:08:49,2026-08-03 13:11:16,2026-08-03 13:11:53,2026-08-03 13:34:32
2935,397,anomaly,medium,resolved,Legacy register entry: anomaly reported near Brahmaputra Riverfront,26.189246,91.747473,5,2026-08-14 04:58:00,2026-08-14 05:02:05,2026-08-14 05:04:25,2026-08-14 05:08:25
2936,320,geofence,critical,resolved,Legacy register entry: geofence reported near Kahilipara,26.134861,91.758731,14,2026-08-17 17:06:08,2026-08-17 17:07:58,2026-08-17 17:09:51,2026-08-17 17:24:24
2937,275,missing_person,medium,detected,Legacy register entry: missing person reported near Saraighat Bridge,26.189415,91.672149,,2026-07-25 19:41:55,,,
2938,198,geofence,critical,resolved,Legacy register entry: geofence reported near Nehru Park,26.183087,91.747141,5,2026-07-24 02:45:46,2026-07-24 02:50:31,2026-07-24 02:52:33,2026-07-24 03:05:55
2939,601,anomaly,low,resolved,Legacy register entry: anomaly reported near Fancy Bazaar,26.180384,91.742691,11,2026-08-28 23:38:33,2026-08-28 23:40:19,2026-08-28 23:42:31,2026-08-28 23:53:03
2940,695,anomaly,low,resolved,Legacy register entry: anomaly reported near Assam State Zoo & Botanical Garden,26.180278,91.783215,12,2026-07-24 16:34:04,2026-07-24 16:35:00,2026-07-24 16:37:00,2026-07-24 16:47:52
2941,183,sos,medium,resolved,Legacy register entry: sos reported near Majuli River Island,26.953354,94.169687,6,2026-08-14 01:49:31,2026-08-14 01:49:49,2026-08-14 01:56:04,2026-08-14 02:08:24
2942,750,sos,medium,dispatched,Legacy register entry: sos reported near Majuli River Island,26.953795,94.171634,8,2026-07-26 21:31:33,2026-07-26 21:31:38,2026-07-26 21:32:41,
2943,56,missing_person,medium,resolved,Legacy register entry: missing person reported near Dawki / Umngot River,25.191685,92.01621,9,2026-08-04 17:47:49,2026-08-04 17:53:31,2026-08-04 18:06:12,2026-08-04 18:47:14
2944,327,sos,critical,resolved,Legacy register entry: sos reported near Chandubi Lake,25.935742,91.433811,8,2026-09-04 07:38:36,2026-09-04 07:43:57,2026-09-04 07:46:42,2026-09-04 08:32:50
2945,295,geofence,high,dispatched,"Legacy register entry: geofence reported near Gandhi Mandap, Sarania Hill",26.171456,91.755369,22,2026-08-19 20:53:08,2026-08-19 20:53:45,2026-08-19 20:58:11,
2946,443,geofence,medium,resolved,Legacy register entry: geofence reported near Rehabari,26.177972,91.750547,20,2026-08-15 08:40:27,2026-08-15 08:43:29,2026-08-15 08:46:18,2026-08-15 08:55:45
2947,204,anomaly,medium,dispatched,Legacy register entry: anomaly reported near Nilachal Ropeway Terminal,26.187799,91.742071,7,2026-08-06 21:23:20,2026-08-06 21:26:23,2026-08-06 21:29:47,
2948,410,sos,medium,resolved,Legacy register entry: sos reported near Dispur Secretariat,26.141564,91.787555,7,2026-07-29 03:33:13,2026-07-29 03:34:31,2026-07-29 03:35:28,2026-07-29 06:28:46
2949,371,geofence,medium,resolved,Legacy register entry: geofence reported near Guwahati Medical College,26.153728,91.698346,17,2026-08-30 14:23:01,2026-08-30 14:25:22,2026-08-30 14:26:29,2026-08-30 14:34:45
2950,488,geofence,high,resolved,Legacy register entry: geofence reported near Hatigaon,26.13443,91.786521,3,2026-09-01 14:45:46,2026-09-01 14:51:12,2026-09-01 14:51:44,2026-09-01 14:54:59
2951,727,geofence,low,detected,Legacy register entry: geofence reported near Guwahati Railway Station,26.186325,91.748693,,2026-07-27 11:18:05,,,
2952,333,anomaly,medium,resolved,Legacy register entry: anomaly reported near Navagraha Temple,26.171258,91.779276,20,2026-08-22 05:43:36,2026-08-22 05:45:41,2026-08-22 05:46:39,2026-08-22 05:55:15
2953,480,sos,medium,resolved,Legacy register entry: sos reported near Jalukbari,26.150865,91.668177,13,2026-08-29 02:00:02,2026-08-29 02:01:12,2026-08-29 02:01:32,2026-08-29 02:33:07
2954,186,geofence,low,resolved,Legacy register entry: geofence reported near Digboi Oil Heritage,27.391331,95.618644,6,2026-08-29 04:11:19,2026-08-29 04:12:38,2026-08-29 04:14:11,2026-08-29 04:20:31
2955,230,anomaly,low,detected,Legacy register entry: anomaly reported near Jorhat,26.749886,94.206783,,2026-08-09 18:30:34,,,
2956,443,geofence,medium,resolved,Legacy register entry: geofence reported near Ganeshguri Junction,26.149205,91.786388,8,2026-08-11 03:45:35,2026-08-11 03:46:33,2026-08-11 03:50:35,2026-08-11 04:27:29
2957,430,geofence,low,resolved,Legacy register entry: geofence reported near Accoland Water Park,26.0862,91.591992,18,2026-08-07 04:16:30,2026-08-07 04:17:02,2026-08-07 04:20:31,2026-08-07 04:39:52
2958,583,sos,low,resolved,Legacy register entry: sos reported near Kaziranga National Park,26.575218,93.173689,16,2026-08-08 15:50:17,2026-08-08 15:53:46,2026-08-08 15:57:01,2026-08-08 16:04:26
2959,340,geofence,low,resolved,Legacy register entry: geofence reported near Haflong,25.169013,93.020456,21,2026-08-29 13:34:26,2026-08-29 13:34:53,2026-08-29 13:35:29,2026-08-29 13:47:40
2960,743,sos,high,resolved,Legacy register entry: sos reported near Six Mile,26.133015,91.804831,2,2026-09-03 04:07:06,2026-09-03 04:09:12,2026-09-03 04:10:28,2026-09-03 04:45:26
2961,292,anomaly,high,resolved,Legacy register entry: anomaly reported near Chandubi Lake,25.930964,91.432279,6,2026-07-28 16:04:41,2026-07-28 16:07:56,2026-07-28 16:13:49,2026-07-28 16:51:12
2962,573,geofence,high,resolved,Legacy register entry: geofence reported near Fancy Bazaar,26.18171,91.740536,13,2026-08-24 13:17:36,2026-08-24 13:18:01,2026-08-24 13:22:48,2026-08-24 13:43:58
2963,707,geofence,critical,acknowledged,Legacy register entry: geofence reported near Assam State Museum,26.188292,91.745293,,2026-08-23 08:49:41,2026-08-23 08:50:03,,
2964,530,geofence,medium,resolved,Legacy register entry: geofence reported near Manas National Park,26.703835,91.000795,17,2026-08-05 17:00:03,2026-08-05 17:01:21,2026-08-05 17:05:36,2026-08-05 19:32:17
2965,544,sos,high,resolved,Legacy register entry: sos reported near Madan Kamdev Ruins,26.367478,91.632224,4,2026-07-24 03:03:30,2026-07-24 03:04:20,2026-07-24 03:08:44,2026-07-24 03:27:12
2966,495,sos,low,resolved,Legacy register entry: sos reported near Kahilipara,26.130418,91.759341,3,2026-08-20 18:15:34,2026-08-20 18:16:58,2026-08-20 18:18:16,2026-08-20 18:44:26
2967,440,geofence,medium,resolved,Legacy register entry: geofence reported near Dibrugarh,27.476702,94.912861,6,2026-09-01 14:31:11,2026-09-01 14:35:03,2026-09-01 14:40:57,2026-09-01 15:34:38
2968,684,anomaly,critical,resolved,Legacy register entry: anomaly reported near Nameri National Park,26.91721,92.881071,7,2026-09-03 09:14:40,2026-09-03 09:15:23,2026-09-03 09:28:06,2026-09-03 09:55:15
2969,633,geofence,medium,resolved,Legacy register entry: geofence reported near Nameri National Park,26.918831,92.883189,14,2026-08-02 05:31:38,2026-08-02 05:32:09,2026-08-02 05:33:25,2026-08-02 05:37:05
2970,651,anomaly,high,resolved,Legacy register entry: anomaly reported near Saraighat Bridge,26.188227,91.668373,20,2026-08-17 00:28:09,2026-08-17 00:30:11,2026-08-17 00:31:34,2026-08-17 00:51:00
2971,560,anomaly,low,resolved,Legacy register entry: anomaly reported near Assam State Zoo & Botanical Garden,26.174799,91.786499,21,2026-09-05 14:41:12,2026-09-05 14:42:13,2026-09-05 14:42:55,2026-09-05 14:44:59
2972,348,geofence,critical,acknowledged,Legacy register entry: geofence reported near IIT Guwahati,26.187832,91.69814,,2026-08-08 18:35:12,2026-08-08 18:38:09,,
2973,428,geofence,medium,resolved,Legacy register entry: geofence reported near Navagraha Temple,26.175934,91.775803,14,2026-08-30 04:57:21,2026-08-30 04:59:55,2026-08-30 05:00:16,2026-08-30 05:11:12
2974,626,anomaly,high,resolved,Legacy register entry: anomaly reported near Assam State Museum,26.182309,91.74746,13,2026-08-26 00:32:11,2026-08-26 00:33:07,2026-08-26 00:36:51,2026-08-26 01:20:41
2975,236,geofence,medium,acknowledged,Legacy register entry: geofence reported near Assam State Museum,26.184816,91.749618,,2026-08-26 08:10:23,2026-08-26 08:12:52,,
2976,454,anomaly,high,resolved,Legacy register entry: anomaly reported near Accoland Water Park,26.092988,91.589463,16,2026-08-24 14:23:48,2026-08-24 14:24:09,2026-08-24 14:30:31,2026-08-24 14:35:54
2977,532,anomaly,medium,resolved,"Legacy register entry: anomaly reported near Gandhi Mandap, Sarania Hill",26.175881,91.756474,9,2026-08-07 15:40:17,2026-08-07 15:41:18,2026-08-07 15:44:01,2026-08-07 15:52:14
2978,731,anomaly,medium,resolved,Legacy register entry: anomaly reported near Dibrugarh,27.473843,94.909275,5,2026-08-13 22:35:49,2026-08-13 22:37:05,2026-08-13 22:39:35,2026-08-13 22:55:14
2979,304,anomaly,critical,resolved,Legacy register entry: anomaly reported near Madan Kamdev Ruins,26.365762,91.633606,6,2026-08-20 04:59:26,2026-08-20 05:01:15,2026-08-20 05:04:00,2026-08-20 05:25:02
2980,630,geofence,low,resolved,Legacy register entry: geofence reported near Maligaon,26.155865,91.682509,21,2026-08-04 06:58:06,2026-08-04 06:59:48,2026-08-04 07:04:11,2026-08-04 07:07:40
2981,627,missing_person,high,acknowledged,Legacy register entry: missing person reported near Dzukou Valley,25.579609,94.04947,,2026-08-08 01:49:47,2026-08-08 01:51:40,,
2982,433,anomaly,medium,detected,"Legacy register entry: anomaly reported near Gandhi Mandap, Sarania Hill",26.176062,91.760156,,2026-07-30 20:34:55,,,
2983,171,geofence,medium,resolved,Legacy register entry: geofence reported near Rehabari,26.177057,91.745405,12,2026-08-27 14:29:52,2026-08-27 14:33:06,2026-08-27 14:34:18,2026-08-27 14:53:01
2984,252,anomaly,medium,resolved,Legacy register entry: anomaly reported near Saraighat Bridge,26.189924,91.672216,3,2026-08-31 09:01:10,2026-08-31 09:04:07,2026-08-31 09:04:36,2026-08-31 09:23:29
2985,333,anomaly,critical,resolved,Legacy register entry: anomaly reported near Hajo Pilgrimage Town,26.250421,91.518659,17,2026-09-04 02:33:04,2026-09-04 02:38:42,2026-09-04 02:40:50,2026-09-04 03:28:07
2986,703,anomaly,medium,detected,Legacy register entry: anomaly reported near Lokhra,26.102576,91.732452,,2026-08-27 15:29:35,,,
2987,434,sos,medium,detected,Legacy register entry: sos reported near Beltola Bazaar,26.128788,91.80291,,2026-08-07 05:46:04,,,
2988,212,geofence,medium,resolved,Legacy register entry: geofence reported near Silpukhuri,26.189645,91.766458,18,2026-08-25 13:27:37,2026-08-25 13:28:21,2026-08-25 13:31:40,2026-08-25 14:12:02
2989,544,missing_person,medium,resolved,Legacy register entry: missing person reported near Assam State Zoo & Botanical Garden,26.177054,91.789027,10,2026-09-03 13:02:16,2026-09-03 13:03:50,2026-09-03 13:05:40,2026-09-03 13:19:46
2990,163,geofence,medium,resolved,Legacy register entry: geofence reported near Guwahati Railway Station,26.181265,91.752439,19,2026-08-10 04:53:41,2026-08-10 04:55:15,2026-08-10 04:59:14,2026-08-10 05:13:51
2991,180,sos,critical,resolved,Legacy register entry: sos reported near Dighalipukhuri,26.182336,91.747307,5,2026-08-25 23:52:48,2026-08-26 00:02:20,2026-08-26 00:07:00,2026-08-26 00:27:13
2992,719,anomaly,high,resolved,Legacy register entry: anomaly reported near Noonmati,26.177231,91.805114,13,2026-08-14 04:37:26,2026-08-14 04:38:24,2026-08-14 04:40:55,2026-08-14 04:47:16
2993,402,anomaly,medium,resolved,Legacy register entry: anomaly reported near Shillong,25.577784,91.896928,1,2026-08-08 19:42:51,2026-08-08 19:43:34,2026-08-08 19:48:44,2026-08-08 20:08:47
2994,581,geofence,low,resolved,Legacy register entry: geofence reported near Kahilipara,26.129124,91.765129,13,2026-08-08 08:06:41,2026-08-08 08:07:43,2026-08-08 08:08:11,2026-08-08 08:23:34
2995,603,geofence,high,resolved,Legacy register entry: geofence reported near Guwahati Railway Station,26.183639,91.751847,16,2026-08-05 23:15:03,2026-08-05 23:17:14,2026-08-05 23:20:00,2026-08-05 23:48:43
2996,586,anomaly,medium,resolved,Legacy register entry: anomaly reported near Dibrugarh,27.469742,94.911193,19,2026-08-15 04:12:36,2026-08-15 04:14:54,2026-08-15 04:17:21,2026-08-15 05:05:01
2997,655,geofence,critical,resolved,Legacy register entry: geofence reported near Guwahati Planetarium,26.187699,91.759058,14,2026-08-23 13:32:28,2026-08-23 13:33:36,2026-08-23 13:48:18,2026-08-23 15:04:28
2998,157,sos,medium,resolved,Legacy register entry: sos reported near Jorhat,26.754107,94.20345,21,2026-08-16 13:03:05,2026-08-16 13:04:21,2026-08-16 13:04:46,2026-08-16 14:36:06
2999,739,anomaly,high,resolved,Legacy register entry: anomaly reported near Srimanta Sankaradeva Kalakshetra,26.146084,91.808056,19,2026-09-02 23:34:05,2026-09-02 23:37:18,2026-09-02 23:38:27,2026-09-03 03:11:29
3000,324,geofence,medium,resolved,Legacy register entry: geofence reported near Pan Bazaar,26.187828,91.74651,11,2026-08-28 01:32:53,2026-08-28 01:38:29,2026-08-28 01:39:37,2026-08-28 01:41:23
3001,552,geofence,critical,resolved,Legacy register entry: geofence reported near Narengi,26.172996,91.836009,8,2026-08-20 18:23:28,2026-08-20 18:42:27,2026-08-20 18:44:34,2026-08-20 18:48:35
3002,576,anomaly,low,acknowledged,"Legacy register entry: anomaly reported near Gandhi Mandap, Sarania Hill",26.172733,91.76183,,2026-08-18 03:16:52,2026-08-18 03:17:47,,
3003,47,anomaly,low,resolved,Legacy register entry: anomaly reported near Sivasagar,26.981204,94.643205,6,2026-08-09 02:15:49,2026-08-09 02:17:57,2026-08-09 02:19:23,2026-08-09 02:53:40
3004,114,anomaly,medium,resolved,Legacy register entry: anomaly reported near Gangtok,27.331514,88.613246,15,2026-09-04 00:31:35,2026-09-04 00:33:35,2026-09-04 00:36:01,2026-09-04 01:15:21
3005,415,anomaly,high,acknowledged,Legacy register entry: anomaly reported near Pobitora Wildlife Sanctuary,26.234425,92.081329,,2026-07-27 18:05:36,2026-07-27 18:17:35,,
3006,282,anomaly,medium,resolved,Legacy register entry: anomaly reported near Tezpur,26.629868,92.800204,16,2026-08-29 20:21:22,2026-08-29 20:21:41,2026-08-29 20:22:24,2026-08-29 21:20:04
3007,83,sos,high,resolved,Legacy register entry: sos reported near Navagraha Temple,26.175149,91.778961,13,2026-07-30 13:24:07,2026-07-30 13:25:09,2026-07-30 13:39:07,2026-07-30 14:24:39
3008,718,anomaly,high,resolved,Legacy register entry: anomaly reported near Pan Bazaar,26.188895,91.748783,21,2026-08-17 21:59:25,2026-08-17 22:02:04,2026-08-17 22:02:37,2026-08-17 23:26:26
3009,249,anomaly,high,resolved,Legacy register entry: anomaly reported near Six Mile,26.136682,91.808569,17,2026-08-21 00:27:24,2026-08-21 00:28:11,2026-08-21 00:28:52,2026-08-21 00:38:19
3010,163,sos,low,resolved,Legacy register entry: sos reported near Kaziranga National Park,26.578201,93.170032,21,2026-07-26 06:39:51,2026-07-26 06:40:54,2026-07-26 06:41:59,2026-07-26 06:59:56
3011,123,anomaly,low,resolved,Legacy register entry: anomaly reported near Nameri National Park,26.917003,92.879043,7,2026-07-28 15:37:46,2026-07-28 15:38:16,2026-07-28 15:41:11,2026-07-28 15:49:19
3012,535,sos,low,resolved,Legacy register entry: sos reported near Haflong,25.168434,93.016016,9,2026-07-24 11:39:12,2026-07-24 11:40:20,2026-07-24 11:40:37,2026-07-24 12:04:50
3013,482,sos,low,resolved,Legacy register entry: sos reported near Amingaon,26.189625,91.660799,5,2026-08-03 09:11:42,2026-08-03 09:14:53,2026-08-03 09:16:14,2026-08-03 09:27:01
3014,391,anomaly,medium,resolved,Legacy register entry: anomaly reported near Rehabari,26.172624,91.74849,4,2026-08-13 23:51:18,2026-08-13 23:55:07,2026-08-13 23:57:35,2026-08-13 23:59:19
3015,99,anomaly,high,resolved,"Legacy register entry: anomaly reported near Gandhi Mandap, Sarania Hill",26.173081,91.755085,2,2026-08-31 11:56:40,2026-08-31 11:58:44,2026-08-31 11:59:50,2026-08-31 13:12:55
3016,453,sos,high,resolved,Legacy register entry: sos reported near Gangtok,27.3302,88.617662,4,2026-08-03 21:44:31,2026-08-03 21:46:52,2026-08-03 21:55:58,2026-08-03 22:20:03
3017,308,anomaly,medium,resolved,Legacy register entry: anomaly reported near Hajo Pilgrimage Town,26.249612,91.519436,2,2026-08-24 23:41:34,2026-08-24 23:44:10,2026-08-24 23:45:08,2026-08-25 00:13:07
3018,200,anomaly,medium,resolved,Legacy register entry: anomaly reported near Kamakhya Temple,26.166787,91.705239,16,2026-07-30 08:13:52,2026-07-30 08:15:47,2026-07-30 08:17:58,2026-07-30 08:45:34
3019,701,geofence,medium,resolved,Legacy register entry: geofence reported near Chandubi Lake,25.93217,91.431796,2,2026-08-29 12:26:02,2026-08-29 12:26:30,2026-08-29 12:31:57,2026-08-29 12:43:25
3020,532,missing_person,critical,resolved,Legacy register entry: missing person reported near Hatigaon,26.139249,91.789512,8,2026-08-02 06:00:46,2026-08-02 06:03:33,2026-08-02 06:06:49,2026-08-02 06:43:32
3021,746,geofence,medium,resolved,Legacy register entry: geofence reported near Narengi,26.176684,91.843185,19,2026-07-23 09:48:00,2026-07-23 09:48:52,2026-07-23 09:51:52,2026-07-23 09:57:35
3022,644,geofence,medium,resolved,Legacy register entry: geofence reported near Umananda Island,26.197239,91.745316,14,2026-07-27 21:36:39,2026-07-27 21:37:11,2026-07-27 21:37:32,2026-07-27 21:58:02
3023,9,geofence,medium,dispatched,Legacy register entry: geofence reported near Kaziranga National Park,26.57942,93.172466,20,2026-08-29 02:50:00,2026-08-29 02:50:33,2026-08-29 02:52:04,
3024,161,anomaly,medium,resolved,Legacy register entry: anomaly reported near Dibrugarh,27.476186,94.909763,1,2026-09-05 02:28:25,2026-09-05 02:31:00,2026-09-05 02:31:35,2026-09-05 02:58:41
3025,250,geofence,medium,resolved,Legacy register entry: geofence reported near Gangtok,27.335067,88.611089,7,2026-08-24 03:23:48,2026-08-24 03:24:25,2026-08-24 03:24:56,2026-08-24 03:36:06
3026,104,sos,high,resolved,Legacy register entry: sos reported near Ganeshguri Junction,26.150525,91.792346,1,2026-08-17 00:59:56,2026-08-17 01:03:28,2026-08-17 01:05:57,2026-08-17 01:12:10
3027,184,geofence,medium,resolved,Legacy register entry: geofence reported near Kohima,25.674528,94.10523,2,2026-08-02 10:07:30,2026-08-02 10:11:06,2026-08-02 10:17:23,2026-08-02 10:27:57
3028,555,sos,low,acknowledged,Legacy register entry: sos reported near Sivasagar,26.986204,94.645395,,2026-09-03 10:21:22,2026-09-03 10:23:06,,
3029,81,sos,low,resolved,Legacy register entry: sos reported near Fancy Bazaar,26.181801,91.745472,18,2026-08-11 07:09:03,2026-08-11 07:10:57,2026-08-11 07:16:48,2026-08-11 07:39:48
3030,361,sos,medium,resolved,Legacy register entry: sos reported near IIT Guwahati,26.191518,91.69352,22,2026-08-16 23:23:26,2026-08-16 23:24:33,2026-08-16 23:27:12,2026-08-16 23:42:49
3031,11,geofence,high,resolved,Legacy register entry: geofence reported near Saraighat Bridge,26.18976,91.671982,15,2026-08-28 13:21:53,2026-08-28 13:22:32,2026-08-28 13:23:43,2026-08-28 13:40:37
3032,598,sos,low,resolved,Legacy register entry: sos reported near Khanapara,26.11468,91.817007,20,2026-08-21 14:34:06,2026-08-21 14:38:53,2026-08-21 14:39:40,2026-08-21 14:45:40
3033,332,geofence,high,resolved,Legacy register entry: geofence reported near Shillong,25.575813,91.897121,11,2026-08-07 11:54:09,2026-08-07 11:55:28,2026-08-07 11:59:54,2026-08-07 12:52:11
3034,328,anomaly,medium,resolved,Legacy register entry: anomaly reported near Guwahati Planetarium,26.18478,91.760216,20,2026-08-17 05:41:08,2026-08-17 05:41:21,2026-08-17 05:42:34,2026-08-17 06:18:45
3035,485,sos,low,resolved,Legacy register entry: sos reported near Ganeshguri Junction,26.149448,91.791561,2,2026-08-29 10:22:48,2026-08-29 10:28:21,2026-08-29 10:29:36,2026-08-29 11:13:46
3036,329,sos,high,resolved,Legacy register entry: sos reported near Fancy Bazaar,26.180922,91.744788,4,2026-08-21 07:55:37,2026-08-21 07:56:45,2026-08-21 08:01:18,2026-08-21 08:05:55
3037,258,anomaly,medium,resolved,Legacy register entry: anomaly reported near Uzan Bazar Ghat,26.186022,91.759139,9,2026-07-24 21:35:05,2026-07-24 21:36:09,2026-07-24 21:37:50,2026-07-24 21:48:21
3038,45,anomaly,high,resolved,Legacy register entry: anomaly reported near Assam State Zoo & Botanical Garden,26.174734,91.789725,3,2026-08-04 20:16:38,2026-08-04 20:17:20,2026-08-04 20:20:55,2026-08-04 20:51:12
3039,69,anomaly,critical,resolved,Legacy register entry: anomaly reported near Sivasagar,26.985598,94.640096,18,2026-07-22 19:02:39,2026-07-22 19:03:29,2026-07-22 19:05:03,2026-07-22 19:11:49
3040,691,geofence,critical,resolved,Legacy register entry: geofence reported near Nilachal Ropeway Terminal,26.191104,91.743221,21,2026-08-08 18:24:21,2026-08-08 18:26:22,2026-08-08 18:28:39,2026-08-08 18:39:21
3041,405,anomaly,low,resolved,Legacy register entry: anomaly reported near Gangtok,27.333697,88.616903,3,2026-08-28 04:46:23,2026-08-28 04:47:12,2026-08-28 04:48:40,2026-08-28 05:17:49
3042,15,anomaly,medium,dispatched,Legacy register entry: anomaly reported near Assam State Museum,26.187004,91.749682,17,2026-08-02 14:05:08,2026-08-02 14:06:29,2026-08-02 14:08:55,
3043,470,anomaly,critical,resolved,Legacy register entry: anomaly reported near Accoland Water Park,26.093503,91.592532,6,2026-08-07 11:29:51,2026-08-07 11:32:09,2026-08-07 11:39:56,2026-08-07 11:53:36
3044,86,sos,high,resolved,Legacy register entry: sos reported near Six Mile,26.135417,91.80334,7,2026-07-30 14:26:36,2026-07-30 14:27:56,2026-07-30 14:29:46,2026-07-30 15:28:12
3045,453,geofence,low,resolved,Legacy register entry: geofence reported near Nameri National Park,26.922916,92.877106,8,2026-08-09 22:34:29,2026-08-09 22:35:04,2026-08-09 22:36:13,2026-08-09 22:47:29
3046,705,sos,medium,resolved,"Legacy register entry: sos reported near Living Root Bridge, Nongriat",25.249473,91.716884,8,2026-08-13 20:20:04,2026-08-13 20:21:49,2026-08-13 20:25:27,2026-08-13 20:31:16
3047,370,geofence,medium,resolved,Legacy register entry: geofence reported near Nehru Park,26.183999,91.751197,10,2026-08-15 16:13:47,2026-08-15 16:17:37,2026-08-15 16:20:19,2026-08-15 16:28:31
3048,173,sos,high,resolved,Legacy register entry: sos reported near Silpukhuri,26.1891,91.762458,19,2026-08-08 12:53:55,2026-08-08 12:55:32,2026-08-08 12:55:48,2026-08-08 13:10:13
3049,623,anomaly,high,resolved,Legacy register entry: anomaly reported near Lokhra,26.106219,91.736784,18,2026-08-09 12:59:53,2026-08-09 13:02:25,2026-08-09 13:02:36,2026-08-09 13:11:38
3050,263,geofence,critical,resolved,Legacy register entry: geofence reported near Ganeshguri Junction,26.147465,91.792509,21,2026-08-20 02:25:08,2026-08-20 02:29:28,2026-08-20 02:37:21,2026-08-20 03:00:53
3051,684,geofence,high,resolved,Legacy register entry: geofence reported near Ganeshguri Junction,26.146672,91.791305,12,2026-08-24 17:31:58,2026-08-24 17:33:22,2026-08-24 17:34:52,2026-08-24 18:03:15
3052,702,sos,low,resolved,Legacy register entry: sos reported near Tezpur,26.634039,92.802962,1,2026-08-19 14:34:03,2026-08-19 14:36:15,2026-08-19 14:39:52,2026-08-19 15:36:54
3053,667,geofence,high,resolved,Legacy register entry: geofence reported near Assam State Museum,26.182801,91.750798,16,2026-08-31 17:03:03,2026-08-31 17:07:36,2026-08-31 17:11:29,2026-08-31 17:13:27
3054,365,sos,high,resolved,Legacy register entry: sos reported near Mawlynnong Village,25.196,91.91912,4,2026-07-30 11:53:48,2026-07-30 11:58:32,2026-07-30 12:02:47,2026-07-30 12:40:43
3055,213,geofence,low,resolved,Legacy register entry: geofence reported near Sualkuchi Silk Village,26.16967,91.567966,1,2026-08-07 00:01:26,2026-08-07 00:02:05,2026-08-07 00:03:56,2026-08-07 02:27:03
3056,348,anomaly,medium,resolved,Legacy register entry: anomaly reported near Amingaon,26.188193,91.660106,12,2026-08-23 04:41:47,2026-08-23 04:42:26,2026-08-23 04:45:18,2026-08-23 04:55:06
3057,611,anomaly,low,resolved,Legacy register entry: anomaly reported near Guwahati Railway Station,26.182207,91.750229,4,2026-08-08 18:19:58,2026-08-08 18:20:31,2026-08-08 18:23:31,2026-08-08 18:33:03
3058,37,anomaly,low,resolved,Legacy register entry: anomaly reported near Lokhra,26.106287,91.735115,13,2026-08-29 11:07:45,2026-08-29 11:09:27,2026-08-29 11:10:06,2026-08-29 11:25:48
3059,529,sos,medium,resolved,Legacy register entry: sos reported near Deepor Beel Wildlife Sanctuary,26.119598,91.65337,3,2026-08-12 01:51:03,2026-08-12 01:53:33,2026-08-12 01:57:19,2026-08-12 02:23:54
3060,503,sos,medium,resolved,Legacy register entry: sos reported near Guwahati Medical College,26.154204,91.702172,16,2026-07-24 15:36:53,2026-07-24 15:40:45,2026-07-24 15:41:36,2026-07-24 15:48:12
3061,65,geofence,high,dispatched,Legacy register entry: geofence reported near Guwahati Medical College,26.155872,91.700149,7,2026-08-28 02:29:22,2026-08-28 02:30:06,2026-08-28 02:30:42,
3062,126,anomaly,low,resolved,Legacy register entry: anomaly reported near Noonmati,26.181438,91.808424,10,2026-08-20 23:14:35,2026-08-20 23:16:02,2026-08-20 23:18:01,2026-08-20 23:39:38
3063,192,geofence,high,resolved,Legacy register entry: geofence reported near Deepor Beel Wildlife Sanctuary,26.120647,91.648632,15,2026-08-10 19:16:40,2026-08-10 19:26:26,2026-08-10 19:30:36,2026-08-10 19:42:00
3064,240,sos,medium,resolved,Legacy register entry: sos reported near Gangtok,27.328446,88.611442,9,2026-08-31 17:42:46,2026-08-31 17:44:09,2026-08-31 17:44:50,2026-08-31 18:19:45
3065,49,anomaly,critical,resolved,Legacy register entry: anomaly reported near Amingaon,26.187011,91.661629,9,2026-08-06 13:19:05,2026-08-06 13:20:15,2026-08-06 13:26:22,2026-08-06 14:56:17
3066,427,missing_person,high,resolved,Legacy register entry: missing person reported near Umiam Lake,25.65694,91.888436,1,2026-08-19 11:18:57,2026-08-19 11:25:45,2026-08-19 11:26:25,2026-08-19 12:02:24
3067,671,geofence,high,dispatched,Legacy register entry: geofence reported near Aizawl,23.724908,92.721147,12,2026-08-27 05:44:06,2026-08-27 05:44:23,2026-08-27 05:45:18,
3068,160,geofence,high,resolved,Legacy register entry: geofence reported near North Guwahati Ghat,26.197653,91.693674,12,2026-08-20 14:56:51,2026-08-20 15:00:05,2026-08-20 15:02:04,2026-08-20 15:14:15
3069,63,sos,medium,resolved,Legacy register entry: sos reported near Deepor Beel Wildlife Sanctuary,26.116607,91.647328,2,2026-08-25 23:07:37,2026-08-25 23:08:31,2026-08-25 23:09:14,2026-08-25 23:16:03
3070,314,anomaly,medium,resolved,Legacy register entry: anomaly reported near IIT Guwahati,26.190155,91.692718,18,2026-08-03 09:53:58,2026-08-03 09:54:55,2026-08-03 09:59:08,2026-08-03 10:17:46
3071,601,anomaly,medium,resolved,Legacy register entry: anomaly reported near Zoo Road Tiniali,26.166431,91.780961,13,2026-07-24 05:39:52,2026-07-24 05:40:52,2026-07-24 05:42:40,2026-07-24 06:17:53
3072,439,anomaly,critical,resolved,Legacy register entry: anomaly reported near Shillong,25.579608,91.896995,19,2026-08-23 05:59:04,2026-08-23 06:01:05,2026-08-23 06:02:08,2026-08-23 06:23:22
3073,296,geofence,medium,acknowledged,Legacy register entry: geofence reported near Pan Bazaar,26.188271,91.748914,,2026-07-30 12:13:54,2026-07-30 12:15:19,,
3074,475,geofence,low,detected,Legacy register entry: geofence reported near Assam State Zoo & Botanical Garden,26.180273,91.789469,,2026-07-26 12:52:00,,,
3075,447,anomaly,medium,resolved,Legacy register entry: anomaly reported near IIT Guwahati,26.19303,91.697786,1,2026-08-03 21:33:04,2026-08-03 21:37:02,2026-08-03 21:37:26,2026-08-03 21:45:55
3076,550,geofence,medium,resolved,Legacy register entry: geofence reported near Maligaon,26.157729,91.681525,21,2026-08-07 15:59:41,2026-08-07 16:03:59,2026-08-07 16:04:40,2026-08-07 16:19:02
3077,483,anomaly,medium,resolved,Legacy register entry: anomaly reported near Nameri National Park,26.916919,92.883463,3,2026-07-29 07:35:39,2026-07-29 07:37:53,2026-07-29 07:40:28,2026-07-29 07:50:32
3078,389,geofence,low,resolved,Legacy register entry: geofence reported near Kohima,25.676056,94.108836,18,2026-08-16 04:58:45,2026-08-16 05:03:00,2026-08-16 05:05:02,2026-08-16 05:34:06
3079,98,geofence,medium,resolved,Legacy register entry: geofence reported near Gangtok,27.333658,88.61472,14,2026-08-25 04:58:59,2026-08-25 05:03:00,2026-08-25 05:09:35,2026-08-25 05:21:55
3080,220,anomaly,medium,resolved,Legacy register entry: anomaly reported near Maligaon,26.159557,91.67713,8,2026-09-03 14:34:04,2026-09-03 14:37:02,2026-09-03 14:44:28,2026-09-03 15:16:20
3081,504,anomaly,low,detected,Legacy register entry: anomaly reported near Nilachal Ropeway Terminal,26.189768,91.746865,,2026-09-01 13:33:02,,,
3082,34,anomaly,low,resolved,Legacy register entry: anomaly reported near Digboi Oil Heritage,27.394058,95.618497,22,2026-09-01 20:00:19,2026-09-01 20:06:23,2026-09-01 20:07:29,2026-09-01 20:15:05
3083,278,sos,medium,resolved,Legacy register entry: sos reported near Dibrugarh,27.476734,94.909552,8,2026-09-01 16:26:05,2026-09-01 16:29:14,2026-09-01 16:34:07,2026-09-01 18:16:47
3084,400,geofence,low,dispatched,Legacy register entry: geofence reported near Guwahati Medical College,26.158598,91.703335,14,2026-08-02 07:46:29,2026-08-02 07:48:36,2026-08-02 07:56:31,
3085,682,anomaly,medium,resolved,Legacy register entry: anomaly reported near Digboi Oil Heritage,27.395351,95.621858,13,2026-09-03 11:20:10,2026-09-03 11:21:03,2026-09-03 11:22:45,2026-09-03 11:43:46
3086,196,geofence,high,resolved,"Legacy register entry: geofence reported near Gandhi Mandap, Sarania Hill",26.175305,91.75914,20,2026-08-15 09:06:11,2026-08-15 09:12:01,2026-08-15 09:14:36,2026-08-15 09:22:30
3087,305,geofence,critical,resolved,Legacy register entry: geofence reported near Bharalumukh,26.166727,91.735086,5,2026-07-28 10:03:42,2026-07-28 10:05:42,2026-07-28 10:08:13,2026-07-28 11:34:31
3088,17,anomaly,medium,resolved,"Legacy register entry: anomaly reported near Living Root Bridge, Nongriat",25.24525,91.712237,14,2026-08-01 12:20:26,2026-08-01 12:23:21,2026-08-01 12:25:05,2026-08-01 12:36:45
3089,715,anomaly,critical,detected,Legacy register entry: anomaly reported near Jalukbari,26.155499,91.66311,,2026-08-15 20:18:37,,,
3090,92,geofence,medium,resolved,Legacy register entry: geofence reported near Srimanta Sankaradeva Kalakshetra,26.144791,91.808914,21,2026-08-22 19:00:09,2026-08-22 19:00:58,2026-08-22 19:08:39,2026-08-22 19:17:43
3091,2,anomaly,medium,resolved,Legacy register entry: anomaly reported near Sivasagar,26.979156,94.641767,19,2026-08-03 18:16:53,2026-08-03 18:18:08,2026-08-03 18:26:41,2026-08-03 18:39:44
3092,480,geofence,low,resolved,Legacy register entry: geofence reported near LGB International Airport,26.109042,91.588734,10,2026-08-16 00:00:52,2026-08-16 00:02:41,2026-08-16 00:03:43,2026-08-16 00:07:38
3093,624,anomaly,high,resolved,Legacy register entry: anomaly reported near Fancy Bazaar,26.181769,91.742963,11,2026-07-30 17:32:14,2026-07-30 17:32:42,2026-07-30 17:36:35,2026-07-30 17:48:52
3094,20,anomaly,low,resolved,Legacy register entry: anomaly reported near Fancy Bazaar,26.182024,91.745177,3,2026-07-26 12:44:30,2026-07-26 12:46:30,2026-07-26 13:07:54,2026-07-26 13:47:13
3095,453,geofence,critical,dispatched,Legacy register entry: geofence reported near Guwahati Medical College,26.157556,91.698689,12,2026-07-26 19:49:47,2026-07-26 19:53:16,2026-07-26 19:57:21,
3096,180,geofence,high,resolved,Legacy register entry: geofence reported near Agartala,23.831192,91.282999,5,2026-09-02 12:18:53,2026-09-02 12:22:20,2026-09-02 12:23:39,2026-09-02 12:36:34
3097,8,geofence,medium,acknowledged,"Legacy register entry: geofence reported near Gandhi Mandap, Sarania Hill",26.17416,91.761865,,2026-07-26 22:42:40,2026-07-26 22:44:45,,
3098,461,anomaly,low,resolved,Legacy register entry: anomaly reported near Dzukou Valley,25.580065,94.04947,13,2026-08-10 14:28:22,2026-08-10 14:31:33,2026-08-10 14:35:11,2026-08-10 14:51:01
3099,747,geofence,critical,dispatched,Legacy register entry: geofence reported near Mawlynnong Village,25.203972,91.919807,20,2026-07-30 10:45:44,2026-07-30 10:48:21,2026-07-30 10:49:33,
3100,737,anomaly,low,resolved,Legacy register entry: anomaly reported near Kaziranga National Park,26.577385,93.169391,21,2026-08-05 13:56:47,2026-08-05 13:57:11,2026-08-05 14:08:30,2026-08-05 14:11:10
3101,248,sos,critical,dispatched,Legacy register entry: sos reported near Accoland Water Park,26.089397,91.593484,17,2026-08-16 17:40:25,2026-08-16 17:43:40,2026-08-16 17:45:11,
3102,455,geofence,medium,resolved,Legacy register entry: geofence reported near Assam State Museum,26.187699,91.750371,16,2026-07-25 18:41:42,2026-07-25 18:42:49,2026-07-25 18:45:35,2026-07-25 18:53:59
3103,364,geofence,high,resolved,Legacy register entry: geofence reported near Kahilipara,26.132724,91.758963,4,2026-08-02 20:23:36,2026-08-02 20:25:18,2026-08-02 20:25:55,2026-08-02 20:32:12
3104,634,anomaly,medium,resolved,Legacy register entry: anomaly reported near Brahmaputra Riverfront,26.191716,91.748706,14,2026-08-18 13:18:36,2026-08-18 13:20:59,2026-08-18 13:22:59,2026-08-18 13:27:08
3105,26,geofence,medium,resolved,Legacy register entry: geofence reported near Bharalumukh,26.169077,91.733746,22,2026-08-30 15:11:02,2026-08-30 15:12:28,2026-08-30 15:16:16,2026-08-30 15:25:30
3106,344,geofence,medium,resolved,Legacy register entry: geofence reported near Nohkalikai Falls,25.27348,91.684195,14,2026-08-09 15:14:06,2026-08-09 15:15:47,2026-08-09 15:17:06,2026-08-09 16:07:04
3107,424,sos,low,resolved,Legacy register entry: sos reported near Uzan Bazar Ghat,26.190233,91.761959,17,2026-07-31 15:01:32,2026-07-31 15:02:22,2026-07-31 15:03:47,2026-07-31 15:05:36
3108,28,geofence,high,dispatched,Legacy register entry: geofence reported near Lokhra,26.105233,91.737159,19,2026-08-24 03:52:09,2026-08-24 03:57:04,2026-08-24 03:57:32,
3109,14,sos,high,resolved,Legacy register entry: sos reported near Paltan Bazaar,26.184784,91.748074,3,2026-09-04 04:07:17,2026-09-04 04:09:21,2026-09-04 04:14:56,2026-09-04 04:34:01
3110,350,sos,low,acknowledged,Legacy register entry: sos reported near Assam State Zoo & Botanical Garden,26.179929,91.783819,,2026-08-05 19:10:14,2026-08-05 19:13:07,,
3111,86,anomaly,low,resolved,Legacy register entry: anomaly reported near Gauhati University,26.153375,91.666396,5,2026-08-01 20:32:06,2026-08-01 20:36:50,2026-08-01 20:39:36,2026-08-01 20:43:39
3112,317,anomaly,medium,resolved,Legacy register entry: anomaly reported near Assam State Museum,26.185883,91.746758,22,2026-08-07 10:14:58,2026-08-07 10:16:08,2026-08-07 10:16:41,2026-08-07 10:19:27
3113,20,sos,low,resolved,Legacy register entry: sos reported near Dawki / Umngot River,25.190801,92.02124,16,2026-07-25 19:46:25,2026-07-25 19:47:04,2026-07-25 19:51:05,2026-07-25 20:01:24
3114,450,sos,high,resolved,Legacy register entry: sos reported near Dispur Secretariat,26.142223,91.792311,22,2026-07-26 14:02:38,2026-07-26 14:06:46,2026-07-26 14:11:41,2026-07-26 14:49:34
3115,330,sos,critical,resolved,Legacy register entry: sos reported near Khanapara,26.1157,91.821497,6,2026-08-10 01:21:03,2026-08-10 01:22:55,2026-08-10 01:26:27,2026-08-10 01:45:12
3116,211,geofence,critical,acknowledged,Legacy register entry: geofence reported near Haflong,25.164342,93.016009,,2026-07-25 12:53:17,2026-07-25 12:58:37,,
3117,27,geofence,high,resolved,Legacy register entry: geofence reported near Amingaon,26.18634,91.663176,2,2026-08-29 05:03:55,2026-08-29 05:05:17,2026-08-29 05:06:29,2026-08-29 05:28:17
3118,510,geofence,low,resolved,Legacy register entry: geofence reported near Jorhat,26.748225,94.20766,10,2026-07-26 09:27:40,2026-07-26 09:28:31,2026-07-26 09:28:53,2026-07-26 09:51:29
3119,725,sos,high,resolved,Legacy register entry: sos reported near Chandubi Lake,25.931256,91.429915,2,2026-08-08 05:50:37,2026-08-08 05:52:12,2026-08-08 05:54:49,2026-08-08 06:04:10
3120,441,geofence,low,resolved,Legacy register entry: geofence reported near Saraighat Bridge,26.187655,91.672117,9,2026-08-06 22:31:55,2026-08-06 22:33:41,2026-08-06 22:36:47,2026-08-06 22:40:12
3121,52,anomaly,low,resolved,Legacy register entry: anomaly reported near Kaziranga National Park,26.5807,93.169525,19,2026-07-26 15:15:03,2026-07-26 15:15:35,2026-07-26 15:18:47,2026-07-26 15:29:55
3122,67,sos,medium,resolved,Legacy register entry: sos reported near Tezpur,26.630927,92.799911,20,2026-08-20 19:45:31,2026-08-20 19:46:51,2026-08-20 19:47:30,2026-08-20 20:24:17
3123,48,anomaly,medium,resolved,Legacy register entry: anomaly reported near Amingaon,26.19359,91.663065,1,2026-07-31 14:57:11,2026-07-31 14:57:43,2026-07-31 15:00:19,2026-07-31 15:17:06
3124,210,missing_person,medium,resolved,Legacy register entry: missing person reported near Kahilipara,26.130366,91.765845,16,2026-08-29 20:20:50,2026-08-29 20:26:53,2026-08-29 20:33:34,2026-08-29 21:29:13
3125,381,geofence,medium,resolved,Legacy register entry: geofence reported near Tezpur,26.636644,92.796937,13,2026-07-26 19:15:12,2026-07-26 19:16:56,2026-07-26 19:22:50,2026-07-26 20:00:20
3126,393,anomaly,medium,resolved,Legacy register entry: anomaly reported near Tawang Monastery,27.589426,91.860823,17,2026-08-31 03:58:17,2026-08-31 04:00:16,2026-08-31 04:04:08,2026-08-31 04:36:21
3127,224,geofence,medium,resolved,Legacy register entry: geofence reported near LGB International Airport,26.108343,91.585322,2,2026-08-14 10:26:34,2026-08-14 10:28:04,2026-08-14 10:28:48,2026-08-14 11:10:03
3128,70,geofence,low,resolved,Legacy register entry: geofence reported near Chandubi Lake,25.930034,91.429623,10,2026-09-02 05:34:02,2026-09-02 05:36:49,2026-09-02 05:37:59,2026-09-02 06:58:41
3129,543,geofence,high,resolved,Legacy register entry: geofence reported near Jorhat,26.747293,94.20751,20,2026-09-03 09:32:32,2026-09-03 09:38:21,2026-09-03 09:40:24,2026-09-03 09:54:26
3130,110,anomaly,high,resolved,Legacy register entry: anomaly reported near Guwahati Railway Station,26.182127,91.753848,15,2026-08-28 03:34:56,2026-08-28 03:39:31,2026-08-28 03:41:21,2026-08-28 04:09:23
3131,636,anomaly,low,dispatched,Legacy register entry: anomaly reported near Pobitora Wildlife Sanctuary,26.230937,92.086627,22,2026-07-25 12:37:52,2026-07-25 12:38:16,2026-07-25 12:38:31,
3132,644,geofence,low,resolved,Legacy register entry: geofence reported near Kaziranga National Park,26.57425,93.174812,15,2026-08-26 12:47:18,2026-08-26 12:48:11,2026-08-26 12:49:44,2026-08-26 13:06:33
3133,250,geofence,low,resolved,"Legacy register entry: geofence reported near Living Root Bridge, Nongriat",25.248129,91.718983,16,2026-08-07 21:28:19,2026-08-07 21:32:32,2026-08-07 21:38:48,2026-08-07 21:43:43
3134,745,anomaly,critical,resolved,"Legacy register entry: anomaly reported near Gandhi Mandap, Sarania Hill",26.174349,91.761434,19,2026-09-02 15:57:37,2026-09-02 16:02:07,2026-09-02 16:03:33,2026-09-02 16:16:09
3135,221,anomaly,low,acknowledged,Legacy register entry: anomaly reported near Beltola Bazaar,26.126216,91.7978,,2026-08-04 22:37:11,2026-08-04 22:37:37,,
3136,341,anomaly,high,resolved,Legacy register entry: anomaly reported near Uzan Bazar Ghat,26.190761,91.760806,5,2026-08-19 01:49:39,2026-08-19 01:50:10,2026-08-19 01:50:55,2026-08-19 01:57:39
3137,201,sos,medium,resolved,Legacy register entry: sos reported near Umananda Island,26.199778,91.745781,5,2026-08-03 09:04:49,2026-08-03 09:07:18,2026-08-03 09:07:27,2026-08-03 09:11:36
3138,602,sos,high,resolved,Legacy register entry: sos reported near Hatigaon,26.138776,91.788867,6,2026-08-12 05:56:49,2026-08-12 05:59:53,2026-08-12 06:08:40,2026-08-12 07:34:18
3139,208,anomaly,low,resolved,Legacy register entry: anomaly reported near Cherrapunji (Sohra),25.28752,91.67979,12,2026-07-30 06:30:09,2026-07-30 06:31:20,2026-07-30 06:35:27,2026-07-30 06:41:11
3140,612,geofence,high,resolved,Legacy register entry: geofence reported near Pobitora Wildlife Sanctuary,26.235083,92.086814,9,2026-07-27 10:02:49,2026-07-27 10:05:28,2026-07-27 10:19:45,2026-07-27 10:45:58
3141,711,anomaly,medium,resolved,Legacy register entry: anomaly reported near Rehabari,26.171088,91.750515,11,2026-08-11 16:37:02,2026-08-11 16:37:20,2026-08-11 16:39:58,2026-08-11 16:45:19
3142,648,missing_person,low,resolved,Legacy register entry: missing person reported near LGB International Airport,26.103165,91.58606,3,2026-08-21 05:31:38,2026-08-21 05:32:49,2026-08-21 05:33:24,2026-08-21 06:11:42
3143,95,anomaly,medium,resolved,Legacy register entry: anomaly reported near Mawlynnong Village,25.200892,91.917537,13,2026-08-21 16:55:57,2026-08-21 16:58:03,2026-08-21 17:07:16,2026-08-21 17:20:22
3144,565,anomaly,medium,resolved,Legacy register entry: anomaly reported near Chandmari,26.184018,91.772886,3,2026-08-14 08:19:23,2026-08-14 08:19:51,2026-08-14 08:22:24,2026-08-14 08:39:58
3145,643,anomaly,medium,resolved,Legacy register entry: anomaly reported near Srimanta Sankaradeva Kalakshetra,26.146753,91.80338,22,2026-09-01 02:21:30,2026-09-01 02:23:43,2026-09-01 02:28:11,2026-09-01 03:43:27
3146,257,anomaly,high,resolved,Legacy register entry: anomaly reported near Accoland Water Park,26.086294,91.587316,8,2026-08-23 02:19:07,2026-08-23 02:26:08,2026-08-23 02:27:37,2026-08-23 02:56:45
3147,72,geofence,medium,resolved,Legacy register entry: geofence reported near Cherrapunji (Sohra),25.292127,91.675153,10,2026-07-30 20:50:47,2026-07-30 20:53:18,2026-07-30 20:55:29,2026-07-30 21:00:16
3148,696,anomaly,low,detected,Legacy register entry: anomaly reported near Umiam Lake,25.653266,91.891211,,2026-08-05 05:55:35,,,
3149,162,anomaly,medium,resolved,Legacy register entry: anomaly reported near Umananda Island,26.195066,91.747234,16,2026-07-30 03:04:17,2026-07-30 03:05:33,2026-07-30 03:14:01,2026-07-30 03:36:51
3150,161,missing_person,low,resolved,Legacy register entry: missing person reported near Kamakhya Temple,26.167216,91.702263,20,2026-08-26 06:23:44,2026-08-26 06:25:02,2026-08-26 06:33:41,2026-08-26 07:25:28
3151,72,sos,medium,resolved,Legacy register entry: sos reported near Nohkalikai Falls,25.273618,91.688481,1,2026-09-01 07:25:06,2026-09-01 07:27:26,2026-09-01 07:28:14,2026-09-01 07:43:12
3152,146,anomaly,high,resolved,Legacy register entry: anomaly reported near Uzan Bazar Ghat,26.187855,91.760311,12,2026-08-13 20:59:06,2026-08-13 21:00:10,2026-08-13 21:01:16,2026-08-13 21:05:10
3153,249,geofence,medium,resolved,Legacy register entry: geofence reported near Saraighat Bridge,26.18991,91.672252,9,2026-08-12 05:07:42,2026-08-12 05:13:02,2026-08-12 05:15:43,2026-08-12 05:43:30
3154,158,anomaly,high,detected,Legacy register entry: anomaly reported near Shillong,25.579097,91.895513,,2026-08-20 23:59:17,,,
3155,546,anomaly,medium,resolved,Legacy register entry: anomaly reported near North Guwahati Ghat,26.199764,91.686665,13,2026-08-20 16:46:21,2026-08-20 16:46:55,2026-08-20 16:47:56,2026-08-20 16:56:03
3156,370,anomaly,high,detected,Legacy register entry: anomaly reported near Pan Bazaar,26.188179,91.742543,,2026-07-23 06:53:00,,,
3157,200,anomaly,medium,acknowledged,Legacy register entry: anomaly reported near Chandubi Lake,25.935249,91.43217,,2026-07-26 02:28:10,2026-07-26 02:30:00,,
3158,219,anomaly,critical,resolved,Legacy register entry: anomaly reported near Sualkuchi Silk Village,26.163748,91.568674,19,2026-07-29 17:42:49,2026-07-29 17:43:31,2026-07-29 17:45:04,2026-07-29 18:57:07
3159,585,geofence,medium,resolved,Legacy register entry: geofence reported near Zoo Road Tiniali,26.161077,91.779848,12,2026-08-04 20:11:36,2026-08-04 20:13:50,2026-08-04 20:15:52,2026-08-04 20:22:40
3160,358,anomaly,medium,resolved,Legacy register entry: anomaly reported near LGB International Airport,26.107067,91.587149,7,2026-08-13 05:02:21,2026-08-13 05:03:17,2026-08-13 05:03:39,2026-08-13 05:16:12
3161,234,sos,high,acknowledged,Legacy register entry: sos reported near Dawki / Umngot River,25.188304,92.019218,,2026-08-22 02:13:08,2026-08-22 02:16:35,,
3162,181,sos,medium,resolved,Legacy register entry: sos reported near North Guwahati Ghat,26.199278,91.691971,2,2026-09-02 05:44:57,2026-09-02 05:49:24,2026-09-02 05:51:10,2026-09-02 06:18:44
3163,555,anomaly,low,dispatched,Legacy register entry: anomaly reported near Kamakhya Temple,26.167252,91.704461,13,2026-08-14 04:36:00,2026-08-14 04:36:46,2026-08-14 04:47:22,
3164,311,anomaly,high,acknowledged,Legacy register entry: anomaly reported near Guwahati Planetarium,26.182973,91.764958,,2026-08-17 01:37:07,2026-08-17 01:40:54,,
3165,249,anomaly,low,resolved,Legacy register entry: anomaly reported near Navagraha Temple,26.171878,91.781348,19,2026-07-29 06:34:15,2026-07-29 06:35:57,2026-07-29 06:36:39,2026-07-29 06:42:50
3166,334,sos,high,resolved,Legacy register entry: sos reported near IIT Guwahati,26.191274,91.694151,19,2026-07-27 14:28:12,2026-07-27 14:29:31,2026-07-27 14:35:31,2026-07-27 15:10:33
3167,380,geofence,medium,resolved,Legacy register entry: geofence reported near Mawlynnong Village,25.200105,91.914446,2,2026-08-14 11:17:04,2026-08-14 11:19:22,2026-08-14 11:19:41,2026-08-14 11:30:14
3168,272,anomaly,high,resolved,Legacy register entry: anomaly reported near LGB International Airport,26.105322,91.582312,11,2026-08-16 09:26:58,2026-08-16 09:27:53,2026-08-16 09:28:51,2026-08-16 10:36:18
3169,132,anomaly,medium,dispatched,Legacy register entry: anomaly reported near Chandubi Lake,25.936522,91.429526,17,2026-08-05 17:08:29,2026-08-05 17:12:14,2026-08-05 17:15:53,
3170,116,geofence,high,resolved,Legacy register entry: geofence reported near Guwahati Planetarium,26.18441,91.758501,18,2026-08-07 10:51:11,2026-08-07 10:51:32,2026-08-07 10:53:26,2026-08-07 11:04:42
3171,112,sos,medium,acknowledged,Legacy register entry: sos reported near Umiam Lake,25.653366,91.886607,,2026-07-24 00:23:13,2026-07-24 00:23:29,,
3172,651,anomaly,high,detected,Legacy register entry: anomaly reported near Basistha Temple,26.112351,91.799044,,2026-08-06 19:13:00,,,
3173,385,anomaly,low,resolved,Legacy register entry: anomaly reported near Shillong,25.577736,91.896734,7,2026-08-29 21:56:46,2026-08-29 21:58:35,2026-08-29 21:59:42,2026-08-29 22:17:52
3174,689,geofence,medium,resolved,Legacy register entry: geofence reported near Tezpur,26.634641,92.796209,9,2026-07-25 03:34:52,2026-07-25 03:41:26,2026-07-25 03:42:25,2026-07-25 04:00:41
3175,326,geofence,critical,resolved,Legacy register entry: geofence reported near Haflong,25.170101,93.01909,20,2026-08-29 00:17:25,2026-08-29 00:19:42,2026-08-29 00:22:51,2026-08-29 00:33:48
3176,105,anomaly,low,resolved,Legacy register entry: anomaly reported near Bhangagarh,26.153832,91.770073,13,2026-08-25 14:16:01,2026-08-25 14:16:29,2026-08-25 14:17:25,2026-08-25 14:38:05
3177,694,anomaly,low,resolved,Legacy register entry: anomaly reported near Nehru Park,26.186561,91.750375,6,2026-08-22 13:07:57,2026-08-22 13:09:31,2026-08-22 13:10:50,2026-08-22 13:34:22
3178,662,geofence,medium,acknowledged,Legacy register entry: geofence reported near Kamakhya Temple,26.167897,91.702192,,2026-07-23 22:42:02,2026-07-23 22:44:45,,
3179,21,anomaly,low,resolved,Legacy register entry: anomaly reported near Agartala,23.830969,91.287446,15,2026-08-29 03:45:57,2026-08-29 03:46:47,2026-08-29 03:51:09,2026-08-29 03:59:34
3180,469,anomaly,medium,resolved,Legacy register entry: anomaly reported near Dibrugarh,27.470245,94.908445,11,2026-08-22 17:41:02,2026-08-22 17:43:12,2026-08-22 17:45:29,2026-08-22 17:58:08
3181,417,anomaly,high,resolved,Legacy register entry: anomaly reported near Pan Bazaar,26.182514,91.743444,7,2026-08-01 14:37:04,2026-08-01 14:40:49,2026-08-01 14:41:55,2026-08-01 15:06:25
3182,681,sos,medium,resolved,Legacy register entry: sos reported near Accoland Water Park,26.086801,91.592386,1,2026-08-03 21:15:44,2026-08-03 21:18:59,2026-08-03 21:20:02,2026-08-03 21:53:26
3183,496,geofence,low,resolved,Legacy register entry: geofence reported near Amingaon,26.186659,91.657036,7,2026-08-30 03:06:07,2026-08-30 03:08:58,2026-08-30 03:12:14,2026-08-30 03:13:34
3184,113,anomaly,critical,resolved,Legacy register entry: anomaly reported near Kaziranga National Park,26.577415,93.168714,21,2026-07-26 05:04:49,2026-07-26 05:09:37,2026-07-26 05:10:56,2026-07-26 05:17:16
3185,154,anomaly,low,resolved,Legacy register entry: anomaly reported near Pobitora Wildlife Sanctuary,26.233633,92.085634,2,2026-08-09 19:45:04,2026-08-09 19:47:35,2026-08-09 19:48:15,2026-08-09 20:11:52
3186,270,anomaly,low,resolved,Legacy register entry: anomaly reported near Sualkuchi Silk Village,26.167602,91.564111,15,2026-08-12 07:25:56,2026-08-12 07:27:18,2026-08-12 07:28:15,2026-08-12 07:50:39
3187,48,anomaly,medium,resolved,Legacy register entry: anomaly reported near Accoland Water Park,26.092167,91.593201,20,2026-08-20 00:12:03,2026-08-20 00:12:45,2026-08-20 00:15:34,2026-08-20 01:57:00
3188,684,anomaly,low,resolved,Legacy register entry: anomaly reported near Gangtok,27.333869,88.610644,2,2026-08-28 19:21:40,2026-08-28 19:25:10,2026-08-28 19:27:45,2026-08-28 19:33:20
3189,300,sos,critical,resolved,Legacy register entry: sos reported near Basistha Temple,26.112794,91.800126,13,2026-08-21 07:18:28,2026-08-21 07:22:09,2026-08-21 07:25:16,2026-08-21 07:50:25
3190,543,anomaly,medium,resolved,Legacy register entry: anomaly reported near Bharalumukh,26.170578,91.73543,16,2026-07-30 11:11:27,2026-07-30 11:12:05,2026-07-30 11:17:22,2026-07-30 11:45:39
3191,257,sos,high,resolved,Legacy register entry: sos reported near Aizawl,23.723986,92.71451,11,2026-08-16 09:36:17,2026-08-16 09:37:17,2026-08-16 09:38:26,2026-08-16 10:32:52
3192,33,anomaly,high,resolved,Legacy register entry: anomaly reported near Dawki / Umngot River,25.190451,92.019878,3,2026-08-27 17:54:01,2026-08-27 17:56:44,2026-08-27 18:10:26,2026-08-27 18:21:20
3193,280,anomaly,medium,dispatched,Legacy register entry: anomaly reported near Assam State Museum,26.185991,91.745531,5,2026-08-10 13:05:52,2026-08-10 13:06:18,2026-08-10 13:07:47,
3194,318,anomaly,low,resolved,Legacy register entry: anomaly reported near Chandmari,26.18092,91.771899,20,2026-08-10 17:16:36,2026-08-10 17:18:57,2026-08-10 17:24:36,2026-08-10 17:41:18
3195,583,anomaly,low,resolved,Legacy register entry: anomaly reported near Zoo Road Tiniali,26.16144,91.778843,2,2026-08-13 23:31:12,2026-08-13 23:31:51,2026-08-13 23:37:58,2026-08-13 23:59:47
3196,389,anomaly,medium,resolved,Legacy register entry: anomaly reported near Kohima,25.677789,94.110881,20,2026-08-09 20:19:34,2026-08-09 20:20:25,2026-08-09 20:22:11,2026-08-09 21:34:52
3197,595,anomaly,medium,resolved,Legacy register entry: anomaly reported near Mawlynnong Village,25.196635,91.918925,3,2026-08-15 22:53:26,2026-08-15 22:55:59,2026-08-15 22:58:10,2026-08-15 23:01:27
3198,502,sos,medium,resolved,Legacy register entry: sos reported near Hajo Pilgrimage Town,26.250263,91.516597,7,2026-08-08 15:44:13,2026-08-08 15:47:19,2026-08-08 15:48:13,2026-08-08 17:14:22
3199,315,anomaly,low,resolved,Legacy register entry: anomaly reported near Kohima,25.676095,94.108931,17,2026-08-20 00:54:50,2026-08-20 00:57:10,2026-08-20 01:07:22,2026-08-20 01:49:21
3200,735,geofence,medium,resolved,Legacy register entry: geofence reported near Lokhra,26.10404,91.73675,16,2026-08-08 19:31:02,2026-08-08 19:32:22,2026-08-08 19:37:25,2026-08-08 19:49:18
3201,515,geofence,medium,resolved,Legacy register entry: geofence reported near Nehru Park,26.18627,91.748443,20,2026-08-20 22:01:14,2026-08-20 22:03:10,2026-08-20 22:04:35,2026-08-20 22:06:38
3202,725,missing_person,low,resolved,Legacy register entry: missing person reported near Tawang Monastery,27.588989,91.863186,15,2026-09-01 03:49:31,2026-09-01 03:50:31,2026-09-01 03:52:40,2026-09-01 04:23:31
3203,197,sos,low,resolved,Legacy register entry: sos reported near Dzukou Valley,25.583131,94.050085,10,2026-08-09 21:31:00,2026-08-09 21:31:54,2026-08-09 21:35:03,2026-08-09 21:40:59
3204,147,geofence,medium,resolved,Legacy register entry: geofence reported near Nohkalikai Falls,25.279158,91.686562,9,2026-08-29 22:45:12,2026-08-29 22:45:59,2026-08-29 22:47:16,2026-08-29 22:56:13
3205,243,sos,low,resolved,Legacy register entry: sos reported near Assam State Zoo & Botanical Garden,26.175902,91.78921,3,2026-08-07 13:49:51,2026-08-07 13:53:35,2026-08-07 13:55:22,2026-08-07 14:07:08
3206,260,sos,low,resolved,Legacy register entry: sos reported near Dzukou Valley,25.583274,94.053253,11,2026-08-01 09:25:59,2026-08-01 09:26:42,2026-08-01 09:31:28,2026-08-01 09:40:44
3207,721,sos,medium,resolved,Legacy register entry: sos reported near Jalukbari,26.154324,91.667271,13,2026-08-30 09:16:52,2026-08-30 09:21:14,2026-08-30 09:24:59,2026-08-30 10:03:33
3208,449,anomaly,medium,resolved,Legacy register entry: anomaly reported near Shillong,25.578611,91.89235,9,2026-08-06 10:29:00,2026-08-06 10:29:54,2026-08-06 10:42:41,2026-08-06 10:55:49
3209,738,anomaly,critical,resolved,Legacy register entry: anomaly reported near Dispur Secretariat,26.141712,91.791445,22,2026-07-25 00:03:27,2026-07-25 00:06:32,2026-07-25 00:09:52,2026-07-25 00:20:02
3210,180,geofence,medium,resolved,Legacy register entry: geofence reported near Jalukbari,26.152901,91.667706,13,2026-08-15 21:12:49,2026-08-15 21:15:08,2026-08-15 21:16:18,2026-08-15 21:19:38
3211,635,missing_person,critical,resolved,Legacy register entry: missing person reported near Jorhat,26.746993,94.201357,8,2026-08-12 14:48:17,2026-08-12 14:49:15,2026-08-12 14:54:55,2026-08-12 14:58:17
3212,300,anomaly,medium,resolved,Legacy register entry: anomaly reported near Manas National Park,26.697597,90.998495,11,2026-09-05 01:38:16,2026-09-05 01:39:09,2026-09-05 01:41:02,2026-09-05 02:54:08
3213,214,anomaly,medium,resolved,Legacy register entry: anomaly reported near Dighalipukhuri,26.185346,91.749338,2,2026-08-22 06:12:40,2026-08-22 06:13:42,2026-08-22 06:17:19,2026-08-22 06:37:11
3214,262,geofence,high,resolved,Legacy register entry: geofence reported near Dzukou Valley,25.584163,94.049449,14,2026-08-31 02:56:45,2026-08-31 02:58:36,2026-08-31 03:03:07,2026-08-31 03:19:21
3215,650,anomaly,medium,resolved,Legacy register entry: anomaly reported near Silpukhuri,26.18626,91.766115,13,2026-08-30 01:20:23,2026-08-30 01:21:03,2026-08-30 01:23:40,2026-08-30 02:29:48
3216,349,geofence,high,resolved,Legacy register entry: geofence reported near Silpukhuri,26.185197,91.769231,2,2026-09-02 11:08:03,2026-09-02 11:08:52,2026-09-02 11:13:18,2026-09-02 11:31:38
3217,231,anomaly,medium,resolved,Legacy register entry: anomaly reported near Sualkuchi Silk Village,26.165078,91.570449,9,2026-08-15 10:11:19,2026-08-15 10:11:45,2026-08-15 10:12:30,2026-08-15 10:41:41
3218,437,anomaly,medium,resolved,Legacy register entry: anomaly reported near Kohima,25.673747,94.107819,3,2026-08-21 13:47:24,2026-08-21 13:48:55,2026-08-21 13:49:55,2026-08-21 14:26:44
3219,726,anomaly,high,resolved,Legacy register entry: anomaly reported near Deepor Beel Wildlife Sanctuary,26.117504,91.649502,1,2026-08-23 19:26:54,2026-08-23 19:28:59,2026-08-23 19:32:42,2026-08-23 19:43:21
3220,449,geofence,medium,resolved,Legacy register entry: geofence reported near Umananda Island,26.1995,91.746977,20,2026-08-31 18:23:49,2026-08-31 18:27:12,2026-08-31 18:34:55,2026-08-31 18:54:05
3221,285,anomaly,high,resolved,Legacy register entry: anomaly reported near Aizawl,23.72391,92.716766,11,2026-08-30 18:45:27,2026-08-30 18:51:40,2026-08-30 18:55:34,2026-08-30 19:17:25
3222,697,anomaly,low,resolved,Legacy register entry: anomaly reported near Kahilipara,26.129416,91.760099,19,2026-08-25 17:54:59,2026-08-25 17:55:35,2026-08-25 17:58:23,2026-08-25 18:13:28
3223,465,geofence,low,resolved,Legacy register entry: geofence reported near Jorhat,26.749505,94.201243,6,2026-08-05 16:23:06,2026-08-05 16:26:27,2026-08-05 16:29:22,2026-08-05 17:30:01
3224,475,anomaly,medium,detected,Legacy register entry: anomaly reported near Basistha Temple,26.116404,91.795878,,2026-08-03 07:56:58,,,
3225,331,sos,high,resolved,Legacy register entry: sos reported near Digboi Oil Heritage,27.389196,95.615237,16,2026-09-04 21:37:38,2026-09-04 21:39:57,2026-09-04 21:41:38,2026-09-04 21:43:07
3226,217,anomaly,low,acknowledged,Legacy register entry: anomaly reported near Aizawl,23.724389,92.71447,,2026-08-13 21:31:11,2026-08-13 21:32:03,,
3227,40,sos,low,resolved,Legacy register entry: sos reported near Dzukou Valley,25.58241,94.050702,19,2026-08-01 11:29:39,2026-08-01 11:33:41,2026-08-01 11:37:08,2026-08-01 12:18:59
3228,324,anomaly,high,resolved,Legacy register entry: anomaly reported near Madan Kamdev Ruins,26.364107,91.636253,8,2026-08-24 14:29:11,2026-08-24 14:32:02,2026-08-24 14:34:02,2026-08-24 14:37:43
3229,570,anomaly,low,resolved,Legacy register entry: anomaly reported near Assam State Museum,26.18459,91.750258,20,2026-07-24 22:20:41,2026-07-24 22:22:31,2026-07-24 22:23:50,2026-07-24 22:32:26
3230,622,missing_person,medium,resolved,Legacy register entry: missing person reported near Agartala,23.830617,91.288167,15,2026-08-11 08:21:23,2026-08-11 08:24:21,2026-08-11 08:27:55,2026-08-11 08:35:43
3231,409,sos,low,resolved,Legacy register entry: sos reported near Haflong,25.1646,93.0148,17,2026-08-13 18:41:10,2026-08-13 18:41:41,2026-08-13 18:46:11,2026-08-13 19:16:30
3232,79,anomaly,high,resolved,Legacy register entry: anomaly reported near Loktak Lake,24.535059,93.820491,3,2026-08-31 16:56:57,2026-08-31 16:58:16,2026-08-31 16:58:56,2026-08-31 17:10:52
3233,336,anomaly,critical,resolved,Legacy register entry: anomaly reported near Cherrapunji (Sohra),25.292634,91.677212,19,2026-08-16 15:24:37,2026-08-16 15:25:58,2026-08-16 15:28:27,2026-08-16 16:16:49
3234,132,geofence,high,resolved,Legacy register entry: geofence reported near Assam State Museum,26.182614,91.746756,1,2026-08-05 20:19:17,2026-08-05 20:20:15,2026-08-05 20:21:47,2026-08-05 20:48:21
3235,724,geofence,medium,resolved,Legacy register entry: geofence reported near Pobitora Wildlife Sanctuary,26.234071,92.085616,15,2026-08-17 07:56:47,2026-08-17 07:58:57,2026-08-17 07:59:29,2026-08-17 08:08:54
3236,400,sos,high,resolved,Legacy register entry: sos reported near Pan Bazaar,26.188167,91.74243,9,2026-08-17 13:09:49,2026-08-17 13:13:44,2026-08-17 13:14:17,2026-08-17 13:50:12
3237,101,anomaly,critical,detected,Legacy register entry: anomaly reported near Assam State Museum,26.183292,91.750787,,2026-07-23 06:07:05,,,
3238,328,anomaly,low,resolved,Legacy register entry: anomaly reported near Ganeshguri Junction,26.147146,91.79273,18,2026-08-22 07:13:52,2026-08-22 07:14:24,2026-08-22 07:22:46,2026-08-22 07:27:31
3239,362,sos,critical,resolved,Legacy register entry: sos reported near Majuli River Island,26.953702,94.169201,9,2026-08-03 11:43:03,2026-08-03 11:43:43,2026-08-03 11:44:26,2026-08-03 11:50:46
3240,185,missing_person,high,resolved,Legacy register entry: missing person reported near Dispur Secretariat,26.138582,91.789358,8,2026-08-01 23:56:12,2026-08-01 23:58:44,2026-08-02 00:01:11,2026-08-02 00:27:24
3241,415,sos,low,resolved,Legacy register entry: sos reported near Tezpur,26.635332,92.796256,4,2026-08-21 13:34:20,2026-08-21 13:39:25,2026-08-21 13:40:21,2026-08-21 14:23:42
3242,666,geofence,low,resolved,Legacy register entry: geofence reported near Hajo Pilgrimage Town,26.24831,91.516932,22,2026-08-10 19:58:28,2026-08-10 20:04:28,2026-08-10 20:06:10,2026-08-10 20:11:00
3243,434,missing_person,high,resolved,Legacy register entry: missing person reported near Hajo Pilgrimage Town,26.252934,91.515873,3,2026-08-04 07:45:49,2026-08-04 07:48:40,2026-08-04 07:59:09,2026-08-04 08:06:54
3244,648,sos,high,resolved,Legacy register entry: sos reported near Nehru Park,26.188687,91.744647,19,2026-08-02 21:10:06,2026-08-02 21:11:21,2026-08-02 21:11:54,2026-08-02 21:19:11
3245,288,anomaly,high,resolved,Legacy register entry: anomaly reported near Noonmati,26.180281,91.803302,1,2026-07-30 15:17:11,2026-07-30 15:18:49,2026-07-30 15:19:54,2026-07-30 15:33:26
3246,345,geofence,medium,resolved,Legacy register entry: geofence reported near Majuli River Island,26.947435,94.166204,19,2026-08-19 02:58:37,2026-08-19 03:02:21,2026-08-19 03:03:19,2026-08-19 03:20:24
3247,130,sos,low,resolved,Legacy register entry: sos reported near Mawlynnong Village,25.199212,91.918913,17,2026-08-29 12:51:51,2026-08-29 12:53:09,2026-08-29 12:54:28,2026-08-29 13:12:03
3248,223,anomaly,low,resolved,Legacy register entry: anomaly reported near Narengi,26.175372,91.838972,18,2026-08-11 02:35:07,2026-08-11 02:36:03,2026-08-11 02:39:02,2026-08-11 03:13:04
3249,502,anomaly,high,resolved,Legacy register entry: anomaly reported near Dibrugarh,27.473823,94.910814,17,2026-08-19 09:53:28,2026-08-19 09:54:17,2026-08-19 09:55:46,2026-08-19 10:36:25
3250,512,geofence,high,resolved,Legacy register entry: geofence reported near Khanapara,26.116306,91.818675,11,2026-08-06 01:09:06,2026-08-06 01:10:47,2026-08-06 01:23:11,2026-08-06 01:45:06
3251,557,geofence,medium,resolved,Legacy register entry: geofence reported near Silpukhuri,26.191772,91.765113,12,2026-09-01 15:02:19,2026-09-01 15:03:07,2026-09-01 15:04:15,2026-09-01 15:17:49
3252,602,geofence,medium,resolved,Legacy register entry: geofence reported near Uzan Bazar Ghat,26.188125,91.755796,22,2026-08-30 14:47:01,2026-08-30 14:48:58,2026-08-30 14:49:26,2026-08-30 15:08:09
3253,247,geofence,critical,resolved,Legacy register entry: geofence reported near Assam State Museum,26.183727,91.747283,18,2026-08-19 10:30:35,2026-08-19 10:32:43,2026-08-19 10:33:56,2026-08-19 10:44:34
3254,89,geofence,medium,resolved,Legacy register entry: geofence reported near Silpukhuri,26.189914,91.762537,13,2026-08-18 13:26:01,2026-08-18 13:28:50,2026-08-18 13:29:43,2026-08-18 15:03:41
3255,493,anomaly,medium,acknowledged,Legacy register entry: anomaly reported near Guwahati Planetarium,26.184905,91.759316,,2026-08-18 23:07:25,2026-08-18 23:08:11,,
3256,61,anomaly,medium,acknowledged,Legacy register entry: anomaly reported near Hajo Pilgrimage Town,26.249041,91.517926,,2026-07-23 02:25:50,2026-07-23 02:27:14,,
3257,282,anomaly,low,resolved,Legacy register entry: anomaly reported near Gauhati University,26.152309,91.66522,10,2026-09-01 10:28:29,2026-09-01 10:30:42,2026-09-01 10:32:58,2026-09-01 10:43:13
3258,460,missing_person,medium,resolved,Legacy register entry: missing person reported near Assam State Zoo & Botanical Garden,26.174908,91.782515,19,2026-09-04 04:43:24,2026-09-04 04:44:05,2026-09-04 04:47:46,2026-09-04 05:41:52
3259,292,geofence,medium,resolved,Legacy register entry: geofence reported near Fancy Bazaar,26.185533,91.739586,14,2026-08-23 07:18:29,2026-08-23 07:23:53,2026-08-23 07:34:27,2026-08-23 07:54:32
3260,675,geofence,high,resolved,"Legacy register entry: geofence reported near Living Root Bridge, Nongriat",25.244563,91.714041,6,2026-08-30 14:17:02,2026-08-30 14:19:09,2026-08-30 14:20:16,2026-08-30 14:40:12
3261,528,anomaly,low,resolved,Legacy register entry: anomaly reported near Kahilipara,26.130907,91.765581,16,2026-08-01 18:11:19,2026-08-01 18:12:56,2026-08-01 18:15:33,2026-08-01 18:24:06
3262,183,sos,medium,resolved,"Legacy register entry: sos reported near Gandhi Mandap, Sarania Hill",26.175892,91.757977,22,2026-09-02 10:55:40,2026-09-02 10:58:12,2026-09-02 11:00:12,2026-09-02 12:39:28
3263,748,missing_person,high,resolved,Legacy register entry: missing person reported near Dibrugarh,27.473189,94.908089,14,2026-07-25 07:52:49,2026-07-25 07:55:05,2026-07-25 08:06:23,2026-07-25 08:37:31
3264,339,geofence,medium,resolved,Legacy register entry: geofence reported near Hajo Pilgrimage Town,26.249754,91.519939,6,2026-08-22 23:41:53,2026-08-22 23:45:58,2026-08-22 23:50:31,2026-08-23 00:19:39
3265,625,anomaly,high,resolved,Legacy register entry: anomaly reported near Dibrugarh,27.470221,94.912776,19,2026-08-27 13:55:51,2026-08-27 14:01:35,2026-08-27 14:02:23,2026-08-27 14:18:10
3266,702,missing_person,low,resolved,Legacy register entry: missing person reported near Digboi Oil Heritage,27.395248,95.614646,10,2026-08-11 01:33:16,2026-08-11 01:36:03,2026-08-11 01:36:19,2026-08-11 01:59:39
3267,678,geofence,low,resolved,Legacy register entry: geofence reported near Kohima,25.671296,94.106175,18,2026-07-31 04:35:28,2026-07-31 04:36:10,2026-07-31 04:37:15,2026-07-31 04:55:42
3268,723,sos,low,dispatched,Legacy register entry: sos reported near Kaziranga National Park,26.580564,93.168132,4,2026-08-26 21:18:16,2026-08-26 21:19:50,2026-08-26 21:21:39,
3269,25,anomaly,medium,resolved,Legacy register entry: anomaly reported near Kohima,25.676395,94.108332,3,2026-08-15 10:41:53,2026-08-15 10:44:29,2026-08-15 10:46:01,2026-08-15 10:55:51
3270,413,geofence,low,resolved,Legacy register entry: geofence reported near Rehabari,26.174007,91.749607,8,2026-07-24 14:46:17,2026-07-24 14:48:46,2026-07-24 14:56:42,2026-07-24 15:01:30
3271,557,anomaly,high,resolved,Legacy register entry: anomaly reported near Umiam Lake,25.658281,91.892955,12,2026-08-13 07:46:42,2026-08-13 07:49:03,2026-08-13 07:50:48,2026-08-13 08:18:06
3272,160,geofence,high,resolved,"Legacy register entry: geofence reported near Gandhi Mandap, Sarania Hill",26.173095,91.754793,10,2026-07-25 17:25:52,2026-07-25 17:26:56,2026-07-25 17:35:48,2026-07-25 17:41:04
3273,605,sos,low,resolved,Legacy register entry: sos reported near Dibrugarh,27.474058,94.911416,10,2026-08-12 00:31:32,2026-08-12 00:33:01,2026-08-12 00:33:50,2026-08-12 01:30:59
3274,441,geofence,high,resolved,Legacy register entry: geofence reported near Kahilipara,26.134374,91.759607,4,2026-08-14 05:20:02,2026-08-14 05:20:56,2026-08-14 05:25:57,2026-08-14 05:51:11
3275,129,anomaly,low,resolved,Legacy register entry: anomaly reported near Nilachal Ropeway Terminal,26.190335,91.743985,15,2026-08-27 05:55:14,2026-08-27 05:55:55,2026-08-27 05:57:53,2026-08-27 06:20:25
3276,566,missing_person,low,resolved,Legacy register entry: missing person reported near Accoland Water Park,26.086223,91.59347,4,2026-08-05 06:11:36,2026-08-05 06:12:30,2026-08-05 06:22:04,2026-08-05 07:47:21
3277,689,geofence,critical,resolved,Legacy register entry: geofence reported near Six Mile,26.134795,91.802205,13,2026-08-18 07:27:01,2026-08-18 07:27:28,2026-08-18 07:27:48,2026-08-18 07:41:45
3278,534,anomaly,high,resolved,Legacy register entry: anomaly reported near Gauhati University,26.154218,91.667054,12,2026-07-25 00:56:27,2026-07-25 00:58:02,2026-07-25 01:01:13,2026-07-25 02:32:28
3279,142,anomaly,high,resolved,Legacy register entry: anomaly reported near Navagraha Temple,26.173275,91.776436,20,2026-07-27 23:46:29,2026-07-27 23:48:33,2026-07-28 00:02:37,2026-07-28 00:23:37
3280,165,geofence,medium,resolved,Legacy register entry: geofence reported near Aizawl,23.729404,92.716838,16,2026-08-10 19:01:47,2026-08-10 19:02:39,2026-08-10 19:03:08,2026-08-10 19:11:27
3281,105,geofence,medium,resolved,Legacy register entry: geofence reported near Saraighat Bridge,26.185275,91.673273,10,2026-08-20 01:41:27,2026-08-20 01:42:23,2026-08-20 01:43:22,2026-08-20 02:16:08
3282,467,missing_person,medium,resolved,Legacy register entry: missing person reported near Kaziranga National Park,26.576294,93.174136,13,2026-08-25 11:13:05,2026-08-25 11:15:20,2026-08-25 11:15:46,2026-08-25 11:24:40
3283,568,geofence,low,resolved,Legacy register entry: geofence reported near Ziro Valley,27.548627,93.831219,18,2026-08-15 13:15:51,2026-08-15 13:19:08,2026-08-15 13:23:28,2026-08-15 13:32:07
3284,424,geofence,medium,resolved,"Legacy register entry: geofence reported near Gandhi Mandap, Sarania Hill",26.17353,91.756803,13,2026-07-27 02:31:54,2026-07-27 02:38:12,2026-07-27 02:43:38,2026-07-27 03:05:48
3285,51,anomaly,medium,acknowledged,Legacy register entry: anomaly reported near Cherrapunji (Sohra),25.293443,91.679526,,2026-08-19 14:05:33,2026-08-19 14:08:26,,
3286,203,geofence,medium,resolved,Legacy register entry: geofence reported near Sualkuchi Silk Village,26.165775,91.567869,4,2026-09-05 13:33:32,2026-09-05 13:34:43,2026-09-05 13:35:33,2026-09-05 13:59:03
3287,145,anomaly,low,resolved,Legacy register entry: anomaly reported near Kahilipara,26.131296,91.761536,19,2026-09-01 12:33:05,2026-09-01 12:35:15,2026-09-01 12:37:42,2026-09-01 12:49:31
3288,589,geofence,medium,resolved,Legacy register entry: geofence reported near Ganeshguri Junction,26.14756,91.7918,3,2026-07-23 06:04:24,2026-07-23 06:07:18,2026-07-23 06:11:14,2026-07-23 07:11:14
3289,163,anomaly,medium,resolved,"Legacy register entry: anomaly reported near Gandhi Mandap, Sarania Hill",26.171375,91.75708,6,2026-07-30 22:56:18,2026-07-30 22:57:11,2026-07-30 22:58:20,2026-07-31 00:34:51
3290,170,anomaly,low,detected,Legacy register entry: anomaly reported near Umiam Lake,25.655031,91.885775,,2026-08-02 19:43:05,,,
3291,92,anomaly,high,resolved,Legacy register entry: anomaly reported near Nilachal Ropeway Terminal,26.187343,91.742821,7,2026-08-23 21:52:31,2026-08-23 21:54:06,2026-08-23 21:57:03,2026-08-23 22:05:08
3292,159,sos,medium,resolved,Legacy register entry: sos reported near Bhangagarh,26.150099,91.772144,12,2026-08-29 18:21:43,2026-08-29 18:22:23,2026-08-29 18:26:43,2026-08-29 18:44:16
3293,288,sos,low,resolved,Legacy register entry: sos reported near Brahmaputra Riverfront,26.191183,91.751554,8,2026-08-18 23:18:36,2026-08-18 23:22:13,2026-08-18 23:25:03,2026-08-19 00:37:14
3294,477,sos,critical,resolved,Legacy register entry: sos reported near Sivasagar,26.98495,94.641475,18,2026-08-13 16:50:33,2026-08-13 16:57:23,2026-08-13 16:58:48,2026-08-13 17:11:52
3295,407,geofence,medium,resolved,Legacy register entry: geofence reported near Jalukbari,26.155724,91.664982,21,2026-08-22 01:41:59,2026-08-22 01:44:36,2026-08-22 01:46:37,2026-08-22 02:05:11
3296,30,missing_person,medium,resolved,Legacy register entry: missing person reported near Pan Bazaar,26.188661,91.745245,9,2026-08-10 03:52:58,2026-08-10 03:54:18,2026-08-10 03:57:49,2026-08-10 04:12:48
3297,452,geofence,critical,resolved,Legacy register entry: geofence reported near Nohkalikai Falls,25.278482,91.683526,19,2026-07-22 19:09:35,2026-07-22 19:11:11,2026-07-22 19:14:56,2026-07-22 19:40:31
3298,280,geofence,critical,resolved,Legacy register entry: geofence reported near Agartala,23.831121,91.286516,17,2026-07-30 17:36:49,2026-07-30 17:37:48,2026-07-30 17:38:43,2026-07-30 17:41:56
3299,344,anomaly,low,resolved,Legacy register entry: anomaly reported near Maligaon,26.158506,91.678565,7,2026-08-20 06:58:37,2026-08-20 06:59:20,2026-08-20 07:07:51,2026-08-20 07:31:26
3300,749,anomaly,high,resolved,Legacy register entry: anomaly reported near Rehabari,26.177906,91.750148,7,2026-08-24 16:40:45,2026-08-24 16:42:54,2026-08-24 16:43:12,2026-08-24 16:55:19
3301,177,anomaly,medium,resolved,Legacy register entry: anomaly reported near Assam State Zoo & Botanical Garden,26.175474,91.788003,9,2026-07-25 20:22:26,2026-07-25 20:23:38,2026-07-25 20:24:23,2026-07-25 21:02:47
3302,366,anomaly,low,acknowledged,Legacy register entry: anomaly reported near Uzan Bazar Ghat,26.188169,91.759581,,2026-08-03 11:50:21,2026-08-03 11:52:08,,
3303,196,sos,critical,resolved,Legacy register entry: sos reported near Brahmaputra Riverfront,26.189279,91.746605,11,2026-07-30 08:25:18,2026-07-30 08:26:05,2026-07-30 08:29:48,2026-07-30 08:44:49
3304,563,sos,medium,resolved,Legacy register entry: sos reported near Maligaon,26.158102,91.682435,8,2026-08-31 10:11:11,2026-08-31 10:13:04,2026-08-31 10:23:29,2026-08-31 10:33:42
3305,53,geofence,low,resolved,Legacy register entry: geofence reported near Dzukou Valley,25.579876,94.049266,1,2026-07-31 20:23:08,2026-07-31 20:23:34,2026-07-31 20:27:21,2026-07-31 20:39:25
3306,171,geofence,high,resolved,Legacy register entry: geofence reported near Imphal,24.816778,93.936934,21,2026-08-25 15:29:29,2026-08-25 15:31:30,2026-08-25 15:32:46,2026-08-25 15:50:10
3307,437,geofence,medium,resolved,Legacy register entry: geofence reported near Hatigaon,26.138503,91.784754,7,2026-08-21 10:37:56,2026-08-21 10:39:51,2026-08-21 10:41:56,2026-08-21 11:12:48
3308,217,geofence,medium,dispatched,Legacy register entry: geofence reported near Kohima,25.672743,94.106318,7,2026-08-28 10:57:12,2026-08-28 10:59:59,2026-08-28 11:00:46,
3309,255,sos,high,resolved,Legacy register entry: sos reported near Sivasagar,26.980012,94.644475,13,2026-08-23 04:26:59,2026-08-23 04:28:35,2026-08-23 04:34:27,2026-08-23 05:48:54
3310,287,sos,medium,detected,Legacy register entry: sos reported near Navagraha Temple,26.171909,91.781712,,2026-09-01 07:40:05,,,
3311,79,anomaly,high,acknowledged,Legacy register entry: anomaly reported near Guwahati Planetarium,26.186655,91.764191,,2026-08-14 01:59:46,2026-08-14 02:02:10,,
3312,460,missing_person,low,resolved,Legacy register entry: missing person reported near Tawang Monastery,27.589374,91.858497,4,2026-08-28 02:22:33,2026-08-28 02:24:56,2026-08-28 02:26:25,2026-08-28 02:44:21
3313,376,anomaly,low,dispatched,Legacy register entry: anomaly reported near Uzan Bazar Ghat,26.188499,91.761254,21,2026-07-27 02:25:15,2026-07-27 02:26:27,2026-07-27 02:27:44,
3314,392,anomaly,medium,resolved,Legacy register entry: anomaly reported near Dawki / Umngot River,25.190404,92.020102,8,2026-08-20 22:47:58,2026-08-20 22:49:26,2026-08-20 22:52:29,2026-08-20 23:20:07
3315,348,sos,low,acknowledged,Legacy register entry: sos reported near Chandmari,26.18312,91.770546,,2026-08-03 23:13:41,2026-08-03 23:14:29,,
3316,594,geofence,high,acknowledged,Legacy register entry: geofence reported near Sualkuchi Silk Village,26.167339,91.566453,,2026-07-30 23:30:31,2026-07-30 23:30:59,,
3317,377,missing_person,high,resolved,Legacy register entry: missing person reported near Bharalumukh,26.167173,91.733871,16,2026-08-09 11:45:00,2026-08-09 11:46:58,2026-08-09 11:51:26,2026-08-09 12:01:56
3318,210,geofence,high,resolved,Legacy register entry: geofence reported near Accoland Water Park,26.088042,91.586112,10,2026-08-05 21:01:14,2026-08-05 21:02:28,2026-08-05 21:06:26,2026-08-05 21:21:53
3319,261,anomaly,low,resolved,Legacy register entry: anomaly reported near Imphal,24.818828,93.934965,1,2026-09-03 13:14:30,2026-09-03 13:16:39,2026-09-03 13:17:37,2026-09-03 13:26:11
3320,133,geofence,high,detected,Legacy register entry: geofence reported near Kaziranga National Park,26.574327,93.172656,,2026-08-19 23:09:31,,,
3321,134,anomaly,high,resolved,Legacy register entry: anomaly reported near Brahmaputra Riverfront,26.192606,91.749367,4,2026-08-06 06:20:34,2026-08-06 06:25:22,2026-08-06 06:26:23,2026-08-06 06:33:23
3322,241,sos,low,acknowledged,Legacy register entry: sos reported near Noonmati,26.18157,91.804848,,2026-08-25 01:34:19,2026-08-25 01:36:40,,
3323,676,geofence,low,resolved,Legacy register entry: geofence reported near Pan Bazaar,26.188343,91.745636,21,2026-08-17 20:27:38,2026-08-17 20:28:15,2026-08-17 20:30:18,2026-08-17 20:45:08
3324,573,anomaly,low,resolved,Legacy register entry: anomaly reported near Umiam Lake,25.658626,91.887424,9,2026-07-29 02:56:46,2026-07-29 02:57:42,2026-07-29 02:58:47,2026-07-29 03:09:41
3325,424,sos,medium,resolved,Legacy register entry: sos reported near Srimanta Sankaradeva Kalakshetra,26.14395,91.80531,18,2026-08-30 07:06:33,2026-08-30 07:09:16,2026-08-30 07:13:47,2026-08-30 07:22:32
3326,225,geofence,low,acknowledged,Legacy register entry: geofence reported near Guwahati Railway Station,26.180876,91.753937,,2026-07-31 03:29:13,2026-07-31 03:30:55,,
3327,478,anomaly,medium,resolved,Legacy register entry: anomaly reported near Nohkalikai Falls,25.273638,91.682241,20,2026-08-10 23:44:02,2026-08-10 23:44:56,2026-08-10 23:53:13,2026-08-11 00:09:46
3328,294,geofence,low,resolved,Legacy register entry: geofence reported near Srimanta Sankaradeva Kalakshetra,26.144616,91.805837,12,2026-08-24 10:00:28,2026-08-24 10:02:55,2026-08-24 10:06:38,2026-08-24 10:12:39
3329,655,sos,medium,resolved,Legacy register entry: sos reported near Hatigaon,26.135679,91.786713,6,2026-07-29 03:00:51,2026-07-29 03:07:00,2026-07-29 03:08:33,2026-07-29 04:04:19
3330,439,anomaly,low,resolved,Legacy register entry: anomaly reported near North Guwahati Ghat,26.197578,91.687623,19,2026-08-24 10:20:29,2026-08-24 10:22:15,2026-08-24 10:23:43,2026-08-24 10:48:06
3331,25,geofence,low,resolved,"Legacy register entry: geofence reported near Living Root Bridge, Nongriat",25.248687,91.713004,12,2026-08-28 02:38:34,2026-08-28 02:41:00,2026-08-28 02:44:24,2026-08-28 03:21:08
3332,544,sos,high,resolved,Legacy register entry: sos reported near Umananda Island,26.199727,91.747893,10,2026-07-26 06:53:15,2026-07-26 06:54:09,2026-07-26 06:55:01,2026-07-26 07:39:58
3333,396,anomaly,high,resolved,Legacy register entry: anomaly reported near Hajo Pilgrimage Town,26.247649,91.51907,13,2026-08-13 16:55:25,2026-08-13 16:56:34,2026-08-13 17:04:57,2026-08-13 17:10:12
3334,498,geofence,low,resolved,Legacy register entry: geofence reported near Maligaon,26.157806,91.677956,4,2026-08-02 10:01:05,2026-08-02 10:03:20,2026-08-02 10:03:50,2026-08-02 10:42:28
3335,363,geofence,high,resolved,"Legacy register entry: geofence reported near Living Root Bridge, Nongriat",25.247425,91.712216,1,2026-08-08 05:48:35,2026-08-08 05:52:07,2026-08-08 05:56:49,2026-08-08 06:07:55
3336,1,sos,medium,resolved,Legacy register entry: sos reported near Srimanta Sankaradeva Kalakshetra,26.146709,91.805018,17,2026-07-28 00:08:43,2026-07-28 00:10:18,2026-07-28 00:11:07,2026-07-28 00:22:19
3337,85,anomaly,low,resolved,Legacy register entry: anomaly reported near Cherrapunji (Sohra),25.287552,91.677468,9,2026-07-27 11:50:43,2026-07-27 11:52:50,2026-07-27 11:55:50,2026-07-27 12:19:15
3338,231,sos,medium,resolved,Legacy register entry: sos reported near Bhangagarh,26.152161,91.772514,10,2026-08-16 12:27:26,2026-08-16 12:28:33,2026-08-16 12:28:46,2026-08-16 12:36:17
3339,433,geofence,medium,resolved,Legacy register entry: geofence reported near Fancy Bazaar,26.183016,91.746349,8,2026-09-05 17:18:54,2026-09-05 17:20:11,2026-09-05 17:20:35,2026-09-05 17:40:11
3340,286,anomaly,low,resolved,Legacy register entry: anomaly reported near Sivasagar,26.979322,94.640957,5,2026-08-15 11:20:32,2026-08-15 11:21:05,2026-08-15 11:25:11,2026-08-15 11:43:35
3341,460,sos,medium,resolved,Legacy register entry: sos reported near Amingaon,26.191652,91.663587,21,2026-07-30 12:12:30,2026-07-30 12:14:07,2026-07-30 12:14:48,2026-07-30 12:36:28
3342,565,geofence,medium,resolved,Legacy register entry: geofence reported near Haflong,25.166308,93.013881,4,2026-08-09 05:33:12,2026-08-09 05:34:46,2026-08-09 05:36:53,2026-08-09 05:56:23
3343,245,sos,medium,resolved,Legacy register entry: sos reported near Hajo Pilgrimage Town,26.247771,91.518913,7,2026-07-26 01:17:47,2026-07-26 01:18:47,2026-07-26 01:24:09,2026-07-26 01:28:30
3344,21,geofence,medium,dispatched,Legacy register entry: geofence reported near Zoo Road Tiniali,26.167485,91.777924,15,2026-08-08 10:40:44,2026-08-08 10:49:29,2026-08-08 10:54:23,
3345,94,anomaly,critical,resolved,Legacy register entry: anomaly reported near Paltan Bazaar,26.179253,91.751567,10,2026-08-01 05:28:30,2026-08-01 05:32:42,2026-08-01 05:34:25,2026-08-01 05:45:22
3346,436,anomaly,low,resolved,Legacy register entry: anomaly reported near Ziro Valley,27.540997,93.834829,10,2026-07-23 18:59:03,2026-07-23 18:59:57,2026-07-23 19:11:19,2026-07-23 19:29:26
3347,211,sos,low,resolved,Legacy register entry: sos reported near North Guwahati Ghat,26.201095,91.69332,7,2026-08-12 05:54:13,2026-08-12 05:59:36,2026-08-12 06:02:27,2026-08-12 06:28:58
3348,139,anomaly,high,acknowledged,Legacy register entry: anomaly reported near Imphal,24.816232,93.93707,,2026-08-24 12:08:31,2026-08-24 12:09:40,,
3349,599,sos,medium,resolved,Legacy register entry: sos reported near Imphal,24.818866,93.939923,2,2026-08-12 03:00:22,2026-08-12 03:00:49,2026-08-12 03:04:51,2026-08-12 03:26:09
3350,270,anomaly,critical,detected,Legacy register entry: anomaly reported near Chandubi Lake,25.937206,91.430572,,2026-09-05 01:24:27,,,
3351,677,geofence,low,resolved,Legacy register entry: geofence reported near Umananda Island,26.19626,91.743814,22,2026-07-31 10:35:01,2026-07-31 10:36:46,2026-07-31 10:37:12,2026-07-31 10:55:10
3352,571,anomaly,medium,resolved,Legacy register entry: anomaly reported near Srimanta Sankaradeva Kalakshetra,26.144093,91.808456,11,2026-09-04 18:49:46,2026-09-04 18:50:35,2026-09-04 19:02:41,2026-09-04 19:20:25
3353,458,anomaly,medium,resolved,Legacy register entry: anomaly reported near Kaziranga National Park,26.574126,93.171677,6,2026-08-08 15:22:51,2026-08-08 15:24:34,2026-08-08 15:26:36,2026-08-08 15:45:49
3354,74,geofence,low,resolved,Legacy register entry: geofence reported near Gauhati University,26.148256,91.667995,14,2026-07-29 02:45:03,2026-07-29 02:45:16,2026-07-29 02:47:10,2026-07-29 03:11:14
3355,140,sos,high,detected,Legacy register entry: sos reported near Umiam Lake,25.661,91.892661,,2026-07-24 13:41:03,,,
3356,263,geofence,low,resolved,Legacy register entry: geofence reported near Zoo Road Tiniali,26.162744,91.781288,8,2026-08-16 15:01:03,2026-08-16 15:10:41,2026-08-16 15:14:55,2026-08-16 15:53:35
3357,378,missing_person,low,resolved,Legacy register entry: missing person reported near Kamakhya Temple,26.169256,91.705449,5,2026-07-24 16:36:14,2026-07-24 16:36:44,2026-07-24 16:41:57,2026-07-24 16:57:35
3358,656,sos,medium,detected,Legacy register entry: sos reported near Pobitora Wildlife Sanctuary,26.234993,92.081444,,2026-08-15 21:58:20,,,
3359,571,sos,medium,resolved,Legacy register entry: sos reported near Kaziranga National Park,26.573805,93.17422,8,2026-08-28 18:50:52,2026-08-28 18:52:30,2026-08-28 19:02:47,2026-08-28 19:10:28
3360,573,sos,high,resolved,Legacy register entry: sos reported near Hatigaon,26.137512,91.791955,14,2026-08-11 17:13:57,2026-08-11 17:15:14,2026-08-11 17:16:24,2026-08-11 18:39:14
3361,193,anomaly,critical,resolved,Legacy register entry: anomaly reported near Kahilipara,26.129057,91.761689,13,2026-07-29 04:58:55,2026-07-29 04:59:34,2026-07-29 05:02:04,2026-07-29 05:07:44
3362,145,anomaly,high,resolved,Legacy register entry: anomaly reported near Cherrapunji (Sohra),25.2931,91.681742,20,2026-07-28 12:39:08,2026-07-28 12:41:47,2026-07-28 12:42:17,2026-07-28 13:33:15
3363,496,geofence,high,resolved,Legacy register entry: geofence reported near North Guwahati Ghat,26.194507,91.686582,10,2026-07-31 13:51:51,2026-07-31 13:53:12,2026-07-31 13:56:14,2026-07-31 14:16:25
3364,201,geofence,high,resolved,Legacy register entry: geofence reported near IIT Guwahati,26.192239,91.692079,3,2026-08-11 12:23:58,2026-08-11 12:25:09,2026-08-11 12:25:46,2026-08-11 13:06:53
3365,635,sos,high,resolved,Legacy register entry: sos reported near Silpukhuri,26.188613,91.765572,7,2026-08-20 02:28:38,2026-08-20 02:31:31,2026-08-20 02:33:57,2026-08-20 02:42:40
3366,435,anomaly,medium,acknowledged,Legacy register entry: anomaly reported near Saraighat Bridge,26.18654,91.669569,,2026-07-23 20:45:43,2026-07-23 20:46:24,,
3367,513,sos,low,resolved,Legacy register entry: sos reported near Rehabari,26.174105,91.745025,22,2026-08-13 16:09:57,2026-08-13 16:14:44,2026-08-13 16:16:53,2026-08-13 16:35:52
3368,429,anomaly,medium,acknowledged,Legacy register entry: anomaly reported near Hajo Pilgrimage Town,26.25059,91.515785,,2026-07-26 03:01:57,2026-07-26 03:03:53,,
3369,120,anomaly,medium,resolved,Legacy register entry: anomaly reported near Six Mile,26.132354,91.806538,3,2026-09-04 23:44:39,2026-09-04 23:46:13,2026-09-04 23:47:11,2026-09-04 23:59:38
3370,403,anomaly,high,resolved,Legacy register entry: anomaly reported near Pan Bazaar,26.187047,91.742994,16,2026-07-24 03:55:02,2026-07-24 03:55:16,2026-07-24 03:56:08,2026-07-24 04:24:53
3371,594,geofence,medium,acknowledged,Legacy register entry: geofence reported near Tezpur,26.636615,92.803052,,2026-08-30 13:42:39,2026-08-30 13:45:00,,
3372,446,anomaly,critical,resolved,Legacy register entry: anomaly reported near Kohima,25.675566,94.104863,21,2026-08-25 04:08:26,2026-08-25 04:11:22,2026-08-25 04:18:11,2026-08-25 04:26:36
3373,95,anomaly,medium,resolved,Legacy register entry: anomaly reported near Deepor Beel Wildlife Sanctuary,26.11815,91.648955,21,2026-07-25 04:45:26,2026-07-25 04:47:31,2026-07-25 04:52:28,2026-07-25 04:57:49
3374,682,sos,low,resolved,Legacy register entry: sos reported near Pobitora Wildlife Sanctuary,26.235811,92.083036,13,2026-08-08 18:40:07,2026-08-08 18:43:28,2026-08-08 18:44:23,2026-08-08 18:50:09
3375,58,geofence,high,resolved,Legacy register entry: geofence reported near Fancy Bazaar,26.183402,91.744234,15,2026-09-01 04:45:21,2026-09-01 04:46:27,2026-09-01 04:47:48,2026-09-01 04:57:24
3376,209,anomaly,high,resolved,Legacy register entry: anomaly reported near Kamakhya Temple,26.16712,91.705383,11,2026-07-31 09:08:53,2026-07-31 09:10:36,2026-07-31 09:12:21,2026-07-31 10:22:32
3377,709,geofence,medium,resolved,Legacy register entry: geofence reported near Ziro Valley,27.546181,93.835857,2,2026-09-01 03:37:26,2026-09-01 03:40:35,2026-09-01 03:42:18,2026-09-01 03:49:14
3378,302,anomaly,medium,resolved,Legacy register entry: anomaly reported near Kamakhya Temple,26.163854,91.705473,3,2026-08-15 12:20:02,2026-08-15 12:22:28,2026-08-15 12:23:28,2026-08-15 12:29:53
3379,348,anomaly,low,resolved,Legacy register entry: anomaly reported near Shillong,25.578231,91.897186,4,2026-08-30 05:12:36,2026-08-30 05:17:34,2026-08-30 05:18:15,2026-08-30 05:27:59
3380,41,geofence,low,acknowledged,"Legacy register entry: geofence reported near Gandhi Mandap, Sarania Hill",26.172444,91.754043,,2026-08-09 05:05:41,2026-08-09 05:09:38,,
3381,75,anomaly,low,resolved,Legacy register entry: anomaly reported near Tezpur,26.636139,92.796499,12,2026-08-01 18:16:52,2026-08-01 18:17:33,2026-08-01 18:23:48,2026-08-01 18:26:05
3382,275,geofence,high,resolved,Legacy register entry: geofence reported near Gauhati University,26.150861,91.666218,19,2026-08-15 18:20:10,2026-08-15 18:20:27,2026-08-15 18:23:58,2026-08-15 18:47:28
3383,284,anomaly,medium,resolved,Legacy register entry: anomaly reported near North Guwahati Ghat,26.198838,91.687267,16,2026-08-12 10:20:13,2026-08-12 10:22:42,2026-08-12 10:23:55,2026-08-12 10:46:44
3384,691,geofence,medium,resolved,Legacy register entry: geofence reported near Narengi,26.171757,91.83819,2,2026-08-20 08:33:02,2026-08-20 08:38:43,2026-08-20 08:43:20,2026-08-20 09:11:11
3385,96,anomaly,critical,resolved,Legacy register entry: anomaly reported near Cherrapunji (Sohra),25.288948,91.675318,14,2026-08-29 08:36:51,2026-08-29 08:38:16,2026-08-29 08:38:47,2026-08-29 08:43:41
3386,202,anomaly,high,resolved,Legacy register entry: anomaly reported near Pan Bazaar,26.187122,91.744671,18,2026-08-23 15:54:05,2026-08-23 15:55:48,2026-08-23 16:06:51,2026-08-23 16:27:13
3387,139,geofence,medium,resolved,Legacy register entry: geofence reported near Shillong,25.576542,91.890605,3,2026-09-03 04:44:56,2026-09-03 04:45:42,2026-09-03 04:55:18,2026-09-03 05:14:24
3388,48,missing_person,medium,resolved,Legacy register entry: missing person reported near IIT Guwahati,26.188881,91.691252,6,2026-08-12 23:48:30,2026-08-12 23:55:39,2026-08-13 00:02:42,2026-08-13 01:22:43
3389,388,anomaly,medium,resolved,Legacy register entry: anomaly reported near Madan Kamdev Ruins,26.369985,91.629474,6,2026-08-20 07:01:23,2026-08-20 07:08:52,2026-08-20 07:09:58,2026-08-20 07:17:35
3390,669,sos,critical,resolved,Legacy register entry: sos reported near Gangtok,27.333279,88.609964,4,2026-09-04 14:04:04,2026-09-04 14:06:18,2026-09-04 14:11:06,2026-09-04 14:50:18
3391,324,anomaly,high,acknowledged,Legacy register entry: anomaly reported near Nehru Park,26.188083,91.744186,,2026-08-06 15:32:22,2026-08-06 15:36:46,,
3392,514,anomaly,high,resolved,Legacy register entry: anomaly reported near Pan Bazaar,26.183354,91.747284,19,2026-08-04 03:07:25,2026-08-04 03:08:39,2026-08-04 03:10:23,2026-08-04 03:48:18
3393,618,sos,low,resolved,Legacy register entry: sos reported near Gauhati University,26.151905,91.668795,22,2026-08-30 08:11:01,2026-08-30 08:12:05,2026-08-30 08:14:52,2026-08-30 09:36:03
3394,319,geofence,low,resolved,Legacy register entry: geofence reported near Chandmari,26.18492,91.772999,6,2026-07-30 02:25:55,2026-07-30 02:27:15,2026-07-30 02:32:05,2026-07-30 02:38:31
3395,56,geofence,low,resolved,Legacy register entry: geofence reported near Hatigaon,26.132956,91.789782,21,2026-08-15 00:21:42,2026-08-15 00:23:31,2026-08-15 00:24:10,2026-08-15 00:29:36
3396,199,anomaly,low,acknowledged,Legacy register entry: anomaly reported near Paltan Bazaar,26.178006,91.754001,,2026-08-15 01:44:35,2026-08-15 01:47:42,,
3397,321,anomaly,high,resolved,Legacy register entry: anomaly reported near Gangtok,27.329368,88.617453,19,2026-08-26 22:38:28,2026-08-26 22:39:45,2026-08-26 22:45:26,2026-08-26 22:51:44
3398,80,geofence,medium,resolved,Legacy register entry: geofence reported near Majuli River Island,26.951251,94.169064,16,2026-09-05 05:13:24,2026-09-05 05:17:05,2026-09-05 05:17:57,2026-09-05 05:57:53
3399,184,missing_person,medium,resolved,Legacy register entry: missing person reported near Rehabari,26.174276,91.747854,19,2026-08-20 11:22:36,2026-08-20 11:23:27,2026-08-20 11:28:55,2026-08-20 12:42:41
3400,1,geofence,low,resolved,Legacy register entry: geofence reported near Amingaon,26.190451,91.656101,20,2026-07-22 20:38:33,2026-07-22 20:39:38,2026-07-22 20:45:42,2026-07-22 21:02:06
3401,395,anomaly,low,resolved,Legacy register entry: anomaly reported near Rehabari,26.178228,91.744055,1,2026-07-28 14:04:59,2026-07-28 14:07:07,2026-07-28 14:08:31,2026-07-28 14:20:39
3402,702,anomaly,medium,resolved,Legacy register entry: anomaly reported near Ziro Valley,27.547923,93.833507,7,2026-08-07 02:46:43,2026-08-07 02:47:45,2026-08-07 02:53:10,2026-08-07 03:13:46
3403,79,geofence,low,dispatched,Legacy register entry: geofence reported near Kamakhya Temple,26.165655,91.701618,15,2026-08-07 01:52:16,2026-08-07 01:54:53,2026-08-07 01:55:54,
3404,220,anomaly,high,acknowledged,Legacy register entry: anomaly reported near Jalukbari,26.151767,91.662087,,2026-07-28 20:03:14,2026-07-28 20:04:17,,
3405,70,anomaly,medium,resolved,Legacy register entry: anomaly reported near Brahmaputra Riverfront,26.186966,91.745628,19,2026-08-18 19:00:01,2026-08-18 19:00:31,2026-08-18 19:01:27,2026-08-18 19:17:23
3406,50,geofence,high,detected,Legacy register entry: geofence reported near Shillong,25.581237,91.891202,,2026-08-14 04:14:41,,,
3407,208,geofence,low,dispatched,Legacy register entry: geofence reported near Noonmati,26.174301,91.803061,4,2026-08-10 18:32:09,2026-08-10 18:35:35,2026-08-10 18:38:09,
3408,530,sos,low,resolved,Legacy register entry: sos reported near Manas National Park,26.698061,90.996409,21,2026-08-27 13:53:56,2026-08-27 13:56:06,2026-08-27 14:01:12,2026-08-27 14:23:49
3409,748,geofence,medium,resolved,Legacy register entry: geofence reported near Kahilipara,26.129926,91.758343,15,2026-08-23 18:56:58,2026-08-23 18:57:34,2026-08-23 19:03:11,2026-08-23 19:28:10
3410,556,geofence,critical,resolved,Legacy register entry: geofence reported near Jalukbari,26.150094,91.662815,6,2026-09-04 09:46:38,2026-09-04 09:47:08,2026-09-04 09:47:58,2026-09-04 09:59:56
3411,674,sos,low,resolved,Legacy register entry: sos reported near Guwahati Railway Station,26.183859,91.752307,9,2026-08-31 10:12:19,2026-08-31 10:12:55,2026-08-31 10:14:55,2026-08-31 10:25:24
3412,486,anomaly,critical,resolved,Legacy register entry: anomaly reported near Hajo Pilgrimage Town,26.251655,91.516902,6,2026-07-28 14:03:22,2026-07-28 14:06:23,2026-07-28 14:08:55,2026-07-28 15:09:12
3413,236,anomaly,medium,resolved,Legacy register entry: anomaly reported near Umananda Island,26.195907,91.744752,4,2026-08-27 08:19:55,2026-08-27 08:23:11,2026-08-27 08:23:33,2026-08-27 08:28:27
3414,327,geofence,medium,dispatched,Legacy register entry: geofence reported near Accoland Water Park,26.088578,91.587358,9,2026-08-13 04:50:07,2026-08-13 04:54:25,2026-08-13 04:55:41,
3415,211,sos,medium,resolved,"Legacy register entry: sos reported near Living Root Bridge, Nongriat",25.246971,91.717733,19,2026-08-25 02:17:00,2026-08-25 02:19:38,2026-08-25 02:20:45,2026-08-25 02:46:36
3416,639,sos,medium,resolved,Legacy register entry: sos reported near Tezpur,26.631818,92.801651,1,2026-07-26 22:37:53,2026-07-26 22:38:33,2026-07-26 22:39:17,2026-07-26 23:13:05
3417,697,anomaly,medium,resolved,Legacy register entry: anomaly reported near Digboi Oil Heritage,27.395856,95.616095,14,2026-08-19 02:07:57,2026-08-19 02:11:55,2026-08-19 02:31:08,2026-08-19 03:01:49
3418,303,sos,critical,resolved,Legacy register entry: sos reported near Basistha Temple,26.116763,91.796636,6,2026-08-10 10:51:01,2026-08-10 10:52:45,2026-08-10 10:54:45,2026-08-10 11:04:48
3419,31,geofence,medium,resolved,Legacy register entry: geofence reported near Amingaon,26.186534,91.659444,2,2026-08-12 16:03:48,2026-08-12 16:07:01,2026-08-12 16:11:30,2026-08-12 16:49:57
3420,84,sos,critical,resolved,Legacy register entry: sos reported near Narengi,26.17212,91.840244,5,2026-07-28 17:38:34,2026-07-28 17:40:00,2026-07-28 17:42:27,2026-07-28 18:01:56
3421,317,anomaly,high,resolved,Legacy register entry: anomaly reported near Digboi Oil Heritage,27.390009,95.62148,5,2026-08-16 06:30:22,2026-08-16 06:30:45,2026-08-16 06:31:10,2026-08-16 07:26:37
3422,737,sos,medium,resolved,Legacy register entry: sos reported near Rehabari,26.177074,91.750619,17,2026-08-07 11:40:44,2026-08-07 11:43:28,2026-08-07 11:46:22,2026-08-07 11:51:48
3423,164,anomaly,high,acknowledged,Legacy register entry: anomaly reported near Lokhra,26.108308,91.733337,,2026-08-19 19:45:40,2026-08-19 19:46:50,,
3424,657,geofence,high,resolved,Legacy register entry: geofence reported near Gangtok,27.333076,88.611819,15,2026-08-22 12:19:21,2026-08-22 12:22:42,2026-08-22 12:23:48,2026-08-22 12:43:50
3425,40,anomaly,low,resolved,Legacy register entry: anomaly reported near Pobitora Wildlife Sanctuary,26.231367,92.08601,17,2026-08-07 23:43:01,2026-08-07 23:44:33,2026-08-07 23:51:12,2026-08-07 23:55:47
3426,35,missing_person,high,resolved,Legacy register entry: missing person reported near Umananda Island,26.197014,91.742901,5,2026-08-14 14:53:34,2026-08-14 14:53:50,2026-08-14 14:59:23,2026-08-14 15:32:28
3427,219,anomaly,medium,resolved,Legacy register entry: anomaly reported near Fancy Bazaar,26.181299,91.743458,7,2026-07-24 05:53:09,2026-07-24 06:01:24,2026-07-24 06:02:52,2026-07-24 06:34:17
3428,404,geofence,high,resolved,Legacy register entry: geofence reported near Guwahati Planetarium,26.189258,91.762981,11,2026-08-12 03:46:22,2026-08-12 04:02:43,2026-08-12 04:04:30,2026-08-12 04:27:46
3429,473,anomaly,low,resolved,Legacy register entry: anomaly reported near Cherrapunji (Sohra),25.292246,91.675468,12,2026-09-01 10:25:41,2026-09-01 10:26:16,2026-09-01 10:32:02,2026-09-01 11:16:41
3430,216,anomaly,medium,dispatched,Legacy register entry: anomaly reported near Basistha Temple,26.114033,91.796894,21,2026-08-15 18:53:44,2026-08-15 18:55:55,2026-08-15 18:56:09,
3431,192,geofence,medium,resolved,Legacy register entry: geofence reported near Jorhat,26.754744,94.201973,3,2026-08-31 18:35:39,2026-08-31 18:37:43,2026-08-31 18:40:49,2026-08-31 18:52:15
3432,674,geofence,low,resolved,Legacy register entry: geofence reported near Hatigaon,26.133027,91.786259,4,2026-08-30 02:42:34,2026-08-30 02:46:49,2026-08-30 02:47:48,2026-08-30 03:04:50
3433,470,sos,medium,resolved,Legacy register entry: sos reported near Jalukbari,26.152275,91.661832,7,2026-09-03 21:49:09,2026-09-03 21:49:35,2026-09-03 21:55:36,2026-09-03 22:04:48
3434,523,anomaly,low,detected,Legacy register entry: anomaly reported near Gauhati University,26.153828,91.663962,,2026-08-13 09:31:36,,,
3435,693,anomaly,medium,resolved,Legacy register entry: anomaly reported near Navagraha Temple,26.17644,91.776314,18,2026-09-03 09:28:21,2026-09-03 09:31:02,2026-09-03 09:35:22,2026-09-03 09:47:31
3436,438,anomaly,medium,detected,Legacy register entry: anomaly reported near Mawlynnong Village,25.20235,91.915626,,2026-08-05 08:20:46,,,
3437,732,geofence,high,resolved,Legacy register entry: geofence reported near Navagraha Temple,26.171667,91.780161,9,2026-07-24 10:48:43,2026-07-24 10:51:28,2026-07-24 10:52:30,2026-07-24 11:38:32
3438,457,geofence,critical,acknowledged,Legacy register entry: geofence reported near Ganeshguri Junction,26.147955,91.78953,,2026-08-05 20:40:10,2026-08-05 20:41:06,,
3439,433,anomaly,medium,resolved,Legacy register entry: anomaly reported near Tawang Monastery,27.585299,91.861844,1,2026-08-21 08:11:16,2026-08-21 08:12:48,2026-08-21 08:18:30,2026-08-21 08:33:15
3440,73,anomaly,critical,resolved,Legacy register entry: anomaly reported near Gauhati University,26.148608,91.663043,6,2026-08-18 10:44:21,2026-08-18 10:48:10,2026-08-18 10:49:17,2026-08-18 11:22:39
3441,476,geofence,medium,resolved,Legacy register entry: geofence reported near Loktak Lake,24.533685,93.820688,12,2026-08-14 16:38:33,2026-08-14 16:39:38,2026-08-14 16:40:37,2026-08-14 17:14:23
3442,551,sos,medium,resolved,Legacy register entry: sos reported near Madan Kamdev Ruins,26.364007,91.637233,16,2026-08-19 04:09:47,2026-08-19 04:15:35,2026-08-19 04:15:55,2026-08-19 05:07:37
3443,29,anomaly,medium,resolved,Legacy register entry: anomaly reported near Paltan Bazaar,26.179535,91.7529,14,2026-07-24 01:31:02,2026-07-24 01:33:44,2026-07-24 01:42:06,2026-07-24 02:09:07
3444,601,sos,medium,resolved,Legacy register entry: sos reported near Amingaon,26.187347,91.65679,10,2026-08-16 11:16:51,2026-08-16 11:19:57,2026-08-16 11:25:20,2026-08-16 11:35:19
3445,684,missing_person,high,resolved,Legacy register entry: missing person reported near Saraighat Bridge,26.190489,91.672802,9,2026-08-03 03:21:00,2026-08-03 03:21:18,2026-08-03 03:23:33,2026-08-03 03:34:04
3446,689,sos,critical,dispatched,Legacy register entry: sos reported near Nohkalikai Falls,25.273348,91.685274,18,2026-08-17 03:11:44,2026-08-17 03:12:07,2026-08-17 03:13:58,
3447,632,anomaly,low,resolved,Legacy register entry: anomaly reported near Six Mile,26.135707,91.808803,13,2026-08-23 01:05:09,2026-08-23 01:05:54,2026-08-23 01:06:56,2026-08-23 01:36:43
3448,599,geofence,low,resolved,Legacy register entry: geofence reported near Zoo Road Tiniali,26.164305,91.780005,16,2026-07-28 18:51:17,2026-07-28 18:52:08,2026-07-28 18:56:53,2026-07-28 19:06:18
3449,10,anomaly,high,resolved,Legacy register entry: anomaly reported near Digboi Oil Heritage,27.390817,95.619458,7,2026-08-23 20:30:49,2026-08-23 20:31:48,2026-08-23 20:33:48,2026-08-23 21:19:40
3450,151,anomaly,low,resolved,Legacy register entry: anomaly reported near LGB International Airport,26.10283,91.584748,17,2026-08-28 10:14:21,2026-08-28 10:24:01,2026-08-28 10:26:56,2026-08-28 11:21:08
3451,312,sos,high,resolved,Legacy register entry: sos reported near Nehru Park,26.182663,91.749493,3,2026-07-25 17:44:48,2026-07-25 17:47:45,2026-07-25 17:56:12,2026-07-25 18:08:34
3452,359,sos,medium,dispatched,Legacy register entry: sos reported near Dzukou Valley,25.58366,94.051305,3,2026-08-03 15:10:49,2026-08-03 15:12:23,2026-08-03 15:12:46,
3453,459,sos,low,resolved,Legacy register entry: sos reported near Ganeshguri Junction,26.146683,91.792365,3,2026-09-04 20:27:45,2026-09-04 20:28:28,2026-09-04 20:34:53,2026-09-04 21:16:33
3454,461,anomaly,medium,resolved,Legacy register entry: anomaly reported near Imphal,24.81739,93.933313,6,2026-09-01 06:40:26,2026-09-01 06:41:21,2026-09-01 06:53:46,2026-09-01 07:03:49
3455,365,missing_person,critical,resolved,Legacy register entry: missing person reported near Hatigaon,26.139319,91.790428,22,2026-07-27 22:23:21,2026-07-27 22:23:46,2026-07-27 22:35:12,2026-07-27 22:54:17
3456,193,sos,low,detected,Legacy register entry: sos reported near Kahilipara,26.136769,91.765369,,2026-08-25 14:06:18,,,
3457,587,sos,high,resolved,Legacy register entry: sos reported near Tezpur,26.633692,92.798156,20,2026-08-23 21:49:06,2026-08-23 21:50:09,2026-08-23 21:51:59,2026-08-23 22:31:45
3458,740,sos,low,acknowledged,Legacy register entry: sos reported near Fancy Bazaar,26.185547,91.741911,,2026-09-03 12:34:21,2026-09-03 12:35:51,,
3459,257,geofence,low,resolved,Legacy register entry: geofence reported near Deepor Beel Wildlife Sanctuary,26.121809,91.646736,10,2026-07-30 17:27:09,2026-07-30 17:28:19,2026-07-30 17:30:42,2026-07-30 18:12:56
3460,263,anomaly,critical,resolved,Legacy register entry: anomaly reported near Chandubi Lake,25.932544,91.434291,8,2026-09-03 02:29:49,2026-09-03 02:32:05,2026-09-03 02:34:42,2026-09-03 02:49:28
3461,104,geofence,critical,resolved,Legacy register entry: geofence reported near Dighalipukhuri,26.186516,91.750667,19,2026-08-25 23:16:06,2026-08-25 23:16:58,2026-08-25 23:20:22,2026-08-25 23:30:19
3462,587,sos,medium,resolved,Legacy register entry: sos reported near Sivasagar,26.97904,94.640005,3,2026-08-29 05:03:16,2026-08-29 05:15:32,2026-08-29 05:16:20,2026-08-29 05:59:46
3463,134,anomaly,high,resolved,Legacy register entry: anomaly reported near Deepor Beel Wildlife Sanctuary,26.122054,91.649261,5,2026-08-25 16:22:16,2026-08-25 16:25:05,2026-08-25 16:26:32,2026-08-25 16:45:10
3464,407,anomaly,high,resolved,"Legacy register entry: anomaly reported near Living Root Bridge, Nongriat",25.247272,91.713755,15,2026-08-17 21:30:42,2026-08-17 21:31:07,2026-08-17 21:31:33,2026-08-17 22:40:21
3465,567,geofence,medium,resolved,Legacy register entry: geofence reported near Beltola Bazaar,26.126088,91.796603,18,2026-08-05 07:14:08,2026-08-05 07:15:33,2026-08-05 07:19:39,2026-08-05 07:33:00
3466,41,anomaly,high,resolved,Legacy register entry: anomaly reported near Chandubi Lake,25.930349,91.430636,16,2026-08-14 17:57:48,2026-08-14 17:59:02,2026-08-14 18:00:23,2026-08-14 18:07:48
3467,83,sos,high,resolved,Legacy register entry: sos reported near Silpukhuri,26.191649,91.769946,1,2026-07-25 22:38:04,2026-07-25 22:42:59,2026-07-25 22:43:24,2026-07-25 23:26:14
3468,191,sos,medium,resolved,Legacy register entry: sos reported near Hajo Pilgrimage Town,26.253128,91.516873,22,2026-07-28 19:43:32,2026-07-28 19:45:19,2026-07-28 19:47:12,2026-07-28 19:56:47
3469,243,sos,medium,resolved,Legacy register entry: sos reported near Accoland Water Park,26.086476,91.586923,9,2026-08-18 22:27:22,2026-08-18 22:29:50,2026-08-18 22:31:32,2026-08-18 23:15:44
3470,175,geofence,medium,resolved,Legacy register entry: geofence reported near Haflong,25.162909,93.019174,2,2026-08-11 10:20:59,2026-08-11 10:22:02,2026-08-11 10:26:07,2026-08-11 10:35:31
3471,78,geofence,medium,resolved,Legacy register entry: geofence reported near Nehru Park,26.18672,91.748273,19,2026-07-30 14:12:59,2026-07-30 14:14:54,2026-07-30 14:15:36,2026-07-30 14:21:02
3472,163,sos,low,resolved,Legacy register entry: sos reported near Nameri National Park,26.918003,92.877251,12,2026-08-26 17:49:04,2026-08-26 17:50:58,2026-08-26 17:52:54,2026-08-26 18:01:46
3473,449,anomaly,medium,resolved,Legacy register entry: anomaly reported near Uzan Bazar Ghat,26.193375,91.757649,6,2026-08-18 18:14:51,2026-08-18 18:20:00,2026-08-18 18:21:54,2026-08-18 18:36:26
3474,599,anomaly,high,resolved,Legacy register entry: anomaly reported near Shillong,25.575786,91.896793,12,2026-08-10 04:26:31,2026-08-10 04:29:14,2026-08-10 04:33:55,2026-08-10 05:00:52
3475,464,sos,medium,detected,Legacy register entry: sos reported near Kamakhya Temple,26.168347,91.709199,,2026-08-01 20:00:33,,,
3476,261,anomaly,low,resolved,Legacy register entry: anomaly reported near Bharalumukh,26.168834,91.733582,21,2026-07-26 13:05:35,2026-07-26 13:07:39,2026-07-26 13:09:47,2026-07-26 13:40:11
3477,395,anomaly,high,resolved,Legacy register entry: anomaly reported near Uzan Bazar Ghat,26.190145,91.761143,3,2026-07-25 12:21:41,2026-07-25 12:24:49,2026-07-25 12:26:17,2026-07-25 12:52:00
3478,491,geofence,low,resolved,Legacy register entry: geofence reported near Bharalumukh,26.172225,91.732584,13,2026-08-08 14:02:59,2026-08-08 14:04:41,2026-08-08 14:07:40,2026-08-08 14:17:48
3479,525,geofence,high,resolved,Legacy register entry: geofence reported near Narengi,26.171814,91.843482,13,2026-08-30 20:46:50,2026-08-30 20:48:49,2026-08-30 20:50:50,2026-08-30 20:52:22
3480,691,missing_person,low,resolved,Legacy register entry: missing person reported near Deepor Beel Wildlife Sanctuary,26.117152,91.648126,16,2026-09-02 02:35:02,2026-09-02 02:37:10,2026-09-02 02:37:46,2026-09-02 02:44:38
3481,77,anomaly,low,resolved,Legacy register entry: anomaly reported near Nameri National Park,26.92381,92.878199,11,2026-08-17 11:28:04,2026-08-17 11:30:36,2026-08-17 11:32:54,2026-08-17 12:04:42
3482,97,sos,medium,resolved,Legacy register entry: sos reported near Noonmati,26.175268,91.803588,16,2026-08-22 04:34:05,2026-08-22 04:35:06,2026-08-22 04:36:47,2026-08-22 04:39:15
3483,564,anomaly,medium,resolved,Legacy register entry: anomaly reported near Madan Kamdev Ruins,26.364436,91.637177,2,2026-08-06 16:54:54,2026-08-06 17:01:54,2026-08-06 17:02:39,2026-08-06 17:28:07
3484,79,geofence,high,resolved,Legacy register entry: geofence reported near Digboi Oil Heritage,27.395664,95.615522,3,2026-09-02 11:56:15,2026-09-02 12:00:39,2026-09-02 12:01:49,2026-09-02 12:12:01
3485,177,anomaly,low,resolved,Legacy register entry: anomaly reported near Hajo Pilgrimage Town,26.246167,91.518411,1,2026-08-02 07:19:30,2026-08-02 07:19:54,2026-08-02 07:24:14,2026-08-02 07:35:45
3486,67,anomaly,medium,resolved,Legacy register entry: anomaly reported near Chandubi Lake,25.930918,91.429528,21,2026-08-19 23:24:39,2026-08-19 23:25:31,2026-08-19 23:27:20,2026-08-19 23:39:41
3487,204,anomaly,medium,resolved,Legacy register entry: anomaly reported near Guwahati Planetarium,26.183153,91.762472,22,2026-07-26 20:00:00,2026-07-26 20:00:40,2026-07-26 20:01:42,2026-07-26 20:37:42
3488,219,missing_person,high,resolved,Legacy register entry: missing person reported near Amingaon,26.187424,91.660257,20,2026-08-09 10:00:37,2026-08-09 10:02:50,2026-08-09 10:05:14,2026-08-09 10:51:17
3489,487,anomaly,medium,resolved,Legacy register entry: anomaly reported near Paltan Bazaar,26.182515,91.751195,3,2026-07-29 11:13:51,2026-07-29 11:16:05,2026-07-29 11:18:20,2026-07-29 11:23:07
3490,432,geofence,low,resolved,Legacy register entry: geofence reported near Accoland Water Park,26.08773,91.590667,22,2026-07-28 01:35:42,2026-07-28 01:38:36,2026-07-28 01:40:44,2026-07-28 01:57:43
3491,144,missing_person,high,resolved,Legacy register entry: missing person reported near Umiam Lake,25.658744,91.885835,14,2026-07-27 22:45:12,2026-07-27 22:50:40,2026-07-27 22:52:02,2026-07-27 23:56:02
3492,696,geofence,medium,resolved,Legacy register entry: geofence reported near Dawki / Umngot River,25.189881,92.021821,10,2026-08-11 04:06:24,2026-08-11 04:07:44,2026-08-11 04:11:46,2026-08-11 04:19:09
3493,9,geofence,high,resolved,Legacy register entry: geofence reported near Zoo Road Tiniali,26.16785,91.778897,9,2026-09-04 17:10:22,2026-09-04 17:12:24,2026-09-04 17:14:43,2026-09-04 17:36:54
3494,43,geofence,medium,resolved,Legacy register entry: geofence reported near Dawki / Umngot River,25.190582,92.021253,13,2026-08-23 13:31:11,2026-08-23 13:33:55,2026-08-23 13:35:05,2026-08-23 13:53:52
3495,17,geofence,medium,resolved,Legacy register entry: geofence reported near Jorhat,26.754068,94.207484,8,2026-07-26 05:08:26,2026-07-26 05:09:18,2026-07-26 05:12:00,2026-07-26 05:27:50
3496,585,geofence,high,resolved,Legacy register entry: geofence reported near Zoo Road Tiniali,26.162728,91.783303,22,2026-08-14 12:15:01,2026-08-14 12:19:13,2026-08-14 12:21:11,2026-08-14 12:40:05
3497,501,anomaly,low,resolved,Legacy register entry: anomaly reported near Loktak Lake,24.53002,93.818238,12,2026-07-26 23:02:54,2026-07-26 23:23:25,2026-07-26 23:29:11,2026-07-26 23:37:30
3498,24,anomaly,medium,resolved,Legacy register entry: anomaly reported near Majuli River Island,26.9509,94.17218,20,2026-08-03 11:36:02,2026-08-03 11:36:35,2026-08-03 11:41:46,2026-08-03 12:26:03
3499,639,geofence,low,resolved,Legacy register entry: geofence reported near Maligaon,26.16012,91.676063,8,2026-08-27 19:11:18,2026-08-27 19:12:10,2026-08-27 19:14:23,2026-08-27 19:47:54
3500,506,geofence,medium,resolved,Legacy register entry: geofence reported near Beltola Bazaar,26.130566,91.802385,14,2026-07-29 05:05:53,2026-07-29 05:06:31,2026-07-29 05:08:52,2026-07-29 05:30:28
3501,218,sos,medium,detected,Legacy register entry: sos reported near Kaziranga National Park,26.575808,93.173893,,2026-08-26 16:04:53,,,
3502,486,anomaly,high,resolved,Legacy register entry: anomaly reported near Navagraha Temple,26.174327,91.775996,4,2026-07-27 21:02:52,2026-07-27 21:04:54,2026-07-27 21:08:10,2026-07-27 21:15:01
3503,370,geofence,low,resolved,Legacy register entry: geofence reported near Zoo Road Tiniali,26.162566,91.782342,10,2026-08-08 09:50:48,2026-08-08 09:54:46,2026-08-08 09:56:22,2026-08-08 10:05:35
3504,58,sos,high,resolved,Legacy register entry: sos reported near North Guwahati Ghat,26.196164,91.688021,8,2026-08-05 22:22:41,2026-08-05 22:23:52,2026-08-05 22:27:25,2026-08-05 22:37:14
3505,268,sos,medium,resolved,Legacy register entry: sos reported near Nameri National Park,26.91827,92.882183,17,2026-08-25 07:24:00,2026-08-25 07:27:39,2026-08-25 07:33:47,2026-08-25 08:16:29
3506,490,geofence,low,resolved,Legacy register entry: geofence reported near Assam State Museum,26.183599,91.750534,2,2026-08-23 11:21:35,2026-08-23 11:27:30,2026-08-23 11:28:59,2026-08-23 11:33:56
3507,373,sos,high,resolved,Legacy register entry: sos reported near Haflong,25.167138,93.018363,22,2026-09-02 00:23:47,2026-09-02 00:24:25,2026-09-02 00:27:36,2026-09-02 00:57:17
3508,394,anomaly,medium,resolved,Legacy register entry: anomaly reported near Ganeshguri Junction,26.145688,91.787369,1,2026-07-25 03:53:57,2026-07-25 04:02:49,2026-07-25 04:03:27,2026-07-25 04:26:58
3509,740,anomaly,medium,resolved,Legacy register entry: anomaly reported near Assam State Zoo & Botanical Garden,26.174965,91.785406,8,2026-09-02 05:04:08,2026-09-02 05:05:15,2026-09-02 05:07:00,2026-09-02 05:18:16
3510,113,anomaly,medium,resolved,Legacy register entry: anomaly reported near Nehru Park,26.189066,91.749599,3,2026-07-29 07:19:49,2026-07-29 07:20:59,2026-07-29 07:22:06,2026-07-29 07:37:05
3511,603,anomaly,high,resolved,Legacy register entry: anomaly reported near Srimanta Sankaradeva Kalakshetra,26.142875,91.805028,18,2026-08-10 22:10:54,2026-08-10 22:12:37,2026-08-10 22:12:55,2026-08-10 22:19:42
3512,532,anomaly,critical,resolved,Legacy register entry: anomaly reported near Loktak Lake,24.536878,93.814654,13,2026-08-01 07:57:10,2026-08-01 08:00:06,2026-08-01 08:02:03,2026-08-01 08:17:08
3513,385,sos,high,resolved,Legacy register entry: sos reported near Digboi Oil Heritage,27.392596,95.621374,18,2026-07-29 05:30:28,2026-07-29 05:31:26,2026-07-29 05:34:34,2026-07-29 05:43:33
3514,327,geofence,low,acknowledged,Legacy register entry: geofence reported near Six Mile,26.134649,91.805461,,2026-08-27 02:51:07,2026-08-27 02:52:32,,
3515,724,geofence,critical,resolved,Legacy register entry: geofence reported near Ganeshguri Junction,26.145062,91.793759,14,2026-08-27 18:54:16,2026-08-27 18:55:10,2026-08-27 19:10:15,2026-08-27 19:29:24
3516,140,anomaly,medium,resolved,Legacy register entry: anomaly reported near Ziro Valley,27.546171,93.832971,9,2026-07-27 21:33:22,2026-07-27 21:34:35,2026-07-27 21:37:39,2026-07-27 21:52:01
3517,140,geofence,medium,resolved,Legacy register entry: geofence reported near Ziro Valley,27.545663,93.829501,16,2026-08-01 23:06:03,2026-08-01 23:07:43,2026-08-01 23:09:05,2026-08-01 23:27:19
3518,424,anomaly,low,resolved,Legacy register entry: anomaly reported near Guwahati Medical College,26.15709,91.701029,13,2026-08-31 21:24:01,2026-08-31 21:25:04,2026-08-31 21:29:00,2026-08-31 21:48:19
3519,143,sos,high,resolved,Legacy register entry: sos reported near Basistha Temple,26.115294,91.79444,15,2026-08-24 16:09:27,2026-08-24 16:11:16,2026-08-24 16:26:33,2026-08-24 16:32:53
3520,740,geofence,high,resolved,Legacy register entry: geofence reported near Cherrapunji (Sohra),25.290087,91.675973,6,2026-08-25 10:49:37,2026-08-25 10:50:33,2026-08-25 10:51:38,2026-08-25 11:09:15
3521,92,sos,high,resolved,Legacy register entry: sos reported near Beltola Bazaar,26.130856,91.801844,20,2026-07-23 11:22:30,2026-07-23 11:22:56,2026-07-23 11:26:18,2026-07-23 11:39:01
3522,643,anomaly,low,dispatched,Legacy register entry: anomaly reported near Nameri National Park,26.923003,92.881635,5,2026-08-02 15:37:33,2026-08-02 15:39:48,2026-08-02 15:41:59,
3523,92,sos,medium,resolved,Legacy register entry: sos reported near Pobitora Wildlife Sanctuary,26.232026,92.082798,12,2026-08-08 11:33:29,2026-08-08 11:35:25,2026-08-08 11:39:15,2026-08-08 11:42:17
3524,70,anomaly,low,resolved,Legacy register entry: anomaly reported near Sualkuchi Silk Village,26.16472,91.56758,3,2026-08-02 21:19:17,2026-08-02 21:20:37,2026-08-02 21:22:12,2026-08-02 21:40:26
3525,160,anomaly,medium,resolved,Legacy register entry: anomaly reported near Guwahati Railway Station,26.180513,91.748845,4,2026-08-14 14:49:52,2026-08-14 14:52:46,2026-08-14 14:57:24,2026-08-14 15:10:35
3526,33,geofence,medium,resolved,Legacy register entry: geofence reported near Silpukhuri,26.19041,91.765939,18,2026-07-25 03:49:36,2026-07-25 03:51:07,2026-07-25 03:51:37,2026-07-25 04:03:33
3527,167,geofence,medium,dispatched,Legacy register entry: geofence reported near Maligaon,26.155571,91.682923,19,2026-08-18 07:55:43,2026-08-18 07:57:23,2026-08-18 08:03:53,
3528,224,anomaly,medium,resolved,Legacy register entry: anomaly reported near Narengi,26.176335,91.836571,1,2026-09-01 11:36:32,2026-09-01 11:39:29,2026-09-01 11:40:26,2026-09-01 11:51:34
3529,409,anomaly,medium,resolved,Legacy register entry: anomaly reported near Digboi Oil Heritage,27.395154,95.616553,5,2026-08-26 21:01:26,2026-08-26 21:02:15,2026-08-26 21:02:56,2026-08-26 21:31:53
3530,194,anomaly,high,resolved,Legacy register entry: anomaly reported near Narengi,26.172763,91.838649,18,2026-08-16 18:54:43,2026-08-16 18:57:38,2026-08-16 19:04:31,2026-08-16 19:16:18
3531,742,anomaly,critical,resolved,Legacy register entry: anomaly reported near North Guwahati Ghat,26.201334,91.689584,3,2026-08-04 12:00:38,2026-08-04 12:01:40,2026-08-04 12:27:28,2026-08-04 13:16:26
3532,505,anomaly,medium,resolved,Legacy register entry: anomaly reported near Nameri National Park,26.920391,92.882594,1,2026-08-28 17:43:44,2026-08-28 17:44:43,2026-08-28 17:51:58,2026-08-28 18:10:18
3533,585,geofence,medium,resolved,Legacy register entry: geofence reported near Basistha Temple,26.110797,91.800461,22,2026-07-25 02:46:49,2026-07-25 02:48:12,2026-07-25 02:51:36,2026-07-25 03:19:37
3534,576,anomaly,high,resolved,Legacy register entry: anomaly reported near Kamakhya Temple,26.162804,91.707634,9,2026-07-24 18:18:13,2026-07-24 18:19:07,2026-07-24 18:20:41,2026-07-24 18:45:55
3535,577,sos,low,resolved,Legacy register entry: sos reported near Kohima,25.677039,94.10992,21,2026-08-23 14:21:57,2026-08-23 14:24:27,2026-08-23 14:25:08,2026-08-23 14:59:05
3536,495,anomaly,medium,resolved,Legacy register entry: anomaly reported near Ziro Valley,27.543853,93.834475,17,2026-08-03 05:40:55,2026-08-03 05:43:57,2026-08-03 05:47:05,2026-08-03 06:30:02
3537,307,anomaly,medium,dispatched,Legacy register entry: anomaly reported near Brahmaputra Riverfront,26.194088,91.75032,22,2026-08-03 13:33:14,2026-08-03 13:34:26,2026-08-03 13:35:54,
3538,407,geofence,medium,resolved,Legacy register entry: geofence reported near Lokhra,26.101165,91.731687,9,2026-08-04 20:21:39,2026-08-04 20:22:27,2026-08-04 20:24:06,2026-08-04 20:32:27
3539,83,anomaly,medium,resolved,Legacy register entry: anomaly reported near Dzukou Valley,25.586011,94.048779,9,2026-08-01 02:55:19,2026-08-01 02:55:41,2026-08-01 03:00:13,2026-08-01 04:03:32
3540,319,geofence,critical,resolved,Legacy register entry: geofence reported near Dispur Secretariat,26.14164,91.790551,16,2026-09-02 02:39:23,2026-09-02 02:40:04,2026-09-02 02:41:28,2026-09-02 02:43:32
3541,352,anomaly,low,resolved,Legacy register entry: anomaly reported near Assam State Zoo & Botanical Garden,26.174422,91.787729,18,2026-07-31 01:43:20,2026-07-31 01:43:54,2026-07-31 01:48:32,2026-07-31 01:54:02
3542,58,sos,medium,resolved,Legacy register entry: sos reported near Imphal,24.813007,93.93796,1,2026-08-15 21:57:16,2026-08-15 21:57:59,2026-08-15 22:00:47,2026-08-15 22:18:26
3543,62,anomaly,high,resolved,Legacy register entry: anomaly reported near Maligaon,26.154286,91.680736,16,2026-08-05 02:06:20,2026-08-05 02:08:25,2026-08-05 02:08:55,2026-08-05 03:15:10
3544,44,geofence,low,resolved,Legacy register entry: geofence reported near Guwahati Medical College,26.155885,91.700731,3,2026-08-14 05:36:10,2026-08-14 05:36:52,2026-08-14 05:38:07,2026-08-14 06:51:14
3545,225,sos,medium,resolved,Legacy register entry: sos reported near Maligaon,26.154128,91.678185,2,2026-08-22 04:38:11,2026-08-22 04:39:52,2026-08-22 04:41:59,2026-08-22 04:59:03
3546,114,anomaly,medium,resolved,Legacy register entry: anomaly reported near Pan Bazaar,26.182806,91.744469,11,2026-08-12 16:13:40,2026-08-12 16:13:53,2026-08-12 16:14:39,2026-08-12 16:35:43
3547,465,geofence,medium,detected,Legacy register entry: geofence reported near Nohkalikai Falls,25.279468,91.687488,,2026-07-27 03:02:14,,,
3548,283,anomaly,medium,resolved,Legacy register entry: anomaly reported near Srimanta Sankaradeva Kalakshetra,26.144612,91.808578,12,2026-08-17 14:48:36,2026-08-17 14:50:11,2026-08-17 14:56:41,2026-08-17 15:17:35
3549,625,geofence,medium,resolved,Legacy register entry: geofence reported near Nameri National Park,26.917697,92.879619,14,2026-08-20 21:48:18,2026-08-20 21:54:04,2026-08-20 21:58:44,2026-08-20 23:10:55
