lat,lng,type,severity
26.140779,91.793151,anomaly,high
26.140265,91.792164,anomaly,high
26.120941,91.650065,geofence,critical
26.181947,91.75827,anomaly,high
26.177389,91.753573,anomaly,high
26.137362,91.805987,anomaly,high
26.183741,91.752888,anomaly,high
26.10535,91.584885,anomaly,high
26.105824,91.584969,anomaly,high
26.105476,91.58678,anomaly,high
26.187343,91.751441,anomaly,high
26.187058,91.755281,anomaly,high
26.185096,91.762057,geofence,critical
26.186765,91.748364,anomaly,high
26.104993,91.585999,anomaly,high
26.105569,91.585685,anomaly,high
26.18398,91.750561,anomaly,high
26.095213,91.606281,anomaly,high
26.105683,91.586475,anomaly,high
26.106466,91.586315,anomaly,high
26.189548,91.755799,anomaly,high
26.18925,91.755285,anomaly,high
26.185625,91.763103,geofence,critical
26.194051,91.748015,anomaly,high
26.185624,91.763083,geofence,critical
26.180666,91.743414,anomaly,high
26.183162,91.753315,anomaly,high
26.182983,91.752492,anomaly,high
26.173561,91.760377,anomaly,high
26.121014,91.820761,anomaly,high
26.184511,91.752353,anomaly,high
26.18319,91.752348,anomaly,high
26.184288,91.751637,anomaly,high
26.166818,91.769908,anomaly,high
26.120233,91.650074,geofence,critical
26.105531,91.583507,anomaly,high
26.183841,91.752368,anomaly,high
26.184169,91.751993,anomaly,high
26.107675,91.587317,anomaly,high
26.106356,91.58699,anomaly,high
26.107089,91.586927,anomaly,high
26.104531,91.583565,anomaly,high
26.104079,91.582343,sos,critical
26.181524,91.743154,anomaly,high
26.184899,91.762733,geofence,critical
26.180946,91.742502,anomaly,high
26.182388,91.745043,anomaly,high
26.182112,91.752124,anomaly,high
26.107708,91.585539,anomaly,high
26.105067,91.587725,anomaly,high
26.104867,91.586483,anomaly,high
26.097982,91.603627,anomaly,high
26.118732,91.65015,geofence,critical
26.177102,91.751741,anomaly,high
26.16631,91.564455,anomaly,high
26.179452,91.785616,anomaly,high
26.181652,91.745066,anomaly,high
26.176599,91.726559,anomaly,high
26.18528,91.763263,geofence,critical
26.184255,91.750098,anomaly,high
26.220609,91.785102,anomaly,high
26.186336,91.763197,geofence,critical
26.181176,91.752891,anomaly,high
26.183305,91.749465,anomaly,high
26.183514,91.749574,anomaly,high
26.183962,91.749994,anomaly,high
26.171657,91.720278,anomaly,high
26.106555,91.586684,anomaly,high
26.18669,91.750485,anomaly,high
26.179901,91.753812,anomaly,high
26.186185,91.751507,anomaly,high
26.190442,91.749174,anomaly,high
26.185039,91.748118,anomaly,high
26.166093,91.567126,anomaly,high
26.156569,91.784455,anomaly,high
26.138097,91.778727,anomaly,high
26.089582,91.590071,anomaly,high
26.176547,91.784778,anomaly,high
26.107492,91.586243,anomaly,high
26.107681,91.585633,anomaly,high
26.107892,91.586526,anomaly,high
26.106965,91.586017,anomaly,high
26.104943,91.586537,anomaly,high
26.104602,91.586933,anomaly,high
26.10475,91.586417,anomaly,high
26.185755,91.762105,geofence,critical
26.105634,91.586105,anomaly,high
26.105835,91.585723,missing_person,critical
26.185789,91.763897,geofence,critical
26.187258,91.753038,anomaly,high
26.139371,91.778676,anomaly,high
26.0955,91.606758,anomaly,high
26.12015,91.650148,geofence,critical
26.180179,91.785145,anomaly,high
26.092194,91.590208,anomaly,high
26.118802,91.649758,geofence,critical
26.150472,91.769743,anomaly,high
26.138401,91.778912,anomaly,high
26.185479,91.747595,anomaly,high
26.185788,91.74766,anomaly,high
26.183047,91.753443,anomaly,high
26.182897,91.753886,anomaly,high
26.183998,91.750341,anomaly,high
26.183534,91.750333,anomaly,high
26.184126,91.750499,anomaly,high
26.168064,91.768715,anomaly,high
26.173993,91.777847,geofence,critical
26.168699,91.776809,anomaly,high
26.183591,91.749341,anomaly,high
26.184623,91.749652,anomaly,high
26.10668,91.587717,anomaly,high
26.184665,91.750235,anomaly,high
26.184408,91.749965,anomaly,high
26.148094,91.772347,anomaly,high
26.180728,91.762093,geofence,critical
26.180931,91.762711,anomaly,high
26.167973,91.566669,anomaly,high
26.167799,91.566762,anomaly,high
26.120421,91.651026,geofence,critical
26.178639,91.785071,anomaly,high
26.178322,91.784824,anomaly,high
26.168337,91.767277,anomaly,high
26.107971,91.585146,anomaly,high
26.185134,91.762403,geofence,critical
26.176494,91.762199,geofence,critical
26.199092,91.601543,anomaly,high
26.158249,91.711925,anomaly,high
26.18796,91.747866,anomaly,high
26.184869,91.763562,geofence,critical
26.186892,91.745278,anomaly,high
26.18564,91.744127,anomaly,high
26.18641,91.763081,geofence,critical
26.182173,91.746275,anomaly,high
26.137749,91.712196,anomaly,high
26.179961,91.765429,geofence,critical
26.168535,91.564506,anomaly,high
26.191979,91.745824,anomaly,high
26.1844,91.751719,anomaly,high
26.183762,91.751944,anomaly,high
26.176127,91.753042,anomaly,high
26.169722,91.76153,sos,critical
26.18566,91.762451,geofence,critical
26.185386,91.755184,anomaly,high
26.176312,91.805129,anomaly,high
26.146132,91.785898,anomaly,high
26.177902,91.786289,anomaly,high
26.183187,91.741914,anomaly,high
26.174035,91.720791,anomaly,high
26.114654,91.635766,anomaly,high
26.120596,91.649489,geofence,critical
26.183951,91.751973,anomaly,high
26.178012,91.787381,anomaly,high
26.18384,91.753532,anomaly,high
26.183968,91.750644,anomaly,high
26.126862,91.799454,anomaly,high
26.176997,91.748283,anomaly,high
26.176559,91.74761,anomaly,high
26.160394,91.727157,anomaly,high
26.175709,91.747137,anomaly,high
26.175719,91.747273,anomaly,high
26.170162,91.746081,anomaly,high
26.178971,91.76702,anomaly,high
26.178971,91.76702,geofence,critical
26.186152,91.762793,geofence,critical
26.172245,91.722904,anomaly,high
26.189254,91.662225,anomaly,high
26.175835,91.749625,anomaly,high
26.104927,91.583898,anomaly,high
26.120831,91.650241,geofence,critical
26.176726,91.78638,anomaly,high
26.120752,91.649418,geofence,critical
26.178364,91.786757,anomaly,high
26.116932,91.817627,anomaly,high
26.187866,91.742826,anomaly,high
26.174596,91.777756,geofence,critical
26.106853,91.58425,anomaly,high
26.105811,91.584273,anomaly,high
26.105543,91.584534,anomaly,high
26.184948,91.762672,geofence,critical
26.176677,91.749018,anomaly,high
26.177172,91.749252,anomaly,high
26.177144,91.786088,anomaly,high
26.188617,91.749591,anomaly,high
26.185886,91.747998,anomaly,high
26.184368,91.76216,geofence,critical
26.18651,91.748358,anomaly,high
26.189098,91.748711,anomaly,high
26.166935,91.567725,anomaly,high
26.184732,91.750924,anomaly,high
26.184059,91.750789,anomaly,high
26.184447,91.75046,anomaly,high
26.187396,91.754916,anomaly,high
26.184794,91.752121,anomaly,high
26.184648,91.750234,anomaly,high
26.175929,91.753979,anomaly,high
26.158768,91.77751,anomaly,high
26.183457,91.752922,anomaly,high
26.183621,91.753204,anomaly,high
26.184777,91.751348,anomaly,high
26.091247,91.590054,anomaly,high
26.177031,91.784311,anomaly,high
26.18411,91.752244,anomaly,high
26.183604,91.760002,anomaly,high
26.185098,91.762057,geofence,critical
26.182687,91.755609,anomaly,high
26.180631,91.753028,anomaly,high
26.187188,91.746804,anomaly,high
26.189067,91.750836,anomaly,high
26.177616,91.769603,geofence,critical
26.145825,91.696797,anomaly,high
26.159715,91.782048,anomaly,high
26.158504,91.78206,anomaly,high
26.184414,91.749724,anomaly,high
26.183596,91.749041,anomaly,high
26.10617,91.586943,anomaly,high
26.10601,91.585987,anomaly,high
26.107702,91.586555,anomaly,high
26.138034,91.799238,anomaly,high
26.184399,91.75282,anomaly,high
26.224887,91.714391,anomaly,high
26.165105,91.768055,fall_detected,critical
26.106836,91.587073,anomaly,high
26.19504,91.745555,anomaly,high
26.097655,91.605934,anomaly,high
26.176037,91.78454,anomaly,high
26.156293,91.795595,anomaly,high
26.186028,91.740774,anomaly,high
26.105927,91.586883,anomaly,high
26.107063,91.587182,anomaly,high
26.107202,91.586773,anomaly,high
26.169141,91.769692,anomaly,high
26.097725,91.603529,anomaly,high
26.120701,91.649301,geofence,critical
26.211375,91.75102,anomaly,high
26.176755,91.784827,anomaly,high
26.121466,91.650477,geofence,critical
26.144459,91.791767,sos,critical
26.18747,91.748887,anomaly,high
26.185262,91.763538,geofence,critical
26.192819,91.749028,anomaly,high
26.161194,91.727469,anomaly,high
26.181577,91.752666,anomaly,high
26.178788,91.753959,anomaly,high
26.165518,91.568323,anomaly,high
26.165092,91.568586,anomaly,high
26.150331,91.785849,anomaly,high
26.178549,91.787836,anomaly,high
26.119603,91.648295,anomaly,high
26.120348,91.64984,geofence,critical
26.182626,91.753335,anomaly,high
26.106554,91.584533,anomaly,high
26.112728,91.634578,anomaly,high
26.119838,91.64874,geofence,critical
26.179066,91.788326,anomaly,high
26.180814,91.752766,anomaly,high
26.18034,91.753048,anomaly,high
26.1075,91.586096,anomaly,high
26.180439,91.744535,anomaly,high
26.180316,91.746129,anomaly,high
26.175753,91.777735,geofence,critical
26.17911,91.751914,anomaly,high
26.177481,91.799508,anomaly,high
26.104564,91.584742,anomaly,high
26.179834,91.786764,anomaly,high
26.121313,91.649014,geofence,critical
26.177545,91.787048,anomaly,high
26.176139,91.760447,anomaly,high
26.185859,91.748247,anomaly,high
26.183665,91.749884,anomaly,high
26.183649,91.749907,anomaly,high
26.170736,91.772608,anomaly,high
26.166816,91.567248,anomaly,high
26.113245,91.63526,anomaly,high
26.119335,91.649496,geofence,critical
26.175095,91.762549,anomaly,high
26.175095,91.762549,geofence,critical
26.105089,91.584976,anomaly,high
26.147446,91.781221,anomaly,high
26.174912,91.777798,geofence,critical
26.184664,91.750976,anomaly,high
26.184411,91.750948,anomaly,high
26.105494,91.584308,anomaly,high
26.145382,91.797014,anomaly,high
26.161789,91.727379,anomaly,high
26.106977,91.586944,anomaly,high
26.18183,91.768287,geofence,critical
26.181178,91.768151,anomaly,high
26.120618,91.649574,geofence,critical
26.111301,91.635035,anomaly,high
26.095598,91.605411,anomaly,high
26.119371,91.650011,geofence,critical
26.110899,91.636577,anomaly,high
26.176187,91.786302,anomaly,high
26.095861,91.604677,anomaly,high
26.119709,91.649826,geofence,critical
26.186484,91.744401,anomaly,high
26.174008,91.777592,geofence,critical
26.195512,91.744299,sos,critical
26.10764,91.587154,anomaly,high
26.182936,91.751983,anomaly,high
26.182939,91.752305,anomaly,high
26.107053,91.586829,anomaly,high
26.105853,91.584926,anomaly,high
26.183403,91.752636,anomaly,high
26.182952,91.753173,anomaly,high
26.172099,91.760449,sos,critical
26.183941,91.752536,anomaly,high
26.183961,91.753294,anomaly,high
26.175015,91.774215,geofence,critical
26.166369,91.565466,anomaly,high
26.181145,91.769656,anomaly,high
26.181145,91.769656,geofence,critical
26.183385,91.744047,anomaly,high
26.183272,91.741692,anomaly,high
26.184429,91.752764,anomaly,high
26.184363,91.7526,anomaly,high
26.119204,91.650828,geofence,critical
26.179838,91.786447,anomaly,high
26.184367,91.753729,anomaly,high
26.152998,91.784817,anomaly,high
26.107036,91.587037,anomaly,high
26.119529,91.649791,geofence,critical
26.09958,91.60282,anomaly,high
26.176244,91.788149,anomaly,high
26.12015,91.651006,geofence,critical
26.121576,91.652257,anomaly,high
26.18345,91.752728,anomaly,high
26.184139,91.752623,anomaly,high
26.164446,91.566527,anomaly,high
26.176843,91.785943,anomaly,high
26.111404,91.633849,anomaly,high
26.11949,91.65081,geofence,critical
26.105847,91.585141,anomaly,high
26.135638,91.785456,anomaly,high
26.106621,91.587932,anomaly,high
26.183995,91.751474,anomaly,high
26.184212,91.751998,anomaly,high
26.184111,91.752145,anomaly,high
26.184443,91.751277,anomaly,high
26.167408,91.844761,anomaly,high
26.186235,91.750803,anomaly,high
26.187362,91.750198,anomaly,high
26.181192,91.756327,anomaly,high
26.184567,91.762592,geofence,critical
26.183739,91.751979,anomaly,high
26.185846,91.763907,geofence,critical
26.187753,91.747829,anomaly,high
26.192401,91.747564,anomaly,high
26.147365,91.756568,anomaly,high
26.106773,91.587789,anomaly,high
26.181977,91.753624,anomaly,high
26.180964,91.753319,anomaly,high
26.164524,91.566184,anomaly,high
26.096833,91.604702,anomaly,high
26.11958,91.650591,geofence,critical
26.184218,91.750409,anomaly,high
26.183479,91.75346,anomaly,high
26.11987,91.649108,geofence,critical
26.179072,91.787469,anomaly,high
26.120701,91.649044,geofence,critical
26.111893,91.633859,anomaly,high
26.177146,91.78705,anomaly,high
26.181862,91.744594,anomaly,high
26.182488,91.751781,anomaly,high
26.185627,91.763019,geofence,critical
26.184004,91.751075,anomaly,high
26.17697,91.755015,anomaly,high
26.166001,91.56636,anomaly,high
26.183817,91.753391,anomaly,high
26.184194,91.752913,anomaly,high
26.1845,91.752502,anomaly,high
26.185736,91.762436,geofence,critical
26.177146,91.757473,anomaly,high
26.166508,91.565518,anomaly,high
26.1875,91.769317,anomaly,high
26.182587,91.745781,anomaly,high
26.10435,91.587129,anomaly,high
26.108018,91.585664,anomaly,high
26.107684,91.728534,anomaly,high
26.191951,91.74768,anomaly,high
26.18654,91.749737,anomaly,high
26.186024,91.763505,geofence,critical
26.16531,91.767501,anomaly,high
26.1042,91.585242,anomaly,high
26.219029,91.753401,anomaly,high
26.164195,91.745311,anomaly,high
26.105801,91.584561,anomaly,high
26.088221,91.589071,anomaly,high
26.172492,91.713318,anomaly,high
26.106443,91.58549,anomaly,high
26.184751,91.748039,anomaly,high
26.186313,91.750839,anomaly,high
26.181601,91.742798,anomaly,high
26.107081,91.587364,anomaly,high
26.106809,91.58792,anomaly,high
26.179345,91.783961,anomaly,high
26.180049,91.784568,anomaly,high
26.11913,91.650247,anomaly,high
26.12055,91.649031,geofence,critical
26.107792,91.587063,anomaly,high
26.098839,91.604998,anomaly,high
26.104922,91.586927,anomaly,high
26.105208,91.587587,anomaly,high
26.105411,91.587127,anomaly,high
26.184263,91.751154,anomaly,high
26.189094,91.751387,anomaly,high
26.105718,91.586155,anomaly,high
26.105229,91.586616,anomaly,high
26.106263,91.585694,anomaly,high
26.105861,91.587369,anomaly,high
26.167501,91.769703,anomaly,high
26.183356,91.752132,anomaly,high
26.184234,91.749363,anomaly,high
26.184351,91.749909,anomaly,high
26.178372,91.741618,anomaly,high
26.181423,91.74475,anomaly,high
26.18127,91.751012,anomaly,high
26.106771,91.585137,anomaly,high
26.18472,91.750284,anomaly,high
26.184581,91.749571,anomaly,high
26.180395,91.762169,geofence,critical
26.162413,91.784132,anomaly,high
26.16666,91.568501,anomaly,high
26.186429,91.74784,anomaly,high
26.105522,91.586945,anomaly,high
26.10613,91.586422,anomaly,high
26.091034,91.58766,anomaly,high
26.106025,91.587778,anomaly,high
26.181513,91.736644,sos,critical
26.147718,91.784625,anomaly,high
26.173019,91.762039,geofence,critical
26.105999,91.585838,anomaly,high
26.172557,91.755016,anomaly,high
26.090344,91.591497,anomaly,high
26.177825,91.751995,anomaly,high
26.166777,91.568838,anomaly,high
26.106793,91.586782,anomaly,high
26.184215,91.752554,anomaly,high
26.107949,91.587365,anomaly,high
26.127468,91.800613,anomaly,high
26.183576,91.753054,anomaly,high
26.183285,91.752813,anomaly,high
26.183271,91.748603,anomaly,high
26.184249,91.748924,anomaly,high
26.184674,91.752051,anomaly,high
26.184431,91.751336,anomaly,high
26.149354,91.787492,anomaly,high
26.181828,91.75023,sos,critical
26.18742,91.734321,anomaly,high
26.089198,91.589957,anomaly,high
26.08979,91.590805,anomaly,high
26.173484,91.722145,anomaly,high
26.150194,91.663057,anomaly,high
26.12048,91.649411,geofence,critical
26.17665,91.785001,anomaly,high
26.107875,91.587088,anomaly,high
26.107978,91.587173,anomaly,high
26.107983,91.587384,anomaly,high
26.104427,91.583594,anomaly,high
26.184091,91.744755,anomaly,high
26.164521,91.566533,anomaly,high
26.175139,91.777922,geofence,critical
26.105503,91.583723,anomaly,high
26.185068,91.747777,anomaly,high
26.166616,91.567612,anomaly,high
26.104212,91.585753,anomaly,high
26.104031,91.58666,anomaly,high
26.104261,91.586423,anomaly,high
26.177343,91.785774,anomaly,high
26.165974,91.566704,anomaly,high
26.107027,91.585227,anomaly,high
26.107142,91.584462,anomaly,high
26.142005,91.795004,anomaly,high
26.145085,91.794157,anomaly,high
26.106454,91.586797,anomaly,high
26.149924,91.778461,missing_person,critical
26.184016,91.75013,anomaly,high
26.184355,91.75033,anomaly,high
26.184354,91.749506,anomaly,high
26.184047,91.750141,anomaly,high
26.184528,91.749632,anomaly,high
26.183641,91.748871,anomaly,high
26.172246,91.764879,geofence,critical
26.16594,91.565525,anomaly,high
26.185948,91.763145,geofence,critical
26.180395,91.759653,anomaly,high
26.121156,91.813583,anomaly,high
26.185686,91.762455,geofence,critical
26.170364,91.776034,anomaly,high
26.096136,91.604592,anomaly,high
26.120857,91.650462,geofence,critical
26.181841,91.753266,anomaly,high
26.167278,91.566601,anomaly,high
26.177513,91.752388,anomaly,high
26.173511,91.762229,geofence,critical
26.158522,91.783865,anomaly,high
26.187197,91.758365,anomaly,high
26.186317,91.762275,geofence,critical
26.184864,91.750634,anomaly,high
26.184113,91.751151,anomaly,high
26.118748,91.648673,geofence,critical
26.18398,91.751353,anomaly,high
26.136397,91.803475,anomaly,high
26.119795,91.65114,geofence,critical
26.098466,91.604213,anomaly,high
26.175938,91.787226,anomaly,high
26.158244,91.747033,anomaly,high
26.184214,91.749348,anomaly,high
26.184139,91.749622,anomaly,high
26.184398,91.749133,anomaly,high
26.185589,91.763382,geofence,critical
26.186898,91.748387,anomaly,high
26.104253,91.585994,anomaly,high
26.106828,91.584771,anomaly,high
26.120067,91.657493,anomaly,high
26.183771,91.753425,anomaly,high
26.168326,91.567519,anomaly,high
26.14631,91.792709,anomaly,high
26.105385,91.584286,anomaly,high
26.104619,91.584286,anomaly,high
26.105124,91.584435,anomaly,high
26.106905,91.585744,anomaly,high
26.105373,91.585317,anomaly,high
26.144432,91.795632,anomaly,high
26.136181,91.806708,anomaly,high
26.105255,91.587697,anomaly,high
26.170348,91.766939,fall_detected,critical
26.166785,91.565524,anomaly,high
26.1884,91.750566,anomaly,high
26.161642,91.727778,anomaly,high
26.144308,91.791896,anomaly,high
26.106394,91.58389,anomaly,high
26.111721,91.635871,anomaly,high
26.11998,91.649429,geofence,critical
26.106997,91.584649,anomaly,high
26.164322,91.767734,anomaly,high
26.174133,91.777764,geofence,critical
26.104297,91.584496,anomaly,high
26.151397,91.786049,anomaly,high
26.185498,91.763408,geofence,critical
26.177635,91.735514,anomaly,high
26.170892,91.719442,anomaly,high
26.180352,91.739066,anomaly,high
26.171586,91.719677,anomaly,high
26.184236,91.75167,anomaly,high
26.113868,91.633759,anomaly,high
26.119799,91.649612,geofence,critical
26.18423,91.750333,anomaly,high
26.182231,91.743331,anomaly,high
26.176553,91.762012,geofence,critical
26.168491,91.566133,anomaly,high
26.090898,91.591205,anomaly,high
26.104346,91.584223,anomaly,high
26.104422,91.584753,anomaly,high
26.10345,91.584275,anomaly,high
26.189876,91.753706,anomaly,high
26.188537,91.747852,sos,critical
26.120538,91.649866,geofence,critical
26.17934,91.786975,anomaly,high
26.180062,91.787701,anomaly,high
26.182489,91.750191,anomaly,high
26.185609,91.763619,geofence,critical
26.182544,91.750318,anomaly,high
26.184098,91.75996,anomaly,high
26.179541,91.757704,anomaly,high
26.192997,91.817518,anomaly,high
26.171159,91.716142,anomaly,high
26.149194,91.698211,anomaly,high
26.185435,91.746563,anomaly,high
26.181697,91.743403,anomaly,high
26.184577,91.750738,anomaly,high
26.105952,91.585067,anomaly,high
26.10653,91.584651,anomaly,high
26.106551,91.584962,anomaly,high
26.177423,91.753942,anomaly,high
26.177723,91.753543,anomaly,high
26.157438,91.784998,anomaly,high
26.186756,91.748898,anomaly,high
26.187548,91.748994,anomaly,high
26.187239,91.748998,anomaly,high
26.190407,91.747751,anomaly,high
26.216031,91.700832,anomaly,high
26.190207,91.747191,anomaly,high
26.185852,91.745154,anomaly,high
26.189293,91.74804,anomaly,high
26.147594,91.781837,anomaly,high
26.10413,91.586545,anomaly,high
26.104799,91.58614,anomaly,high
26.143416,91.799115,anomaly,high
26.186077,91.763479,geofence,critical
26.184324,91.750051,anomaly,high
26.146116,91.737515,anomaly,high
26.184078,91.753192,anomaly,high
26.177239,91.786215,anomaly,high
26.113762,91.636526,anomaly,high
26.119422,91.650223,geofence,critical
26.119935,91.650178,geofence,critical
26.176754,91.784303,anomaly,high
26.119353,91.65084,geofence,critical
26.096013,91.603274,anomaly,high
26.176349,91.78594,anomaly,high
26.184252,91.751442,anomaly,high
26.166803,91.565665,anomaly,high
26.182774,91.753068,anomaly,high
26.098961,91.607245,anomaly,high
26.119624,91.650315,geofence,critical
26.176364,91.785677,anomaly,high
26.151099,91.785236,anomaly,high
26.210445,91.714613,anomaly,high
26.176571,91.750309,anomaly,high
26.173958,91.733032,anomaly,high
26.214467,91.808677,anomaly,high
26.166229,91.566305,anomaly,high
26.166085,91.566357,anomaly,high
26.18365,91.749269,anomaly,high
26.107112,91.584078,anomaly,high
26.165744,91.567199,anomaly,high
26.164482,91.75273,anomaly,high
26.183908,91.752631,anomaly,high
26.182935,91.753493,anomaly,high
26.112764,91.633404,anomaly,high
26.119542,91.6496,geofence,critical
26.111055,91.628008,anomaly,high
26.178355,91.753052,anomaly,high
26.108216,91.584126,anomaly,high
26.110915,91.635961,anomaly,high
26.119552,91.64963,geofence,critical
26.178928,91.784587,anomaly,high
26.171244,91.768754,anomaly,high
26.175507,91.777948,geofence,critical
26.167002,91.75959,sos,critical
26.180856,91.753446,anomaly,high
26.167191,91.77848,anomaly,high
26.185134,91.762758,geofence,critical
26.119362,91.649606,geofence,critical
26.224744,91.794829,anomaly,high
26.172002,91.7621,anomaly,high
26.172002,91.7621,geofence,critical
26.107535,91.587561,anomaly,high
26.106899,91.587541,anomaly,high
26.112334,91.634207,anomaly,high
26.119171,91.650781,geofence,critical
26.133019,91.747676,anomaly,high
26.144806,91.782153,anomaly,high
26.175656,91.748081,anomaly,high
26.148377,91.787724,sos,critical
26.148201,91.785514,anomaly,high
26.105854,91.586854,anomaly,high
26.164509,91.731595,anomaly,high
26.180977,91.74081,anomaly,high
26.119397,91.650643,geofence,critical
26.15121,91.728708,anomaly,high
26.128874,91.765888,anomaly,high
26.118921,91.650333,geofence,critical
26.179837,91.787948,anomaly,high
26.184569,91.752789,anomaly,high
26.184479,91.751866,anomaly,high
26.181511,91.753485,anomaly,high
26.181511,91.753264,anomaly,high
26.107556,91.585513,anomaly,high
26.184512,91.751436,anomaly,high
26.18427,91.75209,anomaly,high
26.067227,91.631362,anomaly,high
26.106169,91.58725,anomaly,high
26.177354,91.785026,anomaly,high
26.103783,91.585661,anomaly,high
26.175304,91.757831,anomaly,high
26.184386,91.752536,anomaly,high
26.184396,91.752061,anomaly,high
26.106396,91.585462,anomaly,high
26.136599,91.784981,anomaly,high
26.175258,91.777845,geofence,critical
26.135802,91.784734,anomaly,high
26.1042,91.585626,anomaly,high
26.106861,91.586517,anomaly,high
26.105916,91.586387,anomaly,high
26.106601,91.586306,anomaly,high
26.10741,91.588028,anomaly,high
26.180615,91.753198,anomaly,high
26.180569,91.745993,anomaly,high
26.106958,91.585724,anomaly,high
26.179316,91.753195,anomaly,high
26.178863,91.787064,anomaly,high
26.183365,91.750203,anomaly,high
26.106197,91.586059,anomaly,high
26.106566,91.586804,anomaly,high
26.153226,91.66737,anomaly,high
26.106158,91.587392,anomaly,high
26.1807,91.753553,anomaly,high
26.119774,91.649997,geofence,critical
26.10605,91.584147,anomaly,high
26.10595,91.585869,anomaly,high
26.106835,91.585634,anomaly,high
26.107929,91.586646,anomaly,high
26.104502,91.585485,anomaly,high
26.107534,91.586735,anomaly,high
26.106611,91.587516,anomaly,high
26.143512,91.791217,anomaly,high
26.185349,91.762815,geofence,critical
26.189462,91.748606,anomaly,high
26.186926,91.755319,anomaly,high
26.105375,91.585021,anomaly,high
26.125509,91.775275,anomaly,high
26.09982,91.603838,anomaly,high
26.12103,91.650673,geofence,critical
26.179093,91.785734,anomaly,high
26.095823,91.606096,anomaly,high
26.120352,91.649303,geofence,critical
26.184473,91.748903,anomaly,high
26.217495,91.720292,anomaly,high
26.184038,91.750367,anomaly,high
26.184784,91.74953,anomaly,high
26.106845,91.5867,anomaly,high
26.106722,91.587945,anomaly,high
26.184643,91.751259,anomaly,high
26.184789,91.752636,anomaly,high
26.184037,91.751853,anomaly,high
26.18369,91.75102,anomaly,high
26.118171,91.650975,geofence,critical
26.073078,91.608798,anomaly,high
26.179072,91.786491,anomaly,high
26.178656,91.786094,anomaly,high
26.170016,91.769143,anomaly,high
26.149553,91.768915,anomaly,high
26.168129,91.768919,anomaly,high
26.105015,91.586818,anomaly,high
26.173047,91.76399,geofence,critical
26.165523,91.568172,anomaly,high
26.107473,91.58383,anomaly,high
26.150156,91.784839,anomaly,high
26.183538,91.752709,anomaly,high
26.183924,91.752924,anomaly,high
26.185771,91.749218,anomaly,high
26.183596,91.751028,anomaly,high
26.183895,91.750537,anomaly,high
26.178336,91.787936,anomaly,high
26.186662,91.747063,anomaly,high
26.16763,91.567162,anomaly,high
26.186158,91.762544,geofence,critical
26.18577,91.7548,anomaly,high
26.219993,91.793126,anomaly,high
26.184218,91.753927,anomaly,high
26.184359,91.750565,anomaly,high
26.163072,91.732564,anomaly,high
26.161752,91.74178,anomaly,high
26.106515,91.586929,anomaly,high
26.106912,91.587377,anomaly,high
26.110552,91.634641,anomaly,high
26.120267,91.650387,geofence,critical
26.178336,91.785104,anomaly,high
26.175737,91.721192,anomaly,high
26.186187,91.74179,anomaly,high
26.180628,91.752078,anomaly,high
26.136491,91.805299,anomaly,high
26.232775,91.787301,anomaly,high
26.183016,91.745457,anomaly,high
26.195798,91.745073,anomaly,high
26.114801,91.813344,anomaly,high
26.107152,91.584659,anomaly,high
26.166578,91.564782,anomaly,high
26.185312,91.742288,anomaly,high
26.177341,91.756513,anomaly,high
26.176685,91.76006,anomaly,high
26.172346,91.7637,geofence,critical
26.119118,91.649017,geofence,critical
26.18493,91.741432,anomaly,high
26.18425,91.751802,anomaly,high
26.195082,91.751805,anomaly,high
26.104842,91.584817,anomaly,high
26.183737,91.748824,anomaly,high
26.184064,91.74913,anomaly,high
26.183996,91.749614,anomaly,high
26.113994,91.636157,anomaly,high
26.119666,91.649847,geofence,critical
26.098859,91.605946,anomaly,high
26.178462,91.783787,anomaly,high
26.144549,91.794219,anomaly,high
26.119284,91.648877,geofence,critical
26.178434,91.788025,anomaly,high
26.183773,91.749006,anomaly,high
26.167546,91.722183,anomaly,high
26.175208,91.777854,geofence,critical
26.105645,91.584457,anomaly,high
26.184858,91.762654,geofence,critical
26.184174,91.750402,anomaly,high
26.186499,91.756419,anomaly,high
26.184771,91.763521,geofence,critical
26.107087,91.585633,anomaly,high
26.184904,91.762266,geofence,critical
26.185242,91.752334,anomaly,high
26.184427,91.752095,anomaly,high
26.189171,91.744568,anomaly,high
26.156314,91.788247,anomaly,high
26.184627,91.749669,anomaly,high
26.183639,91.75006,anomaly,high
26.173948,91.773874,geofence,critical
26.129946,91.798225,anomaly,high
26.183112,91.753333,anomaly,high
26.184141,91.749796,anomaly,high
26.183974,91.750697,anomaly,high
26.183838,91.750879,anomaly,high
26.152057,91.781906,anomaly,high
26.167761,91.566971,anomaly,high
26.127403,91.77348,anomaly,high
26.107396,91.586813,anomaly,high
26.108196,91.587202,anomaly,high
26.145048,91.79631,anomaly,high
26.10705,91.585838,anomaly,high
26.17956,91.752132,anomaly,high
26.184082,91.751343,anomaly,high
26.188482,91.74143,anomaly,high
26.177231,91.747105,anomaly,high
26.185291,91.744307,anomaly,high
26.18451,91.750336,anomaly,high
26.183773,91.75068,anomaly,high
26.183546,91.753575,anomaly,high
26.182562,91.753368,anomaly,high
26.183869,91.75267,anomaly,high
26.183991,91.753596,anomaly,high
26.184884,91.750588,anomaly,high
26.168371,91.564756,anomaly,high
26.113562,91.637291,anomaly,high
26.120181,91.651327,geofence,critical
26.183073,91.752826,anomaly,high
26.119917,91.650417,geofence,critical
26.177219,91.784602,anomaly,high
26.121286,91.650723,geofence,critical
26.110533,91.635926,anomaly,high
26.178476,91.784644,anomaly,high
26.182331,91.753125,anomaly,high
26.172365,91.764766,geofence,critical
26.170445,91.770529,missing_person,critical
26.183783,91.75134,anomaly,high
26.183621,91.751442,anomaly,high
26.183766,91.752241,anomaly,high
26.106958,91.585278,anomaly,high
26.106636,91.585802,anomaly,high
26.186444,91.745319,anomaly,high
26.165222,91.567459,anomaly,high
26.164754,91.567814,anomaly,high
26.105102,91.586499,anomaly,high
26.104442,91.586866,anomaly,high
26.161704,91.777622,anomaly,high
26.178026,91.754025,anomaly,high
26.184979,91.752945,anomaly,high
26.18353,91.753437,anomaly,high
26.177613,91.786474,anomaly,high
26.176622,91.78626,anomaly,high
26.105748,91.584513,anomaly,high
26.104635,91.583125,missing_person,critical
26.185111,91.747867,anomaly,high
26.185594,91.762306,geofence,critical
26.185156,91.748083,anomaly,high
26.18262,91.747332,anomaly,high
26.18131,91.744614,anomaly,high
26.105656,91.587045,anomaly,high
26.136046,91.803254,anomaly,high
26.1192,91.649462,geofence,critical
26.105596,91.587963,anomaly,high
26.105044,91.587415,anomaly,high
26.166856,91.776523,anomaly,high
26.175531,91.777936,geofence,critical
26.168284,91.706601,anomaly,high
26.107312,91.58568,anomaly,high
26.185704,91.750824,anomaly,high
26.176398,91.75629,anomaly,high
26.176496,91.753991,anomaly,high
26.095689,91.603565,anomaly,high
26.107176,91.584964,anomaly,high
26.106581,91.584373,anomaly,high
26.167719,91.77875,anomaly,high
26.193262,91.745561,anomaly,high
26.186183,91.763659,geofence,critical
26.183037,91.748469,harassment,low
26.182655,91.751738,assault,low
26.175638,91.752826,accident,medium
26.180388,91.748908,accident,low
26.184094,91.748904,lost_person,high
26.181327,91.749955,theft,medium
26.180826,91.749119,harassment,medium
26.184647,91.752976,lost_person,high
26.182155,91.750544,assault,medium
26.180971,91.750117,scam,high
26.17875,91.755062,theft,high
26.183893,91.750978,harassment,medium
26.184292,91.748256,lost_person,medium
26.186767,91.752578,lost_person,high
26.182767,91.750795,harassment,low
26.181791,91.750282,scam,low
26.182368,91.753433,accident,low
26.179467,91.749475,lost_person,high
26.181199,91.750169,accident,critical
26.181518,91.754431,accident,medium
26.181634,91.746353,accident,medium
26.181652,91.746197,theft,low
26.182712,91.751057,scam,low
26.182805,91.751074,harassment,low
26.182526,91.748187,assault,medium
26.18334,91.751277,accident,medium
26.179934,91.751785,scam,medium
26.185364,91.751057,harassment,medium
26.181519,91.753876,harassment,low
26.182245,91.749805,lost_person,medium
26.183893,91.747704,lost_person,medium
26.181511,91.750712,harassment,medium
26.185352,91.750648,assault,high
26.179631,91.748293,harassment,high
26.179158,91.751465,assault,medium
26.18086,91.750919,assault,low
26.180571,91.746966,assault,low
26.181537,91.752525,harassment,medium
26.181507,91.748189,harassment,medium
26.181918,91.746905,lost_person,high
26.186969,91.75024,harassment,high
26.18268,91.747173,theft,low
26.182062,91.747903,accident,low
26.186102,91.753057,harassment,medium
26.179005,91.750695,accident,low
26.184815,91.752946,accident,low
26.182631,91.753322,assault,high
26.178989,91.74972,accident,low
26.178452,91.750758,lost_person,medium
26.181932,91.751551,assault,medium
26.180968,91.753615,harassment,high
26.180745,91.749602,theft,medium
26.183653,91.747875,assault,low
26.185287,91.751829,theft,critical
26.182446,91.74908,scam,low
26.184591,91.750336,theft,medium
26.183393,91.747419,scam,high
26.182114,91.752581,lost_person,medium
26.179038,91.751052,theft,critical
26.181557,91.750413,theft,medium
26.180135,91.749171,scam,medium
26.178117,91.749491,scam,low
26.182793,91.750052,lost_person,medium
26.18216,91.756503,scam,low
26.18393,91.751238,lost_person,high
26.18375,91.749412,harassment,medium
26.179276,91.751889,scam,low
26.18012,91.748632,scam,low
26.17938,91.750732,theft,high
26.182121,91.749097,harassment,medium
26.183851,91.751569,accident,low
26.184217,91.755266,harassment,medium
26.179395,91.750524,harassment,high
26.180614,91.745973,lost_person,medium
26.180898,91.746757,scam,low
26.184694,91.750797,theft,critical
26.180175,91.752512,harassment,medium
26.182139,91.747726,theft,medium
26.179581,91.75243,assault,critical
26.182058,91.75105,scam,high
26.186248,91.751294,lost_person,low
26.187416,91.749146,lost_person,medium
26.181636,91.750615,harassment,medium
26.182816,91.750802,lost_person,high
26.182571,91.754422,theft,low
26.181181,91.749011,harassment,low
26.183105,91.752805,theft,low
26.180676,91.747667,theft,medium
26.181335,91.748219,accident,high
26.181866,91.75126,assault,medium
26.180657,91.749536,accident,low
26.181985,91.751597,lost_person,low
26.183359,91.751274,accident,low
26.179436,91.74949,accident,high
26.18275,91.749975,theft,high
26.178209,91.747254,harassment,high
26.183042,91.752264,accident,high
26.186268,91.748261,harassment,medium
26.184377,91.745619,accident,medium
26.184937,91.749354,accident,high
26.183538,91.751622,scam,low
26.18045,91.751269,theft,high
26.181598,91.751839,assault,medium
26.183139,91.749095,harassment,high
26.179192,91.752004,harassment,low
26.180376,91.746472,scam,low
26.178119,91.750156,assault,low
26.182311,91.747862,assault,low
26.179793,91.750389,scam,low
26.181696,91.750465,accident,critical
26.181353,91.747723,assault,high
26.179951,91.750643,theft,high
26.181572,91.752441,accident,critical
26.177473,91.750695,assault,critical
26.180231,91.74925,assault,medium
26.182554,91.748957,accident,medium
26.185984,91.745592,accident,medium
26.183062,91.749369,accident,medium
26.179216,91.750872,assault,low
26.180405,91.750261,scam,high
26.182579,91.751037,accident,low
26.180579,91.747088,harassment,high
26.179565,91.753613,lost_person,high
26.17998,91.750212,harassment,high
26.182152,91.748911,assault,low
26.184752,91.752333,scam,medium
26.181039,91.751895,theft,medium
26.176998,91.750963,assault,low
26.183118,91.751192,scam,medium
26.184722,91.748667,theft,high
26.180285,91.752389,theft,medium
26.185867,91.751947,lost_person,medium
26.182274,91.749054,accident,medium
26.187432,91.74768,lost_person,medium
26.183351,91.74979,harassment,low
26.183344,91.748921,lost_person,low
26.180047,91.751375,harassment,medium
26.180827,91.747827,lost_person,low
26.183099,91.748436,assault,medium
26.184489,91.751296,scam,medium
26.180503,91.750165,scam,low
26.179876,91.749284,harassment,high
26.181846,91.750302,accident,high
26.183747,91.751424,accident,low
26.18238,91.752791,theft,medium
26.177082,91.750509,scam,critical
26.179513,91.748051,lost_person,medium
26.184371,91.751619,theft,low
26.184336,91.748195,lost_person,medium
26.180693,91.749851,lost_person,low
26.183803,91.753109,harassment,medium
26.183354,91.75011,lost_person,low
26.1817,91.751541,lost_person,critical
26.182893,91.745747,assault,high
26.18335,91.749758,theft,high
26.184141,91.749336,assault,medium
26.181555,91.748822,harassment,critical
26.183503,91.753571,scam,high
26.18777,91.748917,lost_person,medium
26.182676,91.747145,theft,medium
26.181468,91.754829,lost_person,medium
26.180861,91.750597,harassment,medium
26.177455,91.747907,scam,medium
26.183352,91.749269,assault,medium
26.18551,91.752538,harassment,medium
26.180523,91.752226,lost_person,critical
26.18232,91.749538,accident,low
26.180446,91.749609,accident,medium
26.18289,91.749912,theft,low
26.18184,91.749562,assault,low
26.182817,91.749609,accident,medium
26.183916,91.750138,lost_person,medium
26.180469,91.752666,theft,high
26.18413,91.747307,scam,low
26.177091,91.752136,accident,low
26.178177,91.751962,assault,medium
26.182435,91.751446,assault,medium
26.18235,91.752641,lost_person,medium
26.180085,91.750339,assault,medium
26.183311,91.750283,accident,low
26.179875,91.74948,assault,medium
26.180383,91.747145,lost_person,high
26.180334,91.750704,theft,low
26.180447,91.74729,theft,medium
26.181876,91.750465,assault,low
26.182587,91.750714,accident,medium
26.181535,91.753221,assault,critical
26.180311,91.752002,harassment,critical
26.179771,91.753656,scam,medium
26.180684,91.7488,accident,high
26.183803,91.745593,assault,high
26.179991,91.749485,harassment,low
26.180043,91.750813,assault,medium
26.183089,91.746629,theft,medium
26.178747,91.750941,scam,low
26.183515,91.755077,theft,critical
26.182849,91.751762,scam,low
26.182594,91.750097,scam,low
26.183996,91.74949,assault,high
26.182319,91.752183,harassment,critical
26.182541,91.75034,accident,low
26.181812,91.749771,lost_person,medium
26.179864,91.752506,theft,high
26.179934,91.749032,scam,medium
26.178819,91.750415,assault,medium
26.183175,91.752237,lost_person,medium
26.1805,91.749383,accident,medium
26.180074,91.752355,harassment,medium
26.182055,91.750216,lost_person,low
26.18076,91.748983,accident,high
26.183392,91.751577,accident,high
26.18129,91.752972,accident,high
26.182595,91.745985,lost_person,low
26.180167,91.747921,theft,medium
26.184001,91.752513,accident,low
26.181377,91.751997,lost_person,medium
26.183764,91.752437,scam,high
26.186091,91.753456,assault,medium
26.17968,91.750759,lost_person,medium
26.180387,91.746166,assault,medium
26.178156,91.751747,assault,medium
26.178627,91.751654,harassment,low
26.181681,91.751978,theft,high
26.183405,91.750108,lost_person,medium
26.184666,91.748569,theft,critical
26.182449,91.748733,accident,medium
26.182714,91.749341,accident,medium
26.1812,91.748804,lost_person,high
26.181598,91.745428,scam,low
26.183643,91.746795,scam,medium
26.178394,91.749092,lost_person,medium
26.181798,91.750561,lost_person,medium
26.179851,91.749278,harassment,high
26.177118,91.753161,harassment,medium
26.183525,91.747228,assault,low
26.181879,91.74913,accident,medium
26.17942,91.746382,assault,low
26.181717,91.747086,theft,low
26.181082,91.748021,theft,low
26.181068,91.751833,theft,medium
26.182025,91.754034,assault,medium
26.185483,91.753573,lost_person,medium
26.183218,91.752523,harassment,low
26.178892,91.752797,assault,critical
26.182594,91.748817,theft,low
26.178969,91.749496,lost_person,high
26.184682,91.750605,scam,medium
26.181671,91.751357,assault,low
26.17784,91.749437,assault,low
26.18644,91.751,assault,low
26.180365,91.751082,scam,high
26.184284,91.753697,theft,low
26.182931,91.751465,assault,low
26.184576,91.747402,harassment,low
26.182812,91.749441,harassment,critical
26.183041,91.752303,theft,medium
26.182523,91.751958,theft,high
26.180952,91.751152,lost_person,high
26.180647,91.750162,accident,low
26.17742,91.748125,lost_person,medium
26.179681,91.752116,harassment,medium
26.185538,91.749815,scam,medium
26.182116,91.751093,lost_person,medium
26.184157,91.750796,assault,medium
26.184078,91.75018,accident,low
26.184064,91.748279,harassment,low
26.181645,91.750079,accident,high
26.18088,91.749615,accident,high
26.179527,91.750661,lost_person,low
26.182382,91.746892,accident,high
26.184248,91.748523,lost_person,low
26.184272,91.75046,accident,high
26.184322,91.752311,scam,medium
26.184358,91.752846,assault,medium
26.181675,91.749319,accident,low
26.179004,91.750129,scam,high
26.181694,91.751882,scam,low
26.18259,91.752984,assault,medium
26.182444,91.745825,accident,critical
26.185065,91.749722,scam,high
26.183822,91.74874,accident,low
26.183578,91.754746,assault,medium
26.179627,91.749623,theft,low
26.178841,91.7534,scam,critical
26.179794,91.749279,lost_person,low
26.179547,91.753845,harassment,low
26.182838,91.750912,accident,low
26.186827,91.747613,accident,low
26.178188,91.755275,accident,low
26.182994,91.751975,theft,medium
26.18486,91.746597,accident,high
26.179622,91.747424,scam,medium
26.182358,91.748145,harassment,high
26.181576,91.749067,scam,high
26.181804,91.749281,harassment,medium
26.188293,91.750693,scam,low
26.18611,91.750983,assault,medium
26.179693,91.751386,scam,medium
26.179698,91.749132,harassment,low
26.182323,91.751521,harassment,high
26.185657,91.751649,theft,medium
26.184663,91.747185,scam,low
26.181878,91.750646,lost_person,medium
26.181563,91.750573,theft,medium
26.184146,91.750595,scam,medium
26.184518,91.753311,accident,high
26.181802,91.754903,accident,medium
26.176535,91.746227,assault,medium
26.181179,91.75072,assault,low
26.182905,91.747986,scam,high
26.180237,91.751963,harassment,high
26.179318,91.750364,harassment,medium
26.181657,91.747198,assault,critical
26.182678,91.748987,lost_person,critical
26.181148,91.75245,theft,critical
26.183006,91.750853,scam,medium
26.184327,91.750161,harassment,high
26.18131,91.748828,theft,medium
26.181153,91.745728,lost_person,high
26.181768,91.750095,scam,medium
26.182517,91.750262,accident,medium
26.179599,91.752434,assault,low
26.182082,91.749144,assault,medium
26.180236,91.752886,accident,medium
26.179404,91.750219,accident,low
26.177732,91.750688,theft,critical
26.186119,91.746618,lost_person,low
26.179024,91.748959,scam,medium
26.177666,91.75216,assault,low
26.178764,91.7495,lost_person,medium
26.179654,91.755578,lost_person,low
26.180964,91.753721,theft,medium
26.182034,91.752412,assault,medium
26.178714,91.752003,assault,low
26.178443,91.752843,accident,low
26.182219,91.748141,lost_person,medium
26.186294,91.750838,theft,high
26.182869,91.749064,lost_person,high
26.182349,91.750781,scam,low
26.183359,91.750685,scam,medium
26.18071,91.748655,accident,medium
26.18404,91.74887,lost_person,medium
26.183722,91.751263,lost_person,medium
26.182232,91.750157,scam,low
26.181493,91.74806,accident,high
26.18206,91.757043,harassment,medium
26.180411,91.751992,harassment,low
26.180814,91.752215,lost_person,high
26.179618,91.747798,lost_person,critical
26.183459,91.749783,accident,high
26.180547,91.753224,accident,high
26.184094,91.748034,theft,low
26.179232,91.751965,scam,low
26.182407,91.750019,accident,low
26.182219,91.752329,theft,medium
26.182552,91.751753,harassment,high
26.180137,91.749925,assault,medium
26.18239,91.752128,scam,high
26.176344,91.75404,harassment,medium
26.183939,91.750468,accident,medium
26.17828,91.751798,harassment,medium
26.180171,91.752234,accident,medium
26.179304,91.750881,assault,low
26.182032,91.751068,accident,medium
26.181397,91.753502,harassment,medium
26.180632,91.749088,harassment,medium
26.181137,91.751726,harassment,medium
26.183117,91.752094,lost_person,high
26.184489,91.750678,lost_person,high
26.185535,91.752961,lost_person,critical
26.183497,91.751337,scam,high
26.18137,91.749767,harassment,medium
26.18349,91.748772,harassment,low
26.183399,91.751504,lost_person,medium
26.181809,91.752528,theft,low
26.183587,91.751887,accident,medium
26.182874,91.748292,scam,high
26.1787,91.747703,accident,medium
26.180233,91.75011,assault,low
26.179957,91.75051,assault,medium
26.176643,91.749969,assault,medium
26.183476,91.746509,theft,low
26.186161,91.746731,accident,high
26.184779,91.75347,accident,low
26.18016,91.749778,theft,medium
26.184438,91.746948,lost_person,medium
26.181915,91.748031,accident,medium
26.181709,91.751842,scam,medium
26.183658,91.747764,accident,high
26.180684,91.747251,harassment,high
26.182919,91.749507,scam,high
26.183818,91.751708,assault,medium
26.178986,91.746621,assault,critical
26.182543,91.752731,harassment,high
26.181095,91.750055,assault,medium
26.182239,91.749113,accident,low
26.183378,91.749414,accident,high
26.180069,91.749493,assault,medium
26.182761,91.752031,lost_person,critical
26.181998,91.747715,scam,medium
26.18436,91.747987,accident,critical
26.182385,91.753518,lost_person,critical
26.182104,91.749653,theft,medium
26.187427,91.752016,assault,high
26.178475,91.752547,lost_person,medium
26.183598,91.750433,assault,low
26.183665,91.751986,accident,medium
26.181489,91.751971,scam,medium
26.183562,91.751874,accident,low
26.180816,91.748609,accident,high
26.183915,91.751386,harassment,medium
26.182044,91.754651,harassment,high
26.182956,91.744514,assault,high
26.179083,91.751371,assault,medium
26.18217,91.749798,harassment,medium
26.179379,91.748591,harassment,high
26.180659,91.749333,accident,high
26.178603,91.749596,scam,high
26.183258,91.747983,accident,medium
26.179739,91.750703,theft,medium
26.18055,91.745982,harassment,medium
26.179628,91.747556,scam,medium
26.18313,91.752496,scam,high
26.183235,91.749324,theft,high
26.179783,91.748077,lost_person,high
26.177554,91.74671,theft,high
26.182931,91.751212,harassment,medium
26.183767,91.750136,harassment,medium
26.18091,91.747084,accident,critical
26.178819,91.752622,scam,high
26.184051,91.748734,lost_person,medium
26.17955,91.754284,harassment,low
26.178482,91.750175,theft,high
26.180248,91.753981,scam,medium
26.183441,91.750137,accident,high
26.183839,91.750212,harassment,medium
26.180196,91.744719,assault,medium
26.178133,91.748048,lost_person,high
26.181497,91.750191,scam,medium
26.182945,91.75169,lost_person,low
26.180342,91.74592,theft,low
26.1796,91.749283,theft,medium
26.181365,91.749436,assault,low
26.179469,91.750068,theft,low
26.179999,91.752402,theft,high
26.178679,91.749326,accident,medium
26.184419,91.751795,lost_person,critical
26.178795,91.748641,harassment,medium
26.183338,91.749408,assault,low
26.183509,91.749216,scam,medium
26.180876,91.751779,accident,medium
26.180732,91.747999,accident,high
26.180563,91.749585,lost_person,low
26.176807,91.749979,scam,low
26.181776,91.751479,theft,high
26.182041,91.747172,theft,critical
26.178323,91.752581,lost_person,critical
26.181762,91.744647,scam,low
26.18058,91.751145,scam,medium
26.181096,91.75246,harassment,low
26.181658,91.7527,harassment,medium
26.180764,91.751355,assault,low
26.185999,91.746218,accident,critical
26.179477,91.749823,lost_person,medium
26.183811,91.748473,lost_person,low
26.185044,91.746488,lost_person,high
26.182238,91.748534,harassment,low
26.183977,91.747005,scam,low
26.180265,91.749531,lost_person,medium
26.183713,91.748596,accident,critical
26.183537,91.746503,scam,medium
26.180692,91.748883,assault,high
26.183004,91.7511,lost_person,critical
26.180653,91.749813,scam,critical
26.180967,91.752046,accident,medium
26.185142,91.751205,accident,high
26.18616,91.748928,lost_person,critical
26.182173,91.753447,assault,high
26.180368,91.749985,lost_person,low
26.178387,91.749567,accident,medium
26.180233,91.754687,harassment,medium
26.180466,91.752716,accident,high
26.178491,91.747791,theft,medium
26.182477,91.750326,lost_person,medium
26.181118,91.748003,lost_person,medium
26.184389,91.75276,theft,medium
26.182509,91.753447,theft,medium
26.180491,91.748281,assault,low
26.178643,91.752249,scam,medium
26.180099,91.753335,harassment,medium
26.175188,91.749239,lost_person,high
26.181854,91.747936,theft,high
26.181207,91.750759,theft,low
26.177924,91.750594,theft,high
26.179733,91.74934,theft,high
26.180332,91.754314,assault,medium
26.183987,91.74934,assault,medium
26.180202,91.750358,lost_person,medium
26.185122,91.749763,lost_person,medium
26.183875,91.752554,lost_person,medium
26.183614,91.749923,accident,low
26.182847,91.745432,assault,medium
26.187702,91.748692,lost_person,high
26.179,91.747422,scam,medium
26.182788,91.75409,harassment,low
26.18376,91.751489,harassment,high
26.17975,91.750949,accident,critical
26.183318,91.750675,harassment,low
26.18307,91.750152,assault,critical
26.181575,91.751476,assault,low
26.180796,91.748822,theft,medium
26.184213,91.749739,theft,medium
26.181278,91.749114,accident,high
26.189482,91.754619,theft,medium
26.182042,91.749604,accident,medium
26.181395,91.753158,accident,medium
26.18312,91.750984,assault,medium
26.179106,91.749401,accident,medium
26.181664,91.751309,lost_person,low
26.179792,91.752088,accident,low
26.183508,91.750763,harassment,medium
26.181512,91.752005,harassment,critical
26.182974,91.74902,scam,high
26.182932,91.752665,assault,high
26.185131,91.746014,lost_person,high
26.180552,91.74815,harassment,high
26.181979,91.753097,lost_person,high
26.180106,91.750819,scam,medium
26.183112,91.751086,scam,low
26.18342,91.748957,theft,medium
26.180484,91.751462,lost_person,medium
26.184479,91.752089,accident,medium
26.180404,91.752363,assault,low
26.18088,91.748324,theft,critical
26.179788,91.753361,harassment,low
26.178029,91.753909,accident,high
26.182822,91.75037,lost_person,medium
26.183648,91.752855,assault,medium
26.187503,91.754005,harassment,medium
26.187814,91.753007,theft,medium
26.187446,91.752203,harassment,low
26.181243,91.748641,accident,low
26.180079,91.7495,assault,high
26.183248,91.753132,scam,medium
26.179752,91.749501,accident,medium
26.180082,91.749065,theft,low
26.182728,91.751981,harassment,medium
26.179555,91.749281,theft,medium
26.182786,91.744774,accident,medium
26.18272,91.753573,lost_person,critical
26.181652,91.750191,theft,low
26.181445,91.753106,harassment,low
26.180809,91.748419,lost_person,high
26.179929,91.749783,assault,low
26.185184,91.747894,theft,medium
26.181787,91.748841,accident,low
26.180266,91.749829,scam,medium
26.181775,91.751605,assault,critical
26.184665,91.747229,assault,low
26.181419,91.751623,accident,high
26.180725,91.755355,assault,low
26.181416,91.749062,accident,high
26.178861,91.746582,theft,high
26.178829,91.749299,harassment,critical
26.183295,91.751796,lost_person,low
26.18495,91.752183,harassment,medium
26.178314,91.751124,accident,high
26.18204,91.749719,accident,low
26.180153,91.744818,theft,critical
26.183213,91.75195,assault,medium
26.179174,91.750192,accident,high
26.179089,91.749953,theft,medium
26.178196,91.750993,scam,medium
26.179804,91.749922,accident,low
26.179667,91.747702,scam,critical
26.178786,91.750197,theft,low
26.182696,91.750006,accident,medium
26.183782,91.753495,scam,low
26.180466,91.750701,accident,high
26.183836,91.748934,lost_person,medium
26.184446,91.749702,scam,low
26.17724,91.748711,accident,medium
26.177911,91.754009,harassment,low
26.182165,91.750621,assault,medium
26.182769,91.752368,theft,high
26.18009,91.744702,scam,low
26.177662,91.748642,theft,high
26.178246,91.749444,assault,high
26.179306,91.749025,harassment,medium
26.179468,91.746704,scam,medium
26.181335,91.748286,theft,medium
26.178848,91.753165,assault,medium
26.181472,91.748732,theft,low
26.184513,91.751781,accident,medium
26.182895,91.749192,harassment,critical
26.180529,91.753735,assault,critical
26.179345,91.749109,harassment,low
26.184369,91.752727,assault,low
26.17942,91.752123,harassment,medium
26.180631,91.748401,harassment,low
26.184432,91.750293,theft,medium
26.178344,91.747856,harassment,medium
26.183034,91.749709,theft,high
26.184216,91.751343,scam,low
26.181722,91.749414,accident,high
26.180694,91.74957,accident,medium
26.181845,91.75138,assault,medium
26.179207,91.750839,assault,medium
26.179547,91.748108,harassment,high
26.181592,91.752058,lost_person,critical
26.183797,91.747265,accident,low
26.181716,91.749765,accident,low
26.181783,91.750068,accident,low
26.178059,91.749377,theft,medium
26.181843,91.75115,accident,high
26.183245,91.751301,scam,medium
26.186458,91.74861,accident,medium
26.18316,91.753893,assault,low
26.184136,91.749805,accident,medium
26.18316,91.752473,scam,medium
26.185073,91.753032,harassment,low
26.176988,91.752635,harassment,low
26.179883,91.749329,scam,medium
26.181484,91.752075,accident,high
26.182043,91.749794,theft,critical
26.181422,91.747778,accident,medium
26.180021,91.752307,scam,high
26.184819,91.747917,scam,high
26.180926,91.750987,theft,medium
26.181198,91.751577,assault,medium
26.179819,91.748033,scam,low
26.181323,91.752244,assault,low
26.181995,91.750661,lost_person,low
26.178733,91.751441,theft,medium
26.183362,91.74836,lost_person,medium
26.183401,91.749976,harassment,medium
26.177729,91.7513,accident,medium
26.18089,91.751021,accident,high
26.18306,91.746969,theft,high
26.183576,91.748069,assault,medium
26.183731,91.749255,scam,medium
26.183006,91.749215,harassment,medium
26.186986,91.748166,assault,low
26.180266,91.749055,accident,high
26.180914,91.750102,theft,low
26.18199,91.749081,lost_person,medium
26.18017,91.752992,assault,medium
26.179595,91.749711,assault,medium
26.181415,91.752307,harassment,medium
26.182292,91.748393,harassment,medium
26.182438,91.751847,assault,low
26.183314,91.749253,assault,low
26.179902,91.749897,accident,critical
26.178876,91.746461,theft,low
26.180975,91.747763,theft,high
26.184351,91.756299,accident,medium
26.185948,91.750524,theft,medium
26.183692,91.752752,lost_person,high
26.185639,91.746256,lost_person,medium
26.181374,91.752364,assault,low
26.184135,91.750094,assault,low
26.182512,91.748617,harassment,medium
26.181156,91.748967,accident,low
26.185503,91.751578,assault,medium
26.184081,91.749329,accident,medium
26.182765,91.751258,lost_person,low
26.186847,91.751587,lost_person,high
26.18039,91.752375,lost_person,medium
26.18407,91.749129,assault,medium
26.181911,91.749054,scam,high
26.180612,91.748253,assault,high
26.183523,91.749194,accident,medium
26.180671,91.750487,scam,critical
26.182968,91.753901,scam,low
26.180211,91.746834,lost_person,low
26.184757,91.75576,lost_person,low
26.181906,91.751201,scam,medium
26.182831,91.750454,lost_person,medium
26.182095,91.753039,assault,medium
26.18254,91.748981,lost_person,high
26.1803,91.749786,harassment,critical
26.182958,91.750223,lost_person,high
26.183895,91.751198,accident,low
26.182782,91.749053,scam,low
26.179559,91.748544,assault,critical
26.185774,91.75219,scam,high
26.181842,91.745826,theft,low
26.178037,91.751567,assault,low
26.18051,91.751414,assault,high
26.18112,91.749342,accident,low
26.178368,91.748007,theft,low
26.181493,91.752166,accident,low
26.182452,91.750909,theft,medium
26.177192,91.750874,assault,high
26.183417,91.749454,harassment,critical
26.183505,91.750131,theft,medium
26.177851,91.750822,harassment,medium
26.181286,91.746053,accident,critical
26.178645,91.747707,assault,medium
26.179285,91.74985,harassment,medium
26.178535,91.752718,lost_person,medium
26.182234,91.751584,scam,medium
26.186414,91.7532,scam,medium
26.17718,91.751921,lost_person,medium
26.184115,91.750228,harassment,high
26.184888,91.750974,harassment,medium
26.180891,91.753059,theft,high
26.178628,91.746669,scam,high
26.179811,91.743398,lost_person,high
26.175135,91.753927,scam,medium
26.180875,91.748358,accident,low
26.180099,91.750434,accident,high
26.181649,91.751089,theft,low
26.182525,91.748322,assault,low
26.183447,91.753606,lost_person,medium
26.183927,91.747646,theft,medium
26.180538,91.753067,scam,critical
26.180309,91.751874,scam,low
26.183622,91.751004,accident,high
26.179464,91.749399,scam,low
26.180101,91.751285,assault,high
26.182154,91.750338,theft,medium
26.179984,91.747638,scam,medium
26.182077,91.749254,accident,high
26.184476,91.752662,harassment,low
26.182556,91.751686,theft,medium
26.177833,91.751533,harassment,medium
26.18355,91.750602,harassment,medium
26.181386,91.749492,accident,low
26.179233,91.749421,accident,medium
26.181046,91.749579,assault,high
26.179841,91.748633,assault,high
26.180819,91.749989,assault,low
26.17903,91.748388,lost_person,medium
26.181927,91.750524,accident,low
26.180941,91.75298,lost_person,medium
26.179554,91.747223,assault,high
26.183365,91.750809,harassment,low
26.183888,91.75432,scam,medium
26.180951,91.752321,assault,critical
26.182516,91.748814,theft,low
26.180982,91.747616,assault,medium
26.184604,91.753902,lost_person,medium
26.184151,91.751766,theft,medium
26.184851,91.753,harassment,low
26.183777,91.74892,theft,medium
26.182511,91.752163,theft,high
26.185028,91.749303,assault,medium
26.179632,91.752308,scam,high
26.179696,91.750126,scam,low
26.179505,91.751156,accident,low
26.183168,91.749574,assault,low
26.181778,91.748311,lost_person,low
26.179766,91.751178,harassment,high
26.177695,91.75058,harassment,medium
26.182955,91.748688,scam,low
26.176494,91.748195,scam,low
26.178877,91.749341,assault,high
26.178331,91.751171,theft,critical
26.182136,91.750404,assault,medium
26.179366,91.74854,accident,medium
26.181251,91.75258,lost_person,medium
26.176415,91.74801,lost_person,low
26.179171,91.750774,scam,high
26.178684,91.750409,scam,high
26.181817,91.750412,assault,low
26.179113,91.749698,scam,critical
26.182072,91.752541,accident,medium
26.180801,91.751307,theft,medium
26.179578,91.74688,harassment,low
26.180319,91.749274,harassment,medium
26.182718,91.748451,harassment,low
26.183144,91.744796,harassment,low
26.180907,91.754926,lost_person,high
26.178782,91.750305,accident,low
26.178698,91.747477,theft,high
26.179742,91.748804,lost_person,medium
26.180009,91.748753,harassment,medium
26.183272,91.749061,harassment,medium
26.181962,91.749782,theft,low
26.178438,91.751648,assault,medium
26.180439,91.754328,assault,low
26.17836,91.750983,accident,medium
26.183433,91.751404,scam,low
26.185787,91.750766,theft,medium
26.183608,91.750637,theft,low
26.185261,91.747992,assault,low
26.180767,91.749089,lost_person,critical
26.183962,91.747606,lost_person,medium
26.188638,91.754498,lost_person,low
26.177856,91.751181,harassment,low
26.178585,91.751446,harassment,critical
26.183039,91.742982,accident,low
26.181643,91.753385,harassment,high
26.180677,91.750054,lost_person,low
26.178511,91.749223,scam,high
26.183904,91.749158,scam,low
26.180579,91.747993,harassment,high
26.183932,91.750432,scam,low
26.180728,91.742298,accident,high
26.183403,91.749369,accident,medium
26.179819,91.754688,harassment,medium
26.183059,91.752878,assault,low
26.183144,91.749673,scam,high
26.180857,91.751967,harassment,low
26.18139,91.743723,assault,medium
26.180003,91.749175,theft,high
26.182811,91.753963,theft,low
26.1803,91.744049,theft,medium
26.178032,91.747294,lost_person,high
26.183171,91.749073,accident,medium
26.177413,91.75058,lost_person,low
26.181073,91.747531,assault,medium
26.181083,91.748452,theft,medium
26.180848,91.75088,lost_person,medium
26.175516,91.749071,harassment,medium
26.183545,91.752075,scam,low
26.177648,91.748442,scam,medium
26.181444,91.752098,accident,medium
26.182512,91.749531,accident,medium
26.181848,91.751382,accident,low
26.18242,91.75152,scam,critical
26.185001,91.750721,lost_person,low
26.181783,91.752835,theft,high
26.181452,91.751837,scam,medium
26.178667,91.747104,harassment,medium
26.179105,91.754575,assault,high
26.180578,91.748975,assault,critical
26.179028,91.752199,harassment,medium
26.182119,91.748254,assault,high
26.180414,91.746575,scam,critical
26.18002,91.746058,accident,high
26.181738,91.752612,harassment,low
26.184808,91.750785,theft,high
26.183136,91.749495,scam,low
26.182747,91.747794,theft,medium
26.179172,91.752774,accident,medium
26.182407,91.7504,harassment,low
26.182171,91.749442,accident,high
26.183773,91.752429,harassment,low
26.177759,91.747593,scam,medium
26.182853,91.750869,theft,medium
26.184952,91.752086,theft,critical
26.18399,91.749564,lost_person,low
26.181088,91.749353,scam,medium
26.184985,91.750707,scam,low
26.180114,91.748843,harassment,high
26.185955,91.746275,accident,medium
26.183854,91.747826,assault,high
26.18047,91.749515,lost_person,high
26.180783,91.749414,theft,critical
26.184141,91.750668,scam,high
26.182234,91.750863,lost_person,medium
26.181942,91.749191,assault,medium
26.181611,91.748459,harassment,low
26.184363,91.746673,theft,medium
26.182695,91.753088,scam,low
26.181613,91.75017,assault,medium
26.182117,91.752426,scam,medium
26.182147,91.749108,assault,low
26.181769,91.751131,accident,low
26.182407,91.749224,theft,medium
26.179869,91.753562,accident,high
26.183044,91.750056,assault,medium
26.181033,91.751856,lost_person,critical
26.17959,91.750697,accident,medium
26.18245,91.752907,assault,critical
26.183671,91.750697,assault,low
26.183999,91.75159,lost_person,critical
26.184698,91.750176,assault,medium
26.182183,91.751108,harassment,medium
26.181913,91.751215,scam,low
26.185476,91.755823,assault,high
26.177237,91.749217,assault,high
26.181914,91.752717,scam,low
26.179023,91.745692,theft,low
26.187923,91.750802,scam,medium
26.182731,91.74746,accident,medium
26.181294,91.750555,harassment,medium
26.180705,91.746751,assault,low
26.182905,91.746758,harassment,high
26.18108,91.747642,assault,high
26.183812,91.747249,theft,medium
26.178182,91.747908,harassment,medium
26.178376,91.749129,scam,critical
26.179559,91.750787,accident,medium
26.180749,91.750239,accident,medium
26.183941,91.753937,harassment,medium
26.181266,91.751232,scam,medium
26.177227,91.747274,assault,high
26.183377,91.750744,theft,low
26.178693,91.752745,scam,medium
26.185398,91.751939,lost_person,high
26.182588,91.748337,assault,medium
26.182214,91.751283,scam,high
26.178842,91.750961,assault,low
26.178293,91.751875,accident,critical
26.183852,91.754113,assault,medium
26.182443,91.749561,theft,low
26.180768,91.751582,lost_person,critical
26.184107,91.746838,lost_person,high
26.180479,91.752157,lost_person,medium
26.180515,91.753631,scam,low
26.182243,91.749473,accident,medium
26.178276,91.748642,scam,medium
26.182298,91.75298,lost_person,high
26.178663,91.749676,assault,medium
26.184679,91.749747,theft,low
26.184958,91.747919,harassment,medium
26.184972,91.749159,scam,critical
26.180116,91.744722,scam,low
26.180869,91.747369,accident,medium
26.180041,91.752662,harassment,critical
26.17835,91.74967,assault,medium
26.184595,91.751947,theft,critical
26.185658,91.750289,theft,high
26.181065,91.755495,harassment,low
26.184239,91.756037,harassment,medium
26.184964,91.755716,lost_person,low
26.184171,91.751926,harassment,medium
26.177975,91.750487,lost_person,critical
26.184128,91.74865,harassment,low
26.182908,91.749959,harassment,low
26.183828,91.747008,assault,low
26.18424,91.750053,assault,high
26.180346,91.748924,theft,medium
26.178225,91.744555,lost_person,low
26.182865,91.749015,theft,critical
26.179385,91.754768,assault,high
26.182845,91.749095,theft,medium
26.183141,91.750794,assault,low
26.178902,91.750433,lost_person,medium
26.183241,91.75223,accident,high
26.177133,91.74848,theft,medium
26.182553,91.752117,scam,low
26.180184,91.751478,scam,medium
26.178553,91.746637,theft,high
26.180926,91.750537,assault,medium
26.179746,91.750739,assault,low
26.180575,91.749791,accident,medium
26.179629,91.753301,harassment,medium
26.184779,91.750746,harassment,medium
26.181023,91.749219,accident,low
26.182856,91.746,harassment,high
26.182735,91.755112,assault,high
26.178589,91.752859,assault,high
26.181529,91.753415,theft,high
26.178192,91.752562,lost_person,medium
26.186823,91.753346,accident,low
26.181843,91.75102,accident,medium
26.181827,91.751394,lost_person,high
26.185153,91.74765,assault,high
26.185949,91.754003,scam,low
26.181357,91.748568,harassment,medium
26.181886,91.755017,scam,medium
26.184092,91.750619,scam,high
26.184324,91.754095,harassment,critical
26.180774,91.748753,scam,low
26.182741,91.752865,accident,high
26.185105,91.748953,accident,critical
26.180974,91.752674,harassment,low
26.18263,91.749747,assault,medium
26.179555,91.753012,accident,critical
26.179163,91.750421,accident,medium
26.184588,91.750279,assault,high
26.181438,91.75061,lost_person,critical
26.184748,91.748338,theft,medium
26.181576,91.746778,harassment,high
26.182631,91.748238,theft,medium
26.179745,91.752843,lost_person,high
26.181443,91.750595,harassment,medium
26.18737,91.751906,harassment,low
26.182394,91.750654,accident,medium
26.18307,91.75148,lost_person,medium
26.184789,91.75061,assault,low
26.182458,91.751024,accident,high
26.184375,91.751118,accident,low
26.178941,91.749238,assault,high
26.188265,91.751375,accident,high
26.1847,91.747668,assault,high
26.179541,91.751393,scam,critical
26.180837,91.752373,scam,medium
26.183245,91.751957,assault,medium
26.185162,91.749851,lost_person,medium
26.184189,91.74889,accident,medium
26.180941,91.752267,assault,medium
26.183054,91.751518,theft,high
26.181128,91.753873,assault,low
26.183491,91.752359,harassment,low
26.181129,91.749848,theft,medium
26.17929,91.753718,scam,medium
26.184093,91.752655,assault,high
26.181375,91.750723,accident,high
26.181025,91.754665,lost_person,high
26.186613,91.753893,harassment,critical
26.184603,91.752043,theft,medium
26.178735,91.749021,assault,high
26.183816,91.749933,theft,high
26.181124,91.749082,lost_person,low
26.184955,91.746357,scam,high
26.178264,91.749277,theft,high
26.18058,91.753114,harassment,high
26.181093,91.747346,harassment,medium
26.18339,91.753193,theft,medium
26.180125,91.753933,scam,medium
26.185363,91.749361,scam,high
26.181545,91.753297,assault,low
26.179773,91.749022,accident,high
26.185379,91.751191,lost_person,medium
26.178604,91.750502,lost_person,low
26.183437,91.750387,harassment,low
26.183063,91.74986,harassment,high
26.179439,91.750845,harassment,high
26.181582,91.748316,accident,high
26.179721,91.748145,theft,high
26.177637,91.749313,lost_person,low
26.185864,91.751659,scam,medium
26.180729,91.750811,scam,high
26.182116,91.74931,assault,medium
26.181744,91.749632,scam,medium
26.184148,91.746605,theft,critical
26.182224,91.750766,harassment,medium
26.185066,91.749754,assault,medium
26.180057,91.75117,accident,medium
26.1844,91.7514,accident,medium
26.182032,91.749947,assault,medium
26.185053,91.749042,accident,low
26.178025,91.750984,theft,low
26.177061,91.751586,assault,low
26.186249,91.751308,harassment,high
26.182168,91.747969,assault,medium
26.182222,91.753964,accident,medium
26.18166,91.754444,theft,low
26.181913,91.753559,lost_person,low
26.177956,91.750751,harassment,low
26.181835,91.749351,scam,low
26.184043,91.752721,assault,critical
26.180202,91.753153,accident,medium
26.181434,91.747438,lost_person,medium
26.182359,91.749359,harassment,medium
26.183553,91.751258,accident,medium
26.185721,91.750726,scam,critical
26.183774,91.749004,theft,critical
26.17638,91.751248,harassment,medium
26.182119,91.749527,scam,low
26.178257,91.749504,assault,high
26.183354,91.749902,assault,high
26.178451,91.747695,scam,high
26.180374,91.751301,assault,low
26.181792,91.74898,assault,critical
26.182018,91.749716,lost_person,low
26.181656,91.752495,harassment,medium
26.184378,91.751246,lost_person,low
26.183088,91.74917,accident,low
26.180974,91.750472,harassment,low
26.178821,91.751932,accident,medium
26.179337,91.750257,accident,low
26.17821,91.750845,accident,medium
26.181744,91.749937,assault,medium
26.179332,91.750987,theft,high
26.180917,91.748931,lost_person,low
26.184824,91.753797,harassment,high
26.17832,91.750816,accident,low
26.178905,91.75127,theft,low
26.181076,91.750531,theft,high
26.18251,91.751337,harassment,medium
26.183296,91.748792,assault,medium
26.179318,91.754274,accident,low
26.17911,91.750925,scam,medium
26.183014,91.753135,assault,high
26.183412,91.749395,theft,high
26.182095,91.751131,theft,high
26.181087,91.749945,theft,low
26.180537,91.752275,scam,critical
26.185084,91.748875,accident,high
26.176609,91.751414,accident,high
26.184791,91.752905,lost_person,low
26.18048,91.750918,lost_person,medium
26.181737,91.754256,harassment,high
26.181837,91.747209,lost_person,medium
26.183442,91.746292,scam,medium
26.180614,91.752841,lost_person,medium
26.178784,91.750697,assault,high
26.181049,91.750971,assault,critical
26.182221,91.752957,lost_person,critical
26.180253,91.750152,scam,high
26.181459,91.750218,scam,medium
26.18479,91.751543,lost_person,low
26.18356,91.754863,harassment,low
26.18255,91.751974,theft,low
26.185662,91.751063,lost_person,high
26.180806,91.75117,accident,medium
26.181262,91.751341,scam,medium
26.179659,91.754435,scam,low
26.179918,91.753155,harassment,high
26.179793,91.749493,scam,low
26.183526,91.749957,theft,medium
26.181612,91.750351,harassment,low
26.182282,91.748713,theft,high
26.180122,91.750778,lost_person,low
26.185417,91.749875,assault,medium
26.185151,91.748266,assault,medium
26.181445,91.749903,accident,low
26.179959,91.753148,scam,low
26.183132,91.745062,assault,medium
26.180061,91.75064,scam,high
26.182899,91.750537,scam,high
26.177964,91.749745,assault,medium
26.181345,91.749725,lost_person,high
26.178772,91.749921,scam,high
26.181541,91.751292,scam,medium
26.185136,91.748894,assault,medium
26.1805,91.751189,scam,high
26.18108,91.750196,assault,high
26.180118,91.751305,lost_person,low
26.18298,91.748002,accident,critical
26.187348,91.751753,assault,low
26.180097,91.750921,harassment,low
26.183317,91.750655,harassment,medium
26.180682,91.752321,scam,medium
26.183501,91.749464,theft,medium
26.183363,91.749794,scam,high
26.183562,91.747947,theft,medium
26.182634,91.748381,theft,critical
26.181513,91.750956,lost_person,medium
26.179014,91.748356,assault,high
26.181645,91.750662,theft,medium
26.181506,91.750733,lost_person,medium
26.178535,91.751764,harassment,medium
26.178705,91.75061,assault,low
26.177861,91.753867,accident,critical
26.182369,91.746479,scam,medium
26.180481,91.75088,accident,medium
26.181424,91.75298,scam,medium
26.181364,91.753332,assault,critical
26.180538,91.748093,accident,high
26.18049,91.749095,lost_person,medium
26.180184,91.749,scam,low
26.180271,91.750832,accident,high
26.181481,91.748877,lost_person,low
26.182672,91.751034,scam,low
26.185689,91.749359,scam,high
26.183636,91.746645,assault,critical
26.180365,91.753941,harassment,critical
26.18086,91.748493,accident,low
26.187373,91.748978,theft,medium
26.179061,91.747082,accident,low
26.182493,91.74796,assault,high
26.181679,91.744202,harassment,critical
26.180962,91.75381,assault,low
26.182171,91.749311,lost_person,medium
26.181746,91.747504,theft,high
26.183408,91.747802,lost_person,low
26.184418,91.749349,accident,medium
26.180448,91.746897,harassment,medium
26.180784,91.750132,scam,low
26.184209,91.754793,assault,low
26.181331,91.752326,lost_person,critical
26.182365,91.749382,harassment,medium
26.182943,91.750387,accident,high
26.182713,91.756378,lost_person,low
26.182466,91.747435,harassment,medium
26.182981,91.745515,accident,high
26.180727,91.753228,assault,medium
26.180329,91.75057,theft,critical
26.183077,91.748642,lost_person,medium
26.184508,91.749444,assault,low
26.180155,91.754839,lost_person,medium
26.178345,91.74932,lost_person,low
26.185141,91.751592,harassment,high
26.180359,91.750159,harassment,high
26.180777,91.745666,lost_person,high
26.185893,91.748772,assault,low
26.183228,91.755196,assault,high
26.179153,91.751249,theft,high
26.18062,91.747816,harassment,medium
26.188528,91.744047,harassment,low
26.179858,91.751396,assault,low
26.181432,91.75356,lost_person,low
26.184485,91.752296,theft,high
26.179091,91.754521,accident,low
26.182458,91.749755,harassment,medium
26.181763,91.750831,harassment,medium
26.18477,91.75207,harassment,medium
26.18061,91.748689,theft,medium
26.181775,91.746171,scam,low
26.181857,91.748438,theft,medium
26.183074,91.750727,lost_person,medium
26.182293,91.749326,accident,medium
26.180919,91.750242,harassment,critical
26.179872,91.751287,assault,high
26.179601,91.749562,harassment,high
26.180816,91.747028,harassment,medium
26.18322,91.749355,lost_person,low
26.183226,91.751188,accident,medium
26.180503,91.750748,harassment,high
26.180478,91.752379,accident,low
26.182572,91.750926,scam,low
26.183502,91.753226,scam,medium
26.180325,91.750068,scam,medium
26.17824,91.746368,scam,low
26.180989,91.749033,scam,critical
26.178497,91.753554,lost_person,low
26.179428,91.752997,scam,medium
26.179911,91.749376,assault,medium
26.177431,91.752646,assault,medium
26.184425,91.747822,scam,low
26.180358,91.752465,lost_person,high
26.181745,91.7512,theft,critical
26.178824,91.74975,assault,medium
26.184528,91.750711,harassment,medium
26.185975,91.747889,lost_person,low
26.17704,91.751682,harassment,medium
26.179942,91.748606,theft,medium
26.183237,91.75104,assault,medium
26.178262,91.751699,assault,medium
26.18145,91.749118,lost_person,medium
26.177956,91.751783,lost_person,high
26.182382,91.751166,lost_person,low
26.177721,91.75183,accident,medium
26.181159,91.750159,lost_person,low
26.181255,91.748182,assault,medium
26.179875,91.744854,assault,medium
26.180141,91.749303,scam,low
26.183088,91.750785,scam,medium
26.185656,91.747734,harassment,medium
26.18029,91.75028,assault,medium
26.179145,91.747489,lost_person,medium
26.18048,91.748852,lost_person,low
26.184117,91.751781,harassment,high
26.18196,91.749499,assault,critical
26.17965,91.752583,theft,medium
26.182918,91.74843,harassment,medium
26.181778,91.750869,theft,medium
26.1842,91.749526,harassment,medium
26.178361,91.750366,harassment,high
26.183591,91.744946,lost_person,medium
26.178441,91.753677,scam,low
26.181137,91.747164,harassment,high
26.178158,91.75301,assault,low
26.18136,91.750048,assault,low
26.18381,91.751377,harassment,medium
26.181077,91.749848,accident,low
26.181025,91.748115,harassment,high
26.178098,91.750661,harassment,medium
26.177972,91.75066,lost_person,medium
26.182386,91.755053,scam,low
26.182336,91.752175,theft,medium
26.184322,91.748925,lost_person,high
26.18081,91.752411,accident,low
26.182642,91.752304,accident,medium
26.181113,91.750927,accident,low
26.180989,91.74854,scam,low
26.180807,91.749794,scam,low
26.184901,91.750132,assault,low
26.180994,91.751242,lost_person,medium
26.179738,91.752018,theft,medium
26.183683,91.751062,scam,medium
26.182394,91.749832,accident,low
26.180044,91.751945,lost_person,medium
26.183795,91.751421,assault,low
26.181715,91.750611,assault,low
26.182632,91.750369,harassment,medium
26.183618,91.749212,accident,medium
26.18617,91.748803,theft,low
26.180627,91.749512,harassment,critical
26.18158,91.751452,assault,medium
26.18425,91.749874,harassment,high
26.185908,91.746394,lost_person,critical
26.182762,91.749109,accident,high
26.183323,91.751313,accident,low
26.179185,91.751353,theft,low
26.182335,91.745793,accident,medium
26.179146,91.750771,lost_person,high
26.182456,91.744684,scam,low
26.188853,91.754291,theft,critical
26.183785,91.747626,assault,low
26.182644,91.747894,scam,critical
26.183902,91.751834,assault,high
26.182883,91.749754,accident,low
26.177858,91.751845,lost_person,critical
26.179479,91.746007,accident,low
26.181892,91.75127,lost_person,low
26.184082,91.750176,harassment,medium
26.180614,91.747984,accident,low
26.180968,91.749728,theft,high
26.185459,91.750377,theft,low
26.181196,91.747789,harassment,low
26.183133,91.747746,scam,medium
26.17897,91.74962,accident,low
26.179008,91.750888,harassment,critical
26.180422,91.750128,scam,low
26.182372,91.75301,assault,low
26.182456,91.753353,assault,medium
26.182095,91.752402,accident,low
26.179995,91.749034,accident,low
26.181842,91.752942,scam,high
26.177924,91.749409,scam,low
26.181489,91.751757,harassment,low
26.181138,91.752268,harassment,high
26.186133,91.748239,scam,low
26.180872,91.749479,theft,low
26.184401,91.751852,lost_person,low
26.183668,91.748139,lost_person,medium
26.181855,91.75256,lost_person,medium
26.181192,91.751811,lost_person,medium
26.183665,91.750221,harassment,high
26.182623,91.75124,harassment,high
26.182112,91.749449,accident,high
26.181734,91.754996,harassment,medium
26.181597,91.749988,scam,medium
26.180805,91.745354,assault,high
26.180088,91.746781,scam,medium
26.185597,91.746707,lost_person,critical
26.18189,91.747338,theft,high
26.178677,91.749556,harassment,medium
26.180545,91.75014,lost_person,medium
26.179047,91.749062,harassment,medium
26.180851,91.750879,assault,medium
26.179967,91.750101,harassment,high
26.183551,91.751935,theft,high
26.178665,91.746929,assault,high
26.181862,91.750144,theft,medium
26.184759,91.749658,harassment,high
26.183488,91.748197,accident,medium
26.180854,91.754451,theft,high
26.181817,91.75155,theft,low
26.183145,91.755821,accident,low
26.179199,91.749798,assault,high
26.187253,91.749793,theft,high
26.181855,91.749775,accident,high
26.177471,91.749398,theft,medium
26.182944,91.745945,harassment,low
26.178985,91.751002,lost_person,high
26.180354,91.750152,theft,low
26.179914,91.748264,scam,high
26.184872,91.747075,theft,medium
26.176747,91.750841,theft,medium
26.184688,91.75215,theft,low
26.180006,91.747803,lost_person,medium
26.181077,91.750416,theft,medium
26.181288,91.752053,scam,low
26.180655,91.750306,lost_person,medium
26.183182,91.749725,theft,medium
26.182929,91.753979,scam,medium
26.181434,91.747772,lost_person,medium
26.182508,91.747775,harassment,medium
26.183982,91.752339,accident,medium
26.182267,91.750824,assault,critical
26.178963,91.74851,harassment,medium
26.184469,91.750946,scam,low
26.176355,91.751537,harassment,low
26.178912,91.750307,assault,low
26.182785,91.750298,scam,low
26.178821,91.75102,theft,high
26.180232,91.751122,assault,low
26.182504,91.753087,assault,low
26.183414,91.748348,accident,low
26.183818,91.75037,assault,low
26.178656,91.749475,harassment,low
26.182178,91.750573,accident,medium
26.179833,91.751754,accident,medium
26.183671,91.749674,assault,medium
26.18281,91.749349,assault,medium
26.181466,91.748231,harassment,medium
26.181571,91.750677,assault,medium
26.184723,91.750733,theft,low
26.181787,91.754635,harassment,medium
26.181637,91.749225,harassment,medium
26.178617,91.750762,assault,medium
26.182676,91.751705,accident,high
26.18511,91.750256,scam,low
26.178918,91.7487,assault,critical
26.181108,91.751289,lost_person,low
26.182089,91.749749,scam,critical
26.182142,91.746483,lost_person,low
26.184884,91.747996,harassment,low
26.186444,91.748407,assault,critical
26.182075,91.749636,accident,critical
26.183905,91.751838,lost_person,low
26.181594,91.751954,scam,medium
26.181834,91.751196,harassment,low
26.182483,91.750285,theft,critical
26.181967,91.748338,assault,medium
26.185019,91.750041,accident,medium
26.179472,91.750867,accident,medium
26.183603,91.751865,assault,low
26.181112,91.74626,scam,critical
26.184974,91.749973,scam,medium
26.181402,91.750925,accident,high
26.180017,91.754146,theft,medium
26.183757,91.751366,scam,low
26.181022,91.748137,scam,medium
26.179755,91.751793,lost_person,low
26.181283,91.751633,accident,high
26.182133,91.748044,theft,medium
26.179326,91.754551,harassment,low
26.183922,91.74805,accident,high
26.183259,91.749603,assault,medium
26.178825,91.752369,lost_person,medium
26.184484,91.750972,scam,low
26.181514,91.747279,assault,low
26.183981,91.748374,lost_person,medium
26.18358,91.745798,harassment,low
26.181822,91.751367,scam,low
26.178156,91.74987,accident,low
26.180451,91.750632,assault,medium
26.183105,91.746732,harassment,low
26.179284,91.747872,lost_person,medium
26.182223,91.74923,harassment,low
26.179133,91.750343,scam,medium
26.183758,91.747991,harassment,low
26.18094,91.751001,harassment,medium
26.179967,91.752767,accident,low
26.184334,91.749449,accident,medium
26.186847,91.748567,scam,high
26.176412,91.752532,scam,medium
26.181127,91.74806,accident,medium
26.183846,91.752869,accident,medium
26.180877,91.752017,assault,critical
26.180901,91.751598,accident,medium
26.18406,91.750868,lost_person,high
26.182262,91.752365,harassment,high
26.178577,91.750441,harassment,low
26.179043,91.750805,assault,high
26.180418,91.749934,scam,medium
26.180075,91.751682,lost_person,medium
26.183242,91.74956,assault,critical
26.17971,91.74632,lost_person,low
26.182311,91.75475,theft,low
26.183796,91.749325,lost_person,critical
26.182809,91.750328,accident,low
26.182222,91.75025,assault,medium
26.185083,91.750514,accident,medium
26.182761,91.755799,harassment,high
26.181941,91.75222,accident,medium
26.18248,91.746458,scam,low
26.178617,91.753339,accident,medium
26.182245,91.75178,theft,high
26.18226,91.751154,lost_person,high
26.180409,91.752042,assault,low
26.180373,91.754542,accident,critical
26.183065,91.749051,scam,high
26.181001,91.752157,scam,medium
26.178609,91.752904,assault,medium
26.180939,91.749632,scam,high
26.181812,91.75453,scam,low
26.179653,91.750975,theft,high
26.179117,91.751793,lost_person,medium
26.182963,91.750704,scam,critical
26.181192,91.750801,accident,low
26.17847,91.751522,accident,low
26.180755,91.753725,accident,low
26.181003,91.755018,lost_person,low
26.177492,91.750748,scam,low
26.183185,91.747804,scam,medium
26.182503,91.750464,scam,high
26.182204,91.750817,scam,low
26.181852,91.747039,accident,critical
26.181237,91.752299,accident,medium
26.180253,91.752683,harassment,medium
26.186901,91.749751,scam,high
26.182362,91.752758,lost_person,high
26.183466,91.75061,harassment,low
26.179912,91.749682,scam,high
26.185007,91.751451,assault,low
26.180978,91.748739,theft,critical
26.182334,91.750182,harassment,low
26.179933,91.751528,theft,high
26.183573,91.751721,accident,high
26.181698,91.754319,assault,low
26.181646,91.748124,lost_person,medium
26.182534,91.750042,assault,high
26.180449,91.747472,lost_person,low
26.179249,91.748717,scam,medium
26.182206,91.751936,assault,medium
26.176654,91.752634,lost_person,critical
26.182477,91.748907,scam,low
26.185157,91.750602,harassment,high
26.181955,91.748872,theft,low
26.185535,91.748731,scam,high
26.185618,91.751411,assault,medium
26.180139,91.748442,theft,medium
26.181974,91.749797,lost_person,medium
26.182212,91.749618,accident,low
26.185489,91.750206,assault,medium
26.179635,91.751931,accident,high
26.179205,91.74999,theft,low
26.178386,91.745196,scam,medium
26.1815,91.751922,lost_person,low
26.182881,91.747281,harassment,medium
26.178395,91.751744,assault,medium
26.183977,91.751207,theft,low
26.179783,91.749966,assault,medium
26.18336,91.748507,assault,critical
26.182112,91.745684,assault,high
26.182936,91.749161,assault,medium
26.180042,91.748962,assault,medium
26.182027,91.74785,lost_person,high
26.183271,91.753571,accident,medium
26.179795,91.751585,harassment,medium
26.180553,91.746946,theft,high
26.180364,91.75059,accident,low
26.18122,91.753135,scam,high
26.183817,91.748392,scam,medium
26.183216,91.748022,harassment,medium
26.183565,91.75029,accident,high
26.182049,91.75338,lost_person,medium
26.183063,91.750263,lost_person,low
26.178304,91.747449,harassment,high
26.181928,91.748147,lost_person,medium
26.178032,91.753313,theft,medium
26.179778,91.74859,assault,medium
26.181621,91.748266,theft,low
26.185923,91.74801,harassment,low
26.183826,91.750401,accident,low
26.182407,91.749856,accident,low
26.184122,91.755151,lost_person,medium
26.181642,91.751443,assault,medium
26.182814,91.749274,lost_person,medium
26.178786,91.7475,assault,high
26.177956,91.750615,accident,medium
26.181352,91.751395,harassment,medium
26.180462,91.751485,theft,low
26.181673,91.747904,assault,critical
26.181522,91.751887,accident,low
26.181979,91.74571,lost_person,low
26.184412,91.751275,scam,medium
26.184418,91.745071,theft,medium
26.183461,91.751967,harassment,medium
26.182078,91.746246,assault,low
26.189209,91.75501,harassment,low
26.176612,91.751479,accident,medium
26.181243,91.753585,scam,medium
26.179189,91.7526,harassment,high
26.182431,91.748674,scam,high
26.183424,91.75251,theft,high
26.181944,91.752844,scam,low
26.181443,91.747533,lost_person,high
26.181568,91.744697,scam,medium
26.180525,91.75159,harassment,high
26.181755,91.749482,scam,low
26.182959,91.75373,theft,low
26.181248,91.751717,harassment,medium
26.179054,91.749691,accident,medium
26.182674,91.749161,accident,high
26.182696,91.749891,harassment,high
26.178346,91.748967,theft,low
26.182696,91.749561,theft,medium
26.183663,91.752163,accident,low
26.182454,91.748654,harassment,high
26.180669,91.751058,theft,low
26.179908,91.750465,lost_person,high
26.180055,91.75114,theft,high
26.180978,91.751216,theft,high
26.180821,91.753735,harassment,medium
26.181742,91.749319,harassment,medium
26.182064,91.751028,accident,high
26.183105,91.750956,lost_person,medium
26.184223,91.749553,assault,medium
26.181155,91.750759,lost_person,low
26.184206,91.75247,harassment,high
26.179984,91.747606,scam,medium
26.180831,91.752994,accident,high
26.184049,91.752092,accident,medium
26.184352,91.747629,assault,medium
26.183142,91.750285,theft,low
26.18243,91.748166,accident,critical
26.179069,91.753266,lost_person,low
26.18619,91.751732,lost_person,medium
26.184698,91.749431,scam,medium
26.177469,91.751886,accident,high
26.181232,91.74845,lost_person,critical
26.178919,91.748624,theft,low
26.176992,91.753284,accident,low
26.179641,91.751874,assault,high
26.183826,91.751934,assault,medium
26.179724,91.746974,theft,medium
26.178137,91.754703,scam,medium
26.183196,91.749891,lost_person,medium
26.179927,91.747574,theft,critical
26.180103,91.748252,lost_person,high
26.179408,91.753404,assault,high
26.184576,91.753158,scam,high
26.184425,91.751221,theft,low
26.178502,91.751931,theft,high
26.17618,91.753893,lost_person,medium
26.18062,91.74838,harassment,medium
26.181992,91.751109,assault,high
26.182537,91.74945,harassment,medium
26.181441,91.75219,lost_person,high
26.182829,91.751037,lost_person,low
26.179405,91.753254,accident,medium
26.180589,91.754206,theft,low
26.179347,91.746207,harassment,critical
26.184071,91.75299,assault,critical
26.183979,91.7491,theft,medium
26.18279,91.747227,lost_person,medium
26.18576,91.751203,theft,high
26.178752,91.750885,accident,medium
26.180476,91.750901,accident,medium
26.1814,91.750944,accident,medium
26.182116,91.752509,scam,low
26.181185,91.754179,lost_person,medium
26.178933,91.750132,assault,low
26.181506,91.750914,assault,low
26.181865,91.753896,assault,high
26.183243,91.74662,harassment,critical
26.18206,91.749415,harassment,medium
26.185011,91.749508,theft,medium
26.173881,91.751008,accident,medium
26.184669,91.752989,assault,high
26.178198,91.751892,theft,medium
26.185057,91.749533,accident,medium
26.183747,91.753176,scam,high
26.178974,91.750172,scam,medium
26.181981,91.752436,accident,high
26.180989,91.749256,lost_person,low
26.184953,91.749182,assault,high
26.186258,91.751862,lost_person,low
26.183143,91.752419,accident,low
26.180757,91.747786,lost_person,medium
26.180132,91.749308,theft,high
26.183115,91.754074,scam,medium
26.184665,91.747896,accident,low
26.180799,91.747444,lost_person,medium
26.17999,91.748058,assault,medium
26.181862,91.7543,assault,critical
26.181227,91.750763,scam,medium
26.180514,91.751403,accident,high
26.182253,91.746725,theft,high
26.182482,91.749744,assault,low
26.180465,91.752968,accident,low
26.183255,91.756253,theft,medium
26.179362,91.752097,assault,critical
26.182124,91.751443,accident,high
26.18283,91.754551,assault,high
26.183882,91.747159,lost_person,medium
26.179673,91.749553,lost_person,medium
26.182728,91.750313,lost_person,high
26.18109,91.751478,scam,low
26.183295,91.749818,accident,medium
26.18007,91.751543,harassment,low
26.18361,91.748121,accident,low
26.181718,91.751497,accident,high
26.178353,91.750863,scam,high
26.179178,91.751229,scam,low
26.183375,91.750957,assault,medium
26.182876,91.746276,scam,medium
26.182186,91.752232,theft,high
26.18119,91.747884,assault,low
26.183666,91.75138,harassment,medium
26.179005,91.751786,theft,critical
26.184684,91.752598,assault,medium
26.185646,91.752582,accident,medium
26.18143,91.747994,theft,high
26.180398,91.750328,harassment,low
26.179773,91.75063,lost_person,medium
26.179556,91.748028,lost_person,medium
26.182702,91.751417,scam,medium
26.181862,91.748706,scam,medium
26.184127,91.751659,theft,low
26.179505,91.749531,accident,high
26.182189,91.752179,lost_person,medium
26.18097,91.750621,harassment,medium
26.179834,91.753727,assault,high
26.180402,91.749945,harassment,medium
26.180713,91.754587,harassment,critical
26.182071,91.752267,accident,high
26.181244,91.748346,theft,low
26.182785,91.750353,assault,low
26.178668,91.748117,harassment,high
26.178704,91.751626,accident,medium
26.183706,91.750293,lost_person,medium
26.180716,91.746745,accident,medium
26.177754,91.748512,harassment,low
26.183748,91.751946,scam,high
26.183372,91.750168,lost_person,high
26.178695,91.752599,assault,low
26.180444,91.750571,harassment,medium
26.183902,91.747406,lost_person,medium
26.183153,91.748811,assault,low
26.179153,91.750558,scam,low
26.180458,91.748826,accident,critical
26.182087,91.751969,theft,medium
26.181861,91.751394,assault,medium
26.181569,91.75191,lost_person,high
26.181502,91.748248,theft,critical
26.181758,91.747766,scam,high
26.178277,91.747074,lost_person,low
26.1866,91.75049,lost_person,medium
26.183808,91.753161,lost_person,high
26.1835,91.751265,lost_person,high
26.176593,91.74714,theft,low
26.183234,91.751397,accident,medium
26.174776,91.753364,theft,medium
26.180237,91.749924,scam,low
26.185146,91.752456,accident,critical
26.176878,91.752173,theft,critical
26.177125,91.752237,assault,low
26.182854,91.750376,accident,critical
26.185664,91.751307,harassment,medium
26.180742,91.748181,theft,medium
26.178283,91.752123,scam,low
26.183168,91.752917,theft,medium
26.180018,91.747846,harassment,medium
26.182969,91.754193,lost_person,high
26.181739,91.750543,accident,low
26.185453,91.74833,harassment,medium
26.184199,91.751954,theft,high
26.181803,91.747761,assault,low
26.182383,91.749466,harassment,low
26.180311,91.751111,theft,medium
26.184348,91.749871,assault,low
26.178851,91.748491,theft,low
26.181174,91.751096,theft,medium
26.181149,91.751869,harassment,medium
26.182719,91.74984,scam,medium
26.178682,91.751047,harassment,medium
26.181665,91.750714,scam,low
26.183928,91.75115,scam,high
26.18173,91.751536,accident,low
26.181375,91.752602,accident,high
26.184551,91.75198,harassment,medium
26.181952,91.75025,lost_person,low
26.184566,91.74832,harassment,low
26.179091,91.749375,theft,high
26.18189,91.748857,accident,medium
26.184352,91.750801,accident,low
26.183646,91.74764,scam,high
26.184443,91.748013,scam,medium
26.181114,91.749256,lost_person,low
26.178838,91.748874,theft,medium
26.178233,91.751777,theft,low
26.180099,91.75142,scam,medium
26.182268,91.748953,theft,medium
26.185108,91.750233,scam,high
26.177989,91.752434,scam,low
26.17692,91.753183,scam,critical
26.180799,91.753219,theft,medium
26.179458,91.754592,harassment,medium
26.184559,91.752417,scam,critical
26.180461,91.747366,scam,medium
26.178161,91.748087,accident,medium
26.182738,91.748833,theft,medium
26.183081,91.750098,assault,medium
26.184806,91.749327,assault,medium
26.179302,91.753554,assault,medium
26.184768,91.749793,lost_person,low
26.178094,91.750033,assault,critical
26.18306,91.747907,lost_person,medium
26.182571,91.752576,scam,high
26.180486,91.749463,accident,low
26.180972,91.750436,theft,medium
26.187333,91.750821,assault,high
26.183775,91.748431,theft,high
26.182397,91.75151,lost_person,high
26.183531,91.747227,assault,medium
26.184795,91.748011,theft,medium
26.182181,91.748398,theft,medium
26.184932,91.751192,scam,low
26.180121,91.750864,lost_person,medium
26.180522,91.748868,scam,low
26.178593,91.748869,theft,medium
26.18249,91.750963,harassment,low
26.183127,91.748614,scam,medium
26.181319,91.752574,theft,medium
26.183726,91.752704,theft,high
26.182141,91.753801,harassment,medium
26.182735,91.75024,theft,low
26.17681,91.753266,theft,low
26.183209,91.751172,harassment,high
26.1828,91.754787,theft,high
26.182516,91.755431,lost_person,medium
26.177164,91.750516,scam,critical
26.180597,91.747078,lost_person,medium
26.181755,91.748325,accident,medium
26.185851,91.746523,scam,critical
26.179729,91.749381,assault,medium
26.178703,91.750676,scam,low
26.181697,91.752826,lost_person,high
26.176978,91.748726,harassment,medium
26.182846,91.748816,lost_person,medium
26.182386,91.74916,scam,high
26.183721,91.750332,scam,medium
26.181516,91.748907,accident,high
26.181452,91.746169,scam,high
26.179265,91.751315,theft,high
26.178927,91.751441,harassment,low
26.178857,91.751566,theft,medium
26.185614,91.749433,theft,low
26.184815,91.748522,harassment,high
26.181327,91.757285,theft,medium
26.182127,91.749693,lost_person,high
26.179158,91.748192,theft,medium
26.183908,91.746487,assault,medium
26.180858,91.7492,scam,medium
26.181554,91.747371,harassment,low
26.188748,91.752433,lost_person,medium
26.179993,91.748707,harassment,low
26.178454,91.750171,theft,critical
26.181969,91.752429,theft,medium
26.179473,91.749139,theft,medium
26.181007,91.747675,harassment,high
26.183376,91.746782,accident,medium
26.184142,91.748891,accident,medium
26.180467,91.752511,accident,high
26.181656,91.751155,accident,medium
26.177804,91.75016,harassment,high
26.179929,91.750858,assault,medium
26.182862,91.750761,accident,high
26.18215,91.748959,lost_person,high
26.178632,91.750216,scam,high
26.186107,91.753624,accident,medium
26.182988,91.752916,scam,low
26.180378,91.754304,scam,medium
26.17794,91.753744,lost_person,low
26.182203,91.747354,lost_person,medium
26.184818,91.749057,harassment,low
26.181744,91.751506,assault,high
26.180268,91.749905,theft,low
26.182636,91.750228,harassment,medium
26.182711,91.748929,theft,high
26.177742,91.750725,lost_person,high
26.182591,91.747172,harassment,medium
26.181831,91.749418,lost_person,medium
26.182881,91.750664,harassment,low
26.180719,91.749528,lost_person,medium
26.180792,91.753025,theft,low
26.17706,91.745478,theft,low
26.18364,91.751452,lost_person,low
26.183208,91.751016,theft,low
26.179915,91.752302,accident,critical
26.181256,91.747625,theft,low
26.182895,91.749955,assault,medium
26.181234,91.753946,theft,high
26.184043,91.751242,theft,medium
26.182818,91.749421,accident,medium
26.180259,91.747531,theft,critical
26.18125,91.747231,lost_person,low
26.181947,91.751621,scam,medium
26.182194,91.754206,scam,low
26.176893,91.746274,harassment,medium
26.182755,91.742143,scam,high
26.18551,91.742851,accident,low
26.179734,91.743821,assault,high
26.183184,91.745411,scam,high
26.182682,91.743307,theft,critical
26.17972,91.744082,theft,medium
26.182672,91.74278,harassment,high
26.18283,91.744103,harassment,low
26.185248,91.745038,theft,low
26.18117,91.744257,accident,low
26.184558,91.742894,scam,high
26.185098,91.745652,assault,low
26.184597,91.741698,harassment,low
26.181139,91.741738,assault,medium
26.183907,91.742059,harassment,low
26.18647,91.740135,theft,high
26.182373,91.740464,assault,critical
26.181855,91.743178,assault,low
26.188932,91.74534,accident,low
26.183629,91.742543,lost_person,medium
26.186278,91.74469,lost_person,low
26.182428,91.744846,theft,medium
26.1819,91.744043,harassment,medium
26.183936,91.742237,theft,high
26.185341,91.743081,assault,medium
26.181871,91.742995,scam,high
26.185651,91.74696,scam,low
26.184942,91.74281,theft,high
26.190787,91.740768,accident,medium
26.184439,91.741733,scam,high
26.180178,91.745211,theft,low
26.184826,91.744486,assault,high
26.183491,91.74166,harassment,medium
26.180405,91.743825,theft,low
26.181739,91.745805,theft,medium
26.185383,91.743524,assault,low
26.182508,91.743929,assault,high
26.180168,91.742647,accident,critical
26.187662,91.741576,accident,low
26.183764,91.747304,harassment,medium
26.181702,91.742215,theft,low
26.187452,91.744469,harassment,low
26.182859,91.743778,harassment,medium
26.186093,91.742592,theft,low
26.182396,91.744437,scam,low
26.182238,91.740832,accident,critical
26.18003,91.745499,scam,critical
26.183782,91.744074,accident,critical
26.179141,91.741988,theft,low
26.183291,91.743419,theft,low
26.184399,91.741074,assault,medium
26.18078,91.747019,theft,medium
26.181448,91.742392,assault,medium
26.181705,91.74774,assault,medium
26.183808,91.741834,assault,medium
26.182923,91.744057,harassment,medium
26.18254,91.745136,theft,low
26.180259,91.744545,assault,low
26.186763,91.746409,lost_person,medium
26.181846,91.743138,harassment,high
26.18368,91.742108,theft,high
26.184174,91.742411,lost_person,medium
26.180832,91.743853,harassment,low
26.179695,91.743043,theft,medium
26.184482,91.742096,scam,low
26.182435,91.741894,harassment,low
26.181535,91.744464,theft,low
26.181212,91.744662,harassment,medium
26.184414,91.743104,theft,medium
26.185877,91.739609,harassment,medium
26.180801,91.744073,assault,medium
26.185015,91.74961,accident,medium
26.180825,91.746258,scam,high
26.179848,91.742079,assault,high
26.185555,91.746736,lost_person,high
26.181363,91.743502,lost_person,low
26.178135,91.744754,scam,low
26.183083,91.743755,theft,low
26.179606,91.743797,scam,high
26.183873,91.743721,lost_person,high
26.182156,91.740847,harassment,medium
26.185082,91.74482,accident,medium
26.182084,91.744871,scam,medium
26.180726,91.743229,theft,medium
26.182647,91.742976,accident,high
26.185178,91.745019,theft,low
26.180345,91.746734,lost_person,medium
26.187161,91.742153,accident,critical
26.185464,91.739913,assault,medium
26.183637,91.744684,assault,critical
26.184253,91.74134,harassment,medium
26.182503,91.745266,lost_person,low
26.182387,91.742602,theft,low
26.183619,91.740026,lost_person,medium
26.182052,91.742409,accident,medium
26.18416,91.741321,assault,medium
26.184821,91.741266,theft,medium
26.187057,91.749149,theft,low
26.180954,91.744941,theft,medium
26.185061,91.738791,harassment,medium
26.185489,91.747853,scam,low
26.187424,91.748836,harassment,medium
26.185474,91.743233,assault,low
26.184872,91.743931,scam,medium
26.183009,91.741131,lost_person,low
26.183814,91.74109,accident,medium
26.185016,91.740216,assault,medium
26.182676,91.745797,theft,high
26.184449,91.744785,assault,medium
26.184213,91.744957,assault,medium
26.182289,91.748301,scam,medium
26.187519,91.743184,assault,high
26.185029,91.743431,harassment,medium
26.180878,91.743894,accident,low
26.181829,91.74087,assault,low
26.180345,91.743081,assault,low
26.183507,91.743421,scam,medium
26.179933,91.745225,assault,high
26.183473,91.740974,lost_person,high
26.185398,91.745268,scam,low
26.184861,91.743331,accident,low
26.188324,91.740372,lost_person,low
26.184199,91.742627,theft,medium
26.184872,91.742454,assault,critical
26.181038,91.742268,theft,high
26.184598,91.743288,scam,low
26.181441,91.743623,assault,high
26.182739,91.74771,accident,medium
26.183942,91.744444,scam,low
26.18571,91.742463,scam,high
26.186104,91.742754,assault,medium
26.180923,91.742707,accident,medium
26.184768,91.742136,lost_person,low
26.183917,91.744983,scam,low
26.184339,91.741075,scam,low
26.185748,91.741697,accident,medium
26.185545,91.746705,accident,critical
26.187404,91.74127,scam,low
26.184817,91.742674,lost_person,medium
26.183691,91.744218,scam,medium
26.183352,91.748432,theft,medium
26.181269,91.742086,theft,medium
26.182039,91.739569,scam,medium
26.185397,91.744688,accident,low
26.18015,91.743586,theft,low
26.181198,91.740685,assault,low
26.185769,91.744442,harassment,medium
26.180424,91.744687,scam,critical
26.183032,91.745964,lost_person,low
26.180685,91.744529,accident,high
26.183345,91.744252,assault,medium
26.185782,91.742076,theft,critical
26.180924,91.745954,lost_person,medium
26.1825,91.745592,assault,critical
26.18192,91.743281,scam,medium
26.18617,91.741952,accident,high
26.183459,91.745121,theft,critical
26.184663,91.743876,harassment,low
26.183149,91.743991,theft,high
26.183146,91.741951,lost_person,medium
26.185394,91.745147,lost_person,high
26.18238,91.744659,assault,high
26.179671,91.747901,accident,low
26.182386,91.745389,lost_person,medium
26.180211,91.741499,lost_person,high
26.179635,91.743822,lost_person,high
26.185792,91.745017,accident,critical
26.186146,91.748648,scam,medium
26.182248,91.740446,accident,medium
26.186611,91.744888,scam,high
26.185599,91.739155,assault,high
26.184185,91.741561,assault,low
26.183489,91.742733,scam,low
26.18225,91.744189,scam,high
26.182534,91.742141,lost_person,medium
26.188956,91.745055,theft,high
26.183671,91.746513,harassment,low
26.180368,91.741692,harassment,high
26.180185,91.745412,lost_person,low
26.183839,91.744855,scam,low
26.183303,91.742062,accident,medium
26.182863,91.745137,lost_person,medium
26.182377,91.74124,harassment,low
26.184189,91.743683,theft,high
26.18715,91.742217,lost_person,medium
26.180275,91.742561,scam,medium
26.18219,91.748139,accident,medium
26.184922,91.748262,scam,medium
26.184439,91.742188,theft,medium
26.182035,91.743278,assault,medium
26.181577,91.745793,theft,low
26.184036,91.741658,accident,medium
26.183995,91.744463,accident,high
26.181438,91.74648,theft,high
26.182824,91.745251,lost_person,high
26.181885,91.74237,theft,medium
26.183438,91.743413,assault,medium
26.182498,91.743021,assault,medium
26.183751,91.744539,scam,high
26.185751,91.740583,harassment,low
26.187818,91.741439,accident,medium
26.182721,91.739407,accident,low
26.186649,91.74345,harassment,high
26.182678,91.744277,harassment,critical
26.187416,91.743045,scam,medium
26.182281,91.744429,scam,low
26.184541,91.745178,harassment,high
26.182794,91.741192,accident,low
26.185368,91.74239,harassment,medium
26.182081,91.742953,assault,low
26.180377,91.74502,lost_person,medium
26.185539,91.744772,harassment,critical
26.186429,91.744724,theft,high
26.185803,91.744664,assault,low
26.186443,91.742876,scam,medium
26.179447,91.739903,scam,low
26.186568,91.740511,lost_person,high
26.182485,91.74129,scam,medium
26.183977,91.742257,scam,medium
26.18707,91.741846,harassment,medium
26.183056,91.745273,theft,high
26.182207,91.744236,lost_person,high
26.180782,91.741377,harassment,high
26.181143,91.745645,harassment,low
26.178875,91.74415,harassment,low
26.184976,91.742675,assault,high
26.185915,91.740119,accident,high
26.182333,91.744568,accident,medium
26.184099,91.748852,theft,low
26.183038,91.74458,accident,high
26.184466,91.743265,lost_person,medium
26.179069,91.744645,harassment,medium
26.180031,91.742759,accident,high
26.18139,91.746939,lost_person,high
26.184014,91.743423,assault,low
26.182792,91.747326,theft,low
26.184351,91.743479,scam,low
26.183359,91.746784,theft,medium
26.188812,91.74583,accident,high
26.18153,91.741885,harassment,high
26.182702,91.746436,assault,medium
26.182392,91.740029,theft,medium
26.184955,91.742851,assault,medium
26.183519,91.745666,assault,low
26.186141,91.740552,harassment,low
26.183844,91.743212,scam,medium
26.185072,91.745729,scam,low
26.183114,91.743337,assault,critical
26.181935,91.739625,lost_person,medium
26.184289,91.74866,harassment,medium
26.183567,91.745633,lost_person,critical
26.184258,91.741573,theft,low
26.184683,91.742484,assault,medium
26.182422,91.745354,scam,high
26.183504,91.740825,scam,medium
26.187074,91.742301,harassment,medium
26.187733,91.743906,theft,medium
26.18047,91.742851,theft,medium
26.185787,91.741109,lost_person,high
26.183748,91.742455,harassment,medium
26.18153,91.740498,harassment,high
26.18298,91.743952,accident,critical
26.180126,91.743902,assault,low
26.181182,91.744665,theft,high
26.182515,91.740345,lost_person,high
26.182582,91.740942,assault,high
26.183557,91.742593,lost_person,medium
26.182234,91.742587,accident,low
26.184872,91.740556,assault,high
26.18456,91.745535,accident,medium
26.183962,91.741739,harassment,low
26.184029,91.737861,theft,critical
26.179818,91.739285,lost_person,medium
26.179455,91.744966,assault,low
26.184844,91.744146,lost_person,low
26.183615,91.740132,assault,medium
26.181045,91.741334,scam,medium
26.180458,91.745121,theft,low
26.182147,91.741747,theft,medium
26.182212,91.741485,lost_person,medium
26.186922,91.742098,lost_person,medium
26.184392,91.74249,accident,low
26.184181,91.741171,lost_person,critical
26.186003,91.741441,theft,low
26.186419,91.742311,accident,low
26.190036,91.743317,scam,high
26.182906,91.746597,assault,high
26.184354,91.747478,assault,critical
26.186176,91.741536,harassment,high
26.18531,91.745268,assault,medium
26.182456,91.742834,lost_person,low
26.181852,91.74391,lost_person,high
26.18344,91.743002,assault,low
26.183566,91.738381,harassment,medium
26.185624,91.744417,lost_person,critical
26.185279,91.744154,accident,medium
26.183494,91.741634,accident,high
26.18305,91.74303,scam,medium
26.18033,91.7417,lost_person,low
26.183006,91.743736,accident,low
26.186108,91.745149,lost_person,high
26.180577,91.742605,theft,low
26.178607,91.746141,theft,low
26.184372,91.745742,accident,low
26.181013,91.745701,harassment,medium
26.182658,91.742672,theft,critical
26.180866,91.739717,scam,medium
26.182702,91.744626,assault,medium
26.184133,91.741477,harassment,high
26.185294,91.741546,assault,medium
26.186182,91.741317,theft,low
26.185077,91.742741,assault,medium
26.182425,91.743776,lost_person,medium
26.180894,91.744244,scam,low
26.184373,91.74417,assault,high
26.182025,91.744537,harassment,high
26.182242,91.739703,scam,low
26.185046,91.743483,lost_person,medium
26.181608,91.741267,assault,critical
26.183276,91.73821,scam,high
26.181537,91.739858,assault,high
26.1833,91.745237,harassment,low
26.181077,91.741234,lost_person,medium
26.180839,91.746366,theft,medium
26.187135,91.743855,harassment,low
26.181189,91.74159,accident,high
26.185169,91.745576,harassment,medium
26.182113,91.746897,lost_person,high
26.184039,91.740843,harassment,low
26.187142,91.742873,harassment,low
26.184877,91.743587,accident,medium
26.186756,91.745853,scam,critical
26.179003,91.7433,scam,medium
26.185791,91.74304,accident,high
26.185817,91.744376,accident,medium
26.184337,91.745236,accident,medium
26.181856,91.747223,lost_person,medium
26.184437,91.74358,accident,high
26.181973,91.740044,harassment,medium
26.18297,91.741647,accident,critical
26.182261,91.743654,lost_person,medium
26.18398,91.742401,assault,critical
26.182533,91.748615,scam,medium
26.181796,91.74398,theft,low
26.181636,91.740265,accident,low
26.183339,91.741884,harassment,medium
26.181519,91.737924,scam,medium
26.183309,91.743924,harassment,medium
26.182234,91.742554,accident,medium
26.18157,91.741967,theft,low
26.179108,91.743742,theft,high
26.187901,91.743527,harassment,low
26.186577,91.742762,assault,low
26.184458,91.741182,harassment,low
26.184125,91.743209,scam,medium
26.1827,91.742188,lost_person,high
26.187888,91.746116,harassment,low
26.181533,91.747499,accident,medium
26.183245,91.742293,theft,high
26.1859,91.743119,assault,medium
26.186225,91.746595,assault,critical
26.18412,91.745645,theft,medium
26.18526,91.743237,assault,high
26.183042,91.743384,assault,low
26.185972,91.742345,accident,medium
26.182819,91.744266,assault,medium
26.184895,91.743331,accident,medium
26.185026,91.743303,lost_person,high
26.185092,91.742379,harassment,low
26.18342,91.746484,scam,high
26.182531,91.744707,scam,medium
26.183447,91.744666,accident,low
26.183733,91.744316,harassment,high
26.183665,91.738824,harassment,medium
26.183861,91.742962,scam,high
26.184649,91.743774,harassment,medium
26.184247,91.745789,lost_person,low
26.184157,91.739819,theft,low
26.182089,91.74566,assault,low
26.181048,91.744868,theft,high
26.186739,91.74342,accident,high
26.185166,91.741657,theft,low
26.180761,91.742267,lost_person,high
26.183725,91.742022,accident,medium
26.184112,91.742656,assault,medium
26.17953,91.745573,accident,medium
26.182742,91.747501,theft,medium
26.184699,91.745069,assault,low
26.186779,91.748777,accident,low
26.183133,91.744074,harassment,low
26.184088,91.742995,assault,medium
26.183721,91.747235,accident,low
26.183052,91.742628,theft,low
26.182717,91.741099,lost_person,medium
26.182327,91.744817,assault,low
26.183609,91.744467,assault,low
26.183372,91.74117,assault,low
26.184299,91.740838,accident,low
26.180455,91.747291,lost_person,high
26.18308,91.740929,theft,medium
26.178965,91.743704,lost_person,high
26.182884,91.745928,assault,medium
26.183845,91.74436,assault,low
26.183646,91.740465,lost_person,low
26.182637,91.743884,assault,low
26.185781,91.746996,lost_person,high
26.184655,91.744351,accident,medium
26.177493,91.744493,accident,low
26.184308,91.742996,theft,low
26.185555,91.743306,harassment,low
26.184257,91.745027,theft,medium
26.184826,91.740773,harassment,high
26.185408,91.743327,theft,high
26.182062,91.746016,theft,medium
26.180488,91.743738,theft,medium
26.186862,91.747842,scam,low
26.184778,91.740782,assault,high
26.181217,91.739854,accident,low
26.1843,91.744361,accident,high
26.185829,91.739477,assault,medium
26.18446,91.742973,harassment,low
26.182787,91.74344,accident,medium
26.186099,91.747118,scam,critical
26.179477,91.742129,assault,medium
26.18571,91.74697,accident,high
26.183744,91.745889,assault,medium
26.186318,91.745263,scam,high
26.183138,91.743378,assault,medium
26.183702,91.743454,accident,medium
26.185431,91.745462,harassment,low
26.1855,91.743936,assault,high
26.18075,91.744771,harassment,low
26.185358,91.738562,scam,medium
26.185634,91.74478,assault,high
26.179963,91.745913,harassment,medium
26.183731,91.742516,harassment,medium
26.185235,91.741951,accident,high
26.185352,91.739699,assault,medium
26.181264,91.743836,theft,medium
26.183194,91.740888,theft,medium
26.186164,91.740929,assault,medium
26.184949,91.743388,lost_person,medium
26.183675,91.741604,scam,medium
26.18181,91.743095,scam,medium
26.18523,91.744203,harassment,low
26.182948,91.742822,lost_person,low
26.182904,91.744367,harassment,medium
26.184096,91.74256,lost_person,medium
26.183231,91.741795,theft,low
26.181893,91.744425,scam,medium
26.185985,91.738054,harassment,high
26.186963,91.743688,assault,medium
26.183054,91.745677,lost_person,critical
26.182901,91.741962,lost_person,low
26.183096,91.741701,assault,low
26.186596,91.739917,accident,medium
26.183561,91.739478,scam,low
26.185817,91.746734,theft,high
26.185143,91.744802,lost_person,medium
26.186949,91.74546,lost_person,low
26.185843,91.742848,harassment,medium
26.179536,91.744579,accident,medium
26.183804,91.744006,scam,low
26.180273,91.744567,assault,low
26.182868,91.745894,theft,medium
26.184319,91.738774,assault,low
26.185326,91.743762,lost_person,medium
26.184403,91.739793,assault,low
26.184277,91.744079,harassment,high
26.183885,91.740216,accident,low
26.182765,91.746756,scam,medium
26.18542,91.743497,accident,medium
26.182596,91.744126,harassment,medium
26.186033,91.743848,theft,high
26.181437,91.746392,accident,medium
26.185886,91.742557,lost_person,medium
26.181694,91.745627,harassment,low
26.180999,91.741787,theft,high
26.186804,91.741745,harassment,medium
26.183825,91.744419,assault,critical
26.186953,91.743885,harassment,low
26.183219,91.741334,assault,critical
26.183885,91.7398,theft,high
26.187049,91.743654,harassment,high
26.183193,91.745325,scam,critical
26.185849,91.74228,lost_person,critical
26.181386,91.740155,lost_person,medium
26.179979,91.743252,lost_person,medium
26.185324,91.74112,lost_person,medium
26.182272,91.745657,lost_person,medium
26.183086,91.742505,assault,critical
26.182443,91.744226,theft,medium
26.181208,91.743768,theft,medium
26.185407,91.743686,harassment,medium
26.182341,91.737221,lost_person,low
26.184991,91.743025,lost_person,low
26.184074,91.744883,scam,critical
26.186312,91.742121,lost_person,high
26.18472,91.743916,lost_person,low
26.181114,91.742607,scam,medium
26.184923,91.745666,accident,low
26.184639,91.741473,scam,high
26.182224,91.74141,harassment,low
26.183054,91.745933,assault,medium
26.180053,91.742407,scam,low
26.18286,91.746434,accident,high
26.185387,91.74492,assault,medium
26.184685,91.743235,accident,low
26.184025,91.742264,accident,low
26.179817,91.743966,harassment,high
26.183242,91.744429,harassment,medium
26.18106,91.745908,lost_person,critical
26.185207,91.741693,assault,medium
26.181263,91.746413,harassment,low
26.187224,91.743831,theft,medium
26.18421,91.742444,theft,medium
26.179737,91.747298,theft,high
26.183946,91.74082,lost_person,high
26.185548,91.742364,lost_person,low
26.183298,91.745592,scam,high
26.187672,91.74382,lost_person,medium
26.18591,91.746499,theft,high
26.180599,91.744256,lost_person,high
26.185069,91.743048,accident,low
26.184229,91.745673,scam,medium
26.186998,91.741952,theft,high
26.185715,91.745003,scam,low
26.18323,91.744534,scam,medium
26.180038,91.74014,theft,high
26.182196,91.74351,scam,low
26.185497,91.746448,harassment,medium
26.185476,91.743595,accident,medium
26.181234,91.746918,assault,medium
26.184048,91.742292,theft,low
26.183028,91.742144,theft,high
26.183281,91.743204,accident,medium
26.184783,91.739572,scam,low
26.181859,91.743046,lost_person,medium
26.185054,91.742406,accident,high
26.184028,91.741632,accident,low
26.179158,91.742296,harassment,high
26.184047,91.739425,accident,high
26.185428,91.746725,assault,medium
26.182028,91.742089,accident,low
26.184785,91.742606,accident,medium
26.178639,91.741633,harassment,low
26.181289,91.743916,scam,low
26.183373,91.742488,harassment,medium
26.182603,91.741479,scam,high
26.187172,91.743892,accident,medium
26.185465,91.743245,lost_person,low
26.186106,91.743822,lost_person,low
26.183943,91.744199,scam,high
26.186638,91.743198,harassment,medium
26.183528,91.738588,theft,medium
26.179879,91.73879,scam,medium
26.183153,91.744806,theft,high
26.18468,91.74645,accident,high
26.182457,91.744911,accident,medium
26.187866,91.742476,accident,low
26.184581,91.747501,assault,high
26.182825,91.744452,accident,high
26.182192,91.74262,assault,medium
26.184298,91.738986,scam,high
26.181144,91.743579,lost_person,medium
26.187014,91.744153,lost_person,low
26.186662,91.745941,assault,medium
26.183144,91.74148,assault,medium
26.18421,91.745806,assault,medium
26.179841,91.742364,harassment,medium
26.186483,91.741762,assault,low
26.185419,91.740889,assault,high
26.186357,91.740562,scam,low
26.183853,91.743556,harassment,high
26.180551,91.743756,theft,low
26.186336,91.745164,lost_person,medium
26.182546,91.744341,scam,critical
26.18335,91.747109,lost_person,medium
26.183555,91.745752,lost_person,low
26.184024,91.745639,assault,critical
26.186978,91.741834,scam,medium
26.180018,91.741231,lost_person,low
26.18308,91.741719,lost_person,low
26.184159,91.74439,scam,high
26.184552,91.744211,accident,low
26.183137,91.743989,assault,high
26.184002,91.74468,scam,medium
26.178672,91.744426,assault,medium
26.183995,91.743215,harassment,medium
26.181697,91.743553,accident,high
26.184223,91.740927,harassment,medium
26.182114,91.73758,lost_person,high
26.18672,91.741722,theft,medium
26.185607,91.742528,theft,low
26.183349,91.745591,theft,high
26.179793,91.743333,assault,low
26.183289,91.743507,lost_person,high
26.181759,91.745419,accident,medium
26.182535,91.743185,accident,high
26.181335,91.743928,lost_person,low
26.185009,91.741593,harassment,medium
26.177329,91.742741,theft,medium
26.184805,91.744725,theft,high
26.182154,91.740544,lost_person,medium
26.182153,91.742388,accident,high
26.183193,91.742916,lost_person,medium
26.185649,91.74089,assault,medium
26.183646,91.744338,theft,high
26.181665,91.742134,scam,low
26.184441,91.742935,harassment,low
26.182611,91.743228,assault,low
26.188555,91.747472,lost_person,medium
26.187194,91.74383,lost_person,medium
26.183192,91.744753,lost_person,medium
26.182296,91.740701,lost_person,low
26.181845,91.744971,scam,low
26.183143,91.74485,scam,high
26.18425,91.743124,harassment,critical
26.182325,91.741063,accident,critical
26.180748,91.743484,accident,critical
26.187238,91.741088,accident,low
26.183991,91.745161,lost_person,low
26.18193,91.742327,theft,medium
26.1833,91.740992,scam,low
26.184534,91.748064,assault,critical
26.18141,91.74156,assault,low
26.18211,91.745134,lost_person,low
26.186296,91.742222,theft,medium
26.184393,91.743819,assault,medium
26.182642,91.745249,harassment,low
26.182077,91.743116,lost_person,low
26.181653,91.742181,scam,low
26.186143,91.744656,lost_person,high
26.181269,91.745712,assault,medium
26.185312,91.745993,harassment,low
26.18316,91.742864,theft,medium
26.186518,91.745091,harassment,medium
26.182716,91.741266,harassment,low
26.185321,91.746165,lost_person,medium
26.178975,91.744192,accident,high
26.183063,91.745333,scam,high
26.180032,91.743527,theft,critical
26.18414,91.745476,assault,critical
26.187796,91.746851,accident,high
26.182762,91.745865,assault,medium
26.189612,91.739693,accident,medium
26.183292,91.742936,scam,medium
26.181717,91.741866,accident,low
26.181093,91.742493,scam,low
26.183791,91.743225,harassment,low
26.181393,91.742374,accident,high
26.187514,91.744023,assault,medium
26.183505,91.743494,harassment,low
26.187385,91.738802,theft,high
26.181496,91.74025,harassment,low
26.181692,91.742983,lost_person,critical
26.182221,91.741179,accident,low
26.184005,91.741633,harassment,high
26.18113,91.745307,scam,high
26.185812,91.745577,theft,low
26.185529,91.744293,accident,medium
26.184346,91.744128,scam,medium
26.180666,91.743654,accident,high
26.182458,91.746548,lost_person,medium
26.185916,91.74528,scam,medium
26.186344,91.745919,theft,low
26.184387,91.744145,accident,low
26.185096,91.740496,harassment,low
26.180645,91.745723,harassment,high
26.183253,91.74208,lost_person,critical
26.182403,91.742919,harassment,medium
26.182764,91.741156,scam,high
26.184294,91.747625,harassment,low
26.18155,91.743673,assault,low
26.17908,91.74544,lost_person,low
26.180364,91.745841,assault,high
26.182989,91.741048,assault,medium
26.178776,91.744089,assault,medium
26.184375,91.741184,accident,high
26.184744,91.743336,scam,medium
26.185469,91.742629,lost_person,low
26.181566,91.744071,theft,critical
26.187431,91.739903,lost_person,low
26.185684,91.742378,lost_person,medium
26.184615,91.743402,accident,critical
26.184297,91.745635,theft,medium
26.185638,91.743893,scam,medium
26.185436,91.747248,assault,low
26.182486,91.742814,theft,high
26.180633,91.743627,theft,medium
26.186236,91.741497,harassment,high
26.185529,91.74425,harassment,medium
26.183382,91.742756,accident,low
26.185414,91.739517,scam,medium
26.182617,91.747083,harassment,low
26.182241,91.74374,theft,high
26.182558,91.742911,assault,medium
26.176924,91.744869,theft,medium
26.182201,91.741472,lost_person,medium
26.181976,91.746181,theft,medium
26.180954,91.745764,assault,medium
26.188537,91.743318,lost_person,low
26.187232,91.738741,theft,critical
26.185436,91.746819,assault,medium
26.184895,91.744556,harassment,medium
26.183761,91.742979,harassment,high
26.186379,91.740942,harassment,medium
26.181986,91.746134,scam,low
26.186773,91.741841,lost_person,high
26.183366,91.749943,assault,high
26.180795,91.74194,accident,low
26.182316,91.744573,harassment,low
26.18358,91.744067,harassment,high
26.182933,91.742921,lost_person,medium
26.184974,91.742522,theft,low
26.186533,91.744608,accident,critical
26.184377,91.744977,lost_person,low
26.179,91.74592,assault,low
26.184336,91.741288,harassment,low
26.181831,91.741056,lost_person,critical
26.180645,91.74161,assault,low
26.184746,91.746892,assault,medium
26.183238,91.739029,theft,low
26.182921,91.743929,assault,medium
26.188788,91.745839,accident,medium
26.182492,91.744415,accident,low
26.185715,91.746482,scam,medium
26.185938,91.748345,harassment,low
26.184469,91.745046,harassment,medium
26.180827,91.738334,accident,medium
26.180672,91.741048,lost_person,low
26.182667,91.744393,harassment,low
26.185213,91.742096,harassment,medium
26.181827,91.744034,scam,high
26.17965,91.742508,assault,medium
26.179798,91.744085,lost_person,medium
26.18388,91.744118,lost_person,low
26.184471,91.744847,lost_person,medium
26.184081,91.741378,lost_person,low
26.181909,91.748449,harassment,medium
26.184568,91.746311,assault,medium
26.185416,91.742455,assault,high
26.182584,91.742723,accident,high
26.186017,91.743711,scam,high
26.186834,91.73767,assault,medium
26.179167,91.743347,assault,low
26.183133,91.74454,harassment,high
26.188583,91.743016,assault,high
26.182882,91.747482,scam,medium
26.18715,91.741529,scam,medium
26.18523,91.74027,theft,low
26.178976,91.742728,harassment,critical
26.182613,91.742029,scam,medium
26.179625,91.747448,assault,medium
26.181088,91.741461,accident,medium
26.182385,91.745897,theft,medium
26.180458,91.742852,accident,medium
26.18586,91.740879,theft,medium
26.186761,91.744024,harassment,medium
26.183845,91.74121,theft,medium
26.181027,91.742179,scam,medium
26.184018,91.739511,lost_person,medium
26.181598,91.745096,assault,medium
26.181618,91.743497,scam,medium
26.184476,91.745143,scam,medium
26.184127,91.741945,lost_person,low
26.183681,91.743625,lost_person,medium
26.184949,91.741765,accident,medium
26.185582,91.744016,lost_person,low
26.185152,91.745063,theft,low
26.184881,91.743242,harassment,medium
26.186187,91.743005,theft,high
26.18391,91.742306,harassment,medium
26.182493,91.744556,accident,medium
26.181716,91.74378,lost_person,high
26.182709,91.744944,theft,high
26.180835,91.744048,lost_person,high
26.182092,91.747179,theft,medium
26.183944,91.743608,assault,medium
26.180722,91.74676,lost_person,low
26.184838,91.742655,scam,critical
26.181271,91.740824,scam,medium
26.185848,91.743447,assault,high
26.180469,91.745173,theft,medium
26.182119,91.747211,lost_person,low
26.182628,91.742463,assault,medium
26.185655,91.74311,theft,medium
26.188416,91.744959,theft,critical
26.181581,91.743648,theft,critical
26.185221,91.74282,scam,high
26.181544,91.742308,harassment,low
26.18384,91.743009,assault,medium
26.180671,91.742259,theft,critical
26.182808,91.744857,harassment,low
26.185251,91.744175,assault,low
26.183405,91.74656,lost_person,high
26.181509,91.74438,lost_person,high
26.182845,91.749523,theft,high
26.182027,91.740877,harassment,critical
26.186211,91.741724,harassment,medium
26.1834,91.744183,theft,low
26.182754,91.746925,accident,low
26.181534,91.74414,harassment,low
26.183596,91.743844,harassment,high
26.185003,91.744929,scam,medium
26.180965,91.745357,scam,medium
26.182088,91.742994,assault,medium
26.181527,91.743743,assault,medium
26.183455,91.743288,lost_person,high
26.182068,91.743124,accident,medium
26.182165,91.747097,scam,medium
26.18254,91.745125,harassment,medium
26.184706,91.739646,scam,medium
26.188797,91.743917,lost_person,high
26.183839,91.738517,assault,high
26.182591,91.744825,assault,low
26.180988,91.744861,lost_person,high
26.184702,91.748363,theft,high
26.185393,91.742198,lost_person,medium
26.183358,91.739744,harassment,high
26.18463,91.743718,harassment,low
26.182826,91.746553,lost_person,low
26.185608,91.745981,accident,medium
26.181453,91.742775,scam,medium
26.182579,91.74069,assault,medium
26.189225,91.7446,scam,low
26.18589,91.746392,assault,medium
26.184755,91.744046,harassment,low
26.18715,91.743493,assault,medium
26.185606,91.743574,theft,medium
26.18394,91.745771,harassment,medium
26.184623,91.743832,theft,low
26.184542,91.741948,lost_person,critical
26.184646,91.743688,lost_person,low
26.185001,91.744543,theft,high
26.183601,91.741997,scam,critical
26.180539,91.743791,lost_person,low
26.182256,91.746118,accident,low
26.185575,91.744308,theft,medium
26.180843,91.742379,theft,high
26.17875,91.743613,theft,low
26.183668,91.744365,theft,low
26.182763,91.743333,accident,medium
26.184025,91.74508,harassment,low
26.183957,91.744031,accident,low
26.186207,91.74002,assault,low
26.1839,91.74313,scam,high
26.184864,91.743002,harassment,medium
26.18446,91.743951,theft,medium
26.184097,91.743357,assault,medium
26.184222,91.740834,lost_person,medium
26.18195,91.743939,lost_person,medium
26.185973,91.741688,scam,medium
26.186573,91.741193,scam,medium
26.181512,91.741558,accident,medium
26.182695,91.745759,scam,high
26.186371,91.742587,theft,medium
26.187286,91.745169,lost_person,medium
26.185725,91.743245,harassment,medium
26.183682,91.742727,assault,low
26.181969,91.745048,theft,medium
26.18268,91.746432,accident,low
26.183032,91.740865,harassment,medium
26.184414,91.744516,lost_person,low
26.183432,91.746161,lost_person,medium
26.187393,91.742325,theft,medium
26.184533,91.742049,accident,low
26.184899,91.739747,lost_person,low
26.183925,91.745446,harassment,medium
26.1828,91.741,scam,critical
26.182625,91.741621,assault,low
26.18465,91.744166,harassment,high
26.18437,91.742997,lost_person,medium
26.182497,91.747567,accident,low
26.18806,91.743938,accident,low
26.182999,91.743537,lost_person,critical
26.185114,91.741546,accident,low
26.182431,91.7419,assault,high
26.182769,91.740009,theft,high
26.183917,91.745352,theft,high
26.185363,91.74035,scam,high
26.1813,91.741371,accident,high
26.184018,91.746138,scam,medium
26.184985,91.743962,harassment,medium
26.182234,91.743706,accident,medium
26.182127,91.743036,accident,low
26.186174,91.742694,theft,medium
26.182323,91.746446,scam,low
26.183185,91.745642,theft,low
26.186903,91.747178,harassment,critical
26.186803,91.739819,scam,low
26.185194,91.747836,accident,low
26.185113,91.745459,assault,low
26.183233,91.743888,assault,medium
26.183454,91.739383,scam,medium
26.183881,91.743274,lost_person,medium
26.178088,91.739372,assault,medium
26.183262,91.741326,harassment,high
26.183504,91.743423,assault,medium
26.186206,91.741282,theft,low
26.179395,91.74146,harassment,medium
26.186313,91.744763,accident,medium
26.184107,91.745894,theft,medium
26.18023,91.745773,accident,medium
26.184474,91.743085,accident,medium
26.179939,91.743512,theft,medium
26.185072,91.742324,harassment,medium
26.182324,91.743803,harassment,medium
26.187356,91.739302,scam,low
26.181712,91.744328,assault,medium
26.184674,91.745114,lost_person,medium
26.182795,91.747113,harassment,medium
26.183953,91.745749,theft,medium
26.183477,91.747512,scam,low
26.184239,91.743633,assault,medium
26.182599,91.742541,accident,high
26.184135,91.743591,lost_person,low
26.181474,91.741605,accident,low
26.180127,91.743399,accident,medium
26.186363,91.743769,accident,low
26.181478,91.740862,accident,critical
26.1852,91.741642,scam,high
26.18197,91.743553,assault,medium
26.182599,91.742179,harassment,critical
26.182558,91.73966,theft,medium
26.182535,91.741072,harassment,high
26.185977,91.74694,assault,low
26.182586,91.738051,assault,low
26.18574,91.741404,assault,critical
26.185803,91.744476,theft,medium
26.181015,91.740728,assault,low
26.182739,91.74587,assault,medium
26.182115,91.743504,scam,medium
26.187767,91.742377,assault,medium
26.187265,91.740801,lost_person,low
26.18378,91.741443,theft,low
26.184125,91.743893,scam,critical
26.18239,91.743238,scam,low
26.183576,91.743778,scam,medium
26.185509,91.745323,theft,high
26.184383,91.741873,harassment,low
26.183714,91.74767,scam,low
26.183706,91.745088,lost_person,high
26.187464,91.74202,lost_person,low
26.184582,91.741427,scam,high
26.185165,91.744722,assault,high
26.184308,91.741261,harassment,medium
26.186011,91.741481,assault,low
26.186895,91.745473,theft,high
26.18591,91.742341,theft,medium
26.182608,91.743942,lost_person,low
26.182961,91.744624,assault,medium
26.182808,91.747754,theft,medium
26.18636,91.741547,accident,low
26.182014,91.744415,accident,low
26.182242,91.739759,theft,high
26.184656,91.74172,accident,low
26.182884,91.742897,scam,medium
26.183561,91.747193,harassment,critical
26.183135,91.737983,lost_person,critical
26.185594,91.743263,lost_person,low
26.186369,91.743225,lost_person,medium
26.179072,91.740561,harassment,critical
26.180823,91.741385,harassment,high
26.181894,91.744252,assault,low
26.184682,91.74584,harassment,high
26.183849,91.743865,harassment,critical
26.18077,91.745787,scam,low
26.183916,91.742353,lost_person,critical
26.184248,91.743612,assault,low
26.186218,91.743828,theft,medium
26.186339,91.740838,lost_person,critical
26.185453,91.744725,scam,high
26.179739,91.743451,lost_person,high
26.181634,91.74166,accident,medium
26.185652,91.739218,harassment,low
26.181175,91.739982,lost_person,medium
26.184667,91.741004,accident,medium
26.184408,91.745724,assault,medium
26.182047,91.740524,accident,medium
26.185624,91.74448,accident,high
26.185098,91.738151,theft,medium
26.184089,91.740627,assault,high
26.184893,91.74284,lost_person,critical
26.184021,91.744365,scam,low
26.184232,91.740672,scam,medium
26.184463,91.741686,theft,high
26.186689,91.744986,lost_person,low
26.184811,91.744307,assault,medium
26.184591,91.741666,lost_person,medium
26.183634,91.740998,theft,medium
26.180788,91.742891,theft,medium
26.184567,91.743947,theft,critical
26.183046,91.742127,scam,low
26.181833,91.743359,theft,critical
26.184549,91.742643,assault,medium
26.185658,91.74405,harassment,high
26.18325,91.74367,theft,high
26.186147,91.744038,scam,high
26.18466,91.741272,assault,critical
26.180193,91.739492,accident,medium
26.181286,91.745711,harassment,high
26.182852,91.74192,lost_person,low
26.181108,91.745396,assault,medium
26.184979,91.741563,assault,critical
26.182713,91.744925,accident,high
26.183654,91.740259,harassment,medium
26.183854,91.739819,assault,low
26.184578,91.745158,theft,medium
26.18444,91.744766,theft,high
26.188576,91.744406,harassment,low
26.184953,91.743948,accident,medium
26.188507,91.741752,harassment,low
26.183395,91.745484,harassment,high
26.184124,91.741139,scam,low
26.183896,91.744138,scam,medium
26.187167,91.74321,lost_person,low
26.182704,91.746729,lost_person,medium
26.181878,91.743699,accident,high
26.188332,91.747967,harassment,high
26.184456,91.745091,theft,low
26.184312,91.739988,theft,critical
26.184642,91.746641,scam,medium
26.184791,91.745418,harassment,medium
26.182433,91.741861,lost_person,medium
26.186103,91.745106,accident,low
26.186251,91.745291,harassment,medium
26.183365,91.745324,harassment,high
26.183661,91.745316,scam,medium
26.184001,91.741461,lost_person,medium
26.176113,91.74399,theft,low
26.180418,91.743071,accident,medium
26.182263,91.74496,lost_person,medium
26.186474,91.745069,lost_person,critical
26.18539,91.742657,theft,medium
26.18446,91.741075,accident,low
26.179821,91.738006,accident,critical
26.18314,91.748422,lost_person,high
26.180462,91.740794,theft,medium
26.183214,91.746161,accident,medium
26.181083,91.743607,harassment,critical
26.184759,91.743401,accident,medium
26.180322,91.741539,assault,low
26.185432,91.744745,scam,medium
26.18331,91.741264,scam,medium
26.183063,91.745493,theft,medium
26.188086,91.741769,assault,low
26.181125,91.738981,theft,low
26.184826,91.745979,lost_person,medium
26.183012,91.742349,assault,low
26.185366,91.745933,accident,high
26.186528,91.740449,assault,high
26.184579,91.745204,assault,medium
26.187555,91.744801,harassment,medium
26.182189,91.742401,assault,medium
26.186907,91.742462,lost_person,medium
26.182739,91.742268,accident,low
26.184699,91.743934,harassment,medium
26.181911,91.742887,scam,medium
26.187457,91.744862,assault,high
26.184939,91.741046,theft,medium
26.182696,91.742633,assault,low
26.178156,91.745394,accident,medium
26.180779,91.74417,accident,high
26.182273,91.743735,assault,low
26.185281,91.745528,harassment,low
26.181658,91.743078,accident,high
26.180336,91.742176,scam,low
26.183684,91.744181,lost_person,medium
26.183156,91.744606,scam,medium
26.183015,91.744392,theft,high
26.183031,91.742559,assault,low
26.185992,91.745104,theft,medium
26.187041,91.74543,lost_person,high
26.181597,91.740706,assault,medium
26.180568,91.742539,lost_person,low
26.185494,91.740238,theft,medium
26.182894,91.746148,assault,medium
26.180521,91.74354,theft,medium
26.183388,91.744826,assault,high
26.183575,91.747588,harassment,low
26.183138,91.747319,scam,low
26.186265,91.746867,scam,medium
26.183764,91.74069,harassment,medium
26.182094,91.744237,harassment,medium
26.183925,91.742017,harassment,high
26.182467,91.742018,accident,medium
26.183887,91.744572,harassment,low
26.184477,91.743138,lost_person,high
26.183299,91.741795,assault,high
26.184919,91.744472,accident,low
26.18516,91.739247,harassment,low
26.182506,91.746647,harassment,medium
26.182949,91.746193,theft,high
26.187431,91.74406,assault,low
26.183719,91.745753,theft,low
26.180546,91.742567,theft,low
26.181042,91.746696,lost_person,medium
26.182404,91.740516,accident,low
26.180408,91.746631,theft,high
26.184538,91.744418,accident,high
26.187028,91.743891,scam,low
26.184102,91.74208,harassment,medium
26.183657,91.744443,lost_person,high
26.184908,91.745155,harassment,medium
26.185002,91.746606,assault,medium
26.187162,91.740675,lost_person,critical
26.184281,91.743534,scam,low
26.179846,91.741068,lost_person,medium
26.184032,91.741543,assault,high
26.181607,91.743162,accident,low
26.186103,91.743514,lost_person,high
26.187152,91.742266,assault,medium
26.182837,91.739997,lost_person,medium
26.183923,91.745931,scam,high
26.182326,91.745157,scam,low
26.181431,91.744244,theft,low
26.182074,91.742473,harassment,high
26.182073,91.746316,theft,medium
26.184643,91.740583,accident,medium
26.185046,91.744281,lost_person,low
26.182281,91.74602,theft,medium
26.18371,91.742438,theft,high
26.185647,91.742273,theft,high
26.181847,91.745199,accident,medium
26.184064,91.743083,theft,medium
26.18183,91.742977,scam,low
26.182061,91.745463,harassment,medium
26.183718,91.741648,accident,medium
26.18304,91.746831,lost_person,low
26.18325,91.745984,assault,high
26.181335,91.74234,accident,low
26.183062,91.741289,theft,low
26.183519,91.738578,harassment,medium
26.187074,91.745437,theft,high
26.18185,91.741713,scam,low
26.185437,91.739798,lost_person,medium
26.184022,91.741232,assault,medium
26.181886,91.742604,lost_person,medium
26.180881,91.742859,lost_person,medium
26.187041,91.744966,assault,critical
26.180927,91.742647,scam,medium
26.181922,91.743222,lost_person,critical
26.183416,91.742927,lost_person,medium
26.185501,91.742107,assault,low
26.178568,91.745497,harassment,medium
26.180662,91.738917,assault,medium
26.181779,91.74516,assault,medium
26.183953,91.743173,accident,low
26.184538,91.743856,scam,medium
26.182336,91.746408,harassment,low
26.186204,91.740695,assault,high
26.18028,91.745294,accident,low
26.182645,91.744225,accident,high
26.185302,91.74191,harassment,low
26.183355,91.745905,scam,critical
26.184706,91.743696,lost_person,low
26.181329,91.742352,lost_person,low
26.184964,91.744303,accident,low
26.183321,91.745811,theft,medium
26.179973,91.7461,lost_person,low
26.183207,91.739621,accident,medium
26.189913,91.742659,harassment,low
26.188253,91.742304,theft,low
26.182621,91.742495,scam,high
26.181553,91.743886,theft,medium
26.18517,91.748049,lost_person,medium
26.181639,91.745483,lost_person,high
26.181945,91.742084,scam,low
26.185124,91.744074,lost_person,high
26.186791,91.742869,harassment,high
26.183892,91.745187,assault,critical
26.182896,91.744985,accident,low
26.183214,91.743429,theft,medium
26.186701,91.742941,accident,high
26.180757,91.747368,assault,medium
26.185351,91.742815,theft,low
26.186024,91.746412,harassment,medium
26.184413,91.73994,theft,medium
26.187833,91.748568,lost_person,critical
26.184276,91.745962,harassment,medium
26.182214,91.74364,theft,high
26.181187,91.743442,lost_person,high
26.184298,91.746069,assault,high
26.185284,91.739549,lost_person,medium
26.182895,91.744921,assault,medium
26.180853,91.743319,accident,low
26.181529,91.743464,accident,high
26.184659,91.744457,accident,high
26.186908,91.745137,harassment,medium
26.179745,91.738836,accident,critical
26.184738,91.745829,scam,medium
26.186805,91.741772,assault,medium
26.183608,91.743715,scam,medium
26.183033,91.743944,theft,critical
26.181655,91.74495,assault,high
26.185995,91.742648,harassment,low
26.184031,91.744098,scam,low
26.179319,91.742436,assault,critical
26.181728,91.739168,accident,low
26.183474,91.745178,accident,low
26.183415,91.746432,assault,low
26.181736,91.743981,scam,low
26.185904,91.744289,accident,medium
26.182705,91.741416,accident,high
26.186803,91.744867,lost_person,high
26.184066,91.742201,lost_person,low
26.1826,91.74265,scam,high
26.181852,91.740283,accident,medium
26.184662,91.747089,assault,high
26.184091,91.740197,assault,low
26.18316,91.744783,scam,low
26.184772,91.745236,theft,medium
26.183958,91.742615,theft,low
26.182128,91.738135,scam,high
26.178977,91.745623,harassment,medium
26.188077,91.745954,harassment,medium
26.180303,91.744784,assault,low
26.184706,91.744418,accident,medium
26.180109,91.741294,scam,medium
26.183962,91.742132,scam,low
26.18948,91.741717,scam,high
26.183242,91.744749,assault,medium
26.182801,91.743521,theft,low
26.183025,91.741495,assault,high
26.181958,91.739001,accident,medium
26.187254,91.742002,accident,low
26.184435,91.743241,accident,medium
26.182564,91.745425,accident,high
26.182883,91.741009,accident,medium
26.18352,91.743124,harassment,critical
26.184848,91.742736,theft,high
26.183447,91.741603,accident,critical
26.185175,91.740564,assault,medium
26.183885,91.743913,harassment,medium
26.182788,91.740569,harassment,low
26.183324,91.742581,assault,medium
26.187521,91.743234,harassment,medium
26.186437,91.742825,harassment,low
26.181743,91.741385,accident,high
26.181646,91.741771,accident,medium
26.185922,91.737601,theft,high
26.186992,91.739457,theft,medium
26.186912,91.74027,assault,low
26.186536,91.741645,assault,high
26.184658,91.743366,harassment,low
26.183212,91.742588,scam,low
26.18525,91.747926,assault,low
26.181564,91.742009,theft,medium
26.185901,91.741908,accident,low
26.18124,91.746559,lost_person,low
26.178303,91.742649,harassment,low
26.183144,91.741083,theft,low
26.181169,91.74273,lost_person,critical
26.186026,91.743919,harassment,low
26.184015,91.743129,assault,high
26.184005,91.743691,lost_person,high
26.18639,91.742396,harassment,high
26.185895,91.743407,harassment,low
26.179769,91.739749,assault,high
26.18396,91.745729,theft,high
26.181851,91.742833,harassment,medium
26.187626,91.744265,lost_person,low
26.182713,91.743019,scam,medium
26.186244,91.745394,theft,high
26.181852,91.746444,theft,medium
26.185126,91.741249,lost_person,low
26.182365,91.740672,harassment,low
26.185253,91.741417,harassment,medium
26.182803,91.742958,scam,medium
26.182166,91.746233,harassment,high
26.183684,91.745065,scam,medium
26.179792,91.746873,lost_person,low
26.182893,91.742085,theft,high
26.182173,91.7423,accident,low
26.18026,91.743939,theft,medium
26.182834,91.743625,scam,high
26.182744,91.742398,lost_person,low
26.184378,91.747281,accident,high
26.185482,91.747097,scam,medium
26.187572,91.74297,assault,medium
26.184697,91.747335,scam,low
26.182473,91.740152,scam,medium
26.181481,91.740132,scam,medium
26.184602,91.737989,scam,medium
26.181666,91.74548,lost_person,low
26.182824,91.74135,theft,medium
26.18354,91.742751,theft,high
26.180964,91.741622,theft,high
26.183563,91.74434,theft,medium
26.179213,91.743276,theft,medium
26.18558,91.744119,harassment,low
26.183279,91.742204,theft,medium
26.182093,91.739886,lost_person,medium
26.180411,91.740519,harassment,medium
26.182109,91.739824,accident,critical
26.184059,91.741262,lost_person,medium
26.183479,91.744907,assault,critical
26.182202,91.747195,accident,medium
26.186768,91.740359,theft,medium
26.18312,91.740874,lost_person,medium
26.179506,91.743185,lost_person,medium
26.185332,91.744196,assault,critical
26.18729,91.738808,accident,low
26.183234,91.740111,lost_person,medium
26.185467,91.744362,theft,low
26.185591,91.744763,lost_person,medium
26.18173,91.745167,theft,low
26.186317,91.742699,harassment,low
26.180754,91.740628,scam,high
26.18099,91.743116,scam,medium
26.181255,91.743858,harassment,low
26.183151,91.743143,assault,medium
26.180831,91.746482,accident,low
26.179926,91.741088,assault,low
26.185194,91.74566,lost_person,low
26.182992,91.74444,scam,medium
26.183221,91.742099,scam,medium
26.181209,91.741943,theft,low
26.182959,91.744357,scam,low
26.182477,91.740035,lost_person,low
26.185499,91.739405,theft,critical
26.1855,91.744896,theft,low
26.187846,91.745092,harassment,high
26.186287,91.742068,harassment,high
26.18541,91.742485,scam,critical
26.183369,91.745952,theft,critical
26.180921,91.745437,assault,high
26.183133,91.741553,assault,medium
26.182587,91.746,accident,medium
26.18012,91.742799,theft,medium
26.186568,91.737341,assault,low
26.182674,91.742781,assault,medium
26.18528,91.744849,lost_person,medium
26.181648,91.740799,accident,low
26.184872,91.744186,assault,low
26.180021,91.747071,scam,medium
26.188383,91.744298,theft,high
26.185665,91.743339,assault,medium
26.18623,91.742521,theft,high
26.1813,91.741625,accident,medium
26.186712,91.744516,scam,medium
26.184563,91.742426,scam,low
26.181691,91.745977,theft,low
26.181316,91.741825,lost_person,medium
26.183648,91.743578,scam,medium
26.184498,91.741898,harassment,medium
26.183317,91.745894,accident,low
26.178772,91.742294,accident,medium
26.183578,91.743503,lost_person,high
26.178863,91.740009,accident,low
26.184246,91.742919,scam,medium
26.185088,91.746264,assault,medium
26.184951,91.745153,assault,medium
26.182723,91.747669,lost_person,low
26.182751,91.742408,theft,medium
26.185094,91.744604,lost_person,low
26.180789,91.73946,accident,high
26.18361,91.741552,assault,medium
26.183691,91.748757,scam,high
26.187623,91.744126,scam,low
26.182111,91.741534,accident,medium
26.179998,91.742131,theft,critical
26.187374,91.744636,harassment,low
26.186,91.744584,scam,low
26.182543,91.737011,lost_person,medium
26.183697,91.741392,accident,low
26.185872,91.743999,assault,medium
26.181544,91.743758,lost_person,high
26.186665,91.739125,accident,high
26.186304,91.745358,accident,medium
26.18358,91.740147,accident,high
26.181258,91.742174,theft,low
26.184414,91.743715,scam,low
26.182211,91.743995,harassment,medium
26.186396,91.74494,accident,medium
26.182058,91.748634,assault,high
26.184057,91.743117,theft,low
26.179028,91.741648,scam,medium
26.179895,91.745114,scam,medium
26.181137,91.742983,lost_person,medium
26.183977,91.744038,assault,medium
26.185057,91.749282,assault,medium
26.18244,91.743991,assault,medium
26.183239,91.743411,scam,medium
26.186331,91.74203,harassment,high
26.18529,91.742876,theft,low
26.183714,91.74484,lost_person,medium
26.181553,91.744785,harassment,medium
26.181084,91.742017,theft,medium
26.184878,91.743813,harassment,high
26.180589,91.745701,assault,critical
26.183501,91.744876,harassment,medium
26.181479,91.743895,assault,low
26.181051,91.745268,harassment,medium
26.18245,91.739365,scam,medium
26.18699,91.741819,lost_person,high
26.182613,91.742376,scam,high
26.182047,91.743207,assault,medium
26.180413,91.741625,scam,medium
26.182221,91.740387,theft,medium
26.188092,91.74375,lost_person,low
26.182424,91.745113,harassment,high
26.185176,91.743878,scam,low
26.189094,91.740998,assault,medium
26.183544,91.74375,scam,medium
26.188686,91.741713,accident,medium
26.183322,91.744776,accident,medium
26.183485,91.742965,theft,high
26.181663,91.746479,harassment,medium
26.179511,91.744541,theft,critical
26.181055,91.746963,lost_person,low
26.182455,91.741813,scam,medium
26.183238,91.742825,theft,high
26.185095,91.738851,scam,low
26.187332,91.742785,harassment,low
26.182769,91.739521,accident,medium
26.182429,91.743957,theft,low
26.183548,91.742416,scam,medium
26.188887,91.739382,lost_person,critical
26.181968,91.742501,harassment,low
26.182746,91.744472,accident,low
26.18363,91.742597,accident,medium
26.184568,91.746392,assault,high
26.183519,91.743781,assault,high
26.180314,91.741552,harassment,critical
26.183027,91.740953,harassment,low
26.182586,91.740043,theft,medium
26.182867,91.740531,harassment,high
26.184909,91.746,scam,medium
26.182792,91.74255,accident,high
26.184841,91.746422,theft,medium
26.184626,91.747543,assault,low
26.184973,91.74496,harassment,low
26.183446,91.744772,assault,low
26.182245,91.740418,scam,low
26.182657,91.741447,scam,medium
26.184533,91.744504,accident,medium
26.183009,91.745617,lost_person,high
26.189103,91.746974,harassment,medium
26.1854,91.74781,assault,low
26.184505,91.740989,scam,critical
26.18513,91.743238,harassment,medium
26.18816,91.739063,accident,medium
26.183558,91.744224,harassment,critical
26.1825,91.746473,theft,medium
26.179077,91.745338,accident,low
26.185746,91.745134,harassment,high
26.185745,91.742559,assault,medium
26.183344,91.741851,theft,low
26.183443,91.741976,assault,medium
26.18249,91.743842,accident,medium
26.184759,91.743446,theft,critical
26.182214,91.745265,accident,medium
26.183059,91.741028,assault,high
26.183983,91.74252,lost_person,medium
26.181819,91.744121,theft,medium
26.182222,91.748703,accident,medium
26.180838,91.743865,theft,medium
26.186994,91.738635,harassment,high
26.181829,91.745059,accident,medium
26.1834,91.740722,scam,medium
26.188157,91.740361,accident,low
26.1801,91.7421,scam,medium
26.182576,91.743701,scam,high
26.18345,91.744909,scam,medium
26.182891,91.739606,scam,medium
26.184821,91.742469,lost_person,low
26.183899,91.743237,accident,low
26.184166,91.741432,lost_person,medium
26.185711,91.740745,lost_person,low
26.184115,91.744398,assault,medium
26.185039,91.746903,assault,low
26.183942,91.741534,scam,medium
26.182085,91.74413,lost_person,medium
26.184127,91.740292,assault,medium
26.185508,91.744096,scam,medium
26.181649,91.742267,harassment,low
26.182736,91.742546,scam,low
26.182326,91.740462,scam,high
26.185621,91.740171,theft,low
26.181649,91.746455,lost_person,high
26.186748,91.74152,harassment,critical
26.18091,91.741428,assault,medium
26.183438,91.743147,harassment,medium
26.184096,91.743238,lost_person,high
26.185829,91.741039,theft,high
26.181207,91.741415,lost_person,high
26.185687,91.744818,harassment,critical
26.181588,91.745855,theft,low
26.183589,91.742706,harassment,low
26.182001,91.744132,assault,high
26.183943,91.744725,theft,medium
26.18386,91.743084,lost_person,high
26.185166,91.743221,lost_person,low
26.182272,91.743033,accident,low
26.180742,91.744319,accident,critical
26.182305,91.745145,harassment,critical
26.181249,91.744063,lost_person,high
26.180513,91.743192,theft,medium
26.182981,91.74346,harassment,critical
26.18154,91.740914,accident,critical
26.182479,91.743448,theft,low
26.183963,91.742811,lost_person,low
26.18426,91.744254,assault,medium
26.183629,91.740769,accident,medium
26.179141,91.743885,accident,low
26.184268,91.742948,theft,high
26.182952,91.742687,lost_person,low
26.181727,91.743281,lost_person,medium
26.182667,91.743467,lost_person,low
26.182329,91.740012,theft,critical
26.184389,91.744859,harassment,low
26.180916,91.742215,assault,medium
26.185323,91.740248,accident,medium
26.179723,91.741007,scam,medium
26.183435,91.743994,accident,low
26.185603,91.742821,accident,high
26.182339,91.743194,assault,critical
26.185724,91.746546,lost_person,high
26.182856,91.744697,assault,medium
26.181181,91.742384,harassment,medium
26.182551,91.744431,scam,low
26.183003,91.744404,scam,low
26.185886,91.745497,scam,high
26.183534,91.742122,accident,high
26.183252,91.74048,theft,low
26.181687,91.740594,accident,high
26.184632,91.746074,accident,low
26.178457,91.738423,theft,low
26.184749,91.73912,accident,high
26.185522,91.743822,theft,low
26.186088,91.74529,assault,low
26.183633,91.742685,theft,medium
26.182144,91.742488,theft,high
26.182109,91.747501,theft,critical
26.183777,91.744914,theft,critical
26.185866,91.742524,assault,critical
26.184945,91.742143,harassment,low
26.183761,91.741979,harassment,high
26.183768,91.741339,assault,medium
26.181084,91.74639,theft,medium
26.18368,91.743608,lost_person,low
26.182725,91.747237,assault,low
26.182186,91.741796,theft,medium
26.179847,91.738198,scam,high
26.183874,91.740155,harassment,low
26.181573,91.743997,accident,high
26.180573,91.747312,accident,medium
26.181838,91.741514,lost_person,medium
26.183343,91.747103,lost_person,critical
26.178861,91.745479,harassment,low
26.184332,91.74447,scam,medium
26.183562,91.741992,harassment,medium
26.180214,91.745608,assault,medium
26.1831,91.744142,theft,low
26.18202,91.744103,lost_person,medium
26.184543,91.743703,theft,high
26.181762,91.745232,lost_person,medium
26.181925,91.738032,scam,critical
26.182347,91.744494,scam,medium
26.187132,91.745089,assault,low
26.185748,91.739571,theft,low
26.181823,91.744728,lost_person,high
26.182593,91.740526,harassment,medium
26.18671,91.746548,lost_person,low
26.185118,91.744204,harassment,high
26.179427,91.743453,harassment,high
26.185103,91.74602,accident,medium
26.185479,91.746503,lost_person,high
26.188008,91.743221,assault,high
26.188369,91.743906,lost_person,medium
26.182454,91.745934,harassment,low
26.182346,91.746618,accident,low
26.181933,91.742788,accident,low
26.183996,91.744676,accident,high
26.187434,91.742184,theft,critical
26.183474,91.743979,lost_person,high
26.181674,91.743969,lost_person,medium
26.185082,91.741995,assault,medium
26.181648,91.745641,accident,low
26.186739,91.742877,assault,medium
26.185561,91.74131,harassment,low
26.186239,91.746217,lost_person,medium
26.186403,91.744049,accident,high
26.184553,91.74374,harassment,critical
26.180468,91.744432,harassment,medium
26.181347,91.74259,lost_person,medium
26.184616,91.744642,assault,medium
26.182088,91.742733,harassment,high
26.186188,91.739701,assault,high
26.184803,91.743196,assault,high
26.184954,91.745572,scam,critical
26.18251,91.7461,harassment,high
26.184551,91.74519,theft,high
26.185484,91.744119,assault,low
26.181211,91.750871,accident,low
26.182586,91.739554,accident,critical
26.184601,91.743882,accident,low
26.186028,91.741793,accident,medium
26.183361,91.74811,harassment,critical
26.183034,91.741754,assault,low
26.185001,91.742799,theft,high
26.184862,91.742716,lost_person,high
26.182656,91.743107,lost_person,critical
26.183212,91.745666,accident,low
26.182728,91.743034,scam,low
26.185153,91.744494,accident,medium
26.184045,91.744042,scam,medium
26.184673,91.743496,lost_person,medium
26.183456,91.740587,accident,low
26.185799,91.747695,harassment,high
26.186368,91.747257,harassment,medium
26.183261,91.74267,scam,medium
26.184653,91.741883,accident,high
26.18602,91.743811,assault,low
26.184051,91.74079,theft,high
26.183504,91.74613,harassment,high
26.181664,91.742762,theft,low
26.182354,91.743329,assault,medium
26.187165,91.742811,scam,medium
26.183754,91.739316,lost_person,low
26.181195,91.743672,harassment,medium
26.178305,91.739387,accident,low
26.185606,91.742951,harassment,low
26.180452,91.743407,assault,high
26.184696,91.744475,lost_person,critical
26.179672,91.740899,theft,medium
26.187027,91.741598,assault,medium
26.181511,91.739914,lost_person,medium
26.18615,91.74725,theft,medium
26.181574,91.74445,assault,high
26.18535,91.745951,theft,high
26.181806,91.745826,accident,medium
26.186173,91.747186,harassment,low
26.180378,91.744394,scam,low
26.185327,91.740819,harassment,low
26.182187,91.740055,accident,low
26.18471,91.744885,scam,high
26.186229,91.741826,harassment,medium
26.184457,91.74153,accident,high
26.187345,91.746107,lost_person,medium
26.182898,91.74529,lost_person,medium
26.183847,91.739412,accident,low
26.183559,91.740667,theft,medium
26.185646,91.742651,theft,low
26.181748,91.745338,harassment,medium
26.185191,91.740094,harassment,high
26.184607,91.742032,harassment,medium
26.187271,91.746716,harassment,high
26.187875,91.742455,lost_person,medium
26.183788,91.746086,harassment,medium
26.182707,91.741797,lost_person,critical
26.185113,91.741612,scam,low
26.184531,91.744683,accident,critical
26.18114,91.741012,harassment,medium
26.186843,91.742517,accident,high
26.184356,91.743351,lost_person,low
26.18503,91.742326,accident,medium
26.180904,91.740768,scam,high
26.186535,91.745842,lost_person,low
26.186853,91.742999,accident,critical
26.185057,91.743104,assault,medium
26.184355,91.746257,accident,critical
26.184388,91.74552,accident,low
26.180617,91.74492,lost_person,medium
26.183513,91.740053,assault,high
26.180694,91.744707,lost_person,medium
26.185036,91.74166,assault,medium
26.180229,91.742421,harassment,medium
26.182778,91.740331,theft,medium
26.183099,91.740018,accident,medium
26.183055,91.74392,harassment,critical
26.182514,91.746423,accident,low
26.183932,91.746015,assault,medium
26.184475,91.741842,lost_person,high
26.181893,91.745091,harassment,medium
26.186557,91.748352,lost_person,high
26.184673,91.745336,harassment,low
26.18524,91.743724,assault,high
26.184688,91.740994,theft,high
26.181353,91.740981,lost_person,medium
26.185137,91.744791,accident,high
26.185565,91.743667,assault,high
26.182789,91.742164,lost_person,medium
26.181444,91.745905,harassment,medium
26.182714,91.741024,harassment,critical
26.18666,91.740791,theft,medium
26.18301,91.742122,scam,low
26.183062,91.742867,assault,high
26.183606,91.739938,assault,critical
26.185561,91.743696,assault,high
26.184796,91.743369,accident,critical
26.182369,91.743364,assault,low
26.182929,91.742594,harassment,high
26.184087,91.742981,harassment,high
26.183429,91.747553,assault,medium
26.182306,91.743266,theft,medium
26.187578,91.74666,assault,medium
26.187907,91.743504,accident,low
26.187526,91.743098,theft,low
26.18555,91.744346,harassment,high
26.183128,91.744377,assault,medium
26.185623,91.74446,assault,low
26.185065,91.745023,scam,low
26.179271,91.740758,scam,medium
26.186353,91.744431,lost_person,high
26.184978,91.745764,harassment,medium
26.188547,91.745266,scam,medium
26.187608,91.743591,harassment,medium
26.187225,91.743395,scam,medium
26.184443,91.747971,harassment,low
26.180615,91.744134,scam,medium
26.181657,91.742573,harassment,high
26.18502,91.747091,accident,medium
26.179595,91.744017,assault,low
26.181911,91.744344,lost_person,low
26.179264,91.740026,scam,low
26.186485,91.742469,theft,medium
26.18585,91.740309,assault,critical
26.184964,91.745009,lost_person,medium
26.183613,91.744014,theft,medium
26.179131,91.738668,harassment,medium
26.182765,91.744093,theft,medium
26.182901,91.740658,lost_person,medium
26.182764,91.745478,theft,low
26.181512,91.740455,accident,high
26.182802,91.739652,lost_person,low
26.183274,91.742776,lost_person,low
26.185265,91.741579,accident,medium
26.184834,91.740719,scam,critical
26.186443,91.744876,theft,low
26.180299,91.743969,assault,critical
26.183021,91.74191,theft,low
26.182807,91.747467,theft,medium
26.183759,91.743631,assault,high
26.184931,91.742875,accident,low
26.185332,91.742483,scam,medium
26.185133,91.743871,theft,medium
26.185919,91.738913,scam,low
26.180462,91.742651,harassment,high
26.180739,91.745457,harassment,low
26.181784,91.742765,accident,high
26.183294,91.742199,lost_person,medium
26.181794,91.747315,harassment,medium
26.179243,91.745811,scam,critical
26.182888,91.745907,assault,high
26.183858,91.741927,harassment,high
26.183933,91.739367,lost_person,high
26.183608,91.743233,lost_person,high
26.183266,91.743053,assault,high
26.187635,91.742857,scam,critical
26.185102,91.743297,assault,high
26.179016,91.742708,accident,high
26.18517,91.744135,scam,high
26.180129,91.745244,theft,high
26.187008,91.743503,accident,low
26.185507,91.74415,lost_person,medium
26.184137,91.743819,lost_person,high
26.184227,91.740759,scam,medium
26.181103,91.741923,assault,critical
26.18454,91.745124,harassment,high
26.18214,91.740495,scam,medium
26.179665,91.744901,scam,low
26.183451,91.744746,accident,low
26.187347,91.741721,assault,low
26.183605,91.747446,accident,low
26.18256,91.742115,harassment,low
26.180061,91.738703,accident,medium
26.185438,91.74298,scam,medium
26.185815,91.739062,theft,low
26.184371,91.741537,lost_person,low
26.187601,91.74258,accident,high
26.18353,91.741963,assault,low
26.183161,91.743652,lost_person,low
26.184502,91.740898,harassment,critical
26.182244,91.743663,scam,high
26.180848,91.74217,harassment,medium
26.18088,91.742091,assault,medium
26.183472,91.740228,assault,medium
26.181904,91.744319,scam,medium
26.183347,91.741426,harassment,critical
26.183457,91.743316,assault,low
26.183987,91.742244,harassment,low
26.179934,91.742743,theft,medium
26.181852,91.738854,scam,high
26.183813,91.749862,scam,medium
26.185729,91.742854,accident,critical
26.18822,91.743912,harassment,medium
26.182793,91.741044,theft,low
26.179403,91.739468,lost_person,medium
26.184222,91.745191,harassment,low
26.18932,91.739927,lost_person,high
26.183696,91.748211,scam,medium
26.184835,91.742463,lost_person,medium
26.185604,91.737901,scam,high
26.187129,91.741294,lost_person,low
26.183279,91.741374,theft,high
26.185698,91.743876,lost_person,medium
26.181079,91.740978,theft,medium
26.180176,91.741923,harassment,low
26.182103,91.740723,lost_person,low
26.187276,91.743332,harassment,low
26.18278,91.741493,assault,medium
26.184993,91.745173,scam,high
26.184021,91.744733,assault,critical
26.187498,91.74291,theft,critical
26.182638,91.743825,lost_person,medium
26.183995,91.742528,assault,low
26.184797,91.740652,harassment,medium
26.181804,91.744406,lost_person,medium
26.180998,91.743058,harassment,medium
26.185142,91.744697,harassment,high
26.182761,91.741824,theft,medium
26.184831,91.742339,harassment,low
26.183045,91.743906,lost_person,low
26.183974,91.744153,scam,high
26.184619,91.738723,accident,medium
26.182777,91.745477,assault,medium
26.185546,91.743018,assault,high
26.183611,91.743922,theft,high
26.181301,91.744007,harassment,low
26.182707,91.746656,accident,medium
26.180128,91.743398,accident,low
26.179593,91.738437,theft,medium
26.182016,91.746483,scam,low
26.185044,91.747377,theft,medium
26.183192,91.746707,assault,low
26.185161,91.740644,accident,low
26.183375,91.739634,accident,medium
26.186033,91.744478,harassment,high
26.18169,91.743226,harassment,medium
26.183414,91.743241,scam,high
26.183252,91.740845,scam,medium
26.1861,91.739748,theft,medium
26.178572,91.745642,assault,medium
26.182507,91.745438,scam,medium
26.18752,91.741818,assault,low
26.185093,91.740136,accident,medium
26.186868,91.744344,lost_person,high
26.188634,91.743595,theft,low
26.179143,91.745572,accident,low
26.184566,91.743585,theft,low
26.16981,91.706113,scam,low
26.164123,91.70245,scam,low
26.165595,91.707741,accident,medium
26.171686,91.704331,assault,high
26.164335,91.707993,scam,low
26.165649,91.706867,scam,high
26.164718,91.707709,accident,low
26.166006,91.706447,assault,critical
26.164325,91.707296,harassment,low
26.167777,91.706797,assault,medium
26.166474,91.705535,assault,medium
26.16892,91.703174,assault,medium
26.166367,91.699589,assault,low
26.168663,91.706475,scam,medium
26.164779,91.704449,assault,low
26.167779,91.70352,scam,medium
26.166037,91.70644,harassment,low
26.164442,91.704513,harassment,medium
26.167178,91.707185,accident,medium
26.168036,91.707617,scam,high
26.16787,91.704319,scam,high
26.16594,91.704629,theft,high
26.167738,91.702146,theft,critical
26.168701,91.704704,scam,medium
26.165712,91.70804,accident,high
26.167594,91.702778,theft,medium
26.164294,91.706239,harassment,high
26.1648,91.705715,lost_person,critical
26.166146,91.705552,lost_person,critical
26.163339,91.702856,scam,low
26.167621,91.707711,accident,medium
26.164248,91.704049,harassment,high
26.168675,91.702353,lost_person,low
26.163877,91.704861,accident,high
26.165564,91.707244,theft,low
26.165163,91.705778,accident,high
26.164068,91.704553,scam,medium
26.168063,91.707073,accident,low
26.168097,91.709537,theft,critical
26.17392,91.704859,harassment,critical
26.165201,91.704254,harassment,high
26.165367,91.704135,lost_person,low
26.166758,91.706324,accident,medium
26.170992,91.708081,assault,critical
26.162167,91.707494,scam,low
26.166108,91.702342,lost_person,medium
26.165688,91.709149,assault,low
26.169961,91.701752,theft,medium
26.166852,91.708391,accident,medium
26.16415,91.707282,scam,high
26.167761,91.706655,harassment,high
26.16477,91.70501,lost_person,low
26.166768,91.706071,theft,low
26.165607,91.709427,assault,low
26.165424,91.70803,scam,high
26.164537,91.705393,scam,medium
26.16567,91.706897,harassment,low
26.166862,91.70578,accident,low
26.167933,91.704748,theft,critical
26.165773,91.706754,lost_person,medium
26.166486,91.705089,accident,medium
26.165141,91.704653,harassment,high
26.163877,91.706751,theft,medium
26.165764,91.709705,theft,critical
26.16653,91.704745,harassment,medium
26.171096,91.703571,scam,medium
26.165818,91.706073,scam,medium
26.169404,91.708015,lost_person,medium
26.166685,91.706961,harassment,medium
26.165277,91.706522,harassment,medium
26.16683,91.705576,scam,low
26.164323,91.705528,assault,medium
26.164847,91.705455,accident,medium
26.165526,91.707394,accident,low
26.168399,91.707728,accident,low
26.16472,91.707016,scam,high
26.168039,91.705927,harassment,low
26.167159,91.708161,accident,high
26.162911,91.706731,accident,high
26.169184,91.708381,lost_person,medium
26.170779,91.703947,scam,medium
26.165893,91.702197,lost_person,medium
26.164696,91.70651,harassment,medium
26.166814,91.70498,scam,low
26.166796,91.705094,accident,medium
26.171971,91.706545,assault,medium
26.170844,91.700648,assault,high
26.165428,91.705674,accident,medium
26.164843,91.70782,lost_person,critical
26.167202,91.707279,scam,medium
26.165194,91.705547,accident,low
26.165248,91.709392,lost_person,medium
26.161989,91.703336,harassment,high
26.166908,91.706245,theft,medium
26.167321,91.705163,harassment,medium
26.168735,91.704586,lost_person,high
26.168074,91.704728,scam,high
26.165995,91.703057,scam,high
26.166112,91.7071,harassment,high
26.165981,91.705253,scam,high
26.168321,91.708217,assault,low
26.16661,91.704814,theft,low
26.166846,91.70452,harassment,medium
26.167459,91.710429,accident,low
26.167731,91.704499,scam,medium
26.165715,91.706511,scam,medium
26.166267,91.705147,harassment,medium
26.166761,91.702207,harassment,medium
26.166068,91.705529,theft,high
26.164346,91.705572,scam,low
26.16457,91.704172,assault,critical
26.166393,91.708137,theft,high
26.166251,91.704215,scam,low
26.164705,91.705324,lost_person,low
26.169744,91.705571,accident,high
26.166397,91.707734,scam,high
26.167847,91.703616,scam,medium
26.168537,91.708991,scam,medium
26.167668,91.703825,theft,low
26.16667,91.706101,accident,medium
26.168093,91.699727,accident,low
26.167655,91.703725,lost_person,low
26.165027,91.705334,assault,critical
26.166445,91.701517,harassment,medium
26.167876,91.705687,harassment,medium
26.169126,91.702929,scam,low
26.165197,91.708234,assault,low
26.165273,91.706067,lost_person,medium
26.160871,91.707755,theft,high
26.165156,91.703861,lost_person,critical
26.170327,91.70793,lost_person,high
26.165415,91.702979,assault,medium
26.164012,91.701461,assault,high
26.163793,91.705962,theft,medium
26.167341,91.702073,lost_person,low
26.169103,91.704423,accident,high
26.168693,91.707965,theft,medium
26.16789,91.709693,assault,low
26.166895,91.70602,theft,low
26.169404,91.707435,lost_person,medium
26.168105,91.7011,harassment,medium
26.166821,91.702467,accident,medium
26.164612,91.705213,assault,high
26.169248,91.707182,theft,high
26.167051,91.702358,accident,critical
26.167996,91.702999,scam,low
26.166438,91.701597,harassment,medium
26.165629,91.70381,scam,low
26.167578,91.706672,harassment,high
26.166294,91.707427,theft,medium
26.163044,91.703852,theft,medium
26.169074,91.704146,theft,medium
26.165971,91.706488,harassment,low
26.161943,91.703388,theft,low
26.169541,91.704326,scam,low
26.164902,91.70479,lost_person,low
26.167053,91.70586,accident,medium
26.170451,91.705021,lost_person,high
26.164161,91.706357,theft,low
26.162644,91.706798,assault,medium
26.166441,91.704516,harassment,medium
26.1675,91.702044,assault,medium
26.167821,91.705117,accident,low
26.165432,91.704518,accident,high
26.161164,91.706119,lost_person,medium
26.164193,91.705708,harassment,medium
26.166371,91.70625,theft,critical
26.166614,91.708172,assault,low
26.168796,91.702437,assault,high
26.163764,91.703207,assault,low
26.166014,91.708863,assault,high
26.161872,91.708414,harassment,medium
26.166562,91.704446,theft,medium
26.168299,91.705498,theft,critical
26.168136,91.704229,assault,low
26.162514,91.706665,accident,high
26.166326,91.70341,theft,low
26.166523,91.704364,scam,low
26.166918,91.705327,scam,medium
26.166956,91.700584,lost_person,medium
26.167844,91.704073,lost_person,low
26.164532,91.70594,scam,low
26.164846,91.703,lost_person,medium
26.163414,91.704537,scam,medium
26.167759,91.706502,theft,medium
26.167113,91.706679,lost_person,critical
26.164523,91.70571,theft,medium
26.167633,91.702629,assault,medium
26.165401,91.7057,theft,critical
26.167257,91.708809,assault,low
26.166661,91.703556,harassment,low
26.164677,91.704437,lost_person,medium
26.16428,91.704253,theft,high
26.170206,91.70747,scam,low
26.16903,91.709018,lost_person,medium
26.16686,91.704939,theft,medium
26.170158,91.708364,harassment,medium
26.164398,91.702059,accident,medium
26.163344,91.706779,scam,low
26.165,91.704799,harassment,low
26.168244,91.703421,lost_person,medium
26.167654,91.706977,harassment,low
26.163414,91.706403,accident,low
26.16678,91.70395,accident,high
26.165588,91.706461,accident,medium
26.164964,91.707184,theft,low
26.164845,91.703899,harassment,medium
26.164002,91.699999,lost_person,low
26.169368,91.705892,assault,low
26.164051,91.703784,assault,low
26.166023,91.706755,theft,high
26.16749,91.706704,accident,medium
26.16693,91.705855,theft,medium
26.166005,91.706839,theft,high
26.167447,91.706544,scam,low
26.162818,91.700995,lost_person,medium
26.165891,91.704652,lost_person,medium
26.163027,91.702642,scam,medium
26.167751,91.701578,assault,medium
26.171391,91.707065,scam,high
26.166137,91.7022,harassment,critical
26.164957,91.707725,theft,medium
26.169542,91.705753,scam,critical
26.163627,91.704918,accident,low
26.165441,91.703921,assault,low
26.167209,91.703798,lost_person,high
26.168807,91.705549,assault,medium
26.168511,91.70743,theft,medium
26.1641,91.704758,lost_person,low
26.165402,91.705324,accident,high
26.163495,91.706319,accident,low
26.167554,91.703597,accident,critical
26.168629,91.707488,theft,medium
26.166999,91.705513,accident,low
26.163611,91.703646,lost_person,low
26.163823,91.705912,lost_person,medium
26.167721,91.705295,scam,medium
26.1662,91.7027,assault,high
26.167692,91.706247,scam,medium
26.16761,91.70249,theft,high
26.166228,91.706616,theft,medium
26.169982,91.702907,harassment,medium
26.164267,91.704998,scam,low
26.164929,91.706442,accident,low
26.168617,91.706007,scam,medium
26.165585,91.704804,theft,low
26.166438,91.705403,scam,low
26.169256,91.701171,assault,medium
26.167167,91.70453,theft,low
26.171618,91.706256,scam,medium
26.164545,91.704113,theft,low
26.163605,91.702769,theft,low
26.167755,91.700441,lost_person,low
26.163966,91.707017,assault,medium
26.168087,91.706853,theft,low
26.165922,91.701938,theft,low
26.169915,91.706147,lost_person,medium
26.161976,91.70739,accident,high
26.166586,91.704104,harassment,medium
26.163558,91.703269,harassment,medium
26.166195,91.700973,theft,high
26.166533,91.706229,harassment,high
26.165911,91.700033,theft,medium
26.164891,91.704087,assault,high
26.164203,91.701343,scam,low
26.164377,91.70789,accident,medium
26.165309,91.706096,accident,high
26.165313,91.706614,assault,medium
26.168855,91.702965,theft,medium
26.162812,91.708289,lost_person,medium
26.170012,91.707679,assault,medium
26.168255,91.705442,harassment,low
26.165019,91.707064,scam,medium
26.16529,91.705929,harassment,medium
26.167601,91.704726,lost_person,critical
26.168017,91.704239,theft,medium
26.163485,91.704077,lost_person,medium
26.164823,91.707815,lost_person,low
26.167368,91.706956,assault,critical
26.169809,91.706176,theft,high
26.16469,91.70641,harassment,medium
26.165525,91.701752,assault,low
26.164734,91.705571,lost_person,critical
26.16468,91.705579,accident,high
26.163796,91.708379,harassment,high
26.165875,91.705899,theft,low
26.166573,91.702499,scam,low
26.16446,91.704076,lost_person,low
26.166056,91.704053,lost_person,medium
26.164695,91.702758,accident,medium
26.164136,91.702745,harassment,low
26.16739,91.701334,harassment,low
26.169197,91.704148,accident,medium
26.16744,91.705663,lost_person,medium
26.168876,91.701162,scam,medium
26.169906,91.703317,lost_person,high
26.168736,91.704732,accident,critical
26.169212,91.707191,lost_person,medium
26.168101,91.704394,assault,medium
26.168328,91.707691,lost_person,high
26.165778,91.708477,accident,medium
26.164557,91.707208,scam,high
26.164383,91.710287,lost_person,high
26.162539,91.710247,theft,low
26.167499,91.70487,theft,medium
26.169323,91.704979,lost_person,low
26.164493,91.707871,harassment,medium
26.166627,91.70678,accident,low
26.166047,91.704898,lost_person,low
26.165888,91.704543,harassment,low
26.167462,91.705226,assault,high
26.166368,91.706226,harassment,high
26.166828,91.705447,lost_person,high
26.164409,91.708297,assault,medium
26.167195,91.70158,harassment,low
26.168977,91.705661,lost_person,low
26.166166,91.706034,lost_person,low
26.167098,91.705725,assault,high
26.161654,91.703617,theft,low
26.167052,91.709386,scam,critical
26.167014,91.710651,lost_person,low
26.1666,91.705271,lost_person,medium
26.165842,91.705999,harassment,medium
26.164961,91.704252,lost_person,low
26.164381,91.703554,lost_person,low
26.162252,91.709237,scam,medium
26.164883,91.707614,theft,low
26.167262,91.70718,lost_person,medium
26.163877,91.706197,lost_person,low
26.168225,91.70232,lost_person,high
26.170714,91.703486,assault,medium
26.167668,91.705825,assault,high
26.169437,91.707454,lost_person,medium
26.165344,91.707905,accident,high
26.161966,91.702244,harassment,low
26.16939,91.7101,harassment,high
26.168054,91.703756,scam,low
26.166095,91.702359,harassment,low
26.16942,91.707194,lost_person,low
26.170512,91.703409,scam,high
26.170679,91.709404,assault,medium
26.164769,91.703771,lost_person,medium
26.164514,91.709062,scam,medium
26.166596,91.709226,theft,high
26.167512,91.704986,lost_person,medium
26.1679,91.707857,harassment,low
26.167215,91.706998,lost_person,low
26.165253,91.704915,assault,high
26.164931,91.706115,theft,low
26.166968,91.708229,harassment,high
26.168984,91.708423,harassment,medium
26.163869,91.708947,accident,high
26.165667,91.704811,lost_person,low
26.168204,91.708901,assault,high
26.169468,91.707981,harassment,low
26.164941,91.710151,lost_person,medium
26.166182,91.704576,assault,medium
26.169756,91.704021,lost_person,medium
26.163997,91.706496,theft,medium
26.168943,91.708972,lost_person,low
26.163058,91.70828,scam,low
26.169428,91.704784,assault,low
26.168032,91.702727,theft,high
26.170505,91.705977,lost_person,medium
26.170075,91.703365,scam,low
26.163827,91.703373,harassment,medium
26.165629,91.703686,accident,medium
26.167653,91.708045,accident,medium
26.165106,91.70671,lost_person,medium
26.168113,91.704658,scam,low
26.168871,91.706054,theft,low
26.164897,91.706277,theft,low
26.166021,91.707477,assault,high
26.170176,91.705097,lost_person,medium
26.170472,91.70688,assault,medium
26.16364,91.705788,assault,critical
26.165373,91.70699,assault,high
26.167347,91.700988,theft,low
26.170597,91.7061,theft,medium
26.163982,91.705803,assault,low
26.167788,91.707024,accident,medium
26.167952,91.704691,scam,medium
26.167169,91.703127,theft,critical
26.166888,91.705084,scam,critical
26.165836,91.706067,accident,low
26.164936,91.709969,theft,low
26.165563,91.709217,assault,high
26.165163,91.703646,accident,high
26.169114,91.706304,lost_person,low
26.167947,91.706566,assault,high
26.163986,91.704487,lost_person,medium
26.169886,91.701986,harassment,critical
26.166819,91.704179,accident,low
26.170636,91.704922,assault,high
26.165058,91.706734,harassment,medium
26.169019,91.70347,scam,medium
26.167752,91.704937,harassment,low
26.16491,91.705826,assault,low
26.164733,91.704107,lost_person,critical
26.165098,91.703035,harassment,low
26.165776,91.705375,lost_person,high
26.167526,91.704781,harassment,medium
26.165189,91.708945,scam,high
26.164393,91.703309,lost_person,medium
26.166844,91.706961,accident,medium
26.165084,91.704797,harassment,medium
26.166696,91.704938,scam,high
26.165798,91.705971,theft,low
26.167976,91.703725,scam,critical
26.163706,91.703357,accident,medium
26.163174,91.706605,theft,critical
26.161617,91.706861,harassment,high
26.162123,91.707099,lost_person,medium
26.169018,91.705064,theft,high
26.166088,91.707676,theft,medium
26.163768,91.71099,assault,high
26.166607,91.702548,harassment,medium
26.168484,91.70681,assault,medium
26.168859,91.705849,lost_person,low
26.171039,91.707025,lost_person,high
26.165052,91.706585,theft,critical
26.166877,91.705984,harassment,low
26.167742,91.706393,accident,low
26.167171,91.706848,theft,high
26.167745,91.704084,scam,medium
26.163399,91.703506,assault,low
26.164102,91.704748,assault,medium
26.167561,91.702758,lost_person,medium
26.168977,91.70553,theft,low
26.171761,91.708445,assault,medium
26.16698,91.7056,scam,medium
26.167458,91.704063,lost_person,medium
26.169208,91.702755,accident,medium
26.16731,91.705304,accident,low
26.166142,91.705086,lost_person,medium
26.166825,91.701439,lost_person,low
26.168122,91.70935,scam,low
26.169805,91.706996,assault,high
26.165535,91.70527,assault,low
26.16866,91.706873,accident,low
26.167604,91.703509,scam,medium
26.163817,91.704169,scam,medium
26.167327,91.700586,scam,critical
26.167791,91.708276,lost_person,high
26.167945,91.706563,accident,low
26.169661,91.703136,theft,medium
26.162482,91.705686,harassment,low
26.167056,91.705323,theft,low
26.166424,91.701852,theft,high
26.169195,91.707918,scam,critical
26.167634,91.701814,lost_person,low
26.168367,91.707635,assault,high
26.16616,91.70756,harassment,medium
26.165866,91.705028,harassment,low
26.164876,91.709526,accident,medium
26.168635,91.707466,accident,medium
26.169564,91.706843,scam,medium
26.162951,91.710265,scam,medium
26.165755,91.70589,lost_person,low
26.165232,91.706497,theft,low
26.160516,91.706714,scam,medium
26.166197,91.705815,lost_person,medium
26.16279,91.702178,harassment,medium
26.170172,91.704603,accident,medium
26.160837,91.705105,scam,high
26.165403,91.705657,assault,medium
26.16919,91.710058,accident,medium
26.168588,91.705281,scam,medium
26.165944,91.708102,theft,high
26.163874,91.70253,harassment,medium
26.169587,91.707687,theft,high
26.167522,91.705291,lost_person,low
26.168114,91.705387,assault,medium
26.165475,91.699264,scam,medium
26.167714,91.702435,scam,high
26.165494,91.711663,accident,high
26.168739,91.70734,theft,low
26.170285,91.706427,theft,medium
26.167181,91.708139,scam,high
26.168515,91.705337,theft,medium
26.163246,91.70624,theft,high
26.167707,91.704799,scam,medium
26.166188,91.705528,assault,medium
26.165724,91.704008,scam,high
26.16694,91.704475,harassment,medium
26.165746,91.70256,theft,high
26.164101,91.70618,lost_person,low
26.163802,91.701256,theft,medium
26.168848,91.700859,accident,medium
26.166359,91.706487,harassment,low
26.161351,91.704094,assault,medium
26.165966,91.70755,theft,medium
26.163366,91.706505,theft,medium
26.165043,91.704253,accident,low
26.167073,91.70181,harassment,medium
26.168734,91.709072,harassment,medium
26.170413,91.705749,lost_person,medium
26.166973,91.707043,scam,medium
26.164731,91.702217,assault,low
26.167749,91.705402,theft,high
26.16818,91.706169,accident,high
26.168469,91.702395,lost_person,medium
26.166028,91.703174,theft,high
26.164481,91.702739,harassment,medium
26.170202,91.705115,lost_person,medium
26.169932,91.705999,scam,medium
26.163061,91.702958,theft,low
26.168987,91.706515,theft,high
26.164234,91.703605,scam,high
26.167845,91.707175,scam,low
26.169141,91.701942,scam,low
26.168204,91.707177,harassment,medium
26.167917,91.705835,assault,low
26.167229,91.710183,assault,high
26.16834,91.707639,harassment,medium
26.165391,91.704246,assault,low
26.164116,91.701267,scam,medium
26.170195,91.704533,assault,low
26.163328,91.704685,accident,medium
26.16787,91.710961,harassment,critical
26.168333,91.707011,assault,low
26.166676,91.704371,assault,critical
26.167245,91.704838,theft,low
26.167246,91.702331,scam,medium
26.165524,91.702247,harassment,high
26.164437,91.702356,harassment,high
26.164323,91.706315,lost_person,high
26.166716,91.706662,theft,medium
26.165937,91.703091,lost_person,medium
26.166377,91.707759,lost_person,medium
26.164477,91.706789,theft,high
26.163644,91.706246,theft,low
26.167689,91.704475,accident,medium
26.16701,91.704643,accident,low
26.164172,91.705938,harassment,medium
26.168124,91.706837,lost_person,medium
26.169821,91.704264,scam,high
26.164973,91.703829,scam,medium
26.166129,91.7046,accident,medium
26.16303,91.704258,assault,low
26.167938,91.706107,scam,medium
26.167939,91.708181,assault,low
26.164968,91.705109,harassment,medium
26.168697,91.70505,theft,medium
26.165709,91.705315,lost_person,medium
26.172822,91.706725,accident,critical
26.165417,91.708307,accident,medium
26.168963,91.704692,lost_person,medium
26.165661,91.701776,harassment,medium
26.162639,91.708572,scam,medium
26.167644,91.706574,lost_person,low
26.166515,91.706663,theft,medium
26.162981,91.704671,harassment,low
26.165914,91.705367,harassment,low
26.168124,91.703167,lost_person,low
26.166256,91.706727,lost_person,low
26.167793,91.704569,assault,medium
26.165752,91.706357,harassment,critical
26.167371,91.708535,assault,medium
26.167438,91.707681,scam,high
26.169073,91.705921,lost_person,medium
26.16684,91.7073,harassment,low
26.166476,91.709142,accident,low
26.164942,91.70603,harassment,low
26.165773,91.707363,harassment,low
26.166399,91.703994,assault,medium
26.16388,91.70268,lost_person,high
26.16665,91.709483,accident,high
26.16141,91.704387,accident,high
26.165642,91.712907,scam,high
26.168346,91.703821,assault,medium
26.166922,91.703584,accident,medium
26.168043,91.708174,scam,high
26.166332,91.70526,theft,high
26.16893,91.705821,accident,medium
26.167776,91.706007,lost_person,medium
26.167047,91.705199,assault,low
26.166123,91.706284,assault,medium
26.167231,91.705432,harassment,low
26.163168,91.708549,lost_person,high
26.173417,91.705274,accident,medium
26.167898,91.699233,assault,low
26.16706,91.71048,lost_person,low
26.16617,91.704419,theft,medium
26.166741,91.704637,assault,low
26.16633,91.706157,lost_person,medium
26.170484,91.708173,lost_person,low
26.170218,91.708575,assault,high
26.167262,91.708807,accident,medium
26.162619,91.70578,assault,medium
26.16642,91.704647,harassment,medium
26.168307,91.706858,theft,low
26.167571,91.706838,assault,medium
26.166487,91.707259,scam,medium
26.16528,91.709724,harassment,high
26.165184,91.706951,harassment,medium
26.168232,91.707328,theft,medium
26.162815,91.702794,accident,medium
26.167406,91.703709,accident,low
26.165104,91.70535,scam,medium
26.166039,91.707004,harassment,medium
26.167486,91.700729,lost_person,medium
26.165059,91.705479,scam,medium
26.168652,91.704345,lost_person,medium
26.170515,91.706357,scam,critical
26.165342,91.705834,harassment,high
26.165227,91.70371,accident,medium
26.165987,91.706514,theft,medium
26.166005,91.702888,assault,medium
26.168085,91.706205,harassment,high
26.163461,91.706069,scam,low
26.164447,91.707168,harassment,high
26.165889,91.707475,theft,high
26.166994,91.70581,assault,medium
26.164653,91.706946,scam,low
26.165159,91.707238,accident,high
26.167585,91.704849,theft,high
26.168322,91.704583,harassment,low
26.166644,91.707037,theft,high
26.164973,91.704196,assault,critical
26.168687,91.706602,scam,low
26.165494,91.706885,accident,medium
26.164854,91.706072,theft,low
26.166219,91.704535,scam,low
26.169144,91.702813,scam,medium
26.163399,91.703069,harassment,medium
26.167173,91.706945,lost_person,low
26.166961,91.705858,lost_person,medium
26.168999,91.704287,lost_person,medium
26.168752,91.704379,scam,medium
26.165136,91.704839,scam,low
26.166506,91.707359,harassment,low
26.166019,91.705693,accident,critical
26.16522,91.706224,scam,critical
26.169813,91.70588,scam,high
26.162559,91.70965,assault,medium
26.165319,91.707847,assault,low
26.160979,91.701066,scam,medium
26.169348,91.706984,theft,high
26.167727,91.707431,theft,medium
26.165722,91.70556,harassment,medium
26.1673,91.704326,theft,high
26.165573,91.704768,theft,high
26.166644,91.704268,harassment,medium
26.164294,91.703303,theft,critical
26.164759,91.70445,theft,medium
26.168863,91.701826,lost_person,medium
26.166353,91.707313,lost_person,low
26.170225,91.708099,lost_person,medium
26.159037,91.706114,theft,medium
26.166951,91.703971,theft,medium
26.166358,91.706705,scam,medium
26.163504,91.706319,lost_person,low
26.168366,91.709406,harassment,medium
26.164891,91.707114,assault,medium
26.164024,91.705229,scam,critical
26.162557,91.705705,assault,critical
26.163705,91.705318,assault,medium
26.163006,91.707858,accident,medium
26.168395,91.70946,harassment,high
26.164335,91.705538,theft,low
26.16701,91.701318,lost_person,medium
26.165674,91.706903,assault,medium
26.169769,91.708005,assault,medium
26.169647,91.704095,harassment,medium
26.165945,91.703417,theft,critical
26.162437,91.711052,accident,high
26.167299,91.704754,theft,medium
26.168022,91.70514,accident,medium
26.166108,91.704346,lost_person,high
26.169173,91.70437,theft,high
26.167591,91.705125,lost_person,high
26.166743,91.70534,lost_person,low
26.165963,91.705992,scam,low
26.166727,91.709633,scam,low
26.167948,91.707624,lost_person,high
26.168651,91.703882,theft,medium
26.167446,91.702812,theft,medium
26.16851,91.7036,theft,high
26.164706,91.702383,assault,medium
26.166346,91.705902,scam,medium
26.165374,91.701695,scam,low
26.166808,91.702725,theft,medium
26.163438,91.707784,harassment,medium
26.162946,91.707286,scam,low
26.165566,91.705452,assault,low
26.169378,91.706929,assault,medium
26.16282,91.70376,theft,medium
26.1659,91.707666,assault,medium
26.16546,91.705018,lost_person,medium
26.164711,91.703786,accident,low
26.168327,91.707587,harassment,low
26.16574,91.707214,lost_person,medium
26.166844,91.708776,lost_person,low
26.16731,91.706742,lost_person,critical
26.16208,91.70481,lost_person,high
26.163126,91.706302,scam,medium
26.167092,91.705692,theft,high
26.164393,91.704455,scam,low
26.167099,91.708358,assault,low
26.165087,91.701994,assault,low
26.170659,91.704439,lost_person,medium
26.163251,91.70251,assault,low
26.166384,91.704782,theft,medium
26.165464,91.705371,scam,medium
26.167023,91.704191,theft,low
26.164772,91.704312,scam,medium
26.167783,91.708441,harassment,medium
26.166939,91.704695,lost_person,high
26.165531,91.703234,lost_person,low
26.165873,91.702234,scam,low
26.164298,91.701784,harassment,medium
26.168914,91.703949,scam,medium
26.166587,91.705277,scam,low
26.165225,91.70333,accident,low
26.163727,91.708263,lost_person,high
26.16537,91.706839,assault,high
26.166796,91.704717,scam,medium
26.170224,91.711113,assault,medium
26.166544,91.706819,harassment,medium
26.165664,91.70007,scam,medium
26.167711,91.707249,accident,critical
26.164006,91.70388,accident,low
26.16577,91.703707,assault,high
26.163704,91.704477,harassment,high
26.162557,91.705007,accident,low
26.16221,91.707457,theft,high
26.163724,91.708247,scam,low
26.161212,91.706394,assault,medium
26.16195,91.705251,assault,medium
26.169712,91.70245,assault,low
26.167994,91.709097,scam,medium
26.166497,91.705565,harassment,medium
26.170831,91.704568,theft,low
26.168301,91.706371,lost_person,low
26.16694,91.706282,lost_person,high
26.164243,91.703704,harassment,medium
26.169577,91.702651,assault,low
26.173432,91.702677,harassment,medium
26.16693,91.708657,harassment,high
26.164672,91.70344,assault,medium
26.16704,91.703784,scam,low
26.163721,91.706209,assault,medium
26.162973,91.705843,assault,critical
26.167281,91.703116,lost_person,high
26.165734,91.702796,lost_person,high
26.168982,91.706243,lost_person,medium
26.163326,91.705571,harassment,medium
26.167528,91.706123,accident,high
26.165925,91.706093,accident,high
26.165406,91.702751,scam,medium
26.165578,91.705734,theft,medium
26.165309,91.704448,lost_person,high
26.168249,91.703832,assault,high
26.162258,91.708745,theft,medium
26.159335,91.705562,assault,low
26.169964,91.704846,accident,high
26.167892,91.710475,accident,medium
26.166655,91.703313,assault,medium
26.167288,91.70702,assault,high
26.164698,91.703101,assault,medium
26.164467,91.706199,lost_person,high
26.164337,91.706209,theft,high
26.167563,91.706943,harassment,high
26.163862,91.706041,theft,low
26.167901,91.706709,scam,low
26.169117,91.706834,lost_person,low
26.166985,91.705566,lost_person,low
26.164801,91.704904,lost_person,high
26.167491,91.702934,accident,medium
26.166633,91.706686,harassment,high
26.162424,91.702629,assault,medium
26.165021,91.708611,scam,high
26.168951,91.706429,assault,high
26.168564,91.70497,lost_person,medium
26.163643,91.703612,scam,low
26.16578,91.70225,assault,low
26.164294,91.706984,scam,high
26.170696,91.704838,assault,medium
26.161625,91.706538,scam,high
26.162686,91.702609,theft,high
26.168005,91.703452,assault,low
26.167695,91.703405,accident,medium
26.169713,91.704781,scam,medium
26.166381,91.703788,accident,low
26.167724,91.708059,lost_person,medium
26.165763,91.709157,theft,medium
26.16512,91.704484,theft,high
26.168792,91.702797,assault,low
26.166086,91.70621,lost_person,critical
26.165032,91.702655,accident,low
26.166302,91.704566,harassment,high
26.166798,91.707505,lost_person,critical
26.163148,91.705704,harassment,high
26.16681,91.707422,assault,medium
26.166619,91.705611,harassment,medium
26.169044,91.705141,harassment,medium
26.16388,91.709166,lost_person,high
26.163034,91.705634,harassment,low
26.168137,91.705898,harassment,low
26.166443,91.703343,scam,critical
26.16794,91.700999,lost_person,low
26.170295,91.706482,accident,medium
26.164952,91.703106,harassment,high
26.165015,91.705897,lost_person,medium
26.167024,91.706911,accident,high
26.167862,91.702769,lost_person,high
26.165156,91.70561,lost_person,low
26.162523,91.705702,theft,low
26.170909,91.705957,scam,low
26.167115,91.703123,scam,low
26.164656,91.705689,theft,low
26.170295,91.704624,assault,medium
26.16466,91.706607,lost_person,low
26.163397,91.705963,lost_person,high
26.164463,91.706233,scam,low
26.168487,91.703351,accident,high
26.168939,91.706678,harassment,medium
26.165711,91.701378,assault,high
26.166272,91.702189,lost_person,critical
26.166347,91.707813,scam,medium
26.168104,91.707786,scam,low
26.167586,91.703012,assault,medium
26.162119,91.711051,accident,low
26.170895,91.705688,assault,medium
26.162897,91.708776,lost_person,medium
26.164762,91.706751,theft,low
26.163143,91.708025,accident,medium
26.167409,91.703975,theft,medium
26.16591,91.702754,accident,medium
26.169625,91.707373,accident,high
26.163807,91.706804,assault,medium
26.163905,91.707756,lost_person,medium
26.16298,91.709953,theft,medium
26.165978,91.706911,accident,medium
26.166961,91.70804,scam,high
26.168813,91.703912,lost_person,high
26.166568,91.705055,theft,medium
26.166508,91.704127,theft,medium
26.164898,91.704368,lost_person,medium
26.167937,91.706854,accident,low
26.166411,91.704253,lost_person,medium
26.168698,91.707501,scam,low
26.164667,91.706155,theft,high
26.166752,91.706839,lost_person,medium
26.165539,91.708804,lost_person,low
26.163584,91.712644,theft,low
26.165001,91.70501,theft,critical
26.165292,91.704697,harassment,medium
26.169491,91.69999,accident,critical
26.1644,91.706718,theft,medium
26.163575,91.70434,harassment,low
26.162747,91.706276,lost_person,high
26.164218,91.705356,harassment,critical
26.166793,91.707527,assault,medium
26.168143,91.703179,lost_person,high
26.164813,91.706362,harassment,low
26.164661,91.70251,scam,medium
26.165455,91.704671,accident,medium
26.169928,91.70391,scam,medium
26.164521,91.705391,scam,medium
26.16576,91.70531,harassment,high
26.169461,91.703721,assault,medium
26.162382,91.703956,harassment,low
26.163019,91.70592,harassment,high
26.168448,91.703245,lost_person,medium
26.169217,91.707196,theft,high
26.168516,91.705494,accident,high
26.169464,91.704734,lost_person,low
26.167888,91.704328,theft,low
26.16927,91.702679,scam,low
26.167043,91.704009,assault,medium
26.165697,91.702229,lost_person,low
26.164566,91.703136,accident,medium
26.167692,91.704264,lost_person,medium
26.170558,91.705829,theft,medium
26.170044,91.705057,theft,critical
26.165189,91.706448,lost_person,medium
26.166931,91.704824,harassment,low
26.166487,91.706997,harassment,medium
26.166016,91.703648,harassment,medium
26.163742,91.70289,assault,high
26.167951,91.705527,accident,low
26.165004,91.704811,harassment,low
26.166863,91.70531,harassment,high
26.170732,91.705352,accident,low
26.165589,91.703451,scam,medium
26.166298,91.706512,harassment,high
26.167064,91.705465,harassment,low
26.167214,91.707329,assault,medium
26.166558,91.706314,theft,high
26.166341,91.705286,lost_person,medium
26.16996,91.709869,scam,low
26.169365,91.704866,scam,high
26.163158,91.702959,lost_person,medium
26.166655,91.709003,scam,low
26.16817,91.702587,harassment,medium
26.161643,91.705034,accident,high
26.16519,91.708645,accident,low
26.167207,91.705252,lost_person,medium
26.166398,91.702131,theft,high
26.167752,91.703706,assault,low
26.166404,91.706708,assault,medium
26.169023,91.704515,harassment,high
26.163947,91.707773,harassment,medium
26.163058,91.706144,theft,medium
26.165891,91.70656,scam,medium
26.164757,91.704368,scam,medium
26.163911,91.704984,lost_person,medium
26.167922,91.700876,accident,medium
26.168782,91.702663,accident,medium
26.167702,91.707193,theft,low
26.168136,91.703628,lost_person,low
26.163783,91.707859,scam,high
26.165279,91.709429,theft,medium
26.163301,91.703572,accident,critical
26.163004,91.705385,accident,high
26.167609,91.706487,lost_person,high
26.16536,91.705281,scam,medium
26.163744,91.70242,lost_person,critical
26.164104,91.704203,lost_person,high
26.167729,91.705845,scam,critical
26.171676,91.70598,harassment,medium
26.166581,91.702037,theft,medium
26.164525,91.705204,assault,low
26.164316,91.703441,accident,high
26.166807,91.703647,scam,high
26.165421,91.702398,scam,low
26.162363,91.70518,theft,low
26.16539,91.704118,accident,medium
26.168388,91.706718,lost_person,medium
26.16503,91.705379,lost_person,low
26.163175,91.704336,scam,critical
26.166081,91.704071,assault,medium
26.164599,91.705876,accident,high
26.162816,91.702901,scam,low
26.165019,91.704254,theft,medium
26.165784,91.706465,theft,medium
26.16577,91.707413,lost_person,high
26.165273,91.705854,assault,high
26.163249,91.700389,assault,critical
26.169203,91.702544,theft,low
26.166225,91.708457,lost_person,high
26.168496,91.707946,harassment,medium
26.166788,91.702619,accident,high
26.166352,91.705002,assault,low
26.16437,91.703465,accident,critical
26.169978,91.710426,harassment,medium
26.168517,91.705255,accident,high
26.165531,91.708814,accident,critical
26.164791,91.705797,harassment,low
26.166355,91.70455,lost_person,high
26.169267,91.705357,theft,critical
26.163526,91.703594,assault,low
26.167179,91.706954,theft,low
26.166004,91.707691,accident,high
26.163412,91.705493,harassment,critical
26.167529,91.70587,harassment,medium
26.167008,91.710616,assault,high
26.164512,91.704917,scam,medium
26.165432,91.705148,accident,high
26.167973,91.704079,assault,low
26.17221,91.705896,theft,critical
26.167337,91.706081,lost_person,medium
26.166975,91.705593,assault,high
26.169356,91.706824,scam,high
26.163187,91.705922,scam,medium
26.168231,91.706562,scam,high
26.16575,91.709027,lost_person,medium
26.163019,91.708883,scam,medium
26.165982,91.706349,harassment,high
26.166998,91.706208,harassment,low
26.166277,91.708398,lost_person,medium
26.165038,91.702138,scam,medium
26.165961,91.704881,scam,critical
26.169504,91.703637,lost_person,high
26.16175,91.70599,scam,high
26.164211,91.703737,theft,low
26.165462,91.703274,harassment,medium
26.163837,91.705204,lost_person,low
26.168573,91.702375,theft,medium
26.166122,91.703664,harassment,medium
26.161868,91.703506,lost_person,medium
26.167502,91.699922,assault,high
26.166338,91.706128,theft,low
26.16582,91.706318,harassment,medium
26.164644,91.704246,harassment,medium
26.167727,91.707122,scam,medium
26.16661,91.706333,scam,critical
26.171444,91.705464,assault,low
26.163787,91.704878,lost_person,low
26.164228,91.703098,scam,critical
26.166287,91.705689,harassment,medium
26.166673,91.703291,theft,medium
26.168084,91.702419,theft,low
26.167186,91.706698,assault,medium
26.165653,91.705227,harassment,medium
26.168845,91.703595,theft,medium
26.161722,91.704946,assault,medium
26.168703,91.704971,harassment,low
26.16667,91.706879,accident,medium
26.163983,91.701018,scam,low
26.168678,91.706906,harassment,high
26.165568,91.701737,harassment,medium
26.163263,91.702305,scam,low
26.166706,91.703817,harassment,low
26.165774,91.70453,harassment,medium
26.164783,91.700706,harassment,low
26.169736,91.706259,theft,low
26.166153,91.704192,accident,low
26.165125,91.705351,lost_person,medium
26.168111,91.704098,harassment,low
26.164772,91.701776,harassment,low
26.171839,91.703941,harassment,medium
26.164803,91.707904,theft,medium
26.164473,91.703223,harassment,high
26.165074,91.707136,harassment,low
26.164613,91.70396,scam,high
26.16623,91.706864,theft,critical
26.166107,91.706072,accident,medium
26.169366,91.706591,assault,medium
26.166687,91.703736,lost_person,medium
26.169448,91.706532,accident,critical
26.16681,91.700092,lost_person,medium
26.167159,91.703315,theft,low
26.163511,91.704608,accident,high
26.165437,91.70111,theft,low
26.167993,91.706632,accident,high
26.167332,91.705468,accident,low
26.165962,91.702718,theft,critical
26.165311,91.703627,accident,high
26.165423,91.711147,accident,critical
26.167919,91.707822,lost_person,medium
26.163734,91.704917,scam,high
26.170134,91.708282,accident,high
26.167852,91.704562,harassment,medium
26.165371,91.705434,lost_person,medium
26.166734,91.706022,lost_person,medium
26.166525,91.702492,accident,medium
26.167171,91.704719,scam,medium
26.164648,91.702827,harassment,medium
26.165245,91.704673,harassment,medium
26.166898,91.704967,harassment,medium
26.170283,91.706832,scam,medium
26.165986,91.704871,scam,high
26.167004,91.705479,scam,high
26.167067,91.704583,harassment,high
26.16585,91.707517,accident,high
26.165132,91.705991,accident,medium
26.162356,91.707145,assault,low
26.167917,91.705803,lost_person,critical
26.16742,91.708056,assault,low
26.164624,91.703671,theft,critical
26.165242,91.707957,harassment,low
26.168946,91.704076,accident,medium
26.164332,91.706719,theft,low
26.167343,91.704996,lost_person,medium
26.166462,91.703445,harassment,low
26.16873,91.706459,lost_person,high
26.166034,91.708256,accident,medium
26.166564,91.702071,accident,medium
26.164872,91.702599,scam,low
26.162265,91.706963,theft,high
26.168438,91.710033,accident,low
26.16533,91.70525,theft,low
26.167225,91.705291,theft,high
26.165405,91.704486,lost_person,high
26.165313,91.705268,lost_person,low
26.165572,91.708174,lost_person,high
26.16783,91.70447,assault,high
26.166293,91.708605,lost_person,low
26.16538,91.707543,theft,medium
26.164265,91.704522,theft,medium
26.16527,91.702366,scam,medium
26.16783,91.708654,accident,critical
26.168483,91.704718,theft,medium
26.162294,91.702521,theft,high
26.166266,91.704563,assault,high
26.16459,91.702214,theft,high
26.168905,91.707288,theft,low
26.162572,91.70349,scam,low
26.164234,91.705352,accident,high
26.162551,91.706152,harassment,medium
26.171468,91.702901,assault,low
26.16278,91.706712,theft,medium
26.163267,91.707923,theft,low
26.163241,91.701755,theft,low
26.167723,91.707461,theft,medium
26.169202,91.709819,scam,high
26.169539,91.704447,accident,medium
26.163565,91.703885,assault,medium
26.165141,91.706887,harassment,low
26.163079,91.704082,assault,low
26.165613,91.703111,accident,low
26.16693,91.701748,harassment,low
26.165087,91.705745,scam,high
26.165888,91.706033,harassment,medium
26.16448,91.705439,accident,low
26.16516,91.707769,harassment,medium
26.166599,91.703001,assault,medium
26.167439,91.709213,assault,medium
26.167185,91.702163,accident,critical
26.167843,91.705555,harassment,medium
26.167014,91.707131,scam,medium
26.168338,91.704434,theft,high
26.168604,91.701493,accident,low
26.168304,91.707814,accident,medium
26.166372,91.705611,scam,low
26.165055,91.704467,theft,medium
26.167863,91.707325,theft,medium
26.165648,91.702816,lost_person,low
26.168839,91.705473,scam,medium
26.165927,91.706974,harassment,medium
26.163935,91.706758,assault,medium
26.165282,91.708563,harassment,low
26.163059,91.701523,assault,medium
26.170823,91.708375,assault,low
26.168399,91.705237,theft,critical
26.165746,91.701177,harassment,medium
26.163211,91.7068,theft,critical
26.166677,91.704415,lost_person,critical
26.16397,91.70332,theft,medium
26.163909,91.70278,assault,medium
26.170506,91.7069,accident,low
26.168003,91.704176,lost_person,medium
26.168295,91.706458,accident,medium
26.163079,91.707989,lost_person,low
26.165988,91.703281,lost_person,low
26.16821,91.705678,theft,medium
26.167181,91.707369,accident,low
26.16567,91.704996,scam,medium
26.164774,91.702974,harassment,medium
26.166559,91.702571,scam,high
26.165851,91.702692,theft,medium
26.164247,91.701858,lost_person,high
26.167451,91.706253,assault,medium
26.166838,91.704982,assault,medium
26.165113,91.706543,harassment,high
26.165372,91.703131,assault,low
26.167056,91.701375,theft,medium
26.168556,91.706376,lost_person,low
26.169174,91.70648,accident,low
26.167786,91.706502,harassment,medium
26.166961,91.708056,scam,low
26.169363,91.706602,harassment,critical
26.172725,91.710909,scam,medium
26.171121,91.704325,scam,low
26.165087,91.708851,scam,low
26.163391,91.70859,scam,medium
26.167298,91.706827,scam,high
26.165296,91.704656,accident,medium
26.164439,91.706733,lost_person,medium
26.166369,91.705778,lost_person,medium
26.16267,91.705282,assault,low
26.169432,91.707314,scam,medium
26.169986,91.702037,lost_person,medium
26.164708,91.700667,scam,critical
26.165401,91.708214,harassment,medium
26.163351,91.702312,lost_person,medium
26.164412,91.704208,accident,low
26.170681,91.704884,lost_person,high
26.16719,91.70568,accident,low
26.165299,91.700913,harassment,medium
26.163377,91.706554,lost_person,medium
26.169936,91.708373,lost_person,medium
26.166185,91.706224,accident,low
26.164403,91.706736,harassment,medium
26.168513,91.70743,assault,low
26.16417,91.704974,theft,high
26.166876,91.706652,scam,low
26.165115,91.705878,lost_person,high
26.166819,91.709003,theft,low
26.164863,91.703446,harassment,high
26.170624,91.706934,scam,high
26.160012,91.703193,scam,high
26.164078,91.706291,lost_person,high
26.164464,91.705847,assault,high
26.165347,91.703616,accident,medium
26.162311,91.703649,harassment,critical
26.165992,91.702617,accident,medium
26.168593,91.705313,theft,medium
26.167422,91.70311,lost_person,critical
26.164035,91.703423,theft,low
26.165381,91.705439,assault,medium
26.165047,91.705742,accident,high
26.167738,91.703058,scam,medium
26.166817,91.706524,assault,high
26.166146,91.702626,scam,high
26.166096,91.705643,lost_person,medium
26.164308,91.704806,lost_person,medium
26.168162,91.705816,scam,low
26.1713,91.705322,harassment,medium
26.164036,91.706574,lost_person,medium
26.168458,91.705793,accident,high
26.169023,91.705713,accident,medium
26.168145,91.705978,accident,medium
26.165305,91.704091,theft,high
26.17013,91.707295,scam,low
26.169439,91.707495,harassment,low
26.167067,91.705462,theft,high
26.163972,91.703694,assault,medium
26.166795,91.704857,lost_person,high
26.167391,91.712896,accident,low
26.164745,91.708413,scam,high
26.16554,91.70446,assault,medium
26.165883,91.708869,assault,medium
26.165835,91.704265,scam,low
26.169018,91.704664,harassment,low
26.166396,91.705387,theft,low
26.164284,91.7077,theft,medium
26.164935,91.703961,lost_person,high
26.168292,91.705437,accident,medium
26.167215,91.706817,harassment,low
26.166637,91.707934,harassment,medium
26.168035,91.705481,harassment,low
26.167736,91.710578,theft,high
26.168327,91.708867,assault,low
26.167818,91.708188,harassment,high
26.164792,91.705308,harassment,high
26.169149,91.705836,assault,low
26.170554,91.706469,harassment,low
26.166118,91.703981,theft,low
26.168383,91.704401,harassment,low
26.161416,91.703816,assault,low
26.163015,91.70592,assault,low
26.167525,91.706605,lost_person,low
26.166342,91.707705,harassment,low
26.165094,91.707849,harassment,medium
26.169406,91.702474,accident,medium
26.164663,91.701998,assault,medium
26.166522,91.70305,harassment,low
26.167337,91.703184,harassment,medium
26.163361,91.707074,accident,medium
26.16855,91.704766,scam,medium
26.163721,91.705346,theft,medium
26.172517,91.704112,assault,low
26.168522,91.697796,accident,low
26.166914,91.70259,scam,high
26.16526,91.705277,accident,medium
26.1653,91.705801,assault,low
26.166519,91.707677,scam,low
26.169019,91.703117,scam,high
26.166587,91.704178,scam,low
26.168766,91.703958,scam,medium
26.167971,91.705407,theft,medium
26.164604,91.705805,theft,low
26.17089,91.705797,accident,low
26.165875,91.706137,lost_person,medium
26.169432,91.701035,accident,low
26.165546,91.70212,accident,low
26.166413,91.702878,harassment,low
26.163228,91.708206,harassment,medium
26.168269,91.703968,accident,low
26.167155,91.704241,theft,medium
26.170547,91.706031,theft,medium
26.172031,91.705548,assault,high
26.166817,91.704344,scam,medium
26.165239,91.707226,theft,medium
26.166703,91.699002,lost_person,low
26.166738,91.707543,lost_person,low
26.160813,91.705565,assault,medium
26.16739,91.71083,scam,low
26.166101,91.702097,assault,low
26.170054,91.705571,lost_person,high
26.16559,91.704097,harassment,medium
26.165358,91.707145,theft,low
26.168372,91.706191,lost_person,high
26.165362,91.708478,harassment,medium
26.165798,91.704049,theft,medium
26.171406,91.707172,harassment,medium
26.167654,91.705735,lost_person,high
26.165648,91.704852,accident,high
26.167226,91.704912,theft,medium
26.164423,91.705041,assault,medium
26.165038,91.707999,harassment,high
26.164669,91.705226,assault,critical
26.166002,91.707746,accident,low
26.168292,91.708985,assault,high
26.168875,91.703743,accident,low
26.166902,91.706226,scam,high
26.168785,91.702915,lost_person,medium
26.16596,91.705526,accident,low
26.161902,91.707549,harassment,critical
26.16674,91.704483,lost_person,high
26.167358,91.704941,scam,medium
26.168376,91.710432,scam,high
26.16296,91.706213,harassment,medium
26.163742,91.704309,theft,low
26.168403,91.70745,theft,low
26.170358,91.704666,harassment,medium
26.166515,91.703684,harassment,medium
26.16725,91.705075,lost_person,critical
26.166882,91.708336,accident,medium
26.16569,91.704758,scam,high
26.169159,91.705997,harassment,critical
26.164687,91.706027,harassment,high
26.163795,91.70508,assault,low
26.162354,91.705488,accident,medium
26.163741,91.706835,lost_person,high
26.15967,91.70548,scam,low
26.163216,91.703166,lost_person,critical
26.1659,91.709467,lost_person,medium
26.166076,91.702128,lost_person,medium
26.166655,91.703547,assault,medium
26.167259,91.707272,scam,low
26.168286,91.705462,theft,medium
26.169929,91.70603,assault,low
26.168429,91.703047,harassment,low
26.165544,91.704307,lost_person,medium
26.163665,91.70501,theft,medium
26.167592,91.707738,harassment,high
26.165955,91.703024,lost_person,medium
26.167543,91.70308,lost_person,medium
26.163952,91.703596,lost_person,low
26.166988,91.70683,lost_person,high
26.168093,91.703623,theft,high
26.16756,91.70359,theft,medium
26.16506,91.706418,lost_person,medium
26.17074,91.707451,theft,critical
26.165125,91.705249,accident,high
26.168434,91.70624,assault,medium
26.169096,91.706903,assault,medium
26.168041,91.704122,assault,medium
26.164983,91.705706,harassment,medium
26.171921,91.705724,theft,critical
26.16699,91.703311,lost_person,low
26.16853,91.703879,theft,low
26.166587,91.706686,theft,high
26.166257,91.701301,harassment,medium
26.163897,91.708548,lost_person,critical
26.171443,91.705955,scam,high
26.165759,91.707305,scam,high
26.166478,91.705847,accident,medium
26.162357,91.703337,lost_person,medium
26.1678,91.707169,theft,medium
26.16758,91.707507,lost_person,medium
26.165759,91.703244,scam,high
26.164632,91.70843,accident,medium
26.165719,91.7063,accident,medium
26.170978,91.708393,theft,low
26.164523,91.704557,assault,medium
26.1705,91.703613,theft,high
26.16584,91.705162,scam,low
26.163056,91.704466,theft,medium
26.16706,91.703281,assault,medium
26.171938,91.707375,harassment,high
26.16785,91.703604,theft,medium
26.166958,91.704139,theft,low
26.169208,91.704384,lost_person,medium
26.168008,91.708424,accident,medium
26.163162,91.706062,accident,high
26.164026,91.70107,lost_person,medium
26.162824,91.70376,harassment,medium
26.165408,91.702516,theft,medium
26.165978,91.707383,scam,medium
26.168866,91.704569,scam,medium
26.163093,91.708309,lost_person,high
26.164445,91.707758,accident,low
26.171203,91.703804,lost_person,high
26.161106,91.700738,accident,medium
26.168136,91.708068,theft,high
26.161871,91.710468,theft,high
26.163061,91.705226,harassment,medium
26.164574,91.707683,assault,medium
26.171209,91.702635,theft,high
26.165669,91.705951,assault,medium
26.166045,91.705927,scam,low
26.165116,91.706872,theft,low
26.16692,91.705265,accident,low
26.166138,91.708898,harassment,low
26.164321,91.706544,accident,high
26.165606,91.705704,harassment,medium
26.163065,91.703876,lost_person,critical
26.16908,91.704721,assault,low
26.166172,91.70496,accident,medium
26.167997,91.71021,accident,low
26.162579,91.707531,accident,medium
26.164568,91.709262,lost_person,low
26.167898,91.709542,theft,critical
26.166889,91.702277,harassment,low
26.163932,91.705417,lost_person,medium
26.168563,91.707477,scam,critical
26.169082,91.706269,theft,low
26.167129,91.703074,accident,critical
26.164014,91.703789,harassment,low
26.165877,91.707128,scam,low
26.167188,91.70326,scam,medium
26.164693,91.705541,theft,medium
26.164221,91.708093,theft,low
26.165522,91.702252,theft,high
26.166707,91.706169,theft,critical
26.166548,91.703273,scam,low
26.167661,91.705131,accident,critical
26.159695,91.706197,accident,medium
26.164576,91.703274,assault,high
26.16915,91.704436,theft,medium
26.166886,91.705979,harassment,medium
26.165767,91.707535,assault,medium
26.16314,91.706018,lost_person,high
26.167037,91.705237,assault,high
26.166153,91.704976,harassment,medium
26.165276,91.702455,accident,medium
26.165623,91.703797,theft,high
26.165847,91.708688,lost_person,medium
26.169289,91.706357,accident,high
26.167758,91.707103,harassment,low
26.166073,91.701699,scam,high
26.167799,91.707633,accident,medium
26.164443,91.702758,harassment,low
26.166704,91.703548,theft,high
26.171858,91.701941,scam,high
26.158824,91.701582,theft,high
26.166871,91.707869,harassment,high
26.164143,91.703804,scam,low
26.16589,91.710377,accident,low
26.164682,91.705323,theft,medium
26.165947,91.708428,harassment,medium
26.166708,91.706435,scam,medium
26.163661,91.707172,accident,high
26.169019,91.705963,scam,high
26.166321,91.699737,assault,low
26.170573,91.701816,lost_person,low
26.169557,91.707262,theft,high
26.164582,91.702087,harassment,medium
26.167379,91.706257,harassment,medium
26.170004,91.703058,harassment,medium
26.164969,91.702593,theft,low
26.167482,91.707339,harassment,medium
26.16594,91.703105,assault,low
26.165769,91.70489,theft,high
26.168682,91.704444,theft,medium
26.163415,91.708923,scam,low
26.166628,91.706587,accident,low
26.167532,91.703294,assault,low
26.17432,91.701075,assault,low
26.168196,91.705523,theft,medium
26.163201,91.706326,accident,low
26.165737,91.705113,assault,critical
26.163701,91.701528,assault,low
26.164534,91.704307,scam,high
26.165405,91.711055,scam,high
26.166237,91.704359,lost_person,medium
26.166739,91.70478,harassment,medium
26.169921,91.704341,theft,medium
26.16571,91.706485,scam,low
26.17184,91.704868,assault,low
26.167483,91.703186,scam,low
26.166037,91.702677,scam,high
26.16888,91.703846,scam,low
26.172341,91.708214,harassment,low
26.168986,91.710092,accident,low
26.167055,91.703835,scam,high
26.167097,91.707614,harassment,high
26.167078,91.701342,theft,low
26.16667,91.704517,scam,low
26.164036,91.704612,accident,medium
26.167967,91.703492,scam,high
26.162682,91.707328,theft,medium
26.167699,91.708383,theft,low
26.165585,91.703405,theft,low
26.164678,91.706165,lost_person,high
26.166169,91.705258,assault,medium
26.164491,91.702653,assault,high
26.16809,91.705525,harassment,medium
26.169674,91.701927,accident,low
26.164326,91.70387,lost_person,low
26.159966,91.702589,theft,critical
26.169786,91.704366,scam,medium
26.164426,91.70502,accident,high
26.167291,91.70513,scam,high
26.167721,91.707338,lost_person,medium
26.169601,91.703789,scam,critical
26.165163,91.703518,accident,medium
26.165813,91.702613,accident,medium
26.16384,91.703005,accident,medium
26.165621,91.701282,theft,high
26.163855,91.705904,accident,medium
26.166039,91.707165,theft,medium
26.167605,91.706783,accident,medium
26.163023,91.704833,theft,low
26.164175,91.703481,theft,high
26.168653,91.70776,scam,medium
26.167441,91.710163,scam,medium
26.162353,91.705076,assault,high
26.165669,91.708126,harassment,critical
26.163903,91.70798,harassment,low
26.167382,91.707731,scam,medium
26.164542,91.704985,lost_person,critical
26.16645,91.705398,harassment,medium
26.163585,91.704091,assault,high
26.162267,91.704097,theft,medium
26.166484,91.710579,scam,medium
26.165132,91.710245,lost_person,high
26.166724,91.704351,harassment,high
26.1672,91.706456,lost_person,low
26.162889,91.707311,scam,medium
26.163559,91.704067,lost_person,low
26.169398,91.708081,accident,high
26.167284,91.704807,assault,low
26.166871,91.707108,harassment,high
26.164073,91.707273,lost_person,medium
26.164307,91.704675,harassment,low
26.163555,91.705895,theft,low
26.16319,91.706098,theft,medium
26.162395,91.704013,harassment,high
26.166974,91.70754,scam,low
26.166064,91.706685,accident,high
26.160533,91.703037,accident,medium
26.166289,91.703476,assault,medium
26.171092,91.700395,harassment,critical
26.16495,91.704085,theft,high
26.161845,91.704074,lost_person,high
26.168376,91.702851,assault,medium
26.165947,91.707022,theft,high
26.168162,91.70765,lost_person,low
26.169301,91.705174,theft,low
26.167209,91.705052,assault,high
26.164967,91.706755,lost_person,low
26.169217,91.705695,scam,medium
26.168034,91.7068,lost_person,medium
26.166925,91.703533,lost_person,medium
26.163382,91.705977,theft,high
26.162426,91.706257,accident,low
26.16478,91.707103,assault,medium
26.166635,91.706878,harassment,low
26.166192,91.703266,harassment,critical
26.16952,91.707903,scam,high
26.164099,91.705307,theft,high
26.167854,91.704401,assault,low
26.167964,91.70603,assault,medium
26.165616,91.705681,theft,medium
26.16579,91.702617,theft,medium
26.164761,91.706126,scam,high
26.164127,91.707624,lost_person,low
26.163956,91.709237,assault,high
26.166406,91.704674,accident,low
26.16943,91.705109,assault,high
26.169338,91.703104,harassment,low
26.169056,91.704637,assault,medium
26.162641,91.700346,harassment,critical
26.166214,91.703991,scam,medium
26.165795,91.70663,harassment,low
26.166761,91.705315,scam,critical
26.164036,91.70743,accident,medium
26.168956,91.705395,theft,low
26.165397,91.702927,accident,medium
26.164684,91.706897,scam,medium
26.164855,91.704984,theft,high
26.16642,91.706223,accident,medium
26.166043,91.70467,assault,medium
26.166307,91.705349,accident,low
26.170131,91.702322,theft,low
26.165932,91.701259,assault,medium
26.166862,91.701338,scam,critical
26.166971,91.705361,assault,low
26.168481,91.706245,theft,medium
26.166854,91.705205,accident,high
26.162609,91.706858,lost_person,low
26.167752,91.706512,scam,low
26.165633,91.705475,scam,low
26.168563,91.701937,assault,medium
26.168027,91.709342,theft,medium
26.164035,91.706884,accident,medium
26.167928,91.708345,scam,medium
26.162277,91.707302,scam,medium
26.166126,91.707553,harassment,medium
26.168714,91.70713,assault,low
26.166608,91.703549,theft,low
26.161579,91.704221,accident,high
26.165489,91.708211,theft,medium
26.168226,91.706865,scam,high
26.163752,91.703283,scam,low
26.164826,91.703178,harassment,low
26.167722,91.708448,theft,medium
26.170566,91.70745,theft,high
26.166976,91.704492,theft,critical
26.165599,91.704631,harassment,low
26.169326,91.70395,harassment,high
26.161738,91.7074,lost_person,medium
26.167885,91.706965,assault,high
26.166062,91.705607,lost_person,high
26.166043,91.705754,assault,medium
26.167379,91.703768,lost_person,low
26.164737,91.704899,lost_person,medium
26.164138,91.709373,harassment,low
26.168424,91.708247,theft,medium
26.169142,91.706281,harassment,medium
26.167354,91.708445,assault,low
26.165699,91.707023,harassment,medium
26.165279,91.705605,scam,low
26.169585,91.708333,theft,low
26.170387,91.706918,lost_person,low
26.167032,91.705405,harassment,low
26.167313,91.704068,scam,medium
26.164232,91.704437,assault,low
26.164404,91.708949,accident,medium
26.167107,91.708336,accident,low
26.16671,91.70007,lost_person,medium
26.16478,91.706371,theft,medium
26.167706,91.706196,assault,high
26.166603,91.708299,scam,low
26.167142,91.704726,assault,medium
26.165324,91.706549,accident,medium
26.165406,91.70854,theft,low
26.167011,91.703887,accident,high
26.16688,91.702811,harassment,high
26.165154,91.70648,scam,medium
26.166547,91.703815,theft,critical
26.163557,91.705101,assault,high
26.164164,91.707301,scam,critical
26.165803,91.709208,lost_person,low
26.16592,91.707872,assault,low
26.165485,91.706544,harassment,medium
26.167303,91.702744,accident,low
26.163309,91.707058,assault,low
26.165724,91.707497,accident,medium
26.165996,91.705985,accident,low
26.169777,91.703702,accident,medium
26.167698,91.707571,scam,high
26.167367,91.70819,scam,medium
26.167233,91.706114,harassment,medium
26.165674,91.697863,accident,medium
26.16833,91.709269,assault,medium
26.164868,91.703382,assault,low
26.163411,91.702397,accident,medium
26.166492,91.709424,lost_person,low
26.168088,91.708875,theft,high
26.16757,91.705468,lost_person,high
26.16444,91.705085,theft,medium
26.168456,91.705373,accident,low
26.1659,91.705905,harassment,high
26.169623,91.708432,lost_person,medium
26.169796,91.708001,lost_person,low
26.1651,91.706002,harassment,high
26.169467,91.704317,theft,high
26.168408,91.707672,theft,medium
26.165484,91.70409,lost_person,high
26.160416,91.707205,accident,medium
26.165798,91.709877,lost_person,high
26.163967,91.704238,harassment,high
26.164889,91.70685,assault,low
26.165229,91.709581,assault,medium
26.166934,91.703136,assault,low
26.169111,91.705713,harassment,medium
26.167075,91.703098,harassment,high
26.164086,91.706212,harassment,high
26.167323,91.705106,accident,low
26.164857,91.709688,accident,low
26.165059,91.703818,theft,low
26.170986,91.708073,theft,high
26.165981,91.706082,assault,high
26.169548,91.706323,lost_person,low
26.166939,91.70599,harassment,medium
26.166438,91.707188,lost_person,medium
26.164783,91.700942,accident,medium
26.167847,91.705338,accident,medium
26.169628,91.705935,harassment,high
26.161594,91.707145,lost_person,low
26.165004,91.708387,assault,medium
26.167615,91.705605,lost_person,low
26.164394,91.709097,accident,medium
26.165796,91.702858,lost_person,high
26.169622,91.703762,lost_person,low
26.167023,91.705782,lost_person,medium
26.164895,91.70292,theft,medium
26.164343,91.705909,assault,low
26.165636,91.705459,theft,medium
26.164634,91.708366,scam,medium
26.161594,91.70648,theft,high
26.164152,91.706277,scam,high
26.166987,91.706032,lost_person,medium
26.16509,91.70707,assault,medium
26.167148,91.702865,theft,medium
26.166085,91.702852,assault,medium
26.167129,91.706902,harassment,medium
26.166352,91.709082,theft,high
26.163882,91.70734,accident,low
26.165363,91.707969,accident,low
26.167638,91.705049,assault,medium
26.165817,91.705581,harassment,low
26.166567,91.705264,harassment,low
26.169251,91.703311,scam,low
26.169521,91.703491,assault,high
26.17004,91.704285,theft,high
26.165488,91.707007,scam,high
26.164126,91.705486,harassment,medium
26.163324,91.70911,harassment,low
26.169803,91.705517,accident,medium
26.167424,91.705945,scam,low
26.165097,91.707703,harassment,low
26.164327,91.706837,theft,low
26.166217,91.702035,assault,medium
26.164414,91.709637,assault,low
26.1682,91.70443,lost_person,critical
26.161648,91.706983,harassment,critical
26.168427,91.7028,harassment,medium
26.164997,91.704052,theft,medium
26.167741,91.707298,assault,high
26.1642,91.706103,assault,medium
26.168297,91.701366,theft,medium
26.165977,91.69969,scam,low
26.166886,91.709305,accident,low
26.167953,91.705341,lost_person,low
26.16806,91.705617,assault,low
26.165626,91.705101,accident,medium
26.164263,91.704675,accident,medium
26.165997,91.701082,theft,medium
26.169349,91.702978,scam,medium
26.167681,91.704777,theft,critical
26.1672,91.701912,theft,high
26.168804,91.709004,accident,critical
26.163555,91.709247,assault,high
26.168911,91.707451,assault,low
26.167349,91.707581,assault,high
26.163753,91.706861,accident,medium
26.164489,91.706606,assault,high
26.164221,91.706972,scam,low
26.165358,91.7047,lost_person,high
26.162241,91.707859,theft,low
26.164019,91.703111,scam,low
26.162815,91.706228,theft,medium
26.165297,91.706141,scam,medium
26.165348,91.703063,accident,low
26.166153,91.702135,scam,medium
26.168255,91.704151,scam,critical
26.16696,91.700713,scam,high
26.168644,91.707179,lost_person,high
26.167582,91.704473,theft,medium
26.168918,91.704906,accident,medium
26.167165,91.706352,assault,high
26.169059,91.704892,harassment,low
26.168369,91.709342,assault,high
26.169251,91.703317,assault,medium
26.166421,91.705886,accident,low
26.166572,91.708381,lost_person,medium
26.167668,91.70304,theft,high
26.166255,91.701307,scam,high
26.168288,91.697711,theft,medium
26.168282,91.707867,scam,low
26.167919,91.702188,theft,low
26.166513,91.705193,assault,low
26.163828,91.707292,accident,low
26.167254,91.703955,theft,medium
26.163515,91.70467,theft,low
26.165348,91.707762,accident,medium
26.167412,91.70847,theft,medium
26.166617,91.70507,accident,low
26.165499,91.704611,scam,critical
26.166851,91.702863,theft,medium
26.166869,91.704337,harassment,high
26.166284,91.704108,accident,high
26.165308,91.708151,accident,medium
26.166208,91.704933,scam,medium
26.164665,91.704053,accident,medium
26.167384,91.705808,accident,medium
26.165754,91.707039,lost_person,low
26.164948,91.704738,theft,medium
26.170587,91.706591,assault,critical
26.16266,91.706341,lost_person,high
26.169087,91.706119,accident,high
26.166725,91.704164,harassment,low
26.169626,91.706037,accident,low
26.167243,91.708988,scam,medium
26.168296,91.707556,assault,high
26.166574,91.704411,lost_person,medium
26.167021,91.704488,scam,low
26.16145,91.705069,theft,low
26.16911,91.708957,assault,high
26.169099,91.701275,lost_person,low
26.165221,91.705453,accident,high
26.167017,91.704404,lost_person,medium
26.16499,91.705419,scam,medium
26.163877,91.699898,scam,low
26.165738,91.70596,scam,low
26.165802,91.702549,assault,critical
26.164391,91.709388,theft,high
26.168432,91.70519,harassment,medium
26.166742,91.70495,harassment,high
26.167929,91.707482,theft,medium
26.166589,91.700583,harassment,critical
26.165722,91.707141,harassment,medium
26.165127,91.707824,accident,high
26.167122,91.702028,lost_person,low
26.162254,91.70385,scam,medium
26.167163,91.705695,accident,medium
26.168026,91.702869,theft,critical
26.169142,91.709076,theft,high
26.169137,91.704756,accident,low
26.167768,91.702258,scam,medium
26.165579,91.704365,theft,medium
26.166193,91.702704,accident,medium
26.168758,91.706339,harassment,high
26.165593,91.702891,accident,medium
26.167912,91.706712,harassment,high
26.166027,91.706069,harassment,low
26.169856,91.709286,accident,medium
26.1643,91.706236,accident,medium
26.168023,91.704462,theft,medium
26.169833,91.704091,accident,low
26.169142,91.705239,theft,critical
26.16799,91.707219,lost_person,medium
26.166764,91.704893,lost_person,high
26.161845,91.705463,scam,medium
26.162631,91.707794,lost_person,high
26.171007,91.702285,accident,low
26.163213,91.704974,lost_person,high
26.164125,91.704363,theft,medium
26.16473,91.707955,harassment,low
26.164634,91.703591,scam,medium
26.167904,91.703388,accident,critical
26.162502,91.703234,accident,critical
26.16764,91.70743,scam,low
26.163911,91.706555,scam,low
26.168728,91.707937,theft,medium
26.168947,91.70504,accident,medium
26.16711,91.704556,accident,medium
26.163142,91.701183,scam,high
26.165227,91.703256,harassment,high
26.164657,91.705795,scam,high
26.168099,91.702758,accident,low
26.166789,91.702331,assault,low
26.164545,91.70507,assault,medium
26.167137,91.704443,theft,medium
26.170235,91.708282,harassment,low
26.168895,91.704642,theft,low
26.165696,91.709014,assault,high
26.168538,91.705035,theft,medium
26.167743,91.709198,harassment,medium
26.167948,91.710048,assault,critical
26.166766,91.706041,accident,high
26.166701,91.705614,assault,high
26.166018,91.702734,harassment,low
26.169297,91.701375,scam,high
26.168691,91.710128,assault,low
26.167863,91.704295,assault,low
26.16723,91.702116,assault,low
26.167048,91.706922,harassment,high
26.166506,91.703972,theft,low
26.165049,91.707586,assault,low
26.164732,91.705967,theft,low
26.167916,91.706582,accident,low
26.166419,91.704775,assault,low
26.167588,91.707123,lost_person,medium
26.135284,91.807249,lost_person,low
26.136102,91.805666,harassment,medium
26.134891,91.803967,lost_person,medium
26.134949,91.804171,theft,low
26.137289,91.807256,assault,low
26.136636,91.807852,theft,medium
26.13662,91.806911,assault,high
26.133596,91.805717,harassment,high
26.137036,91.806922,theft,low
26.135002,91.805517,scam,medium
26.133766,91.80361,accident,critical
26.133021,91.800047,accident,low
26.135769,91.805371,lost_person,medium
26.131648,91.803851,lost_person,low
26.140467,91.805654,harassment,high
26.131486,91.806375,lost_person,low
26.138042,91.806464,lost_person,low
26.135061,91.806608,accident,low
26.133144,91.806209,accident,high
26.134809,91.803366,accident,medium
26.131778,91.805355,theft,medium
26.13677,91.808377,scam,low
26.128657,91.805678,assault,high
26.132107,91.804027,accident,low
26.137482,91.802516,harassment,medium
26.135631,91.800449,harassment,high
26.135682,91.805589,scam,medium
26.135638,91.805742,lost_person,medium
26.13546,91.803931,lost_person,low
26.134929,91.804198,lost_person,low
26.136164,91.806457,theft,medium
26.13118,91.804575,theft,medium
26.134105,91.804369,assault,low
26.134793,91.802583,assault,critical
26.133177,91.808531,assault,medium
26.134953,91.801143,accident,low
26.140074,91.801034,harassment,medium
26.131829,91.804742,theft,medium
26.135212,91.804928,theft,high
26.1347,91.801943,harassment,high
26.133752,91.801999,assault,high
26.13577,91.801981,accident,high
26.135838,91.803364,accident,critical
26.132,91.804248,scam,medium
26.134032,91.808673,accident,medium
26.132236,91.800999,accident,critical
26.132768,91.808058,accident,low
26.133453,91.801577,lost_person,high
26.13446,91.80597,lost_person,medium
26.136088,91.807297,assault,high
26.131931,91.809164,lost_person,high
26.1324,91.808948,theft,low
26.135866,91.804422,accident,high
26.131727,91.80441,accident,low
26.138592,91.805528,scam,medium
26.133441,91.806799,harassment,medium
26.137455,91.805442,assault,high
26.135137,91.804825,accident,medium
26.132038,91.806736,harassment,low
26.133493,91.805271,lost_person,medium
26.135685,91.800205,harassment,medium
26.132999,91.801975,theft,low
26.135623,91.804048,theft,high
26.134437,91.804829,harassment,medium
26.132039,91.80646,harassment,medium
26.133467,91.806651,theft,low
26.133829,91.802145,assault,medium
26.136117,91.806636,accident,low
26.134658,91.803224,scam,high
26.131608,91.805511,accident,high
26.134192,91.8038,assault,low
26.137249,91.807364,theft,low
26.136435,91.804201,harassment,medium
26.136853,91.802178,accident,low
26.135531,91.802769,assault,medium
26.1369,91.804921,accident,medium
26.133635,91.804113,lost_person,medium
26.135069,91.801485,accident,low
26.135177,91.802071,theft,medium
26.137804,91.806178,scam,low
26.133859,91.803768,accident,high
26.134686,91.804725,assault,medium
26.132074,91.803657,harassment,medium
26.133438,91.809347,lost_person,medium
26.134712,91.804896,assault,low
26.133277,91.807147,accident,medium
26.13459,91.807035,lost_person,medium
26.13142,91.806033,scam,medium
26.134716,91.806431,theft,low
26.13471,91.805657,accident,medium
26.136348,91.808017,accident,high
26.134229,91.803831,scam,medium
26.135418,91.803834,theft,medium
26.137716,91.804167,lost_person,high
26.135801,91.80913,lost_person,low
26.131603,91.806688,theft,high
26.138434,91.804371,scam,critical
26.134516,91.806139,accident,medium
26.13578,91.802256,harassment,high
26.132282,91.807109,harassment,high
26.136237,91.807003,assault,low
26.1371,91.805113,assault,medium
26.13367,91.807477,assault,low
26.13708,91.802269,assault,low
26.134678,91.80182,theft,low
26.135314,91.803063,lost_person,low
26.13062,91.802578,lost_person,medium
26.134915,91.808899,scam,medium
26.137771,91.801546,accident,medium
26.132828,91.806759,accident,critical
26.133513,91.802072,lost_person,high
26.133998,91.802235,lost_person,low
26.134512,91.806499,scam,low
26.134174,91.804232,scam,low
26.136622,91.810622,theft,medium
26.133602,91.803197,lost_person,medium
26.133535,91.804509,lost_person,low
26.131386,91.805784,assault,medium
26.136108,91.804598,assault,medium
26.135631,91.80624,accident,critical
26.131384,91.802055,lost_person,medium
26.139787,91.80521,accident,medium
26.135374,91.806347,harassment,medium
26.134027,91.801625,accident,medium
26.136738,91.801187,scam,low
26.135109,91.802925,scam,medium
26.137923,91.801968,scam,medium
26.136824,91.805883,harassment,medium
26.134205,91.80529,lost_person,medium
26.132465,91.802722,theft,low
26.133787,91.804133,harassment,low
26.13856,91.804904,assault,medium
26.133775,91.809298,scam,critical
26.1349,91.805715,scam,low
26.132219,91.803996,scam,low
26.1349,91.802323,accident,low
26.130831,91.805945,harassment,low
26.135844,91.807445,lost_person,low
26.132601,91.805062,lost_person,high
26.135073,91.800498,harassment,critical
26.134458,91.804749,scam,high
26.135462,91.805443,assault,medium
26.134071,91.806735,harassment,high
26.131522,91.802527,scam,medium
26.13297,91.804504,theft,high
26.136209,91.806192,theft,medium
26.135047,91.805038,scam,low
26.137804,91.803908,lost_person,critical
26.135624,91.803625,accident,low
26.136281,91.806926,lost_person,medium
26.132842,91.804057,accident,medium
26.13649,91.808302,harassment,critical
26.137613,91.801239,theft,low
26.131243,91.807619,harassment,low
26.133853,91.805614,accident,high
26.136078,91.803613,assault,low
26.133849,91.802006,harassment,high
26.134675,91.803604,lost_person,medium
26.13788,91.805826,harassment,low
26.133773,91.807596,assault,low
26.1316,91.806916,theft,low
26.135342,91.803273,assault,low
26.132292,91.803484,assault,low
26.136786,91.80424,assault,medium
26.136949,91.805918,assault,low
26.131691,91.802191,lost_person,high
26.136264,91.80526,accident,medium
26.135092,91.806413,accident,medium
26.135436,91.804252,accident,medium
26.137592,91.806473,scam,medium
26.136594,91.806218,accident,low
26.137045,91.804638,lost_person,low
26.139447,91.806498,scam,critical
26.135813,91.804019,scam,high
26.132919,91.801298,scam,critical
26.132852,91.804411,scam,low
26.134714,91.805714,theft,low
26.136183,91.807738,harassment,low
26.130588,91.806563,harassment,critical
26.136914,91.802797,assault,high
26.133091,91.808185,harassment,high
26.136176,91.802988,assault,medium
26.136171,91.805846,theft,low
26.134658,91.80665,scam,low
26.132389,91.806899,accident,high
26.136735,91.804528,scam,medium
26.132625,91.801681,accident,high
26.138377,91.805022,accident,high
26.133561,91.805135,theft,low
26.135265,91.800042,theft,medium
26.13273,91.805543,assault,medium
26.137419,91.805438,assault,high
26.137806,91.807439,accident,medium
26.133032,91.80457,assault,low
26.137496,91.8063,harassment,low
26.137043,91.806722,accident,critical
26.136172,91.807122,accident,medium
26.135275,91.806637,assault,medium
26.131863,91.805504,lost_person,high
26.133075,91.804078,accident,medium
26.13627,91.810277,assault,medium
26.132435,91.8031,harassment,high
26.13314,91.803243,assault,high
26.133904,91.805294,harassment,critical
26.132933,91.803665,lost_person,high
26.138199,91.802489,harassment,low
26.134571,91.805681,scam,critical
26.13363,91.804529,scam,medium
26.13287,91.806676,lost_person,medium
26.13663,91.80859,scam,low
26.137625,91.807215,theft,low
26.135998,91.805016,theft,medium
26.131369,91.806887,accident,medium
26.134597,91.804409,scam,high
26.131609,91.801965,lost_person,medium
26.134113,91.804268,accident,medium
26.133005,91.799773,lost_person,high
26.136529,91.805407,assault,medium
26.138476,91.802421,lost_person,low
26.129731,91.807517,accident,medium
26.133506,91.806341,scam,medium
26.136012,91.802312,harassment,high
26.137046,91.803817,assault,high
26.132875,91.805534,harassment,medium
26.13242,91.808149,theft,medium
26.132099,91.800118,assault,high
26.136469,91.803117,accident,low
26.132531,91.805339,lost_person,medium
26.132882,91.802162,scam,medium
26.134029,91.803187,scam,high
26.133328,91.807323,assault,medium
26.138492,91.807097,lost_person,low
26.136855,91.807582,harassment,high
26.132652,91.800551,scam,low
26.137773,91.803406,scam,critical
26.131986,91.805866,theft,medium
26.135405,91.803239,assault,low
26.133541,91.80097,harassment,critical
26.127767,91.80663,lost_person,high
26.139123,91.805258,scam,medium
26.136542,91.80755,theft,low
26.132134,91.802543,lost_person,medium
26.136881,91.807623,accident,medium
26.135244,91.804352,scam,high
26.14025,91.807392,harassment,high
26.135153,91.806691,harassment,low
26.134565,91.806002,accident,high
26.138574,91.805379,harassment,high
26.133968,91.804228,harassment,high
26.134889,91.803071,assault,high
26.138643,91.80689,harassment,high
26.136881,91.807192,accident,medium
26.132152,91.804252,accident,critical
26.135283,91.805338,lost_person,medium
26.136105,91.807414,accident,medium
26.13376,91.809947,accident,critical
26.134751,91.807325,lost_person,low
26.13782,91.805631,theft,medium
26.137544,91.801373,harassment,medium
26.131632,91.804937,harassment,medium
26.136106,91.804373,scam,low
26.139729,91.801566,lost_person,high
26.136648,91.805776,scam,high
26.135535,91.80348,lost_person,low
26.136161,91.807973,theft,low
26.138972,91.808,theft,medium
26.136425,91.806292,assault,medium
26.131239,91.803655,assault,low
26.138431,91.806998,lost_person,low
26.133245,91.807104,assault,medium
26.137153,91.804146,harassment,low
26.130767,91.804548,scam,low
26.13649,91.808578,assault,low
26.136822,91.805398,harassment,medium
26.136588,91.803492,lost_person,medium
26.133951,91.806287,scam,medium
26.131459,91.806055,accident,medium
26.13568,91.802066,assault,critical
26.133021,91.804878,scam,high
26.135931,91.805459,assault,low
26.137663,91.806931,scam,medium
26.137073,91.805141,harassment,high
26.132299,91.800318,lost_person,medium
26.138163,91.810107,assault,low
26.134355,91.807522,accident,medium
26.133279,91.805469,scam,high
26.133906,91.805743,theft,critical
26.137415,91.802961,lost_person,medium
26.134755,91.807975,theft,medium
26.133796,91.80201,assault,low
26.133296,91.804562,accident,low
26.135098,91.808297,harassment,high
26.13285,91.805947,theft,high
26.132266,91.804214,assault,high
26.134522,91.80296,accident,medium
26.137214,91.804614,accident,medium
26.13142,91.805305,accident,low
26.135279,91.805644,assault,low
26.137649,91.802314,assault,low
26.135267,91.804789,assault,low
26.137389,91.804674,theft,medium
26.135948,91.803495,assault,high
26.138681,91.804953,assault,high
26.130879,91.8067,assault,medium
26.134829,91.805297,lost_person,medium
26.132448,91.806733,theft,low
26.134304,91.802881,lost_person,medium
26.131083,91.806442,lost_person,high
26.136004,91.806582,assault,medium
26.135978,91.807502,theft,medium
26.132585,91.803738,accident,medium
26.136542,91.80356,theft,medium
26.136472,91.808826,theft,low
26.133001,91.806545,harassment,low
26.139176,91.80495,assault,critical
26.136699,91.804745,scam,low
26.138799,91.803042,theft,low
26.133317,91.804667,scam,low
26.13392,91.807165,lost_person,medium
26.135898,91.804394,accident,low
26.13643,91.80219,scam,medium
26.134194,91.804808,lost_person,medium
26.132285,91.805212,scam,high
26.139263,91.805611,accident,medium
26.136134,91.802777,theft,medium
26.136012,91.804548,scam,low
26.136881,91.805668,accident,medium
26.130472,91.805105,lost_person,low
26.135841,91.805783,accident,medium
26.135561,91.800222,assault,low
26.138204,91.806686,assault,medium
26.132443,91.806063,harassment,critical
26.134406,91.807107,harassment,low
26.138671,91.809991,scam,high
26.134581,91.802229,harassment,medium
26.134667,91.80481,accident,low
26.132208,91.80371,accident,high
26.13299,91.807479,lost_person,medium
26.134115,91.801717,assault,low
26.131106,91.80286,lost_person,medium
26.137952,91.803668,assault,medium
26.136908,91.804781,harassment,medium
26.135064,91.804185,lost_person,high
26.134448,91.801056,harassment,low
26.132565,91.806102,accident,low
26.139404,91.808593,theft,high
26.136786,91.802616,theft,medium
26.134299,91.803595,scam,high
26.138399,91.806091,scam,high
26.136119,91.805605,accident,high
26.137307,91.803787,accident,critical
26.138597,91.806275,accident,medium
26.136115,91.804017,scam,low
26.134045,91.806045,theft,low
26.135679,91.805137,accident,low
26.137185,91.802466,scam,low
26.133987,91.805441,assault,medium
26.134708,91.801994,lost_person,medium
26.13547,91.802882,accident,low
26.129913,91.806963,accident,medium
26.136266,91.803564,accident,high
26.134384,91.807131,scam,high
26.134439,91.808569,accident,medium
26.136116,91.805503,assault,medium
26.134005,91.806651,theft,low
26.131259,91.806206,assault,high
26.134875,91.806562,accident,high
26.13491,91.804697,accident,medium
26.134683,91.803567,scam,medium
26.13641,91.80458,scam,low
26.13479,91.803062,accident,medium
26.138128,91.804702,accident,medium
26.133383,91.802057,assault,critical
26.131619,91.804719,harassment,low
26.134901,91.808005,accident,low
26.137739,91.805828,lost_person,medium
26.130916,91.805944,lost_person,medium
26.139401,91.803764,lost_person,medium
26.135006,91.802171,lost_person,medium
26.137852,91.805025,scam,high
26.134103,91.80462,theft,low
26.139121,91.807885,theft,critical
26.133062,91.811049,assault,medium
26.132614,91.809298,scam,medium
26.136636,91.805604,assault,medium
26.133973,91.809014,accident,medium
26.133117,91.805107,theft,medium
26.135627,91.808153,lost_person,critical
26.133778,91.803064,accident,medium
26.137331,91.804015,harassment,medium
26.137755,91.804251,scam,high
26.134992,91.805557,harassment,high
26.133888,91.805002,lost_person,high
26.135947,91.802335,accident,high
26.133762,91.80083,lost_person,medium
26.133755,91.805214,lost_person,critical
26.133862,91.804033,scam,high
26.136816,91.808122,theft,high
26.134599,91.802678,assault,medium
26.129555,91.806545,lost_person,high
26.136528,91.804305,theft,critical
26.138742,91.804471,harassment,medium
26.138749,91.803451,assault,medium
26.134451,91.802415,assault,high
26.135167,91.805422,assault,medium
26.131106,91.810479,lost_person,medium
26.133656,91.801957,harassment,medium
26.13557,91.803234,lost_person,medium
26.136963,91.802531,assault,low
26.133293,91.804714,lost_person,low
26.135399,91.8025,assault,low
26.134912,91.804005,theft,medium
26.133189,91.802821,accident,low
26.137183,91.803046,theft,low
26.133437,91.802468,theft,high
26.133817,91.803007,assault,high
26.135941,91.805845,lost_person,low
26.136382,91.803134,accident,medium
26.130869,91.808288,theft,high
26.134361,91.803357,theft,low
26.134455,91.80587,theft,high
26.132633,91.806667,scam,low
26.135668,91.806477,accident,medium
26.132609,91.806825,scam,medium
26.133238,91.806848,assault,medium
26.137693,91.806811,harassment,low
26.134749,91.80879,harassment,high
26.130938,91.804104,lost_person,high
26.134793,91.805967,assault,low
26.137989,91.805853,harassment,low
26.136112,91.804832,theft,low
26.132481,91.805083,scam,low
26.133479,91.807806,theft,low
26.138873,91.805116,lost_person,medium
26.132817,91.804903,lost_person,low
26.139241,91.809456,accident,medium
26.138931,91.807504,scam,high
26.137632,91.806725,lost_person,medium
26.135354,91.805476,assault,medium
26.135897,91.801627,accident,critical
26.134275,91.803887,scam,low
26.135744,91.805709,lost_person,medium
26.135214,91.804588,assault,high
26.13826,91.805523,assault,critical
26.1348,91.803437,accident,low
26.138641,91.804955,accident,low
26.137838,91.806831,lost_person,high
26.137607,91.806746,theft,medium
26.132408,91.804396,harassment,high
26.138585,91.802115,scam,low
26.134973,91.802839,assault,high
26.136053,91.801263,harassment,high
26.134054,91.806975,scam,medium
26.134443,91.801219,accident,low
26.132895,91.809384,harassment,medium
26.134103,91.804588,scam,high
26.132924,91.803414,accident,high
26.138603,91.803132,harassment,low
26.137487,91.807222,assault,high
26.13177,91.799978,harassment,low
26.136933,91.807965,accident,medium
26.13241,91.804279,scam,medium
26.136288,91.801567,lost_person,medium
26.136494,91.807646,accident,low
26.134546,91.805301,theft,medium
26.133461,91.803216,scam,medium
26.135011,91.806698,lost_person,low
26.136649,91.80571,theft,critical
26.136616,91.801939,accident,medium
26.138371,91.804439,assault,medium
26.137642,91.805072,assault,low
26.133618,91.800634,accident,low
26.139214,91.802964,assault,medium
26.131702,91.808449,lost_person,medium
26.134688,91.807253,assault,high
26.135932,91.806488,accident,low
26.134944,91.803866,lost_person,low
26.134285,91.804205,accident,low
26.138407,91.803313,theft,medium
26.139143,91.804968,assault,high
26.137375,91.808736,harassment,low
26.132723,91.799668,lost_person,low
26.134834,91.806277,lost_person,low
26.134132,91.809288,accident,high
26.133455,91.804024,assault,medium
26.138286,91.805295,accident,high
26.137555,91.805575,theft,high
26.139142,91.807566,harassment,medium
26.136419,91.809425,accident,medium
26.140017,91.802578,assault,medium
26.136702,91.801839,assault,high
26.132814,91.806335,accident,critical
26.134239,91.803907,scam,low
26.129045,91.806229,assault,medium
26.131526,91.801918,theft,critical
26.133232,91.803914,lost_person,medium
26.137021,91.803836,harassment,medium
26.133041,91.808846,harassment,high
26.133196,91.805777,accident,high
26.133704,91.805135,assault,medium
26.134284,91.803629,scam,low
26.135727,91.808306,accident,medium
26.133835,91.804542,lost_person,high
26.132391,91.80398,assault,medium
26.131247,91.805165,assault,high
26.13443,91.802359,harassment,high
26.137823,91.807548,lost_person,medium
26.13648,91.805955,harassment,medium
26.135298,91.804724,theft,critical
26.135259,91.808714,harassment,medium
26.134079,91.805337,theft,high
26.135655,91.806522,lost_person,medium
26.136409,91.800498,harassment,low
26.133699,91.807609,harassment,medium
26.137583,91.807944,assault,critical
26.133833,91.805114,accident,high
26.132105,91.806369,theft,medium
26.134409,91.802218,lost_person,medium
26.134081,91.804352,accident,high
26.134011,91.810072,scam,medium
26.136613,91.804225,scam,low
26.13936,91.806788,scam,low
26.13505,91.800118,lost_person,low
26.136828,91.805447,scam,low
26.134726,91.804742,assault,medium
26.135304,91.803397,lost_person,medium
26.135927,91.805744,harassment,high
26.136574,91.808205,harassment,medium
26.137651,91.80276,harassment,medium
26.134029,91.805189,scam,critical
26.134556,91.803594,scam,high
26.137381,91.804068,theft,low
26.13466,91.808845,theft,medium
26.13991,91.801734,scam,low
26.134074,91.804973,assault,high
26.135699,91.802802,lost_person,medium
26.136415,91.805037,lost_person,high
26.134036,91.80394,lost_person,low
26.135844,91.805964,assault,low
26.136658,91.806936,assault,medium
26.131338,91.803901,assault,low
26.137348,91.806159,accident,high
26.132963,91.799796,scam,medium
26.135745,91.806443,harassment,high
26.132232,91.808364,scam,low
26.133186,91.806141,accident,medium
26.133459,91.805222,lost_person,medium
26.135591,91.804019,harassment,low
26.135479,91.805243,scam,medium
26.132109,91.802102,lost_person,critical
26.134981,91.804028,assault,medium
26.135811,91.804672,assault,medium
26.135891,91.801294,accident,medium
26.133302,91.80755,harassment,low
26.138596,91.806082,accident,low
26.136323,91.804371,accident,medium
26.132118,91.809753,accident,high
26.135423,91.806748,scam,medium
26.134878,91.803729,theft,medium
26.135959,91.80225,assault,high
26.133866,91.805841,lost_person,low
26.136165,91.806462,harassment,medium
26.136684,91.803854,assault,low
26.136213,91.804315,theft,low
26.133538,91.808153,lost_person,low
26.136045,91.80358,assault,low
26.131338,91.804493,harassment,medium
26.135536,91.807697,lost_person,low
26.132898,91.802053,assault,low
26.134173,91.808332,scam,medium
26.133365,91.801832,lost_person,high
26.136078,91.806796,assault,critical
26.132164,91.804625,scam,high
26.136272,91.809828,accident,medium
26.132132,91.802859,assault,high
26.134697,91.80171,theft,low
26.134004,91.80685,theft,high
26.136227,91.803223,assault,low
26.134574,91.804737,lost_person,low
26.133356,91.806321,scam,low
26.138623,91.803357,theft,medium
26.136274,91.805312,accident,low
26.133928,91.804905,accident,medium
26.13597,91.805685,accident,low
26.13648,91.80347,lost_person,medium
26.136337,91.805951,theft,high
26.135161,91.80201,accident,medium
26.135031,91.807769,harassment,critical
26.135833,91.80192,harassment,low
26.134286,91.810433,harassment,high
26.133905,91.801673,accident,low
26.134459,91.805764,accident,medium
26.133627,91.803369,theft,high
26.134927,91.807478,scam,medium
26.13644,91.804985,theft,medium
26.135788,91.804124,scam,medium
26.134718,91.807859,lost_person,high
26.134245,91.80221,accident,medium
26.135188,91.803131,scam,critical
26.135043,91.807172,theft,medium
26.139628,91.801849,harassment,critical
26.13308,91.804628,assault,medium
26.130797,91.804442,theft,medium
26.136491,91.801929,scam,critical
26.133215,91.804356,lost_person,high
26.13466,91.805626,theft,low
26.13313,91.805563,harassment,medium
26.133216,91.80226,theft,high
26.134858,91.807135,accident,high
26.131195,91.80526,accident,high
26.136295,91.802328,harassment,critical
26.135741,91.803887,accident,low
26.136276,91.806593,assault,low
26.135798,91.806281,assault,critical
26.135606,91.802713,harassment,low
26.137801,91.804289,theft,critical
26.137957,91.803646,harassment,critical
26.137843,91.808332,lost_person,low
26.13739,91.80393,harassment,high
26.133216,91.80185,harassment,low
26.134117,91.801509,harassment,critical
26.134111,91.803769,assault,high
26.135181,91.803849,harassment,critical
26.135796,91.807984,assault,medium
26.1368,91.804468,harassment,medium
26.136257,91.808623,theft,high
26.133346,91.806157,lost_person,low
26.132061,91.805568,assault,low
26.13292,91.804214,scam,medium
26.136308,91.808075,lost_person,low
26.131428,91.804783,assault,low
26.134827,91.80595,theft,medium
26.135733,91.808484,accident,low
26.138481,91.806048,harassment,low
26.135483,91.807483,harassment,medium
26.134869,91.804026,scam,high
26.138265,91.80448,harassment,medium
26.132565,91.801867,assault,low
26.138363,91.810194,lost_person,medium
26.13025,91.803231,lost_person,medium
26.135695,91.805023,theft,high
26.132578,91.801747,harassment,high
26.132876,91.803757,lost_person,medium
26.138485,91.804223,lost_person,high
26.135285,91.805097,harassment,low
26.134561,91.80757,harassment,low
26.137042,91.805102,lost_person,medium
26.132658,91.802789,accident,medium
26.135352,91.803507,theft,low
26.129441,91.80112,harassment,low
26.133226,91.805758,lost_person,low
26.137783,91.803169,harassment,low
26.133204,91.804587,scam,low
26.135727,91.804766,scam,low
26.135282,91.802858,lost_person,high
26.136784,91.802664,harassment,high
26.137361,91.806137,harassment,low
26.136061,91.800159,lost_person,high
26.137309,91.801366,harassment,critical
26.132871,91.802136,harassment,medium
26.134166,91.807518,lost_person,critical
26.135742,91.807425,scam,low
26.132311,91.802541,lost_person,medium
26.137159,91.806314,scam,medium
26.136235,91.807045,assault,medium
26.135823,91.805927,lost_person,medium
26.132535,91.804537,theft,medium
26.131708,91.804533,assault,low
26.135186,91.80254,theft,medium
26.132334,91.807314,theft,medium
26.136267,91.801244,theft,low
26.132015,91.801639,scam,medium
26.134737,91.806296,theft,high
26.132757,91.808209,theft,medium
26.134399,91.803073,accident,high
26.135708,91.807225,assault,critical
26.138327,91.803266,assault,medium
26.137478,91.79992,scam,medium
26.133504,91.806607,assault,critical
26.130987,91.806148,lost_person,critical
26.137498,91.808886,lost_person,medium
26.133043,91.806605,lost_person,medium
26.134387,91.80599,lost_person,low
26.138114,91.801955,assault,high
26.133724,91.804578,accident,high
26.136697,91.806228,accident,high
26.141656,91.80769,lost_person,low
26.135852,91.803405,harassment,medium
26.134487,91.806753,harassment,medium
26.135219,91.803353,theft,medium
26.134563,91.807929,accident,high
26.13597,91.803316,scam,medium
26.137032,91.802061,accident,critical
26.136814,91.807071,accident,medium
26.13155,91.810972,theft,high
26.131412,91.807161,theft,low
26.131229,91.803205,assault,medium
26.135201,91.803325,theft,low
26.137768,91.804452,theft,low
26.13367,91.802063,assault,low
26.131509,91.804984,assault,medium
26.140452,91.802948,harassment,medium
26.136512,91.805132,harassment,low
26.134495,91.810411,accident,medium
26.131515,91.803244,theft,medium
26.137644,91.805887,accident,low
26.136731,91.809409,theft,critical
26.13437,91.804852,scam,high
26.132865,91.808919,theft,medium
26.13385,91.803363,assault,critical
26.133237,91.809064,lost_person,critical
26.134867,91.803434,assault,high
26.133269,91.807763,scam,medium
26.13703,91.805236,lost_person,low
26.137988,91.802193,scam,medium
26.133923,91.803346,accident,medium
26.135957,91.800286,assault,medium
26.135323,91.804399,accident,high
26.13325,91.804605,harassment,low
26.136975,91.806538,accident,low
26.135901,91.804982,scam,high
26.134079,91.805271,harassment,medium
26.13586,91.804549,scam,medium
26.135368,91.808594,lost_person,high
26.132151,91.80427,harassment,high
26.1364,91.801745,accident,medium
26.133969,91.807698,harassment,high
26.137317,91.807228,harassment,low
26.132666,91.805273,scam,medium
26.132073,91.807558,theft,medium
26.13093,91.802141,theft,medium
26.134674,91.804608,accident,high
26.134369,91.806901,harassment,medium
26.136239,91.803173,harassment,high
26.135272,91.807902,harassment,medium
26.135204,91.801714,scam,medium
26.13384,91.805344,assault,critical
26.135909,91.803488,theft,high
26.135182,91.805221,theft,low
26.136841,91.801158,lost_person,medium
26.138327,91.805759,assault,low
26.136175,91.804977,scam,critical
26.134656,91.808391,accident,medium
26.137555,91.804709,scam,medium
26.133567,91.806166,scam,high
26.137925,91.808389,scam,critical
26.137097,91.806806,assault,medium
26.135638,91.805146,theft,high
26.135336,91.805482,harassment,medium
26.134255,91.80338,scam,medium
26.136816,91.806219,accident,low
26.137693,91.805337,scam,high
26.133901,91.805803,harassment,low
26.135709,91.801253,assault,medium
26.131443,91.805213,assault,high
26.132311,91.805377,assault,high
26.132295,91.80374,accident,high
26.131128,91.80621,theft,low
26.135745,91.800174,theft,medium
26.134931,91.806917,scam,medium
26.136088,91.803883,accident,low
26.138021,91.803767,theft,medium
26.134521,91.806325,theft,high
26.134004,91.80219,theft,medium
26.13429,91.806469,harassment,medium
26.134343,91.807335,assault,low
26.137173,91.805841,lost_person,low
26.134895,91.8029,assault,medium
26.134486,91.801607,scam,high
26.13633,91.805104,scam,high
26.133823,91.807779,theft,high
26.139609,91.804752,accident,medium
26.135112,91.807126,lost_person,high
26.132631,91.801224,lost_person,high
26.130219,91.802181,harassment,medium
26.139318,91.799315,accident,low
26.137993,91.804095,accident,medium
26.135314,91.805292,scam,high
26.134548,91.806606,scam,low
26.132346,91.80141,harassment,low
26.138198,91.808408,scam,medium
26.136729,91.802874,accident,high
26.134215,91.805339,scam,medium
26.132566,91.804995,harassment,high
26.134058,91.803063,lost_person,medium
26.134367,91.809032,accident,low
26.134379,91.8074,harassment,high
26.135344,91.806301,theft,low
26.132964,91.808036,assault,high
26.135645,91.802214,harassment,high
26.133222,91.80301,assault,medium
26.134515,91.805924,harassment,medium
26.137068,91.80184,accident,high
26.136734,91.805154,accident,low
26.13418,91.806637,accident,high
26.138139,91.805123,accident,low
26.133868,91.804749,assault,medium
26.135896,91.804993,assault,low
26.133107,91.80716,assault,medium
26.135541,91.807702,lost_person,medium
26.134998,91.808121,scam,medium
26.139354,91.807107,accident,critical
26.135364,91.805785,accident,medium
26.13395,91.803733,scam,medium
26.139722,91.804152,lost_person,low
26.137398,91.804426,accident,high
26.129361,91.801932,scam,low
26.132579,91.806345,scam,low
26.136295,91.805018,lost_person,medium
26.136523,91.807347,lost_person,high
26.134579,91.807457,theft,medium
26.13437,91.806243,theft,low
26.136456,91.807026,harassment,low
26.133384,91.801983,harassment,low
26.133415,91.806879,harassment,low
26.136335,91.804118,harassment,low
26.130004,91.806386,harassment,critical
26.1369,91.806344,assault,medium
26.136859,91.806277,harassment,medium
26.13224,91.803003,scam,high
26.133194,91.803402,theft,low
26.135573,91.803459,harassment,medium
26.136886,91.805248,lost_person,medium
26.135599,91.803003,theft,medium
26.136093,91.807176,lost_person,medium
26.135128,91.804907,assault,high
26.132117,91.801415,assault,high
26.133771,91.80154,harassment,medium
26.13328,91.807144,lost_person,low
26.134643,91.802637,harassment,high
26.131889,91.806144,accident,medium
26.133276,91.806062,scam,low
26.140356,91.805769,accident,medium
26.134821,91.80639,harassment,medium
26.137832,91.808612,harassment,high
26.131329,91.804096,accident,high
26.138606,91.803137,scam,high
26.137251,91.802967,lost_person,high
26.133447,91.807649,harassment,low
26.136986,91.808913,harassment,medium
26.133171,91.802793,assault,low
26.134421,91.802435,accident,medium
26.132917,91.806603,lost_person,medium
26.13667,91.807009,assault,medium
26.136604,91.802933,accident,medium
26.136803,91.806655,scam,low
26.137054,91.804417,harassment,medium
26.131243,91.805278,lost_person,medium
26.13653,91.802731,assault,high
26.137044,91.808392,theft,high
26.136127,91.802285,accident,low
26.137449,91.804372,harassment,medium
26.135052,91.80899,theft,high
26.134147,91.80367,assault,high
26.138828,91.804084,harassment,low
26.136066,91.805074,lost_person,low
26.132406,91.80399,assault,medium
26.132422,91.803284,harassment,low
26.136408,91.803474,harassment,high
26.136051,91.80576,lost_person,medium
26.136121,91.805239,theft,medium
26.133512,91.804383,accident,low
26.132622,91.800955,harassment,high
26.138592,91.805907,theft,medium
26.135159,91.804753,scam,low
26.137063,91.808739,harassment,low
26.133875,91.803501,harassment,high
26.135858,91.80404,accident,high
26.136994,91.803124,assault,medium
26.132826,91.802368,harassment,low
26.131177,91.80302,harassment,medium
26.134604,91.803561,harassment,critical
26.139288,91.800132,lost_person,medium
26.133284,91.803592,accident,medium
26.131806,91.803796,accident,medium
26.138793,91.80719,accident,high
26.133722,91.805184,scam,low
26.13253,91.806486,theft,medium
26.136688,91.802774,lost_person,critical
26.139696,91.805247,assault,medium
26.133693,91.802157,harassment,medium
26.134801,91.803822,theft,high
26.135467,91.807384,accident,high
26.133821,91.805034,accident,medium
26.133935,91.804328,theft,low
26.135952,91.80789,lost_person,low
26.130725,91.802964,theft,medium
26.132337,91.804029,scam,high
26.135062,91.807594,theft,high
26.134968,91.807111,harassment,high
26.133264,91.806879,accident,medium
26.131985,91.805693,lost_person,medium
26.134859,91.810857,assault,medium
26.137607,91.803348,theft,medium
26.136083,91.806618,theft,medium
26.134511,91.804607,theft,low
26.132588,91.807161,scam,critical
26.129184,91.804535,harassment,high
26.138244,91.805981,theft,high
26.132764,91.805533,assault,medium
26.133378,91.80065,harassment,medium
26.134871,91.804086,accident,critical
26.137497,91.809177,theft,medium
26.137039,91.801284,harassment,medium
26.135361,91.804639,assault,low
26.135677,91.803998,harassment,low
26.136817,91.803484,theft,high
26.131539,91.806017,theft,low
26.134438,91.808195,harassment,low
26.13776,91.806738,harassment,low
26.135642,91.80828,accident,high
26.134774,91.804141,scam,medium
26.133063,91.802711,theft,critical
26.13511,91.807784,theft,low
26.12992,91.804542,harassment,low
26.133225,91.805135,scam,medium
26.132167,91.803647,assault,medium
26.135245,91.804321,assault,medium
26.135599,91.806692,accident,high
26.136674,91.804366,scam,medium
26.13773,91.807089,theft,medium
26.136175,91.808764,accident,low
26.130773,91.802757,lost_person,low
26.132519,91.80586,accident,medium
26.134246,91.80665,assault,high
26.132786,91.805137,lost_person,high
26.131722,91.809775,harassment,low
26.135679,91.806452,accident,medium
26.136505,91.805701,theft,high
26.135549,91.805998,theft,high
26.138411,91.808503,harassment,medium
26.134544,91.805807,theft,medium
26.131794,91.804575,accident,medium
26.137508,91.805926,theft,high
26.136919,91.801748,assault,medium
26.13674,91.808606,accident,medium
26.137087,91.803682,assault,medium
26.134369,91.802182,scam,low
26.131513,91.805309,theft,low
26.134531,91.799663,lost_person,high
26.137391,91.80533,assault,medium
26.136956,91.806073,accident,low
26.132773,91.803495,assault,medium
26.134575,91.809283,theft,medium
26.136811,91.806186,theft,low
26.134346,91.804325,accident,low
26.134381,91.80758,theft,medium
26.134497,91.806512,theft,high
26.134246,91.806856,assault,medium
26.140657,91.800947,assault,medium
26.135876,91.801276,assault,low
26.134181,91.804084,lost_person,high
26.132959,91.803822,scam,critical
26.134786,91.809028,assault,high
26.134435,91.805871,accident,medium
26.132753,91.806657,harassment,low
26.136634,91.80468,lost_person,medium
26.135563,91.802032,accident,medium
26.134244,91.802839,harassment,medium
26.134337,91.804758,accident,high
26.136186,91.803654,accident,medium
26.136464,91.807035,theft,medium
26.137877,91.804277,assault,medium
26.135596,91.804882,accident,high
26.137399,91.807035,lost_person,high
26.137573,91.804325,theft,critical
26.135229,91.805458,scam,low
26.133449,91.803098,harassment,high
26.135708,91.805042,scam,low
26.13553,91.802531,assault,medium
26.136283,91.804197,lost_person,medium
26.133962,91.805607,assault,medium
26.135781,91.802073,lost_person,high
26.130095,91.804645,assault,medium
26.136474,91.806334,lost_person,medium
26.135327,91.806712,theft,medium
26.13558,91.801219,accident,medium
26.136776,91.806895,theft,low
26.134406,91.804175,theft,low
26.134124,91.806279,lost_person,medium
26.134028,91.807028,theft,high
26.134385,91.806658,lost_person,medium
26.132242,91.806302,theft,high
26.137728,91.808465,scam,medium
26.138896,91.806828,assault,high
26.132813,91.801588,assault,medium
26.134866,91.802394,assault,medium
26.133969,91.807313,scam,low
26.131034,91.805245,lost_person,high
26.13572,91.80541,lost_person,high
26.13582,91.806989,accident,critical
26.133505,91.806804,scam,medium
26.13582,91.80444,scam,critical
26.134872,91.804267,scam,high
26.133749,91.802437,assault,low
26.134559,91.804414,harassment,medium
26.135299,91.806878,scam,medium
26.134141,91.804782,lost_person,medium
26.134204,91.807336,scam,medium
26.13464,91.807471,accident,high
26.132572,91.803717,harassment,low
26.133315,91.806996,harassment,high
26.135157,91.80598,assault,medium
26.136505,91.808114,accident,medium
26.137435,91.804396,harassment,low
26.135316,91.804068,assault,medium
26.138363,91.801633,harassment,medium
26.133678,91.807788,scam,medium
26.134367,91.808912,assault,medium
26.134936,91.805905,scam,low
26.136362,91.802787,assault,low
26.137903,91.803587,scam,medium
26.132986,91.806271,scam,medium
26.135477,91.798475,harassment,medium
26.136322,91.805811,accident,medium
26.137912,91.800868,scam,low
26.135433,91.80251,assault,high
26.132411,91.807818,assault,medium
26.137372,91.804488,scam,critical
26.136385,91.804749,accident,critical
26.131829,91.804821,harassment,low
26.137693,91.805648,scam,low
26.135698,91.808075,assault,medium
26.138529,91.805334,accident,low
26.134173,91.806137,theft,medium
26.133798,91.806229,accident,low
26.135614,91.807149,assault,medium
26.136822,91.801566,harassment,high
26.135238,91.803888,theft,low
26.133894,91.802293,scam,high
26.134712,91.803545,scam,medium
26.131701,91.807421,harassment,low
26.135763,91.801988,lost_person,medium
26.134885,91.803997,harassment,high
26.134483,91.806575,harassment,critical
26.133613,91.802228,accident,medium
26.134614,91.805739,lost_person,medium
26.135821,91.810249,theft,medium
26.135531,91.805301,accident,high
26.137147,91.802942,harassment,low
26.138086,91.801665,harassment,high
26.136036,91.805123,harassment,high
26.135075,91.806241,scam,low
26.134787,91.804501,assault,medium
26.133179,91.805981,lost_person,low
26.135576,91.809095,scam,high
26.136918,91.805501,assault,critical
26.136607,91.806738,scam,medium
26.139682,91.803298,lost_person,low
26.135976,91.803539,theft,medium
26.138036,91.807313,accident,medium
26.134241,91.8074,theft,low
26.132131,91.801635,harassment,low
26.137001,91.805358,assault,low
26.138041,91.804201,scam,critical
26.131633,91.808048,harassment,critical
26.137064,91.80715,lost_person,high
26.137393,91.803423,accident,low
26.139073,91.80706,accident,high
26.140312,91.799511,lost_person,medium
26.132135,91.801857,lost_person,low
26.131232,91.803072,assault,medium
26.137268,91.804073,scam,medium
26.135263,91.805697,scam,low
26.134573,91.805803,assault,medium
26.139032,91.807056,accident,medium
26.134662,91.804917,accident,medium
26.136637,91.805625,accident,high
26.135509,91.806272,accident,low
26.135225,91.804398,accident,low
26.133329,91.804461,scam,high
26.132629,91.803858,theft,low
26.133283,91.80499,assault,medium
26.133459,91.804621,lost_person,medium
26.1349,91.803412,accident,medium
26.133113,91.804416,assault,medium
26.131321,91.803851,lost_person,low
26.135253,91.804957,harassment,low
26.136145,91.806243,theft,medium
26.134156,91.80373,harassment,medium
26.136245,91.805436,accident,high
26.136757,91.80415,theft,medium
26.134301,91.806162,theft,high
26.133256,91.808658,scam,medium
26.133662,91.805998,assault,low
26.139028,91.804288,assault,high
26.132315,91.803886,assault,critical
26.132906,91.804536,accident,high
26.134466,91.806728,harassment,high
26.133063,91.806446,scam,high
26.134889,91.806112,theft,high
26.136517,91.803848,assault,medium
26.134,91.805021,harassment,low
26.134843,91.80543,harassment,low
26.131303,91.805098,lost_person,medium
26.135285,91.812227,theft,high
26.128905,91.803896,harassment,low
26.135504,91.807291,theft,medium
26.131923,91.804841,lost_person,high
26.132195,91.803971,scam,high
26.134256,91.802691,theft,low
26.135675,91.802526,scam,medium
26.135853,91.805371,assault,low
26.134889,91.800097,lost_person,high
26.137631,91.803535,assault,high
26.133675,91.805515,theft,medium
26.135865,91.80386,lost_person,low
26.135162,91.802436,lost_person,high
26.136501,91.805464,scam,high
26.136006,91.806957,accident,medium
26.134955,91.807647,lost_person,low
26.133019,91.80416,accident,medium
26.137861,91.805349,lost_person,low
26.13453,91.800736,accident,low
26.132583,91.805145,scam,low
26.132703,91.801596,harassment,low
26.134582,91.80311,theft,medium
26.136243,91.806292,assault,medium
26.132677,91.803376,harassment,low
26.137276,91.803092,accident,high
26.137429,91.807423,assault,low
26.133796,91.800984,harassment,medium
26.133752,91.806764,lost_person,low
26.134181,91.804881,harassment,medium
26.134768,91.804291,theft,low
26.135165,91.801635,lost_person,medium
26.132678,91.804971,assault,low
26.133681,91.806136,lost_person,medium
26.13049,91.805207,lost_person,low
26.133541,91.808664,scam,medium
26.135502,91.809067,accident,medium
26.13475,91.808503,scam,medium
26.130423,91.806306,assault,medium
26.136522,91.802093,accident,low
26.140422,91.803196,assault,high
26.135567,91.804155,accident,medium
26.135513,91.803995,harassment,medium
26.140158,91.803223,scam,high
26.134843,91.806406,scam,medium
26.132973,91.805196,assault,low
26.136213,91.804252,accident,medium
26.136929,91.802708,theft,high
26.132507,91.804316,accident,high
26.134945,91.802493,lost_person,medium
26.136452,91.806145,accident,high
26.137756,91.803206,accident,low
26.134559,91.803089,lost_person,low
26.133478,91.808091,accident,medium
26.136803,91.800623,harassment,medium
26.13227,91.807664,assault,low
26.136377,91.802606,harassment,medium
26.133777,91.80498,scam,medium
26.137819,91.806679,harassment,low
26.133903,91.807849,lost_person,medium
26.136908,91.801939,accident,low
26.135094,91.80582,assault,low
26.132239,91.80788,lost_person,low
26.133653,91.806198,harassment,critical
26.135599,91.802292,theft,high
26.135157,91.803242,scam,medium
26.134467,91.805571,assault,medium
26.13213,91.802316,accident,medium
26.1401,91.799288,assault,high
26.132997,91.805603,scam,medium
26.135084,91.805368,theft,high
26.138633,91.804558,assault,medium
26.133135,91.804836,harassment,medium
26.133413,91.807066,accident,high
26.135008,91.803132,scam,high
26.136997,91.807485,theft,low
26.137707,91.807067,accident,medium
26.139827,91.805255,assault,low
26.136025,91.804564,theft,high
26.133427,91.804281,assault,high
26.133183,91.80796,harassment,low
26.135539,91.80197,scam,medium
26.134033,91.803579,harassment,medium
26.134143,91.807037,assault,medium
26.134305,91.806053,harassment,high
26.134232,91.807631,scam,medium
26.135114,91.806066,lost_person,medium
26.138493,91.804935,lost_person,high
26.134666,91.804951,scam,critical
26.132655,91.801681,assault,high
26.134233,91.804788,harassment,low
26.132016,91.805551,accident,low
26.133436,91.804333,harassment,low
26.130372,91.802826,assault,medium
26.133952,91.804885,scam,low
26.132117,91.805002,lost_person,critical
26.136296,91.807643,scam,medium
26.140037,91.802396,scam,medium
26.133247,91.80578,theft,low
26.133724,91.805282,theft,low
26.138173,91.806953,accident,medium
26.135568,91.799697,accident,high
26.136284,91.806629,scam,medium
26.137201,91.804361,lost_person,high
26.134139,91.805851,theft,low
26.134479,91.808122,scam,low
26.135431,91.8043,theft,critical
26.137063,91.80187,theft,medium
26.140166,91.803855,scam,medium
26.135812,91.803939,assault,low
26.138226,91.808479,lost_person,medium
26.137356,91.805871,assault,low
26.137554,91.806311,scam,low
26.134854,91.802944,harassment,critical
26.136668,91.806237,harassment,medium
26.135587,91.803946,theft,high
26.131819,91.803354,lost_person,low
26.132613,91.80778,theft,low
26.136432,91.804545,accident,high
26.137571,91.802834,theft,high
26.131087,91.802559,theft,medium
26.134964,91.804737,harassment,high
26.136516,91.804783,harassment,low
26.136736,91.804582,assault,medium
26.133637,91.80113,assault,critical
26.137846,91.80563,lost_person,medium
26.133678,91.804547,assault,high
26.134959,91.801634,accident,low
26.136822,91.808767,theft,high
26.136864,91.804411,assault,high
26.13453,91.80614,lost_person,critical
26.134431,91.807097,harassment,medium
26.135196,91.804375,theft,medium
26.134817,91.807702,scam,high
26.140428,91.802481,harassment,high
26.134693,91.809747,theft,medium
26.136131,91.808001,lost_person,low
26.134698,91.806712,accident,low
26.136555,91.804237,harassment,medium
26.139327,91.805032,accident,medium
26.132687,91.805182,lost_person,medium
26.127708,91.805235,lost_person,critical
26.134437,91.803839,scam,high
26.132437,91.800414,theft,high
26.134181,91.804918,lost_person,medium
26.133821,91.806397,accident,medium
26.134207,91.805447,lost_person,medium
26.137688,91.803943,harassment,medium
26.131577,91.804,scam,high
26.130366,91.806076,theft,high
26.13154,91.805727,harassment,medium
26.136009,91.804271,theft,medium
26.130571,91.810165,scam,low
26.133955,91.804619,assault,high
26.135576,91.808267,theft,high
26.133734,91.80306,scam,medium
26.132055,91.804494,lost_person,medium
26.135374,91.805731,lost_person,medium
26.137339,91.80292,lost_person,medium
26.134881,91.801662,theft,medium
26.13235,91.805642,harassment,high
26.137079,91.80543,theft,critical
26.130821,91.809985,accident,medium
26.134406,91.806644,scam,medium
26.136414,91.806854,theft,critical
26.132873,91.805859,lost_person,medium
26.131401,91.804522,accident,medium
26.130137,91.805188,assault,medium
26.134395,91.804275,accident,low
26.135802,91.798959,accident,medium
26.136053,91.805311,accident,medium
26.136892,91.80488,accident,low
26.130673,91.803192,theft,low
26.138594,91.804358,scam,critical
26.136112,91.806516,theft,medium
26.134937,91.7999,harassment,medium
26.137952,91.805511,accident,high
26.131541,91.80682,theft,critical
26.134417,91.803202,accident,critical
26.133762,91.801946,theft,high
26.135603,91.806265,scam,high
26.131465,91.809163,lost_person,medium
26.137664,91.806165,lost_person,medium
26.132669,91.805869,scam,high
26.13546,91.806459,harassment,low
26.133597,91.80225,lost_person,medium
26.134188,91.804209,accident,medium
26.133391,91.806207,accident,high
26.136222,91.808902,theft,medium
26.137969,91.804563,accident,medium
26.13304,91.804826,scam,low
26.13567,91.803769,lost_person,low
26.133027,91.806274,assault,critical
26.132663,91.806879,scam,medium
26.138388,91.802442,assault,critical
26.136352,91.808687,assault,critical
26.135763,91.802623,harassment,high
26.132143,91.798816,theft,low
26.136165,91.804959,theft,medium
26.134407,91.804533,scam,medium
26.138016,91.80574,harassment,low
26.139074,91.802007,theft,low
26.132223,91.808926,lost_person,medium
26.137902,91.804467,scam,medium
26.137748,91.804686,theft,low
26.131567,91.804845,accident,low
26.132358,91.80701,assault,critical
26.13697,91.808056,harassment,medium
26.137568,91.802614,assault,high
26.133389,91.804103,accident,medium
26.134646,91.805101,theft,low
26.135462,91.80561,harassment,low
26.13868,91.806682,accident,low
26.131588,91.805346,harassment,medium
26.136851,91.803913,accident,low
26.138107,91.802586,harassment,medium
26.133294,91.803336,scam,low
26.136389,91.804708,harassment,medium
26.135568,91.805942,scam,high
26.136547,91.809735,scam,high
26.132741,91.806316,harassment,high
26.135584,91.805982,accident,medium
26.13288,91.799429,scam,low
26.136761,91.804211,harassment,low
26.134095,91.802687,harassment,low
26.133901,91.80754,assault,high
26.132966,91.806075,lost_person,critical
26.13451,91.804569,scam,low
26.137192,91.807908,theft,medium
26.135377,91.807176,assault,low
26.135055,91.805211,assault,low
26.13381,91.807176,harassment,low
26.135824,91.801109,scam,low
26.135168,91.802044,harassment,critical
26.132798,91.803613,lost_person,medium
26.134163,91.804741,accident,medium
26.135149,91.805264,scam,critical
26.135866,91.803322,harassment,low
26.135384,91.804745,assault,medium
26.132103,91.803303,harassment,low
26.131825,91.804244,assault,high
26.13409,91.802857,lost_person,low
26.13937,91.805328,lost_person,medium
26.133935,91.799926,scam,low
26.134706,91.806346,theft,low
26.1363,91.802227,lost_person,low
26.133459,91.80504,scam,low
26.131578,91.803487,assault,high
26.137608,91.804267,harassment,low
26.131647,91.804462,scam,high
26.132414,91.803153,assault,low
26.133187,91.809874,harassment,medium
26.131396,91.806357,harassment,critical
26.134071,91.80667,scam,medium
26.137949,91.808514,theft,critical
26.1391,91.804108,assault,medium
26.135829,91.803218,harassment,medium
26.135509,91.807669,accident,critical
26.131281,91.804455,theft,low
26.134673,91.804015,harassment,medium
26.138865,91.801129,harassment,low
26.132264,91.806968,assault,medium
26.13555,91.804812,harassment,high
26.134891,91.806866,scam,low
26.136998,91.804183,lost_person,medium
26.128998,91.80429,assault,high
26.137262,91.801458,accident,low
26.135341,91.801957,scam,medium
26.134444,91.806659,theft,low
26.13744,91.806099,lost_person,critical
26.136121,91.803941,harassment,high
26.135836,91.800611,scam,medium
26.133972,91.804847,harassment,medium
26.132525,91.807302,harassment,low
26.136102,91.805214,theft,critical
26.137687,91.807929,harassment,high
26.13619,91.803323,assault,low
26.134244,91.805115,theft,low
26.130566,91.805875,theft,low
26.134146,91.80332,scam,medium
26.132936,91.807508,accident,critical
26.133859,91.802187,harassment,critical
26.138994,91.80174,assault,high
26.134122,91.802366,accident,medium
26.131796,91.803149,theft,medium
26.135157,91.807222,theft,medium
26.135356,91.809231,theft,medium
26.13535,91.804301,theft,low
26.138535,91.803247,harassment,medium
26.132747,91.803967,theft,high
26.135638,91.802981,lost_person,medium
26.134744,91.80177,accident,high
26.134333,91.805036,scam,low
26.132531,91.807266,scam,low
26.137515,91.804622,harassment,low
26.137,91.806131,theft,low
26.131174,91.804103,scam,high
26.132319,91.80463,harassment,high
26.134359,91.807149,theft,medium
26.13586,91.808451,theft,high
26.138731,91.80219,scam,low
26.131897,91.804715,lost_person,medium
26.133655,91.802861,harassment,medium
26.135857,91.803301,accident,medium
26.134807,91.807302,assault,high
26.133094,91.803414,harassment,high
26.133766,91.803134,lost_person,high
26.134307,91.804553,accident,low
26.134043,91.804713,accident,low
26.134634,91.806948,lost_person,critical
26.133305,91.804419,harassment,medium
26.133718,91.806657,lost_person,low
26.130785,91.805807,scam,high
26.137576,91.804181,assault,high
26.135345,91.803703,harassment,high
26.131946,91.805861,scam,medium
26.13619,91.807266,scam,medium
26.136165,91.80564,accident,high
26.136173,91.802104,lost_person,medium
26.13507,91.801734,assault,high
26.135907,91.804041,scam,high
26.134242,91.802674,accident,critical
26.135564,91.802206,lost_person,medium
26.132969,91.804174,harassment,low
26.1338,91.8084,assault,low
26.137298,91.802536,harassment,medium
26.136691,91.806977,accident,critical
26.134424,91.803423,accident,medium
26.134028,91.805124,assault,medium
26.136342,91.807124,assault,low
26.131058,91.807879,scam,medium
26.1361,91.804414,accident,medium
26.130883,91.805075,accident,medium
26.132796,91.80452,accident,medium
26.137538,91.804053,scam,medium
26.136067,91.803157,theft,medium
26.134488,91.806237,scam,medium
26.137903,91.800812,assault,medium
26.137917,91.806157,assault,medium
26.137306,91.803618,harassment,high
26.136147,91.80958,assault,high
26.133585,91.805984,assault,low
26.134989,91.804217,assault,medium
26.134928,91.804841,scam,medium
26.136865,91.805323,scam,critical
26.136391,91.800096,scam,low
26.132115,91.805146,accident,medium
26.134893,91.808779,assault,medium
26.136485,91.805119,lost_person,critical
26.135968,91.803784,theft,low
26.13626,91.804174,theft,medium
26.13659,91.803349,harassment,high
26.133008,91.807856,assault,medium
26.131299,91.806629,accident,medium
26.133794,91.802866,accident,medium
26.134137,91.80703,accident,low
26.138488,91.803506,lost_person,medium
26.134186,91.804866,scam,high
26.134564,91.801623,accident,low
26.13456,91.806133,harassment,medium
26.134476,91.803279,lost_person,high
26.133021,91.806818,scam,medium
26.133449,91.80851,lost_person,medium
26.135851,91.80268,scam,low
26.133993,91.804669,scam,low
26.134692,91.805224,harassment,medium
26.133972,91.804997,accident,high
26.135092,91.803181,theft,medium
26.13914,91.805182,assault,high
26.134994,91.807127,lost_person,low
26.131732,91.803867,scam,medium
26.136471,91.804556,theft,low
26.132723,91.808544,accident,medium
26.131437,91.803962,lost_person,high
26.135703,91.806028,harassment,low
26.135037,91.801467,theft,medium
26.132446,91.804843,lost_person,low
26.135928,91.804936,theft,high
26.134491,91.804363,theft,low
26.13355,91.803761,accident,high
26.133933,91.80711,assault,low
26.136027,91.80192,theft,medium
26.130894,91.806018,lost_person,low
26.135079,91.806175,scam,low
26.135529,91.804848,lost_person,high
26.14175,91.805219,theft,medium
26.132187,91.807551,lost_person,low
26.137445,91.800802,lost_person,low
26.138024,91.802692,assault,critical
26.132489,91.803136,accident,low
26.133187,91.804668,assault,medium
26.135832,91.804302,assault,high
26.133873,91.805058,scam,low
26.135288,91.808155,assault,high
26.137508,91.807517,lost_person,low
26.135325,91.803132,accident,critical
26.13628,91.805613,lost_person,critical
26.135482,91.808045,accident,low
26.137923,91.800526,assault,high
26.134778,91.802709,accident,medium
26.136487,91.80703,harassment,high
26.139735,91.802639,lost_person,medium
26.136384,91.802767,assault,low
26.13471,91.80457,harassment,low
26.133175,91.804908,scam,high
26.132062,91.806865,assault,low
26.137237,91.806807,harassment,medium
26.134942,91.804889,harassment,high
26.130602,91.801798,lost_person,high
26.134053,91.807976,accident,high
26.135677,91.802323,theft,medium
26.134981,91.804036,scam,medium
26.136393,91.804697,assault,medium
26.132211,91.80505,accident,low
26.13437,91.805395,harassment,medium
26.134324,91.806104,accident,medium
26.12925,91.807995,accident,high
26.133935,91.808811,lost_person,medium
26.139172,91.802365,accident,medium
26.134161,91.802293,lost_person,medium
26.135633,91.80574,theft,medium
26.13698,91.805373,scam,critical
26.136669,91.804887,lost_person,medium
26.136947,91.806885,scam,high
26.135519,91.806983,assault,medium
26.136346,91.805658,lost_person,low
26.135608,91.802164,assault,medium
26.135403,91.801782,scam,high
26.127964,91.808868,harassment,medium
26.139294,91.804107,accident,critical
26.134362,91.803697,lost_person,medium
26.134458,91.80416,scam,low
26.137792,91.802509,accident,medium
26.137025,91.801793,lost_person,medium
26.137692,91.807911,assault,high
26.133858,91.80513,lost_person,low
26.135486,91.805077,theft,medium
26.135068,91.803647,accident,medium
26.136126,91.803391,scam,critical
26.13575,91.80995,harassment,low
26.134796,91.805587,theft,medium
26.135575,91.806115,assault,low
26.134954,91.810348,scam,low
26.138221,91.806125,assault,low
26.136598,91.807732,harassment,high
26.138389,91.804359,accident,medium
26.137399,91.809058,harassment,medium
26.133839,91.809059,assault,high
26.136751,91.806671,lost_person,medium
26.133553,91.80715,lost_person,low
26.136285,91.802074,assault,medium
26.133804,91.807395,lost_person,medium
26.133043,91.807362,assault,high
26.13533,91.805933,scam,critical
26.133858,91.802502,assault,critical
26.134425,91.805958,assault,high
26.138347,91.80437,accident,medium
26.140263,91.803351,assault,medium
26.133084,91.803482,harassment,high
26.139746,91.805628,scam,high
26.136363,91.801707,theft,medium
26.137335,91.802696,theft,high
26.138121,91.80375,harassment,medium
26.135187,91.80745,scam,medium
26.136112,91.806937,assault,high
26.13605,91.807542,harassment,high
26.134512,91.8043,harassment,high
26.138188,91.805232,accident,medium
26.135561,91.805221,harassment,high
26.131971,91.803887,accident,medium
26.136755,91.80483,accident,low
26.13387,91.800924,accident,high
26.134393,91.804337,theft,high
26.138159,91.802634,accident,high
26.132572,91.805882,harassment,high
26.138392,91.80392,accident,low
26.136867,91.803091,lost_person,medium
26.135588,91.80745,lost_person,medium
26.134542,91.801103,accident,high
26.137879,91.800967,scam,medium
26.13052,91.80137,lost_person,medium
26.133246,91.806679,assault,medium
26.134495,91.803438,theft,low
26.135904,91.802841,accident,low
26.131913,91.808603,harassment,high
26.133218,91.805493,assault,low
26.1341,91.802289,harassment,medium
26.134164,91.805041,accident,medium
26.136479,91.80392,accident,high
26.13309,91.806929,theft,low
26.141325,91.806831,theft,high
26.1336,91.807375,lost_person,high
26.136883,91.805132,theft,high
26.136275,91.807,scam,medium
26.140884,91.806077,harassment,medium
26.135609,91.808859,lost_person,high
26.135933,91.804099,accident,low
26.133327,91.806911,accident,medium
26.13721,91.804149,theft,medium
26.133673,91.804534,accident,medium
26.136634,91.804435,theft,medium
26.133015,91.798936,theft,medium
26.134263,91.808757,lost_person,medium
26.136096,91.804853,theft,high
26.133678,91.804635,assault,high
26.138148,91.805138,scam,medium
26.138651,91.807805,harassment,critical
26.134508,91.800433,accident,critical
26.133551,91.803171,lost_person,low
26.132198,91.80672,assault,high
26.133975,91.806019,assault,critical
26.133999,91.801139,theft,critical
26.131492,91.804703,assault,critical
26.13679,91.804437,assault,low
26.132579,91.805872,assault,medium
26.132415,91.806031,assault,medium
26.134154,91.808315,scam,medium
26.136221,91.801683,accident,critical
26.132738,91.809549,accident,medium
26.13403,91.804401,harassment,medium
26.135236,91.805558,harassment,medium
26.135052,91.804898,assault,medium
26.136384,91.80561,scam,medium
26.137413,91.805925,accident,high
26.135086,91.805132,theft,medium
26.134392,91.807409,lost_person,critical
26.131751,91.807766,theft,low
26.132589,91.804629,assault,medium
26.132083,91.802465,theft,low
26.131918,91.806344,scam,medium
26.135728,91.80837,scam,low
26.134119,91.79977,theft,medium
26.132726,91.806544,assault,high
26.134749,91.803841,assault,low
26.137088,91.803541,scam,low
26.13725,91.802436,accident,medium
26.133995,91.808743,accident,low
26.136394,91.802969,lost_person,high
26.132018,91.806322,assault,medium
26.137576,91.806147,harassment,low
26.135849,91.805761,harassment,low
26.132043,91.803234,scam,medium
26.138812,91.803454,scam,critical
26.13551,91.804151,lost_person,low
26.1355,91.805423,theft,medium
26.139131,91.804414,accident,medium
26.134842,91.806512,harassment,low
26.13481,91.804599,accident,high
26.134134,91.809559,accident,low
26.13455,91.804227,accident,medium
26.135645,91.803884,scam,low
26.137011,91.803306,accident,high
26.134836,91.807969,theft,low
26.134377,91.803773,lost_person,medium
26.135113,91.80424,harassment,low
26.137364,91.803711,harassment,low
26.133903,91.806672,lost_person,low
26.136761,91.808819,accident,low
26.134527,91.803448,accident,high
26.134841,91.806673,harassment,low
26.133811,91.805586,harassment,high
26.136453,91.804804,accident,medium
26.140772,91.804764,assault,high
26.134427,91.804499,accident,medium
26.135039,91.802116,lost_person,medium
26.135582,91.805599,lost_person,low
26.136233,91.803786,assault,low
26.132434,91.801646,accident,medium
26.13414,91.803979,harassment,medium
26.134826,91.804493,accident,low
26.134249,91.807412,harassment,medium
26.137924,91.802387,scam,high
26.137499,91.8025,lost_person,critical
26.134798,91.801902,assault,low
26.132475,91.804064,scam,medium
26.135756,91.802872,lost_person,medium
26.135238,91.80642,scam,high
26.134364,91.804732,assault,medium
26.135941,91.804444,assault,high
26.137846,91.807132,scam,low
26.135575,91.806065,lost_person,low
26.135386,91.804433,assault,medium
26.134045,91.807829,assault,high
26.136615,91.805371,lost_person,high
26.13086,91.806513,lost_person,low
26.133354,91.809786,lost_person,medium
26.13443,91.806505,lost_person,low
26.137634,91.810261,accident,low
26.133343,91.808174,theft,medium
26.138317,91.802317,accident,critical
26.132492,91.806575,lost_person,medium
26.136295,91.80825,harassment,medium
26.13251,91.805532,scam,critical
26.136971,91.802234,scam,low
26.133787,91.801545,accident,high
26.133649,91.802731,scam,medium
26.134019,91.801836,harassment,low
26.134899,91.802661,assault,low
26.136717,91.806721,theft,low
26.138006,91.805795,assault,medium
26.134256,91.80161,accident,medium
26.134389,91.807505,theft,medium
26.132689,91.807203,scam,low
26.136534,91.805419,harassment,medium
26.131877,91.802811,scam,medium
26.135415,91.799912,theft,medium
26.135587,91.805749,accident,low
26.135616,91.805586,accident,low
26.130792,91.803807,scam,low
26.133775,91.80536,lost_person,medium
26.130497,91.809177,harassment,medium
26.136448,91.803277,theft,low
26.136501,91.803815,theft,critical
26.136678,91.803936,theft,medium
26.133503,91.803435,lost_person,critical
26.136225,91.804639,theft,low
26.139674,91.80454,theft,medium
26.137369,91.803829,harassment,critical
26.130726,91.80487,theft,medium
26.133643,91.809638,lost_person,high
26.132119,91.803726,lost_person,medium
26.133015,91.809724,harassment,low
26.135045,91.807524,accident,low
26.133091,91.808985,scam,medium
26.133619,91.807325,scam,medium
26.136578,91.806502,theft,critical
26.131311,91.804569,accident,medium
26.134226,91.806244,assault,medium
26.133557,91.806472,scam,low
26.13532,91.804882,accident,high
26.135904,91.805017,assault,medium
26.131016,91.804775,theft,high
26.135422,91.805175,scam,medium
26.131218,91.807267,theft,low
26.133577,91.806003,lost_person,high
26.136,91.802005,lost_person,high
26.137041,91.803235,lost_person,medium
26.138275,91.805164,assault,high
26.131804,91.80663,lost_person,high
26.135689,91.800209,harassment,medium
26.13518,91.803981,scam,high
26.135591,91.800487,accident,low
26.137321,91.801968,theft,low
26.134104,91.804992,accident,medium
26.129778,91.8038,lost_person,medium
26.132238,91.807726,scam,medium
26.133907,91.808899,accident,low
26.138317,91.800107,lost_person,medium
26.135772,91.805491,scam,high
26.131025,91.807955,assault,critical
26.133479,91.804685,scam,high
26.135642,91.804933,assault,low
26.133977,91.806993,scam,critical
26.135635,91.805162,assault,low
26.1367,91.804655,accident,low
26.131817,91.802313,harassment,high
26.136755,91.803043,assault,medium
26.13356,91.806782,lost_person,low
26.13354,91.808153,harassment,low
26.133662,91.806873,scam,high
26.135947,91.806308,harassment,medium
26.131874,91.80489,theft,medium
26.136119,91.801513,scam,low
26.134496,91.800496,scam,medium
26.13199,91.804422,scam,medium
26.136959,91.799508,theft,low
26.141925,91.802939,scam,high
26.134743,91.80666,lost_person,low
26.13636,91.804222,theft,medium
26.135496,91.806841,lost_person,low
26.135954,91.804746,scam,medium
26.134641,91.802127,theft,high
26.134376,91.80559,scam,medium
26.134956,91.801339,lost_person,medium
26.133525,91.804612,accident,low
26.136928,91.80479,harassment,medium
26.133634,91.807257,theft,low
26.136424,91.804685,lost_person,medium
26.138417,91.805928,accident,high
26.138131,91.80327,scam,high
26.133805,91.802122,harassment,low
26.13549,91.806936,accident,low
26.133547,91.806296,harassment,medium
26.138902,91.806306,lost_person,low
26.132741,91.804878,scam,medium
26.136331,91.809356,harassment,low
26.139184,91.802388,scam,high
26.136076,91.80494,assault,medium
26.1374,91.803321,lost_person,medium
26.134769,91.803466,accident,medium
26.133624,91.805376,theft,medium
26.1337,91.805309,theft,high
26.135108,91.801152,theft,medium
26.132804,91.805049,lost_person,critical
26.137592,91.804177,theft,low
26.136591,91.802043,harassment,high
26.137154,91.80568,assault,high
26.131869,91.809647,scam,low
26.13274,91.809575,accident,low
26.13594,91.80375,accident,medium
26.135462,91.804123,lost_person,medium
26.133757,91.803139,assault,high
26.138582,91.803436,harassment,critical
26.133754,91.804877,lost_person,medium
26.134687,91.803094,assault,low
26.135911,91.802742,scam,medium
26.134008,91.807501,scam,low
26.139779,91.806307,accident,high
26.138831,91.806133,harassment,low
26.130833,91.80203,lost_person,high
26.140045,91.806352,assault,low
26.134995,91.806253,lost_person,low
26.1319,91.804518,assault,low
26.134147,91.804754,lost_person,medium
26.135346,91.803227,theft,medium
26.132496,91.805612,harassment,low
26.133328,91.802717,lost_person,medium
26.134228,91.803747,theft,medium
26.134411,91.804788,theft,critical
26.139488,91.805256,scam,medium
26.136897,91.801548,accident,medium
26.134743,91.804954,scam,high
26.136593,91.805457,harassment,medium
26.139978,91.806064,scam,medium
26.138329,91.801169,theft,medium
26.132513,91.804067,lost_person,low
26.134879,91.804052,scam,critical
26.136861,91.806605,harassment,medium
26.137516,91.804591,harassment,low
26.139193,91.799969,assault,high
26.133801,91.802469,theft,high
26.135243,91.805191,scam,high
26.13513,91.806532,theft,low
26.135833,91.802664,accident,low
26.134944,91.808111,harassment,high
26.132976,91.801669,theft,critical
26.133309,91.804937,scam,high
26.135957,91.804721,assault,medium
26.132263,91.80315,theft,low
26.13911,91.807783,scam,low
26.133835,91.806691,assault,medium
26.131026,91.805183,lost_person,high
26.135103,91.807704,theft,medium
26.135767,91.804755,assault,medium
26.132805,91.804703,scam,high
26.136495,91.805605,theft,medium
26.13444,91.806204,assault,medium
26.139207,91.805773,scam,high
26.133696,91.80572,scam,low
26.117806,91.814789,scam,high
26.116462,91.818569,accident,low
26.120177,91.815674,accident,medium
26.117158,91.819304,theft,medium
26.117501,91.818695,accident,medium
26.11702,91.820676,scam,medium
26.119578,91.819446,lost_person,medium
26.115457,91.820305,harassment,high
26.115954,91.818376,assault,medium
26.118894,91.819456,harassment,low
26.118981,91.814726,harassment,high
26.119261,91.81752,accident,low
26.117973,91.819057,assault,critical
26.11688,91.819748,accident,critical
26.114348,91.81802,scam,medium
26.120983,91.818187,lost_person,critical
26.11656,91.817937,scam,medium
26.117076,91.816044,assault,high
26.116021,91.821755,lost_person,low
26.114882,91.819289,harassment,medium
26.11799,91.821742,theft,medium
26.118545,91.815532,harassment,low
26.119996,91.817535,assault,low
26.118662,91.816374,harassment,critical
26.11805,91.820595,harassment,medium
26.117276,91.818484,theft,medium
26.119112,91.818831,harassment,high
26.122448,91.822406,theft,high
26.118628,91.81709,scam,low
26.116196,91.818115,scam,medium
26.121031,91.818145,accident,medium
26.117051,91.821021,lost_person,high
26.120156,91.818505,lost_person,low
26.117079,91.819691,scam,medium
26.120908,91.817108,accident,medium
26.118431,91.819699,scam,medium
26.120954,91.818992,assault,high
26.115849,91.820189,theft,critical
26.120618,91.817045,accident,high
26.118259,91.822051,assault,low
26.117723,91.818123,theft,medium
26.118361,91.819851,harassment,low
26.119664,91.817832,harassment,low
26.119699,91.813628,assault,low
26.122093,91.82324,theft,medium
26.116527,91.820231,accident,low
26.116718,91.820592,accident,high
26.113332,91.819459,accident,high
26.124465,91.814386,lost_person,low
26.115773,91.816397,assault,low
26.117571,91.820158,harassment,medium
26.114754,91.819246,theft,low
26.120829,91.820292,assault,critical
26.121173,91.820034,assault,low
26.118719,91.823012,assault,medium
26.120597,91.819564,accident,medium
26.117618,91.818657,accident,low
26.116656,91.817064,theft,medium
26.121239,91.819259,lost_person,medium
26.115251,91.814832,harassment,medium
26.117793,91.818227,assault,medium
26.116953,91.814562,assault,medium
26.115829,91.814202,harassment,low
26.115962,91.816043,lost_person,low
26.117878,91.817581,assault,medium
26.116012,91.820412,accident,low
26.116298,91.817706,harassment,low
26.116041,91.81562,assault,low
26.119359,91.818473,accident,medium
26.114968,91.815771,theft,high
26.116564,91.81945,theft,medium
26.119738,91.82003,scam,low
26.11701,91.818658,assault,medium
26.120468,91.819579,theft,low
26.119703,91.819278,harassment,high
26.119753,91.815759,harassment,medium
26.118283,91.816369,scam,medium
26.114688,91.816332,scam,low
26.120785,91.819148,harassment,medium
26.120945,91.817614,scam,low
26.119107,91.815345,assault,medium
26.120832,91.815615,scam,critical
26.116689,91.816027,harassment,medium
26.121189,91.818183,accident,medium
26.116691,91.820554,theft,low
26.114874,91.813195,scam,medium
26.119943,91.818975,accident,low
26.122316,91.815041,assault,high
26.118205,91.818324,lost_person,high
26.118833,91.819593,scam,medium
26.11642,91.819247,assault,high
26.113264,91.815762,harassment,medium
26.120071,91.819948,scam,low
26.116879,91.820682,lost_person,high
26.115454,91.816712,accident,critical
26.116926,91.816252,theft,high
26.122034,91.823187,lost_person,low
26.119414,91.815126,assault,high
26.116858,91.820999,lost_person,high
26.120209,91.818386,assault,medium
26.117537,91.819398,accident,low
26.114619,91.816966,assault,low
26.116477,91.818766,scam,low
26.118632,91.816519,harassment,medium
26.118117,91.821054,lost_person,medium
26.11722,91.817096,assault,medium
26.120645,91.817525,theft,high
26.119218,91.819403,theft,medium
26.116884,91.81502,lost_person,low
26.112722,91.817345,lost_person,medium
26.118416,91.814905,scam,medium
26.116824,91.819063,theft,high
26.119468,91.81988,assault,high
26.118856,91.816338,harassment,medium
26.12053,91.816094,theft,medium
26.119632,91.822426,theft,medium
26.119106,91.819296,assault,low
26.115524,91.81702,scam,high
26.117735,91.817279,scam,medium
26.11861,91.815181,accident,critical
26.11719,91.817959,theft,medium
26.120068,91.818086,assault,low
26.116959,91.818365,assault,medium
26.113975,91.81983,theft,high
26.115603,91.815389,assault,high
26.117029,91.815058,harassment,medium
26.116116,91.817793,scam,low
26.121972,91.81848,theft,high
26.117276,91.818188,accident,medium
26.118634,91.821613,theft,high
26.118209,91.821918,lost_person,high
26.118207,91.817756,theft,medium
26.116795,91.818949,scam,high
26.122604,91.815185,scam,medium
26.117542,91.815815,accident,high
26.118984,91.818511,scam,high
26.117821,91.815108,accident,low
26.116647,91.817731,harassment,medium
26.115013,91.819418,scam,high
26.118785,91.820544,assault,high
26.114687,91.817936,theft,critical
26.114655,91.819391,assault,low
26.121791,91.818485,theft,medium
26.119563,91.814857,theft,medium
26.121134,91.822388,accident,low
26.117803,91.818669,theft,medium
26.121973,91.815636,accident,high
26.120109,91.820696,scam,medium
26.120868,91.820386,harassment,critical
26.118694,91.81359,scam,low
26.118948,91.818247,theft,medium
26.114825,91.816347,assault,medium
26.118996,91.81824,assault,medium
26.116993,91.818318,scam,high
26.120173,91.814672,harassment,medium
26.117512,91.816652,harassment,medium
26.118568,91.81937,theft,low
26.117242,91.818123,accident,medium
26.119696,91.821647,scam,low
26.117731,91.816676,theft,medium
26.114597,91.820335,theft,high
26.117669,91.822104,accident,medium
26.116138,91.821336,theft,critical
26.117467,91.815032,scam,medium
26.120264,91.819984,lost_person,high
26.120753,91.82127,assault,high
26.119865,91.818409,accident,medium
26.118235,91.819278,accident,low
26.119559,91.815253,lost_person,low
26.120465,91.819447,lost_person,low
26.120721,91.820156,theft,low
26.116844,91.817584,scam,high
26.123154,91.821297,lost_person,low
26.116819,91.821613,accident,medium
26.11993,91.822518,assault,low
26.11591,91.819018,theft,medium
26.116631,91.819459,harassment,high
26.115234,91.818473,scam,medium
26.119145,91.818765,assault,low
26.118162,91.821883,theft,high
26.119747,91.823203,harassment,critical
26.116657,91.816372,assault,medium
26.125161,91.817535,harassment,medium
26.120781,91.819012,scam,low
26.115584,91.819575,accident,low
26.116716,91.816449,scam,medium
26.115897,91.816261,assault,critical
26.117129,91.815353,theft,medium
26.118134,91.817538,accident,high
26.116284,91.815766,accident,medium
26.117385,91.817296,harassment,low
26.118515,91.820978,assault,low
26.121059,91.819538,harassment,critical
26.115655,91.82028,accident,high
26.114245,91.814965,theft,critical
26.121152,91.817182,assault,low
26.116197,91.817232,harassment,high
26.119482,91.81699,harassment,low
26.120993,91.819709,lost_person,medium
26.119277,91.817828,harassment,medium
26.119043,91.816569,accident,high
26.116735,91.822166,assault,medium
26.119448,91.814459,theft,low
26.119415,91.814913,scam,medium
26.116961,91.817392,lost_person,low
26.120519,91.82217,accident,high
26.124123,91.816464,scam,low
26.114015,91.816011,lost_person,high
26.117999,91.820294,accident,medium
26.117886,91.818417,assault,high
26.116421,91.821714,theft,medium
26.123022,91.820239,accident,medium
26.118242,91.818893,harassment,medium
26.117388,91.816648,lost_person,high
26.119442,91.817326,theft,critical
26.114129,91.817852,accident,medium
26.120901,91.817813,theft,medium
26.118524,91.818445,assault,medium
26.113763,91.814955,scam,critical
26.117158,91.817982,lost_person,medium
26.11459,91.815081,scam,critical
26.120536,91.817059,accident,low
26.121529,91.816589,assault,critical
26.116449,91.817733,lost_person,low
26.114657,91.815375,theft,medium
26.1192,91.814844,lost_person,critical
26.118203,91.820089,theft,high
26.120233,91.815842,assault,high
26.118849,91.818628,scam,medium
26.116427,91.81776,lost_person,medium
26.119794,91.81967,scam,medium
26.11908,91.819096,accident,medium
26.11746,91.814943,scam,high
26.11394,91.818098,accident,medium
26.117145,91.817327,accident,medium
26.117544,91.816449,accident,high
26.118139,91.81883,lost_person,medium
26.120597,91.819803,assault,medium
26.117658,91.820454,lost_person,high
26.116031,91.820483,lost_person,medium
26.118667,91.817427,harassment,high
26.115356,91.820329,scam,high
26.12146,91.818455,scam,medium
26.118605,91.816784,theft,medium
26.116679,91.818341,theft,high
26.121218,91.811949,scam,medium
26.124147,91.817812,harassment,high
26.117893,91.81841,accident,medium
26.115189,91.817252,theft,medium
26.118296,91.817182,assault,low
26.113721,91.818934,lost_person,medium
26.117141,91.81567,lost_person,medium
26.117528,91.81881,lost_person,low
26.118547,91.817484,lost_person,low
26.117637,91.819298,assault,medium
26.118697,91.816487,assault,medium
26.119933,91.820742,lost_person,low
26.119774,91.819593,scam,medium
26.11882,91.817388,lost_person,critical
26.117093,91.818197,scam,high
26.116611,91.816386,theft,low
26.118673,91.819622,accident,low
26.116536,91.81823,lost_person,low
26.118162,91.822101,accident,medium
26.117999,91.815998,accident,low
26.123044,91.818501,scam,high
26.116823,91.820534,lost_person,critical
26.120758,91.8177,harassment,high
26.11953,91.815472,theft,high
26.121757,91.818175,theft,medium
26.117854,91.816445,harassment,critical
26.116546,91.819427,accident,critical
26.118509,91.818764,harassment,medium
26.119719,91.814778,lost_person,high
26.118052,91.81841,theft,high
26.117534,91.817929,scam,medium
26.117497,91.821875,scam,medium
26.115467,91.817678,scam,low
26.117002,91.821179,theft,medium
26.1195,91.817252,assault,low
26.118906,91.819135,accident,medium
26.116987,91.815677,harassment,low
26.117925,91.815461,theft,medium
26.120196,91.817278,harassment,critical
26.122737,91.816229,lost_person,medium
26.117415,91.816768,harassment,medium
26.122556,91.823284,assault,medium
26.118155,91.821239,assault,low
26.120941,91.816688,lost_person,low
26.117879,91.818782,lost_person,high
26.117802,91.818185,assault,low
26.119618,91.819935,assault,high
26.11907,91.812126,lost_person,low
26.116802,91.816614,lost_person,high
26.115363,91.818138,accident,medium
26.119914,91.816274,assault,medium
26.117634,91.81831,accident,medium
26.119273,91.820197,scam,medium
26.11552,91.819425,accident,medium
26.114051,91.815047,theft,medium
26.115221,91.819956,scam,high
26.120239,91.816816,theft,critical
26.118003,91.817835,theft,high
26.117326,91.820975,theft,low
26.117344,91.818772,lost_person,high
26.121269,91.818528,lost_person,medium
26.12074,91.820718,lost_person,medium
26.116482,91.818902,lost_person,low
26.120127,91.819687,scam,medium
26.118908,91.818159,assault,medium
26.118579,91.815455,lost_person,critical
26.117089,91.817082,lost_person,critical
26.121782,91.817165,harassment,high
26.117048,91.812309,assault,low
26.113715,91.818274,assault,critical
26.121071,91.817107,assault,medium
26.117254,91.817543,theft,medium
26.116232,91.817319,harassment,critical
26.118014,91.814367,harassment,high
26.114734,91.821564,theft,low
26.116418,91.816331,lost_person,medium
26.115771,91.818009,harassment,low
26.117788,91.817493,lost_person,medium
26.117594,91.818633,lost_person,medium
26.116837,91.816027,theft,high
26.118973,91.820404,scam,medium
26.118827,91.819596,lost_person,high
26.117862,91.817661,accident,medium
26.116407,91.819131,accident,low
26.116355,91.818039,lost_person,high
26.114474,91.820663,theft,low
26.116801,91.82236,assault,critical
26.117743,91.821819,accident,medium
26.121068,91.815955,accident,medium
26.119232,91.821321,scam,low
26.120705,91.81785,lost_person,low
26.119167,91.813943,theft,medium
26.120256,91.822553,scam,medium
26.116477,91.8179,assault,high
26.122745,91.817468,theft,medium
26.116884,91.817036,harassment,medium
26.118076,91.817735,assault,low
26.119558,91.820584,accident,medium
26.118056,91.813928,scam,medium
26.120963,91.817573,accident,low
26.118753,91.821685,scam,low
26.117208,91.819237,theft,medium
26.118146,91.817113,lost_person,low
26.121115,91.813057,theft,medium
26.118108,91.818195,assault,high
26.117755,91.819603,accident,low
26.118644,91.814971,theft,medium
26.121763,91.818158,harassment,medium
26.118637,91.819114,theft,medium
26.11837,91.820099,harassment,critical
26.11956,91.816712,scam,medium
26.117713,91.815113,lost_person,medium
26.113379,91.817751,assault,medium
26.117119,91.813414,harassment,low
26.118126,91.81725,scam,medium
26.121948,91.81885,scam,high
26.119214,91.811699,accident,medium
26.12209,91.818457,lost_person,medium
26.114649,91.823203,assault,high
26.118903,91.819238,lost_person,medium
26.119805,91.817913,lost_person,high
26.120508,91.815314,theft,medium
26.117039,91.818122,lost_person,high
26.119923,91.815621,accident,medium
26.115675,91.815368,harassment,low
26.115878,91.820148,theft,critical
26.122704,91.820126,assault,high
26.111895,91.81651,theft,medium
26.119463,91.820566,harassment,medium
26.114573,91.819491,assault,critical
26.117372,91.817509,harassment,medium
26.118554,91.814738,assault,medium
26.114893,91.818417,harassment,low
26.118622,91.817746,scam,low
26.119249,91.817794,assault,high
26.119828,91.819591,accident,medium
26.116941,91.819186,theft,medium
26.123104,91.819353,assault,low
26.121775,91.816594,scam,medium
26.116752,91.8172,harassment,low
26.119477,91.819365,scam,medium
26.116975,91.817788,assault,high
26.116384,91.81601,harassment,medium
26.118792,91.81635,accident,medium
26.12011,91.816982,accident,high
26.117231,91.815724,accident,high
26.121388,91.820111,assault,high
26.116237,91.818865,harassment,medium
26.115725,91.819201,lost_person,low
26.11518,91.821874,assault,medium
26.116311,91.818427,theft,low
26.120402,91.814644,accident,medium
26.1155,91.820766,lost_person,low
26.119322,91.82066,theft,medium
26.118737,91.818263,theft,medium
26.119464,91.814908,scam,medium
26.116829,91.820942,harassment,critical
26.117794,91.817296,scam,low
26.117391,91.814105,assault,medium
26.118701,91.815737,theft,medium
26.114522,91.816779,assault,medium
26.113134,91.812249,scam,medium
26.118548,91.817438,harassment,high
26.121363,91.819032,accident,medium
26.119726,91.819941,accident,low
26.119113,91.821936,harassment,medium
26.118173,91.820176,scam,low
26.117332,91.81593,accident,low
26.11841,91.813871,theft,medium
26.116889,91.819977,assault,medium
26.114464,91.820936,theft,high
26.116552,91.820107,assault,medium
26.118152,91.818248,theft,high
26.117142,91.81427,assault,low
26.1174,91.816257,scam,medium
26.117485,91.820119,theft,medium
26.117407,91.81684,theft,critical
26.11986,91.821087,scam,low
26.116551,91.818169,accident,low
26.116057,91.822024,harassment,medium
26.118154,91.818761,theft,high
26.120004,91.816377,accident,high
26.120941,91.82412,theft,medium
26.120781,91.815568,scam,low
26.118574,91.819921,assault,medium
26.11558,91.818083,harassment,low
26.120051,91.818347,assault,high
26.118293,91.819398,assault,medium
26.12072,91.816134,accident,low
26.116338,91.817369,lost_person,high
26.115026,91.814935,harassment,high
26.118492,91.817648,theft,medium
26.118975,91.820939,lost_person,medium
26.119635,91.817551,scam,medium
26.118861,91.818434,accident,critical
26.118059,91.816844,theft,low
26.119283,91.817009,lost_person,high
26.118275,91.81716,accident,medium
26.115831,91.819701,lost_person,medium
26.119599,91.818802,theft,low
26.119218,91.819203,harassment,high
26.119025,91.815891,assault,medium
26.121543,91.818818,harassment,medium
26.11857,91.819848,lost_person,medium
26.117884,91.817075,assault,medium
26.120015,91.818646,harassment,low
26.117387,91.81352,theft,low
26.11554,91.814306,assault,high
26.118951,91.820192,accident,high
26.120611,91.819953,lost_person,medium
26.118943,91.817119,scam,high
26.116855,91.81619,scam,high
26.121194,91.815135,scam,medium
26.12148,91.817745,theft,low
26.116559,91.815302,harassment,high
26.118438,91.816572,lost_person,medium
26.119188,91.820337,harassment,medium
26.121283,91.817014,scam,high
26.116143,91.816805,accident,critical
26.118451,91.820863,lost_person,medium
26.114087,91.81909,lost_person,low
26.1169,91.817065,accident,medium
26.11969,91.816032,accident,high
26.114262,91.817564,harassment,medium
26.116542,91.819493,harassment,critical
26.115895,91.817132,accident,medium
26.118137,91.821391,assault,medium
26.119761,91.818342,assault,high
26.117932,91.817187,accident,low
26.117559,91.81521,harassment,low
26.121777,91.820019,assault,medium
26.119201,91.813334,accident,low
26.118024,91.81772,theft,high
26.119891,91.815393,theft,medium
26.117307,91.815921,assault,medium
26.116937,91.815539,harassment,medium
26.117177,91.821887,scam,medium
26.113722,91.817728,lost_person,high
26.115159,91.820522,lost_person,low
26.118393,91.81978,scam,high
26.119135,91.819012,assault,medium
26.113379,91.813393,harassment,medium
26.117995,91.822119,lost_person,medium
26.117646,91.817138,theft,high
26.115231,91.81793,lost_person,critical
26.118385,91.82117,theft,medium
26.11989,91.816179,scam,high
26.117651,91.822143,harassment,critical
26.116534,91.816099,accident,high
26.11777,91.818063,harassment,low
26.119929,91.814469,theft,critical
26.114926,91.820177,harassment,high
26.114556,91.815723,harassment,low
26.120352,91.818723,theft,low
26.12265,91.817882,harassment,low
26.118677,91.819675,accident,medium
26.116621,91.816188,assault,low
26.118051,91.81836,scam,medium
26.120706,91.81764,accident,critical
26.117991,91.819883,lost_person,low
26.118863,91.821472,accident,medium
26.116715,91.817466,scam,medium
26.117104,91.818187,harassment,medium
26.118094,91.817767,scam,medium
26.119934,91.82321,assault,medium
26.121431,91.816957,accident,critical
26.117133,91.818885,assault,medium
26.117846,91.816854,scam,medium
26.11593,91.813484,assault,low
26.119734,91.8177,theft,medium
26.118027,91.819507,scam,low
26.115997,91.819519,accident,medium
26.114782,91.81969,scam,low
26.116397,91.816321,lost_person,medium
26.117426,91.818741,assault,low
26.120493,91.822921,theft,medium
26.122509,91.81448,accident,high
26.119736,91.81352,scam,low
26.119922,91.817232,harassment,high
26.117068,91.816366,accident,low
26.117559,91.820445,scam,medium
26.119043,91.818431,assault,medium
26.119823,91.81799,theft,critical
26.117905,91.814633,assault,high
26.11929,91.817012,lost_person,low
26.114882,91.81693,assault,medium
26.118273,91.818946,scam,high
26.118511,91.81787,harassment,high
26.120087,91.816196,assault,high
26.118097,91.817319,harassment,medium
26.118533,91.818373,assault,critical
26.11401,91.817394,scam,medium
26.121783,91.816059,scam,low
26.117896,91.81918,accident,medium
26.11339,91.817967,accident,critical
26.120736,91.814036,accident,medium
26.117767,91.817485,scam,critical
26.117459,91.817597,theft,low
26.118103,91.817467,accident,low
26.114741,91.8153,assault,high
26.118635,91.81813,lost_person,low
26.116534,91.816416,harassment,medium
26.118178,91.819069,theft,low
26.115424,91.820614,theft,low
26.115989,91.821553,theft,low
26.12126,91.818925,theft,medium
26.11565,91.821956,theft,medium
26.116144,91.819999,scam,medium
26.115416,91.814846,theft,medium
26.118037,91.820545,theft,low
26.117934,91.816698,assault,high
26.115479,91.820049,harassment,high
26.112078,91.818448,harassment,high
26.114829,91.817415,harassment,low
26.117388,91.82213,scam,critical
26.11507,91.818848,harassment,low
26.119048,91.814221,harassment,high
26.121812,91.820327,lost_person,medium
26.117999,91.816341,theft,medium
26.120457,91.813591,assault,medium
26.117405,91.819426,lost_person,medium
26.114086,91.821677,scam,medium
26.118129,91.816982,theft,high
26.115713,91.8185,assault,medium
26.118021,91.821469,accident,low
26.116692,91.817407,theft,medium
26.122065,91.819482,harassment,high
26.11494,91.814806,theft,low
26.116326,91.819544,harassment,medium
26.119296,91.818579,scam,medium
26.116822,91.818007,assault,high
26.113286,91.81656,theft,medium
26.122326,91.816515,theft,low
26.120839,91.816689,accident,low
26.116676,91.815475,theft,medium
26.116149,91.818627,accident,high
26.121568,91.820404,assault,low
26.12049,91.823984,harassment,high
26.117469,91.818049,theft,medium
26.115851,91.81866,assault,high
26.118053,91.820536,scam,medium
26.116084,91.818478,lost_person,low
26.120582,91.817966,lost_person,low
26.116254,91.820213,scam,low
26.114684,91.816181,accident,low
26.115492,91.821155,lost_person,high
26.120385,91.81805,lost_person,medium
26.116915,91.818981,scam,medium
26.122514,91.818431,assault,low
26.118238,91.819954,theft,medium
26.119612,91.822505,theft,medium
26.119043,91.818322,harassment,low
26.119761,91.817167,theft,low
26.117508,91.81884,assault,low
26.120381,91.816986,scam,low
26.118184,91.816305,assault,low
26.119728,91.81932,harassment,medium
26.119228,91.818066,harassment,medium
26.117024,91.820083,harassment,high
26.114018,91.819804,accident,low
26.115157,91.819397,accident,low
26.116417,91.812727,lost_person,medium
26.121725,91.818515,harassment,medium
26.117577,91.815174,theft,high
26.117406,91.817802,accident,low
26.117929,91.815023,theft,high
26.1185,91.818066,assault,low
26.116969,91.814271,lost_person,medium
26.120533,91.81834,lost_person,medium
26.114409,91.818591,harassment,low
26.11786,91.81905,scam,medium
26.114074,91.816327,scam,low
26.115494,91.818634,scam,low
26.118214,91.814808,accident,low
26.11719,91.819024,lost_person,medium
26.120415,91.820153,theft,medium
26.118951,91.816136,accident,low
26.115823,91.814199,assault,low
26.116495,91.820355,harassment,medium
26.117308,91.816686,scam,critical
26.117203,91.819904,assault,medium
26.112676,91.816745,scam,high
26.115176,91.817931,assault,critical
26.120706,91.821777,scam,low
26.119824,91.817543,scam,medium
26.120418,91.818649,lost_person,medium
26.119069,91.816636,scam,high
26.121307,91.820942,assault,high
26.114765,91.818619,assault,medium
26.121255,91.818098,lost_person,critical
26.11996,91.818143,assault,medium
26.115096,91.819476,accident,medium
26.118759,91.81604,harassment,low
26.118006,91.819602,scam,medium
26.117383,91.818572,lost_person,medium
26.116623,91.81954,theft,medium
26.118929,91.818031,harassment,medium
26.117438,91.816949,harassment,medium
26.122358,91.814798,scam,medium
26.117128,91.817934,accident,medium
26.121367,91.81942,lost_person,critical
26.115371,91.816688,assault,low
26.118463,91.815352,assault,critical
26.116136,91.81823,theft,low
26.115533,91.818349,lost_person,critical
26.116432,91.814912,theft,low
26.1197,91.81766,scam,critical
26.119093,91.818742,theft,high
26.118557,91.81696,theft,low
26.113469,91.816951,assault,low
26.119129,91.819589,harassment,low
26.120763,91.817343,scam,low
26.114432,91.820645,assault,medium
26.120091,91.81853,accident,medium
26.116471,91.818843,scam,medium
26.118665,91.821596,assault,low
26.117701,91.815588,harassment,medium
26.113157,91.81761,accident,high
26.118135,91.816348,scam,low
26.121243,91.814844,assault,low
26.119963,91.819137,scam,medium
26.118761,91.8196,accident,medium
26.117028,91.821912,theft,high
26.121623,91.817823,theft,medium
26.118947,91.818322,scam,high
26.117489,91.819309,scam,low
26.117098,91.818132,theft,medium
26.115394,91.816916,theft,medium
26.120672,91.817,lost_person,low
26.118951,91.817262,harassment,medium
26.114607,91.817804,scam,medium
26.11781,91.815181,scam,high
26.116606,91.81452,assault,medium
26.116688,91.817201,theft,high
26.116005,91.822182,scam,low
26.117592,91.823111,accident,high
26.119217,91.818944,assault,medium
26.1216,91.818697,lost_person,low
26.118955,91.817799,assault,high
26.117683,91.818304,theft,medium
26.115985,91.816863,theft,medium
26.118548,91.815483,harassment,medium
26.117172,91.817156,theft,low
26.114114,91.820701,accident,medium
26.116006,91.817059,accident,high
26.115854,91.816629,assault,low
26.115614,91.820537,theft,medium
26.11681,91.815233,accident,medium
26.117478,91.821874,assault,medium
26.117801,91.818718,harassment,critical
26.12064,91.815957,accident,medium
26.118719,91.815455,lost_person,low
26.121466,91.817552,scam,high
26.117838,91.819091,scam,low
26.12165,91.820217,assault,medium
26.110879,91.814171,scam,medium
26.119171,91.819746,scam,low
26.118602,91.816768,theft,high
26.117186,91.822226,scam,medium
26.116636,91.817342,harassment,low
26.117691,91.818693,lost_person,medium
26.119837,91.820135,accident,high
26.123474,91.816678,harassment,medium
26.119478,91.81972,harassment,low
26.118962,91.821828,theft,medium
26.115572,91.818063,lost_person,high
26.117205,91.817217,assault,high
26.12021,91.82005,lost_person,critical
26.118817,91.813188,theft,high
26.119927,91.818733,scam,medium
26.119877,91.814675,accident,low
26.116875,91.812845,scam,high
26.11723,91.817871,harassment,medium
26.117858,91.817472,lost_person,low
26.117331,91.815406,harassment,low
26.119624,91.820879,theft,low
26.117138,91.816293,lost_person,medium
26.11895,91.817402,scam,low
26.117984,91.816296,harassment,low
26.115238,91.817981,assault,critical
26.114379,91.815747,lost_person,low
26.119492,91.813712,accident,low
26.12143,91.820729,accident,medium
26.118643,91.820846,accident,high
26.119294,91.814474,theft,high
26.120091,91.818509,assault,medium
26.117049,91.818847,harassment,medium
26.12024,91.817919,theft,critical
26.115356,91.816999,scam,low
26.123746,91.817545,scam,medium
26.118794,91.817746,lost_person,medium
26.115466,91.817264,theft,high
26.120016,91.819066,accident,high
26.11605,91.818228,theft,medium
26.116624,91.818339,assault,medium
26.117566,91.818738,assault,high
26.119563,91.818439,accident,medium
26.1213,91.819398,assault,medium
26.116572,91.814294,scam,low
26.119275,91.816555,harassment,high
26.113865,91.816957,assault,critical
26.119376,91.817147,harassment,medium
26.116504,91.814901,assault,critical
26.1171,91.820096,accident,critical
26.116758,91.819373,lost_person,low
26.115109,91.817326,lost_person,critical
26.117742,91.817739,lost_person,low
26.116871,91.815289,lost_person,medium
26.121468,91.819949,scam,medium
26.116871,91.825295,theft,medium
26.121068,91.814726,harassment,low
26.11809,91.814681,assault,medium
26.118773,91.821395,scam,critical
26.117778,91.816906,lost_person,high
26.115176,91.816936,harassment,high
26.116287,91.817215,assault,medium
26.11534,91.811335,theft,critical
26.117374,91.819337,lost_person,medium
26.115201,91.815912,theft,low
26.116935,91.816587,scam,medium
26.119993,91.814934,harassment,high
26.117957,91.820893,lost_person,critical
26.116975,91.81986,accident,high
26.12247,91.816865,accident,high
26.122289,91.817146,theft,medium
26.116931,91.814626,assault,high
26.121773,91.817972,assault,medium
26.121444,91.815392,assault,medium
26.118758,91.817711,theft,medium
26.114995,91.814938,lost_person,medium
26.123016,91.817481,scam,medium
26.120891,91.818753,assault,medium
26.122867,91.819446,lost_person,low
26.115556,91.819944,scam,high
26.117871,91.817164,assault,medium
26.120652,91.816419,harassment,medium
26.116178,91.818461,assault,low
26.116766,91.813349,assault,low
26.120888,91.818658,assault,critical
26.114925,91.815484,accident,low
26.117248,91.817873,assault,critical
26.121288,91.820607,assault,critical
26.116931,91.819121,accident,low
26.120565,91.817365,theft,low
26.123292,91.818548,scam,high
26.122191,91.818816,scam,high
26.11429,91.814616,scam,high
26.116591,91.815981,accident,high
26.117419,91.821331,harassment,low
26.116975,91.816515,scam,low
26.116683,91.82225,assault,medium
26.120934,91.81757,harassment,critical
26.117968,91.817626,theft,medium
26.114605,91.818332,theft,high
26.119788,91.822953,accident,low
26.115834,91.817758,harassment,medium
26.113669,91.818569,lost_person,low
26.121483,91.819087,theft,medium
26.120377,91.820874,theft,medium
26.120295,91.819435,assault,medium
26.117464,91.813701,scam,high
26.116056,91.82012,assault,medium
26.118752,91.816808,scam,medium
26.115865,91.819809,theft,low
26.115301,91.819721,assault,low
26.118294,91.818676,assault,high
26.119788,91.81992,lost_person,low
26.120723,91.818167,accident,critical
26.121987,91.818135,theft,medium
26.113258,91.813101,assault,medium
26.120955,91.816975,theft,low
26.115031,91.817501,accident,medium
26.117712,91.817096,assault,low
26.117415,91.815411,theft,medium
26.119923,91.815319,harassment,high
26.115641,91.818347,lost_person,low
26.119009,91.819976,theft,low
26.117045,91.820675,harassment,medium
26.118333,91.818768,harassment,low
26.120256,91.816765,scam,medium
26.120202,91.818472,lost_person,critical
26.119006,91.820066,lost_person,low
26.116541,91.817844,assault,medium
26.11494,91.815819,theft,medium
26.116048,91.821449,theft,medium
26.120025,91.816482,accident,medium
26.119814,91.81603,harassment,high
26.114686,91.818995,accident,medium
26.116189,91.818519,harassment,medium
26.123599,91.814895,scam,high
26.119737,91.81867,harassment,high
26.117904,91.815673,scam,medium
26.120087,91.817493,accident,low
26.119061,91.819466,lost_person,low
26.117698,91.815479,accident,low
26.112058,91.817361,assault,low
26.118258,91.815731,harassment,medium
26.116835,91.821006,theft,low
26.117879,91.816681,theft,low
26.120415,91.816241,lost_person,low
26.11813,91.820572,assault,critical
26.115883,91.815509,assault,medium
26.120156,91.819276,assault,high
26.118182,91.814908,assault,medium
26.115202,91.82054,harassment,critical
26.11746,91.815739,accident,high
26.117947,91.814337,scam,low
26.114182,91.820522,lost_person,critical
26.118555,91.812978,assault,medium
26.120168,91.819207,harassment,low
26.116134,91.820173,theft,medium
26.118624,91.816764,harassment,critical
26.119099,91.817054,assault,low
26.113663,91.818415,lost_person,low
26.116765,91.816785,accident,low
26.118469,91.821649,scam,low
26.113055,91.819748,lost_person,high
26.117573,91.817971,lost_person,low
26.115951,91.815368,lost_person,high
26.116987,91.820809,scam,low
26.118242,91.818346,assault,high
26.116281,91.81624,harassment,high
26.122486,91.816417,assault,high
26.119063,91.818702,accident,medium
26.117343,91.81937,assault,medium
26.120808,91.816473,theft,low
26.11887,91.820098,scam,medium
26.116912,91.818657,scam,medium
26.119678,91.818523,theft,high
26.116726,91.819109,harassment,medium
26.120915,91.820017,scam,medium
26.118124,91.817658,accident,medium
26.120936,91.818675,harassment,low
26.118504,91.815915,assault,low
26.118543,91.8167,harassment,low
26.114286,91.817015,harassment,low
26.118197,91.81806,harassment,medium
26.118512,91.818382,accident,medium
26.113734,91.818049,accident,medium
26.119757,91.820095,accident,critical
26.114598,91.817985,lost_person,medium
26.118241,91.822404,assault,medium
26.121714,91.814161,accident,medium
26.116479,91.81924,theft,medium
26.116632,91.819305,theft,high
26.116683,91.817601,accident,low
26.117184,91.818605,harassment,high
26.11717,91.820077,theft,low
26.118968,91.81557,assault,low
26.117269,91.817407,theft,critical
26.116511,91.817268,assault,critical
26.115004,91.818408,assault,medium
26.11908,91.819356,lost_person,high
26.11739,91.818261,harassment,medium
26.119266,91.820107,scam,low
26.118724,91.816839,lost_person,low
26.116422,91.818355,theft,low
26.11924,91.818287,theft,low
26.116542,91.818707,accident,medium
26.114906,91.816665,harassment,high
26.118774,91.81745,scam,medium
26.11754,91.822497,scam,low
26.118358,91.816546,assault,low
26.11962,91.816229,lost_person,medium
26.119048,91.814906,harassment,medium
26.120982,91.81764,assault,critical
26.117957,91.823408,harassment,low
26.118231,91.821328,accident,high
26.117507,91.817728,accident,low
26.119328,91.820446,scam,critical
26.118922,91.818148,theft,high
26.116539,91.820297,theft,medium
26.121566,91.820431,scam,high
26.120063,91.81705,assault,low
26.121154,91.814681,scam,low
26.11984,91.816417,accident,critical
26.11602,91.817287,theft,low
26.118417,91.818043,lost_person,medium
26.116018,91.820368,lost_person,low
26.117349,91.817236,scam,high
26.119868,91.81796,accident,medium
26.119488,91.817638,lost_person,medium
26.117928,91.821428,accident,medium
26.117222,91.818518,harassment,high
26.119116,91.818814,accident,medium
26.11893,91.817612,assault,medium
26.116113,91.819458,accident,medium
26.119231,91.82196,accident,medium
26.116791,91.81809,theft,low
26.115254,91.820048,theft,high
26.11823,91.82336,theft,critical
26.119547,91.8201,scam,medium
26.120453,91.817437,scam,medium
26.124194,91.815362,assault,high
26.11811,91.819654,accident,medium
26.117693,91.819536,assault,low
26.115943,91.817155,accident,medium
26.120099,91.821554,lost_person,high
26.117307,91.817233,accident,low
26.122184,91.817986,harassment,medium
26.114547,91.81792,accident,critical
26.117134,91.816408,accident,medium
26.118678,91.814937,lost_person,medium
26.116483,91.820356,scam,medium
26.123235,91.818966,accident,medium
26.116594,91.819964,scam,low
26.116611,91.815572,accident,high
26.117493,91.821762,scam,high
26.123839,91.819229,accident,medium
26.121683,91.820388,harassment,medium
26.119504,91.815413,assault,medium
26.11488,91.813756,lost_person,medium
26.117966,91.81608,theft,low
26.113441,91.812924,theft,low
26.11787,91.819103,accident,low
26.119593,91.815114,scam,low
26.118696,91.817461,harassment,low
26.118921,91.820483,harassment,medium
26.118028,91.815943,accident,critical
26.119624,91.815965,scam,low
26.118287,91.815901,accident,low
26.118145,91.817845,theft,high
26.119474,91.819054,lost_person,critical
26.118934,91.820623,accident,low
26.115684,91.818675,theft,low
26.121089,91.818211,scam,medium
26.120649,91.81851,theft,medium
26.116506,91.820187,harassment,low
26.112744,91.814492,lost_person,low
26.12027,91.819194,accident,low
26.120978,91.814758,accident,medium
26.117125,91.817965,lost_person,medium
26.11959,91.819015,theft,medium
26.121952,91.818687,accident,low
26.11916,91.819366,accident,medium
26.116252,91.819491,lost_person,medium
26.116037,91.817568,harassment,medium
26.121595,91.818136,harassment,medium
26.120504,91.820028,scam,medium
26.113879,91.816397,assault,high
26.119438,91.815391,accident,medium
26.116882,91.820948,assault,medium
26.11814,91.819566,harassment,medium
26.119074,91.817147,lost_person,medium
26.11544,91.817078,assault,medium
26.117184,91.818368,accident,low
26.118476,91.818551,theft,medium
26.117089,91.819046,assault,medium
26.11727,91.819521,harassment,low
26.119097,91.817624,theft,medium
26.119411,91.82076,lost_person,medium
26.120737,91.818751,lost_person,critical
26.118496,91.814749,accident,medium
26.116888,91.816441,harassment,medium
26.119707,91.821274,theft,medium
26.117862,91.818192,assault,low
26.117979,91.822012,accident,high
26.12321,91.816915,assault,medium
26.116629,91.818084,theft,low
26.117278,91.816068,accident,low
26.12087,91.819758,accident,medium
26.116167,91.820452,scam,medium
26.119618,91.818056,assault,medium
26.120655,91.816775,assault,medium
26.115871,91.815917,lost_person,medium
26.116355,91.822441,harassment,high
26.117661,91.822317,theft,low
26.117498,91.820243,accident,critical
26.1209,91.818233,theft,low
26.116391,91.816652,harassment,low
26.118983,91.818097,scam,high
26.120308,91.817137,accident,low
26.118373,91.820087,theft,medium
26.121674,91.820755,scam,medium
26.116019,91.816499,theft,high
26.118889,91.818505,lost_person,low
26.115427,91.81532,theft,high
26.121008,91.81777,assault,medium
26.11794,91.816205,harassment,critical
26.113057,91.816644,harassment,critical
26.119115,91.819173,assault,high
26.11973,91.822744,harassment,low
26.119272,91.818833,scam,medium
26.11696,91.819769,assault,medium
26.119543,91.815497,harassment,critical
26.117063,91.813653,scam,low
26.117091,91.815927,theft,medium
26.117746,91.812816,assault,medium
26.120384,91.820254,harassment,low
26.114116,91.81567,accident,low
26.116605,91.820412,harassment,high
26.114681,91.816167,scam,low
26.11774,91.81744,lost_person,medium
26.117457,91.818658,scam,medium
26.120408,91.818394,assault,low
26.119395,91.812728,assault,low
26.118653,91.817812,accident,low
26.117547,91.819277,assault,medium
26.117427,91.820179,scam,low
26.120364,91.819058,scam,high
26.118643,91.81576,accident,low
26.119662,91.817404,lost_person,low
26.12373,91.819079,scam,high
26.119071,91.820713,assault,medium
26.116511,91.81779,scam,low
26.113209,91.819622,accident,high
26.116849,91.816259,scam,critical
26.116325,91.815969,theft,medium
26.119684,91.815129,lost_person,medium
26.11724,91.820184,theft,critical
26.121361,91.813452,theft,low
26.118017,91.8164,lost_person,medium
26.117538,91.814281,harassment,medium
26.122342,91.81729,scam,low
26.116495,91.815959,scam,high
26.116541,91.81916,harassment,medium
26.115477,91.814291,scam,medium
26.120656,91.81673,accident,high
26.121141,91.819315,theft,low
26.116626,91.818671,harassment,low
26.116903,91.816593,lost_person,medium
26.116752,91.821722,lost_person,medium
26.11242,91.812559,assault,low
26.116871,91.82127,scam,medium
26.114777,91.819441,accident,low
26.115692,91.816926,accident,high
26.118225,91.820875,accident,medium
26.119537,91.816354,scam,low
26.121923,91.821388,harassment,medium
26.114758,91.818654,assault,critical
26.117087,91.818978,theft,low
26.11857,91.813694,assault,low
26.119425,91.813982,theft,high
26.118938,91.821002,theft,low
26.11774,91.817576,scam,critical
26.123443,91.816882,scam,medium
26.114153,91.81966,harassment,medium
26.116131,91.819283,harassment,high
26.119734,91.821974,lost_person,medium
26.119668,91.816513,theft,medium
26.113029,91.814838,harassment,critical
26.11458,91.816492,assault,high
26.115622,91.820988,lost_person,low
26.116455,91.817461,scam,medium
26.115378,91.817426,lost_person,medium
26.118149,91.816817,scam,medium
26.114713,91.818231,accident,high
26.117784,91.819172,harassment,medium
26.117316,91.816027,accident,medium
26.119703,91.820614,assault,low
26.117802,91.818278,theft,critical
26.123219,91.8174,assault,high
26.116968,91.818495,assault,medium
26.116581,91.81887,theft,high
26.117011,91.815845,scam,low
26.117669,91.814936,theft,medium
26.118302,91.816633,lost_person,medium
26.117518,91.815321,assault,low
26.120133,91.814802,theft,low
26.116881,91.819317,lost_person,low
26.116807,91.819194,theft,low
26.119268,91.819688,scam,high
26.121793,91.821398,theft,medium
26.11655,91.818617,accident,low
26.119694,91.817002,theft,critical
26.119421,91.818121,assault,critical
26.116688,91.819686,harassment,high
26.120943,91.817616,accident,low
26.114557,91.818018,lost_person,medium
26.121549,91.817227,assault,low
26.116167,91.822526,accident,critical
26.117736,91.815847,theft,medium
26.119724,91.817272,scam,medium
26.11741,91.819324,assault,high
26.118555,91.818926,accident,high
26.117573,91.81799,theft,medium
26.120187,91.820339,harassment,low
26.116469,91.82102,accident,low
26.120984,91.818508,assault,medium
26.11588,91.819307,assault,high
26.118159,91.81537,theft,medium
26.122436,91.815893,accident,low
26.121365,91.81767,scam,high
26.115491,91.819963,accident,low
26.116477,91.817435,theft,high
26.121037,91.821068,scam,low
26.114666,91.814384,assault,medium
26.118849,91.816315,scam,medium
26.119294,91.81713,theft,medium
26.117278,91.814794,assault,high
26.115013,91.817054,accident,high
26.11825,91.820819,theft,high
26.116361,91.819931,scam,medium
26.114194,91.818926,lost_person,high
26.116229,91.821496,lost_person,high
26.116297,91.818278,lost_person,high
26.11557,91.818848,scam,critical
26.120133,91.819434,harassment,medium
26.120223,91.820737,theft,low
26.119725,91.81662,lost_person,high
26.11593,91.818088,theft,medium
26.114671,91.815208,harassment,high
26.115803,91.819283,lost_person,critical
26.11848,91.817597,assault,medium
26.120996,91.819664,lost_person,medium
26.114339,91.819881,lost_person,medium
26.115764,91.8186,assault,critical
26.119472,91.816221,accident,medium
26.11635,91.818096,assault,low
26.12007,91.820266,scam,medium
26.114376,91.82381,accident,medium
26.117495,91.818914,scam,medium
26.120239,91.815032,harassment,low
26.116806,91.816181,harassment,medium
26.119937,91.817134,assault,low
26.119983,91.815855,theft,low
26.112566,91.815896,lost_person,medium
26.117264,91.817476,assault,high
26.119362,91.820555,harassment,medium
26.121157,91.819227,assault,medium
26.117662,91.820515,lost_person,low
26.119019,91.817497,theft,high
26.118253,91.821119,accident,high
26.116075,91.819766,scam,medium
26.119618,91.818045,accident,low
26.117303,91.819226,assault,high
26.11989,91.818741,harassment,critical
26.117128,91.817379,assault,medium
26.119578,91.816742,assault,medium
26.118106,91.81727,assault,low
26.116113,91.817493,lost_person,medium
26.117019,91.817725,accident,high
26.116552,91.822643,harassment,low
26.119721,91.820076,lost_person,medium
26.114746,91.816669,accident,critical
26.116996,91.819915,accident,low
26.114864,91.816658,harassment,low
26.120401,91.818883,lost_person,medium
26.113368,91.819833,harassment,medium
26.119787,91.811672,harassment,low
26.119155,91.816358,lost_person,high
26.11783,91.816075,theft,high
26.119916,91.819738,accident,low
26.116476,91.81947,assault,critical
26.114049,91.817024,accident,medium
26.11786,91.816279,scam,medium
26.120391,91.816561,accident,critical
26.112891,91.820521,theft,medium
26.120687,91.818861,theft,low
26.116034,91.82189,harassment,low
26.11897,91.818637,accident,low
26.115663,91.818268,harassment,critical
26.116813,91.817557,accident,medium
26.120234,91.82038,lost_person,medium
26.11508,91.813728,assault,low
26.115007,91.819684,harassment,low
26.119072,91.815207,scam,critical
26.116785,91.817872,harassment,low
26.115624,91.819604,theft,high
26.113275,91.821484,theft,medium
26.113558,91.816212,scam,low
26.117896,91.819634,accident,low
26.120004,91.819885,scam,high
26.123346,91.815465,theft,medium
26.114967,91.818975,assault,medium
26.115586,91.820098,accident,medium
26.119513,91.814119,assault,low
26.121038,91.81851,harassment,critical
26.12052,91.816621,accident,medium
26.118048,91.819005,theft,low
26.118537,91.816649,accident,medium
26.118763,91.818118,assault,high
26.118661,91.813355,theft,low
26.116333,91.81713,lost_person,low
26.119517,91.813903,scam,medium
26.113787,91.816131,accident,low
26.115608,91.821026,harassment,critical
26.116576,91.815915,theft,medium
26.117303,91.816759,accident,low
26.119267,91.819312,assault,low
26.118676,91.817636,lost_person,high
26.118871,91.816251,assault,medium
26.121659,91.816507,accident,medium
26.11559,91.812181,harassment,critical
26.11774,91.818072,scam,medium
26.118607,91.816353,harassment,high
26.12211,91.818309,scam,critical
26.118313,91.818821,accident,low
26.118029,91.820367,assault,critical
26.115971,91.818376,theft,low
26.116914,91.818992,harassment,medium
26.121064,91.816567,harassment,low
26.118745,91.817838,theft,medium
26.119534,91.819028,scam,low
26.11692,91.819817,theft,medium
26.118229,91.82102,accident,low
26.116941,91.815728,scam,critical
26.1143,91.81917,accident,low
26.118769,91.81957,accident,low
26.117383,91.822417,harassment,medium
26.118807,91.81828,assault,medium
26.11651,91.819985,scam,medium
26.121969,91.818351,accident,low
26.119139,91.819841,assault,medium
26.118917,91.817439,theft,critical
26.115536,91.817912,theft,low
26.120246,91.81306,assault,low
26.117898,91.815873,theft,low
26.118548,91.822396,harassment,critical
26.116157,91.818921,lost_person,critical
26.119512,91.819315,harassment,low
26.120785,91.81914,lost_person,high
26.121011,91.818896,assault,high
26.119496,91.817086,theft,low
26.121043,91.821308,accident,high
26.11571,91.814925,theft,low
26.117778,91.819269,scam,critical
26.116956,91.818509,scam,low
26.116072,91.821347,harassment,low
26.115197,91.819284,accident,medium
26.114019,91.820596,scam,high
26.116316,91.816478,accident,medium
26.118943,91.816938,harassment,critical
26.121604,91.817153,harassment,medium
26.115125,91.819681,lost_person,high
26.117281,91.82254,scam,low
26.11423,91.818643,scam,medium
26.116423,91.818504,lost_person,medium
26.119831,91.819921,theft,medium
26.114052,91.819195,harassment,low
26.115621,91.818892,lost_person,low
26.115104,91.816927,lost_person,medium
26.119854,91.813675,scam,high
26.117011,91.816346,assault,medium
26.122177,91.817277,theft,medium
26.120612,91.817416,theft,medium
26.115985,91.81539,harassment,high
26.118996,91.820423,assault,medium
26.117635,91.817163,assault,low
26.117369,91.815879,harassment,medium
26.118202,91.81877,accident,medium
26.118342,91.81592,assault,low
26.119688,91.817233,scam,high
26.123106,91.817718,theft,low
26.117468,91.817165,theft,low
26.119971,91.820818,harassment,low
26.116882,91.816033,assault,critical
26.119294,91.816976,harassment,high
26.117369,91.818499,scam,high
26.112714,91.815135,theft,medium
26.117732,91.818199,scam,high
26.116019,91.820804,scam,low
26.116589,91.816215,lost_person,low
26.119985,91.816961,lost_person,low
26.117923,91.815915,harassment,medium
26.11535,91.816199,accident,high
26.115808,91.818577,harassment,medium
26.1177,91.820817,harassment,low
26.113759,91.816303,scam,low
26.11455,91.81806,lost_person,low
26.117495,91.81696,theft,medium
26.114792,91.819616,theft,low
26.11942,91.819261,theft,medium
26.121735,91.818579,lost_person,high
26.118803,91.818046,assault,high
26.120031,91.819352,lost_person,medium
26.120361,91.818625,harassment,low
26.12226,91.816693,assault,high
26.117501,91.815231,lost_person,medium
26.121857,91.821024,lost_person,high
26.121738,91.814709,accident,medium
26.11811,91.815813,theft,medium
26.117066,91.818444,harassment,high
26.115634,91.81595,theft,low
26.117687,91.817293,accident,critical
26.120424,91.821439,harassment,high
26.118718,91.818906,harassment,critical
26.119015,91.820987,harassment,high
26.119248,91.816679,theft,low
26.120622,91.820035,harassment,medium
26.116292,91.818232,scam,medium
26.11421,91.816907,theft,high
26.120668,91.813685,assault,medium
26.119828,91.818487,assault,medium
26.11732,91.817821,lost_person,medium
26.121604,91.822462,lost_person,medium
26.120167,91.820869,assault,low
26.116669,91.819335,lost_person,medium
26.116613,91.821774,assault,medium
26.117463,91.819116,theft,critical
26.1193,91.816184,theft,low
26.119391,91.817494,scam,low
26.118681,91.817589,harassment,low
26.119903,91.820477,accident,low
26.116893,91.818809,theft,medium
26.117889,91.817769,scam,critical
26.119784,91.817412,lost_person,medium
26.115502,91.818008,accident,medium
26.114917,91.815852,lost_person,high
26.117619,91.818745,assault,low
26.11637,91.81537,theft,medium
26.120511,91.819309,scam,low
26.122414,91.815189,lost_person,high
26.116358,91.820546,accident,critical
26.117153,91.815568,lost_person,low
26.114194,91.823568,harassment,low
26.11898,91.823947,accident,medium
26.117353,91.814645,accident,high
26.114902,91.818937,assault,low
26.111493,91.814419,accident,high
26.119673,91.818113,theft,critical
26.116236,91.820068,accident,low
26.115895,91.81732,harassment,high
26.119447,91.818934,assault,critical
26.12185,91.819549,lost_person,medium
26.117771,91.818538,harassment,medium
26.117967,91.819706,accident,medium
26.113535,91.816868,assault,medium
26.116141,91.815874,accident,low
26.117818,91.81939,lost_person,medium
26.115013,91.818908,lost_person,low
26.119114,91.814935,accident,high
26.117993,91.816364,theft,medium
26.120681,91.816891,accident,medium
26.120284,91.81627,harassment,low
26.116802,91.816585,assault,critical
26.117771,91.820876,accident,low
26.11768,91.819352,accident,medium
26.119172,91.817859,theft,medium
26.117151,91.819223,accident,high
26.114361,91.821415,scam,high
26.117811,91.817213,scam,medium
26.116549,91.822277,accident,medium
26.117586,91.81587,harassment,medium
26.121654,91.814924,lost_person,medium
26.118022,91.820224,accident,medium
26.115086,91.817988,assault,medium
26.118399,91.819137,theft,high
26.110987,91.817324,harassment,medium
26.117544,91.817707,scam,low
26.116655,91.820894,assault,low
26.120917,91.813504,accident,low
26.120058,91.815215,assault,high
26.118302,91.818302,accident,low
26.114742,91.818925,accident,high
26.116613,91.815711,scam,low
26.11917,91.817433,scam,critical
26.116211,91.819601,lost_person,high
26.121496,91.815832,accident,medium
26.120339,91.817895,theft,medium
26.118871,91.814698,lost_person,medium
26.115027,91.81994,accident,high
26.119535,91.817998,scam,critical
26.120509,91.815184,accident,medium
26.118582,91.813654,scam,low
26.11833,91.821035,scam,high
26.115996,91.816756,assault,medium
26.118272,91.820089,theft,critical
26.118411,91.818505,scam,low
26.118861,91.813742,scam,medium
26.120134,91.822516,harassment,high
26.11709,91.820513,lost_person,low
26.118128,91.817564,lost_person,low
26.114825,91.817999,harassment,medium
26.111511,91.81598,theft,low
26.115553,91.816862,lost_person,critical
26.122024,91.817403,lost_person,low
26.1177,91.820159,theft,medium
26.116931,91.816832,assault,low
26.112596,91.819883,theft,high
26.118784,91.816031,accident,medium
26.119615,91.812769,assault,medium
26.11976,91.816356,harassment,low
26.119329,91.818229,accident,high
26.119123,91.820055,accident,low
26.116288,91.822721,scam,medium
26.12353,91.820651,harassment,medium
26.122258,91.822136,theft,medium
26.118869,91.818071,harassment,medium
26.115309,91.817382,theft,medium
26.117527,91.813671,assault,high
26.115464,91.817197,lost_person,medium
26.116137,91.818004,harassment,high
26.118757,91.815751,assault,critical
26.118023,91.818855,accident,low
26.116547,91.818965,scam,high
26.117889,91.817349,scam,high
26.120542,91.822908,accident,low
26.118849,91.815972,lost_person,low
26.117294,91.816531,assault,medium
26.118511,91.813907,assault,low
26.120583,91.819095,accident,medium
26.11874,91.819722,assault,critical
26.120023,91.815702,lost_person,low
26.117503,91.820934,assault,medium
26.120982,91.816391,harassment,medium
26.119684,91.816645,accident,low
26.1178,91.815077,accident,high
26.119408,91.821867,accident,medium
26.117583,91.818655,scam,low
26.115816,91.819306,lost_person,low
26.118126,91.814153,harassment,medium
26.114945,91.817643,theft,high
26.117579,91.818601,lost_person,medium
26.117068,91.818561,lost_person,high
26.118516,91.817054,lost_person,high
26.116541,91.81964,lost_person,medium
26.117619,91.818131,assault,low
26.118702,91.815197,lost_person,low
26.120163,91.822153,lost_person,medium
26.120921,91.816328,lost_person,low
26.121692,91.81794,lost_person,medium
26.11685,91.818216,assault,low
26.120448,91.817505,assault,high
26.11453,91.817867,scam,high
26.119227,91.818628,scam,medium
26.117464,91.820513,theft,low
26.117866,91.817048,assault,high
26.11899,91.81845,harassment,high
26.11999,91.821675,theft,high
26.117591,91.818503,harassment,critical
26.115226,91.817945,accident,medium
26.120057,91.818308,assault,medium
26.119264,91.817872,assault,medium
26.120652,91.819593,lost_person,medium
26.121731,91.816972,scam,low
26.119369,91.820194,accident,medium
26.115857,91.815668,scam,high
26.118679,91.815219,lost_person,medium
26.112413,91.818529,scam,low
26.121632,91.820805,lost_person,low
26.119443,91.819551,harassment,low
26.117508,91.820284,assault,medium
26.124115,91.819561,lost_person,medium
26.119177,91.81893,lost_person,high
26.114724,91.816964,assault,critical
26.117337,91.820592,scam,medium
26.118105,91.819659,harassment,low
26.119123,91.821713,scam,medium
26.116957,91.817876,scam,medium
26.118543,91.816944,scam,medium
26.119732,91.818834,theft,high
26.117719,91.820049,scam,medium
26.116871,91.81594,accident,low
26.121134,91.821271,accident,medium
26.114823,91.820526,harassment,low
26.119154,91.823261,harassment,high
26.116564,91.816233,lost_person,medium
26.11964,91.819064,lost_person,critical
26.120611,91.814931,harassment,high
26.120037,91.819968,assault,high
26.120735,91.816881,scam,medium
26.11845,91.818246,lost_person,critical
26.116205,91.816326,scam,medium
26.123419,91.816549,accident,low
26.120904,91.816365,harassment,high
26.115315,91.819407,lost_person,medium
26.118137,91.822872,scam,medium
26.116271,91.817657,lost_person,low
26.119215,91.815228,lost_person,medium
26.117691,91.815953,accident,low
26.117039,91.815979,scam,low
26.117897,91.818105,lost_person,high
26.118531,91.816875,assault,medium
26.121257,91.816599,assault,medium
26.11719,91.814711,theft,medium
26.120578,91.819804,accident,critical
26.114705,91.819641,theft,high
26.11785,91.819531,theft,high
26.11807,91.816644,assault,low
26.120315,91.81843,assault,high
26.119175,91.817984,assault,critical
26.116529,91.819926,harassment,medium
26.11183,91.818627,accident,high
26.115609,91.817423,theft,medium
26.11816,91.817057,accident,high
26.118495,91.819395,scam,medium
26.118874,91.817289,harassment,medium
26.115575,91.818586,harassment,medium
26.115847,91.819093,lost_person,high
26.118134,91.814921,harassment,medium
26.113221,91.814979,harassment,critical
26.115092,91.820726,harassment,medium
26.11688,91.815882,assault,medium
26.115476,91.818356,harassment,low
26.116907,91.819746,assault,medium
26.123821,91.821346,scam,medium
26.119189,91.81716,assault,high
26.122008,91.818074,lost_person,high
26.118402,91.820499,scam,medium
26.121654,91.816494,scam,high
26.116823,91.818516,theft,critical
26.120591,91.815994,harassment,high
26.119986,91.817177,assault,medium
26.114535,91.818629,accident,high
26.118539,91.81957,accident,low
26.117869,91.817552,accident,high
26.117974,91.81621,harassment,high
26.116488,91.815407,lost_person,low
26.115989,91.820451,accident,medium
26.117678,91.823966,harassment,high
26.119794,91.817306,assault,low
26.118141,91.820946,lost_person,medium
26.117059,91.819001,lost_person,critical
26.118067,91.818079,scam,medium
26.117657,91.817689,theft,medium
26.121447,91.817179,assault,medium
26.116177,91.817475,assault,medium
26.118212,91.816909,assault,high
26.113887,91.814267,accident,critical
26.120521,91.817678,assault,critical
26.117852,91.816017,harassment,medium
26.121313,91.816258,scam,medium
26.116984,91.815721,accident,low
26.1175,91.816188,assault,medium
26.120451,91.81686,lost_person,low
26.120794,91.819736,accident,low
26.116215,91.817269,harassment,low
26.121631,91.818206,harassment,high
26.117983,91.816874,theft,medium
26.12069,91.814106,assault,medium
26.123385,91.815956,assault,medium
26.119388,91.815138,harassment,critical
26.119632,91.820451,scam,high
26.120301,91.815829,theft,critical
26.122061,91.81585,lost_person,medium
26.119903,91.818412,scam,medium
26.117213,91.817806,assault,medium
26.11935,91.816084,lost_person,low
26.115348,91.814178,lost_person,medium
26.120886,91.817782,scam,high
26.119507,91.815155,assault,medium
26.117847,91.81579,scam,low
26.120118,91.815036,lost_person,medium
26.116352,91.817668,lost_person,low
26.119383,91.818051,accident,high
26.118628,91.815211,lost_person,medium
26.117608,91.817413,assault,high
26.121219,91.81467,harassment,medium
26.116776,91.819674,theft,medium
26.116317,91.816531,assault,medium
26.119339,91.817309,harassment,medium
26.119629,91.819511,lost_person,high
26.119622,91.816735,scam,low
26.116714,91.820851,lost_person,high
26.117219,91.817229,accident,high
26.119862,91.82152,assault,medium
26.114005,91.812853,theft,medium
26.122031,91.819757,theft,low
26.119987,91.817662,lost_person,medium
26.116028,91.815635,assault,high
26.120924,91.816057,scam,medium
26.119345,91.822135,lost_person,medium
26.119247,91.816177,harassment,critical
26.117358,91.811479,scam,high
26.115046,91.8217,lost_person,critical
26.116125,91.818644,lost_person,high
26.119552,91.820362,accident,low
26.115173,91.815903,lost_person,critical
26.118003,91.816855,theft,low
26.116165,91.819508,assault,medium
26.1179,91.816358,harassment,medium
26.118503,91.81592,accident,critical
26.121345,91.816966,harassment,high
26.119404,91.817714,theft,high
26.117701,91.814442,accident,medium
26.11536,91.818621,theft,medium
26.117148,91.823057,scam,medium
26.119484,91.815685,accident,high
26.116292,91.817346,scam,critical
26.113748,91.820085,theft,high
26.11555,91.817688,accident,high
26.118294,91.816258,lost_person,medium
26.116857,91.816835,accident,low
26.116768,91.818931,accident,low
26.116946,91.818042,theft,high
26.11848,91.819568,scam,low
26.118363,91.815986,theft,critical
26.114367,91.815049,lost_person,low
26.120734,91.817653,theft,low
26.1188,91.817427,lost_person,critical
26.116144,91.814759,lost_person,medium
26.113405,91.816204,harassment,medium
26.117801,91.819658,accident,medium
26.115375,91.815993,harassment,low
26.119061,91.816665,scam,medium
26.120774,91.816047,accident,low
26.117685,91.818637,theft,medium
26.112898,91.821824,accident,low
26.123073,91.821902,harassment,medium
26.117141,91.819303,theft,medium
26.118983,91.819809,accident,medium
26.118361,91.81911,harassment,critical
26.114957,91.816413,assault,medium
26.120912,91.821492,assault,medium
26.116162,91.817587,harassment,low
26.114227,91.818319,theft,high
26.115621,91.818959,theft,high
26.120586,91.817073,lost_person,low
26.122063,91.815422,harassment,medium
26.118937,91.814836,assault,low
26.114176,91.817898,lost_person,medium
26.116545,91.817857,harassment,low
26.114745,91.817802,assault,low
26.117287,91.817706,lost_person,low
26.120423,91.819519,theft,low
26.119669,91.815937,accident,medium
26.11694,91.818582,accident,low
26.116863,91.820463,lost_person,critical
26.121897,91.819041,theft,medium
26.120796,91.817808,scam,critical
26.122511,91.819908,assault,medium
26.117887,91.820806,lost_person,low
26.117128,91.816134,harassment,medium
26.121545,91.818942,harassment,low
26.116357,91.821138,scam,medium
26.116127,91.818596,assault,high
26.123526,91.819238,accident,medium
26.119426,91.819896,scam,medium
26.117507,91.820966,harassment,critical
26.122456,91.822847,theft,low
26.118839,91.818225,lost_person,high
26.113661,91.818,harassment,medium
26.116734,91.820058,accident,medium
26.114881,91.817019,assault,medium
26.116412,91.818783,lost_person,medium
26.118723,91.815528,scam,low
26.1158,91.821055,lost_person,high
26.116482,91.817452,scam,low
26.115103,91.815691,accident,medium
26.116796,91.823082,theft,medium
26.114807,91.818642,lost_person,low
26.120607,91.818798,accident,high
26.1165,91.818345,scam,low
26.117131,91.816086,scam,medium
26.115584,91.821688,assault,medium
26.115897,91.811636,accident,critical
26.118031,91.818474,theft,high
26.120469,91.81619,assault,medium
26.113374,91.815616,assault,low
26.11698,91.820121,accident,medium
26.11849,91.817176,scam,high
26.120034,91.820177,theft,medium
26.117473,91.819655,lost_person,low
26.119123,91.819031,accident,medium
26.118559,91.816139,harassment,low
26.119439,91.819647,accident,low
26.121351,91.82073,scam,high
26.11521,91.817011,scam,low
26.11832,91.814761,lost_person,high
26.118855,91.818328,assault,medium
26.1176,91.815952,accident,medium
26.117988,91.8197,lost_person,medium
26.116486,91.818754,lost_person,high
26.117046,91.817999,theft,high
26.117691,91.815183,harassment,medium
26.116967,91.819021,lost_person,medium
26.12025,91.818222,scam,low
26.120034,91.816154,theft,medium
26.119682,91.816167,assault,high
26.11754,91.819557,harassment,low
26.119446,91.819366,accident,low
26.116124,91.814927,assault,low
26.118875,91.818623,harassment,low
26.11781,91.816219,lost_person,high
26.119233,91.817873,accident,critical
26.117476,91.81622,scam,medium
26.116547,91.816377,theft,high
26.115562,91.81899,lost_person,high
26.118083,91.819363,theft,medium
26.117766,91.817019,lost_person,low
26.115823,91.817949,scam,high
26.11765,91.816354,scam,low
26.11575,91.819684,assault,low
26.11567,91.819101,assault,medium
26.114903,91.816262,theft,low
26.117311,91.814543,scam,low
26.115882,91.819818,scam,medium
26.115635,91.813731,accident,medium
26.118486,91.817789,scam,high
26.11955,91.820811,assault,medium
26.116652,91.817321,harassment,low
26.117072,91.817517,theft,medium
26.117251,91.820174,theft,high
26.119342,91.817831,assault,low
26.11952,91.81807,theft,low
26.114749,91.818128,lost_person,medium
26.118112,91.818071,harassment,low
26.118332,91.818292,scam,low
26.114238,91.818225,lost_person,low
26.11624,91.81366,lost_person,medium
26.117462,91.818839,accident,low
26.120004,91.819675,harassment,low
26.121599,91.818421,accident,low
26.119119,91.818913,harassment,high
26.116859,91.818941,assault,medium
26.115403,91.823246,accident,medium
26.119499,91.820333,assault,low
26.119922,91.819541,accident,medium
26.113061,91.820101,assault,medium
26.112255,91.81494,accident,medium
26.121604,91.818108,scam,low
26.113801,91.815693,lost_person,low
26.117857,91.820159,theft,low
26.116925,91.819096,harassment,high
26.117798,91.818858,assault,medium
26.118058,91.817848,harassment,low
26.120428,91.818137,accident,medium
26.118709,91.820599,theft,medium
26.115633,91.819367,lost_person,low
26.11464,91.820059,assault,medium
26.117297,91.820817,accident,high
26.116863,91.815895,lost_person,critical
26.11499,91.81658,lost_person,medium
26.116635,91.819406,theft,low
26.118555,91.819323,accident,medium
26.118171,91.815271,assault,medium
26.116544,91.820174,scam,critical
26.119332,91.817387,theft,medium
26.119927,91.81868,harassment,critical
26.117236,91.817527,lost_person,high
26.118465,91.814663,lost_person,medium
26.120045,91.817741,theft,low
26.115745,91.815904,harassment,low
26.118081,91.821348,theft,high
26.118021,91.819685,assault,medium
26.117343,91.820353,lost_person,medium
26.121127,91.816672,harassment,high
26.117245,91.820397,accident,medium
26.115226,91.818813,scam,low
26.121012,91.81999,harassment,high
26.117208,91.819417,theft,medium
26.120158,91.819028,theft,medium
26.11808,91.817102,theft,low
26.119274,91.820338,scam,high
26.120743,91.817904,lost_person,medium
26.120837,91.820964,lost_person,medium
26.116394,91.820777,accident,critical
26.119313,91.816301,assault,critical
26.11629,91.822474,harassment,critical
26.118769,91.816894,assault,medium
26.119053,91.815192,theft,medium
26.117696,91.820127,scam,medium
26.119139,91.818389,harassment,medium
26.114064,91.818656,scam,high
26.117671,91.81462,scam,critical
26.120032,91.814442,assault,low
26.119211,91.819504,scam,high
26.113013,91.818584,assault,high
26.116058,91.818327,scam,high
26.120735,91.818931,accident,low
26.121127,91.820039,theft,critical
26.118148,91.816836,scam,medium
26.11615,91.81758,lost_person,low
26.120249,91.81867,scam,high
26.116982,91.815696,accident,low
26.120242,91.813838,assault,low
26.117039,91.816521,harassment,medium
26.117509,91.816677,lost_person,low
26.112853,91.815992,harassment,medium
26.116899,91.81467,harassment,medium
26.119856,91.816591,assault,medium
26.119889,91.820717,scam,medium
26.117713,91.816178,theft,low
26.120463,91.815605,theft,low
26.114857,91.818018,harassment,medium
26.114175,91.81555,assault,low
26.120222,91.81818,assault,low
26.116736,91.819265,scam,critical
26.11696,91.815098,assault,low
26.11219,91.816775,theft,medium
26.115671,91.821414,lost_person,low
26.115631,91.819614,harassment,medium
26.115968,91.815038,scam,medium
26.116337,91.816523,theft,low
26.121918,91.819051,theft,low
26.120275,91.818558,assault,medium
26.115319,91.819469,harassment,high
26.116557,91.817865,lost_person,low
26.118524,91.817097,lost_person,medium
26.118199,91.815396,scam,medium
26.115208,91.816933,lost_person,critical
26.117047,91.818413,assault,low
26.118204,91.821993,accident,low
26.119032,91.818942,accident,low
26.117536,91.816555,theft,high
26.12308,91.821408,scam,medium
26.115732,91.820063,scam,high
26.122258,91.821671,accident,critical
26.118902,91.817732,accident,medium
26.118848,91.817446,assault,medium
26.1207,91.822415,scam,low
26.115807,91.818009,scam,medium
26.117055,91.818813,scam,high
26.115146,91.818977,accident,low
26.120783,91.821933,accident,medium
26.119414,91.817591,theft,medium
26.117527,91.819966,scam,medium
26.152492,91.665664,lost_person,high
26.150517,91.665324,assault,medium
26.154725,91.665116,scam,low
26.153145,91.660558,assault,low
26.152828,91.664753,harassment,low
26.155389,91.66736,lost_person,low
26.152527,91.666017,accident,low
26.151313,91.6647,scam,medium
26.154562,91.662288,assault,high
26.152026,91.664046,scam,low
26.15139,91.660863,accident,medium
26.154148,91.66242,harassment,high
26.152199,91.665438,scam,high
26.153264,91.666363,harassment,low
26.151903,91.667514,scam,medium
26.156071,91.667844,accident,low
26.151575,91.664559,lost_person,medium
26.153636,91.66648,accident,high
26.150334,91.664534,scam,medium
26.152564,91.66386,theft,high
26.150761,91.663747,accident,medium
26.154465,91.66585,lost_person,medium
26.152634,91.666875,accident,low
26.150508,91.666357,accident,low
26.15055,91.663639,theft,medium
26.152518,91.666027,assault,medium
26.150102,91.661138,assault,medium
26.152337,91.668254,assault,low
26.151087,91.664588,theft,medium
26.15451,91.6641,accident,high
26.149961,91.66414,assault,medium
26.149726,91.662595,scam,high
26.152213,91.663931,lost_person,medium
26.150168,91.663269,accident,medium
26.15099,91.662039,assault,low
26.153559,91.666141,assault,low
26.153678,91.664466,assault,low
26.154204,91.666019,assault,low
26.155876,91.666886,scam,low
26.153636,91.665083,assault,low
26.153022,91.665471,accident,critical
26.148554,91.664672,accident,high
26.151868,91.66538,harassment,medium
26.157683,91.665719,harassment,medium
26.148753,91.665514,lost_person,low
26.153174,91.663116,theft,medium
26.150197,91.666365,scam,medium
26.151523,91.663309,lost_person,medium
26.150753,91.662363,scam,critical
26.151479,91.666535,harassment,medium
26.150804,91.668495,harassment,medium
26.14941,91.666405,assault,high
26.15358,91.664147,scam,medium
26.155803,91.663616,accident,medium
26.149757,91.661733,theft,critical
26.153078,91.664093,accident,high
26.149651,91.666091,assault,low
26.148925,91.666841,accident,medium
26.151871,91.666087,theft,high
26.149185,91.665148,accident,medium
26.152269,91.665378,harassment,critical
26.151396,91.667355,lost_person,medium
26.150447,91.663614,assault,medium
26.15561,91.663055,lost_person,medium
26.150167,91.661776,theft,low
26.152945,91.662652,theft,medium
26.151724,91.66388,lost_person,medium
26.152942,91.664169,assault,medium
26.149271,91.665751,theft,low
26.149551,91.668442,assault,medium
26.152979,91.664776,theft,medium
26.149972,91.66512,harassment,medium
26.156038,91.667995,theft,medium
26.152681,91.666158,theft,medium
26.151684,91.666186,scam,critical
26.152967,91.666579,harassment,high
26.156614,91.666638,lost_person,low
26.153758,91.668338,theft,high
26.150029,91.66751,scam,medium
26.152783,91.66301,scam,medium
26.148951,91.665687,scam,critical
26.151991,91.66622,theft,medium
26.14909,91.662578,theft,medium
26.152986,91.661329,theft,critical
26.152761,91.665697,harassment,low
26.151905,91.665022,scam,critical
26.152951,91.664884,lost_person,medium
26.155296,91.663507,scam,medium
26.152273,91.66854,harassment,high
26.155492,91.666753,accident,medium
26.150898,91.662999,harassment,low
26.151647,91.664466,lost_person,medium
26.148631,91.66231,accident,medium
26.151778,91.664354,theft,medium
26.152837,91.665764,theft,low
26.151324,91.664037,lost_person,critical
26.151669,91.667334,accident,low
26.155525,91.670856,theft,high
26.152748,91.664019,lost_person,medium
26.147581,91.665253,assault,high
26.153271,91.66537,assault,medium
26.156008,91.665903,harassment,high
26.149552,91.664566,assault,low
26.152802,91.66581,harassment,medium
26.149725,91.666154,accident,medium
26.15321,91.668712,theft,low
26.151548,91.66482,harassment,medium
26.156717,91.666021,assault,critical
26.15211,91.667538,theft,medium
26.15004,91.665277,scam,low
26.149683,91.659591,theft,high
26.154376,91.666298,lost_person,high
26.151963,91.659166,accident,medium
26.150633,91.666508,lost_person,medium
26.15002,91.665772,scam,medium
26.150335,91.661411,accident,high
26.154144,91.665717,scam,medium
26.154051,91.666298,assault,medium
26.151858,91.663945,lost_person,critical
26.151662,91.665448,harassment,medium
26.152834,91.666909,assault,medium
26.150356,91.668389,scam,low
26.149766,91.663912,lost_person,medium
26.150234,91.665329,assault,medium
26.150489,91.666224,harassment,medium
26.153511,91.668545,assault,critical
26.149986,91.664226,lost_person,high
26.153529,91.664705,scam,medium
26.147957,91.666633,harassment,critical
26.147091,91.662666,scam,medium
26.151354,91.66506,harassment,low
26.154453,91.66283,lost_person,medium
26.152012,91.667393,theft,medium
26.149281,91.670402,theft,high
26.152114,91.666038,theft,critical
26.155352,91.661468,assault,medium
26.154015,91.667514,harassment,high
26.151601,91.667457,lost_person,medium
26.148775,91.666166,theft,medium
26.150458,91.666089,harassment,medium
26.155274,91.661889,lost_person,high
26.153109,91.662299,harassment,medium
26.154546,91.664661,harassment,medium
26.149739,91.664124,theft,low
26.150193,91.663038,theft,low
26.154315,91.662214,theft,high
26.155683,91.660776,scam,medium
26.15404,91.66608,accident,low
26.150031,91.662141,accident,medium
26.152475,91.666629,lost_person,medium
26.154845,91.663103,assault,high
26.153305,91.665927,scam,high
26.15184,91.665541,theft,high
26.152504,91.660377,accident,low
26.148426,91.665376,harassment,medium
26.156474,91.662464,assault,low
26.153894,91.664379,accident,low
26.150832,91.663503,accident,low
26.156241,91.662588,harassment,high
26.148454,91.668475,accident,medium
26.152541,91.665838,harassment,medium
26.152214,91.662577,lost_person,medium
26.152552,91.664755,harassment,high
26.150608,91.663342,accident,critical
26.156129,91.666907,theft,high
26.151258,91.666915,lost_person,medium
26.153828,91.664439,theft,medium
26.149472,91.662066,assault,high
26.151823,91.666276,lost_person,medium
26.14993,91.662893,lost_person,medium
26.151092,91.665244,lost_person,low
26.156509,91.668017,scam,low
26.152698,91.670788,scam,low
26.149885,91.664641,scam,medium
26.150924,91.664795,assault,high
26.15064,91.661284,scam,medium
26.155347,91.664885,theft,medium
26.153225,91.670947,harassment,medium
26.155945,91.663201,scam,high
26.151628,91.663876,accident,medium
26.151862,91.662036,lost_person,low
26.14748,91.66275,theft,critical
26.152102,91.662907,harassment,medium
26.148961,91.666796,accident,high
26.150162,91.670184,harassment,medium
26.154562,91.666935,theft,high
26.151837,91.659926,harassment,medium
26.151162,91.666342,lost_person,medium
26.152026,91.665101,assault,low
26.150966,91.66012,lost_person,critical
26.15225,91.662029,scam,low
26.153807,91.662768,accident,low
26.152409,91.665453,lost_person,high
26.154157,91.661648,scam,medium
26.148773,91.669249,scam,low
26.150225,91.664296,lost_person,low
26.14819,91.667401,theft,low
26.148321,91.664005,harassment,low
26.150859,91.666493,harassment,high
26.158675,91.662521,accident,high
26.152303,91.665999,assault,medium
26.149981,91.663181,lost_person,high
26.151622,91.661981,assault,medium
26.151103,91.666378,assault,medium
26.149302,91.660174,harassment,medium
26.153042,91.661403,lost_person,low
26.155293,91.665675,accident,medium
26.152837,91.666613,theft,medium
26.151006,91.665342,theft,medium
26.151192,91.665644,theft,critical
26.155026,91.663979,theft,medium
26.154692,91.66445,scam,low
26.150943,91.664786,theft,low
26.15148,91.664536,accident,low
26.153955,91.662817,lost_person,medium
26.148732,91.662224,scam,medium
26.151241,91.6636,harassment,medium
26.152254,91.663259,harassment,low
26.152927,91.666787,accident,low
26.147552,91.666665,assault,low
26.150141,91.667182,accident,low
26.151138,91.666824,theft,low
26.149674,91.664929,theft,low
26.151235,91.662603,theft,low
26.151635,91.666467,harassment,high
26.153705,91.668065,theft,low
26.148843,91.664729,theft,medium
26.153326,91.667261,accident,low
26.153885,91.663808,lost_person,medium
26.151537,91.664172,harassment,low
26.152065,91.668167,lost_person,medium
26.151739,91.665088,assault,critical
26.152111,91.664727,assault,medium
26.151093,91.666374,assault,high
26.15226,91.664212,lost_person,critical
26.155322,91.662766,lost_person,critical
26.150757,91.665496,scam,high
26.151901,91.663114,assault,high
26.150439,91.661379,lost_person,low
26.152355,91.664153,assault,high
26.150606,91.665959,theft,low
26.151341,91.662673,assault,critical
26.151213,91.666851,scam,medium
26.150102,91.662239,accident,low
26.152024,91.664373,accident,high
26.147505,91.669572,assault,high
26.155466,91.668469,lost_person,medium
26.155544,91.663286,accident,medium
26.156162,91.664598,assault,medium
26.146493,91.663548,harassment,high
26.157434,91.666096,lost_person,high
26.152423,91.667138,assault,high
26.155933,91.66429,harassment,low
26.15027,91.665533,scam,medium
26.149917,91.663727,accident,low
26.150935,91.663666,harassment,low
26.156012,91.667602,lost_person,high
26.153028,91.663063,harassment,medium
26.152423,91.670034,theft,low
26.152299,91.667949,assault,high
26.154385,91.667277,assault,low
26.15398,91.661222,accident,low
26.150305,91.664788,assault,low
26.150815,91.664483,assault,medium
26.152517,91.664011,harassment,high
26.150539,91.664349,harassment,medium
26.147946,91.665853,assault,high
26.149787,91.67134,assault,high
26.150453,91.664955,harassment,low
26.149765,91.66749,harassment,medium
26.15038,91.668083,harassment,high
26.156766,91.665001,assault,high
26.153353,91.664823,assault,medium
26.152092,91.666898,theft,medium
26.15075,91.66446,theft,low
26.154283,91.665069,lost_person,medium
26.151058,91.664155,theft,medium
26.150673,91.662257,lost_person,high
26.152042,91.669528,assault,low
26.150646,91.665043,assault,medium
26.153398,91.664339,harassment,low
26.153948,91.665582,scam,high
26.154598,91.670004,theft,medium
26.147837,91.664781,harassment,high
26.151851,91.66437,assault,low
26.151445,91.660031,scam,medium
26.156318,91.663158,lost_person,medium
26.156324,91.664021,harassment,medium
26.152227,91.665169,theft,medium
26.150287,91.664072,theft,medium
26.148382,91.663358,assault,medium
26.153009,91.664559,scam,medium
26.150453,91.665514,scam,critical
26.15527,91.667423,lost_person,medium
26.150968,91.67087,harassment,low
26.152519,91.665492,scam,medium
26.156755,91.66349,assault,low
26.151496,91.664737,harassment,medium
26.151052,91.664631,assault,medium
26.148135,91.669693,harassment,medium
26.148366,91.665454,harassment,high
26.156939,91.664885,theft,high
26.153999,91.665794,lost_person,low
26.154526,91.662918,assault,medium
26.150293,91.663259,scam,low
26.155105,91.667926,assault,low
26.153318,91.662725,accident,medium
26.151576,91.669584,theft,critical
26.1545,91.664573,scam,low
26.149982,91.664056,harassment,critical
26.149063,91.668974,lost_person,low
26.152158,91.664367,accident,medium
26.154582,91.664061,assault,low
26.149217,91.666238,assault,critical
26.155603,91.664009,scam,high
26.151386,91.663065,harassment,critical
26.152605,91.663829,assault,medium
26.152214,91.666606,theft,low
26.153148,91.665612,lost_person,medium
26.149656,91.663506,theft,medium
26.148079,91.669122,harassment,low
26.15199,91.660654,theft,low
26.150889,91.66614,scam,medium
26.152417,91.665108,assault,medium
26.151764,91.669414,scam,low
26.150428,91.668638,harassment,low
26.150606,91.666972,scam,critical
26.154182,91.662805,assault,low
26.153527,91.662356,accident,low
26.154641,91.663258,accident,medium
26.152475,91.667563,assault,low
26.147162,91.664404,scam,medium
26.155865,91.664596,accident,medium
26.152236,91.664755,lost_person,critical
26.152208,91.667317,assault,medium
26.153569,91.665465,theft,high
26.150244,91.664626,assault,medium
26.15018,91.665667,scam,medium
26.148916,91.666778,harassment,low
26.151353,91.662943,theft,medium
26.153847,91.665733,lost_person,high
26.150237,91.663526,theft,low
26.151168,91.667162,theft,low
26.154064,91.666202,lost_person,high
26.156207,91.663887,lost_person,high
26.153059,91.663469,theft,low
26.150908,91.665286,accident,low
26.152086,91.662664,theft,medium
26.149406,91.666562,accident,high
26.150174,91.663925,theft,medium
26.154884,91.66333,accident,low
26.152026,91.664775,theft,low
26.151002,91.663322,accident,medium
26.149349,91.66812,lost_person,low
26.149842,91.664036,lost_person,medium
26.150663,91.667047,theft,medium
26.153803,91.664769,accident,medium
26.153372,91.663169,lost_person,high
26.152482,91.66238,assault,low
26.150259,91.664567,assault,medium
26.152528,91.663398,accident,low
26.150894,91.661409,scam,low
26.152507,91.662885,harassment,medium
26.153754,91.663255,harassment,low
26.149033,91.662992,scam,medium
26.151944,91.66261,accident,high
26.152553,91.663043,theft,medium
26.150467,91.668284,accident,low
26.154067,91.66494,lost_person,medium
26.153446,91.663541,lost_person,medium
26.1477,91.664324,harassment,critical
26.157054,91.664877,assault,high
26.153347,91.662216,lost_person,low
26.153968,91.667399,theft,medium
26.153321,91.664815,lost_person,medium
26.152145,91.664301,accident,high
26.152562,91.662454,accident,low
26.14866,91.664296,lost_person,medium
26.15597,91.664027,assault,low
26.152439,91.663666,theft,high
26.152736,91.664057,theft,low
26.148946,91.665379,harassment,medium
26.154568,91.662577,accident,critical
26.152179,91.660783,lost_person,low
26.152614,91.667698,scam,high
26.153626,91.665692,accident,high
26.153023,91.662649,assault,low
26.150699,91.6639,scam,medium
26.150728,91.668274,scam,low
26.156118,91.669408,scam,high
26.14588,91.668333,lost_person,medium
26.150523,91.662454,scam,low
26.149811,91.664446,lost_person,critical
26.153124,91.665678,lost_person,medium
26.15639,91.663529,accident,medium
26.153613,91.666154,lost_person,medium
26.153749,91.665914,accident,high
26.148921,91.666926,accident,low
26.152494,91.664024,harassment,low
26.152688,91.667945,accident,medium
26.156078,91.662399,accident,medium
26.153321,91.668069,accident,low
26.152174,91.662593,assault,medium
26.154084,91.662723,harassment,medium
26.151062,91.664915,theft,low
26.150027,91.66595,accident,high
26.155415,91.664877,scam,high
26.151692,91.664181,lost_person,medium
26.152857,91.664125,assault,high
26.153227,91.663154,assault,medium
26.15114,91.666021,accident,critical
26.152051,91.668599,lost_person,medium
26.151598,91.662116,assault,medium
26.151117,91.665,accident,medium
26.149141,91.661809,theft,high
26.151451,91.667398,accident,medium
26.153878,91.663979,harassment,medium
26.152134,91.666857,accident,low
26.153196,91.661565,harassment,medium
26.149978,91.664092,harassment,medium
26.147774,91.659403,accident,low
26.15033,91.664124,scam,low
26.154168,91.66582,theft,high
26.152981,91.664348,lost_person,low
26.150464,91.663445,scam,medium
26.151248,91.662903,scam,low
26.152905,91.66662,accident,high
26.152438,91.663364,accident,medium
26.150842,91.667885,assault,low
26.153406,91.662216,scam,high
26.152699,91.671547,assault,medium
26.153288,91.670597,theft,high
26.151157,91.662445,scam,high
26.152528,91.664127,theft,medium
26.14996,91.662826,lost_person,medium
26.154884,91.666515,lost_person,medium
26.150553,91.665856,accident,low
26.151304,91.662496,harassment,low
26.148254,91.666087,accident,medium
26.152005,91.662454,harassment,high
26.148466,91.665579,harassment,high
26.153197,91.664656,accident,high
26.151496,91.664602,lost_person,high
26.153801,91.660186,harassment,medium
26.153812,91.66182,scam,low
26.154741,91.663722,harassment,low
26.149973,91.66217,theft,low
26.149976,91.6636,theft,medium
26.149427,91.66831,assault,low
26.147825,91.663571,lost_person,medium
26.155243,91.666337,harassment,high
26.150294,91.667362,scam,medium
26.150551,91.66349,lost_person,medium
26.15224,91.66523,theft,low
26.150428,91.664801,accident,high
26.148995,91.664861,scam,low
26.152047,91.664919,lost_person,high
26.151216,91.669587,scam,high
26.154667,91.66413,harassment,critical
26.154465,91.6643,theft,high
26.148479,91.666705,theft,medium
26.152546,91.666413,assault,low
26.153397,91.665502,theft,high
26.158321,91.665567,accident,low
26.149308,91.666459,theft,medium
26.150099,91.668153,scam,medium
26.151651,91.665577,harassment,low
26.154945,91.662649,lost_person,high
26.151453,91.662627,lost_person,low
26.15161,91.664631,scam,medium
26.154091,91.661179,theft,medium
26.150324,91.666322,accident,low
26.149351,91.663426,lost_person,medium
26.151905,91.660727,accident,high
26.151443,91.661346,accident,medium
26.150337,91.665364,theft,critical
26.152156,91.666262,lost_person,low
26.153187,91.664325,theft,medium
26.149038,91.66292,harassment,medium
26.152558,91.663867,theft,low
26.149446,91.662246,assault,medium
26.150622,91.664519,harassment,low
26.153705,91.66114,assault,high
26.15414,91.66489,accident,medium
26.150968,91.665972,accident,medium
26.155059,91.661655,theft,critical
26.152254,91.663858,assault,low
26.151439,91.664874,accident,low
26.151951,91.667086,scam,low
26.154588,91.667391,theft,high
26.151371,91.661989,accident,medium
26.154075,91.667975,accident,medium
26.150523,91.665337,theft,critical
26.149209,91.663812,harassment,low
26.15307,91.661786,lost_person,critical
26.150198,91.667185,lost_person,medium
26.153496,91.666003,harassment,high
26.155078,91.66203,accident,medium
26.147211,91.665412,assault,medium
26.152736,91.659884,harassment,medium
26.150617,91.664806,lost_person,medium
26.15098,91.668823,theft,low
26.150606,91.665446,harassment,critical
26.150595,91.662994,scam,low
26.151959,91.660315,lost_person,medium
26.151711,91.661499,harassment,high
26.153136,91.661847,accident,medium
26.148809,91.667494,theft,low
26.146309,91.663436,harassment,medium
26.153869,91.662377,scam,medium
26.150831,91.667763,accident,high
26.151835,91.668712,scam,low
26.150608,91.66527,harassment,low
26.153713,91.664706,harassment,low
26.155569,91.665353,theft,medium
26.152189,91.667834,theft,low
26.147063,91.661408,harassment,low
26.151929,91.665644,lost_person,medium
26.151319,91.663299,theft,low
26.152691,91.665088,harassment,low
26.151332,91.667346,theft,medium
26.153335,91.662094,theft,critical
26.154283,91.664791,theft,medium
26.152034,91.665155,theft,medium
26.149629,91.666577,harassment,low
26.151625,91.663699,lost_person,medium
26.152252,91.665083,lost_person,medium
26.153973,91.667335,theft,low
26.148677,91.664973,assault,low
26.15411,91.67027,harassment,low
26.151137,91.664116,accident,medium
26.15096,91.663786,harassment,low
26.147325,91.665511,scam,low
26.154623,91.665816,assault,low
26.152096,91.662377,theft,medium
26.15418,91.66428,theft,medium
26.152927,91.662007,lost_person,medium
26.15545,91.668102,lost_person,high
26.153159,91.666007,lost_person,medium
26.149077,91.667337,lost_person,low
26.147876,91.664321,harassment,high
26.152797,91.661577,accident,medium
26.151119,91.660299,harassment,medium
26.156078,91.664666,harassment,medium
26.149721,91.667144,harassment,low
26.156983,91.667876,theft,high
26.152115,91.667163,harassment,low
26.149161,91.668409,accident,low
26.148758,91.662165,assault,low
26.154967,91.667031,lost_person,medium
26.155071,91.669431,accident,low
26.154409,91.665134,lost_person,medium
26.150597,91.6665,scam,low
26.147885,91.663407,assault,high
26.149993,91.670502,theft,low
26.155159,91.66349,scam,high
26.152803,91.668027,harassment,medium
26.152107,91.668446,theft,medium
26.154052,91.665625,scam,medium
26.151441,91.667513,theft,medium
26.153883,91.664127,theft,low
26.150959,91.667843,harassment,low
26.14884,91.662506,assault,high
26.150857,91.663858,assault,medium
26.154032,91.664479,scam,medium
26.154621,91.667367,harassment,high
26.151852,91.665549,harassment,high
26.150247,91.670727,harassment,low
26.152389,91.663859,scam,high
26.152507,91.666248,theft,medium
26.145639,91.661574,lost_person,low
26.155436,91.662307,accident,low
26.153033,91.665943,accident,low
26.151413,91.662661,theft,high
26.152891,91.663089,assault,medium
26.15262,91.662032,scam,medium
26.150252,91.664195,theft,medium
26.153804,91.663827,assault,low
26.15293,91.664905,theft,high
26.151911,91.666905,scam,medium
26.153872,91.661496,accident,high
26.14876,91.662919,harassment,low
26.154216,91.669605,scam,low
26.154019,91.664084,assault,low
26.151668,91.664758,harassment,low
26.149834,91.666399,scam,medium
26.154465,91.664596,assault,low
26.158139,91.661,accident,medium
26.153647,91.663399,harassment,medium
26.155096,91.664532,lost_person,critical
26.154739,91.665292,scam,medium
26.156049,91.6609,harassment,medium
26.151724,91.665386,assault,medium
26.148685,91.665804,accident,low
26.154143,91.65853,harassment,low
26.151078,91.663825,lost_person,critical
26.149467,91.665795,harassment,low
26.15702,91.666188,assault,critical
26.151946,91.661624,harassment,medium
26.152858,91.664481,accident,high
26.152497,91.662974,accident,critical
26.149428,91.668263,lost_person,medium
26.155105,91.661168,lost_person,medium
26.153549,91.666622,lost_person,critical
26.151612,91.664414,lost_person,low
26.156849,91.668508,lost_person,medium
26.148659,91.666722,accident,low
26.150664,91.666389,assault,medium
26.152294,91.663262,accident,low
26.151181,91.665388,assault,low
26.153283,91.66573,assault,medium
26.154381,91.66372,assault,medium
26.151446,91.662024,lost_person,medium
26.152363,91.663678,assault,low
26.150389,91.667069,assault,medium
26.152255,91.662349,theft,high
26.151924,91.666308,scam,low
26.152115,91.665722,lost_person,high
26.151269,91.666412,scam,low
26.149403,91.66573,assault,high
26.15275,91.664917,assault,high
26.152936,91.66434,scam,medium
26.153882,91.669101,assault,medium
26.157638,91.665886,harassment,low
26.150566,91.666708,accident,low
26.152585,91.667268,assault,low
26.15057,91.665096,assault,high
26.14977,91.662083,assault,medium
26.148743,91.662682,lost_person,medium
26.153413,91.663309,harassment,medium
26.151224,91.663987,assault,critical
26.154951,91.666563,lost_person,low
26.153568,91.66969,assault,medium
26.152491,91.667336,scam,low
26.149231,91.663521,theft,medium
26.147437,91.664479,accident,medium
26.149996,91.665003,theft,medium
26.156063,91.664398,scam,low
26.152039,91.66475,scam,high
26.15525,91.664273,harassment,high
26.153145,91.668906,theft,medium
26.154183,91.666596,accident,low
26.149366,91.664989,lost_person,medium
26.153117,91.66761,theft,low
26.151374,91.666443,lost_person,critical
26.146091,91.669235,accident,medium
26.154775,91.661011,scam,low
26.153299,91.663253,lost_person,medium
26.152444,91.666634,scam,high
26.153913,91.662726,assault,critical
26.152836,91.666444,lost_person,high
26.149498,91.66443,scam,medium
26.153943,91.667376,theft,medium
26.150178,91.663913,theft,medium
26.153145,91.663924,harassment,high
26.1555,91.665599,lost_person,medium
26.152483,91.666586,theft,medium
26.153144,91.66797,harassment,medium
26.151092,91.664525,theft,high
26.156079,91.66355,theft,medium
26.150395,91.661344,lost_person,high
26.150909,91.667892,assault,high
26.150734,91.66512,scam,critical
26.150829,91.666692,theft,low
26.150962,91.663827,lost_person,critical
26.149408,91.661664,harassment,medium
26.14943,91.664757,theft,high
26.15341,91.6658,scam,medium
26.14651,91.658066,lost_person,high
26.152285,91.669356,accident,medium
26.152577,91.665632,lost_person,medium
26.151163,91.664526,lost_person,medium
26.154008,91.662509,accident,low
26.150699,91.664981,lost_person,medium
26.152601,91.661925,scam,medium
26.151484,91.666659,theft,low
26.153821,91.663146,harassment,high
26.151546,91.666899,accident,low
26.151127,91.664168,lost_person,medium
26.153269,91.66741,lost_person,medium
26.150303,91.662315,theft,critical
26.154912,91.662399,accident,high
26.1521,91.66445,scam,low
26.152402,91.668373,theft,critical
26.153107,91.66545,accident,medium
26.151991,91.664783,assault,medium
26.15214,91.663946,lost_person,high
26.149759,91.665684,theft,medium
26.15207,91.667463,assault,critical
26.151362,91.664736,accident,high
26.153722,91.6655,scam,high
26.152286,91.664321,theft,medium
26.151998,91.65929,accident,medium
26.15469,91.663579,scam,medium
26.153726,91.662076,lost_person,high
26.152448,91.664659,scam,high
26.149727,91.665519,scam,medium
26.151911,91.664979,theft,high
26.156956,91.658042,lost_person,medium
26.149871,91.667209,lost_person,low
26.153819,91.660653,harassment,low
26.15245,91.667429,theft,low
26.148126,91.663629,assault,medium
26.153195,91.661923,harassment,medium
26.151474,91.666939,accident,high
26.150473,91.662511,assault,low
26.154444,91.665457,harassment,medium
26.151163,91.666444,scam,medium
26.155219,91.662991,scam,medium
26.153409,91.668727,harassment,high
26.150924,91.666325,harassment,high
26.157491,91.668057,theft,critical
26.151535,91.662323,lost_person,critical
26.150553,91.667444,scam,medium
26.151973,91.663965,lost_person,critical
26.150593,91.662735,lost_person,medium
26.152591,91.66679,theft,high
26.147866,91.662958,lost_person,low
26.154742,91.663053,scam,critical
26.151478,91.663727,accident,medium
26.151008,91.664624,theft,medium
26.15128,91.666366,scam,high
26.154798,91.663704,lost_person,medium
26.158126,91.664628,accident,low
26.150665,91.665476,harassment,medium
26.148041,91.66362,assault,medium
26.155667,91.662963,lost_person,low
26.150903,91.663506,harassment,medium
26.149828,91.664578,accident,medium
26.149246,91.666706,theft,medium
26.152158,91.666327,accident,medium
26.156667,91.663042,scam,medium
26.151431,91.666696,accident,low
26.150554,91.668654,accident,medium
26.149433,91.66341,accident,high
26.153388,91.660961,theft,medium
26.151536,91.667773,assault,medium
26.150327,91.666612,lost_person,low
26.149141,91.665871,assault,high
26.153898,91.667079,assault,low
26.149846,91.663638,accident,medium
26.153972,91.665324,lost_person,medium
26.152279,91.665171,lost_person,medium
26.153813,91.665159,accident,low
26.153805,91.664447,assault,medium
26.157063,91.668129,lost_person,critical
26.150631,91.666649,lost_person,low
26.150568,91.665466,harassment,high
26.15184,91.664018,accident,critical
26.15079,91.665168,harassment,high
26.152743,91.667253,assault,medium
26.154587,91.668505,harassment,high
26.152994,91.667099,assault,high
26.153284,91.661448,harassment,critical
26.155264,91.659385,scam,medium
26.151537,91.665459,theft,medium
26.153737,91.66549,lost_person,high
26.154194,91.666715,assault,low
26.152377,91.665634,scam,low
26.152659,91.661869,harassment,high
26.145983,91.664211,assault,high
26.149269,91.667442,assault,medium
26.15267,91.66417,theft,high
26.156605,91.662407,scam,low
26.153157,91.667425,scam,low
26.1508,91.666401,harassment,medium
26.153121,91.664556,harassment,low
26.149957,91.666866,harassment,medium
26.155356,91.662423,harassment,medium
26.151004,91.662153,accident,high
26.152202,91.667087,theft,medium
26.149892,91.666841,lost_person,low
26.15279,91.664222,harassment,medium
26.147389,91.664077,lost_person,medium
26.150816,91.669178,accident,medium
26.153536,91.662382,theft,low
26.146454,91.665373,harassment,high
26.155514,91.664572,theft,medium
26.150636,91.662053,accident,low
26.151494,91.665813,theft,critical
26.151803,91.659103,accident,low
26.148029,91.66627,lost_person,medium
26.150919,91.660972,assault,critical
26.15236,91.662476,lost_person,high
26.14962,91.665762,assault,low
26.149192,91.667561,harassment,low
26.155718,91.667395,theft,low
26.149807,91.664839,harassment,medium
26.155135,91.664709,scam,high
26.153449,91.666267,accident,critical
26.155333,91.661613,theft,medium
26.156527,91.667068,harassment,critical
26.152601,91.666391,scam,medium
26.149738,91.664085,assault,medium
26.150685,91.66286,accident,high
26.150177,91.657965,theft,low
26.152306,91.668657,theft,high
26.153179,91.666358,scam,medium
26.155416,91.659483,lost_person,medium
26.146019,91.664547,scam,low
26.149913,91.664416,accident,medium
26.151048,91.665997,scam,medium
26.156233,91.663927,theft,medium
26.14997,91.668981,scam,low
26.156332,91.665331,harassment,critical
26.153791,91.663778,lost_person,medium
26.149106,91.663916,lost_person,medium
26.153959,91.664536,harassment,medium
26.15203,91.660162,scam,medium
26.153916,91.663048,lost_person,critical
26.150346,91.66599,lost_person,high
26.152591,91.667205,lost_person,medium
26.152231,91.668017,theft,low
26.155221,91.66507,harassment,medium
26.154332,91.666665,harassment,critical
26.147693,91.665699,assault,medium
26.146823,91.66362,theft,medium
26.1529,91.664359,theft,low
26.154511,91.666952,accident,low
26.14921,91.664987,scam,low
26.148279,91.665479,scam,medium
26.154675,91.667673,assault,low
26.151497,91.665604,harassment,medium
26.151017,91.662038,accident,high
26.154269,91.666646,scam,high
26.154636,91.665522,scam,high
26.148553,91.663845,assault,low
26.150584,91.662109,lost_person,medium
26.15515,91.664275,accident,low
26.149063,91.664349,lost_person,high
26.148582,91.666071,assault,medium
26.147396,91.663047,scam,medium
26.152481,91.665029,accident,medium
26.151014,91.663568,theft,low
26.150387,91.666894,harassment,medium
26.153838,91.668096,scam,low
26.152715,91.660438,accident,critical
26.153015,91.660093,assault,low
26.151473,91.667397,harassment,medium
26.15053,91.663063,lost_person,critical
26.150462,91.665002,assault,low
26.153359,91.661004,theft,low
26.152462,91.663682,lost_person,medium
26.151201,91.665218,assault,medium
26.155323,91.665833,lost_person,low
26.147704,91.665468,theft,high
26.148984,91.664982,scam,critical
26.149451,91.664028,assault,high
26.149867,91.663808,accident,high
26.154577,91.663715,scam,medium
26.152876,91.664241,lost_person,high
26.150367,91.668815,accident,low
26.153664,91.6647,harassment,high
26.154721,91.665418,accident,low
26.146125,91.662705,harassment,low
26.151683,91.661647,lost_person,low
26.150566,91.665732,harassment,low
26.154706,91.664592,harassment,medium
26.149806,91.665911,harassment,low
26.151776,91.664271,lost_person,medium
26.1539,91.666781,harassment,high
26.151051,91.663662,assault,low
26.153746,91.666245,scam,high
26.151293,91.666378,scam,low
26.152969,91.66403,assault,low
26.148035,91.66797,lost_person,medium
26.153371,91.661895,harassment,low
26.154416,91.669674,lost_person,medium
26.153452,91.664967,lost_person,high
26.151792,91.662531,theft,medium
26.153607,91.661766,scam,low
26.152722,91.666679,scam,high
26.15407,91.661721,scam,high
26.152295,91.665133,scam,low
26.152698,91.662901,theft,high
26.152769,91.662101,theft,medium
26.157585,91.669306,scam,low
26.15256,91.665655,theft,medium
26.15341,91.667777,assault,medium
26.153253,91.668529,lost_person,high
26.150375,91.665774,theft,high
26.151063,91.664911,harassment,high
26.150381,91.659562,harassment,medium
26.153586,91.66696,scam,medium
26.151817,91.666121,theft,medium
26.148656,91.664884,harassment,low
26.150449,91.664836,theft,low
26.149746,91.664755,assault,low
26.148219,91.662138,scam,medium
26.154653,91.663976,assault,medium
26.15433,91.665277,lost_person,low
26.151073,91.661721,assault,high
26.153275,91.665459,theft,low
26.15347,91.665662,scam,medium
26.148311,91.665937,lost_person,low
26.15289,91.666795,accident,low
26.155491,91.662341,theft,low
26.153539,91.662842,accident,high
26.1526,91.666392,scam,high
26.152624,91.6627,harassment,medium
26.15322,91.66215,lost_person,medium
26.152533,91.663922,scam,medium
26.151664,91.662287,theft,low
26.150486,91.663079,theft,medium
26.15117,91.67012,accident,high
26.153184,91.66316,assault,medium
26.148917,91.664598,theft,medium
26.149071,91.665222,assault,high
26.153695,91.665379,scam,low
26.150589,91.662057,harassment,critical
26.155297,91.667464,harassment,medium
26.15168,91.665337,accident,high
26.149877,91.661726,scam,low
26.151501,91.665959,theft,high
26.149752,91.663738,lost_person,medium
26.151218,91.663999,harassment,high
26.152814,91.668626,harassment,low
26.149971,91.663365,harassment,medium
26.151249,91.663111,accident,medium
26.152154,91.669002,harassment,high
26.149432,91.664106,scam,medium
26.151982,91.664718,harassment,medium
26.149907,91.665609,assault,high
26.15447,91.663796,scam,high
26.151324,91.662467,assault,critical
26.151127,91.6608,scam,medium
26.154366,91.664063,harassment,low
26.148254,91.663953,scam,low
26.154831,91.666385,harassment,high
26.151241,91.667848,theft,high
26.152437,91.664646,harassment,low
26.155206,91.665563,scam,medium
26.147462,91.661206,assault,medium
26.14878,91.660125,lost_person,low
26.152313,91.670026,scam,critical
26.149457,91.663941,lost_person,low
26.151852,91.668184,lost_person,high
26.152259,91.665575,accident,low
26.151407,91.668581,scam,low
26.152587,91.663373,accident,medium
26.150543,91.665688,harassment,medium
26.153139,91.663688,scam,critical
26.149863,91.663342,harassment,low
26.152101,91.668031,assault,medium
26.152381,91.667097,scam,medium
26.150382,91.665319,assault,low
26.150948,91.669778,accident,low
26.153398,91.66695,accident,low
26.150721,91.666896,accident,low
26.155117,91.660899,harassment,high
26.153037,91.662875,theft,medium
26.151273,91.662459,scam,medium
26.15205,91.664629,harassment,low
26.154395,91.668986,assault,medium
26.150153,91.664538,theft,medium
26.152017,91.664347,scam,low
26.148538,91.665412,harassment,medium
26.157848,91.663439,accident,medium
26.152324,91.667093,harassment,critical
26.151407,91.66788,accident,low
26.151239,91.661889,theft,critical
26.149062,91.664711,accident,medium
26.150073,91.664747,accident,low
26.151036,91.662406,accident,medium
26.151218,91.665154,theft,high
26.150403,91.663405,lost_person,high
26.151905,91.666936,harassment,medium
26.151089,91.669412,theft,critical
26.152442,91.663982,accident,medium
26.149593,91.66565,theft,high
26.153471,91.664036,lost_person,high
26.153684,91.666517,harassment,high
26.151851,91.665464,assault,low
26.154357,91.667306,accident,critical
26.155608,91.664102,lost_person,medium
26.148654,91.664765,accident,high
26.154696,91.667659,theft,medium
26.153555,91.662844,assault,high
26.147193,91.665797,lost_person,high
26.15036,91.662179,theft,medium
26.153062,91.662712,assault,low
26.153434,91.666472,accident,low
26.153598,91.664665,scam,medium
26.152247,91.665171,assault,medium
26.148133,91.664642,accident,high
26.150103,91.664467,harassment,high
26.153871,91.671881,accident,low
26.149956,91.663338,scam,low
26.150709,91.66311,accident,medium
26.150644,91.664958,scam,low
26.15094,91.662107,scam,high
26.154488,91.666356,assault,critical
26.15177,91.665695,theft,low
26.153057,91.6605,harassment,medium
26.151125,91.662222,assault,low
26.151775,91.663866,scam,critical
26.150052,91.665859,accident,high
26.152347,91.663164,lost_person,medium
26.149527,91.66789,accident,critical
26.148691,91.667176,scam,medium
26.15158,91.662213,accident,medium
26.150092,91.663849,lost_person,low
26.151031,91.667617,accident,medium
26.147691,91.667963,lost_person,medium
26.14834,91.665935,lost_person,low
26.151203,91.667378,assault,medium
26.152428,91.663124,accident,critical
26.148019,91.665004,lost_person,critical
26.150021,91.664908,harassment,high
26.148079,91.666844,scam,high
26.153801,91.665718,harassment,high
26.151301,91.668717,scam,critical
26.153584,91.664478,scam,critical
26.151042,91.665154,harassment,low
26.148609,91.667616,accident,low
26.151539,91.667196,lost_person,high
26.151848,91.667799,lost_person,medium
26.153354,91.662602,lost_person,high
26.149198,91.664889,accident,low
26.147821,91.666593,assault,high
26.149888,91.662429,theft,high
26.148335,91.668348,lost_person,low
26.152757,91.665122,theft,high
26.152598,91.666141,assault,low
26.15143,91.663448,lost_person,low
26.149802,91.66278,harassment,medium
26.148616,91.668269,scam,low
26.154113,91.6673,lost_person,medium
26.148235,91.662747,scam,medium
26.15257,91.664055,accident,low
26.148563,91.665509,assault,low
26.148815,91.668284,lost_person,high
26.150686,91.668295,scam,high
26.153431,91.662361,accident,medium
26.150608,91.664668,theft,high
26.153838,91.667508,lost_person,low
26.155162,91.664331,assault,low
26.148323,91.662295,lost_person,high
26.151198,91.668339,theft,medium
26.153119,91.666523,scam,medium
26.155085,91.663014,assault,high
26.148415,91.664061,lost_person,medium
26.150695,91.665352,scam,low
26.152625,91.662041,assault,high
26.149312,91.667044,theft,low
26.154931,91.664888,assault,high
26.152212,91.663489,scam,medium
26.15321,91.663162,lost_person,low
26.149303,91.664762,theft,low
26.151566,91.669818,theft,high
26.155761,91.660923,theft,high
26.151594,91.66592,harassment,low
26.150897,91.667367,harassment,low
26.149588,91.665089,harassment,low
26.152599,91.664549,accident,low
26.151161,91.662258,theft,low
26.152626,91.661788,accident,low
26.151297,91.660093,accident,low
26.154739,91.66266,lost_person,high
26.149098,91.666885,accident,medium
26.150245,91.66566,lost_person,high
26.150322,91.665732,harassment,medium
26.151287,91.664562,theft,medium
26.151655,91.665754,harassment,high
26.154604,91.660347,lost_person,low
26.152205,91.666958,scam,high
26.154132,91.666498,assault,low
26.152186,91.664167,accident,low
26.152177,91.666581,accident,medium
26.150763,91.669701,harassment,medium
26.149203,91.663901,lost_person,medium
26.151057,91.665269,harassment,medium
26.151913,91.664149,theft,high
26.150348,91.666346,lost_person,high
26.153709,91.66671,harassment,low
26.150536,91.666816,harassment,low
26.149318,91.661923,accident,medium
26.153532,91.66538,lost_person,medium
26.15456,91.667221,assault,high
26.152273,91.664179,lost_person,low
26.150525,91.666243,lost_person,low
26.152379,91.664325,lost_person,high
26.149861,91.668157,lost_person,low
26.151475,91.665746,lost_person,high
26.152938,91.666172,theft,low
26.152929,91.667995,lost_person,high
26.152432,91.660497,theft,high
26.152765,91.665647,lost_person,critical
26.153031,91.666807,assault,high
26.14766,91.665517,scam,high
26.15516,91.667421,lost_person,medium
26.149297,91.660023,lost_person,medium
26.152234,91.66562,scam,low
26.152654,91.666854,assault,low
26.150784,91.662381,accident,high
26.152876,91.666417,assault,medium
26.150268,91.667304,assault,low
26.151965,91.663973,scam,high
26.15359,91.658693,accident,low
26.149762,91.66589,accident,medium
26.15224,91.662096,theft,low
26.154689,91.66792,lost_person,low
26.150886,91.666158,harassment,high
26.149733,91.661671,scam,medium
26.151757,91.662678,accident,low
26.15095,91.665759,accident,critical
26.151133,91.664372,scam,high
26.152297,91.664329,scam,low
26.153602,91.667407,harassment,medium
26.149649,91.665124,lost_person,high
26.151156,91.663271,lost_person,high
26.151341,91.663811,theft,high
26.152184,91.667435,scam,medium
26.154325,91.664932,harassment,medium
26.151446,91.665724,theft,critical
26.153125,91.664667,theft,low
26.149449,91.664368,theft,medium
26.150506,91.666213,theft,high
26.148683,91.663698,harassment,medium
26.153993,91.664197,scam,low
26.152968,91.66457,theft,high
26.154511,91.663592,theft,medium
26.152017,91.662065,harassment,medium
26.150289,91.666798,accident,critical
26.154204,91.667277,assault,high
26.155943,91.664176,scam,low
26.149976,91.665826,accident,high
26.150649,91.661828,accident,high
26.154137,91.663865,assault,low
26.153453,91.663953,assault,medium
26.151133,91.668687,scam,medium
26.148823,91.66573,lost_person,medium
26.151318,91.664784,accident,low
26.150783,91.661514,assault,high
26.153876,91.667318,theft,medium
26.150389,91.66453,accident,low
26.152779,91.666894,theft,high
26.155935,91.662181,theft,critical
26.153421,91.669269,assault,high
26.152575,91.664615,accident,medium
26.151627,91.662046,accident,low
26.152689,91.669605,scam,low
26.152897,91.662303,lost_person,high
26.153297,91.667135,theft,low
26.151003,91.665976,lost_person,medium
26.151793,91.66527,assault,medium
26.14896,91.666098,lost_person,high
26.15407,91.663193,accident,critical
26.152318,91.665485,scam,high
26.152707,91.661488,scam,high
26.155939,91.66655,lost_person,critical
26.155399,91.665868,harassment,medium
26.151582,91.662628,lost_person,critical
26.152166,91.662889,lost_person,high
26.149463,91.66076,accident,medium
26.150788,91.665415,scam,low
26.152877,91.660357,assault,medium
26.149214,91.663362,harassment,low
26.154775,91.668814,theft,high
26.15107,91.666031,assault,medium
26.157984,91.664603,theft,low
26.154498,91.66017,harassment,low
26.148069,91.663263,theft,high
26.152874,91.664173,theft,medium
26.151345,91.665435,harassment,medium
26.153253,91.66071,assault,high
26.151665,91.666472,lost_person,low
26.14889,91.666255,theft,medium
26.152968,91.6626,accident,low
26.149163,91.666225,lost_person,critical
26.154737,91.671501,theft,high
26.154014,91.665076,theft,low
26.148616,91.66332,assault,critical
26.155948,91.665005,theft,medium
26.15197,91.662706,assault,low
26.153591,91.667301,lost_person,high
26.150754,91.666193,lost_person,low
26.153473,91.665141,accident,critical
26.156548,91.66567,theft,medium
26.150596,91.66506,theft,high
26.151917,91.664343,scam,high
26.151867,91.667727,accident,low
26.147698,91.665024,scam,medium
26.151451,91.66426,theft,critical
26.147552,91.665636,accident,high
26.154034,91.663338,theft,critical
26.154054,91.66797,theft,high
26.151739,91.663403,assault,medium
26.155001,91.665113,harassment,medium
26.152964,91.664935,harassment,low
26.154541,91.663874,scam,high
26.152649,91.666576,theft,medium
26.151952,91.664931,scam,low
26.151956,91.665887,accident,high
26.152905,91.667185,harassment,medium
26.152929,91.666136,scam,critical
26.156117,91.660751,lost_person,high
26.151459,91.665791,assault,medium
26.150052,91.661467,accident,high
26.151644,91.666935,scam,low
26.149124,91.66385,assault,low
26.154471,91.667087,lost_person,high
26.152763,91.666175,harassment,medium
26.155021,91.663269,theft,low
26.150159,91.665692,theft,medium
26.153094,91.666738,lost_person,high
26.151566,91.662418,scam,medium
26.150687,91.668241,lost_person,critical
26.150663,91.665165,theft,low
26.151163,91.666745,scam,high
26.156449,91.666467,assault,medium
26.152974,91.669526,theft,high
26.153245,91.663558,lost_person,medium
26.152262,91.664671,scam,medium
26.149932,91.666958,assault,medium
26.152462,91.663674,lost_person,low
26.150041,91.663744,scam,critical
26.155166,91.664066,theft,high
26.150848,91.665053,accident,medium
26.154847,91.664709,scam,low
26.152413,91.661462,assault,high
26.151417,91.667092,harassment,low
26.156722,91.662156,lost_person,low
26.149901,91.665728,harassment,high
26.150024,91.663139,assault,high
26.151855,91.662224,assault,medium
26.152791,91.66315,scam,high
26.151728,91.663776,scam,medium
26.150833,91.663676,accident,medium
26.154931,91.663974,scam,low
26.153579,91.66588,theft,low
26.150623,91.662273,harassment,low
26.157415,91.662233,scam,low
26.151878,91.662809,accident,low
26.153222,91.666568,accident,medium
26.148582,91.663334,theft,medium
26.153173,91.662279,harassment,low
26.148263,91.660394,assault,high
26.148974,91.663483,accident,low
26.148262,91.663635,assault,medium
26.152873,91.66597,accident,medium
26.151605,91.662977,lost_person,medium
26.150308,91.667133,theft,low
26.150623,91.664136,scam,low
26.153886,91.665449,assault,low
26.150574,91.66662,harassment,low
26.154962,91.66393,theft,high
26.153582,91.668375,accident,medium
26.153018,91.665148,scam,medium
26.153701,91.664053,accident,critical
26.15462,91.663448,assault,medium
26.153659,91.667084,assault,medium
26.14896,91.666196,lost_person,medium
26.153122,91.664743,theft,medium
26.152093,91.665184,theft,high
26.154959,91.66491,theft,low
26.150687,91.666818,scam,critical
26.152758,91.666136,assault,low
26.15291,91.665244,scam,high
26.154953,91.665532,assault,medium
26.150982,91.661502,harassment,high
26.150803,91.66338,accident,high
26.153731,91.66785,theft,high
26.154502,91.665121,harassment,medium
26.152454,91.665079,harassment,high
26.151281,91.664785,assault,medium
26.154572,91.664599,harassment,high
26.154104,91.661727,scam,medium
26.153618,91.665449,assault,critical
26.153651,91.663749,theft,medium
26.155222,91.666081,lost_person,high
26.153855,91.662494,theft,critical
26.153395,91.668138,scam,medium
26.152617,91.663151,scam,medium
26.154651,91.662933,lost_person,medium
26.153926,91.666223,accident,low
26.153173,91.668173,theft,low
26.153417,91.664264,lost_person,medium
26.150448,91.663824,scam,high
26.154233,91.665549,scam,medium
26.151776,91.662245,assault,medium
26.155531,91.666771,harassment,low
26.152345,91.662735,accident,high
26.15362,91.667901,scam,medium
26.150982,91.664721,assault,high
26.151215,91.66745,assault,low
26.15137,91.669589,assault,high
26.149588,91.662416,accident,medium
26.150487,91.666982,assault,low
26.153013,91.664399,lost_person,medium
26.152971,91.665018,lost_person,high
26.151045,91.665534,harassment,medium
26.151995,91.666088,lost_person,low
26.153502,91.66612,lost_person,low
26.151522,91.660555,lost_person,high
26.149867,91.667104,accident,medium
26.152671,91.663763,lost_person,medium
26.152933,91.664605,accident,low
26.150919,91.666573,lost_person,high
26.152594,91.664757,lost_person,low
26.14853,91.664904,accident,high
26.153226,91.661142,lost_person,medium
26.148643,91.666969,assault,medium
26.15567,91.663718,scam,medium
26.152238,91.666051,lost_person,low
26.155961,91.664303,harassment,low
26.153321,91.668,harassment,high
26.15464,91.66459,harassment,medium
26.150775,91.671031,harassment,high
26.150031,91.667639,harassment,medium
26.146508,91.664676,harassment,medium
26.153112,91.665134,harassment,critical
26.151679,91.667064,assault,high
26.15327,91.66396,harassment,critical
26.149836,91.662825,assault,medium
26.153068,91.665475,accident,medium
26.150887,91.662903,scam,high
26.151317,91.669604,harassment,medium
26.150895,91.662207,accident,high
26.148674,91.659467,assault,low
26.154359,91.665776,theft,critical
26.152506,91.667005,harassment,medium
26.148723,91.663369,assault,critical
26.152408,91.663597,accident,low
26.150217,91.666909,accident,medium
26.151453,91.663764,harassment,medium
26.152579,91.665589,assault,medium
26.14653,91.663808,accident,low
26.1513,91.665123,harassment,medium
26.148859,91.666732,theft,medium
26.151586,91.666833,scam,critical
26.154657,91.664356,harassment,medium
26.151827,91.666452,lost_person,high
26.1568,91.664244,harassment,critical
26.151262,91.659274,scam,low
26.147724,91.664625,harassment,low
26.152182,91.663941,accident,medium
26.156668,91.661409,assault,low
26.148671,91.661354,scam,critical
26.150962,91.663206,lost_person,medium
26.148842,91.666118,lost_person,low
26.150813,91.666144,scam,high
26.151942,91.66513,accident,low
26.149718,91.66374,theft,medium
26.149916,91.663597,theft,low
26.148091,91.664138,lost_person,low
26.152973,91.664455,harassment,critical
26.153602,91.661851,harassment,medium
26.150692,91.664893,harassment,low
26.152815,91.665116,scam,critical
26.152788,91.66703,assault,critical
26.15093,91.658489,harassment,medium
26.153444,91.668344,harassment,critical
26.15532,91.665333,theft,medium
26.150799,91.666546,assault,low
26.151396,91.666988,harassment,low
26.153086,91.667923,accident,medium
26.153936,91.665482,scam,critical
26.155279,91.664154,theft,medium
26.149347,91.668636,harassment,high
26.151092,91.666621,lost_person,low
26.152269,91.666338,harassment,medium
26.150769,91.668118,accident,low
26.152485,91.666767,scam,critical
26.152515,91.668305,scam,low
26.154191,91.664636,accident,medium
26.150846,91.668743,scam,low
26.150396,91.665312,assault,medium
26.149411,91.668764,accident,high
26.151758,91.663918,scam,low
26.152171,91.665784,theft,medium
26.151218,91.662958,harassment,high
26.150083,91.667089,theft,low
26.149788,91.662354,theft,high
26.150123,91.6646,scam,medium
26.151313,91.664754,theft,low
26.152016,91.66511,lost_person,low
26.150955,91.667429,scam,medium
26.152553,91.662725,theft,high
26.151535,91.663093,accident,low
26.147966,91.66406,harassment,low
26.151468,91.66292,lost_person,medium
26.15498,91.670809,lost_person,low
26.152157,91.666781,theft,high
26.149937,91.667741,scam,medium
26.149532,91.668226,scam,medium
26.146136,91.663624,harassment,medium
26.153158,91.6665,scam,high
26.1529,91.664504,lost_person,high
26.150916,91.667265,accident,high
26.150666,91.667848,lost_person,medium
26.155976,91.666149,accident,medium
26.154054,91.668273,accident,medium
26.154293,91.668387,scam,medium
26.152838,91.666842,harassment,high
26.152098,91.659723,harassment,low
26.148711,91.663771,lost_person,critical
26.15363,91.661982,harassment,high
26.152479,91.661216,accident,low
26.153581,91.663883,accident,medium
26.153754,91.666602,lost_person,medium
26.153848,91.667402,harassment,low
26.148188,91.662249,harassment,medium
26.150933,91.662592,accident,medium
26.151017,91.667704,harassment,medium
26.148617,91.665553,lost_person,medium
26.147926,91.667949,accident,low
26.154204,91.665166,scam,medium
26.151478,91.663437,harassment,medium
26.154534,91.664189,lost_person,critical
26.154791,91.662814,theft,medium
26.156019,91.667197,accident,low
26.14875,91.663953,assault,medium
26.148874,91.664321,theft,high
26.151944,91.666029,theft,medium
26.152158,91.66505,theft,low
26.150086,91.665399,harassment,medium
26.155285,91.663873,lost_person,low
26.152047,91.664616,scam,low
26.151283,91.667349,harassment,high
26.154746,91.666249,assault,high
26.154766,91.665648,accident,medium
26.151675,91.664481,harassment,critical
26.150785,91.663134,lost_person,medium
26.150769,91.665827,accident,medium
26.153129,91.666052,harassment,medium
26.149978,91.662633,assault,low
26.148492,91.663629,scam,high
26.150871,91.661087,lost_person,low
26.157197,91.663363,lost_person,medium
26.152779,91.664892,harassment,medium
26.147565,91.666752,accident,medium
26.153766,91.66587,assault,low
26.152406,91.665589,harassment,high
26.149865,91.664505,theft,critical
26.150486,91.665459,assault,critical
26.149127,91.665395,accident,medium
26.150388,91.665061,lost_person,high
26.154498,91.665108,assault,high
26.15169,91.66168,accident,high
26.150594,91.664657,lost_person,medium
26.153496,91.662326,scam,low
26.154172,91.668215,theft,high
26.151812,91.66596,accident,medium
26.150695,91.664449,harassment,medium
26.153331,91.665722,scam,low
26.153335,91.66616,harassment,low
26.153355,91.667299,theft,medium
26.150605,91.66228,lost_person,low
26.153432,91.66177,harassment,low
26.148723,91.66089,theft,low
26.155064,91.663137,harassment,medium
26.153168,91.666677,scam,low
26.151621,91.667043,accident,medium
26.153532,91.662137,accident,high
26.149032,91.664619,scam,low
26.147437,91.662769,scam,medium
26.150748,91.664563,accident,low
26.150004,91.663586,harassment,low
26.15402,91.665468,assault,low
26.151975,91.669057,scam,medium
26.149028,91.663457,scam,medium
26.153326,91.664129,assault,low
26.156832,91.667202,scam,medium
26.154307,91.662447,scam,medium
26.15012,91.662512,lost_person,high
26.152571,91.663584,lost_person,low
26.153299,91.659061,assault,critical
26.151043,91.664442,accident,medium
26.15186,91.665176,harassment,medium
26.149784,91.663885,lost_person,high
26.152862,91.660229,accident,medium
26.152137,91.662836,scam,medium
26.152755,91.666845,scam,medium
26.150331,91.663735,theft,high
26.153785,91.665388,accident,low
26.154697,91.667213,assault,high
26.155478,91.663227,accident,low
26.153846,91.670574,lost_person,low
26.153793,91.666818,harassment,high
26.156909,91.664404,scam,medium
26.15097,91.665674,theft,medium
26.155201,91.666783,assault,medium
26.153133,91.662374,lost_person,low
26.153057,91.667662,scam,medium
26.151545,91.664518,accident,medium
26.15273,91.664555,accident,low
26.14764,91.662745,scam,medium
26.150462,91.6663,harassment,high
26.153819,91.659766,theft,medium
26.155121,91.667196,accident,critical
26.151625,91.664999,accident,high
26.153273,91.664968,scam,medium
26.153808,91.665789,harassment,low
26.152261,91.666219,lost_person,medium
26.150254,91.664668,theft,low
26.153232,91.663557,scam,high
26.150226,91.667388,theft,medium
26.150971,91.666288,theft,low
26.151931,91.664899,theft,medium
26.15508,91.664103,lost_person,high
26.148055,91.666901,scam,low
26.151913,91.668626,scam,medium
26.150802,91.664123,scam,medium
26.153994,91.664293,theft,low
26.152284,91.66432,harassment,high
26.146647,91.665269,lost_person,low
26.152869,91.663395,lost_person,low
26.150966,91.662818,lost_person,low
26.147475,91.662085,accident,low
26.150454,91.663484,theft,low
26.147318,91.663407,scam,low
26.150812,91.669079,harassment,high
26.150974,91.661419,harassment,high
26.152534,91.662593,accident,medium
26.154533,91.662654,harassment,high
26.151367,91.663817,lost_person,low
26.15416,91.667548,theft,medium
26.153434,91.663973,theft,high
26.155905,91.664895,accident,medium
26.152934,91.663915,theft,low
26.155287,91.666585,accident,low
26.152011,91.663562,accident,low
26.150095,91.666949,assault,high
26.151431,91.664539,lost_person,medium
26.155369,91.661888,accident,medium
26.153367,91.662286,lost_person,low
26.151388,91.663283,accident,medium
26.153117,91.665382,assault,medium
26.152253,91.668203,accident,high
26.149079,91.658098,lost_person,low
26.150311,91.664484,theft,medium
26.154614,91.664782,theft,low
26.153749,91.667368,harassment,medium
26.152911,91.667721,theft,low
26.154066,91.666274,lost_person,medium
26.153447,91.665111,scam,medium
26.150281,91.661565,harassment,medium
26.153744,91.666927,scam,medium
26.153813,91.660793,accident,medium
26.155142,91.661804,scam,critical
26.150143,91.664378,harassment,low
26.152928,91.666077,scam,high
26.150364,91.663872,lost_person,low
26.154011,91.666705,scam,medium
26.154443,91.664841,theft,medium
26.154868,91.6674,scam,high
26.153287,91.664106,harassment,medium
26.150842,91.66384,harassment,medium
26.151548,91.66242,assault,low
26.154515,91.663262,harassment,low
26.154647,91.664212,harassment,medium
26.149042,91.667874,harassment,low
26.150292,91.664043,harassment,high
26.153155,91.662924,lost_person,low
26.154941,91.667997,theft,medium
26.153459,91.665931,lost_person,critical
26.152887,91.663018,assault,low
26.151881,91.666664,scam,high
26.154111,91.663651,theft,medium
26.152238,91.666624,theft,low
26.151516,91.664194,lost_person,medium
26.152849,91.663849,harassment,medium
26.153478,91.662624,lost_person,low
26.151743,91.666636,lost_person,medium
26.150171,91.66504,theft,critical
26.151038,91.669479,scam,medium
26.151279,91.663854,assault,medium
26.151418,91.663224,assault,medium
26.148996,91.659058,harassment,low
26.15505,91.663939,assault,low
26.151602,91.664215,lost_person,low
26.152576,91.660553,theft,high
26.156219,91.665178,lost_person,medium
26.153711,91.663947,assault,medium
26.149128,91.661541,accident,low
26.153809,91.668206,assault,high
26.154606,91.665744,harassment,medium
26.15438,91.669662,accident,low
26.149117,91.666269,harassment,medium
26.150451,91.667548,scam,low
26.154819,91.662153,scam,high
26.152117,91.665953,scam,low
26.151288,91.666859,assault,low
26.153698,91.662468,harassment,high
26.152936,91.66554,scam,low
26.149638,91.663633,accident,high
26.151486,91.663605,assault,high
26.14922,91.666475,harassment,high
26.152943,91.667673,theft,critical
26.154627,91.666261,accident,low
26.150174,91.663682,assault,low
26.153633,91.662302,scam,medium
26.156214,91.666243,harassment,high
26.14947,91.66604,theft,low
26.154116,91.66262,assault,medium
26.149257,91.66695,theft,low
26.155611,91.663131,assault,medium
26.151706,91.667023,scam,high
26.152745,91.665252,assault,high
26.153072,91.666679,harassment,medium
26.154704,91.660125,theft,critical
26.154434,91.665104,lost_person,low
26.149586,91.665919,theft,medium
26.154167,91.660444,accident,low
26.151939,91.667079,accident,medium
26.150962,91.66251,theft,low
26.154179,91.667095,scam,low
26.152601,91.664363,lost_person,low
26.148918,91.662505,accident,high
26.153153,91.664149,lost_person,low
26.154359,91.663727,theft,high
26.149345,91.666526,lost_person,low
26.152301,91.667625,lost_person,low
26.152613,91.6647,assault,low
26.1533,91.666373,assault,critical
26.149018,91.664444,accident,low
26.155219,91.664441,theft,medium
26.152824,91.665521,theft,high
26.151937,91.667204,assault,medium
26.154877,91.663979,assault,high
26.154857,91.663186,lost_person,high
26.150299,91.660253,accident,critical
26.151019,91.662553,assault,low
26.154038,91.66506,lost_person,medium
26.152101,91.666555,harassment,low
26.153266,91.669035,lost_person,medium
26.152643,91.660321,scam,medium
26.15164,91.66138,accident,critical
26.15212,91.665478,assault,medium
26.152733,91.664223,scam,low
26.148842,91.667048,lost_person,medium
26.151631,91.665403,harassment,low
26.153809,91.664922,harassment,critical
26.151846,91.662567,assault,medium
26.154553,91.665557,harassment,medium
26.149316,91.661555,scam,medium
26.155217,91.661367,accident,low
26.153073,91.665139,harassment,high
26.15322,91.663036,scam,medium
26.152998,91.6621,assault,medium
26.152353,91.664651,lost_person,low
26.154783,91.663792,harassment,high
26.151631,91.666036,lost_person,high
26.153606,91.664616,theft,low
26.154676,91.664205,lost_person,low
26.153591,91.668749,assault,high
26.15122,91.661229,assault,critical
26.15102,91.666653,theft,medium
26.154008,91.663114,assault,critical
26.151394,91.666747,theft,low
26.152299,91.666567,lost_person,low
26.153235,91.663933,lost_person,low
26.152834,91.666897,lost_person,medium
26.154369,91.658631,accident,critical
26.149325,91.661574,harassment,high
26.153823,91.662704,harassment,low
26.153768,91.665232,theft,medium
26.151549,91.664185,harassment,medium
26.15087,91.666659,harassment,low
26.15245,91.662505,lost_person,high
26.151657,91.665865,lost_person,medium
26.152054,91.665882,assault,medium
26.152728,91.665433,scam,medium
26.150309,91.667795,lost_person,low
26.150246,91.667158,scam,low
26.152095,91.664247,theft,medium
26.154571,91.664043,scam,low
26.152585,91.665684,lost_person,medium
26.153708,91.667646,harassment,medium
26.15332,91.664548,scam,high
26.152489,91.668945,harassment,medium
26.151033,91.66859,harassment,medium
26.149608,91.666702,harassment,medium
26.152578,91.66626,harassment,medium
26.155062,91.663531,harassment,low
26.149979,91.661951,harassment,high
26.148313,91.663495,harassment,low
26.155285,91.665633,lost_person,low
26.15443,91.664462,theft,medium
26.151683,91.668049,accident,medium
26.154552,91.665041,accident,low
26.151138,91.663367,assault,medium
26.151996,91.666367,accident,high
26.155074,91.664302,scam,medium
26.15002,91.665713,theft,medium
26.153037,91.663035,scam,critical
26.154961,91.665272,lost_person,medium
26.153767,91.664734,lost_person,low
26.152221,91.667192,lost_person,low
26.150644,91.665746,assault,low
26.155032,91.668846,assault,high
26.148705,91.666973,assault,critical
26.150941,91.66595,harassment,medium
26.149601,91.667093,scam,medium
26.152773,91.665913,theft,low
26.153962,91.665262,accident,high
26.152576,91.667138,accident,low
26.156654,91.662158,accident,medium
26.15467,91.666304,lost_person,medium
26.153192,91.664592,theft,high
26.153672,91.662993,harassment,high
26.153882,91.668732,theft,medium
26.152505,91.66814,theft,high
26.148136,91.667799,lost_person,low
26.155982,91.660528,theft,low
26.153445,91.664208,theft,medium
26.151519,91.658986,lost_person,medium
26.151553,91.665403,lost_person,high
26.152613,91.66273,lost_person,high
26.153132,91.663462,lost_person,medium
26.153065,91.663712,harassment,medium
26.15269,91.664949,lost_person,medium
26.14856,91.66242,assault,low
26.154815,91.666179,scam,high
26.15137,91.667202,theft,high
26.152352,91.66754,harassment,medium
26.153371,91.664853,harassment,low
26.151922,91.666521,assault,medium
26.154895,91.6648,scam,low
26.151937,91.667084,lost_person,medium
26.148141,91.663974,theft,medium
26.151421,91.664263,theft,medium
26.150814,91.669303,lost_person,medium
26.148945,91.665136,scam,medium
26.151068,91.667721,theft,medium
26.150756,91.662442,harassment,medium
26.149007,91.664697,theft,high
26.152515,91.664405,assault,medium
26.156381,91.66374,assault,low
26.151463,91.663026,harassment,medium
26.151324,91.663242,scam,low
26.153798,91.664314,theft,medium
26.154925,91.664178,lost_person,medium
26.151692,91.666709,accident,high
26.150834,91.666466,accident,medium
26.148822,91.661145,harassment,high
26.152012,91.664832,theft,low
26.152242,91.664681,assault,high
26.154735,91.666441,lost_person,medium
26.149243,91.66422,harassment,high
26.151035,91.660844,assault,low
26.153147,91.6677,lost_person,medium
26.153712,91.663091,accident,medium
26.1535,91.663545,harassment,medium
26.151478,91.665296,accident,high
26.150168,91.671274,accident,low
26.150127,91.662382,scam,high
26.1456,91.663962,accident,medium
26.150514,91.662531,scam,low
26.152697,91.662145,theft,medium
26.153006,91.662369,theft,low
26.15173,91.657775,accident,high
26.153294,91.665794,accident,high
26.151522,91.666409,lost_person,medium
26.152196,91.664486,lost_person,low
26.148521,91.663307,theft,critical
26.152199,91.666008,lost_person,medium
26.153736,91.666959,theft,low
26.156118,91.666226,harassment,medium
26.14865,91.665926,theft,medium
26.149129,91.664293,accident,medium
26.152175,91.664633,harassment,medium
26.153287,91.666455,assault,low
26.153141,91.664752,assault,high
26.154742,91.66411,harassment,medium
26.15023,91.664909,harassment,medium
26.15068,91.661631,accident,medium
26.15176,91.66359,harassment,medium
26.154714,91.664981,theft,low
26.150394,91.663312,scam,critical
26.154562,91.667831,assault,medium
26.155517,91.668139,theft,low
26.152021,91.665309,theft,high
26.153222,91.664754,theft,low
26.152351,91.660257,accident,high
26.154615,91.666068,harassment,low
26.149924,91.664503,assault,low
26.153822,91.664046,lost_person,low
26.153871,91.665758,scam,medium
26.151171,91.66554,assault,medium
26.155638,91.665096,harassment,medium
26.153285,91.667937,lost_person,medium
26.15309,91.665959,lost_person,medium
26.151913,91.661935,lost_person,low
26.154306,91.662925,accident,critical
26.151783,91.666164,harassment,low
26.150898,91.6655,harassment,low
26.151527,91.663571,harassment,medium
26.148257,91.664958,accident,medium
26.15205,91.66756,harassment,medium
26.154653,91.664519,assault,medium
26.150387,91.663461,accident,medium
26.148703,91.667645,scam,high
26.155398,91.664665,theft,medium
26.148814,91.666555,accident,low
26.15169,91.6625,assault,medium
26.14974,91.663311,harassment,high
26.153007,91.664582,theft,medium
26.152326,91.665652,accident,medium
26.152019,91.663535,scam,medium
26.152904,91.665985,accident,medium
26.157278,91.666397,assault,medium
26.149723,91.663223,assault,medium
26.152777,91.665117,lost_person,high
26.154149,91.665483,theft,low
26.156527,91.66616,scam,high
26.153442,91.663029,theft,medium
26.150388,91.662417,scam,low
26.149406,91.66639,accident,medium
26.154286,91.663467,harassment,critical
26.154637,91.662298,scam,low
26.159299,91.663533,lost_person,high
26.152524,91.666052,theft,medium
26.148637,91.664269,theft,medium
26.15159,91.669424,theft,high
26.153045,91.664132,theft,medium
26.15021,91.661931,harassment,low
26.149696,91.664636,assault,medium
26.154178,91.662337,scam,low
26.151253,91.666119,scam,medium
26.150577,91.665195,assault,high
26.150102,91.665181,theft,medium
26.152372,91.665975,scam,low
26.152622,91.666005,accident,medium
26.151831,91.663288,scam,low
26.148628,91.669206,assault,medium
26.150691,91.665209,theft,low
26.15257,91.662622,theft,medium
26.152059,91.661292,assault,medium
26.15239,91.667997,harassment,low
26.151253,91.669397,scam,low
26.14863,91.663462,assault,high
26.14974,91.663337,theft,medium
26.1532,91.666171,assault,medium
26.154756,91.667592,harassment,medium
26.149841,91.667308,accident,medium
26.152424,91.662111,theft,high
26.150827,91.664275,harassment,high
26.15567,91.664283,lost_person,critical
26.152193,91.668197,assault,high
26.153865,91.669143,scam,high
26.15094,91.662714,theft,low
26.128598,91.80438,scam,medium
26.127659,91.800134,lost_person,critical
26.130318,91.800269,theft,high
26.125689,91.799993,accident,low
26.127601,91.800748,assault,low
26.130737,91.80056,assault,low
26.128736,91.800182,accident,low
26.126979,91.797765,lost_person,medium
26.130459,91.800691,theft,high
26.126415,91.802703,theft,low
26.129894,91.795062,theft,high
26.12249,91.803812,harassment,critical
26.1297,91.801404,assault,medium
26.126825,91.800024,lost_person,medium
26.130416,91.80039,accident,low
26.130223,91.803705,theft,low
26.128364,91.799584,harassment,medium
26.130641,91.798267,assault,high
26.1293,91.799581,theft,medium
26.128923,91.800335,harassment,low
26.125409,91.801338,theft,low
26.130096,91.799123,harassment,medium
26.131451,91.802001,theft,low
26.123536,91.799561,harassment,critical
26.130443,91.799347,theft,critical
26.128548,91.797836,lost_person,low
26.13257,91.80125,accident,high
26.131015,91.804356,scam,low
26.131072,91.799056,theft,medium
26.126716,91.798946,theft,low
26.128513,91.794005,harassment,low
26.12593,91.797283,scam,medium
26.126791,91.799021,lost_person,medium
26.130873,91.803062,scam,low
26.128392,91.800235,lost_person,medium
26.125712,91.79919,assault,low
26.128567,91.801761,harassment,medium
26.134136,91.802017,scam,high
26.131233,91.80174,harassment,medium
26.125004,91.800248,theft,low
26.130721,91.799361,scam,medium
26.129652,91.801508,harassment,medium
26.127803,91.798628,scam,high
26.131268,91.800943,lost_person,medium
26.131077,91.802206,assault,high
26.12661,91.802011,scam,medium
26.131699,91.799877,harassment,medium
26.130347,91.800296,lost_person,low
26.128116,91.800348,theft,medium
26.130378,91.805104,lost_person,medium
26.131134,91.798061,harassment,medium
26.12717,91.799662,lost_person,low
26.129538,91.801515,accident,medium
26.127605,91.801845,harassment,high
26.131041,91.799974,assault,low
26.130211,91.803039,theft,medium
26.129251,91.799359,assault,low
26.124748,91.798628,lost_person,medium
26.12854,91.801208,harassment,medium
26.130772,91.799291,scam,low
26.131173,91.802236,harassment,medium
26.131192,91.801385,harassment,low
26.130981,91.801993,lost_person,low
26.128218,91.797138,accident,low
26.130272,91.800473,harassment,high
26.131784,91.799192,lost_person,high
26.13073,91.80086,accident,low
26.1268,91.8,lost_person,low
26.130074,91.795182,scam,high
26.126596,91.801628,lost_person,high
26.126418,91.79859,harassment,critical
26.126737,91.79941,assault,medium
26.127816,91.799978,lost_person,critical
26.132421,91.797829,accident,medium
26.127538,91.7985,harassment,high
26.132356,91.794198,scam,critical
26.129807,91.802177,lost_person,low
26.13461,91.798919,scam,medium
26.127136,91.798423,scam,medium
26.129969,91.800917,harassment,low
26.12738,91.800791,assault,low
26.130405,91.803921,harassment,medium
26.126886,91.797953,assault,critical
26.129907,91.803082,accident,medium
26.125471,91.801272,harassment,medium
26.132452,91.797177,assault,medium
26.127037,91.798849,assault,low
26.129623,91.800034,scam,medium
26.125783,91.797428,accident,low
26.128035,91.797232,harassment,critical
26.129041,91.802386,scam,medium
26.129405,91.799872,scam,low
26.130331,91.798321,scam,high
26.13198,91.799897,accident,medium
26.127465,91.800033,assault,high
26.127517,91.803029,lost_person,medium
26.129395,91.794979,theft,medium
26.127894,91.799443,lost_person,low
26.127251,91.800022,theft,medium
26.127432,91.793702,accident,low
26.129111,91.801069,accident,medium
26.133262,91.79803,theft,low
26.127927,91.800802,theft,medium
26.129054,91.801275,assault,high
26.127082,91.798482,harassment,low
26.125342,91.794699,accident,low
26.130827,91.798949,assault,low
26.128162,91.799447,assault,medium
26.128626,91.799649,theft,low
26.12568,91.799836,scam,critical
26.132348,91.802112,accident,low
26.130532,91.798263,theft,high
26.128994,91.800116,harassment,medium
26.129023,91.80016,harassment,high
26.128625,91.80232,theft,high
26.127815,91.799052,lost_person,medium
26.128832,91.800486,assault,high
26.127495,91.801052,assault,high
26.126565,91.802435,theft,medium
26.132073,91.800686,theft,low
26.129345,91.7987,assault,medium
26.129587,91.801327,accident,low
26.130716,91.799688,assault,high
26.128847,91.801268,assault,medium
26.129233,91.796736,scam,low
26.126905,91.801213,lost_person,critical
26.128325,91.797733,harassment,low
26.12873,91.79277,accident,medium
26.131982,91.800656,assault,low
26.130327,91.801469,lost_person,high
26.131419,91.800646,scam,critical
26.12947,91.799301,accident,low
26.126496,91.799086,harassment,high
26.129549,91.799682,scam,critical
26.129153,91.799253,assault,low
26.130159,91.799956,lost_person,medium
26.123141,91.800307,harassment,high
26.130049,91.79956,scam,high
26.130746,91.799099,accident,critical
26.129042,91.797207,lost_person,medium
26.12815,91.797957,harassment,critical
26.12693,91.800819,lost_person,low
26.128835,91.799289,accident,low
26.127782,91.79885,assault,medium
26.130807,91.798235,scam,low
26.132209,91.796346,theft,low
26.129437,91.799803,accident,low
26.128835,91.798154,accident,medium
26.12918,91.800563,accident,low
26.129878,91.804163,accident,medium
26.126737,91.798801,assault,high
26.127222,91.798726,harassment,low
26.130127,91.798593,harassment,medium
26.126487,91.799844,accident,low
26.127781,91.801942,theft,medium
26.130384,91.801722,lost_person,medium
26.126097,91.798113,accident,medium
26.132406,91.801696,lost_person,low
26.128891,91.800059,scam,medium
26.126422,91.799954,accident,medium
26.125106,91.79701,theft,medium
26.128392,91.800994,harassment,medium
26.132677,91.800502,lost_person,medium
26.126172,91.799361,accident,high
26.126549,91.800909,lost_person,medium
26.131212,91.801183,assault,medium
26.131918,91.800773,theft,low
26.129129,91.797657,theft,medium
26.129905,91.798942,harassment,critical
26.128369,91.800169,assault,high
26.12914,91.797613,theft,low
26.130095,91.802072,theft,low
26.132207,91.805256,assault,low
26.12809,91.798635,scam,high
26.126428,91.801917,scam,medium
26.129422,91.800333,theft,medium
26.127926,91.802226,lost_person,critical
26.129727,91.797654,assault,high
26.126402,91.799637,accident,medium
26.133756,91.793969,assault,high
26.128093,91.804632,assault,low
26.132656,91.798299,theft,high
26.13384,91.800408,assault,medium
26.125705,91.796465,harassment,critical
26.127901,91.796866,scam,medium
26.122594,91.800851,harassment,high
26.134118,91.800572,theft,medium
26.12938,91.801452,harassment,medium
26.133315,91.801561,accident,critical
26.130533,91.803344,assault,medium
26.125512,91.798027,theft,medium
26.12441,91.799443,scam,high
26.126649,91.805978,theft,high
26.12762,91.79782,harassment,medium
26.128666,91.798107,accident,low
26.128997,91.79887,harassment,medium
26.129804,91.800389,lost_person,medium
26.12506,91.797944,accident,medium
26.129721,91.795331,scam,low
26.128934,91.799773,lost_person,high
26.13014,91.798285,assault,low
26.130708,91.798905,harassment,medium
26.130646,91.79946,assault,medium
26.128372,91.803214,theft,low
26.129257,91.799218,theft,low
26.128499,91.798755,scam,low
26.131866,91.798668,scam,medium
26.129201,91.80222,lost_person,medium
26.127115,91.797686,harassment,medium
26.130997,91.80333,accident,critical
26.131029,91.801986,accident,high
26.127971,91.800222,accident,high
26.127744,91.794298,theft,low
26.127802,91.799607,accident,low
26.129839,91.79916,assault,critical
26.128621,91.799594,harassment,low
26.128718,91.800009,theft,medium
26.125967,91.800797,lost_person,critical
26.129201,91.805257,scam,low
26.129871,91.799895,theft,low
26.126348,91.801109,accident,low
26.129093,91.800087,scam,medium
26.129813,91.798093,lost_person,medium
26.132052,91.801087,assault,medium
26.133986,91.802625,harassment,medium
26.129141,91.799535,accident,medium
26.130795,91.799924,accident,medium
26.12621,91.801685,scam,high
26.128982,91.800884,scam,medium
26.129878,91.800571,scam,medium
26.127527,91.798634,theft,medium
26.130477,91.798024,lost_person,medium
26.129042,91.805535,harassment,low
26.126089,91.797426,theft,high
26.128357,91.80208,lost_person,medium
26.12694,91.797987,scam,medium
26.127221,91.794842,assault,critical
26.132743,91.80077,theft,medium
26.128781,91.79965,scam,medium
26.125474,91.798785,accident,critical
26.125609,91.793062,harassment,high
26.129011,91.799108,scam,high
26.126744,91.801643,theft,high
26.127293,91.79862,scam,medium
26.129565,91.798241,lost_person,medium
26.126772,91.795658,lost_person,low
26.131041,91.800648,lost_person,critical
26.131464,91.799512,accident,critical
26.128842,91.804085,scam,high
26.127574,91.798373,theft,medium
26.127691,91.800381,theft,medium
26.12899,91.801781,scam,high
26.129664,91.79602,lost_person,high
26.131141,91.803102,assault,medium
26.131182,91.801148,theft,low
26.132038,91.804292,scam,low
26.125009,91.797205,lost_person,high
26.130477,91.79909,harassment,medium
26.128384,91.802983,assault,low
26.12714,91.800612,harassment,high
26.127981,91.798304,accident,medium
26.131712,91.799155,accident,medium
26.129163,91.803523,assault,low
26.125242,91.7975,scam,high
26.130361,91.797471,assault,medium
26.130259,91.798428,theft,critical
26.130833,91.799005,accident,high
26.127661,91.800459,theft,low
26.127703,91.798333,accident,high
26.128725,91.7995,accident,critical
26.127675,91.797308,scam,high
26.126541,91.797505,scam,low
26.13117,91.797191,lost_person,low
26.127027,91.798849,accident,high
26.132226,91.801708,harassment,low
26.129351,91.799826,lost_person,medium
26.125924,91.801263,harassment,low
26.126657,91.798462,accident,high
26.130223,91.803361,scam,medium
26.129279,91.801241,theft,high
26.127214,91.801065,lost_person,high
26.129187,91.797685,accident,medium
26.130697,91.798305,scam,medium
26.130576,91.796918,assault,medium
26.128266,91.802211,scam,medium
26.128156,91.796104,lost_person,low
26.128565,91.800982,scam,medium
26.130837,91.799783,scam,low
26.129983,91.79606,accident,critical
26.132097,91.800858,accident,medium
26.131395,91.798981,harassment,high
26.131448,91.79679,accident,medium
26.129363,91.802214,scam,low
26.130343,91.800638,theft,medium
26.128663,91.798151,assault,medium
26.128471,91.803049,accident,medium
26.126991,91.80258,lost_person,medium
26.131734,91.802111,lost_person,medium
26.126967,91.797219,scam,high
26.129045,91.800395,scam,medium
26.129727,91.798343,lost_person,high
26.128092,91.799114,accident,medium
26.127515,91.80367,accident,high
26.129782,91.801053,harassment,low
26.131658,91.79881,lost_person,critical
26.12972,91.800367,lost_person,medium
26.128994,91.798745,assault,medium
26.133759,91.797322,lost_person,high
26.130066,91.80393,harassment,medium
26.124433,91.795578,assault,medium
26.127965,91.799625,accident,medium
26.12988,91.799683,lost_person,low
26.125911,91.800433,harassment,high
26.129591,91.801219,scam,high
26.129467,91.798759,scam,high
26.127409,91.800315,harassment,low
26.130191,91.801499,lost_person,medium
26.12656,91.799219,accident,low
26.126804,91.797504,accident,low
26.128605,91.800069,scam,low
26.128397,91.79934,theft,critical
26.132554,91.796313,accident,medium
26.132082,91.798116,assault,critical
26.130967,91.80181,lost_person,high
26.130461,91.800601,scam,medium
26.124537,91.798454,lost_person,medium
26.129772,91.803373,theft,medium
26.128363,91.801619,assault,high
26.128378,91.799616,theft,critical
26.123545,91.801984,harassment,medium
26.130854,91.801708,accident,high
26.127632,91.800707,lost_person,low
26.128101,91.799448,assault,medium
26.129272,91.802986,assault,high
26.13008,91.797174,harassment,high
26.133975,91.800206,lost_person,medium
26.13394,91.801946,assault,medium
26.129289,91.798584,harassment,low
26.127239,91.795331,scam,critical
26.126177,91.79761,harassment,medium
26.129478,91.80026,theft,medium
26.131839,91.800894,lost_person,low
26.131622,91.79644,lost_person,medium
26.129476,91.800143,lost_person,low
26.129074,91.800639,accident,medium
26.127722,91.797752,accident,low
26.129122,91.801076,assault,high
26.128899,91.796986,assault,critical
26.12584,91.797239,scam,low
26.130084,91.799734,lost_person,medium
26.131998,91.802751,lost_person,low
26.130361,91.800012,lost_person,medium
26.126626,91.79967,assault,low
26.127285,91.800554,accident,critical
26.130182,91.798379,accident,high
26.128306,91.799423,assault,medium
26.130877,91.804524,lost_person,high
26.125484,91.799793,accident,low
26.125077,91.80277,theft,medium
26.126806,91.799697,lost_person,medium
26.131707,91.799421,scam,low
26.130536,91.801574,assault,medium
26.132508,91.800833,scam,high
26.132143,91.801499,lost_person,low
26.130516,91.796722,harassment,high
26.128572,91.796912,assault,medium
26.127207,91.798217,scam,high
26.129561,91.799816,accident,low
26.128089,91.801296,theft,low
26.128963,91.799451,assault,medium
26.129159,91.792391,lost_person,low
26.128021,91.802252,assault,low
26.127493,91.79783,scam,medium
26.131934,91.800318,lost_person,low
26.133689,91.801826,lost_person,medium
26.130788,91.801244,harassment,medium
26.126114,91.801236,scam,medium
26.129009,91.796809,scam,medium
26.132483,91.795906,assault,high
26.132464,91.797761,theft,high
26.127344,91.80128,accident,high
26.130192,91.800943,assault,medium
26.131087,91.80221,assault,high
26.126472,91.799851,harassment,high
26.127059,91.7989,accident,medium
26.129207,91.798761,assault,low
26.129305,91.799166,scam,medium
26.12552,91.801257,harassment,low
26.13109,91.797697,accident,medium
26.126484,91.801424,scam,medium
26.128277,91.800426,harassment,critical
26.131692,91.798646,theft,low
26.129601,91.802438,accident,medium
26.126927,91.80131,theft,medium
26.132756,91.801865,accident,medium
26.125479,91.803933,harassment,low
26.127293,91.802437,assault,critical
26.125665,91.797335,accident,low
26.128514,91.799133,assault,high
26.133675,91.803114,theft,low
26.129804,91.799771,lost_person,medium
26.130335,91.798152,harassment,medium
26.12899,91.800321,scam,low
26.131298,91.79781,theft,high
26.129528,91.800029,theft,medium
26.125773,91.800039,scam,high
26.129552,91.799599,scam,medium
26.129484,91.800151,lost_person,low
26.131784,91.80235,accident,medium
26.12781,91.805203,lost_person,medium
26.129315,91.800457,lost_person,medium
26.128447,91.801154,assault,critical
26.130053,91.803163,lost_person,low
26.129351,91.798798,lost_person,low
26.130957,91.797974,scam,high
26.128329,91.799591,harassment,low
26.12722,91.802929,lost_person,low
26.130443,91.798441,lost_person,medium
26.130573,91.800756,theft,low
26.133873,91.799719,harassment,medium
26.128086,91.799705,assault,medium
26.130687,91.798034,assault,high
26.128959,91.798486,lost_person,medium
26.125029,91.800106,lost_person,high
26.126999,91.795991,assault,high
26.130756,91.801729,theft,medium
26.124619,91.802263,assault,low
26.128318,91.800859,theft,high
26.12703,91.802278,scam,medium
26.127506,91.798801,theft,medium
26.130456,91.801532,accident,medium
26.130017,91.796506,assault,medium
26.125485,91.798809,assault,high
26.127228,91.800547,accident,high
26.130204,91.798851,theft,high
26.130528,91.797711,accident,medium
26.126184,91.80105,assault,low
26.12834,91.798169,accident,critical
26.12417,91.795519,assault,critical
26.131251,91.800246,assault,medium
26.129188,91.801261,lost_person,critical
26.13044,91.804579,harassment,low
26.129801,91.802629,scam,critical
26.124092,91.799646,harassment,high
26.12856,91.799357,lost_person,high
26.128927,91.800594,assault,high
26.129295,91.800848,lost_person,medium
26.131693,91.801251,assault,low
26.132457,91.796574,theft,medium
26.127442,91.802011,scam,low
26.131216,91.800611,accident,critical
26.129847,91.796789,assault,low
26.128283,91.800116,lost_person,low
26.1306,91.800476,lost_person,low
26.128558,91.798861,assault,low
26.126747,91.805315,harassment,critical
26.13128,91.801752,lost_person,low
26.130231,91.800755,assault,low
26.128783,91.795408,scam,medium
26.128153,91.802095,scam,high
26.1284,91.800334,accident,low
26.130959,91.798845,assault,low
26.125478,91.798563,harassment,medium
26.129337,91.798726,harassment,medium
26.129364,91.800693,lost_person,low
26.12689,91.801317,accident,low
26.12706,91.800218,assault,low
26.130527,91.795895,accident,high
26.126895,91.80198,theft,low
26.130219,91.800577,accident,low
26.126318,91.799157,theft,medium
26.129289,91.79859,accident,medium
26.129205,91.796076,theft,low
26.134447,91.802916,accident,critical
26.131436,91.796867,scam,medium
26.127047,91.79738,lost_person,low
26.125878,91.80179,accident,low
26.131728,91.799879,accident,medium
26.13273,91.802655,theft,low
26.129639,91.796863,scam,high
26.126911,91.802299,harassment,medium
26.128093,91.797807,theft,medium
26.129282,91.800285,harassment,high
26.130606,91.800675,scam,medium
26.126529,91.796328,scam,medium
26.127417,91.799137,lost_person,medium
26.128851,91.801341,assault,medium
26.129189,91.796047,scam,low
26.128463,91.797469,assault,critical
26.129126,91.799962,accident,medium
26.128219,91.798735,scam,medium
26.127171,91.798963,scam,high
26.129714,91.797882,theft,medium
26.128819,91.801179,accident,high
26.128941,91.79736,lost_person,medium
26.127459,91.804611,lost_person,low
26.126989,91.796005,lost_person,high
26.125096,91.797423,assault,medium
26.13094,91.796563,assault,critical
26.129453,91.797502,theft,high
26.130228,91.804974,harassment,high
26.129547,91.803645,accident,low
26.128028,91.797376,lost_person,medium
26.128706,91.799767,theft,high
26.129798,91.801609,accident,high
26.128928,91.800657,scam,medium
26.126455,91.802499,assault,high
26.127006,91.799065,theft,high
26.128866,91.797353,accident,medium
26.128091,91.801057,theft,high
26.128213,91.799982,lost_person,medium
26.128932,91.802255,theft,medium
26.128641,91.798453,harassment,critical
26.12643,91.799837,scam,low
26.128806,91.799583,assault,medium
26.127765,91.80041,scam,low
26.129256,91.796811,assault,high
26.132761,91.800059,scam,high
26.129721,91.800233,theft,medium
26.127752,91.80325,scam,medium
26.128532,91.797831,lost_person,high
26.128765,91.804861,scam,high
26.127132,91.800893,lost_person,low
26.12995,91.802037,assault,medium
26.126849,91.79888,scam,medium
26.128414,91.802714,lost_person,high
26.125102,91.798454,harassment,high
26.13158,91.804225,accident,medium
26.130081,91.798442,theft,medium
26.128323,91.799539,scam,medium
26.133652,91.798701,harassment,medium
26.126893,91.800293,theft,medium
26.129812,91.797173,theft,low
26.129235,91.802896,harassment,medium
26.127656,91.799011,harassment,low
26.122775,91.794434,harassment,low
26.127791,91.798246,accident,medium
26.125048,91.800728,assault,medium
26.133427,91.801078,assault,medium
26.132897,91.79973,scam,low
26.126856,91.802606,assault,critical
26.127367,91.798416,theft,low
26.127293,91.79726,lost_person,medium
26.131739,91.798942,scam,low
26.130312,91.801078,accident,critical
26.133807,91.800652,lost_person,high
26.12497,91.795468,scam,medium
26.128227,91.798238,harassment,low
26.130379,91.80112,assault,medium
26.130395,91.799077,harassment,high
26.128818,91.801571,accident,medium
26.126374,91.800262,scam,high
26.127622,91.799743,harassment,medium
26.129891,91.801738,scam,high
26.129306,91.798165,scam,high
26.130035,91.800775,assault,high
26.129596,91.802254,harassment,low
26.130387,91.80259,scam,critical
26.129738,91.797138,theft,low
26.129054,91.799565,harassment,critical
26.129297,91.801986,lost_person,medium
26.12429,91.802128,harassment,high
26.127929,91.803077,theft,low
26.129369,91.80014,harassment,medium
26.12769,91.798715,assault,medium
26.129654,91.801866,accident,medium
26.128752,91.801637,assault,medium
26.126838,91.79682,theft,medium
26.130772,91.798235,scam,medium
26.129506,91.802499,theft,high
26.128743,91.800137,assault,critical
26.128707,91.8011,assault,medium
26.123987,91.799532,harassment,medium
26.129491,91.804803,assault,low
26.126873,91.800814,assault,critical
26.128186,91.799271,lost_person,medium
26.129869,91.805408,theft,high
26.130242,91.799348,lost_person,low
26.127786,91.803132,theft,medium
26.127283,91.802471,lost_person,critical
26.129106,91.802081,harassment,low
26.132265,91.800515,theft,low
26.128656,91.798285,lost_person,medium
26.128369,91.79845,assault,critical
26.126775,91.800115,scam,medium
26.126815,91.799219,scam,medium
26.130428,91.802238,harassment,high
26.132329,91.803304,harassment,medium
26.127552,91.796826,theft,high
26.1292,91.802034,scam,high
26.128595,91.801706,theft,low
26.12863,91.802246,scam,low
26.127489,91.801387,lost_person,low
26.131824,91.800195,accident,medium
26.12848,91.804771,theft,high
26.129625,91.798589,lost_person,medium
26.128144,91.805694,harassment,medium
26.133648,91.800409,theft,low
26.131705,91.800485,assault,medium
26.127793,91.79929,assault,low
26.12912,91.798606,lost_person,low
26.132644,91.800681,harassment,low
26.127269,91.799657,theft,high
26.127836,91.795707,theft,critical
26.127785,91.804197,harassment,low
26.127621,91.800221,harassment,low
26.133763,91.798114,accident,low
26.129037,91.79619,harassment,medium
26.129307,91.794893,theft,low
26.131889,91.800677,theft,medium
26.129957,91.800304,lost_person,medium
26.13051,91.803441,accident,high
26.124018,91.799461,theft,medium
26.128419,91.800072,theft,low
26.132253,91.80086,harassment,medium
26.128708,91.796242,lost_person,high
26.128247,91.800791,lost_person,medium
26.127439,91.801608,theft,medium
26.127861,91.799289,harassment,low
26.12914,91.800708,accident,low
26.125446,91.804214,scam,low
26.131966,91.799742,accident,low
26.129761,91.800529,theft,medium
26.131196,91.802884,scam,medium
26.131479,91.799548,harassment,low
26.130381,91.800808,theft,medium
26.130665,91.801274,accident,medium
26.128678,91.801116,theft,low
26.131122,91.797354,assault,medium
26.12473,91.800832,harassment,critical
26.128702,91.802829,accident,medium
26.131864,91.802779,assault,medium
26.133123,91.800059,harassment,low
26.125909,91.798565,accident,low
26.127585,91.803254,theft,low
26.127635,91.801082,harassment,medium
26.126263,91.79707,harassment,high
26.130749,91.799135,lost_person,medium
26.131547,91.800616,theft,medium
26.123992,91.802277,theft,low
26.130605,91.799661,scam,high
26.129968,91.801209,lost_person,critical
26.129927,91.795442,accident,high
26.131807,91.801607,accident,low
26.127752,91.799348,lost_person,medium
26.132844,91.803635,assault,critical
26.131868,91.801082,assault,high
26.131256,91.794288,theft,low
26.128992,91.800691,assault,high
26.132172,91.798899,lost_person,high
26.129012,91.801657,lost_person,medium
26.129259,91.800343,assault,critical
26.126337,91.800012,harassment,medium
26.128165,91.799598,theft,medium
26.129845,91.800435,assault,medium
26.130665,91.799304,lost_person,medium
26.129295,91.801234,lost_person,high
26.130425,91.793985,scam,low
26.129294,91.797985,accident,high
26.128266,91.799412,assault,low
26.127649,91.798044,lost_person,high
26.129111,91.802306,scam,low
26.129676,91.79727,accident,high
26.12835,91.801904,scam,low
26.127006,91.799367,assault,high
26.127969,91.797093,harassment,high
26.130366,91.798334,harassment,medium
26.130045,91.799005,harassment,low
26.131114,91.802408,scam,critical
26.128332,91.797732,assault,low
26.129288,91.799096,assault,medium
26.127962,91.797443,assault,high
26.130073,91.79926,scam,high
26.12904,91.801584,theft,low
26.128691,91.80133,scam,medium
26.124409,91.803933,harassment,low
26.125695,91.797337,lost_person,high
26.128061,91.795647,assault,medium
26.128565,91.800566,harassment,critical
26.129987,91.800716,scam,low
26.132738,91.802577,harassment,low
26.12972,91.798692,theft,high
26.129575,91.799733,theft,low
26.129271,91.803682,accident,high
26.131223,91.79989,accident,low
26.127456,91.800246,harassment,low
26.133427,91.801618,lost_person,low
26.127308,91.79867,theft,low
26.130484,91.802443,scam,medium
26.129775,91.796681,accident,critical
26.128687,91.79854,assault,low
26.13162,91.799337,assault,high
26.126184,91.797876,accident,medium
26.129221,91.799963,lost_person,low
26.132239,91.80017,harassment,medium
26.126026,91.798002,scam,high
26.133909,91.80325,lost_person,medium
26.12857,91.803427,lost_person,medium
26.12881,91.800189,accident,low
26.128935,91.800064,assault,medium
26.133432,91.799608,scam,medium
26.130868,91.796892,theft,medium
26.130854,91.798053,harassment,high
26.128091,91.803141,theft,medium
26.135013,91.803688,harassment,medium
26.129357,91.801672,scam,medium
26.125912,91.799799,assault,medium
26.132978,91.79789,theft,low
26.127529,91.802197,assault,low
26.129218,91.803566,lost_person,critical
26.128503,91.800745,assault,low
26.129894,91.799132,assault,low
26.127582,91.800676,lost_person,medium
26.130567,91.801856,lost_person,medium
26.128365,91.801135,lost_person,low
26.129522,91.798133,assault,low
26.131171,91.798896,accident,high
26.13004,91.800124,theft,medium
26.128435,91.798548,scam,low
26.129275,91.801682,scam,low
26.129648,91.800659,accident,medium
26.126836,91.801417,scam,low
26.126617,91.801916,accident,medium
26.12705,91.800726,accident,medium
26.132649,91.800795,scam,medium
26.127638,91.802977,assault,high
26.123987,91.802488,accident,low
26.125803,91.799033,assault,low
26.129693,91.798976,theft,low
26.131581,91.800217,theft,medium
26.129084,91.799775,assault,low
26.129793,91.799294,theft,medium
26.129816,91.797963,assault,critical
26.132974,91.800799,harassment,high
26.125648,91.801803,theft,low
26.131412,91.79985,scam,medium
26.128895,91.799201,harassment,low
26.132601,91.799017,accident,medium
26.128034,91.801625,assault,high
26.134044,91.798744,harassment,medium
26.130779,91.801537,theft,medium
26.130449,91.799343,theft,critical
26.128084,91.798571,scam,medium
26.131184,91.802348,assault,high
26.130479,91.803416,scam,medium
26.132126,91.802142,assault,low
26.131251,91.801792,theft,medium
26.126748,91.802148,assault,medium
26.129863,91.804938,accident,medium
26.129618,91.798651,harassment,low
26.130202,91.798745,accident,low
26.128791,91.802309,theft,low
26.129611,91.795999,scam,high
26.131232,91.802151,scam,medium
26.125997,91.801465,harassment,medium
26.126565,91.805529,scam,high
26.13058,91.797114,harassment,medium
26.132302,91.798158,scam,low
26.129171,91.801065,scam,medium
26.129922,91.799595,accident,high
26.128535,91.796838,assault,high
26.126843,91.800122,lost_person,medium
26.128402,91.799861,accident,medium
26.128965,91.80383,assault,medium
26.127026,91.79559,scam,low
26.126843,91.796014,theft,medium
26.128335,91.802469,lost_person,medium
26.126145,91.798553,accident,low
26.128895,91.801469,scam,low
26.130882,91.798798,scam,medium
26.131848,91.800771,lost_person,critical
26.128979,91.801874,accident,low
26.132574,91.80341,theft,low
26.124848,91.799251,harassment,low
26.125877,91.799166,assault,medium
26.128784,91.798021,harassment,low
26.131564,91.807315,harassment,low
26.128589,91.798379,lost_person,low
26.12758,91.80099,scam,medium
26.126286,91.80253,accident,medium
26.12533,91.797431,scam,low
26.128914,91.800061,theft,medium
26.129983,91.797574,theft,medium
26.125606,91.798685,assault,low
26.128413,91.803842,lost_person,low
26.127169,91.803382,accident,medium
26.128097,91.79983,scam,critical
26.126398,91.801518,accident,low
26.126113,91.793383,assault,medium
26.126972,91.799511,harassment,medium
26.128823,91.80143,accident,medium
26.129167,91.798888,harassment,medium
26.127962,91.799516,harassment,high
26.125837,91.800374,assault,high
26.128939,91.800204,scam,medium
26.130467,91.803663,assault,low
26.131659,91.801103,scam,high
26.13056,91.799314,scam,medium
26.129568,91.797009,accident,low
26.133339,91.801828,assault,low
26.133176,91.803388,theft,low
26.129361,91.801049,accident,medium
26.128353,91.799887,accident,low
26.128704,91.801689,accident,low
26.128534,91.800622,lost_person,high
26.12584,91.798197,theft,low
26.129623,91.79996,theft,low
26.130522,91.803262,theft,medium
26.129451,91.797308,lost_person,high
26.13067,91.798759,assault,high
26.123125,91.798561,scam,low
26.12817,91.797589,scam,medium
26.128011,91.79958,harassment,low
26.129093,91.801529,harassment,low
26.132307,91.79656,theft,medium
26.132475,91.804324,scam,medium
26.129093,91.802769,lost_person,high
26.127977,91.796875,harassment,high
26.123797,91.799649,lost_person,critical
26.128006,91.798248,harassment,critical
26.128133,91.80127,theft,critical
26.132347,91.795608,scam,low
26.128931,91.801589,theft,high
26.127334,91.803733,assault,medium
26.129747,91.798066,lost_person,low
26.128514,91.798104,scam,critical
26.125894,91.799449,lost_person,critical
26.130518,91.804573,theft,low
26.126689,91.80191,scam,low
26.129227,91.79941,scam,low
26.128951,91.802697,lost_person,high
26.13035,91.799246,theft,low
26.12883,91.798602,theft,high
26.130166,91.800081,assault,low
26.128812,91.802829,accident,high
26.13219,91.798467,lost_person,low
26.129171,91.800246,harassment,medium
26.128629,91.800007,harassment,low
26.127798,91.802235,theft,low
26.129834,91.800255,scam,low
26.132035,91.797708,accident,high
26.129042,91.796709,harassment,medium
26.127904,91.798694,scam,low
26.129022,91.800197,accident,high
26.127916,91.799179,lost_person,medium
26.126343,91.80231,scam,low
26.125981,91.798276,assault,critical
26.128746,91.800508,lost_person,high
26.125182,91.80401,accident,high
26.131271,91.798938,lost_person,critical
26.131685,91.798003,scam,medium
26.128182,91.799231,assault,low
26.130387,91.800363,harassment,low
26.126535,91.798,accident,low
26.129017,91.79839,lost_person,high
26.125701,91.801651,lost_person,low
26.128905,91.800394,theft,high
26.128217,91.801018,accident,low
26.131152,91.799689,theft,low
26.129287,91.794905,accident,high
26.130721,91.801712,scam,medium
26.130366,91.802353,assault,medium
26.134097,91.798821,lost_person,low
26.127206,91.803788,scam,low
26.127616,91.801664,assault,medium
26.128877,91.799656,harassment,medium
26.126007,91.800729,accident,high
26.130525,91.796563,harassment,high
26.125162,91.799575,assault,medium
26.130426,91.798431,lost_person,high
26.12992,91.800477,accident,medium
26.128233,91.801565,scam,high
26.127985,91.800985,scam,low
26.130437,91.800541,harassment,high
26.131687,91.801157,harassment,medium
26.130841,91.80364,scam,medium
26.129699,91.800366,scam,low
26.12628,91.804578,assault,medium
26.130436,91.800376,scam,low
26.129298,91.798771,accident,critical
26.125297,91.799115,assault,medium
26.127101,91.799811,scam,low
26.129864,91.800908,harassment,low
26.127631,91.79822,accident,critical
26.131428,91.804498,harassment,medium
26.131166,91.80215,theft,critical
26.12476,91.802832,accident,high
26.126954,91.798594,theft,high
26.129036,91.803488,harassment,medium
26.127929,91.801279,assault,high
26.130385,91.800214,scam,high
26.128061,91.798268,assault,medium
26.130719,91.799937,accident,low
26.130372,91.796871,theft,high
26.126996,91.801182,harassment,medium
26.129946,91.803561,theft,low
26.13069,91.7996,assault,high
26.132034,91.799894,assault,high
26.128829,91.801736,theft,low
26.130749,91.804213,scam,critical
26.128517,91.799279,assault,high
26.128828,91.800116,theft,medium
26.130755,91.799272,accident,low
26.128368,91.800344,theft,critical
26.130377,91.801234,harassment,medium
26.129589,91.79967,harassment,high
26.131933,91.799655,scam,low
26.126566,91.799549,harassment,low
26.124437,91.801607,assault,medium
26.127026,91.801548,accident,medium
26.128305,91.800772,accident,medium
26.128837,91.799379,accident,high
26.126215,91.801659,lost_person,medium
26.129853,91.801728,lost_person,medium
26.127544,91.800761,harassment,medium
26.12811,91.797828,lost_person,high
26.128664,91.800089,assault,critical
26.127815,91.800881,accident,critical
26.127047,91.799747,theft,medium
26.129725,91.797463,scam,high
26.13099,91.79881,assault,high
26.127057,91.798546,theft,medium
26.129536,91.802018,theft,medium
26.132062,91.80197,theft,medium
26.128478,91.802702,accident,medium
26.127908,91.793325,assault,high
26.128165,91.796827,theft,low
26.131019,91.798056,theft,high
26.127722,91.797999,assault,low
26.129151,91.803407,assault,low
26.128496,91.798378,harassment,medium
26.127067,91.798776,lost_person,low
26.126886,91.799636,accident,low
26.125753,91.797186,scam,low
26.129353,91.802012,assault,high
26.129053,91.796234,scam,medium
26.123878,91.803184,lost_person,medium
26.127626,91.800608,scam,low
26.131845,91.800952,theft,low
26.127084,91.794076,lost_person,critical
26.128967,91.803356,assault,low
26.130708,91.803032,scam,low
26.131011,91.800064,harassment,medium
26.13396,91.796976,harassment,high
26.128616,91.801254,harassment,medium
26.126948,91.801126,accident,high
26.130171,91.804995,scam,high
26.129918,91.801542,harassment,high
26.129309,91.79908,accident,medium
26.129899,91.799834,lost_person,medium
26.13019,91.799052,theft,medium
26.126992,91.801661,scam,high
26.127564,91.797364,accident,medium
26.129195,91.795802,assault,medium
26.129191,91.796951,theft,critical
26.127996,91.797342,harassment,medium
26.128864,91.797079,assault,medium
26.127456,91.80358,theft,medium
26.130295,91.800186,lost_person,high
26.128732,91.79976,theft,critical
26.125909,91.798634,lost_person,medium
26.129438,91.803129,accident,critical
26.128445,91.801171,scam,high
26.127241,91.800901,theft,medium
26.130706,91.798165,assault,medium
26.13073,91.802006,scam,medium
26.13054,91.798999,scam,medium
26.132369,91.796953,harassment,medium
26.133126,91.79829,harassment,low
26.130423,91.802304,harassment,medium
26.129955,91.796272,scam,low
26.127999,91.799219,accident,low
26.133198,91.802281,scam,critical
26.126367,91.795781,scam,medium
26.125017,91.801662,assault,high
26.127307,91.80047,assault,high
26.130951,91.802461,harassment,critical
26.131418,91.80067,harassment,medium
26.128971,91.797695,scam,high
26.131748,91.8022,scam,medium
26.125824,91.800225,scam,critical
26.128598,91.797981,assault,low
26.130416,91.801129,lost_person,high
26.130895,91.801105,theft,medium
26.128208,91.800979,lost_person,medium
26.130687,91.797864,accident,low
26.129824,91.801038,scam,high
26.127877,91.80035,assault,high
26.130468,91.798284,lost_person,low
26.12795,91.804151,assault,low
26.130713,91.798336,theft,high
26.133236,91.799623,scam,low
26.127081,91.796182,scam,medium
26.126745,91.801046,theft,medium
26.13009,91.797025,scam,medium
26.128553,91.795643,theft,medium
26.12446,91.80439,lost_person,medium
26.128634,91.802434,lost_person,low
26.12713,91.797306,lost_person,critical
26.127014,91.800646,harassment,low
26.129237,91.80124,scam,high
26.131792,91.798366,harassment,high
26.129041,91.8037,scam,medium
26.13157,91.802159,lost_person,low
26.130327,91.798482,assault,low
26.132946,91.798781,theft,high
26.128336,91.801849,harassment,low
26.132018,91.801642,lost_person,low
26.124713,91.799294,scam,low
26.130344,91.800593,theft,low
26.131178,91.80042,harassment,medium
26.128013,91.798902,scam,medium
26.129176,91.798009,accident,low
26.132807,91.804507,lost_person,critical
26.128751,91.801287,lost_person,medium
26.130508,91.80432,scam,low
26.127439,91.803108,scam,low
26.130255,91.799187,lost_person,high
26.134069,91.80169,theft,medium
26.125933,91.803687,assault,low
26.131511,91.801706,scam,low
26.130047,91.801406,scam,low
26.130796,91.801356,assault,low
26.123805,91.797608,assault,medium
26.127662,91.798604,lost_person,medium
26.129007,91.801318,scam,medium
26.12765,91.799707,scam,high
26.125137,91.804511,assault,medium
26.128631,91.801238,harassment,low
26.127484,91.802594,harassment,low
26.127532,91.799884,theft,high
26.1255,91.801725,lost_person,low
26.132978,91.799225,scam,low
26.13062,91.800738,lost_person,low
26.130046,91.801204,harassment,medium
26.132301,91.800468,assault,high
26.129236,91.801741,lost_person,low
26.128735,91.800343,accident,low
26.130399,91.798965,lost_person,high
26.129864,91.798045,harassment,low
26.129253,91.798818,assault,low
26.125642,91.79946,lost_person,high
26.129727,91.798465,harassment,medium
26.124613,91.803039,scam,medium
26.133268,91.800664,theft,high
26.129267,91.798336,assault,medium
26.12808,91.795359,theft,high
26.130994,91.797308,harassment,low
26.129842,91.800532,scam,critical
26.128838,91.79542,harassment,low
26.128558,91.795815,assault,medium
26.129373,91.801369,harassment,medium
26.12591,91.801268,harassment,medium
26.131768,91.803717,lost_person,critical
26.131441,91.798241,theft,medium
26.129021,91.797496,theft,high
26.127714,91.802713,harassment,high
26.130424,91.798662,lost_person,medium
26.127878,91.798256,scam,low
26.127981,91.79605,scam,medium
26.124722,91.80088,assault,high
26.127787,91.802212,scam,low
26.128992,91.800596,harassment,medium
26.127284,91.802911,theft,medium
26.129843,91.79714,lost_person,medium
26.12915,91.797057,harassment,critical
26.126909,91.797199,harassment,high
26.130229,91.79975,harassment,medium
26.126984,91.802982,accident,medium
26.129565,91.796719,accident,critical
26.127919,91.805177,theft,medium
26.131432,91.801005,harassment,medium
26.128315,91.802101,theft,medium
26.130565,91.801477,assault,critical
26.128417,91.798676,scam,low
26.128339,91.802525,scam,medium
26.129874,91.800809,harassment,low
26.131781,91.802059,theft,low
26.128881,91.802343,scam,low
26.133419,91.798546,lost_person,medium
26.129417,91.798491,lost_person,high
26.130144,91.800931,scam,medium
26.126073,91.801913,scam,medium
26.130984,91.802335,scam,high
26.12672,91.802343,theft,low
26.129127,91.800982,assault,low
26.126504,91.799016,scam,medium
26.127112,91.796883,scam,high
26.130396,91.798102,accident,high
26.127658,91.8003,assault,low
26.131054,91.801612,lost_person,high
26.131798,91.798111,assault,medium
26.129437,91.793683,lost_person,medium
26.124764,91.796489,theft,high
26.128621,91.799211,scam,critical
26.128538,91.802617,assault,medium
26.123438,91.800194,harassment,high
26.129047,91.801396,lost_person,low
26.128152,91.802126,scam,medium
26.126891,91.800857,scam,high
26.131336,91.80551,lost_person,low
26.129755,91.797158,assault,medium
26.126457,91.797929,harassment,low
26.129981,91.799858,theft,high
26.129392,91.797535,lost_person,medium
26.131194,91.79758,lost_person,medium
26.129118,91.799733,scam,medium
26.130037,91.80172,scam,low
26.128492,91.796867,lost_person,low
26.126742,91.797469,assault,high
26.131192,91.797446,lost_person,low
26.130686,91.797458,accident,low
26.129574,91.80055,accident,high
26.12662,91.801642,scam,high
26.12973,91.802024,accident,medium
26.131081,91.802566,assault,high
26.130891,91.801775,accident,medium
26.131742,91.800229,harassment,medium
26.129844,91.801319,assault,medium
26.127504,91.801833,harassment,medium
26.128614,91.80151,lost_person,medium
26.131908,91.801771,harassment,high
26.130066,91.799403,harassment,medium
26.124502,91.802419,accident,high
26.127425,91.800831,lost_person,low
26.132785,91.800786,assault,medium
26.126014,91.798298,lost_person,critical
26.12986,91.801281,lost_person,low
26.131251,91.79868,theft,high
26.131857,91.801104,theft,medium
26.130356,91.797148,lost_person,medium
26.132054,91.801768,lost_person,low
26.129228,91.801925,theft,low
26.124629,91.800646,scam,low
26.127746,91.800671,accident,medium
26.130821,91.795756,accident,high
26.125682,91.798966,accident,low
26.128936,91.798875,scam,low
26.125704,91.797526,theft,low
26.130025,91.803837,assault,medium
26.126808,91.802128,harassment,medium
26.123802,91.800891,harassment,medium
26.129095,91.794329,assault,low
26.132165,91.801058,scam,medium
26.132568,91.796449,assault,medium
26.131513,91.797418,lost_person,critical
26.126753,91.799243,assault,high
26.133083,91.797283,harassment,high
26.127517,91.802323,accident,high
26.128336,91.797924,scam,medium
26.134937,91.799481,theft,low
26.132099,91.801641,scam,medium
26.135525,91.800985,accident,low
26.131581,91.796522,theft,critical
26.128644,91.802454,accident,low
26.130367,91.797348,assault,medium
26.129318,91.798554,assault,medium
26.131577,91.796381,lost_person,medium
26.128375,91.798371,theft,low
26.129641,91.795714,scam,low
26.126768,91.805305,accident,high
26.127183,91.801717,scam,medium
26.128258,91.801006,assault,critical
26.127494,91.799445,lost_person,high
26.127914,91.800462,theft,low
26.126151,91.801561,theft,high
26.13168,91.79851,theft,medium
26.132033,91.799073,harassment,low
26.128183,91.796152,harassment,high
26.127357,91.801557,scam,medium
26.129612,91.800967,lost_person,low
26.128541,91.80176,scam,critical
26.131286,91.797767,harassment,high
26.125074,91.798768,assault,critical
26.12979,91.799864,accident,medium
26.131022,91.797317,assault,high
26.128535,91.799345,scam,medium
26.129338,91.798962,accident,medium
26.130932,91.801215,harassment,critical
26.127613,91.796085,lost_person,medium
26.129627,91.797181,theft,high
26.127701,91.799709,assault,low
26.130851,91.801634,scam,medium
26.13043,91.802849,lost_person,low
26.128504,91.80429,scam,high
26.130337,91.797976,accident,low
26.132036,91.800945,scam,low
26.125764,91.802104,scam,medium
26.128309,91.798781,accident,low
26.129747,91.799945,theft,low
26.127787,91.801723,lost_person,high
26.130427,91.801756,theft,medium
26.127085,91.797777,scam,low
26.132441,91.799055,theft,low
26.130106,91.806986,accident,critical
26.129934,91.80057,scam,medium
26.128797,91.79791,lost_person,low
26.132182,91.802664,assault,low
26.124805,91.80009,accident,medium
26.130184,91.801344,lost_person,low
26.128339,91.795603,harassment,medium
26.129181,91.800215,accident,low
26.128488,91.801847,scam,low
26.127807,91.799967,accident,medium
26.129828,91.803627,scam,low
26.129375,91.794735,accident,low
26.132101,91.799952,assault,medium
26.130465,91.800562,lost_person,low
26.130668,91.80316,scam,medium
26.127594,91.798346,lost_person,medium
26.128806,91.796539,assault,medium
26.125605,91.801887,harassment,high
26.129416,91.795889,lost_person,medium
26.129033,91.795218,assault,medium
26.131608,91.805103,accident,medium
26.128908,91.799045,theft,low
26.127599,91.798238,accident,high
26.130102,91.801355,harassment,low
26.132909,91.80256,theft,high
26.129978,91.794989,theft,high
26.127941,91.799276,scam,high
26.126212,91.802299,theft,low
26.128661,91.801452,harassment,low
26.125878,91.801153,lost_person,high
26.13032,91.803846,scam,low
26.130627,91.799155,assault,low
26.126707,91.799388,harassment,medium
26.123354,91.800949,theft,medium
26.127403,91.801804,scam,critical
26.130373,91.797034,scam,low
26.127669,91.80237,assault,critical
26.125357,91.798174,scam,low
26.127069,91.799568,theft,low
26.127039,91.79882,harassment,low
26.128387,91.801087,harassment,medium
26.130629,91.800362,lost_person,low
26.127126,91.798025,assault,low
26.130078,91.798118,scam,medium
26.126472,91.799137,harassment,low
26.131005,91.797783,harassment,high
26.126465,91.799198,assault,low
26.13083,91.798135,theft,medium
26.133205,91.803658,lost_person,high
26.130205,91.800431,lost_person,high
26.131978,91.800241,accident,high
26.130032,91.797185,scam,medium
26.126568,91.799077,lost_person,low
26.127613,91.799051,theft,low
26.127256,91.79493,assault,high
26.127636,91.797498,scam,medium
26.131549,91.796533,accident,medium
26.129862,91.798259,lost_person,high
26.12575,91.800137,accident,low
26.125422,91.799161,theft,low
26.127613,91.79787,accident,medium
26.130825,91.796644,accident,low
26.129412,91.801077,theft,low
26.132371,91.800758,harassment,low
26.129353,91.799592,assault,low
26.126368,91.80033,scam,medium
26.127111,91.798816,harassment,medium
26.13,91.797866,accident,medium
26.123788,91.797993,lost_person,medium
26.129092,91.801899,accident,medium
26.127136,91.803055,accident,critical
26.127506,91.799611,harassment,high
26.130944,91.795314,assault,low
26.127795,91.799511,accident,medium
26.126327,91.802418,theft,medium
26.131234,91.80226,lost_person,low
26.126568,91.798044,lost_person,low
26.131236,91.797822,accident,medium
26.129429,91.79669,harassment,medium
26.12915,91.801901,theft,low
26.130472,91.79981,assault,high
26.127639,91.801196,accident,medium
26.125485,91.799856,lost_person,medium
26.125354,91.800058,scam,low
26.127057,91.802254,theft,medium
26.131677,91.801785,assault,medium
26.127562,91.797957,accident,high
26.128078,91.800094,assault,medium
26.128415,91.801923,harassment,low
26.131937,91.800125,harassment,low
26.129971,91.800035,accident,low
26.12492,91.798608,accident,medium
26.129905,91.80008,assault,medium
26.13147,91.801053,theft,medium
26.127215,91.799613,accident,low
26.127752,91.800017,harassment,high
26.131215,91.800053,theft,low
26.129705,91.799313,theft,medium
26.128876,91.801104,assault,medium
26.126705,91.795378,harassment,medium
26.128904,91.800344,assault,low
26.130975,91.799199,scam,high
26.128947,91.799537,accident,medium
26.129573,91.802807,harassment,low
26.128365,91.802949,accident,low
26.124449,91.799515,theft,medium
26.129223,91.799246,theft,medium
26.133014,91.797961,accident,high
26.129048,91.798232,assault,high
26.131425,91.798971,assault,high
26.131053,91.799275,lost_person,low
26.128889,91.799687,lost_person,low
26.12882,91.800706,scam,high
26.130894,91.799666,theft,medium
26.132622,91.8002,harassment,medium
26.129317,91.803008,lost_person,medium
26.130927,91.795911,theft,low
26.13131,91.801569,lost_person,low
26.125111,91.803369,harassment,medium
26.128843,91.802819,scam,high
26.127962,91.798074,assault,medium
26.130572,91.798478,scam,low
26.130659,91.802962,theft,low
26.125997,91.799342,theft,low
26.127111,91.800682,harassment,medium
26.131835,91.799003,theft,high
26.131083,91.798134,scam,high
26.127657,91.801133,theft,low
26.129629,91.802136,assault,critical
26.129857,91.799271,harassment,medium
26.129163,91.800458,accident,low
26.130112,91.796912,theft,critical
26.127404,91.797801,harassment,low
26.127856,91.801911,theft,medium
26.127885,91.80415,theft,medium
26.126551,91.796087,assault,medium
26.131825,91.80117,assault,medium
26.125958,91.801356,lost_person,low
26.124626,91.798644,assault,critical
26.128149,91.801461,scam,low
26.128781,91.806137,lost_person,medium
26.130993,91.796924,theft,medium
26.126743,91.798381,lost_person,low
26.124939,91.799067,lost_person,low
26.127652,91.798571,accident,low
26.127284,91.801803,harassment,low
26.132001,91.804921,accident,medium
26.126867,91.803081,assault,high
26.126891,91.797143,scam,low
26.128864,91.801297,lost_person,critical
26.128436,91.799129,lost_person,medium
26.125062,91.798235,assault,high
26.1291,91.800161,theft,medium
26.124572,91.800679,accident,medium
26.1276,91.796427,lost_person,low
26.129285,91.800928,harassment,critical
26.129405,91.798792,theft,medium
26.128316,91.80442,assault,critical
26.130003,91.802947,accident,low
26.130702,91.801522,lost_person,low
26.13205,91.801897,theft,critical
26.129909,91.798525,accident,high
26.128949,91.801082,harassment,medium
26.130007,91.800003,lost_person,medium
26.129195,91.798683,harassment,high
26.130715,91.801835,harassment,medium
26.128466,91.798181,lost_person,low
26.128018,91.800752,scam,critical
26.132795,91.797831,harassment,critical
26.130537,91.799557,accident,medium
26.133701,91.799595,theft,high
26.129911,91.797172,theft,critical
26.129616,91.798573,assault,medium
26.129681,91.799333,scam,medium
26.127014,91.799426,scam,low
26.128163,91.800694,lost_person,low
26.126802,91.796227,theft,medium
26.128094,91.802399,theft,low
26.131063,91.80117,harassment,low
26.127139,91.800932,scam,medium
26.128847,91.801464,lost_person,low
26.130447,91.797708,scam,critical
26.128387,91.79797,scam,medium
26.131284,91.798375,assault,critical
26.129885,91.800532,accident,medium
26.127213,91.801939,accident,high
26.131625,91.798878,accident,critical
26.125767,91.797942,scam,low
26.129677,91.799779,harassment,low
26.130052,91.797799,accident,medium
26.134532,91.800249,harassment,low
26.131143,91.796871,theft,medium
26.132414,91.799227,theft,low
26.133704,91.797146,theft,low
26.13166,91.800094,scam,high
26.12647,91.801037,accident,low
26.131999,91.796748,harassment,high
26.125795,91.798115,accident,medium
26.125892,91.803204,scam,low
26.130095,91.799071,lost_person,low
26.123884,91.800992,accident,high
26.127895,91.798269,lost_person,medium
26.130443,91.796145,harassment,medium
26.128088,91.802129,assault,high
26.126906,91.802668,lost_person,low
26.125131,91.800828,theft,low
26.13198,91.802039,accident,medium
26.128242,91.798176,assault,high
26.129486,91.799384,assault,medium
26.125123,91.80373,accident,high
26.12684,91.800734,theft,medium
26.127932,91.799702,accident,medium
26.130726,91.802444,harassment,low
26.128143,91.796478,lost_person,medium
26.125259,91.800337,scam,low
26.130683,91.802815,scam,low
26.128307,91.797328,lost_person,low
26.128452,91.798772,harassment,high
26.126213,91.800581,harassment,medium
26.127806,91.800707,accident,medium
26.127613,91.796014,lost_person,medium
26.128059,91.800131,lost_person,medium
26.131469,91.800362,lost_person,low
26.127069,91.80035,assault,medium
26.132082,91.80087,scam,high
26.129116,91.797277,accident,low
26.128726,91.801856,accident,low
26.128322,91.79822,theft,high
26.13073,91.797711,accident,high
26.129256,91.80136,assault,medium
26.132315,91.801058,theft,high
26.128692,91.797751,lost_person,high
26.128638,91.799053,scam,high
26.125367,91.799306,scam,low
26.12864,91.802388,accident,medium
26.134032,91.798144,lost_person,high
26.130995,91.802284,harassment,medium
26.130667,91.797293,accident,low
26.130751,91.795127,assault,medium
26.1264,91.798816,harassment,low
26.130934,91.796446,theft,critical
26.125759,91.79909,lost_person,low
26.132436,91.800973,lost_person,medium
26.126755,91.802791,harassment,high
26.130925,91.804118,harassment,medium
26.131634,91.801154,lost_person,high
26.126565,91.800895,lost_person,low
26.130435,91.801021,scam,medium
26.126499,91.79836,theft,critical
26.127812,91.801727,lost_person,low
26.127502,91.796872,scam,low
26.126904,91.799377,assault,medium
26.127901,91.803364,harassment,medium
26.126342,91.800305,lost_person,medium
26.128655,91.80237,lost_person,low
26.125145,91.805013,harassment,medium
26.133348,91.798308,theft,medium
26.128227,91.799836,scam,medium
26.129038,91.799024,accident,medium
26.127185,91.796957,lost_person,low
26.126718,91.801841,accident,low
26.130024,91.799883,accident,medium
26.12827,91.800415,assault,high
26.12876,91.803371,harassment,medium
26.127062,91.797663,accident,high
26.125469,91.800526,theft,low
26.128188,91.797747,accident,medium
26.1301,91.801444,theft,high
26.129028,91.801749,harassment,low
26.130245,91.796485,scam,medium
26.12982,91.796824,assault,high
26.131605,91.800499,theft,high
26.128671,91.798554,lost_person,medium
26.13325,91.803457,assault,low
26.133184,91.800336,harassment,high
26.130164,91.798169,lost_person,high
26.13166,91.801738,theft,low
26.128423,91.798006,harassment,medium
26.124046,91.803001,harassment,medium
26.129941,91.803731,harassment,high
26.127811,91.800426,accident,low
26.129309,91.798874,harassment,high
26.129661,91.799425,lost_person,critical
26.12914,91.79957,scam,medium
26.124743,91.803717,lost_person,medium
26.128319,91.799508,assault,critical
26.127647,91.800733,assault,medium
26.127832,91.796669,harassment,low
26.127769,91.796787,scam,critical
26.124923,91.798841,assault,medium
26.129993,91.800064,scam,medium
26.130199,91.799048,harassment,high
26.127131,91.800943,accident,medium
26.128798,91.796264,lost_person,medium
26.128193,91.80131,scam,low
26.126159,91.801804,lost_person,low
26.129818,91.804697,accident,critical
26.130494,91.798857,harassment,critical
26.131862,91.794525,assault,medium
26.128929,91.797046,accident,low
26.132748,91.806699,lost_person,medium
26.126863,91.796678,scam,medium
26.130932,91.800449,theft,medium
26.131355,91.797078,harassment,low
26.131827,91.803726,harassment,medium
26.130849,91.802436,theft,medium
26.12739,91.797166,theft,low
26.128099,91.802424,harassment,medium
26.127766,91.798064,harassment,high
26.128897,91.797951,assault,high
26.128284,91.798667,theft,high
26.129208,91.799701,scam,medium
26.130014,91.801316,scam,low
26.129806,91.79846,theft,critical
26.127238,91.803072,accident,medium
26.123591,91.798376,harassment,medium
26.133177,91.799549,theft,critical
26.128685,91.801456,lost_person,medium
26.13089,91.794987,harassment,high
26.127723,91.801138,assault,high
26.129294,91.799603,scam,medium
26.125352,91.800644,accident,low
26.129367,91.801375,theft,medium
26.129361,91.799421,lost_person,medium
26.130488,91.798276,lost_person,medium
26.124134,91.800935,scam,high
26.129479,91.798855,harassment,medium
26.126938,91.802474,harassment,medium
26.125714,91.796843,lost_person,medium
26.128751,91.795628,theft,medium
26.131045,91.802662,lost_person,medium
26.122711,91.80336,harassment,low
26.12905,91.803509,theft,low
26.127533,91.801417,accident,medium
26.126563,91.799346,lost_person,medium
26.128203,91.800805,accident,high
26.12907,91.793137,lost_person,medium
26.127942,91.79608,harassment,low
26.131055,91.799771,accident,high
26.128652,91.799678,lost_person,high
26.129306,91.800463,assault,low
26.126996,91.798381,lost_person,low
26.129191,91.800247,lost_person,medium
26.127271,91.798923,theft,high
26.12658,91.800693,accident,medium
26.130948,91.799938,scam,medium
26.129555,91.797574,assault,medium
26.130331,91.805317,harassment,low
26.129848,91.7986,scam,medium
26.132934,91.802091,lost_person,low
26.133412,91.79932,lost_person,low
26.125188,91.800525,theft,medium
26.130694,91.800597,assault,high
26.131613,91.796647,lost_person,medium
26.128253,91.800411,harassment,medium
26.128225,91.801992,assault,low
26.130681,91.798604,assault,medium
26.131053,91.800871,accident,critical
26.129147,91.80007,theft,medium
26.127865,91.796581,accident,medium
26.128243,91.802826,scam,low
26.130929,91.801406,accident,low
26.125156,91.799379,assault,low
26.131476,91.801336,lost_person,high
26.128902,91.802768,harassment,medium
26.131071,91.800255,lost_person,medium
26.129196,91.804515,assault,medium
26.123761,91.801188,scam,medium
26.128828,91.799733,harassment,medium
26.127571,91.799303,assault,low
26.125243,91.794644,assault,medium
26.126138,91.799876,scam,medium
26.129848,91.80065,scam,low
26.129435,91.795681,harassment,high
26.12937,91.800172,assault,low
26.119693,91.795712,accident,low
26.129541,91.806475,theft,low
26.123653,91.798848,scam,low
26.12923,91.7998,lost_person,high
26.128952,91.801896,harassment,low
26.129529,91.802699,theft,low
26.126512,91.798911,scam,critical
26.126758,91.799754,theft,medium
26.127848,91.797998,theft,low
26.129856,91.803503,harassment,medium
26.130044,91.798535,scam,low
26.127778,91.800289,lost_person,low
26.130012,91.798493,scam,medium
26.132476,91.799272,scam,medium
26.124829,91.80004,harassment,high
26.125747,91.800718,scam,medium
26.131434,91.799878,assault,low
26.130138,91.800615,scam,medium
26.130095,91.799907,accident,low
26.125545,91.802555,scam,low
26.128633,91.801769,assault,low
26.130189,91.802783,theft,low
26.132642,91.799466,assault,high
26.13028,91.802935,theft,critical
26.130102,91.800126,lost_person,high
26.124043,91.794272,theft,medium
26.125822,91.797543,lost_person,medium
26.128794,91.797354,harassment,medium
26.125491,91.799379,harassment,low
26.127673,91.800683,lost_person,critical
26.128696,91.803842,accident,high
26.129545,91.800298,theft,critical
26.131361,91.803495,harassment,medium
26.128147,91.800364,scam,high
26.126963,91.803921,lost_person,medium
26.131874,91.796469,harassment,high
26.128119,91.798439,theft,critical
26.131352,91.800902,lost_person,low
26.127869,91.800587,harassment,medium
26.131034,91.796553,accident,medium
26.12609,91.795121,scam,high
26.127965,91.800077,assault,medium
26.127507,91.797771,accident,high
26.12919,91.798895,accident,medium
26.130417,91.798665,accident,medium
26.128074,91.799314,lost_person,high
26.124541,91.800171,lost_person,high
26.13289,91.798569,assault,medium
26.128269,91.797615,theft,high
26.125261,91.802874,lost_person,medium
26.13178,91.795147,theft,medium
26.12633,91.801403,accident,low
26.133206,91.79876,theft,low
26.131031,91.799482,harassment,medium
26.12879,91.805605,scam,medium
26.128574,91.804641,harassment,low
26.127875,91.800594,lost_person,low
26.129964,91.800865,accident,low
26.128942,91.800067,harassment,low
26.129677,91.7981,harassment,medium
26.130138,91.799338,harassment,medium
26.1292,91.797249,theft,low
26.128758,91.80217,scam,medium
26.128255,91.801572,lost_person,low
26.131,91.7981,theft,low
26.124754,91.799423,lost_person,low
26.131039,91.797476,lost_person,high
26.127277,91.801491,assault,high
26.129945,91.804906,assault,medium
26.130162,91.797397,assault,low
26.132035,91.801317,scam,low
26.128616,91.797587,accident,medium
26.130362,91.797149,accident,medium
26.126362,91.799338,scam,medium
26.134436,91.797501,accident,medium
26.128726,91.79902,theft,low
26.133203,91.800518,scam,critical
26.132357,91.800947,accident,high
26.126315,91.803035,accident,medium
26.124057,91.801044,scam,medium
26.128856,91.801006,accident,medium
26.130174,91.796492,accident,critical
26.126975,91.798989,assault,medium
26.126691,91.800336,lost_person,low
26.127731,91.800703,accident,medium
26.125623,91.804453,lost_person,low
26.127885,91.80027,lost_person,medium
26.126821,91.804568,scam,low
26.127479,91.797558,harassment,low
26.129404,91.801379,scam,medium
26.123183,91.798263,accident,medium
26.12965,91.800013,accident,low
26.129164,91.794226,accident,medium
26.130056,91.800674,harassment,low
26.132642,91.798813,accident,low
26.128795,91.800295,assault,high
26.129126,91.799964,assault,high
26.129279,91.801424,accident,high
26.12639,91.798836,scam,medium
26.12794,91.799389,accident,low
26.131229,91.800363,scam,high
26.128952,91.798293,assault,critical
26.127397,91.805806,scam,medium
26.12866,91.799618,theft,low
26.129125,91.79576,theft,medium
26.127318,91.798906,lost_person,medium
26.130021,91.803729,harassment,low
26.128809,91.80118,theft,critical
26.131106,91.799269,theft,high
26.129376,91.800164,theft,high
26.13058,91.803192,lost_person,low
26.130038,91.80082,lost_person,low
26.129785,91.801991,accident,high
26.127565,91.802847,harassment,low
26.12869,91.803612,assault,low
26.12841,91.804168,harassment,low
26.125388,91.800207,assault,low
26.132063,91.803652,theft,medium
26.132482,91.798666,theft,low
26.13094,91.799896,assault,medium
26.130488,91.800093,theft,low
26.129426,91.799474,theft,critical
26.128593,91.79978,theft,medium
26.127904,91.798929,scam,low
26.126082,91.799765,harassment,low
26.126985,91.800589,accident,medium
26.128694,91.799863,assault,critical
26.128008,91.800677,assault,medium
26.128336,91.801972,harassment,high
26.130028,91.800894,assault,low
26.128469,91.800665,scam,medium
26.125705,91.799441,harassment,low
26.128987,91.800005,assault,low
26.132119,91.80278,harassment,medium
26.124328,91.794677,scam,low
26.126965,91.797104,scam,low
26.126527,91.79839,scam,medium
26.125701,91.802054,theft,critical
26.129458,91.802302,accident,low
26.126839,91.800084,lost_person,high
26.128433,91.797486,theft,medium
26.132478,91.798206,harassment,low
26.127135,91.798281,lost_person,low
26.127153,91.798903,theft,medium
26.129344,91.799392,assault,low
26.132057,91.799478,scam,high
26.126472,91.800169,scam,low
26.129939,91.797164,lost_person,high
26.130717,91.798016,assault,low
26.129848,91.804006,harassment,medium
26.130023,91.80321,assault,low
26.131752,91.80069,accident,high
26.129459,91.800383,accident,high
26.130225,91.796542,scam,medium
26.129415,91.796422,assault,low
26.12887,91.798726,scam,medium
26.131153,91.804135,harassment,low
26.128229,91.804086,harassment,medium
26.129925,91.799832,theft,medium
26.125982,91.799076,theft,low
26.13438,91.796193,accident,low
26.127693,91.799042,harassment,medium
26.128775,91.804725,scam,medium
26.128258,91.799621,theft,low
26.124884,91.803219,scam,medium
26.127979,91.796435,scam,medium
26.127683,91.800494,scam,low
26.131185,91.798018,theft,low
26.127345,91.797845,accident,high
26.130743,91.802226,assault,critical
26.127844,91.797095,harassment,low
26.131468,91.801544,harassment,low
26.13122,91.801752,accident,medium
26.127581,91.801777,scam,low
26.131666,91.800415,accident,medium
26.124081,91.79998,lost_person,medium
26.132889,91.79721,accident,low
26.127136,91.796841,accident,medium
26.131155,91.802432,accident,high
26.130046,91.802592,lost_person,critical
26.127902,91.800845,theft,medium
26.132608,91.798958,accident,medium
26.127493,91.803706,accident,low
26.131723,91.799285,accident,medium
26.12741,91.800825,accident,high
26.129293,91.796101,scam,medium
26.132206,91.800443,lost_person,low
26.13135,91.799948,lost_person,critical
26.127025,91.800231,lost_person,low
26.130913,91.798714,accident,high
26.124412,91.79698,theft,medium
26.128339,91.800662,harassment,high
26.130407,91.799699,theft,low
26.130861,91.797434,accident,high
26.130194,91.799008,assault,medium
26.129366,91.798612,lost_person,critical
26.129943,91.799322,scam,low
26.124979,91.796934,accident,high
26.129111,91.79938,accident,medium
26.130973,91.802833,assault,low
26.132919,91.798359,harassment,medium
26.130584,91.79833,lost_person,critical
26.129414,91.799671,scam,low
26.131155,91.799706,theft,medium
26.129074,91.802368,lost_person,medium
26.123296,91.79867,accident,critical
26.127822,91.79738,theft,critical
26.130717,91.795887,lost_person,medium
26.125842,91.798148,accident,low
26.126304,91.798177,harassment,medium
26.12717,91.801343,scam,high
26.1278,91.797886,scam,low
26.131538,91.800472,assault,low
26.126564,91.799968,assault,medium
26.128805,91.799419,accident,medium
26.129535,91.800842,accident,medium
26.128411,91.798918,scam,critical
26.12902,91.795762,theft,low
26.12796,91.801524,accident,low
26.129037,91.80126,lost_person,high
26.127858,91.799087,lost_person,high
26.135989,91.800172,harassment,medium
26.13042,91.801298,assault,low
26.128407,91.79956,accident,medium
26.129107,91.800202,lost_person,high
26.127368,91.802201,lost_person,low
26.129462,91.803504,lost_person,medium
26.129971,91.800775,harassment,high
26.128688,91.79656,accident,low
26.128019,91.803225,assault,low
26.125725,91.799844,lost_person,medium
26.129507,91.802795,lost_person,critical
26.126275,91.801919,assault,medium
26.125342,91.799848,scam,medium
26.129592,91.804857,scam,medium
26.127675,91.802994,assault,medium
26.129259,91.797956,assault,medium
26.125918,91.8006,lost_person,medium
26.129092,91.795676,accident,low
26.133003,91.796367,theft,low
26.125336,91.799242,scam,medium
26.127336,91.79837,harassment,high
26.128352,91.799679,assault,medium
26.130651,91.799873,harassment,medium
26.126303,91.796516,accident,low
26.127604,91.801005,assault,low
26.134517,91.801363,assault,low
26.127596,91.797492,lost_person,critical
26.130188,91.802464,scam,high
26.129771,91.801515,lost_person,low
26.127129,91.798545,accident,high
26.128738,91.802296,scam,low
26.134154,91.798586,assault,medium
26.129484,91.802981,scam,high
26.129156,91.798897,lost_person,low
26.131792,91.800254,lost_person,medium
26.128911,91.799027,assault,high
26.127954,91.801664,harassment,high
26.126585,91.797399,accident,low
26.128532,91.798578,accident,high
26.126363,91.800903,scam,low
26.128813,91.800422,accident,low
26.128647,91.802472,scam,low
26.129156,91.800057,harassment,critical
26.131295,91.804932,theft,medium
26.132298,91.799892,harassment,critical
26.128173,91.802221,assault,medium
26.128572,91.798802,assault,low
26.127965,91.796927,harassment,high
26.130375,91.80063,assault,high
26.126794,91.79707,accident,medium
26.127366,91.800395,theft,low
26.126372,91.79959,theft,medium
26.127093,91.800937,lost_person,low
26.168623,91.776708,assault,medium
26.162463,91.779312,scam,medium
26.166561,91.779684,lost_person,high
26.166562,91.777735,assault,medium
26.164417,91.782422,harassment,low
26.165142,91.784145,harassment,medium
26.164672,91.780748,lost_person,low
26.162523,91.77576,theft,medium
26.16497,91.778606,scam,low
26.166536,91.778398,scam,medium
26.163284,91.775754,theft,high
26.165829,91.774865,harassment,low
26.162852,91.781289,assault,high
26.165343,91.781176,accident,high
26.162211,91.779683,accident,critical
26.164351,91.778352,theft,low
26.165018,91.78069,accident,low
26.167318,91.778787,accident,high
26.163763,91.779862,accident,medium
26.166764,91.777428,harassment,medium
26.16425,91.781898,theft,medium
26.165566,91.778614,accident,low
26.167868,91.778247,assault,high
26.162203,91.78253,harassment,high
26.166351,91.776185,scam,medium
26.167448,91.77884,scam,medium
26.168754,91.778935,harassment,low
26.15845,91.777813,lost_person,medium
26.159944,91.782843,scam,low
26.163877,91.784591,theft,medium
26.168977,91.781949,lost_person,medium
26.164925,91.779762,accident,low
26.165713,91.782412,scam,high
26.164728,91.781536,assault,high
26.170089,91.780153,lost_person,medium
26.164796,91.780122,lost_person,low
26.170187,91.778377,scam,high
26.164825,91.778356,scam,low
26.166457,91.777418,scam,medium
26.165734,91.779161,assault,low
26.165248,91.779294,harassment,high
26.167286,91.780398,scam,medium
26.163191,91.778994,scam,high
26.161918,91.781176,harassment,high
26.167758,91.781475,harassment,low
26.164856,91.777354,lost_person,medium
26.165048,91.783447,lost_person,low
26.163788,91.777008,accident,high
26.167179,91.779858,scam,medium
26.160317,91.778077,assault,high
26.168477,91.779512,accident,high
26.16612,91.781521,scam,medium
26.166089,91.781956,scam,medium
26.165133,91.777835,scam,low
26.161779,91.782417,harassment,medium
26.169497,91.778699,assault,low
26.165022,91.782192,accident,critical
26.164128,91.78449,harassment,high
26.168784,91.782232,theft,medium
26.171261,91.780102,assault,critical
26.163317,91.782859,lost_person,low
26.163591,91.77979,accident,medium
26.166687,91.777317,scam,low
26.167262,91.782459,scam,medium
26.164402,91.778154,harassment,critical
26.163783,91.778549,lost_person,high
26.164431,91.779595,harassment,high
26.164698,91.780977,harassment,critical
26.165944,91.777989,harassment,medium
26.165472,91.783195,lost_person,medium
26.164667,91.778412,theft,high
26.170272,91.783426,scam,low
26.165107,91.782918,harassment,medium
26.164139,91.780788,theft,low
26.166414,91.781906,scam,medium
26.16623,91.781785,theft,critical
26.166893,91.781023,accident,low
26.168985,91.780435,scam,high
26.164415,91.780771,lost_person,medium
26.167813,91.779116,accident,high
26.166301,91.781275,theft,critical
26.163005,91.782797,assault,low
26.163538,91.77842,scam,medium
26.161853,91.77993,lost_person,low
26.166878,91.782249,harassment,low
26.164295,91.781184,lost_person,high
26.163014,91.776215,assault,medium
26.164783,91.779134,assault,low
26.165189,91.781025,harassment,medium
26.166367,91.776732,accident,medium
26.165935,91.783104,accident,low
26.160169,91.778812,lost_person,medium
26.161136,91.778424,scam,medium
26.165412,91.780648,lost_person,high
26.165617,91.779192,harassment,low
26.165239,91.778865,assault,medium
26.16708,91.780938,lost_person,medium
26.163705,91.780249,harassment,medium
26.166336,91.776282,scam,medium
26.16143,91.780068,scam,high
26.165334,91.782185,accident,medium
26.164552,91.779409,lost_person,high
26.166502,91.776706,lost_person,medium
26.164887,91.779293,scam,low
26.166126,91.780145,scam,medium
26.165093,91.777045,scam,medium
26.163569,91.782225,accident,low
26.167489,91.777528,accident,high
26.162867,91.778526,lost_person,critical
26.164255,91.777806,assault,high
26.163847,91.778481,harassment,low
26.166218,91.780793,assault,low
26.165033,91.778308,harassment,low
26.160444,91.778275,scam,high
26.164094,91.779972,lost_person,high
26.163081,91.777082,harassment,medium
26.165275,91.779579,scam,medium
26.163793,91.780856,scam,medium
26.167204,91.778815,theft,high
26.166027,91.783735,theft,critical
26.166074,91.777422,theft,low
26.167328,91.782836,scam,medium
26.163308,91.778859,lost_person,low
26.16154,91.781441,theft,medium
26.162429,91.779613,scam,low
26.161862,91.777243,assault,high
26.16433,91.777537,lost_person,medium
26.162565,91.78218,theft,low
26.166178,91.779647,accident,critical
26.163405,91.780826,scam,medium
26.159716,91.780901,accident,high
26.166399,91.779328,theft,medium
26.161951,91.779355,accident,critical
26.170195,91.781336,harassment,medium
26.161396,91.782188,scam,medium
26.164332,91.776143,accident,high
26.159284,91.783318,theft,medium
26.162037,91.779266,accident,low
26.166494,91.779348,scam,medium
26.165661,91.782429,lost_person,low
26.166132,91.780895,lost_person,medium
26.166345,91.780725,assault,medium
26.163789,91.777941,harassment,low
26.16511,91.780655,assault,medium
26.164161,91.777125,accident,medium
26.163273,91.781238,theft,low
26.164587,91.779942,scam,medium
26.162127,91.778093,lost_person,low
26.168032,91.781474,lost_person,low
26.164387,91.780796,scam,low
26.162765,91.777598,harassment,critical
26.164226,91.778512,accident,low
26.162832,91.77697,theft,low
26.1637,91.782564,accident,high
26.163389,91.78026,harassment,low
26.167809,91.778806,accident,medium
26.168029,91.778288,assault,low
26.166833,91.778391,accident,medium
26.16744,91.779854,accident,medium
26.163217,91.776047,accident,low
26.165318,91.78043,scam,medium
26.170092,91.779491,assault,medium
26.164475,91.784322,accident,medium
26.167474,91.777352,scam,medium
26.161769,91.781361,theft,medium
26.165588,91.779435,scam,critical
26.165332,91.781162,theft,high
26.165608,91.779248,theft,low
26.163618,91.78028,assault,low
26.168457,91.780628,theft,medium
26.168306,91.778364,accident,medium
26.166351,91.782528,harassment,high
26.163076,91.779835,scam,medium
26.163603,91.781051,accident,low
26.163862,91.775352,lost_person,high
26.164406,91.779896,lost_person,low
26.157854,91.778225,accident,high
26.166351,91.778948,assault,medium
26.160793,91.782871,theft,low
26.167519,91.780718,theft,medium
26.164206,91.782481,harassment,high
26.163407,91.776654,lost_person,high
26.16344,91.780466,harassment,low
26.161765,91.77891,assault,medium
26.168226,91.781202,scam,critical
26.163402,91.779157,harassment,critical
26.161586,91.7792,harassment,low
26.163616,91.780418,scam,medium
26.16541,91.781192,assault,low
26.167451,91.779663,theft,low
26.164504,91.779827,theft,medium
26.16562,91.776793,theft,low
26.164447,91.7772,assault,high
26.163991,91.778347,lost_person,critical
26.163253,91.776012,theft,high
26.163881,91.779956,theft,medium
26.161282,91.778613,assault,medium
26.16592,91.780319,lost_person,high
26.167495,91.779277,assault,low
26.165138,91.778292,scam,critical
26.167827,91.780431,theft,medium
26.164265,91.779808,theft,low
26.165614,91.779341,accident,high
26.161974,91.784832,scam,medium
26.169715,91.780904,theft,medium
26.169144,91.779703,scam,high
26.16638,91.776459,harassment,low
26.163641,91.783561,scam,low
26.165538,91.779577,scam,high
26.163321,91.778964,assault,medium
26.164948,91.781716,accident,low
26.165969,91.777603,accident,medium
26.163848,91.781701,lost_person,medium
26.162359,91.778082,accident,critical
26.163633,91.775507,scam,high
26.166083,91.780051,theft,low
26.162995,91.778889,assault,medium
26.165063,91.781121,assault,high
26.1623,91.778463,scam,high
26.161418,91.780565,lost_person,low
26.163574,91.780731,theft,critical
26.165414,91.780091,accident,low
26.164378,91.778409,harassment,high
26.16091,91.781275,harassment,medium
26.16146,91.781986,scam,high
26.167779,91.777993,accident,low
26.164461,91.782034,harassment,low
26.165359,91.780377,theft,critical
26.161738,91.779752,scam,high
26.161919,91.779094,lost_person,low
26.166911,91.778163,theft,low
26.162624,91.780102,theft,low
26.16686,91.780377,theft,medium
26.16465,91.782151,scam,medium
26.162729,91.781468,harassment,medium
26.164699,91.778828,assault,high
26.164523,91.779757,accident,high
26.166768,91.784311,harassment,high
26.164518,91.774791,harassment,high
26.164198,91.780982,theft,medium
26.16546,91.782613,scam,high
26.166339,91.780302,theft,medium
26.165624,91.78014,accident,high
26.165635,91.778603,scam,high
26.162778,91.781007,lost_person,low
26.161802,91.78078,accident,high
26.164266,91.776404,harassment,high
26.165019,91.780698,theft,medium
26.16245,91.783101,lost_person,medium
26.164222,91.776923,assault,high
26.163509,91.781242,scam,critical
26.165134,91.78251,assault,high
26.164576,91.780214,lost_person,low
26.16443,91.777833,assault,low
26.161265,91.778799,scam,high
26.164515,91.779355,harassment,critical
26.162967,91.776982,lost_person,medium
26.1649,91.7803,harassment,high
26.16478,91.780628,accident,low
26.16826,91.778456,scam,low
26.164008,91.776281,harassment,medium
26.162532,91.779281,accident,medium
26.168402,91.782426,theft,low
26.167981,91.778531,accident,medium
26.163754,91.777817,harassment,low
26.167621,91.781323,theft,high
26.165456,91.779623,scam,low
26.166125,91.78262,theft,low
26.16242,91.779598,theft,medium
26.167538,91.777784,assault,medium
26.165928,91.7799,accident,high
26.158435,91.781526,assault,low
26.163422,91.781386,lost_person,critical
26.165904,91.778924,accident,medium
26.167057,91.778546,harassment,high
26.166518,91.781371,assault,medium
26.165902,91.779651,accident,high
26.165556,91.780954,harassment,critical
26.166952,91.781577,harassment,high
26.164091,91.782885,theft,medium
26.165498,91.780003,theft,high
26.166671,91.779908,harassment,high
26.164695,91.780546,accident,critical
26.161503,91.779665,lost_person,low
26.168202,91.775767,assault,medium
26.167188,91.776758,scam,medium
26.166102,91.777336,lost_person,low
26.165333,91.782997,lost_person,low
26.16045,91.782885,lost_person,low
26.166047,91.78265,scam,medium
26.165957,91.781426,harassment,high
26.167294,91.782409,assault,medium
26.163239,91.783079,accident,high
26.162768,91.783687,theft,low
26.166582,91.778734,lost_person,medium
26.16,91.77623,scam,medium
26.164577,91.774716,theft,critical
26.16855,91.779928,scam,medium
26.166578,91.781837,scam,low
26.164083,91.778006,harassment,medium
26.166638,91.779221,theft,low
26.165436,91.780798,theft,medium
26.163804,91.780992,harassment,medium
26.166817,91.778373,harassment,medium
26.164386,91.776693,harassment,medium
26.164386,91.781342,assault,medium
26.163557,91.778969,scam,low
26.164122,91.781124,lost_person,low
26.166945,91.781135,accident,medium
26.162034,91.779811,harassment,medium
26.162079,91.783807,harassment,medium
26.168284,91.778852,theft,medium
26.162977,91.779285,harassment,medium
26.166081,91.782155,lost_person,critical
26.165104,91.780332,assault,medium
26.165129,91.782329,theft,high
26.161097,91.779939,scam,low
26.167326,91.780522,lost_person,low
26.166409,91.776546,theft,high
26.163971,91.779689,harassment,critical
26.16385,91.778443,scam,medium
26.165053,91.78154,lost_person,low
26.16839,91.775816,lost_person,critical
26.164196,91.775205,assault,medium
26.16584,91.778377,assault,high
26.165296,91.777433,harassment,high
26.164557,91.776964,assault,medium
26.164187,91.776691,assault,medium
26.166555,91.781987,scam,medium
26.159965,91.782542,assault,high
26.164338,91.780072,accident,medium
26.168104,91.779679,assault,medium
26.168075,91.780991,harassment,low
26.162226,91.775866,theft,medium
26.167516,91.778435,accident,low
26.164019,91.781585,harassment,medium
26.166027,91.780104,theft,medium
26.167017,91.780378,theft,medium
26.166306,91.777906,scam,medium
26.162539,91.779057,harassment,medium
26.164994,91.780809,scam,medium
26.164398,91.777148,accident,low
26.166345,91.781284,accident,high
26.169029,91.782631,theft,medium
26.168759,91.77934,theft,medium
26.164946,91.779299,harassment,medium
26.166248,91.777818,scam,medium
26.163055,91.779603,harassment,medium
26.165979,91.782875,lost_person,medium
26.167943,91.779686,lost_person,high
26.16565,91.780305,theft,high
26.16391,91.785409,lost_person,low
26.163626,91.779483,lost_person,medium
26.162494,91.780088,scam,low
26.163627,91.779591,lost_person,high
26.167163,91.775339,accident,medium
26.1663,91.777237,accident,critical
26.162224,91.781702,harassment,medium
26.165782,91.781283,accident,high
26.164088,91.778317,accident,high
26.166941,91.778119,scam,medium
26.167656,91.779575,accident,low
26.168963,91.779116,lost_person,high
26.165498,91.781516,harassment,high
26.162578,91.779639,theft,medium
26.166293,91.777188,assault,low
26.162307,91.778261,harassment,high
26.164791,91.780949,scam,medium
26.162749,91.776725,lost_person,medium
26.164874,91.778842,lost_person,medium
26.160246,91.783685,theft,medium
26.165682,91.783847,accident,low
26.166218,91.779316,scam,medium
26.165572,91.783068,scam,low
26.165978,91.780792,harassment,high
26.166668,91.783365,assault,medium
26.164251,91.780307,scam,low
26.164528,91.781402,scam,critical
26.165523,91.783967,accident,critical
26.166022,91.779497,assault,medium
26.167552,91.776679,theft,high
26.164761,91.778871,lost_person,medium
26.163594,91.778349,harassment,critical
26.169293,91.781596,harassment,medium
26.164707,91.779144,assault,medium
26.170252,91.779462,theft,critical
26.164086,91.780807,accident,high
26.167653,91.777039,accident,medium
26.163065,91.780742,scam,medium
26.162318,91.779808,harassment,medium
26.167275,91.78104,harassment,medium
26.165514,91.780861,theft,high
26.16476,91.781009,scam,critical
26.16735,91.78022,accident,low
26.163889,91.779231,lost_person,low
26.162783,91.779408,scam,medium
26.166991,91.774894,lost_person,high
26.164747,91.782228,scam,medium
26.16458,91.777188,harassment,high
26.16482,91.781468,assault,critical
26.164069,91.779721,assault,medium
26.164731,91.778111,harassment,low
26.163707,91.779761,accident,critical
26.166461,91.780251,accident,medium
26.163133,91.7834,accident,high
26.165402,91.781042,lost_person,medium
26.167665,91.778047,scam,medium
26.16746,91.777265,scam,medium
26.165344,91.779857,theft,medium
26.166504,91.781262,assault,high
26.162475,91.781027,harassment,low
26.166642,91.780232,scam,low
26.164476,91.77976,theft,critical
26.160861,91.78133,scam,low
26.165294,91.781837,theft,low
26.167944,91.778355,harassment,medium
26.162689,91.784804,accident,low
26.162603,91.779697,theft,critical
26.165412,91.776863,assault,medium
26.164595,91.780198,scam,medium
26.163968,91.778146,harassment,medium
26.165444,91.780066,theft,high
26.16277,91.780412,lost_person,critical
26.166199,91.780979,scam,medium
26.16715,91.778856,lost_person,medium
26.163077,91.779634,theft,medium
26.166036,91.781654,harassment,medium
26.163803,91.783626,assault,low
26.166339,91.779356,harassment,low
26.161377,91.781407,scam,high
26.162199,91.780825,theft,medium
26.167468,91.78224,accident,low
26.163329,91.786361,theft,medium
26.163435,91.781044,accident,high
26.162555,91.777073,scam,high
26.162795,91.780487,lost_person,medium
26.162939,91.777547,assault,low
26.167523,91.778556,assault,medium
26.163585,91.780136,scam,medium
26.163765,91.776639,accident,medium
26.166285,91.777499,scam,high
26.165053,91.78077,scam,low
26.162793,91.780919,accident,medium
26.16652,91.779823,accident,low
26.164932,91.781166,lost_person,medium
26.167341,91.78246,assault,critical
26.162236,91.782047,scam,medium
26.167348,91.782367,harassment,critical
26.166051,91.781511,scam,medium
26.167559,91.778496,harassment,high
26.162744,91.780947,harassment,medium
26.166268,91.778749,harassment,low
26.168776,91.782228,scam,high
26.164665,91.781229,scam,high
26.166742,91.778114,theft,high
26.16155,91.781777,accident,medium
26.167116,91.779093,harassment,low
26.164206,91.778013,assault,low
26.164334,91.780067,lost_person,medium
26.163629,91.781284,theft,medium
26.162519,91.78164,harassment,critical
26.165343,91.779815,lost_person,low
26.16077,91.779831,lost_person,medium
26.164725,91.779807,accident,low
26.169915,91.782004,harassment,high
26.165943,91.779918,lost_person,medium
26.167415,91.776487,assault,medium
26.163835,91.781261,scam,medium
26.168091,91.778493,lost_person,low
26.162705,91.780926,scam,high
26.163176,91.782249,accident,high
26.167235,91.778147,assault,critical
26.162468,91.779136,lost_person,high
26.162866,91.781767,theft,critical
26.166772,91.779239,lost_person,high
26.164176,91.7824,accident,medium
26.161596,91.779724,lost_person,medium
26.165361,91.778897,scam,medium
26.16432,91.781388,theft,high
26.162978,91.784183,accident,low
26.162787,91.778343,assault,medium
26.165224,91.778109,accident,low
26.163121,91.775132,assault,low
26.164886,91.779287,assault,medium
26.165866,91.778782,harassment,medium
26.161814,91.779932,assault,low
26.166487,91.778611,assault,low
26.164494,91.776102,lost_person,high
26.166125,91.773589,scam,low
26.165431,91.780516,assault,medium
26.167127,91.780205,harassment,low
26.165214,91.778985,harassment,medium
26.168691,91.780721,scam,low
26.165705,91.781135,assault,high
26.162555,91.778172,theft,high
26.164024,91.781613,assault,low
26.164866,91.782863,theft,medium
26.168312,91.778246,theft,low
26.162165,91.777912,harassment,medium
26.163504,91.780178,harassment,low
26.169498,91.785468,harassment,critical
26.167115,91.777499,theft,low
26.169019,91.779217,scam,medium
26.163733,91.779342,lost_person,medium
26.163353,91.780301,assault,low
26.164238,91.780835,lost_person,high
26.166309,91.777645,scam,medium
26.166318,91.779653,theft,medium
26.164711,91.776099,scam,medium
26.169136,91.77929,theft,low
26.16383,91.780341,harassment,medium
26.167774,91.780147,theft,high
26.165454,91.779435,accident,high
26.166752,91.781707,lost_person,high
26.159346,91.780291,accident,low
26.166713,91.773982,scam,critical
26.163799,91.778436,lost_person,low
26.166082,91.778447,harassment,high
26.167029,91.779225,accident,high
26.163038,91.783159,lost_person,medium
26.169315,91.784757,assault,low
26.163472,91.777918,accident,high
26.165441,91.777201,harassment,low
26.163626,91.775989,lost_person,low
26.165922,91.775944,harassment,critical
26.161474,91.77585,lost_person,medium
26.161536,91.779018,lost_person,low
26.167073,91.779327,accident,low
26.166189,91.779567,accident,medium
26.168206,91.780098,accident,high
26.161086,91.781106,accident,high
26.165158,91.780673,harassment,low
26.166729,91.776763,accident,medium
26.162952,91.779573,accident,low
26.167312,91.78175,accident,medium
26.162295,91.779819,accident,medium
26.164879,91.779524,assault,medium
26.162177,91.777326,accident,critical
26.166908,91.78249,lost_person,high
26.164107,91.782721,harassment,medium
26.166211,91.782034,assault,medium
26.166148,91.779847,assault,high
26.162874,91.778308,assault,medium
26.165501,91.781237,harassment,medium
26.164181,91.782368,theft,critical
26.166593,91.782016,assault,medium
26.164242,91.77684,accident,critical
26.166658,91.782107,accident,high
26.167489,91.785069,accident,critical
26.168308,91.781229,scam,high
26.16426,91.776725,lost_person,high
26.164419,91.780269,harassment,high
26.166903,91.778456,harassment,medium
26.161347,91.775868,assault,low
26.163449,91.781405,theft,high
26.163503,91.780611,lost_person,high
26.162781,91.779399,harassment,medium
26.163826,91.775427,lost_person,high
26.162992,91.77903,accident,medium
26.165324,91.782198,assault,low
26.164278,91.779387,harassment,medium
26.166472,91.781766,theft,high
26.166377,91.780059,assault,low
26.167033,91.778407,assault,medium
26.162262,91.778005,harassment,high
26.165547,91.781957,assault,high
26.171096,91.775718,accident,low
26.163539,91.781688,theft,critical
26.167319,91.779139,accident,high
26.16075,91.778288,assault,medium
26.164182,91.779372,scam,low
26.167883,91.777591,lost_person,medium
26.167486,91.782858,assault,medium
26.164421,91.779055,accident,low
26.167122,91.780794,lost_person,medium
26.16233,91.780024,theft,medium
26.163767,91.782267,assault,low
26.166144,91.782456,lost_person,medium
26.164421,91.779223,theft,medium
26.164081,91.775587,scam,low
26.164863,91.778754,accident,medium
26.168742,91.778205,theft,medium
26.165793,91.78049,scam,high
26.164456,91.781835,accident,medium
26.164963,91.782633,theft,low
26.167378,91.778328,accident,high
26.162146,91.780957,accident,medium
26.165079,91.780371,lost_person,medium
26.165574,91.776543,harassment,medium
26.162867,91.781653,lost_person,low
26.16739,91.77757,assault,low
26.165462,91.775796,lost_person,medium
26.164464,91.782176,harassment,medium
26.163784,91.776562,scam,low
26.16578,91.782998,assault,high
26.163957,91.780907,scam,medium
26.164676,91.782133,theft,medium
26.162907,91.78329,harassment,medium
26.165741,91.777808,lost_person,medium
26.165143,91.779146,accident,high
26.163882,91.780284,accident,low
26.163927,91.781727,scam,medium
26.167491,91.783627,harassment,low
26.164641,91.781362,lost_person,high
26.16109,91.777652,scam,high
26.166176,91.778976,accident,medium
26.164192,91.778593,harassment,low
26.162616,91.780536,accident,medium
26.164294,91.780773,harassment,medium
26.16303,91.774742,assault,high
26.168544,91.783503,harassment,high
26.166583,91.777844,scam,high
26.162876,91.782214,theft,medium
26.163873,91.776348,accident,low
26.16134,91.779049,accident,high
26.163751,91.778355,lost_person,low
26.161792,91.781895,scam,medium
26.1624,91.782197,lost_person,medium
26.164674,91.781556,harassment,low
26.165676,91.77945,assault,medium
26.165587,91.775662,scam,medium
26.167166,91.779331,assault,medium
26.163294,91.780597,theft,medium
26.166983,91.781334,scam,medium
26.169869,91.778848,scam,low
26.163445,91.780827,accident,high
26.16918,91.780229,harassment,medium
26.16698,91.781406,lost_person,medium
26.166162,91.782018,accident,medium
26.165073,91.782074,scam,medium
26.165168,91.776713,accident,medium
26.169787,91.7805,assault,medium
26.162615,91.78034,scam,low
26.167799,91.782178,scam,low
26.165109,91.782001,accident,high
26.160632,91.782091,theft,low
26.162014,91.782761,harassment,medium
26.163588,91.779721,accident,low
26.164981,91.775617,scam,critical
26.163782,91.782027,theft,high
26.167713,91.778169,harassment,medium
26.169357,91.779259,theft,critical
26.163535,91.78147,lost_person,critical
26.167119,91.77739,theft,high
26.165355,91.78037,lost_person,high
26.165486,91.777379,harassment,high
26.165658,91.782486,assault,high
26.16536,91.782868,harassment,medium
26.166721,91.778937,harassment,critical
26.163086,91.78043,scam,medium
26.163311,91.782207,assault,high
26.164081,91.7805,accident,critical
26.161479,91.77681,lost_person,medium
26.166587,91.776631,accident,low
26.164781,91.782861,scam,high
26.164242,91.778889,scam,medium
26.160848,91.779228,assault,low
26.162698,91.7795,theft,medium
26.166237,91.775705,scam,medium
26.164043,91.780034,assault,medium
26.164134,91.780182,harassment,medium
26.168447,91.779383,scam,high
26.168446,91.780493,lost_person,low
26.162034,91.780566,theft,critical
26.163729,91.782772,assault,high
26.163954,91.780224,accident,high
26.16463,91.782368,lost_person,low
26.165758,91.781376,harassment,medium
26.165348,91.779982,accident,low
26.165282,91.780458,scam,medium
26.162238,91.775087,theft,low
26.166224,91.776994,harassment,high
26.165674,91.779879,assault,low
26.162681,91.777719,assault,low
26.169748,91.780459,accident,low
26.163149,91.780878,accident,high
26.164806,91.777252,harassment,low
26.169448,91.781285,lost_person,critical
26.166676,91.781747,scam,high
26.1655,91.778373,lost_person,medium
26.1634,91.781853,scam,critical
26.166602,91.7812,theft,medium
26.16516,91.780939,lost_person,high
26.163264,91.775356,theft,high
26.166581,91.781459,assault,medium
26.165249,91.779945,harassment,high
26.167586,91.78417,theft,high
26.162941,91.778391,theft,low
26.166193,91.777471,theft,low
26.16282,91.780938,harassment,medium
26.162289,91.780686,scam,low
26.162869,91.778876,accident,high
26.164506,91.780799,theft,critical
26.165952,91.782788,harassment,low
26.165489,91.780828,harassment,medium
26.1623,91.780011,accident,medium
26.16234,91.780006,harassment,low
26.167578,91.782055,theft,medium
26.164138,91.778848,assault,high
26.164037,91.779425,harassment,low
26.167608,91.774554,harassment,critical
26.165419,91.779919,theft,low
26.166391,91.784063,accident,medium
26.164966,91.784375,assault,medium
26.166762,91.776308,scam,medium
26.166643,91.778051,assault,low
26.16439,91.778801,scam,high
26.164389,91.778153,assault,high
26.167074,91.781792,scam,low
26.164465,91.776487,assault,high
26.168081,91.778779,scam,critical
26.165756,91.7792,harassment,low
26.167012,91.777981,theft,low
26.169422,91.785227,lost_person,medium
26.165044,91.777593,theft,low
26.167579,91.782236,theft,high
26.165618,91.776972,theft,low
26.163727,91.778824,theft,critical
26.165252,91.780818,assault,low
26.161628,91.780059,theft,high
26.165036,91.777781,theft,low
26.165415,91.779268,harassment,medium
26.166873,91.778461,assault,high
26.162955,91.7819,lost_person,medium
26.166838,91.778798,theft,low
26.167649,91.783152,assault,low
26.166022,91.783138,scam,low
26.167415,91.778804,assault,critical
26.166041,91.780445,theft,low
26.164827,91.778841,assault,low
26.164059,91.781318,assault,low
26.167768,91.779661,accident,medium
26.163466,91.779204,theft,high
26.166786,91.784639,harassment,low
26.161843,91.780356,harassment,low
26.164097,91.778003,assault,critical
26.165259,91.779654,theft,low
26.161339,91.778531,assault,medium
26.162449,91.778412,theft,medium
26.164709,91.782271,accident,low
26.16818,91.780722,harassment,medium
26.163358,91.783077,accident,low
26.163468,91.77675,accident,medium
26.168824,91.77825,assault,low
26.164001,91.78008,harassment,medium
26.165546,91.779987,accident,medium
26.163278,91.777561,theft,medium
26.164188,91.778597,lost_person,low
26.165282,91.780658,harassment,critical
26.167725,91.779126,assault,medium
26.165065,91.784692,accident,critical
26.16582,91.778163,accident,low
26.162382,91.781083,assault,low
26.165055,91.781248,lost_person,medium
26.16353,91.783959,lost_person,low
26.160119,91.777162,assault,high
26.16588,91.778948,accident,low
26.164148,91.780001,assault,medium
26.164862,91.779288,accident,medium
26.162429,91.781221,harassment,high
26.168398,91.777689,harassment,medium
26.16535,91.784026,scam,medium
26.164466,91.778322,harassment,high
26.165889,91.782889,harassment,high
26.165422,91.779372,harassment,medium
26.166714,91.7757,harassment,medium
26.165448,91.783454,lost_person,critical
26.164647,91.781106,theft,medium
26.164709,91.780954,theft,low
26.16394,91.778057,lost_person,medium
26.163013,91.775988,harassment,high
26.166389,91.780084,scam,medium
26.162539,91.780716,scam,low
26.161258,91.78151,harassment,low
26.166526,91.780349,lost_person,high
26.166866,91.781212,harassment,medium
26.164062,91.77662,accident,high
26.165248,91.780867,assault,high
26.162709,91.778168,theft,medium
26.163907,91.780303,accident,low
26.164275,91.781289,theft,low
26.166324,91.776953,lost_person,high
26.163222,91.783385,harassment,high
26.169053,91.781557,theft,critical
26.164575,91.782962,lost_person,medium
26.164047,91.782647,harassment,high
26.163346,91.777857,scam,medium
26.165666,91.781137,assault,medium
26.164404,91.781022,theft,medium
26.162447,91.780076,harassment,high
26.163569,91.781526,theft,medium
26.162402,91.78067,lost_person,critical
26.169395,91.779142,theft,high
26.164595,91.78259,accident,medium
26.16617,91.77901,harassment,high
26.164498,91.779337,assault,high
26.16818,91.779947,harassment,high
26.163718,91.779313,theft,high
26.166052,91.776208,assault,low
26.167877,91.780984,harassment,medium
26.168694,91.775152,theft,medium
26.166572,91.780788,lost_person,medium
26.16561,91.776224,theft,low
26.164388,91.779595,assault,low
26.166564,91.78362,accident,medium
26.166198,91.780535,theft,medium
26.166272,91.781991,scam,low
26.163728,91.780242,accident,high
26.168545,91.778566,assault,medium
26.166097,91.777215,assault,medium
26.160764,91.776147,theft,medium
26.165432,91.779826,accident,low
26.165755,91.777537,theft,medium
26.164996,91.778944,theft,medium
26.165195,91.77993,scam,high
26.165857,91.782294,scam,low
26.166028,91.781155,theft,medium
26.165309,91.779918,lost_person,critical
26.169701,91.783107,assault,medium
26.164509,91.777132,lost_person,medium
26.167534,91.77773,harassment,high
26.167421,91.783096,theft,medium
26.160957,91.779543,harassment,medium
26.163493,91.778276,scam,high
26.167752,91.779716,scam,medium
26.162093,91.782039,theft,medium
26.165055,91.779723,accident,low
26.16036,91.782238,assault,medium
26.163975,91.779101,scam,critical
26.168668,91.778729,assault,medium
26.162494,91.780895,theft,medium
26.16296,91.782091,lost_person,medium
26.167859,91.780269,accident,low
26.165488,91.779482,theft,medium
26.164393,91.780398,scam,low
26.165233,91.779047,theft,low
26.163491,91.777984,accident,medium
26.163644,91.782262,assault,medium
26.16394,91.777369,harassment,medium
26.166246,91.780681,assault,medium
26.16137,91.779396,accident,low
26.165218,91.778999,harassment,medium
26.16392,91.779059,theft,low
26.163798,91.781821,accident,medium
26.162702,91.779526,scam,medium
26.162592,91.779497,assault,high
26.16264,91.779103,assault,low
26.165112,91.781418,scam,medium
26.161864,91.779028,scam,medium
26.16347,91.778892,accident,medium
26.165112,91.781753,lost_person,medium
26.168191,91.78181,lost_person,low
26.162285,91.780438,assault,low
26.162188,91.784926,assault,low
26.167316,91.775335,lost_person,medium
26.166937,91.780271,assault,medium
26.163807,91.779184,lost_person,medium
26.163713,91.781082,scam,low
26.164985,91.778125,assault,low
26.167946,91.777357,theft,medium
26.163279,91.78025,harassment,high
26.162189,91.781139,accident,high
26.164553,91.779437,scam,high
26.166946,91.781902,harassment,low
26.161061,91.782739,assault,medium
26.16418,91.779778,assault,medium
26.160938,91.777735,assault,high
26.166061,91.779982,theft,high
26.159224,91.781991,lost_person,low
26.168167,91.779691,accident,medium
26.170683,91.779992,accident,high
26.165405,91.781762,accident,medium
26.165081,91.779264,scam,low
26.164726,91.779927,lost_person,medium
26.164272,91.779238,accident,high
26.163444,91.778937,assault,medium
26.166014,91.780511,theft,low
26.165374,91.7778,accident,critical
26.163493,91.779018,accident,medium
26.163403,91.781901,lost_person,low
26.163947,91.780552,accident,medium
26.165385,91.777176,assault,high
26.166313,91.780048,harassment,medium
26.163861,91.78343,assault,medium
26.16527,91.782004,accident,critical
26.166495,91.780387,assault,critical
26.166462,91.778468,scam,medium
26.1656,91.784486,scam,low
26.161877,91.778168,scam,high
26.162027,91.778952,scam,medium
26.172149,91.779546,scam,low
26.167366,91.778677,harassment,low
26.163551,91.778613,lost_person,low
26.161995,91.778443,scam,low
26.163997,91.782668,scam,low
26.170202,91.780073,assault,medium
26.165917,91.782004,assault,low
26.166375,91.780086,harassment,high
26.16632,91.780555,assault,high
26.164148,91.777981,theft,high
26.16576,91.784503,assault,critical
26.165655,91.778198,scam,medium
26.165665,91.779549,assault,medium
26.166021,91.776218,lost_person,low
26.164306,91.779625,accident,low
26.165564,91.778996,scam,low
26.165453,91.778846,harassment,high
26.162696,91.775758,lost_person,medium
26.165537,91.780468,harassment,medium
26.163695,91.780502,assault,high
26.164048,91.78195,lost_person,medium
26.167368,91.780047,scam,medium
26.167644,91.77953,assault,high
26.168683,91.782485,scam,medium
26.164445,91.779635,lost_person,medium
26.161921,91.783023,lost_person,critical
26.165698,91.780734,lost_person,medium
26.163908,91.780844,scam,high
26.163404,91.781761,theft,high
26.160874,91.782009,lost_person,high
26.166161,91.781993,assault,medium
26.163734,91.781637,harassment,medium
26.165507,91.781703,accident,medium
26.162903,91.778974,accident,medium
26.168018,91.781768,accident,low
26.166385,91.780169,scam,low
26.165429,91.78037,harassment,high
26.162519,91.7802,harassment,low
26.161754,91.776629,lost_person,medium
26.16696,91.775611,scam,medium
26.172399,91.777972,lost_person,medium
26.165122,91.781577,harassment,low
26.160778,91.778534,lost_person,medium
26.165718,91.778608,accident,low
26.163987,91.779385,theft,medium
26.166896,91.783448,accident,high
26.161165,91.78013,theft,high
26.165451,91.776839,lost_person,low
26.164585,91.780383,assault,low
26.164502,91.782049,lost_person,low
26.169114,91.77986,lost_person,high
26.162846,91.776374,scam,medium
26.163119,91.778423,assault,critical
26.168481,91.778799,assault,low
26.165433,91.780811,accident,high
26.162106,91.784761,harassment,low
26.166094,91.781196,accident,low
26.162768,91.779779,theft,medium
26.161743,91.777705,scam,low
26.164926,91.780158,lost_person,low
26.162682,91.780558,scam,medium
26.167967,91.780799,accident,high
26.160182,91.778089,harassment,low
26.163443,91.785159,assault,medium
26.164409,91.77756,accident,high
26.162533,91.780979,accident,low
26.168261,91.782478,lost_person,low
26.166245,91.774538,assault,medium
26.166624,91.78202,lost_person,critical
26.168756,91.784173,theft,medium
26.164861,91.778821,harassment,medium
26.165679,91.779264,scam,medium
26.164726,91.780958,harassment,medium
26.166444,91.777956,harassment,medium
26.16196,91.779609,assault,low
26.165244,91.779469,lost_person,high
26.163531,91.777124,assault,high
26.166704,91.776481,accident,critical
26.163496,91.782894,harassment,medium
26.164792,91.782784,lost_person,medium
26.162925,91.78045,theft,high
26.165164,91.783453,accident,low
26.167842,91.778596,harassment,high
26.164305,91.777586,lost_person,low
26.165799,91.77998,harassment,medium
26.166423,91.779869,theft,high
26.16396,91.780886,assault,medium
26.161596,91.78149,theft,low
26.164295,91.779551,assault,high
26.168112,91.780386,theft,high
26.161991,91.781043,assault,high
26.165728,91.783304,lost_person,high
26.167986,91.780926,theft,medium
26.162591,91.781162,accident,critical
26.163009,91.777114,scam,high
26.170104,91.775304,theft,medium
26.165088,91.776442,theft,medium
26.161526,91.781167,lost_person,medium
26.16263,91.777116,lost_person,low
26.167019,91.78025,accident,medium
26.162595,91.780172,accident,low
26.164479,91.780513,theft,medium
26.165666,91.78154,lost_person,high
26.164884,91.777448,lost_person,low
26.165412,91.781357,accident,low
26.162697,91.779492,harassment,high
26.161882,91.781091,theft,medium
26.16631,91.781008,harassment,high
26.167004,91.783401,accident,medium
26.1649,91.78014,assault,medium
26.167295,91.778004,accident,high
26.165149,91.779684,theft,low
26.16689,91.780017,theft,critical
26.162154,91.780042,harassment,critical
26.166691,91.782946,harassment,medium
26.160553,91.77701,harassment,low
26.162863,91.77718,harassment,medium
26.167278,91.778792,assault,medium
26.164698,91.779797,assault,medium
26.165015,91.779556,harassment,low
26.16624,91.779032,scam,medium
26.1651,91.779558,scam,low
26.165161,91.780611,harassment,medium
26.165867,91.782045,assault,medium
26.163874,91.778706,lost_person,medium
26.166722,91.781505,accident,low
26.166754,91.776038,theft,medium
26.16462,91.778227,assault,medium
26.168946,91.77745,scam,critical
26.165805,91.777871,accident,critical
26.165551,91.7805,theft,medium
26.160441,91.780751,harassment,high
26.166551,91.777339,lost_person,low
26.161981,91.77699,harassment,medium
26.165337,91.781495,assault,high
26.166385,91.780014,assault,high
26.159709,91.779116,scam,medium
26.164756,91.779075,assault,high
26.166765,91.779477,assault,low
26.163794,91.778659,scam,low
26.16474,91.780121,scam,medium
26.167293,91.776965,scam,low
26.167365,91.779424,scam,low
26.169827,91.778832,theft,low
26.167053,91.779187,accident,medium
26.16855,91.778534,assault,low
26.163629,91.777834,lost_person,high
26.162365,91.780804,assault,critical
26.168007,91.777839,accident,low
26.162808,91.78266,scam,high
26.163958,91.781493,harassment,high
26.166533,91.780005,assault,medium
26.162041,91.77987,harassment,high
26.165184,91.780397,scam,medium
26.162898,91.777097,accident,high
26.161286,91.783384,lost_person,medium
26.165091,91.778503,assault,medium
26.16229,91.780258,harassment,medium
26.163744,91.780433,scam,low
26.166453,91.781179,scam,critical
26.164504,91.781363,scam,high
26.166949,91.781944,lost_person,critical
26.16654,91.782176,harassment,low
26.162129,91.781061,accident,low
26.1637,91.776303,theft,high
26.164675,91.780538,theft,medium
26.166391,91.78041,theft,medium
26.163425,91.779465,harassment,medium
26.1633,91.782687,accident,low
26.169388,91.779603,accident,low
26.162894,91.778519,accident,high
26.166327,91.781588,harassment,medium
26.165698,91.780355,harassment,medium
26.166809,91.780811,scam,medium
26.164702,91.781121,assault,medium
26.167449,91.777907,assault,low
26.16244,91.782681,assault,medium
26.162846,91.782461,harassment,low
26.171249,91.775725,harassment,low
26.163192,91.780715,accident,medium
26.162832,91.773554,harassment,medium
26.16683,91.779069,assault,high
26.168444,91.782267,scam,low
26.164994,91.781255,theft,medium
26.165065,91.778536,theft,medium
26.163131,91.780293,accident,critical
26.165912,91.781439,theft,low
26.167588,91.778429,accident,medium
26.1632,91.784581,scam,high
26.164313,91.782795,scam,low
26.165637,91.77859,theft,low
26.163511,91.778115,assault,high
26.16456,91.779783,lost_person,medium
26.169764,91.780432,lost_person,high
26.165066,91.783178,scam,medium
26.164623,91.778829,assault,low
26.16125,91.779949,theft,low
26.164616,91.781151,theft,low
26.165417,91.783214,scam,high
26.161143,91.782141,scam,high
26.166455,91.778541,theft,low
26.167298,91.777035,accident,high
26.166964,91.78329,assault,low
26.16522,91.782681,assault,low
26.167518,91.78133,scam,low
26.16296,91.781899,harassment,low
26.168628,91.779262,scam,low
26.16691,91.779943,assault,low
26.167025,91.780207,theft,high
26.164653,91.781964,accident,critical
26.167404,91.781662,lost_person,high
26.159628,91.780506,scam,low
26.165988,91.781546,scam,high
26.164823,91.780464,accident,medium
26.167648,91.778761,harassment,low
26.163502,91.783371,lost_person,medium
26.165247,91.777848,accident,low
26.165084,91.779356,assault,low
26.163165,91.780886,theft,medium
26.162442,91.781073,accident,medium
26.162583,91.782815,accident,low
26.161976,91.781265,scam,low
26.16536,91.785023,harassment,low
26.167066,91.779013,theft,medium
26.168368,91.779192,theft,medium
26.160773,91.779526,lost_person,high
26.163937,91.780216,harassment,low
26.164405,91.778259,scam,low
26.166747,91.781474,scam,medium
26.164572,91.779945,scam,high
26.167336,91.778874,accident,medium
26.166752,91.778183,harassment,medium
26.161655,91.7755,harassment,high
26.168745,91.783767,scam,high
26.165224,91.780146,lost_person,high
26.166687,91.781301,assault,medium
26.164775,91.777628,scam,low
26.162238,91.778438,accident,medium
26.168393,91.781239,harassment,high
26.162123,91.782668,harassment,medium
26.169302,91.781374,lost_person,high
26.165891,91.777933,assault,medium
26.164386,91.775699,assault,medium
26.163207,91.774943,accident,low
26.166029,91.781278,scam,high
26.160802,91.781426,scam,high
26.169118,91.7787,theft,high
26.163744,91.779667,harassment,high
26.164424,91.778164,theft,high
26.161731,91.78124,harassment,low
26.165146,91.779775,lost_person,critical
26.16405,91.781403,harassment,high
26.166392,91.779457,assault,low
26.161432,91.778114,lost_person,high
26.164341,91.775975,assault,medium
26.164056,91.780777,accident,medium
26.164042,91.781482,theft,medium
26.162644,91.77931,scam,low
26.165763,91.780691,lost_person,critical
26.163547,91.777235,theft,high
26.166779,91.780677,theft,low
26.167635,91.778968,accident,medium
26.160419,91.780795,accident,medium
26.167616,91.778683,scam,low
26.165612,91.777857,lost_person,medium
26.169857,91.781015,harassment,medium
26.161856,91.778593,assault,low
26.166454,91.778047,assault,medium
26.166567,91.781766,theft,high
26.166821,91.778394,lost_person,critical
26.167753,91.778749,accident,low
26.161183,91.78073,harassment,medium
26.165523,91.779763,lost_person,medium
26.165609,91.782775,harassment,low
26.164326,91.782859,scam,low
26.166467,91.779743,harassment,high
26.167134,91.777831,theft,medium
26.162543,91.779696,scam,medium
26.167972,91.77913,assault,low
26.167838,91.779288,harassment,critical
26.163544,91.779108,lost_person,low
26.16656,91.782735,assault,medium
26.165022,91.781708,theft,high
26.166494,91.778009,scam,low
26.167091,91.778824,accident,low
26.164926,91.777012,accident,low
26.165556,91.777012,theft,medium
26.165997,91.775024,harassment,low
26.167506,91.783824,scam,low
26.165335,91.779774,theft,low
26.160597,91.781518,lost_person,low
26.162844,91.780098,theft,medium
26.164304,91.781478,theft,medium
26.162987,91.783227,assault,low
26.166671,91.77898,scam,medium
26.166891,91.776757,lost_person,critical
26.165787,91.78012,scam,medium
26.163302,91.78213,theft,low
26.167144,91.776421,scam,medium
26.166311,91.779162,theft,low
26.165031,91.78007,scam,high
26.166675,91.779298,harassment,high
26.163722,91.781333,assault,high
26.161611,91.777843,accident,medium
26.163107,91.780151,harassment,medium
26.166014,91.779965,assault,low
26.166323,91.778215,accident,low
26.167784,91.78369,theft,medium
26.170975,91.778904,theft,low
26.167259,91.778931,assault,high
26.164951,91.781394,lost_person,low
26.166653,91.775463,scam,medium
26.166029,91.781309,assault,critical
26.16749,91.775696,scam,high
26.164874,91.777396,accident,medium
26.165119,91.778643,harassment,critical
26.161839,91.781319,accident,critical
26.160449,91.78397,harassment,high
26.168482,91.779558,scam,critical
26.162691,91.779582,accident,low
26.162822,91.778596,assault,high
26.167736,91.781637,assault,medium
26.162795,91.783446,lost_person,medium
26.166765,91.779868,theft,high
26.164173,91.785422,lost_person,medium
26.163526,91.778618,lost_person,medium
26.16955,91.77561,lost_person,high
26.164817,91.77348,theft,high
26.165798,91.780912,accident,medium
26.164834,91.781876,accident,medium
26.16308,91.778798,theft,medium
26.162221,91.77889,accident,low
26.163167,91.780687,lost_person,medium
26.162246,91.774912,scam,high
26.165651,91.779089,scam,low
26.158464,91.781257,accident,high
26.161964,91.777102,lost_person,medium
26.16483,91.774652,theft,low
26.16319,91.780793,theft,low
26.165846,91.778019,harassment,low
26.164276,91.780044,lost_person,medium
26.164265,91.779933,theft,low
26.164021,91.779066,theft,medium
26.167509,91.77639,lost_person,high
26.168363,91.777572,harassment,low
26.163849,91.779172,harassment,high
26.163036,91.785289,lost_person,high
26.167502,91.777245,lost_person,medium
26.166154,91.779079,accident,low
26.163622,91.780673,assault,medium
26.166858,91.78032,accident,medium
26.163479,91.777311,harassment,critical
26.165317,91.77904,assault,low
26.161531,91.777329,harassment,low
26.162419,91.779649,lost_person,low
26.164562,91.78504,assault,high
26.166869,91.778688,theft,high
26.165365,91.77773,accident,medium
26.164024,91.779249,theft,low
26.164996,91.777398,assault,low
26.165709,91.779567,lost_person,high
26.163973,91.776579,theft,low
26.165196,91.782582,scam,low
26.164,91.779739,assault,low
26.162902,91.775683,theft,critical
26.168452,91.781351,theft,medium
26.162761,91.77724,assault,low
26.166921,91.782649,scam,high
26.168367,91.779082,harassment,high
26.16576,91.780804,harassment,high
26.169241,91.782196,theft,medium
26.164168,91.779758,accident,medium
26.166122,91.777633,theft,low
26.16648,91.780683,accident,low
26.165714,91.776922,lost_person,low
26.164652,91.781115,scam,high
26.167688,91.780707,theft,low
26.165077,91.78124,theft,low
26.16071,91.780307,scam,low
26.166171,91.782979,scam,low
26.1644,91.779364,theft,medium
26.167845,91.779769,harassment,medium
26.167362,91.777324,scam,low
26.163659,91.781193,theft,medium
26.164473,91.781831,harassment,critical
26.165205,91.78128,assault,high
26.163803,91.78124,assault,medium
26.160239,91.778751,scam,medium
26.163759,91.777687,assault,medium
26.168167,91.782372,theft,medium
26.166728,91.780043,theft,low
26.162883,91.779675,theft,medium
26.1686,91.779729,lost_person,low
26.164649,91.77378,harassment,medium
26.163724,91.782246,scam,high
26.170911,91.781446,lost_person,low
26.160858,91.776196,accident,medium
26.166608,91.77883,accident,low
26.16543,91.778887,accident,medium
26.162665,91.780956,theft,low
26.161137,91.781288,scam,critical
26.162176,91.778892,accident,low
26.167096,91.778353,scam,medium
26.162066,91.780829,accident,medium
26.165551,91.777959,accident,high
26.167007,91.782416,assault,medium
26.169733,91.779201,theft,medium
26.165516,91.782807,theft,low
26.164862,91.782501,theft,high
26.163756,91.782046,harassment,medium
26.163327,91.780449,accident,medium
26.164258,91.780367,assault,medium
26.165742,91.778599,theft,medium
26.161823,91.78084,theft,low
26.165032,91.779461,scam,high
26.165347,91.77975,assault,medium
26.169886,91.781293,harassment,medium
26.163941,91.782516,assault,high
26.163892,91.77881,scam,low
26.165123,91.779131,lost_person,critical
26.166301,91.779042,harassment,medium
26.167119,91.780494,lost_person,low
26.162192,91.779491,theft,medium
26.165754,91.777787,lost_person,high
26.16538,91.781039,theft,medium
26.163688,91.782484,harassment,low
26.168415,91.778711,scam,medium
26.162392,91.780571,assault,low
26.166363,91.782163,theft,medium
26.165165,91.782425,scam,medium
26.170974,91.776216,harassment,medium
26.166352,91.780856,theft,low
26.164074,91.782702,lost_person,high
26.165493,91.781936,accident,low
26.165365,91.780292,scam,high
26.165263,91.779059,theft,low
26.163476,91.77478,lost_person,low
26.167414,91.780612,accident,medium
26.16564,91.779323,assault,low
26.163061,91.781386,lost_person,medium
26.164724,91.785647,accident,low
26.168889,91.782138,accident,medium
26.167026,91.781919,accident,medium
26.163338,91.776197,scam,high
26.166674,91.782799,lost_person,low
26.16384,91.780859,theft,medium
26.167503,91.782641,lost_person,high
26.161934,91.7827,assault,low
26.164566,91.778307,theft,low
26.162378,91.778023,scam,low
26.164469,91.77794,harassment,medium
26.164885,91.779609,scam,low
26.168947,91.778253,assault,high
26.160136,91.782439,lost_person,medium
26.160249,91.779908,lost_person,low
26.164351,91.779323,lost_person,medium
26.167237,91.781021,theft,high
26.162761,91.781976,harassment,medium
26.164724,91.779295,assault,high
26.163608,91.780388,scam,low
26.159849,91.779493,lost_person,high
26.162668,91.780407,assault,medium
26.165031,91.78121,assault,medium
26.164962,91.7787,accident,low
26.163265,91.778156,lost_person,medium
26.161721,91.780861,scam,medium
26.162042,91.780785,lost_person,low
26.164789,91.778774,harassment,high
26.160016,91.779461,assault,medium
26.16496,91.778726,harassment,high
26.162183,91.779432,lost_person,high
26.162875,91.779593,theft,high
26.166557,91.780437,accident,low
26.165731,91.78462,accident,medium
26.164808,91.780962,harassment,medium
26.168956,91.781107,theft,low
26.16808,91.784113,theft,medium
26.161868,91.781234,harassment,low
26.164881,91.781357,scam,low
26.164357,91.779476,assault,low
26.163542,91.779112,lost_person,medium
26.167526,91.780126,assault,high
26.167981,91.77876,accident,medium
26.164498,91.780049,theft,high
26.168014,91.779408,lost_person,low
26.160166,91.780725,theft,medium
26.161511,91.779883,theft,medium
26.16736,91.782369,assault,low
26.166072,91.780174,harassment,high
26.165436,91.782564,harassment,medium
26.163507,91.782789,assault,high
26.164071,91.776453,theft,high
26.162579,91.776706,accident,medium
26.165111,91.778451,assault,medium
26.166048,91.781102,lost_person,low
26.166369,91.779199,harassment,high
26.171445,91.778232,theft,low
26.163954,91.78185,scam,high
26.161964,91.781191,harassment,low
26.170416,91.781865,accident,medium
26.163807,91.782077,assault,critical
26.165554,91.783736,lost_person,high
26.166603,91.780346,accident,medium
26.163512,91.778178,harassment,low
26.164881,91.77908,scam,low
26.162392,91.77884,assault,high
26.168392,91.780509,scam,medium
26.164785,91.780662,accident,low
26.164695,91.780215,harassment,low
26.165953,91.77769,harassment,high
26.165974,91.778057,scam,low
26.166838,91.778797,theft,medium
26.162825,91.780286,theft,high
26.166658,91.783311,accident,medium
26.164144,91.778821,accident,medium
26.162627,91.776942,theft,medium
26.164385,91.781059,lost_person,medium
26.162612,91.782466,accident,medium
26.16765,91.7808,lost_person,medium
26.161823,91.780939,scam,medium
26.163478,91.781273,scam,critical
26.165223,91.78254,assault,high
26.167776,91.778237,scam,high
26.166483,91.778648,accident,medium
26.165355,91.780942,lost_person,high
26.171148,91.782388,lost_person,low
26.165504,91.778566,assault,high
26.162698,91.779371,theft,high
26.16341,91.776971,harassment,medium
26.162129,91.778555,lost_person,medium
26.16159,91.782119,harassment,medium
26.16291,91.781125,lost_person,high
26.165357,91.777892,scam,low
26.165483,91.778649,accident,low
26.166633,91.779451,scam,high
26.164618,91.778684,scam,critical
26.169067,91.77961,theft,low
26.161881,91.775139,assault,low
26.167446,91.783215,scam,medium
26.166121,91.783276,theft,low
26.162075,91.779983,assault,medium
26.164044,91.778431,harassment,high
26.167652,91.780959,theft,low
26.164898,91.777791,scam,low
26.160321,91.783929,lost_person,medium
26.168181,91.777326,scam,medium
26.165863,91.780254,scam,medium
26.165493,91.779811,assault,high
26.166793,91.779857,theft,low
26.164555,91.774044,accident,low
26.163151,91.783258,theft,high
26.16579,91.776685,accident,low
26.166371,91.776881,scam,low
26.166659,91.776762,theft,medium
26.162582,91.782129,harassment,high
26.163391,91.779352,theft,medium
26.163317,91.780337,theft,low
26.162105,91.781624,accident,medium
26.166188,91.777596,scam,low
26.169003,91.779521,scam,high
26.164745,91.78391,scam,medium
26.161223,91.776175,lost_person,medium
26.164408,91.778544,assault,high
26.163854,91.779522,accident,medium
26.165881,91.779774,harassment,low
26.1681,91.783715,scam,medium
26.167837,91.780153,lost_person,medium
26.164644,91.77997,harassment,medium
26.165772,91.777437,accident,medium
26.162059,91.780907,harassment,high
26.166286,91.780304,harassment,high
26.1652,91.778299,scam,low
26.16773,91.777176,harassment,critical
26.165905,91.781187,theft,low
26.165427,91.782043,theft,high
26.164264,91.781587,scam,medium
26.164918,91.780712,lost_person,high
26.164916,91.775513,accident,low
26.162596,91.778909,scam,medium
26.16094,91.7822,harassment,high
26.165979,91.78025,theft,critical
26.164371,91.782771,accident,medium
26.161505,91.777335,assault,medium
26.161379,91.778636,lost_person,low
26.161949,91.779392,accident,critical
26.16621,91.783683,assault,low
26.163226,91.780144,accident,low
26.166308,91.779435,theft,medium
26.165153,91.7794,assault,medium
26.165538,91.783658,scam,medium
26.163876,91.780648,accident,medium
26.163841,91.78443,harassment,medium
26.164363,91.778429,theft,low
26.165764,91.778837,scam,medium
26.164318,91.778827,harassment,medium
26.163467,91.779375,assault,high
26.162821,91.783065,harassment,low
26.161811,91.780866,harassment,high
26.164378,91.784063,assault,high
26.162631,91.775197,harassment,high
26.162927,91.78168,lost_person,low
26.164308,91.784199,lost_person,medium
26.165405,91.776207,accident,low
26.166588,91.780094,harassment,medium
26.163628,91.780326,accident,medium
26.166496,91.775259,theft,low
26.171433,91.778981,assault,low
26.166926,91.778435,assault,medium
26.16341,91.779558,lost_person,low
26.163036,91.77771,accident,medium
26.163273,91.779344,harassment,medium
26.165698,91.783737,theft,low
26.167894,91.777972,accident,low
26.163878,91.779176,assault,medium
26.160224,91.778084,harassment,low
26.166424,91.778096,lost_person,medium
26.16415,91.777045,harassment,low
26.166578,91.781024,accident,low
26.166286,91.781619,lost_person,medium
26.162686,91.77717,scam,medium
26.165092,91.775987,harassment,medium
26.167561,91.782715,scam,low
26.166477,91.780015,theft,low
26.161349,91.777704,assault,high
26.164817,91.778623,accident,high
26.16814,91.779474,assault,medium
26.162507,91.780041,lost_person,low
26.162481,91.7778,harassment,low
26.162282,91.780106,lost_person,medium
26.163419,91.777645,lost_person,high
26.165547,91.786209,assault,critical
26.162964,91.783008,accident,high
26.169762,91.78055,accident,low
26.164461,91.779054,scam,high
26.167015,91.778282,theft,high
26.162953,91.783238,lost_person,low
26.166254,91.7811,accident,medium
26.168836,91.776239,accident,low
26.164778,91.781658,theft,critical
26.164136,91.780346,assault,medium
26.164084,91.779655,harassment,high
26.162468,91.780982,accident,medium
26.168183,91.782177,lost_person,high
26.161363,91.77959,accident,medium
26.162658,91.77984,theft,medium
26.165509,91.776264,theft,low
26.163721,91.775703,theft,high
26.161487,91.777417,harassment,low
26.166985,91.779003,assault,critical
26.166637,91.779974,scam,low
26.161832,91.783331,theft,low
26.163849,91.783724,lost_person,medium
26.1672,91.780898,scam,high
26.166001,91.778769,theft,medium
26.162269,91.780581,harassment,medium
26.166828,91.779658,accident,medium
26.168377,91.781123,harassment,high
26.161898,91.777347,accident,medium
26.1634,91.781115,lost_person,medium
26.162864,91.779308,harassment,low
26.166198,91.778438,scam,medium
26.164286,91.779625,accident,medium
26.167446,91.782504,assault,medium
26.162937,91.778843,lost_person,low
26.166011,91.775413,assault,medium
26.167614,91.781433,scam,medium
26.162646,91.781365,scam,critical
26.165778,91.777838,lost_person,high
26.162835,91.779162,scam,medium
26.167686,91.774484,scam,high
26.168321,91.778109,scam,low
26.166945,91.775123,assault,low
26.158175,91.780899,assault,critical
26.168466,91.784035,lost_person,medium
26.164072,91.779283,lost_person,medium
26.163538,91.778718,assault,low
26.166444,91.778482,scam,low
26.166937,91.779803,theft,medium
26.163388,91.780847,accident,high
26.169059,91.781475,harassment,medium
26.165679,91.783152,accident,low
26.162899,91.780234,lost_person,medium
26.163131,91.776862,theft,high
26.167739,91.782136,accident,medium
26.169127,91.777806,assault,low
26.164108,91.777205,assault,high
26.166334,91.778487,accident,medium
26.162384,91.777675,accident,medium
26.163891,91.778031,lost_person,high
26.165132,91.775063,theft,high
26.164236,91.778765,scam,high
26.160729,91.774703,harassment,low
26.165713,91.781167,theft,medium
26.162558,91.779734,scam,low
26.163602,91.776729,scam,low
26.165016,91.781231,harassment,low
26.164612,91.778227,theft,low
26.165541,91.781501,accident,low
26.165247,91.77935,theft,medium
26.163392,91.782741,assault,low
26.165295,91.776435,scam,low
26.168237,91.781278,theft,medium
26.167314,91.782032,scam,high
26.167716,91.780664,lost_person,medium
26.164507,91.775455,scam,medium
26.168325,91.778841,assault,medium
26.171617,91.77775,theft,medium
26.167263,91.781273,theft,critical
26.165786,91.781664,theft,medium
26.165574,91.776785,scam,low
26.165895,91.782098,scam,medium
26.165416,91.779773,assault,low
26.163991,91.781341,theft,medium
26.166382,91.778735,accident,medium
26.167351,91.780173,assault,low
26.165923,91.781688,theft,high
26.164501,91.778832,theft,medium
26.168411,91.780496,theft,medium
26.164968,91.77722,accident,high
26.168867,91.778707,accident,medium
26.161573,91.781568,lost_person,medium
26.164273,91.77814,assault,low
26.168709,91.781861,lost_person,medium
26.168323,91.779901,theft,medium
26.167226,91.779975,assault,high
26.166607,91.781023,theft,high
26.166321,91.781819,assault,medium
26.167847,91.778688,harassment,medium
26.166014,91.778352,assault,low
26.1687,91.771086,assault,critical
26.164993,91.783663,harassment,medium
26.161523,91.778542,harassment,medium
26.160947,91.778254,accident,medium
26.166361,91.778836,lost_person,critical
26.168189,91.77996,lost_person,medium
26.166907,91.780605,accident,low
26.162122,91.782397,theft,medium
26.161825,91.77951,scam,critical
26.166523,91.779463,accident,low
26.16238,91.781825,scam,medium
26.166299,91.775446,harassment,medium
26.161773,91.779211,assault,high
26.168198,91.776888,harassment,critical
26.167903,91.779891,harassment,medium
26.167328,91.780955,assault,critical
26.163189,91.778993,scam,low
26.16628,91.779857,assault,low
26.165205,91.78258,theft,low
26.16599,91.780861,scam,medium
26.161424,91.780344,theft,low
26.165714,91.779968,accident,low
26.162297,91.778609,lost_person,high
26.161487,91.77855,scam,low
26.162779,91.782623,accident,low
26.164185,91.77744,assault,low
26.166108,91.78143,accident,medium
26.167511,91.780536,assault,low
26.164619,91.781406,accident,medium
26.169348,91.779888,lost_person,low
26.168193,91.782674,accident,medium
26.168367,91.77852,harassment,low
26.164541,91.781309,assault,critical
26.167944,91.778839,assault,medium
26.166232,91.777645,theft,low
26.166375,91.780299,harassment,low
26.163912,91.777063,scam,medium
26.165,91.778083,lost_person,high
26.165376,91.777433,assault,low
26.16566,91.783172,harassment,low
26.162033,91.780348,theft,medium
26.165215,91.782559,accident,medium
26.162893,91.781661,harassment,medium
26.16592,91.778484,theft,critical
26.166161,91.779129,theft,medium
26.165854,91.781839,scam,high
26.167038,91.781707,assault,low
26.163966,91.779404,accident,low
26.167158,91.778728,theft,medium
26.162586,91.776183,theft,high
26.167366,91.782117,theft,high
26.168539,91.783391,lost_person,high
26.168714,91.784585,lost_person,medium
26.16582,91.779301,accident,low
26.163479,91.778715,accident,high
26.165166,91.778673,assault,medium
26.16446,91.778553,lost_person,medium
26.164117,91.780399,theft,low
26.160125,91.780835,lost_person,medium
26.161686,91.782761,assault,low
26.163361,91.778481,harassment,critical
26.162622,91.777911,harassment,high
26.165882,91.780542,lost_person,medium
26.166089,91.783895,harassment,medium
26.164893,91.776243,harassment,medium
26.166542,91.777086,assault,medium
26.164549,91.781595,lost_person,low
26.170474,91.778015,scam,medium
26.162936,91.781302,lost_person,high
26.162284,91.777584,accident,high
26.168722,91.778823,scam,critical
26.167566,91.781419,scam,medium
26.163091,91.775963,accident,medium
26.16079,91.778041,accident,high
26.167685,91.781341,assault,medium
26.165023,91.778513,theft,medium
26.162364,91.777811,harassment,critical
26.164198,91.780176,harassment,low
26.166465,91.780894,theft,medium
26.164666,91.777328,assault,low
26.164498,91.783273,assault,medium
26.166552,91.77665,theft,critical
26.161705,91.783259,harassment,medium
26.168166,91.778399,theft,medium
26.169056,91.782049,assault,medium
26.166235,91.780371,theft,low
26.165551,91.778871,assault,low
26.166268,91.780966,assault,medium
26.166201,91.77612,scam,high
26.164151,91.782278,lost_person,medium
26.165001,91.780118,theft,medium
26.165472,91.778052,theft,low
26.158976,91.780843,scam,medium
26.166826,91.780271,lost_person,low
26.163352,91.784364,harassment,medium
26.166083,91.780744,lost_person,medium
26.163469,91.780004,scam,low
26.166075,91.778904,theft,low
26.165469,91.779469,accident,medium
26.16582,91.784115,assault,medium
26.165442,91.777769,assault,high
26.162432,91.776378,scam,medium
26.163178,91.777658,assault,medium
26.1648,91.781363,harassment,medium
26.161327,91.781653,theft,medium
26.164752,91.775589,scam,low
26.161972,91.782936,theft,high
26.163634,91.777623,scam,low
26.167679,91.781699,theft,medium
26.163561,91.778752,accident,medium
26.165737,91.784353,lost_person,low
26.166669,91.78015,accident,low
26.163945,91.77681,lost_person,low
26.165618,91.779337,scam,high
26.165362,91.786389,accident,low
26.162635,91.78367,lost_person,high
26.166579,91.780018,assault,low
26.162789,91.779588,accident,medium
26.166496,91.779672,lost_person,medium
26.167,91.781077,harassment,medium
26.16601,91.779063,theft,medium
26.163695,91.778002,scam,medium
26.166101,91.780449,harassment,low
26.166816,91.780235,accident,low
26.162076,91.780183,harassment,medium
26.166252,91.780533,assault,medium
26.168965,91.784755,accident,high
26.165233,91.778787,lost_person,high
26.164442,91.780646,scam,medium
26.166072,91.77986,harassment,low
26.16479,91.77849,lost_person,high
26.167508,91.780936,theft,low
26.162432,91.777721,accident,medium
26.167172,91.782323,harassment,low
26.166904,91.77847,scam,low
26.168067,91.782308,assault,low
26.167321,91.779732,harassment,medium
26.162711,91.782334,lost_person,medium
26.16876,91.779137,assault,medium
26.161271,91.782152,assault,high
26.1656,91.782399,theft,medium
26.163276,91.782888,theft,high
26.163243,91.779709,harassment,low
26.158996,91.779899,scam,medium
26.166613,91.778085,assault,low
26.163798,91.782073,accident,medium
26.164245,91.779516,scam,low
26.167402,91.779327,lost_person,high
26.165172,91.778119,lost_person,high
26.162139,91.781384,assault,low
26.166383,91.777979,accident,medium
26.163626,91.780229,harassment,high
26.166482,91.775079,lost_person,critical
26.165154,91.780143,harassment,low
26.161382,91.782003,lost_person,low
26.167286,91.780146,lost_person,high
26.167698,91.77845,assault,low
26.166585,91.782069,scam,medium
26.163848,91.775936,theft,medium
26.160432,91.781968,lost_person,high
26.162937,91.784946,lost_person,low
26.168838,91.783628,accident,medium
26.163427,91.778025,scam,medium
26.165835,91.781303,harassment,high
26.168158,91.779093,assault,low
26.164081,91.779915,theft,medium
26.166478,91.779037,accident,low
26.165654,91.779575,accident,low
26.170194,91.779455,scam,medium
26.168778,91.780893,accident,high
26.166832,91.780857,lost_person,low
26.167905,91.776974,theft,high
26.165213,91.780683,theft,high
26.171078,91.776604,lost_person,medium
26.162532,91.781813,scam,low
26.161565,91.779119,scam,medium
26.164644,91.778244,harassment,medium
26.163294,91.780303,assault,medium
26.167626,91.780316,scam,low
26.16336,91.780111,accident,medium
26.16501,91.779828,accident,critical
26.164605,91.78134,theft,medium
26.162507,91.781085,lost_person,low
26.166733,91.777298,lost_person,low
26.166183,91.778941,accident,high
26.165466,91.782554,assault,medium
26.16518,91.778404,lost_person,high
26.16547,91.77622,theft,medium
26.164922,91.779703,harassment,medium
26.165384,91.778818,harassment,high
26.16277,91.778341,scam,medium
26.164617,91.778027,theft,medium
26.164004,91.780221,harassment,low
26.166578,91.785058,lost_person,medium
26.169944,91.784575,assault,medium
26.162963,91.779899,lost_person,low
26.164614,91.780368,lost_person,low
26.16358,91.78112,lost_person,low
26.168248,91.781805,scam,low
26.165061,91.779514,assault,medium
26.16319,91.78053,theft,low
26.16169,91.780045,accident,low
26.16795,91.780049,theft,medium
26.16482,91.782185,assault,medium
26.163931,91.780274,accident,high
26.163564,91.781281,scam,low
26.162373,91.780483,accident,medium
26.16669,91.777382,lost_person,medium
26.161569,91.776552,theft,high
26.161861,91.780671,assault,medium
26.168141,91.778248,scam,medium
26.168285,91.775903,harassment,medium
26.161179,91.775694,scam,medium
26.167264,91.776882,theft,high
26.165214,91.779493,lost_person,low
26.164865,91.781979,harassment,medium
26.166097,91.77945,assault,high
26.165019,91.775749,scam,low
26.163986,91.779443,harassment,medium
26.161682,91.781385,lost_person,critical
26.167127,91.781229,scam,medium
26.163017,91.784577,harassment,medium
26.166418,91.78174,scam,high
26.167127,91.779912,scam,low
26.170062,91.735242,harassment,high
26.168995,91.733152,scam,low
26.169286,91.735776,scam,medium
26.170508,91.73646,theft,medium
26.173317,91.737725,lost_person,medium
26.171018,91.734163,scam,medium
26.170543,91.733297,harassment,medium
26.169636,91.736476,scam,low
26.171327,91.73423,accident,medium
26.173996,91.735233,accident,medium
26.171579,91.730346,harassment,medium
26.167012,91.736335,harassment,medium
26.166672,91.730491,scam,medium
26.171399,91.735949,assault,medium
26.169169,91.736395,harassment,medium
26.170216,91.736245,harassment,low
26.17292,91.733023,lost_person,high
26.17023,91.733879,scam,low
26.167349,91.736872,harassment,low
26.169595,91.7338,accident,medium
26.1708,91.735457,lost_person,medium
26.167778,91.736226,harassment,low
26.168253,91.736807,scam,high
26.172021,91.734074,harassment,low
26.170992,91.731817,assault,medium
26.172118,91.734174,lost_person,medium
26.169753,91.737683,assault,low
26.170293,91.736594,harassment,medium
26.173214,91.737967,assault,low
26.169302,91.736619,harassment,medium
26.169113,91.734259,assault,low
26.172234,91.734645,harassment,medium
26.165006,91.733544,theft,medium
26.1713,91.7351,theft,low
26.175555,91.7352,accident,high
26.173447,91.734695,lost_person,medium
26.168726,91.732726,harassment,high
26.167079,91.73062,lost_person,medium
26.17135,91.738176,accident,medium
26.173527,91.735264,lost_person,low
26.17057,91.735608,lost_person,critical
26.169662,91.731599,assault,low
26.168294,91.736075,scam,medium
26.168927,91.735729,theft,high
26.167475,91.730047,accident,medium
26.166263,91.733088,harassment,medium
26.171175,91.733843,lost_person,medium
26.170253,91.737944,assault,medium
26.166551,91.731965,accident,low
26.167982,91.73846,accident,high
26.170844,91.733547,assault,high
26.169095,91.73636,lost_person,high
26.171539,91.738316,theft,low
26.168606,91.735263,lost_person,low
26.17175,91.735327,harassment,low
26.172125,91.735269,lost_person,medium
26.168304,91.729647,lost_person,medium
26.169403,91.735678,harassment,low
26.170709,91.734464,scam,medium
26.168177,91.735643,harassment,low
26.167654,91.735952,lost_person,critical
26.169697,91.735645,assault,low
26.168798,91.733328,harassment,high
26.172126,91.735474,accident,medium
26.169824,91.73677,lost_person,high
26.168661,91.734364,lost_person,medium
26.170205,91.735422,lost_person,high
26.168361,91.733053,assault,critical
26.174664,91.736309,assault,medium
26.169488,91.738826,lost_person,medium
26.168355,91.73714,harassment,critical
26.169825,91.734652,accident,critical
26.169411,91.732176,accident,medium
26.171176,91.736711,theft,medium
26.168104,91.73653,assault,low
26.171459,91.734135,theft,medium
26.167098,91.735697,accident,medium
26.171094,91.734968,theft,medium
26.1695,91.738482,theft,medium
26.168997,91.733085,assault,medium
26.168462,91.734626,theft,low
26.170095,91.738176,scam,critical
26.169492,91.734432,theft,low
26.167951,91.737074,lost_person,medium
26.167259,91.733175,assault,high
26.169303,91.736647,accident,high
26.170423,91.732562,assault,high
26.167825,91.735817,assault,medium
26.166753,91.737222,lost_person,low
26.170443,91.735912,theft,medium
26.169207,91.734697,accident,medium
26.169361,91.732301,scam,high
26.169416,91.735898,assault,low
26.166886,91.732832,theft,medium
26.167275,91.735983,assault,high
26.167486,91.735708,theft,medium
26.170055,91.737108,assault,high
26.169086,91.737815,accident,medium
26.172451,91.736903,theft,high
26.172721,91.736285,assault,low
26.16557,91.73592,assault,medium
26.1725,91.73237,assault,medium
26.171887,91.739679,assault,critical
26.168586,91.736416,accident,medium
26.1704,91.736007,theft,low
26.168216,91.736436,accident,low
26.168045,91.737922,theft,medium
26.172132,91.733738,theft,medium
26.169594,91.734576,assault,low
26.17294,91.736943,accident,medium
26.171914,91.732712,lost_person,high
26.170962,91.738414,theft,high
26.169066,91.734684,harassment,medium
26.170303,91.737878,scam,medium
26.168391,91.735359,lost_person,low
26.169437,91.733671,scam,medium
26.172809,91.736082,assault,low
26.170563,91.736303,theft,critical
26.170968,91.734706,assault,medium
26.165991,91.730312,lost_person,low
26.171876,91.73299,assault,low
26.171729,91.733375,lost_person,medium
26.175159,91.72975,accident,medium
26.165119,91.736165,scam,low
26.171069,91.737921,scam,medium
26.170725,91.736457,assault,medium
26.168618,91.736981,accident,medium
26.173443,91.738995,harassment,high
26.170059,91.73639,scam,low
26.170228,91.73362,scam,high
26.168797,91.730397,accident,medium
26.166367,91.734627,scam,high
26.170143,91.736707,harassment,medium
26.171498,91.736663,harassment,critical
26.176725,91.736128,assault,medium
26.170295,91.734948,theft,medium
26.173358,91.733948,lost_person,low
26.173401,91.732398,assault,critical
26.170244,91.735387,accident,critical
26.167109,91.735811,assault,low
26.172419,91.73643,scam,low
26.170727,91.732455,lost_person,high
26.172948,91.731681,harassment,low
26.167148,91.736096,theft,low
26.168764,91.736989,assault,medium
26.168325,91.734338,theft,medium
26.172371,91.740232,scam,medium
26.168825,91.734965,lost_person,low
26.171057,91.732847,theft,low
26.172141,91.73543,harassment,medium
26.165841,91.732861,theft,medium
26.171934,91.732032,lost_person,critical
26.171748,91.732484,assault,medium
26.169716,91.73369,harassment,high
26.171344,91.737693,scam,high
26.167808,91.734059,assault,high
26.17046,91.735874,lost_person,low
26.168873,91.735887,scam,low
26.165314,91.736504,assault,medium
26.165552,91.741293,scam,medium
26.168511,91.733537,theft,low
26.171907,91.734203,harassment,medium
26.170846,91.734184,harassment,critical
26.167075,91.732511,harassment,high
26.166416,91.733845,lost_person,medium
26.166082,91.734555,harassment,medium
26.17379,91.733596,lost_person,low
26.174904,91.735589,assault,medium
26.168289,91.732789,accident,critical
26.172033,91.737906,assault,low
26.165117,91.734593,harassment,high
26.16857,91.733127,accident,medium
26.170337,91.73327,harassment,medium
26.165065,91.740375,assault,medium
26.170053,91.733872,harassment,medium
26.170983,91.736023,theft,low
26.172933,91.731354,accident,high
26.169114,91.738705,scam,high
26.16906,91.735679,assault,low
26.167304,91.735422,scam,high
26.169401,91.732828,lost_person,low
26.170789,91.737756,lost_person,high
26.171796,91.732598,lost_person,medium
26.173561,91.731934,theft,medium
26.170165,91.734594,theft,low
26.169685,91.735695,assault,high
26.171795,91.734756,harassment,high
26.166637,91.735519,theft,medium
26.174592,91.737642,accident,high
26.169788,91.736861,scam,medium
26.169413,91.733741,harassment,high
26.167858,91.736817,scam,high
26.16529,91.734303,lost_person,medium
26.168295,91.734953,scam,medium
26.168926,91.734958,harassment,high
26.1695,91.736527,accident,critical
26.167613,91.735308,theft,high
26.164853,91.733858,assault,medium
26.169078,91.73743,theft,medium
26.167647,91.733625,harassment,low
26.169843,91.733393,assault,medium
26.16767,91.734038,assault,medium
26.168762,91.738584,lost_person,medium
26.167543,91.738329,harassment,medium
26.168799,91.73329,harassment,low
26.169881,91.734663,scam,low
26.170488,91.733146,theft,low
26.166006,91.732865,harassment,high
26.169132,91.736896,assault,medium
26.169248,91.732072,assault,low
26.171348,91.732111,lost_person,medium
26.173029,91.735538,assault,low
26.170847,91.735032,assault,critical
26.174691,91.732359,assault,medium
26.172681,91.73432,assault,critical
26.168183,91.734404,accident,low
26.173248,91.736701,assault,high
26.171183,91.731678,harassment,low
26.170748,91.734361,assault,medium
26.17058,91.735301,theft,low
26.172105,91.732003,accident,medium
26.16793,91.735377,theft,medium
26.174833,91.73544,scam,low
26.16798,91.733234,accident,low
26.169633,91.736735,theft,low
26.170985,91.733709,theft,low
26.168026,91.738111,scam,low
26.172298,91.734765,lost_person,medium
26.170033,91.734573,accident,low
26.168792,91.735971,lost_person,low
26.169573,91.735628,theft,low
26.171566,91.735416,lost_person,medium
26.165535,91.731097,lost_person,critical
26.172616,91.73482,accident,medium
26.169821,91.734326,lost_person,low
26.167166,91.737037,harassment,high
26.16665,91.736731,theft,high
26.168565,91.738228,scam,high
26.174093,91.735907,scam,low
26.168585,91.736325,accident,low
26.170576,91.732989,theft,low
26.169706,91.738499,theft,high
26.173089,91.733826,accident,critical
26.169225,91.734103,harassment,low
26.165966,91.735488,assault,medium
26.171482,91.733907,lost_person,medium
26.169351,91.732627,theft,low
26.172638,91.734749,scam,critical
26.165637,91.736243,accident,low
26.168705,91.73793,lost_person,critical
26.171372,91.73678,assault,high
26.171227,91.734506,theft,medium
26.172205,91.736563,theft,high
26.168261,91.732767,theft,medium
26.166157,91.736688,lost_person,medium
26.170284,91.735623,harassment,critical
26.167244,91.738859,harassment,high
26.171585,91.73343,lost_person,medium
26.168587,91.737433,accident,high
26.171036,91.734767,theft,high
26.171076,91.733659,lost_person,high
26.169348,91.735403,accident,medium
26.169571,91.735403,scam,medium
26.173469,91.734416,lost_person,medium
26.168424,91.734517,theft,low
26.168343,91.736456,lost_person,high
26.165533,91.737908,lost_person,low
26.168822,91.734489,lost_person,medium
26.1678,91.73143,scam,critical
26.172292,91.732351,lost_person,high
26.170312,91.735761,theft,high
26.176119,91.737685,theft,low
26.165967,91.734261,assault,low
26.173877,91.732416,accident,medium
26.172346,91.736717,harassment,high
26.167405,91.735505,lost_person,low
26.173853,91.733816,harassment,medium
26.171199,91.735108,theft,high
26.166438,91.736281,accident,medium
26.170445,91.733054,lost_person,medium
26.167094,91.734484,lost_person,high
26.170507,91.73378,scam,medium
26.16944,91.73687,harassment,medium
26.164628,91.735526,lost_person,medium
26.170346,91.736165,harassment,critical
26.167987,91.736916,lost_person,medium
26.171443,91.734387,scam,medium
26.16985,91.736152,accident,low
26.170519,91.737012,harassment,critical
26.169991,91.731464,theft,low
26.16913,91.736982,harassment,low
26.170958,91.738513,assault,high
26.169934,91.738954,theft,high
26.167639,91.734052,harassment,medium
26.171919,91.732594,harassment,medium
26.170775,91.735776,assault,high
26.169214,91.734128,lost_person,high
26.16965,91.737102,theft,low
26.163177,91.733814,assault,low
26.169766,91.735175,scam,low
26.169606,91.734692,theft,low
26.172698,91.73608,theft,high
26.174388,91.732117,theft,high
26.169466,91.732588,assault,medium
26.169211,91.738743,theft,medium
26.16947,91.734757,lost_person,low
26.171269,91.73606,scam,low
26.168744,91.737734,theft,low
26.167172,91.736992,harassment,low
26.16766,91.733033,lost_person,low
26.169287,91.734084,assault,critical
26.17184,91.736656,harassment,low
26.175583,91.735703,scam,low
26.168284,91.73679,harassment,low
26.169659,91.734445,scam,high
26.169087,91.734208,harassment,medium
26.167923,91.735341,lost_person,low
26.171788,91.733008,assault,low
26.171561,91.738482,harassment,medium
26.16813,91.731823,assault,low
26.16964,91.736011,assault,high
26.166307,91.732714,assault,medium
26.171065,91.737152,theft,low
26.169498,91.73361,accident,medium
26.168614,91.733092,harassment,critical
26.169874,91.735324,accident,low
26.169363,91.733589,lost_person,medium
26.17147,91.736955,lost_person,critical
26.172012,91.738029,lost_person,critical
26.167604,91.734911,theft,medium
26.169077,91.738609,harassment,high
26.169754,91.735683,assault,low
26.171191,91.734243,lost_person,medium
26.168134,91.735698,assault,medium
26.17014,91.729441,theft,low
26.170852,91.734786,harassment,low
26.169185,91.733344,scam,medium
26.170295,91.732156,assault,low
26.17011,91.734045,assault,high
26.170353,91.731407,theft,medium
26.1722,91.73331,theft,low
26.168826,91.733416,accident,high
26.169305,91.73616,harassment,medium
26.168337,91.733589,assault,high
26.172436,91.733319,harassment,medium
26.170892,91.73821,accident,medium
26.166662,91.735141,harassment,low
26.167332,91.732388,scam,low
26.171101,91.733755,accident,medium
26.170911,91.732175,harassment,medium
26.167084,91.732889,lost_person,high
26.169299,91.733546,assault,medium
26.169833,91.738096,accident,high
26.170591,91.734315,assault,high
26.171789,91.735073,lost_person,high
26.168059,91.732178,theft,high
26.171651,91.736935,harassment,medium
26.169851,91.737293,theft,medium
26.173368,91.736672,harassment,low
26.171666,91.732505,harassment,low
26.1698,91.728835,theft,high
26.171041,91.73549,accident,medium
26.17094,91.738286,theft,low
26.172186,91.735465,harassment,medium
26.171455,91.732974,harassment,critical
26.171909,91.734729,theft,high
26.16785,91.732853,harassment,medium
26.166096,91.738197,lost_person,low
26.171954,91.733667,accident,high
26.172028,91.73292,theft,low
26.167787,91.734346,scam,medium
26.171453,91.734405,accident,medium
26.170308,91.736029,harassment,low
26.172273,91.733187,harassment,critical
26.170345,91.732321,accident,medium
26.167554,91.738129,scam,low
26.167604,91.736721,assault,critical
26.168263,91.733139,theft,critical
26.169747,91.732348,assault,medium
26.1668,91.735447,theft,medium
26.171142,91.735852,assault,low
26.167401,91.731262,theft,low
26.171062,91.732205,harassment,low
26.168584,91.736134,accident,high
26.172475,91.738193,accident,low
26.171433,91.736283,scam,medium
26.171725,91.737644,harassment,medium
26.168016,91.735825,lost_person,high
26.169489,91.735757,scam,medium
26.170048,91.735141,harassment,low
26.171072,91.735652,lost_person,low
26.170975,91.734426,scam,medium
26.169577,91.734886,scam,medium
26.170498,91.729476,assault,low
26.171863,91.737822,theft,high
26.169532,91.733697,theft,low
26.172197,91.731875,theft,medium
26.167391,91.734713,scam,low
26.169087,91.734802,accident,low
26.172257,91.731524,scam,low
26.16828,91.737673,assault,high
26.170681,91.734088,scam,medium
26.171074,91.734318,assault,medium
26.172147,91.73149,theft,high
26.170531,91.73525,accident,high
26.17294,91.735649,lost_person,low
26.166924,91.731767,theft,low
26.165868,91.735932,harassment,high
26.172962,91.734599,theft,medium
26.165267,91.736254,scam,medium
26.168471,91.736541,assault,medium
26.172959,91.736408,theft,low
26.173694,91.732264,scam,medium
26.168042,91.730523,assault,high
26.170191,91.735739,accident,critical
26.169153,91.736384,assault,low
26.171147,91.738584,theft,low
26.171852,91.737299,harassment,critical
26.169037,91.734217,accident,low
26.171791,91.733634,theft,medium
26.170894,91.731575,harassment,medium
26.171635,91.736936,assault,medium
26.16727,91.736136,assault,medium
26.169276,91.738203,accident,low
26.172266,91.734106,theft,low
26.166642,91.731734,accident,medium
26.17243,91.734672,scam,medium
26.167431,91.737098,theft,high
26.169151,91.734589,assault,medium
26.171537,91.734587,lost_person,critical
26.171689,91.737795,lost_person,critical
26.168239,91.736736,assault,high
26.170114,91.734363,assault,high
26.171427,91.739457,accident,medium
26.169596,91.734535,accident,low
26.168624,91.739093,lost_person,low
26.170656,91.738508,assault,low
26.171467,91.732979,lost_person,low
26.166352,91.735541,accident,medium
26.169532,91.734363,theft,high
26.171118,91.736579,scam,low
26.168056,91.737483,harassment,medium
26.165386,91.736056,scam,medium
26.170462,91.735539,harassment,medium
26.169899,91.739045,lost_person,high
26.170579,91.733504,assault,medium
26.169408,91.733656,assault,medium
26.174518,91.737478,harassment,medium
26.170908,91.733747,scam,low
26.171959,91.731086,lost_person,high
26.166572,91.73369,assault,low
26.170025,91.730349,assault,high
26.170074,91.73432,lost_person,medium
26.167766,91.736609,harassment,low
26.171449,91.736132,assault,medium
26.174186,91.735914,scam,low
26.171477,91.733017,harassment,low
26.170141,91.732586,accident,low
26.168086,91.733303,lost_person,medium
26.16633,91.734845,lost_person,medium
26.169888,91.734692,harassment,low
26.169721,91.732032,accident,medium
26.170766,91.736104,lost_person,high
26.172507,91.735618,accident,low
26.168449,91.732823,scam,medium
26.174982,91.737905,scam,medium
26.17386,91.737954,theft,medium
26.17171,91.73199,lost_person,high
26.170663,91.736554,lost_person,medium
26.176847,91.734112,lost_person,medium
26.167577,91.730784,harassment,high
26.169673,91.732803,accident,medium
26.172148,91.732663,harassment,medium
26.166214,91.736268,assault,low
26.167934,91.737943,assault,medium
26.167713,91.734198,lost_person,low
26.168826,91.736536,scam,medium
26.169882,91.731691,lost_person,medium
26.168529,91.730945,lost_person,critical
26.170305,91.734885,lost_person,medium
26.174129,91.734559,harassment,low
26.165292,91.737645,theft,high
26.172489,91.734027,scam,low
26.168743,91.734608,scam,medium
26.168446,91.734333,harassment,medium
26.173347,91.734804,lost_person,medium
26.174056,91.733618,scam,low
26.170987,91.732618,scam,medium
26.167747,91.736334,scam,high
26.170569,91.733792,lost_person,low
26.16919,91.736142,lost_person,low
26.172374,91.735579,assault,critical
26.171194,91.736269,assault,medium
26.167481,91.731936,assault,low
26.17077,91.733289,theft,low
26.168818,91.732016,harassment,low
26.176793,91.730655,theft,high
26.172219,91.732077,assault,low
26.166671,91.734121,assault,low
26.168837,91.735692,scam,medium
26.170105,91.734573,assault,medium
26.168042,91.735924,assault,high
26.170111,91.739394,scam,high
26.167014,91.735149,accident,critical
26.170634,91.737286,lost_person,medium
26.169251,91.734418,theft,low
26.168035,91.738019,assault,high
26.169922,91.733117,scam,low
26.168806,91.738831,accident,medium
26.171099,91.73681,theft,low
26.173133,91.73498,assault,low
26.167235,91.734692,accident,medium
26.168775,91.736955,assault,low
26.172221,91.73126,scam,medium
26.172523,91.735339,scam,low
26.167293,91.733898,harassment,high
26.170042,91.740014,scam,medium
26.173352,91.733217,assault,medium
26.167553,91.735771,assault,medium
26.169451,91.735837,theft,medium
26.168563,91.73555,theft,high
26.172822,91.733995,lost_person,low
26.164953,91.730648,harassment,medium
26.171729,91.738638,accident,high
26.166807,91.73649,scam,high
26.168262,91.732856,harassment,medium
26.169766,91.731737,accident,low
26.168303,91.736067,theft,medium
26.168744,91.734319,theft,low
26.173018,91.728067,theft,low
26.169293,91.735656,theft,medium
26.16628,91.729406,scam,high
26.167611,91.735056,scam,low
26.170167,91.734688,harassment,medium
26.170549,91.732771,accident,low
26.170776,91.731246,lost_person,low
26.168652,91.735529,assault,medium
26.171272,91.737316,assault,high
26.169042,91.736776,assault,high
26.17004,91.738647,theft,medium
26.164197,91.735482,harassment,critical
26.167433,91.740272,assault,medium
26.167575,91.735419,lost_person,low
26.167911,91.735149,accident,medium
26.172251,91.733107,scam,low
26.171372,91.734858,lost_person,medium
26.1711,91.734574,lost_person,low
26.173909,91.731567,assault,high
26.170001,91.733903,scam,medium
26.169019,91.733766,harassment,medium
26.166175,91.735622,lost_person,medium
26.170842,91.736582,assault,medium
26.170767,91.7356,theft,high
26.169118,91.734469,assault,low
26.170226,91.734457,theft,medium
26.165315,91.733377,assault,medium
26.167442,91.734799,scam,high
26.170775,91.734211,accident,medium
26.164478,91.733949,harassment,low
26.169288,91.734769,scam,medium
26.170538,91.735331,assault,high
26.17026,91.730732,assault,low
26.170795,91.738754,accident,high
26.171782,91.734388,theft,medium
26.169778,91.733308,scam,low
26.167418,91.732469,assault,medium
26.167327,91.733062,scam,low
26.168844,91.732689,assault,low
26.17081,91.735757,assault,low
26.168323,91.735915,theft,low
26.17177,91.734557,lost_person,low
26.169919,91.734607,theft,high
26.170796,91.736622,scam,medium
26.174024,91.737229,harassment,low
26.169949,91.734885,lost_person,low
26.170592,91.732913,scam,medium
26.169905,91.732447,theft,critical
26.171888,91.736524,harassment,critical
26.174828,91.733345,assault,low
26.169572,91.735733,accident,high
26.171191,91.736349,harassment,low
26.16884,91.734704,lost_person,medium
26.17002,91.733121,lost_person,low
26.170046,91.735122,theft,medium
26.168888,91.734332,assault,high
26.170339,91.737373,harassment,medium
26.167338,91.734555,lost_person,high
26.170812,91.732362,lost_person,medium
26.16856,91.735018,scam,low
26.172837,91.733906,lost_person,medium
26.168218,91.737115,scam,medium
26.171184,91.738565,accident,low
26.168926,91.736747,accident,medium
26.170966,91.733228,harassment,high
26.172524,91.736818,assault,high
26.167328,91.735501,assault,high
26.167475,91.739378,harassment,high
26.173324,91.736097,lost_person,medium
26.16943,91.734108,assault,low
26.172875,91.737185,harassment,medium
26.169138,91.738038,harassment,high
26.172115,91.736286,scam,low
26.164224,91.734635,theft,medium
26.169627,91.73499,scam,critical
26.169456,91.731879,scam,medium
26.17085,91.736064,lost_person,high
26.16727,91.733685,harassment,high
26.17147,91.734833,harassment,medium
26.168714,91.734416,scam,critical
26.170974,91.733943,theft,medium
26.170009,91.737382,scam,high
26.172598,91.735732,scam,medium
26.17279,91.735255,theft,high
26.171017,91.734573,harassment,high
26.170953,91.728757,lost_person,low
26.168291,91.737293,lost_person,medium
26.168976,91.734936,theft,critical
26.170611,91.734682,scam,low
26.166908,91.735051,lost_person,medium
26.170783,91.734721,harassment,medium
26.166044,91.733357,harassment,low
26.167465,91.732499,scam,critical
26.169456,91.735098,accident,high
26.168899,91.738897,assault,medium
26.170511,91.737503,assault,low
26.172062,91.730407,lost_person,medium
26.172378,91.733155,harassment,critical
26.171735,91.735386,harassment,low
26.1672,91.734725,theft,medium
26.170297,91.737596,lost_person,high
26.170294,91.731335,lost_person,low
26.165278,91.733229,harassment,medium
26.172277,91.740605,assault,high
26.168638,91.734799,assault,low
26.173498,91.732941,lost_person,low
26.17085,91.737422,scam,medium
26.16857,91.738462,scam,low
26.165521,91.731157,scam,medium
26.171392,91.732189,assault,medium
26.169989,91.734728,harassment,medium
26.172051,91.734802,harassment,low
26.166907,91.733387,assault,low
26.167982,91.729098,harassment,medium
26.170948,91.732815,theft,medium
26.167717,91.732729,scam,low
26.171298,91.734573,scam,low
26.167317,91.737321,assault,critical
26.168234,91.734027,harassment,low
26.166812,91.732163,lost_person,low
26.170676,91.731613,accident,low
26.166072,91.733858,lost_person,medium
26.176282,91.735215,harassment,medium
26.169302,91.734124,theft,low
26.171048,91.739734,scam,low
26.165722,91.735395,theft,medium
26.16951,91.736622,accident,high
26.166256,91.73523,accident,medium
26.170553,91.738956,theft,medium
26.17105,91.732568,lost_person,high
26.170118,91.738064,accident,low
26.172616,91.734607,scam,low
26.169164,91.737048,accident,medium
26.167898,91.731686,harassment,medium
26.173713,91.735186,theft,medium
26.168742,91.7306,assault,low
26.174256,91.729183,theft,high
26.171348,91.733049,assault,low
26.172265,91.741005,assault,low
26.171317,91.73582,harassment,high
26.171877,91.73635,harassment,high
26.170255,91.733288,harassment,medium
26.17146,91.733547,scam,medium
26.168085,91.732815,lost_person,high
26.170626,91.736934,lost_person,medium
26.168594,91.736396,theft,medium
26.174469,91.735122,lost_person,high
26.1697,91.738507,accident,low
26.171771,91.739771,harassment,low
26.170418,91.733192,accident,medium
26.173409,91.731301,harassment,high
26.170805,91.738126,scam,critical
26.170225,91.736261,harassment,low
26.17295,91.734444,harassment,low
26.16966,91.734104,lost_person,high
26.168643,91.73569,scam,low
26.172485,91.73751,lost_person,medium
26.170855,91.734887,accident,critical
26.166957,91.729959,harassment,high
26.171015,91.732894,harassment,low
26.169055,91.733871,harassment,medium
26.174964,91.73435,accident,medium
26.172443,91.729572,theft,medium
26.169469,91.732605,accident,high
26.173589,91.733484,scam,low
26.169774,91.732006,scam,high
26.169619,91.730657,lost_person,low
26.172693,91.735855,assault,high
26.170314,91.733601,accident,critical
26.169394,91.734338,scam,medium
26.17086,91.7374,theft,medium
26.169801,91.734216,accident,medium
26.170039,91.73138,lost_person,medium
26.169763,91.733055,accident,high
26.170656,91.740364,scam,low
26.170756,91.732083,harassment,low
26.173977,91.733989,assault,low
26.166574,91.736192,lost_person,medium
26.171987,91.737545,lost_person,medium
26.170484,91.730271,accident,critical
26.169911,91.737092,assault,high
26.171231,91.737955,assault,high
26.169243,91.734702,harassment,medium
26.164751,91.738765,accident,medium
26.172746,91.735251,harassment,medium
26.175786,91.736403,theft,low
26.170534,91.735744,theft,high
26.171494,91.733335,lost_person,critical
26.171035,91.732304,harassment,low
26.173405,91.731475,assault,critical
26.170544,91.733742,lost_person,low
26.170977,91.73564,scam,medium
26.170573,91.734262,scam,high
26.169402,91.733711,assault,medium
26.166979,91.739764,lost_person,high
26.171398,91.737884,scam,low
26.175651,91.733331,accident,high
26.167363,91.730444,theft,medium
26.166024,91.730627,accident,high
26.16811,91.732922,theft,medium
26.171545,91.732251,harassment,medium
26.170176,91.736322,scam,low
26.173228,91.733568,accident,medium
26.171511,91.734333,theft,medium
26.167372,91.735266,harassment,critical
26.172036,91.731986,scam,medium
26.171571,91.734889,harassment,high
26.170865,91.735177,assault,medium
26.171589,91.735695,assault,medium
26.168873,91.733899,assault,low
26.171441,91.73339,accident,low
26.167067,91.73495,scam,medium
26.165716,91.733914,accident,medium
26.169304,91.734864,assault,low
26.170317,91.733943,lost_person,low
26.171828,91.737489,accident,low
26.170294,91.733233,lost_person,medium
26.172409,91.734518,theft,low
26.170012,91.735263,assault,medium
26.168679,91.734895,scam,high
26.172343,91.736109,assault,medium
26.172321,91.737858,theft,medium
26.168158,91.732461,accident,low
26.169145,91.737484,assault,high
26.170218,91.734695,theft,low
26.170012,91.732975,accident,low
26.166433,91.733711,lost_person,low
26.170055,91.738635,assault,medium
26.17011,91.737194,scam,critical
26.170892,91.733868,accident,low
26.170701,91.73379,assault,low
26.169492,91.72858,theft,low
26.169634,91.736535,accident,medium
26.170946,91.736597,harassment,high
26.167864,91.732622,accident,high
26.172092,91.733723,assault,medium
26.168409,91.737487,theft,low
26.169972,91.736051,theft,medium
26.170183,91.736075,harassment,medium
26.169584,91.734776,theft,critical
26.169662,91.736871,lost_person,low
26.167665,91.737549,scam,low
26.166863,91.73532,assault,medium
26.171927,91.732816,harassment,low
26.169,91.734422,lost_person,high
26.170021,91.734239,harassment,low
26.167519,91.736328,harassment,medium
26.16523,91.732682,accident,critical
26.17047,91.736483,scam,low
26.171858,91.736814,lost_person,high
26.17386,91.737416,lost_person,medium
26.169409,91.735514,lost_person,low
26.172166,91.729608,scam,medium
26.175975,91.736195,theft,medium
26.168424,91.733081,scam,high
26.171311,91.73341,assault,medium
26.166958,91.736448,lost_person,medium
26.167772,91.735065,lost_person,high
26.172125,91.735863,scam,low
26.170218,91.730722,lost_person,high
26.171498,91.735875,accident,low
26.169786,91.734952,lost_person,medium
26.170373,91.737513,assault,medium
26.170252,91.737041,harassment,low
26.168554,91.736209,accident,high
26.168908,91.735691,accident,critical
26.1731,91.734538,scam,low
26.170989,91.740107,harassment,high
26.170588,91.737475,lost_person,medium
26.168483,91.736417,harassment,low
26.170713,91.738515,lost_person,high
26.165689,91.736145,harassment,high
26.168234,91.734253,accident,medium
26.168356,91.734332,harassment,low
26.167376,91.734523,assault,medium
26.170863,91.737669,scam,low
26.17122,91.732688,accident,medium
26.16796,91.736501,accident,low
26.168354,91.731746,assault,low
26.171692,91.735251,lost_person,medium
26.166524,91.733981,lost_person,medium
26.17224,91.735584,scam,low
26.174927,91.737537,scam,medium
26.169727,91.734694,theft,low
26.171404,91.734168,lost_person,high
26.170784,91.732512,harassment,low
26.168422,91.735245,assault,medium
26.171881,91.734902,theft,medium
26.169877,91.734892,harassment,medium
26.167442,91.728982,accident,critical
26.172588,91.732784,accident,low
26.170358,91.731796,accident,low
26.1692,91.734351,assault,medium
26.168577,91.732523,harassment,high
26.165396,91.733769,lost_person,medium
26.169299,91.733479,theft,medium
26.168598,91.735953,assault,high
26.168262,91.73491,assault,high
26.171571,91.737264,accident,critical
26.170985,91.735418,theft,medium
26.176259,91.733204,theft,medium
26.171091,91.734185,assault,low
26.167014,91.730613,harassment,low
26.170706,91.735777,theft,high
26.1759,91.735542,accident,medium
26.168767,91.735535,assault,medium
26.171427,91.733012,theft,medium
26.171545,91.735041,lost_person,high
26.171509,91.735407,harassment,low
26.174781,91.733947,lost_person,medium
26.168412,91.734408,theft,low
26.167731,91.73531,theft,high
26.169318,91.736743,lost_person,high
26.169084,91.735322,lost_person,medium
26.166726,91.732071,accident,medium
26.166347,91.733412,lost_person,high
26.167964,91.733076,lost_person,low
26.169203,91.733237,scam,high
26.170775,91.734163,accident,medium
26.171971,91.735353,harassment,critical
26.167879,91.735062,accident,medium
26.16953,91.734904,accident,low
26.172378,91.737691,scam,medium
26.174868,91.737239,scam,low
26.169611,91.73205,scam,medium
26.169556,91.735694,lost_person,low
26.168773,91.738126,assault,medium
26.173183,91.735287,assault,critical
26.168841,91.739209,lost_person,medium
26.168018,91.736198,harassment,medium
26.173978,91.733347,accident,high
26.168257,91.731113,lost_person,medium
26.171937,91.7339,scam,high
26.175295,91.734543,accident,medium
26.173703,91.736278,assault,high
26.172679,91.733079,theft,high
26.172193,91.736915,assault,high
26.169845,91.73631,scam,high
26.167755,91.732099,assault,high
26.169802,91.740093,theft,low
26.172298,91.733789,accident,medium
26.171539,91.732049,harassment,low
26.170159,91.735758,scam,critical
26.170988,91.732979,harassment,low
26.167752,91.733159,lost_person,medium
26.169765,91.73233,harassment,low
26.167504,91.735044,theft,low
26.169355,91.734416,scam,medium
26.172859,91.735923,assault,high
26.170905,91.73456,lost_person,medium
26.165236,91.73629,harassment,medium
26.169146,91.737724,theft,medium
26.169646,91.735874,theft,medium
26.168124,91.735297,accident,low
26.167906,91.731442,lost_person,high
26.170133,91.73344,lost_person,low
26.170888,91.735426,harassment,medium
26.17169,91.735538,assault,medium
26.171789,91.736633,theft,medium
26.170308,91.736718,accident,medium
26.171666,91.735685,assault,low
26.171515,91.734274,lost_person,medium
26.17412,91.737537,lost_person,low
26.171878,91.735882,scam,medium
26.166952,91.738149,harassment,medium
26.173112,91.736132,scam,medium
26.166843,91.73295,lost_person,medium
26.169675,91.732631,theft,low
26.170728,91.732602,theft,low
26.167035,91.737342,scam,medium
26.168502,91.73469,theft,low
26.170224,91.734398,lost_person,low
26.1662,91.732753,scam,high
26.169435,91.733741,assault,low
26.16878,91.73828,harassment,low
26.169948,91.734126,scam,medium
26.173769,91.733924,scam,medium
26.168213,91.737709,accident,medium
26.171893,91.730086,harassment,medium
26.170635,91.732583,assault,low
26.169895,91.732636,lost_person,low
26.166014,91.734119,assault,low
26.168757,91.735261,theft,high
26.168356,91.738524,harassment,low
26.166394,91.733243,harassment,low
26.169975,91.738266,scam,high
26.166014,91.736147,scam,medium
26.17069,91.740567,lost_person,high
26.173627,91.738897,lost_person,low
26.168752,91.732964,harassment,high
26.169939,91.737832,theft,critical
26.170154,91.737324,accident,low
26.169627,91.735783,accident,high
26.171759,91.734493,theft,medium
26.169684,91.736022,harassment,low
26.172046,91.737266,scam,high
26.167705,91.73305,theft,low
26.166606,91.734239,lost_person,medium
26.164686,91.734362,assault,low
26.170637,91.736501,scam,medium
26.173083,91.736677,lost_person,high
26.171341,91.731429,assault,high
26.165421,91.731756,assault,low
26.173584,91.733738,lost_person,critical
26.173468,91.73808,accident,low
26.172506,91.737369,scam,high
26.169423,91.737249,accident,medium
26.169349,91.732033,lost_person,low
26.170807,91.735757,harassment,critical
26.17092,91.733087,assault,high
26.165552,91.734099,scam,medium
26.166547,91.731512,theft,low
26.167197,91.735161,harassment,medium
26.168686,91.73343,harassment,low
26.171827,91.732996,theft,high
26.167426,91.73648,lost_person,low
26.166876,91.734308,assault,critical
26.172585,91.73829,scam,critical
26.169108,91.735427,harassment,low
26.172639,91.730982,lost_person,medium
26.171034,91.73672,accident,high
26.171942,91.73289,assault,medium
26.171058,91.735308,accident,medium
26.166718,91.737024,scam,medium
26.170908,91.737272,assault,high
26.1673,91.739843,harassment,high
26.168992,91.736818,assault,medium
26.169172,91.73389,lost_person,low
26.16833,91.736243,assault,low
26.167775,91.734968,theft,low
26.170938,91.736799,harassment,critical
26.169122,91.735799,assault,medium
26.167922,91.735253,harassment,medium
26.167213,91.735798,accident,low
26.170706,91.735881,theft,high
26.171724,91.730656,accident,medium
26.169528,91.734845,theft,high
26.173644,91.7348,theft,medium
26.169872,91.735205,harassment,critical
26.17032,91.735691,lost_person,high
26.173024,91.735722,harassment,medium
26.16993,91.732254,accident,low
26.171988,91.73388,accident,medium
26.169737,91.737721,lost_person,medium
26.171596,91.736884,lost_person,medium
26.169513,91.73525,lost_person,high
26.169712,91.735114,harassment,medium
26.168554,91.736227,accident,low
26.168433,91.735906,scam,low
26.17168,91.732874,theft,low
26.166815,91.738349,assault,low
26.167935,91.736028,scam,low
26.168333,91.731701,scam,high
26.17094,91.735397,lost_person,high
26.168449,91.734667,assault,high
26.169477,91.731554,accident,low
26.168468,91.734821,harassment,high
26.171985,91.733468,scam,low
26.175341,91.732433,lost_person,low
26.173758,91.736211,assault,medium
26.171967,91.737415,assault,medium
26.174309,91.732068,harassment,medium
26.171269,91.73502,theft,high
26.167811,91.734717,lost_person,low
26.172161,91.734903,theft,high
26.170258,91.733953,harassment,low
26.167676,91.736967,assault,low
26.169777,91.733436,lost_person,high
26.167679,91.730922,lost_person,critical
26.170221,91.738924,assault,medium
26.170259,91.736847,theft,high
26.167288,91.733169,scam,high
26.171671,91.736545,theft,low
26.169172,91.733563,lost_person,high
26.173825,91.735953,theft,high
26.169659,91.735517,harassment,high
26.169857,91.734467,accident,medium
26.169294,91.730913,theft,high
26.175312,91.730616,assault,low
26.166897,91.735181,theft,medium
26.170035,91.731659,accident,high
26.16837,91.735069,lost_person,high
26.1688,91.734799,assault,critical
26.169211,91.73389,scam,low
26.170764,91.734113,assault,medium
26.170845,91.73462,accident,low
26.171215,91.734854,accident,high
26.16876,91.735129,lost_person,high
26.171213,91.731881,scam,medium
26.171602,91.734489,lost_person,high
26.170749,91.733886,assault,high
26.170429,91.733341,accident,medium
26.172248,91.738266,scam,medium
26.171167,91.734808,scam,medium
26.168878,91.733076,scam,low
26.169829,91.734382,accident,medium
26.170859,91.732453,scam,medium
26.168337,91.733958,harassment,medium
26.169058,91.734524,accident,low
26.169364,91.7321,harassment,medium
26.169338,91.73382,scam,critical
26.172023,91.735023,scam,medium
26.17068,91.736164,assault,high
26.169924,91.733443,theft,low
26.166924,91.735252,theft,low
26.166324,91.735748,accident,medium
26.167285,91.734774,accident,critical
26.169253,91.734941,assault,medium
26.172317,91.736296,scam,low
26.169632,91.736151,assault,high
26.167533,91.73531,harassment,critical
26.169278,91.736717,lost_person,low
26.168617,91.73226,theft,medium
26.168003,91.733305,accident,high
26.172976,91.736533,harassment,medium
26.168974,91.740682,lost_person,medium
26.172232,91.734683,theft,low
26.170557,91.735056,accident,high
26.168139,91.73419,accident,medium
26.164999,91.735632,scam,medium
26.170782,91.734334,assault,medium
26.170463,91.735086,harassment,medium
26.167238,91.735087,accident,low
26.169525,91.735118,lost_person,low
26.168813,91.733534,harassment,medium
26.169189,91.736409,accident,low
26.171751,91.733833,scam,critical
26.168924,91.738308,scam,critical
26.1693,91.730802,scam,medium
26.170269,91.732373,lost_person,low
26.171698,91.735492,theft,medium
26.16937,91.732908,accident,medium
26.167386,91.729809,scam,medium
26.172804,91.732611,harassment,low
26.172725,91.734827,lost_person,medium
26.172422,91.732568,harassment,low
26.16982,91.734525,harassment,high
26.16741,91.735023,accident,high
26.167936,91.733429,theft,high
26.169745,91.734688,scam,high
26.168235,91.735276,lost_person,medium
26.17104,91.734709,theft,medium
26.168006,91.73541,theft,high
26.168515,91.733706,accident,high
26.168137,91.73458,lost_person,high
26.169037,91.737373,assault,medium
26.169086,91.733907,scam,high
26.17156,91.736774,harassment,medium
26.167404,91.735892,scam,high
26.170868,91.732839,accident,medium
26.167968,91.738233,scam,low
26.174554,91.737355,harassment,medium
26.170277,91.734264,assault,low
26.170474,91.733681,theft,medium
26.168486,91.732272,assault,low
26.172785,91.735093,harassment,medium
26.169746,91.737089,assault,low
26.170018,91.734846,theft,low
26.168221,91.734586,theft,medium
26.169303,91.735195,scam,medium
26.17237,91.735543,accident,medium
26.169877,91.738316,harassment,high
26.167583,91.736116,scam,medium
26.170385,91.731318,theft,high
26.168066,91.736604,assault,low
26.171554,91.735114,scam,low
26.170213,91.733421,assault,medium
26.169773,91.737168,lost_person,low
26.168615,91.734685,lost_person,low
26.166725,91.741159,accident,high
26.168293,91.738088,accident,medium
26.171222,91.734924,lost_person,high
26.171082,91.735221,accident,high
26.169337,91.735948,assault,low
26.171822,91.733445,scam,low
26.169375,91.732882,assault,medium
26.170107,91.738051,accident,low
26.17243,91.73464,assault,high
26.170435,91.73316,scam,low
26.168896,91.737652,lost_person,low
26.170343,91.737581,accident,high
26.168248,91.736922,scam,medium
26.170769,91.733831,assault,low
26.165432,91.733855,scam,medium
26.170339,91.733157,assault,medium
26.172881,91.732366,scam,critical
26.17007,91.73467,harassment,medium
26.170012,91.738373,scam,low
26.170971,91.730982,harassment,low
26.16932,91.735325,harassment,high
26.168912,91.735264,lost_person,low
26.171954,91.733117,theft,low
26.171283,91.739344,lost_person,medium
26.167925,91.736135,accident,high
26.170085,91.735582,scam,high
26.166128,91.735481,lost_person,medium
26.16845,91.737392,assault,medium
26.167961,91.738229,scam,critical
26.166585,91.732372,harassment,high
26.168214,91.731819,harassment,medium
26.170801,91.735671,assault,high
26.165736,91.733821,scam,medium
26.172127,91.731732,scam,low
26.169114,91.735694,scam,low
26.172383,91.733514,lost_person,medium
26.170918,91.735727,assault,high
26.171277,91.737096,scam,low
26.171367,91.733098,assault,critical
26.171561,91.735288,accident,medium
26.166851,91.738037,lost_person,medium
26.169071,91.737987,assault,medium
26.170869,91.736335,lost_person,medium
26.168334,91.733549,scam,low
26.169185,91.736372,assault,high
26.168192,91.738348,harassment,low
26.170632,91.737554,theft,low
26.168013,91.734705,lost_person,medium
26.172763,91.731467,accident,medium
26.168236,91.737602,harassment,medium
26.167216,91.735464,theft,high
26.174167,91.732764,scam,medium
26.171203,91.734696,assault,medium
26.169635,91.732749,lost_person,low
26.169314,91.733423,accident,medium
26.167021,91.733228,theft,low
26.172637,91.736881,lost_person,high
26.169044,91.734283,accident,high
26.170785,91.736686,assault,low
26.171315,91.731796,scam,high
26.170562,91.731321,scam,medium
26.169556,91.736296,scam,low
26.169718,91.737369,lost_person,high
26.170813,91.732315,scam,medium
26.172217,91.73453,theft,medium
26.173852,91.734535,scam,low
26.166772,91.735213,theft,high
26.168306,91.730937,accident,low
26.169058,91.735072,harassment,medium
26.170062,91.733996,assault,medium
26.168196,91.736554,harassment,low
26.171295,91.732306,scam,medium
26.167236,91.737165,accident,low
26.170737,91.734183,scam,medium
26.171971,91.735839,harassment,high
26.173113,91.735238,lost_person,medium
26.168324,91.737841,theft,medium
26.170517,91.736067,assault,medium
26.172272,91.73407,lost_person,medium
26.175984,91.72964,lost_person,medium
26.169249,91.734788,scam,medium
26.174198,91.735467,assault,medium
26.171221,91.738256,assault,high
26.171109,91.737683,harassment,medium
26.170638,91.738276,scam,medium
26.170033,91.7363,theft,medium
26.1743,91.733686,lost_person,medium
26.166027,91.737204,harassment,high
26.16786,91.734418,scam,high
26.169071,91.735799,harassment,medium
26.166848,91.739801,scam,high
26.173209,91.735033,accident,low
26.172707,91.736422,assault,medium
26.168373,91.734182,accident,medium
26.170852,91.740915,lost_person,medium
26.166915,91.734685,assault,low
26.172681,91.732261,accident,low
26.170705,91.735793,harassment,medium
26.170237,91.734241,theft,medium
26.172004,91.733262,harassment,medium
26.164854,91.73627,assault,medium
26.171593,91.736185,accident,low
26.171784,91.732847,assault,medium
26.168674,91.730212,assault,medium
26.170678,91.74066,accident,high
26.168431,91.7325,theft,medium
26.165864,91.733724,accident,low
26.168449,91.731747,accident,medium
26.168281,91.736223,scam,medium
26.173718,91.734494,accident,high
26.16909,91.738687,assault,high
26.171806,91.736079,assault,low
26.171783,91.735852,assault,medium
26.172563,91.736717,theft,medium
26.167373,91.736063,scam,high
26.168671,91.737281,scam,low
26.170375,91.735306,lost_person,medium
26.172985,91.738964,assault,low
26.167342,91.737681,lost_person,medium
26.173762,91.732182,theft,medium
26.171687,91.735058,assault,high
26.172815,91.73695,lost_person,medium
26.169721,91.736827,harassment,medium
26.172209,91.735819,harassment,low
26.170939,91.733369,harassment,high
26.166478,91.733923,harassment,medium
26.17238,91.734782,lost_person,low
26.17007,91.735901,scam,high
26.166136,91.732182,accident,medium
26.169964,91.736352,theft,low
26.171397,91.736576,harassment,low
26.168975,91.739295,lost_person,medium
26.171668,91.733664,scam,medium
26.171549,91.734965,theft,low
26.168675,91.732459,scam,medium
26.168649,91.735017,assault,high
26.167225,91.734564,assault,medium
26.171845,91.736547,assault,high
26.171509,91.734201,theft,high
26.168851,91.733375,scam,medium
26.167618,91.735682,harassment,medium
26.16679,91.736437,harassment,medium
26.169793,91.730862,scam,high
26.169518,91.735976,lost_person,medium
26.168078,91.733948,assault,low
26.1723,91.74131,assault,critical
26.16879,91.732651,lost_person,low
26.166167,91.732878,lost_person,low
26.171516,91.734936,assault,high
26.171887,91.736438,scam,critical
26.173387,91.736035,lost_person,medium
26.168397,91.73391,assault,critical
26.169213,91.733395,accident,medium
26.169231,91.735703,accident,medium
26.169892,91.731997,harassment,low
26.168596,91.734343,theft,medium
26.168596,91.738014,assault,medium
26.169372,91.737984,assault,medium
26.170099,91.731999,lost_person,high
26.170771,91.735328,lost_person,low
26.16761,91.738617,harassment,high
26.175031,91.732356,lost_person,medium
26.169903,91.736192,scam,medium
26.165857,91.733663,harassment,medium
26.169802,91.732256,lost_person,low
26.171395,91.731663,assault,critical
26.166966,91.729907,theft,high
26.171761,91.736151,assault,low
26.169695,91.734699,theft,low
26.165123,91.738101,harassment,low
26.167393,91.731434,lost_person,medium
26.176278,91.735378,theft,medium
26.171698,91.735286,theft,high
26.165874,91.735952,harassment,low
26.169352,91.735295,accident,low
26.169435,91.734225,scam,medium
26.169405,91.734178,scam,high
26.169508,91.739502,harassment,medium
26.171349,91.734352,scam,critical
26.168454,91.734675,lost_person,medium
26.170459,91.735327,lost_person,critical
26.168098,91.737458,scam,critical
26.169043,91.735539,assault,low
26.170291,91.733905,accident,low
26.167451,91.733711,harassment,low
26.170354,91.734941,theft,low
26.167391,91.736214,harassment,medium
26.166521,91.737859,scam,medium
26.171139,91.737769,scam,medium
26.171671,91.733687,scam,low
26.173936,91.735035,scam,medium
26.174622,91.737307,assault,medium
26.173381,91.735741,scam,critical
26.17329,91.733874,lost_person,medium
26.174223,91.737447,theft,medium
26.172286,91.735109,assault,medium
26.169215,91.736008,theft,high
26.168936,91.737295,lost_person,medium
26.168053,91.735365,theft,medium
26.17005,91.734634,lost_person,medium
26.171995,91.734537,harassment,medium
26.166518,91.737573,assault,low
26.17396,91.736028,harassment,medium
26.171175,91.732028,scam,medium
26.165709,91.735602,scam,critical
26.168979,91.734479,accident,critical
26.173249,91.734971,lost_person,medium
26.172021,91.738208,assault,medium
26.170012,91.735886,theft,high
26.174793,91.739705,assault,high
26.167778,91.734263,accident,low
26.166186,91.732772,harassment,medium
26.173152,91.736502,assault,medium
26.170064,91.738442,theft,medium
26.170389,91.736122,harassment,medium
26.170517,91.738023,accident,high
26.172586,91.735929,accident,high
26.166408,91.738711,harassment,critical
26.168071,91.741463,assault,critical
26.168749,91.734694,harassment,low
26.169716,91.732891,lost_person,high
26.166031,91.73754,lost_person,medium
26.168307,91.737149,scam,low
26.169326,91.730234,assault,critical
26.165756,91.731004,assault,high
26.169434,91.734465,scam,low
26.169935,91.73711,scam,medium
26.171085,91.741779,assault,medium
26.168181,91.738671,lost_person,medium
26.169912,91.737097,theft,critical
26.168607,91.736745,accident,medium
26.16779,91.737335,lost_person,medium
26.168537,91.734793,scam,high
26.172435,91.736932,theft,high
26.170087,91.736065,lost_person,medium
26.171861,91.7334,accident,high
26.166584,91.730259,assault,medium
26.173747,91.741918,lost_person,medium
26.172464,91.741118,harassment,medium
26.170872,91.734691,assault,high
26.165993,91.735246,accident,low
26.170126,91.735858,harassment,critical
26.171321,91.734632,lost_person,high
26.167115,91.736208,assault,medium
26.16802,91.73546,scam,high
26.170825,91.73262,assault,high
26.167114,91.735188,assault,low
26.169837,91.734022,lost_person,high
26.170875,91.733898,theft,high
26.16693,91.731813,accident,high
26.169869,91.732634,lost_person,low
26.17009,91.735307,assault,medium
26.170898,91.735606,assault,medium
26.16721,91.733654,accident,medium
26.169802,91.733315,accident,low
26.169806,91.736938,theft,medium
26.172594,91.726862,scam,high
26.170873,91.741476,assault,low
26.17025,91.735119,accident,medium
26.170514,91.736207,assault,medium
26.171086,91.736825,scam,medium
26.169061,91.740557,theft,medium
26.173006,91.737234,theft,medium
26.167969,91.735808,theft,low
26.17086,91.737484,accident,high
26.170607,91.735638,harassment,medium
26.169062,91.734927,scam,low
26.168124,91.734913,theft,low
26.168793,91.737687,scam,low
26.170438,91.734331,scam,medium
26.169325,91.734869,harassment,low
26.166244,91.735374,harassment,low
26.170415,91.738322,accident,medium
26.16864,91.736264,accident,high
26.164998,91.736867,harassment,low
26.170346,91.734573,assault,medium
26.16837,91.734569,assault,medium
26.168963,91.734225,lost_person,medium
26.169977,91.736047,lost_person,medium
26.169684,91.734167,assault,low
26.172892,91.734543,accident,low
26.170674,91.734192,theft,low
26.171946,91.735931,assault,medium
26.168413,91.73681,assault,medium
26.16959,91.734566,scam,medium
26.167701,91.736523,lost_person,low
26.17066,91.735361,accident,medium
26.170809,91.740008,assault,medium
26.169444,91.733706,harassment,critical
26.170738,91.734112,theft,low
26.171793,91.732355,lost_person,medium
26.167948,91.731221,theft,high
26.167728,91.733723,harassment,high
26.170117,91.734613,scam,low
26.168863,91.731395,scam,critical
26.169267,91.735906,lost_person,low
26.170735,91.736488,theft,high
26.169904,91.733718,lost_person,low
26.168125,91.737561,harassment,medium
26.168985,91.733246,theft,low
26.17037,91.732878,assault,high
26.171034,91.736926,harassment,high
26.167302,91.735409,assault,high
26.170436,91.735197,accident,high
26.170582,91.73318,lost_person,low
26.168211,91.737847,harassment,high
26.168927,91.734871,scam,medium
26.171168,91.735307,theft,medium
26.170936,91.734821,theft,medium
26.170747,91.738364,lost_person,high
26.168273,91.733721,theft,low
26.170137,91.73526,scam,low
26.168769,91.732312,accident,medium
26.172654,91.733925,accident,high
26.170454,91.733169,scam,medium
26.167031,91.736274,accident,medium
26.173465,91.73539,accident,low
26.167357,91.735272,harassment,medium
26.169147,91.736095,lost_person,low
26.163926,91.73221,scam,low
26.16656,91.73535,accident,medium
26.170041,91.737195,scam,medium
26.16427,91.736766,accident,low
26.171904,91.735422,scam,medium
26.171058,91.734574,assault,high
26.169329,91.732687,lost_person,low
26.169435,91.735431,accident,low
26.169215,91.73628,assault,low
26.171976,91.735764,theft,low
26.17244,91.733514,theft,low
26.172674,91.733965,assault,medium
26.170817,91.733534,theft,medium
26.167466,91.738006,accident,high
26.170361,91.738122,lost_person,low
26.174017,91.733165,assault,high
26.167404,91.734027,assault,medium
26.169951,91.733614,lost_person,high
26.16979,91.734038,accident,low
26.17117,91.733826,assault,medium
26.172161,91.732666,lost_person,medium
26.168425,91.734465,assault,critical
26.172154,91.730643,theft,medium
26.169726,91.735108,scam,medium
26.168576,91.737007,assault,medium
26.167992,91.738366,accident,medium
26.167841,91.737259,theft,low
26.174137,91.734146,lost_person,low
26.170738,91.734588,assault,low
26.170267,91.731626,accident,low
26.170507,91.73452,lost_person,medium
26.173765,91.735606,harassment,medium
26.166489,91.73309,assault,medium
26.176386,91.731128,lost_person,medium
26.168351,91.734705,harassment,medium
26.17119,91.739637,scam,medium
26.170585,91.73633,theft,medium
26.170607,91.736229,theft,low
26.169692,91.737257,theft,medium
26.169613,91.732384,lost_person,high
26.170639,91.733226,lost_person,high
26.174267,91.732809,harassment,medium
26.172262,91.734595,accident,medium
26.167788,91.739976,scam,medium
26.168007,91.734391,assault,low
26.168076,91.729695,theft,medium
26.166169,91.733629,accident,low
26.171672,91.736527,harassment,high
26.167171,91.735286,accident,low
26.169397,91.735949,lost_person,low
26.171738,91.734127,scam,medium
26.171593,91.734925,theft,low
26.16911,91.73547,assault,medium
26.171014,91.733493,accident,high
26.170972,91.733763,accident,medium
26.170111,91.732768,accident,medium
26.171972,91.730444,harassment,low
26.165293,91.737358,scam,medium
26.173006,91.7329,harassment,low
26.172327,91.739008,theft,low
26.168532,91.73963,theft,low
26.167434,91.735812,harassment,low
26.16937,91.735288,scam,low
26.172687,91.735028,assault,medium
26.172505,91.735565,lost_person,low
26.168204,91.735209,assault,low
26.169606,91.736693,lost_person,medium
26.169812,91.73312,lost_person,medium
26.168983,91.738375,accident,low
26.172081,91.734233,theft,critical
26.171907,91.735584,accident,high
26.16653,91.732514,scam,critical
26.171211,91.732727,theft,low
26.16908,91.737134,lost_person,high
26.173921,91.738446,theft,medium
26.169066,91.733555,lost_person,medium
26.169024,91.733002,scam,medium
26.172598,91.73409,harassment,critical
26.172111,91.734149,accident,medium
26.167031,91.732357,theft,medium
26.164384,91.737016,scam,high
26.172998,91.738048,assault,medium
26.167578,91.736928,lost_person,low
26.174631,91.734035,lost_person,medium
26.167678,91.73743,theft,medium
26.170351,91.734164,theft,low
26.169183,91.73336,accident,low
26.171083,91.734707,assault,medium
26.168629,91.735232,harassment,low
26.170905,91.736032,assault,high
26.169297,91.733396,accident,low
26.168604,91.735883,accident,high
26.166483,91.730878,accident,low
26.171858,91.737992,assault,low
26.171814,91.738893,assault,high
26.168635,91.732544,lost_person,low
26.16989,91.737161,harassment,high
26.17045,91.738824,scam,low
26.164459,91.734609,accident,medium
26.170128,91.734109,assault,medium
26.168614,91.738448,harassment,medium
26.167862,91.733179,scam,medium
26.168856,91.736963,scam,medium
26.171332,91.735904,accident,low
26.17226,91.73149,assault,medium
26.174607,91.735458,scam,medium
26.167205,91.731661,theft,medium
26.170315,91.733104,accident,medium
26.170748,91.733851,assault,critical
26.166965,91.734642,scam,high
26.166457,91.729713,theft,critical
26.168886,91.73499,accident,medium
26.172021,91.730757,harassment,low
26.169529,91.733399,accident,medium
26.172075,91.73454,harassment,low
26.168706,91.736445,harassment,medium
26.172141,91.734461,theft,high
26.173414,91.737217,harassment,critical
26.173353,91.736796,assault,medium
26.170537,91.731527,harassment,medium
26.168563,91.73492,accident,medium
26.173769,91.732951,assault,low
26.168108,91.734424,assault,critical
26.170901,91.732696,scam,high
26.170624,91.733279,assault,low
26.172634,91.731551,accident,low
26.169047,91.733496,accident,medium
26.173985,91.734207,lost_person,low
26.170902,91.735851,accident,medium
26.172705,91.73473,lost_person,medium
26.173534,91.731776,theft,high
26.175895,91.737569,scam,high
26.169183,91.735993,scam,medium
26.168536,91.735963,harassment,high
26.165465,91.735453,accident,high
26.173814,91.736003,assault,medium
26.169397,91.736047,theft,high
26.170318,91.735566,harassment,medium
26.169252,91.736383,scam,medium
26.170019,91.735515,assault,medium
26.172278,91.736026,theft,low
26.170022,91.735966,accident,low
26.172414,91.732278,lost_person,low
26.175236,91.729383,lost_person,low
26.169647,91.734719,lost_person,high
26.17003,91.738571,harassment,high
26.1705,91.73581,theft,medium
26.170424,91.732655,theft,low
26.170469,91.735517,theft,low
26.171817,91.734616,harassment,medium
26.16982,91.733095,lost_person,medium
26.171868,91.735489,theft,medium
26.170141,91.733908,scam,medium
26.170006,91.731763,scam,medium
26.169173,91.73736,scam,low
26.167335,91.73287,scam,medium
26.16822,91.734771,harassment,high
26.168858,91.733533,theft,medium
26.166257,91.730991,scam,medium
26.169852,91.734885,assault,medium
26.17301,91.73045,assault,high
26.167516,91.736977,accident,low
26.167814,91.732712,scam,high
26.170185,91.734337,accident,medium
26.166235,91.736673,scam,medium
26.171105,91.738123,theft,critical
26.16757,91.735529,assault,medium
26.169581,91.736336,scam,medium
26.16759,91.737203,accident,high
26.168814,91.735373,harassment,low
26.173263,91.737202,lost_person,low
26.164416,91.7364,accident,critical
26.173651,91.734012,scam,medium
26.170817,91.734571,theft,medium
26.169593,91.736216,theft,critical
26.171317,91.734981,theft,medium
26.168354,91.730946,theft,medium
26.172967,91.736934,accident,medium
26.17186,91.73411,lost_person,high
26.17085,91.731486,accident,critical
26.166521,91.734669,lost_person,high
26.168074,91.737984,scam,medium
26.172083,91.733435,scam,medium
26.170569,91.734529,harassment,medium
26.172318,91.735199,accident,low
26.171907,91.733419,lost_person,high
26.173184,91.734555,theft,medium
26.168468,91.731892,lost_person,medium
26.171607,91.7317,lost_person,high
26.170314,91.738109,assault,low
26.168879,91.735857,lost_person,high
26.169037,91.734058,accident,medium
26.168066,91.736901,accident,medium
26.168485,91.737248,lost_person,low
26.16878,91.737,accident,medium
26.172829,91.736728,harassment,low
26.169742,91.737309,theft,high
26.169895,91.7367,scam,medium
26.173378,91.73387,theft,medium
26.1688,91.730823,theft,medium
26.169956,91.737421,scam,low
26.170949,91.735901,lost_person,medium
26.171992,91.731749,assault,medium
26.1736,91.733431,accident,medium
26.174446,91.732313,harassment,medium
26.167302,91.733246,harassment,low
26.169883,91.736504,accident,medium
26.172578,91.738901,accident,high
26.169846,91.738107,harassment,medium
26.168585,91.736878,lost_person,low
26.169822,91.735989,scam,medium
26.170036,91.735271,assault,medium
26.168929,91.734609,lost_person,medium
26.169394,91.737012,scam,low
26.171274,91.729353,scam,critical
26.17085,91.736991,lost_person,high
26.172505,91.733243,accident,critical
26.170293,91.735299,theft,medium
26.168489,91.73343,scam,high
26.171356,91.735745,harassment,medium
26.16834,91.735398,lost_person,low
26.171081,91.734998,theft,medium
26.170746,91.738823,accident,medium
26.166712,91.733704,harassment,medium
26.165764,91.736029,scam,critical
26.169977,91.737605,scam,low
26.171387,91.733751,assault,low
26.170651,91.735437,assault,low
26.171077,91.736142,harassment,low
26.171934,91.735431,lost_person,high
26.175274,91.737792,scam,medium
26.167315,91.731811,harassment,critical
26.167333,91.733814,harassment,medium
26.167256,91.738968,harassment,low
26.173638,91.732358,lost_person,low
26.169298,91.734808,theft,low
26.172102,91.733931,theft,medium
26.167043,91.737704,lost_person,critical
26.165323,91.738508,harassment,high
26.172005,91.733133,theft,medium
26.172914,91.734845,assault,medium
26.169264,91.733588,accident,high
26.169426,91.73454,harassment,low
26.167008,91.73296,harassment,medium
26.169865,91.738082,theft,low
26.173435,91.738568,scam,high
26.171249,91.732191,lost_person,high
26.168391,91.734703,accident,medium
26.172566,91.730993,harassment,high
26.167877,91.735885,lost_person,low
26.168396,91.73666,assault,medium
26.170707,91.734141,scam,low
26.171669,91.735147,harassment,low
26.172782,91.738268,assault,medium
26.170711,91.736892,lost_person,critical
26.1701,91.73911,accident,medium
26.165412,91.734131,theft,low
26.17202,91.735412,harassment,high
26.168417,91.731384,assault,low
26.170946,91.733191,lost_person,low
26.170456,91.736123,theft,medium
26.168978,91.736737,assault,low
26.170168,91.734553,accident,critical
26.168198,91.734278,accident,critical
26.169238,91.732617,lost_person,high
26.171944,91.731933,accident,low
26.168821,91.734671,harassment,medium
26.168404,91.735539,theft,low
26.169946,91.733057,accident,medium
26.165263,91.734728,harassment,low
26.173228,91.733912,lost_person,high
26.169669,91.736411,harassment,medium
26.170132,91.739433,accident,high
26.170619,91.736355,harassment,medium
26.169661,91.737799,scam,critical
26.168931,91.735491,accident,medium
26.174918,91.735233,assault,medium
26.168757,91.73408,theft,critical
26.170027,91.733349,theft,low
26.167117,91.734885,accident,medium
26.171247,91.733561,harassment,medium
26.166183,91.735483,scam,low
26.168641,91.735157,theft,low
26.172745,91.733888,accident,low
26.171564,91.735889,accident,critical
26.168898,91.734643,accident,critical
26.172814,91.735397,harassment,medium
26.1692,91.739299,harassment,medium
26.171883,91.735274,theft,medium
26.167283,91.736845,assault,critical
26.168343,91.735827,theft,low
26.171716,91.736075,theft,high
26.169933,91.737167,assault,high
26.168898,91.737699,harassment,medium
26.172154,91.731338,accident,low
26.169302,91.735081,lost_person,high
26.169976,91.733329,assault,low
26.171982,91.732054,scam,high
26.167892,91.735184,accident,low
26.169047,91.732027,harassment,low
26.165512,91.737154,harassment,medium
26.17262,91.737363,accident,medium
26.172569,91.73021,accident,low
26.166552,91.735636,scam,low
26.17069,91.738159,harassment,medium
26.170938,91.735064,theft,low
26.173104,91.734063,scam,high
26.171574,91.736794,assault,medium
26.170512,91.729697,lost_person,low
26.170491,91.738468,assault,medium
26.169212,91.735345,lost_person,medium
26.171622,91.735401,theft,low
26.167641,91.735036,lost_person,medium
26.172459,91.736046,harassment,low
26.170706,91.735123,lost_person,low
26.169002,91.735365,lost_person,critical
26.171106,91.732511,theft,high
26.168225,91.73547,lost_person,high
26.170326,91.737825,assault,medium
26.167794,91.735594,theft,high
26.169171,91.733112,lost_person,low
26.166389,91.736855,lost_person,low
26.170501,91.734156,lost_person,low
26.168952,91.73466,harassment,high
26.171705,91.735046,accident,low
26.167642,91.735352,lost_person,high
26.1752,91.735684,lost_person,medium
26.169299,91.732969,accident,high
26.168988,91.732905,scam,low
26.16738,91.736547,lost_person,medium
26.171667,91.735859,theft,high
26.170309,91.734634,accident,low
26.171201,91.733013,harassment,high
26.172885,91.734957,scam,medium
26.167987,91.738446,lost_person,medium
26.168534,91.739591,assault,low
26.168986,91.734987,harassment,low
26.169708,91.734152,theft,high
26.173823,91.732574,harassment,low
26.173225,91.733857,scam,medium
26.171562,91.734761,assault,low
26.169932,91.732593,accident,low
26.172315,91.734189,lost_person,low
26.168593,91.736225,assault,medium
26.170292,91.730003,harassment,medium
26.168474,91.736533,lost_person,medium
26.16949,91.736394,accident,low
26.168171,91.737001,accident,low
26.168408,91.735353,scam,critical
26.169747,91.735362,scam,high
26.169603,91.740301,theft,medium
26.168448,91.735454,theft,medium
26.173056,91.732825,harassment,low
26.165491,91.732664,assault,low
26.169906,91.736135,scam,low
26.168939,91.737058,theft,low
26.165996,91.735655,scam,medium
26.166495,91.7335,scam,low
26.164588,91.733359,assault,high
26.169712,91.737333,lost_person,critical
26.173037,91.732107,harassment,medium
26.172038,91.732365,lost_person,critical
26.170452,91.737384,assault,high
26.169343,91.733911,scam,low
26.171074,91.732163,scam,low
26.175754,91.733998,theft,medium
26.168516,91.735579,scam,low
26.174794,91.737118,theft,low
26.167254,91.732195,accident,medium
26.171045,91.732622,assault,medium
26.166951,91.734864,theft,medium
26.170305,91.733306,assault,low
26.167007,91.737459,accident,low
26.169455,91.735273,harassment,low
26.167602,91.733538,lost_person,low
26.169181,91.73384,assault,medium
26.1745,91.730339,accident,low
26.172589,91.736287,lost_person,medium
26.169352,91.740724,lost_person,high
26.167471,91.734606,harassment,medium
26.168147,91.739489,accident,medium
26.169941,91.732942,assault,high
26.171561,91.734719,theft,low
26.172107,91.730929,lost_person,medium
26.166258,91.732566,lost_person,medium
26.164983,91.730834,assault,medium
26.167646,91.733477,accident,low
26.17022,91.735395,assault,low
26.171548,91.735661,theft,medium
26.168185,91.736165,lost_person,high
26.168279,91.734689,accident,low
26.171849,91.737236,harassment,low
26.162826,91.737238,assault,medium
26.173079,91.729759,theft,medium
26.16801,91.736573,lost_person,medium
26.170142,91.738136,theft,medium
26.174764,91.732357,theft,low
26.168605,91.737005,theft,medium
26.169897,91.738043,assault,low
26.170161,91.737779,assault,medium
26.171704,91.734592,scam,high
26.16728,91.734418,theft,medium
26.1721,91.734012,lost_person,medium
26.167354,91.735538,assault,medium
26.170844,91.737085,theft,low
26.167662,91.734447,accident,medium
26.169308,91.735263,accident,medium
26.170163,91.734835,lost_person,medium
26.174203,91.735075,theft,medium
26.172735,91.736129,lost_person,critical
26.171111,91.733451,lost_person,low
26.170106,91.735033,harassment,low
26.168992,91.735011,lost_person,medium
26.168864,91.737326,theft,critical
26.162847,91.735628,theft,low
26.166202,91.736561,accident,low
26.170879,91.735864,assault,medium
26.173185,91.735632,assault,critical
26.168923,91.732259,assault,medium
26.1739,91.738279,assault,high
26.168795,91.736802,lost_person,medium
26.173983,91.731865,lost_person,medium
26.170318,91.735641,theft,high
26.17044,91.737136,lost_person,medium
26.171818,91.734104,accident,medium
26.17392,91.736104,scam,medium
26.104802,91.735412,accident,medium
26.103548,91.739903,theft,critical
26.104566,91.73446,lost_person,high
26.105551,91.7341,lost_person,high
26.103163,91.73131,theft,low
26.10841,91.735698,theft,medium
26.106044,91.735001,assault,low
26.107315,91.731391,scam,low
26.104518,91.735976,harassment,critical
26.106663,91.735818,assault,medium
26.098942,91.734265,accident,medium
26.104532,91.734498,lost_person,medium
26.104126,91.733278,accident,medium
26.107815,91.736591,lost_person,medium
26.105741,91.736207,accident,low
26.104074,91.732295,harassment,medium
26.107076,91.735316,scam,low
26.108666,91.734809,scam,high
26.106971,91.735556,scam,medium
26.105657,91.73515,theft,medium
26.102506,91.735328,theft,high
26.104118,91.731234,harassment,medium
26.10201,91.733289,accident,medium
26.10537,91.738827,theft,high
26.104219,91.734535,lost_person,medium
26.106854,91.733298,harassment,high
26.103992,91.734503,scam,medium
26.106599,91.737699,harassment,medium
26.10529,91.735626,accident,high
26.108129,91.733907,assault,medium
26.105004,91.732897,accident,medium
26.106844,91.733163,assault,medium
26.105435,91.737909,scam,high
26.102283,91.736693,harassment,critical
26.103884,91.735132,accident,low
26.102644,91.737812,accident,low
26.108398,91.730914,scam,medium
26.101712,91.7347,lost_person,medium
26.104736,91.734039,lost_person,medium
26.104716,91.734816,scam,medium
26.105434,91.731301,harassment,low
26.106106,91.733045,harassment,high
26.104253,91.734062,scam,high
26.103525,91.732332,assault,medium
26.106376,91.734286,theft,medium
26.105064,91.732235,harassment,medium
26.104746,91.736283,accident,low
26.105765,91.738038,lost_person,high
26.10659,91.733512,lost_person,high
26.111147,91.7366,accident,high
26.106058,91.733008,assault,low
26.101555,91.73251,scam,high
26.106047,91.737982,harassment,low
26.104161,91.735972,theft,critical
26.105232,91.736486,theft,low
26.105607,91.735735,scam,high
26.106616,91.738115,accident,low
26.102643,91.738017,lost_person,medium
26.10108,91.734951,theft,low
26.104267,91.740059,theft,medium
26.108431,91.732329,theft,low
26.104505,91.735473,accident,medium
26.109748,91.736121,accident,low
26.102807,91.736534,lost_person,medium
26.106477,91.73928,assault,high
26.103617,91.734832,assault,high
26.106405,91.736756,assault,low
26.104651,91.737024,theft,low
26.109731,91.734845,assault,low
26.103236,91.736768,accident,low
26.107766,91.736629,harassment,medium
26.105384,91.732015,theft,medium
26.10593,91.734994,theft,medium
26.104746,91.73627,accident,medium
26.105193,91.734528,harassment,critical
26.103174,91.734956,theft,critical
26.105809,91.731324,harassment,critical
26.101144,91.732942,lost_person,medium
26.107222,91.734609,harassment,medium
26.103819,91.731916,theft,medium
26.107625,91.733111,assault,low
26.104124,91.732685,accident,medium
26.103788,91.736358,accident,medium
26.105327,91.735484,accident,low
26.10337,91.734324,scam,medium
26.102297,91.735404,assault,low
26.104572,91.734351,theft,low
26.104588,91.734905,harassment,medium
26.104661,91.740289,accident,medium
26.102877,91.734426,assault,low
26.10216,91.734864,lost_person,high
26.103884,91.735824,accident,medium
26.101512,91.733338,lost_person,medium
26.101772,91.736593,lost_person,low
26.102537,91.736087,harassment,high
26.102465,91.73553,lost_person,low
26.107707,91.733808,accident,high
26.107263,91.733374,theft,high
26.106495,91.732215,theft,medium
26.10253,91.735037,theft,medium
26.104258,91.737042,theft,low
26.106453,91.731483,assault,low
26.105325,91.738485,accident,medium
26.107194,91.733696,assault,medium
26.108914,91.736105,theft,medium
26.10684,91.733075,scam,low
26.104119,91.733469,theft,medium
26.106066,91.729747,scam,high
26.103905,91.736084,theft,high
26.106676,91.735481,assault,medium
26.110961,91.73695,scam,low
26.104342,91.736422,assault,medium
26.104554,91.737972,harassment,medium
26.100951,91.733029,scam,medium
26.103122,91.737322,assault,low
26.103811,91.731558,lost_person,medium
26.10759,91.733781,scam,medium
26.102583,91.735309,theft,low
26.105389,91.737363,theft,critical
26.103942,91.7358,lost_person,medium
26.10826,91.734263,accident,medium
26.0997,91.733307,lost_person,high
26.106663,91.736046,accident,low
26.103901,91.733959,harassment,low
26.10546,91.735699,harassment,medium
26.106521,91.734613,accident,medium
26.105328,91.735063,lost_person,low
26.102646,91.734165,harassment,medium
26.106648,91.734482,accident,high
26.104488,91.734607,theft,medium
26.102922,91.732056,harassment,low
26.104999,91.737166,scam,medium
26.109233,91.734264,theft,medium
26.103446,91.735033,accident,medium
26.110141,91.736852,scam,medium
26.10852,91.734806,theft,high
26.102419,91.735482,harassment,low
26.104753,91.733592,assault,medium
26.105184,91.733955,accident,medium
26.105727,91.735803,scam,medium
26.104744,91.732035,accident,medium
26.104767,91.734188,assault,critical
26.106034,91.740512,theft,medium
26.103797,91.734248,harassment,high
26.103113,91.736405,assault,medium
26.105835,91.734238,accident,high
26.102158,91.735879,assault,low
26.101908,91.735802,theft,high
26.105166,91.737057,theft,low
26.106064,91.734717,accident,medium
26.107088,91.73654,scam,medium
26.107343,91.737251,lost_person,critical
26.106022,91.732066,harassment,critical
26.102043,91.733803,harassment,medium
26.108832,91.736187,scam,high
26.101513,91.735859,scam,medium
26.104217,91.737505,scam,low
26.104505,91.736583,theft,medium
26.106873,91.737552,harassment,low
26.105421,91.732789,theft,low
26.105069,91.734715,accident,high
26.103947,91.737628,lost_person,high
26.107489,91.736487,harassment,medium
26.105826,91.732788,lost_person,low
26.104639,91.735922,scam,low
26.101262,91.736973,harassment,low
26.104627,91.735834,scam,medium
26.103361,91.735315,theft,high
26.105224,91.737779,lost_person,low
26.105136,91.737332,scam,high
26.105837,91.733116,lost_person,high
26.104694,91.736011,harassment,high
26.105378,91.731419,harassment,low
26.105425,91.737081,lost_person,medium
26.106877,91.733753,harassment,medium
26.105911,91.737188,assault,medium
26.104723,91.733141,theft,medium
26.103124,91.736797,accident,high
26.105791,91.735625,assault,medium
26.104657,91.738069,lost_person,low
26.105878,91.735696,scam,high
26.10454,91.73007,harassment,medium
26.102847,91.735983,harassment,medium
26.108554,91.733914,theft,high
26.105694,91.735695,harassment,medium
26.106861,91.7318,harassment,low
26.103877,91.729388,assault,medium
26.105504,91.736346,scam,low
26.104764,91.739968,lost_person,medium
26.103991,91.735253,lost_person,low
26.107411,91.737558,scam,medium
26.106909,91.73334,theft,critical
26.105858,91.736955,assault,high
26.102784,91.733476,lost_person,critical
26.109103,91.734179,harassment,medium
26.107366,91.73622,harassment,low
26.103356,91.735026,harassment,high
26.10484,91.732024,harassment,critical
26.101083,91.735933,scam,low
26.104006,91.734933,scam,low
26.102683,91.73545,harassment,medium
26.105347,91.730303,theft,medium
26.104834,91.735631,harassment,medium
26.104662,91.739578,scam,high
26.103884,91.733312,theft,medium
26.101659,91.735647,accident,medium
26.108272,91.734305,scam,medium
26.105691,91.736959,lost_person,high
26.105521,91.733521,accident,high
26.102443,91.736394,accident,low
26.101789,91.730222,assault,high
26.107082,91.738498,lost_person,high
26.103577,91.734714,theft,low
26.10116,91.733538,harassment,low
26.110508,91.738368,accident,medium
26.107231,91.734392,accident,medium
26.100913,91.736556,harassment,medium
26.106756,91.734471,accident,medium
26.104847,91.732944,theft,medium
26.104417,91.732919,lost_person,low
26.106009,91.736553,accident,medium
26.108165,91.736799,theft,low
26.102648,91.734876,lost_person,low
26.107772,91.736342,accident,low
26.103653,91.732362,assault,medium
26.104148,91.735885,lost_person,low
26.103008,91.738688,scam,high
26.100405,91.733575,harassment,low
26.103734,91.739725,assault,low
26.101382,91.731444,accident,low
26.106168,91.734654,assault,medium
26.103286,91.73833,assault,medium
26.105249,91.737942,assault,medium
26.102489,91.736255,accident,low
26.103746,91.732168,harassment,medium
26.102582,91.732505,assault,low
26.105996,91.737829,accident,medium
26.104036,91.734251,assault,medium
26.101599,91.737175,accident,low
26.106842,91.737285,harassment,medium
26.106014,91.736475,accident,medium
26.104823,91.734409,accident,high
26.110671,91.736139,lost_person,low
26.105147,91.738726,theft,high
26.103859,91.729826,harassment,low
26.105864,91.734559,scam,medium
26.106049,91.734361,harassment,medium
26.107091,91.734708,theft,high
26.105017,91.734983,scam,low
26.104966,91.734056,lost_person,medium
26.102464,91.732976,scam,critical
26.103836,91.736574,assault,medium
26.106458,91.737866,lost_person,low
26.105878,91.732355,harassment,high
26.100347,91.738323,accident,low
26.106514,91.736436,scam,high
26.10509,91.735783,scam,medium
26.105536,91.731746,harassment,medium
26.105137,91.734013,theft,medium
26.104999,91.735573,accident,critical
26.104839,91.732886,theft,high
26.106505,91.730882,lost_person,low
26.10195,91.735503,assault,medium
26.105619,91.734967,assault,medium
26.110174,91.734624,lost_person,high
26.105521,91.736916,theft,low
26.104945,91.734817,harassment,low
26.105312,91.737299,scam,medium
26.106953,91.737607,harassment,medium
26.103323,91.733737,theft,low
26.103267,91.731301,assault,low
26.101693,91.736546,accident,medium
26.103374,91.73717,harassment,high
26.104062,91.736859,theft,medium
26.101372,91.736506,scam,medium
26.107707,91.732283,theft,critical
26.104904,91.735219,lost_person,high
26.105801,91.73608,harassment,medium
26.103136,91.735965,harassment,medium
26.10264,91.732695,lost_person,low
26.104748,91.735343,assault,low
26.102126,91.73643,harassment,low
26.107133,91.732184,lost_person,low
26.105188,91.737729,harassment,low
26.104454,91.731428,theft,critical
26.103722,91.732868,theft,low
26.10621,91.733127,theft,medium
26.106745,91.734585,harassment,low
26.10936,91.734886,assault,low
26.106056,91.737399,lost_person,high
26.102317,91.735907,harassment,medium
26.103727,91.735225,lost_person,high
26.106511,91.734466,assault,medium
26.110335,91.73478,theft,low
26.102937,91.735804,accident,medium
26.107119,91.737355,theft,medium
26.102613,91.729733,scam,high
26.101259,91.732892,scam,medium
26.106298,91.734294,accident,medium
26.106741,91.733417,lost_person,high
26.106862,91.733893,harassment,low
26.102061,91.73397,accident,low
26.109278,91.734156,accident,high
26.105663,91.731996,theft,low
26.107373,91.734072,theft,high
26.107865,91.731803,harassment,low
26.10332,91.734802,scam,low
26.100138,91.733635,scam,low
26.105404,91.736158,accident,medium
26.107207,91.734411,accident,high
26.105923,91.739166,lost_person,high
26.110102,91.733947,accident,high
26.107352,91.738587,theft,high
26.102805,91.737618,harassment,high
26.102292,91.73496,lost_person,critical
26.105612,91.736961,harassment,medium
26.104427,91.73782,lost_person,low
26.104831,91.737981,scam,low
26.103315,91.73135,lost_person,low
26.10403,91.73168,accident,high
26.102818,91.73473,lost_person,high
26.105261,91.734896,assault,low
26.105568,91.739338,harassment,medium
26.102981,91.732017,scam,low
26.10376,91.733364,scam,low
26.104572,91.735258,lost_person,high
26.106775,91.734105,assault,medium
26.102244,91.740077,assault,high
26.108293,91.734604,assault,high
26.106734,91.735565,theft,medium
26.103134,91.737003,theft,high
26.106054,91.735635,lost_person,low
26.104978,91.735672,harassment,critical
26.106123,91.731347,accident,medium
26.103888,91.735245,accident,low
26.104308,91.737305,lost_person,low
26.107916,91.733286,theft,medium
26.105873,91.734771,scam,medium
26.101923,91.735035,scam,critical
26.110706,91.732742,harassment,medium
26.102353,91.733486,theft,critical
26.105597,91.737279,harassment,medium
26.105183,91.734328,harassment,low
26.102637,91.733592,scam,medium
26.105454,91.738284,harassment,low
26.105258,91.736804,scam,low
26.10972,91.737214,accident,medium
26.10208,91.734852,lost_person,low
26.104087,91.734502,assault,high
26.107111,91.736152,lost_person,medium
26.106837,91.737635,assault,medium
26.103876,91.731454,lost_person,low
26.102992,91.732886,accident,high
26.10704,91.732765,theft,low
26.105432,91.734952,assault,low
26.104172,91.733706,assault,critical
26.107075,91.735137,accident,high
26.103514,91.734574,theft,medium
26.100201,91.734385,theft,low
26.104037,91.733998,harassment,high
26.104321,91.731343,accident,critical
26.100971,91.736529,accident,high
26.104058,91.732651,harassment,medium
26.103476,91.736009,theft,medium
26.104343,91.732996,harassment,high
26.107834,91.736871,theft,critical
26.106651,91.73515,accident,medium
26.102411,91.73437,theft,medium
26.103085,91.735822,theft,high
26.110577,91.734961,assault,low
26.103097,91.737554,theft,low
26.10652,91.731561,scam,medium
26.107774,91.73578,assault,low
26.104034,91.733001,scam,medium
26.102855,91.73591,lost_person,medium
26.108092,91.734927,assault,low
26.106277,91.73358,scam,medium
26.106786,91.732619,theft,high
26.109115,91.735085,scam,medium
26.103217,91.735326,accident,critical
26.102943,91.732264,accident,medium
26.103978,91.736547,theft,medium
26.104734,91.735116,assault,medium
26.104362,91.738454,assault,high
26.108563,91.732656,harassment,medium
26.107726,91.732775,scam,medium
26.108412,91.735461,theft,high
26.100077,91.737562,harassment,low
26.107023,91.734772,lost_person,low
26.102861,91.734682,lost_person,medium
26.104563,91.736163,scam,low
26.104676,91.736608,scam,low
26.10566,91.730745,accident,high
26.106826,91.731409,theft,high
26.109282,91.734739,scam,low
26.103881,91.731252,assault,medium
26.101403,91.732936,theft,high
26.104299,91.736973,assault,low
26.103697,91.732885,lost_person,high
26.103009,91.733134,harassment,medium
26.106223,91.735877,scam,high
26.108084,91.733522,accident,low
26.105526,91.735655,scam,high
26.105724,91.736758,harassment,medium
26.106358,91.734795,harassment,medium
26.106617,91.735784,scam,critical
26.104691,91.732088,theft,low
26.106729,91.73109,harassment,medium
26.107774,91.731974,lost_person,medium
26.106311,91.734528,scam,medium
26.101768,91.734146,harassment,critical
26.10451,91.735968,harassment,medium
26.103725,91.733792,scam,critical
26.102981,91.73488,harassment,medium
26.104816,91.736379,assault,medium
26.102718,91.736548,lost_person,medium
26.101594,91.737293,scam,medium
26.104053,91.730846,assault,high
26.107389,91.735132,theft,low
26.108473,91.735486,theft,medium
26.104002,91.737808,accident,medium
26.105696,91.732786,theft,critical
26.102251,91.733027,assault,high
26.106839,91.736846,harassment,medium
26.106131,91.738174,assault,low
26.107573,91.739269,harassment,medium
26.110105,91.734814,accident,high
26.105862,91.737651,harassment,low
26.104879,91.729072,lost_person,low
26.106793,91.736197,accident,high
26.10834,91.736381,accident,medium
26.105974,91.733855,theft,medium
26.104432,91.735047,harassment,medium
26.105844,91.729918,scam,low
26.102441,91.738332,lost_person,high
26.107617,91.733527,scam,medium
26.103328,91.733707,lost_person,medium
26.105171,91.737023,assault,high
26.105126,91.731231,scam,low
26.104798,91.733394,accident,medium
26.105557,91.733681,assault,medium
26.102282,91.734763,lost_person,medium
26.098721,91.730827,assault,medium
26.104011,91.734057,harassment,medium
26.106493,91.73197,harassment,high
26.103703,91.74025,assault,low
26.105065,91.736086,lost_person,low
26.102837,91.737874,scam,high
26.104134,91.734986,accident,medium
26.106585,91.736511,theft,low
26.108236,91.732701,lost_person,medium
26.101303,91.735247,theft,low
26.107273,91.737242,harassment,high
26.106263,91.730587,harassment,low
26.106764,91.738041,accident,low
26.104662,91.730893,theft,medium
26.103883,91.735229,assault,low
26.105199,91.738817,lost_person,low
26.106242,91.73451,theft,medium
26.102877,91.735505,assault,medium
26.102138,91.739194,lost_person,critical
26.103019,91.734594,theft,medium
26.103665,91.739197,scam,high
26.10396,91.73364,theft,medium
26.106021,91.738736,assault,medium
26.103027,91.733389,scam,low
26.10596,91.735023,assault,medium
26.103946,91.735071,harassment,high
26.106585,91.734091,scam,low
26.106557,91.732465,scam,critical
26.103183,91.735238,accident,medium
26.103957,91.736428,accident,medium
26.104944,91.737018,scam,high
26.102441,91.731229,harassment,low
26.104371,91.734641,assault,high
26.113304,91.735713,theft,low
26.108369,91.737503,assault,low
26.10359,91.735904,assault,medium
26.104122,91.735746,accident,medium
26.106036,91.734212,accident,medium
26.103411,91.734128,accident,high
26.10482,91.735174,assault,high
26.105604,91.734424,theft,high
26.108232,91.730395,lost_person,medium
26.107009,91.731468,accident,low
26.103485,91.736766,harassment,low
26.105783,91.736882,harassment,high
26.103377,91.734859,harassment,high
26.103793,91.738411,assault,critical
26.105146,91.736134,theft,medium
26.105294,91.736443,theft,low
26.103665,91.736919,accident,low
26.106522,91.737201,harassment,medium
26.1058,91.735221,assault,medium
26.103305,91.735821,assault,low
26.105455,91.736798,harassment,medium
26.104974,91.736075,harassment,medium
26.108917,91.73635,accident,low
26.105163,91.735318,scam,low
26.103804,91.73087,accident,high
26.102314,91.733795,theft,low
26.106748,91.734621,lost_person,low
26.102164,91.735497,lost_person,medium
26.106909,91.734274,accident,critical
26.106661,91.73862,lost_person,medium
26.105718,91.733402,scam,low
26.103607,91.73739,harassment,medium
26.105724,91.735086,accident,critical
26.10481,91.736185,scam,medium
26.104048,91.734166,accident,low
26.102401,91.732235,theft,high
26.110632,91.734694,assault,high
26.106987,91.735418,harassment,low
26.105645,91.732879,theft,high
26.101576,91.736685,assault,low
26.103459,91.738407,harassment,medium
26.107397,91.734946,harassment,high
26.105096,91.733692,harassment,medium
26.105005,91.733383,scam,medium
26.103529,91.731404,lost_person,critical
26.104923,91.734236,accident,high
26.106527,91.738081,theft,low
26.101281,91.732447,accident,high
26.104887,91.737134,scam,medium
26.104475,91.732968,scam,medium
26.099933,91.735475,accident,high
26.102095,91.732116,scam,low
26.105085,91.735821,theft,low
26.106169,91.735839,assault,medium
26.105631,91.730526,accident,low
26.105889,91.734802,scam,medium
26.102046,91.735484,assault,critical
26.107771,91.73719,assault,high
26.10629,91.732989,harassment,high
26.10971,91.737218,scam,medium
26.107197,91.734683,lost_person,high
26.103902,91.734209,lost_person,low
26.103915,91.734789,theft,low
26.108238,91.734701,assault,medium
26.105217,91.732279,scam,medium
26.104093,91.737939,lost_person,low
26.102641,91.73416,lost_person,low
26.104842,91.735206,scam,medium
26.107712,91.734692,lost_person,critical
26.105039,91.736993,accident,low
26.105645,91.737095,theft,medium
26.105627,91.736572,theft,high
26.105412,91.736995,accident,medium
26.10272,91.732929,accident,low
26.10489,91.73557,assault,medium
26.103509,91.736163,theft,medium
26.102823,91.731213,theft,low
26.103964,91.735225,accident,medium
26.103552,91.732575,lost_person,high
26.104982,91.73631,scam,critical
26.109896,91.734888,scam,low
26.105183,91.731549,scam,medium
26.105349,91.737165,accident,medium
26.104244,91.736118,assault,medium
26.110543,91.737516,theft,medium
26.109307,91.73526,theft,medium
26.107495,91.734095,theft,medium
26.104032,91.732818,accident,medium
26.108631,91.733513,harassment,critical
26.104728,91.738306,lost_person,high
26.105294,91.731096,assault,low
26.104863,91.73369,scam,low
26.105993,91.735523,accident,low
26.105226,91.733424,lost_person,high
26.102454,91.734627,lost_person,high
26.102959,91.730985,theft,high
26.104388,91.735898,scam,medium
26.107066,91.733491,theft,medium
26.10446,91.73599,harassment,medium
26.104199,91.736236,accident,high
26.10578,91.737435,harassment,high
26.101556,91.733759,harassment,medium
26.104164,91.737043,harassment,critical
26.10404,91.733011,scam,medium
26.102496,91.734745,harassment,medium
26.107001,91.733887,scam,medium
26.10062,91.734554,accident,low
26.103651,91.730196,assault,high
26.104261,91.732231,accident,critical
26.10631,91.737799,accident,medium
26.105555,91.734468,assault,medium
26.10217,91.737638,accident,medium
26.103101,91.73574,lost_person,low
26.108425,91.731702,scam,high
26.104196,91.73502,lost_person,medium
26.106324,91.736314,assault,medium
26.108918,91.731632,harassment,medium
26.105361,91.737289,scam,medium
26.102839,91.735596,lost_person,low
26.105438,91.735605,theft,low
26.105002,91.73781,theft,medium
26.102579,91.733704,assault,medium
26.103978,91.738106,harassment,low
26.104475,91.734681,assault,low
26.102394,91.73292,assault,high
26.10352,91.733129,assault,medium
26.100087,91.736003,scam,medium
26.10481,91.733214,harassment,medium
26.103118,91.735977,assault,medium
26.108998,91.737673,theft,medium
26.103415,91.732202,theft,high
26.103367,91.731137,accident,medium
26.103571,91.73597,assault,medium
26.103479,91.732214,scam,medium
26.105378,91.734778,accident,low
26.106075,91.734657,harassment,high
26.106164,91.734179,assault,critical
26.104471,91.73687,harassment,low
26.105012,91.734554,accident,high
26.107881,91.732021,accident,high
26.099705,91.733839,accident,medium
26.101924,91.73217,scam,high
26.106571,91.733939,accident,low
26.103746,91.733869,harassment,high
26.106724,91.730426,harassment,high
26.105579,91.737719,assault,medium
26.104655,91.734375,scam,low
26.105675,91.73394,assault,critical
26.104905,91.733327,accident,medium
26.105348,91.734621,lost_person,medium
26.102757,91.730899,harassment,low
26.106735,91.737974,lost_person,high
26.106573,91.736012,lost_person,medium
26.103082,91.734601,scam,high
26.1032,91.736606,accident,medium
26.106663,91.732225,theft,medium
26.105228,91.73488,assault,low
26.100217,91.735359,lost_person,low
26.106086,91.73664,assault,low
26.104162,91.734439,scam,medium
26.104123,91.729579,theft,high
26.102631,91.734517,theft,medium
26.10264,91.732693,lost_person,critical
26.103366,91.731628,theft,low
26.107397,91.732271,scam,medium
26.100761,91.735876,assault,high
26.106277,91.730612,accident,medium
26.103279,91.736875,assault,critical
26.102084,91.734912,lost_person,high
26.103538,91.737203,harassment,low
26.101947,91.734328,scam,medium
26.105893,91.733275,scam,medium
26.103047,91.737145,theft,medium
26.106856,91.733333,lost_person,low
26.105699,91.734565,theft,high
26.1045,91.73756,assault,low
26.109937,91.734238,harassment,low
26.106734,91.733076,assault,medium
26.107932,91.735549,scam,medium
26.103899,91.737481,scam,medium
26.101241,91.735319,accident,high
26.102453,91.734338,lost_person,medium
26.108214,91.731088,lost_person,medium
26.104913,91.73436,theft,low
26.10104,91.734734,assault,low
26.105901,91.735201,accident,high
26.104748,91.736181,harassment,low
26.105537,91.73573,scam,high
26.108168,91.735425,lost_person,low
26.100788,91.73465,lost_person,medium
26.104023,91.735437,theft,medium
26.105955,91.737933,harassment,medium
26.109185,91.73524,accident,high
26.104472,91.733107,assault,medium
26.107481,91.734256,accident,low
26.1049,91.73358,accident,high
26.101779,91.736249,scam,medium
26.106853,91.735782,theft,critical
26.106092,91.736444,assault,high
26.105019,91.738161,lost_person,low
26.105789,91.734503,assault,medium
26.109356,91.735356,accident,medium
26.106661,91.73488,assault,medium
26.10302,91.73615,lost_person,low
26.102122,91.735415,harassment,high
26.103538,91.735516,theft,high
26.107462,91.733927,lost_person,medium
26.10685,91.735711,assault,medium
26.103492,91.732506,harassment,medium
26.107572,91.733451,lost_person,medium
26.106756,91.730197,assault,critical
26.106671,91.734295,harassment,low
26.100768,91.734708,lost_person,low
26.108332,91.736358,accident,high
26.10376,91.736745,accident,high
26.106069,91.736358,lost_person,high
26.104032,91.735966,harassment,medium
26.103591,91.732533,assault,low
26.10975,91.732964,theft,medium
26.101757,91.736864,harassment,low
26.102979,91.736622,assault,critical
26.106585,91.737575,accident,medium
26.10414,91.735909,scam,high
26.107167,91.735028,accident,high
26.103748,91.736763,assault,high
26.105118,91.735852,theft,high
26.106457,91.735337,scam,high
26.100208,91.735497,theft,medium
26.102252,91.731088,theft,high
26.103062,91.741056,accident,medium
26.107113,91.736721,accident,low
26.105214,91.730412,lost_person,low
26.110985,91.735403,theft,high
26.102962,91.73785,scam,critical
26.103041,91.73341,lost_person,low
26.104694,91.737851,scam,medium
26.104866,91.733924,harassment,medium
26.104457,91.732309,assault,high
26.103169,91.734644,lost_person,critical
26.104708,91.734175,scam,medium
26.101887,91.734507,lost_person,low
26.102662,91.732916,accident,high
26.106511,91.729459,lost_person,high
26.104233,91.728235,assault,low
26.10284,91.736781,harassment,critical
26.100359,91.734615,harassment,low
26.107584,91.734788,assault,medium
26.104384,91.73551,harassment,low
26.107369,91.736729,harassment,low
26.104118,91.73538,scam,low
26.105783,91.733772,assault,low
26.10551,91.73358,theft,medium
26.102124,91.733239,accident,medium
26.106618,91.739173,assault,low
26.102037,91.738597,theft,medium
26.105909,91.735258,accident,medium
26.107159,91.732649,accident,high
26.103798,91.735004,scam,low
26.104155,91.736476,harassment,low
26.104334,91.740423,assault,low
26.102605,91.737246,accident,medium
26.103207,91.73659,accident,low
26.107009,91.738241,lost_person,high
26.105794,91.732497,scam,low
26.108673,91.735598,harassment,medium
26.105547,91.739489,accident,critical
26.105893,91.737675,lost_person,medium
26.105923,91.737054,assault,medium
26.107022,91.736154,accident,medium
26.103478,91.732206,accident,medium
26.102894,91.734342,lost_person,medium
26.106712,91.730469,assault,medium
26.106096,91.730136,assault,medium
26.102683,91.731602,assault,low
26.105767,91.740428,accident,medium
26.103774,91.736971,theft,medium
26.100637,91.729555,scam,medium
26.10805,91.734352,assault,medium
26.104101,91.732288,accident,high
26.105471,91.732926,assault,medium
26.105438,91.73692,accident,low
26.104494,91.73262,theft,low
26.101953,91.732453,theft,medium
26.107852,91.734542,theft,high
26.106545,91.736232,accident,high
26.102468,91.739325,lost_person,low
26.107937,91.732742,scam,critical
26.109506,91.737052,assault,medium
26.107391,91.734433,harassment,low
26.102496,91.735324,accident,medium
26.102164,91.733046,harassment,critical
26.105272,91.735296,harassment,medium
26.102845,91.737846,assault,medium
26.104796,91.737536,theft,high
26.104073,91.735579,scam,critical
26.105766,91.732186,lost_person,low
26.107399,91.735669,scam,critical
26.109039,91.73242,theft,high
26.101047,91.735714,accident,low
26.10554,91.739927,harassment,medium
26.107961,91.73472,lost_person,medium
26.105486,91.732687,lost_person,medium
26.104759,91.736695,harassment,medium
26.107555,91.733229,lost_person,medium
26.108906,91.73436,accident,critical
26.104166,91.734643,harassment,medium
26.102145,91.737324,assault,high
26.105731,91.734455,lost_person,low
26.0998,91.737805,lost_person,low
26.103199,91.734069,theft,medium
26.102195,91.736573,lost_person,high
26.10788,91.730567,accident,critical
26.103172,91.731852,lost_person,low
26.103489,91.731323,lost_person,medium
26.101326,91.736546,assault,low
26.103993,91.734249,theft,high
26.106,91.733467,theft,medium
26.107805,91.733964,scam,medium
26.102177,91.734912,accident,medium
26.104746,91.736999,assault,low
26.105527,91.736008,harassment,medium
26.104583,91.737441,accident,low
26.104541,91.738064,assault,high
26.108225,91.73246,scam,low
26.10373,91.732829,harassment,medium
26.103474,91.734737,theft,low
26.109236,91.735881,accident,medium
26.101045,91.736564,accident,high
26.104287,91.738705,harassment,medium
26.104046,91.733646,accident,medium
26.106381,91.729812,accident,low
26.109671,91.730443,accident,low
26.105728,91.732195,harassment,low
26.106441,91.733726,accident,medium
26.106379,91.732411,lost_person,critical
26.109127,91.738669,scam,low
26.103518,91.737556,accident,low
26.107385,91.735571,accident,low
26.104857,91.734712,assault,medium
26.104826,91.733368,lost_person,medium
26.106955,91.734614,harassment,medium
26.103447,91.726784,accident,high
26.102187,91.735331,lost_person,critical
26.107699,91.736866,scam,medium
26.105209,91.73358,scam,high
26.104619,91.736926,theft,medium
26.10714,91.732485,theft,low
26.107605,91.736195,scam,high
26.109091,91.735896,lost_person,high
26.10765,91.735206,theft,low
26.10327,91.73504,harassment,high
26.103209,91.736343,lost_person,medium
26.103037,91.73138,scam,medium
26.105549,91.734648,lost_person,medium
26.108823,91.736164,theft,critical
26.103422,91.732929,assault,high
26.10464,91.73382,assault,high
26.104843,91.738564,accident,critical
26.10864,91.732811,assault,medium
26.106607,91.736551,assault,low
26.106786,91.735672,assault,low
26.10332,91.730187,accident,low
26.104511,91.736974,accident,low
26.100701,91.737481,harassment,low
26.100815,91.736303,assault,high
26.104454,91.732559,assault,low
26.102258,91.73402,accident,medium
26.108945,91.734011,theft,medium
26.103554,91.736037,lost_person,medium
26.104179,91.734717,accident,low
26.105384,91.734856,scam,medium
26.104745,91.74219,scam,medium
26.107763,91.734309,lost_person,medium
26.102561,91.735068,lost_person,medium
26.107851,91.736733,assault,high
26.106446,91.731207,assault,medium
26.103371,91.734434,theft,low
26.104156,91.736903,accident,medium
26.106922,91.737488,harassment,critical
26.105839,91.736507,scam,critical
26.104404,91.733226,scam,high
26.107165,91.736049,scam,medium
26.104885,91.732294,accident,low
26.103481,91.734232,assault,critical
26.104066,91.736833,harassment,medium
26.105661,91.736609,accident,critical
26.102659,91.73928,harassment,low
26.106045,91.738012,theft,low
26.104617,91.735965,assault,medium
26.10273,91.735065,assault,high
26.108126,91.736167,theft,low
26.107262,91.741735,theft,medium
26.105788,91.733838,accident,medium
26.105196,91.736825,theft,medium
26.105575,91.734902,harassment,medium
26.104296,91.732983,accident,low
26.102331,91.738726,theft,medium
26.105593,91.734368,lost_person,low
26.10533,91.736133,lost_person,medium
26.101795,91.732074,theft,high
26.105719,91.73275,theft,low
26.106955,91.733552,assault,medium
26.107144,91.7386,assault,high
26.104251,91.733797,lost_person,low
26.105329,91.734515,harassment,low
26.103021,91.734002,lost_person,medium
26.101153,91.737641,assault,low
26.106551,91.73582,lost_person,medium
26.106096,91.735784,accident,high
26.103388,91.731879,scam,high
26.103048,91.737274,assault,medium
26.104413,91.736612,theft,high
26.101184,91.7372,lost_person,medium
26.105772,91.737373,accident,low
26.109537,91.732169,theft,high
26.111028,91.73417,assault,low
26.102804,91.737726,harassment,low
26.105832,91.735287,theft,low
26.107843,91.733174,theft,low
26.106615,91.733984,harassment,medium
26.104028,91.73174,lost_person,low
26.106364,91.737089,scam,critical
26.102811,91.735626,lost_person,high
26.103262,91.735257,accident,critical
26.105326,91.734501,scam,medium
26.107473,91.731991,accident,medium
26.108769,91.736508,theft,low
26.107788,91.73596,harassment,low
26.107374,91.737501,lost_person,medium
26.105425,91.733705,theft,low
26.10362,91.729833,scam,high
26.102564,91.736269,scam,medium
26.106689,91.73958,assault,low
26.104617,91.731955,accident,medium
26.109482,91.737278,assault,low
26.10444,91.731833,harassment,critical
26.099234,91.732521,lost_person,low
26.104065,91.732917,harassment,medium
26.101656,91.735852,harassment,high
26.106117,91.733345,lost_person,low
26.104251,91.738712,lost_person,high
26.104071,91.734438,accident,medium
26.101605,91.735234,harassment,low
26.106813,91.736006,harassment,medium
26.106457,91.73443,theft,high
26.10502,91.738188,lost_person,high
26.110198,91.73186,theft,low
26.107149,91.735958,harassment,medium
26.107688,91.735098,assault,low
26.105671,91.737109,scam,low
26.103589,91.731839,harassment,medium
26.109611,91.736283,accident,medium
26.106265,91.738555,accident,medium
26.109209,91.73661,theft,medium
26.105306,91.739344,theft,high
26.10687,91.733445,harassment,high
26.106939,91.737731,lost_person,medium
26.106321,91.734883,harassment,medium
26.104916,91.735381,theft,high
26.104122,91.738136,accident,low
26.103564,91.735527,lost_person,low
26.103182,91.735481,lost_person,low
26.103698,91.732819,assault,low
26.109254,91.734947,lost_person,low
26.105455,91.73729,harassment,high
26.102202,91.734022,scam,high
26.10583,91.735933,accident,high
26.103294,91.73284,theft,medium
26.099571,91.734157,harassment,low
26.102702,91.733479,accident,medium
26.102273,91.733852,scam,medium
26.106254,91.733978,accident,low
26.105224,91.735072,theft,medium
26.108569,91.737112,scam,low
26.103253,91.734412,harassment,high
26.102869,91.732107,harassment,medium
26.101485,91.735603,harassment,critical
26.107953,91.733344,accident,low
26.106493,91.736059,assault,medium
26.107744,91.736336,lost_person,critical
26.103441,91.732738,assault,high
26.099481,91.732568,scam,high
26.101767,91.733807,theft,low
26.102491,91.733027,lost_person,high
26.110581,91.730663,theft,critical
26.106981,91.734839,theft,low
26.104153,91.733904,accident,medium
26.102293,91.737194,theft,critical
26.106481,91.736435,accident,medium
26.103336,91.736634,lost_person,medium
26.103347,91.736422,lost_person,medium
26.109616,91.732625,lost_person,low
26.105385,91.736832,theft,critical
26.103732,91.731566,assault,medium
26.108709,91.732501,assault,medium
26.106757,91.730853,lost_person,high
26.10324,91.733148,scam,low
26.102211,91.737058,accident,high
26.104179,91.734941,assault,medium
26.104955,91.734252,scam,high
26.10355,91.736047,assault,medium
26.106419,91.73665,scam,medium
26.109908,91.734334,theft,low
26.101006,91.737837,assault,critical
26.105654,91.732653,assault,medium
26.099488,91.736469,lost_person,low
26.10127,91.738757,accident,medium
26.104953,91.733296,assault,high
26.105745,91.731356,harassment,critical
26.101662,91.736094,lost_person,medium
26.104954,91.737679,theft,low
26.104285,91.736468,accident,high
26.107055,91.73458,harassment,medium
26.104927,91.732747,harassment,medium
26.104518,91.73376,lost_person,high
26.102859,91.729185,scam,medium
26.102824,91.728516,accident,medium
26.102294,91.736862,accident,low
26.100441,91.733882,accident,high
26.103883,91.738137,lost_person,medium
26.106022,91.733301,assault,low
26.105951,91.732605,theft,medium
26.102939,91.735113,harassment,high
26.105766,91.734042,harassment,high
26.101878,91.734219,scam,medium
26.105835,91.73625,scam,high
26.106309,91.738135,harassment,medium
26.10595,91.734296,accident,medium
26.103209,91.732885,lost_person,critical
26.103358,91.734992,scam,low
26.10428,91.730288,harassment,medium
26.10486,91.735097,scam,low
26.107373,91.733296,scam,low
26.105722,91.736868,theft,low
26.102747,91.732422,lost_person,low
26.104211,91.735484,assault,high
26.106619,91.736966,accident,high
26.106082,91.735171,accident,high
26.098535,91.735743,lost_person,critical
26.108372,91.734347,accident,low
26.104707,91.735369,lost_person,medium
26.105101,91.734187,theft,critical
26.102398,91.737567,theft,medium
26.107459,91.735728,lost_person,high
26.10402,91.73698,assault,low
26.102733,91.736474,accident,low
26.106418,91.736561,harassment,low
26.106655,91.73404,harassment,low
26.107691,91.729991,harassment,low
26.104555,91.736485,harassment,low
26.103981,91.732563,harassment,medium
26.102845,91.737048,assault,medium
26.102205,91.737703,assault,medium
26.101746,91.737154,scam,high
26.105832,91.735864,accident,low
26.103004,91.740202,harassment,medium
26.102873,91.735021,assault,low
26.105971,91.736418,theft,high
26.103411,91.735811,lost_person,medium
26.105385,91.733041,lost_person,high
26.103604,91.739323,lost_person,high
26.108697,91.734597,harassment,critical
26.106861,91.734183,accident,low
26.104424,91.735646,lost_person,medium
26.102586,91.736802,accident,low
26.107274,91.73271,lost_person,critical
26.105505,91.736988,assault,medium
26.110305,91.735133,lost_person,low
26.108739,91.73248,scam,low
26.103495,91.734072,theft,low
26.102126,91.73094,assault,low
26.10255,91.735991,theft,medium
26.10442,91.734409,accident,high
26.101428,91.733426,accident,low
26.107227,91.737544,assault,medium
26.103887,91.73668,theft,low
26.106515,91.730846,scam,medium
26.107063,91.737043,harassment,medium
26.105015,91.734183,assault,medium
26.10115,91.735144,lost_person,medium
26.103687,91.735042,accident,medium
26.108042,91.737399,theft,medium
26.107771,91.735529,harassment,high
26.104803,91.731935,theft,medium
26.105242,91.736516,assault,medium
26.106921,91.73615,harassment,medium
26.101103,91.734054,harassment,high
26.10404,91.736306,lost_person,critical
26.103975,91.736717,accident,medium
26.106892,91.738088,scam,low
26.104158,91.74114,theft,medium
26.105117,91.732437,accident,low
26.103853,91.731904,theft,high
26.107582,91.739738,harassment,high
26.105074,91.732837,assault,medium
26.101942,91.735658,assault,low
26.109452,91.734269,assault,low
26.104261,91.73568,lost_person,low
26.104804,91.733448,accident,high
26.109426,91.733564,lost_person,critical
26.105434,91.733878,scam,low
26.102995,91.735363,assault,medium
26.10555,91.73418,accident,critical
26.104759,91.734777,assault,high
26.105207,91.734174,lost_person,medium
26.104672,91.734882,scam,medium
26.102509,91.733207,theft,medium
26.102894,91.734813,lost_person,medium
26.105875,91.736498,harassment,high
26.105336,91.732873,accident,low
26.101815,91.738866,scam,medium
26.104402,91.735165,accident,high
26.107913,91.733125,theft,medium
26.107053,91.73614,scam,medium
26.106819,91.734767,accident,medium
26.102469,91.73562,assault,medium
26.1031,91.733035,theft,high
26.110705,91.733048,theft,medium
26.107114,91.733937,harassment,high
26.105792,91.736523,theft,high
26.106532,91.737265,scam,critical
26.106282,91.738176,assault,high
26.105006,91.737165,theft,medium
26.108365,91.73359,accident,high
26.107633,91.73634,accident,medium
26.106302,91.736454,assault,medium
26.103065,91.732641,lost_person,low
26.107345,91.736304,accident,low
26.104259,91.734488,harassment,medium
26.10746,91.732371,scam,low
26.105476,91.735058,accident,high
26.104768,91.738565,harassment,high
26.104876,91.735866,harassment,medium
26.098752,91.734978,harassment,low
26.110025,91.732047,scam,medium
26.105909,91.735106,lost_person,low
26.109845,91.736388,scam,low
26.103789,91.733828,assault,medium
26.106648,91.736047,assault,high
26.105889,91.74076,lost_person,medium
26.10764,91.738467,theft,critical
26.105258,91.733276,harassment,medium
26.106163,91.735459,accident,medium
26.107922,91.735132,harassment,low
26.101877,91.739103,theft,medium
26.104367,91.732161,accident,medium
26.108412,91.737374,accident,critical
26.106296,91.735329,lost_person,low
26.105901,91.734,assault,medium
26.105895,91.734014,harassment,low
26.106436,91.73446,scam,low
26.104212,91.733283,theft,medium
26.104595,91.733794,lost_person,medium
26.099905,91.734736,theft,high
26.105013,91.734481,lost_person,low
26.105713,91.733137,harassment,high
26.102864,91.736901,accident,medium
26.107564,91.73289,assault,critical
26.104942,91.738221,accident,high
26.099466,91.734403,theft,medium
26.108528,91.73606,harassment,low
26.103826,91.738792,accident,critical
26.104384,91.734279,theft,medium
26.102026,91.731347,accident,high
26.105955,91.738031,scam,low
26.109446,91.730482,assault,low
26.101455,91.737126,theft,medium
26.105922,91.736532,harassment,low
26.104156,91.735663,harassment,medium
26.107692,91.734032,lost_person,high
26.105958,91.734625,scam,medium
26.105429,91.735267,lost_person,medium
26.106013,91.731815,accident,medium
26.104432,91.734398,harassment,low
26.10504,91.737809,lost_person,medium
26.105522,91.739899,harassment,high
26.103786,91.732609,assault,low
26.105871,91.737488,accident,low
26.101751,91.737603,theft,low
26.108384,91.735248,scam,low
26.101445,91.736406,assault,medium
26.103237,91.733842,theft,medium
26.106413,91.734715,harassment,critical
26.107863,91.734756,harassment,low
26.105187,91.733978,theft,medium
26.105838,91.73508,assault,medium
26.105393,91.735013,harassment,critical
26.105747,91.735862,scam,low
26.103538,91.734951,scam,medium
26.104335,91.735214,lost_person,low
26.101782,91.732745,accident,medium
26.104064,91.737986,assault,low
26.105424,91.734991,assault,medium
26.106985,91.734739,harassment,medium
26.106166,91.738348,theft,low
26.104556,91.735507,harassment,high
26.103596,91.735895,accident,high
26.104217,91.735352,lost_person,low
26.105484,91.732659,lost_person,low
26.102253,91.733732,scam,medium
26.105096,91.734156,scam,critical
26.107698,91.737005,theft,low
26.104558,91.732385,accident,medium
26.102736,91.734754,harassment,low
26.105899,91.735196,harassment,high
26.109559,91.738202,lost_person,high
26.105026,91.733148,theft,low
26.105567,91.731023,assault,high
26.107045,91.732558,accident,low
26.105681,91.733967,accident,low
26.105088,91.737306,harassment,medium
26.103105,91.735536,theft,medium
26.104231,91.734585,theft,medium
26.1078,91.733707,harassment,medium
26.101337,91.737787,lost_person,high
26.106071,91.738579,assault,critical
26.106306,91.738734,lost_person,low
26.108842,91.736162,theft,high
26.106159,91.736947,theft,medium
26.102032,91.739885,harassment,low
26.1025,91.732024,assault,high
26.108572,91.733008,assault,low
26.102558,91.733714,theft,medium
26.107943,91.733973,lost_person,critical
26.10566,91.739687,lost_person,high
26.104894,91.732759,accident,medium
26.108579,91.736687,lost_person,medium
26.106339,91.734938,accident,high
26.107963,91.737281,assault,low
26.106867,91.733519,accident,low
26.10954,91.732769,lost_person,medium
26.105917,91.73544,lost_person,critical
26.106974,91.735407,harassment,medium
26.107671,91.73791,assault,low
26.102301,91.735392,scam,critical
26.105952,91.73427,scam,high
26.105983,91.736688,lost_person,low
26.10348,91.733708,theft,medium
26.106363,91.734489,harassment,high
26.105543,91.732236,scam,low
26.102881,91.733621,scam,medium
26.105041,91.73758,lost_person,low
26.103012,91.735213,accident,high
26.105616,91.735021,assault,low
26.107589,91.732464,accident,low
26.107194,91.736972,harassment,high
26.103959,91.735679,assault,critical
26.10188,91.73271,accident,medium
26.107044,91.737428,lost_person,low
26.099799,91.740191,assault,medium
26.10617,91.734598,harassment,low
26.106274,91.73528,harassment,medium
26.101861,91.737662,theft,high
26.102755,91.734297,theft,low
26.101829,91.732392,scam,high
26.107507,91.739127,lost_person,low
26.105631,91.736836,harassment,high
26.104284,91.734791,assault,low
26.105228,91.737437,assault,high
26.105016,91.730647,theft,medium
26.105914,91.733151,accident,high
26.106892,91.734052,scam,medium
26.105904,91.737438,accident,low
26.10326,91.73334,lost_person,medium
26.10083,91.735209,lost_person,medium
26.10702,91.734974,theft,low
26.104467,91.732721,theft,high
26.105255,91.733878,harassment,medium
26.105243,91.735524,harassment,low
26.107004,91.73255,harassment,low
26.103989,91.73548,lost_person,low
26.102386,91.736432,scam,medium
26.104179,91.732284,lost_person,medium
26.104142,91.733305,scam,low
26.105208,91.734223,scam,medium
26.104882,91.732705,accident,low
26.107687,91.732848,harassment,high
26.10639,91.733911,scam,low
26.100611,91.734327,lost_person,medium
26.105115,91.73538,accident,medium
26.102332,91.739768,assault,medium
26.106733,91.733964,lost_person,medium
26.104726,91.736559,lost_person,medium
26.103957,91.737436,lost_person,medium
26.105065,91.73574,lost_person,high
26.105127,91.734041,harassment,critical
26.103251,91.733759,lost_person,medium
26.106165,91.734633,theft,low
26.104264,91.73514,assault,medium
26.107551,91.733043,assault,low
26.107314,91.730753,lost_person,low
26.103615,91.731063,accident,high
26.101782,91.734554,assault,high
26.103795,91.733039,theft,critical
26.104624,91.735004,accident,medium
26.107723,91.732986,theft,high
26.104327,91.73544,assault,critical
26.106733,91.735885,lost_person,medium
26.103121,91.730833,scam,low
26.103249,91.740441,lost_person,medium
26.105928,91.732756,scam,high
26.106055,91.733999,accident,medium
26.104054,91.737404,theft,low
26.105883,91.735016,scam,low
26.107031,91.736125,accident,high
26.103824,91.732829,theft,medium
26.102609,91.739564,theft,medium
26.106081,91.735146,theft,medium
26.107377,91.735504,theft,medium
26.10313,91.73173,assault,high
26.105794,91.733082,lost_person,low
26.104288,91.732438,accident,high
26.107043,91.735723,harassment,low
26.103433,91.738367,assault,medium
26.105848,91.733586,lost_person,low
26.102861,91.731768,lost_person,high
26.105406,91.734416,lost_person,high
26.104278,91.729887,harassment,medium
26.104622,91.732665,lost_person,medium
26.104369,91.735538,harassment,medium
26.104274,91.734332,scam,medium
26.105103,91.735135,accident,low
26.106554,91.734298,theft,medium
26.107172,91.73524,assault,medium
26.106223,91.737973,theft,critical
26.103304,91.733899,harassment,low
26.102855,91.733066,scam,low
26.103892,91.737118,assault,high
26.105458,91.729929,theft,low
26.105208,91.736487,harassment,critical
26.104365,91.73521,accident,medium
26.105561,91.734375,assault,low
26.103476,91.736193,harassment,low
26.103641,91.735797,lost_person,medium
26.101306,91.737575,harassment,low
26.106122,91.736783,assault,low
26.102869,91.733495,scam,low
26.105625,91.733939,accident,high
26.106937,91.73434,scam,low
26.104933,91.736179,scam,low
26.102821,91.736504,lost_person,low
26.10384,91.734536,assault,medium
26.102368,91.734779,theft,medium
26.103899,91.734783,accident,low
26.103701,91.734869,harassment,critical
26.107939,91.735377,theft,high
26.104593,91.733718,accident,medium
26.107243,91.734775,assault,critical
26.105496,91.732358,harassment,low
26.108548,91.736582,accident,low
26.101617,91.731006,accident,high
26.102261,91.734152,scam,medium
26.107641,91.739377,scam,high
26.103857,91.728403,accident,high
26.105201,91.734246,theft,medium
26.101713,91.732377,assault,low
26.104391,91.730356,lost_person,low
26.104196,91.737563,scam,medium
26.104585,91.735656,harassment,high
26.108845,91.73398,lost_person,critical
26.105415,91.735051,assault,medium
26.10817,91.732879,theft,high
26.108765,91.735475,scam,critical
26.10277,91.733199,harassment,critical
26.104383,91.73389,lost_person,high
26.103504,91.734843,scam,high
26.102797,91.733484,harassment,medium
26.102938,91.737076,lost_person,low
26.103723,91.736899,scam,high
26.103909,91.736103,theft,high
26.103065,91.735901,scam,high
26.10477,91.733202,harassment,low
26.107773,91.730109,scam,high
26.108588,91.738148,scam,low
26.102962,91.728796,theft,low
26.103992,91.735085,harassment,medium
26.107153,91.735045,accident,high
26.104337,91.737268,lost_person,medium
26.103223,91.737502,harassment,low
26.105313,91.736997,harassment,low
26.105123,91.738534,accident,low
26.105725,91.735547,theft,high
26.102142,91.737678,scam,medium
26.10263,91.738274,accident,medium
26.107181,91.734418,lost_person,medium
26.10511,91.738057,assault,low
26.102722,91.736476,harassment,low
26.104668,91.734042,accident,high
26.108689,91.735312,lost_person,low
26.101493,91.732096,accident,high
26.105213,91.73401,lost_person,medium
26.102109,91.736719,harassment,medium
26.106157,91.735807,assault,medium
26.105248,91.735676,theft,low
26.10114,91.735778,assault,high
26.106893,91.735678,assault,high
26.107094,91.736004,accident,low
26.10765,91.732975,theft,high
26.103811,91.73647,harassment,critical
26.104601,91.73507,harassment,low
26.1054,91.729186,lost_person,medium
26.104225,91.734671,harassment,critical
26.107449,91.735918,scam,medium
26.109716,91.735543,assault,medium
26.100346,91.732885,scam,low
26.103879,91.734836,assault,high
26.106089,91.734684,harassment,high
26.10225,91.737164,theft,medium
26.105576,91.734401,lost_person,low
26.107517,91.736677,scam,medium
26.104097,91.732685,harassment,medium
26.103558,91.73241,harassment,high
26.101796,91.733249,assault,medium
26.101409,91.735446,lost_person,low
26.104508,91.732945,accident,low
26.107268,91.736318,theft,critical
26.108865,91.736209,harassment,low
26.105148,91.73726,harassment,low
26.106881,91.738155,accident,low
26.105396,91.7341,assault,low
26.105882,91.734529,scam,medium
26.103153,91.738085,harassment,low
26.098859,91.732763,harassment,medium
26.110511,91.734889,assault,low
26.106888,91.733626,harassment,medium
26.104441,91.735223,harassment,low
26.106805,91.734575,theft,medium
26.106617,91.734061,assault,medium
26.106579,91.735432,scam,high
26.107264,91.736831,theft,medium
26.104617,91.737246,harassment,medium
26.10543,91.73605,theft,medium
26.108452,91.732081,harassment,low
26.105459,91.732834,accident,low
26.103683,91.739437,scam,medium
26.107661,91.737416,scam,high
26.11046,91.737986,scam,medium
26.106938,91.735883,accident,low
26.10444,91.736521,scam,low
26.107535,91.733115,theft,medium
26.102506,91.733916,accident,medium
26.10545,91.734038,assault,medium
26.104359,91.734599,theft,high
26.103444,91.740167,lost_person,high
26.105832,91.733414,lost_person,low
26.106107,91.735752,theft,medium
26.106068,91.729947,scam,low
26.105476,91.73444,assault,medium
26.103808,91.732818,theft,low
26.102314,91.732445,lost_person,medium
26.105148,91.731663,lost_person,low
26.107416,91.73648,lost_person,high
26.107147,91.734771,assault,low
26.103417,91.734045,assault,medium
26.104016,91.731927,scam,low
26.108942,91.733638,theft,high
26.103324,91.736634,accident,medium
26.102897,91.735727,theft,high
26.104345,91.735934,scam,low
26.102332,91.734682,harassment,medium
26.109242,91.73462,theft,medium
26.102019,91.731702,assault,high
26.10571,91.74013,scam,medium
26.108655,91.732438,assault,medium
26.107344,91.734689,harassment,low
26.1022,91.737285,scam,high
26.106711,91.732403,theft,low
26.105705,91.735035,scam,low
26.108852,91.739017,scam,medium
26.103334,91.736361,theft,high
26.105056,91.739708,theft,low
26.10697,91.734003,lost_person,medium
26.106212,91.73504,harassment,low
26.1035,91.734508,accident,medium
26.106512,91.738377,lost_person,high
26.107109,91.735478,assault,critical
26.108115,91.732564,harassment,critical
26.106629,91.73682,harassment,medium
26.104513,91.73473,lost_person,medium
26.105413,91.732989,harassment,low
26.105057,91.737426,scam,low
26.107228,91.733723,harassment,high
26.109506,91.731538,harassment,critical
26.103522,91.734766,scam,high
26.105409,91.738389,accident,high
26.101284,91.732985,assault,low
26.104283,91.735996,harassment,medium
26.107929,91.736301,accident,medium
26.106831,91.734993,theft,medium
26.104368,91.731397,harassment,high
26.106197,91.73661,lost_person,low
26.106089,91.732951,theft,medium
26.106123,91.736283,harassment,high
26.106467,91.73251,theft,high
26.107347,91.735323,scam,medium
26.10417,91.735283,assault,high
26.103532,91.73878,theft,low
26.103309,91.736403,accident,critical
26.104487,91.739499,accident,low
26.106811,91.734555,harassment,low
26.102408,91.738244,theft,low
26.101325,91.736789,assault,low
26.106466,91.735679,accident,high
26.102623,91.731817,lost_person,low
26.104197,91.734463,lost_person,medium
26.102612,91.737729,scam,critical
26.103515,91.731002,accident,low
26.100392,91.734322,assault,medium
26.109353,91.739917,lost_person,medium
26.106278,91.732429,accident,low
26.106881,91.733389,harassment,critical
26.107595,91.736245,scam,medium
26.104698,91.732452,accident,low
26.103942,91.734153,harassment,low
26.105169,91.732829,assault,medium
26.105119,91.735853,lost_person,medium
26.105069,91.735399,scam,high
26.107072,91.735031,accident,medium
26.108368,91.733851,accident,medium
26.106218,91.73555,harassment,high
26.108216,91.735564,theft,medium
26.102667,91.736919,lost_person,low
26.104941,91.736404,lost_person,medium
26.108449,91.736764,harassment,medium
26.104254,91.736876,assault,medium
26.102568,91.737234,harassment,medium
26.104519,91.737279,lost_person,low
26.108082,91.733187,accident,low
26.103519,91.734038,accident,low
26.107543,91.733827,lost_person,low
26.102595,91.738265,accident,low
26.10725,91.731559,accident,low
26.106708,91.739076,assault,low
26.105173,91.737331,assault,medium
26.102971,91.733864,assault,medium
26.106079,91.737945,lost_person,medium
26.105256,91.732512,theft,medium
26.104098,91.738755,accident,critical
26.101856,91.73399,accident,high
26.104061,91.734116,theft,high
26.105492,91.732838,lost_person,high
26.103525,91.732175,scam,high
26.10795,91.733996,theft,medium
26.108986,91.733361,accident,critical
26.105722,91.736612,harassment,high
26.105889,91.735748,harassment,medium
26.105364,91.736166,assault,medium
26.108025,91.733614,assault,medium
26.102374,91.735836,lost_person,medium
26.103307,91.73624,theft,low
26.102422,91.730555,assault,low
26.104923,91.736431,assault,low
26.10463,91.736206,assault,medium
26.102614,91.733268,assault,medium
26.105863,91.737251,theft,high
26.103877,91.733111,lost_person,high
26.10486,91.728547,scam,medium
26.105763,91.733178,accident,low
26.100976,91.736853,accident,high
26.102978,91.737391,harassment,high
26.10513,91.732518,assault,high
26.108567,91.735716,theft,medium
26.102643,91.735607,accident,low
26.10711,91.733402,accident,low
26.10412,91.732523,assault,low
26.104639,91.73421,scam,high
26.101344,91.737122,assault,medium
26.10676,91.731055,assault,medium
26.102007,91.738617,assault,low
26.103831,91.734281,assault,medium
26.107517,91.734666,theft,critical
26.10282,91.730638,harassment,low
26.106323,91.736213,theft,medium
26.103165,91.730939,scam,low
26.104273,91.729776,theft,medium
26.105262,91.734778,harassment,critical
26.100782,91.732683,assault,medium
26.108296,91.732485,scam,medium
26.10972,91.731427,lost_person,low
26.102866,91.738734,accident,critical
26.107612,91.732807,assault,medium
26.10402,91.734388,scam,low
26.098171,91.730942,harassment,low
26.105064,91.734679,lost_person,medium
26.105497,91.73788,assault,low
26.106608,91.73031,harassment,medium
26.105993,91.734511,scam,medium
26.101858,91.732597,scam,low
26.10387,91.734089,accident,critical
26.103014,91.738354,lost_person,medium
26.101956,91.730446,assault,medium
26.100424,91.735945,assault,medium
26.107605,91.736784,harassment,high
26.106105,91.738849,scam,critical
26.104166,91.734723,scam,medium
26.104289,91.734078,assault,low
26.105662,91.737666,theft,medium
26.106798,91.734143,assault,medium
26.104647,91.733308,theft,medium
26.106117,91.732481,lost_person,medium
26.101127,91.73756,theft,medium
26.099689,91.734452,accident,critical
26.107822,91.733279,accident,medium
26.10686,91.734589,accident,critical
26.10572,91.735411,theft,medium
26.106657,91.732031,scam,medium
26.103705,91.733897,accident,medium
26.102765,91.733919,scam,critical
26.107435,91.731845,theft,critical
26.110278,91.737283,harassment,critical
26.108297,91.735394,lost_person,high
26.106935,91.73681,scam,low
26.106582,91.73491,assault,high
26.10245,91.736387,theft,low
26.10406,91.735517,assault,medium
26.102708,91.73367,scam,medium
26.104996,91.730957,lost_person,medium
26.106323,91.730773,harassment,medium
26.105922,91.735921,harassment,low
26.103537,91.736285,lost_person,low
26.1023,91.735779,scam,critical
26.106065,91.732261,accident,medium
26.10537,91.734706,lost_person,high
26.104903,91.735151,theft,high
26.105166,91.739792,assault,high
26.104634,91.733839,assault,low
26.103182,91.729824,lost_person,medium
26.101257,91.736702,assault,medium
26.102943,91.734981,accident,low
26.109262,91.737363,harassment,medium
26.107478,91.735246,theft,high
26.107389,91.736178,lost_person,medium
26.102297,91.733183,accident,medium
26.103543,91.736541,lost_person,medium
26.108123,91.735366,assault,high
26.102757,91.735447,harassment,medium
26.106608,91.736093,accident,medium
26.107916,91.732144,lost_person,low
26.10437,91.736032,theft,medium
26.102386,91.736439,scam,high
26.102591,91.732951,lost_person,high
26.099479,91.737634,lost_person,medium
26.109116,91.735143,theft,high
26.103605,91.732524,theft,high
26.105293,91.73683,theft,medium
26.109651,91.73414,accident,medium
26.10384,91.734761,scam,critical
26.104757,91.736495,lost_person,high
26.10366,91.738993,theft,medium
26.10461,91.731725,lost_person,medium
26.105823,91.736313,assault,high
26.103845,91.736649,scam,critical
26.102609,91.73694,scam,high
26.104761,91.731309,accident,critical
26.102613,91.733387,theft,high
26.107107,91.740061,harassment,medium
26.108348,91.732901,harassment,low
26.10924,91.731324,lost_person,low
26.106197,91.738619,scam,low
26.10218,91.732212,lost_person,medium
26.108333,91.734567,lost_person,low
26.104427,91.736159,harassment,low
26.104622,91.734387,lost_person,low
26.105895,91.733748,accident,high
26.102991,91.732664,theft,low
26.10644,91.734378,harassment,low
26.10461,91.732378,assault,medium
26.104037,91.739023,assault,low
26.104915,91.73549,assault,critical
26.106776,91.733222,theft,high
26.103359,91.738323,scam,high
26.102202,91.738193,harassment,low
26.10826,91.734126,lost_person,medium
26.108814,91.735042,harassment,high
26.105221,91.735153,theft,low
26.103396,91.736243,lost_person,medium
26.104802,91.736885,scam,medium
26.102339,91.736467,lost_person,critical
26.1068,91.734595,accident,low
26.106141,91.734406,theft,high
26.107548,91.734555,harassment,medium
26.106899,91.733753,assault,low
26.10438,91.731461,scam,medium
26.105507,91.732514,lost_person,low
26.104251,91.729369,harassment,low
26.102462,91.734178,scam,low
26.109659,91.732662,theft,high
26.108619,91.734382,accident,critical
26.10229,91.733023,assault,low
26.109089,91.735818,assault,high
26.105235,91.733546,scam,low
26.103761,91.731695,lost_person,medium
26.104723,91.735221,assault,medium
26.105119,91.729733,scam,medium
26.105961,91.737703,assault,low
26.107021,91.734236,scam,low
26.102397,91.736018,scam,medium
26.104093,91.735722,accident,high
26.104897,91.72751,assault,high
26.102424,91.737789,theft,medium
26.103204,91.737586,harassment,low
26.10619,91.732427,lost_person,high
26.104342,91.732639,accident,medium
26.106889,91.734366,scam,low
26.101342,91.734354,theft,low
26.107347,91.736669,accident,medium
26.101961,91.729706,harassment,low
26.108835,91.7345,accident,low
26.107469,91.733995,lost_person,medium
26.102199,91.735474,scam,high
26.106206,91.735214,assault,medium
26.102421,91.732075,scam,medium
26.102609,91.730324,assault,medium
26.106317,91.732111,theft,medium
26.105359,91.737236,scam,critical
26.102107,91.734758,accident,low
26.104888,91.738172,accident,low
26.103238,91.734756,theft,low
26.10992,91.732746,assault,medium
26.10518,91.733675,assault,medium
26.104169,91.734428,harassment,medium
26.103899,91.734136,theft,medium
26.109419,91.732517,scam,high
26.105712,91.7359,assault,medium
26.110778,91.738767,lost_person,low
26.107205,91.737226,lost_person,high
26.104018,91.73489,harassment,low
26.104883,91.734795,scam,critical
26.103405,91.733848,accident,high
26.10339,91.735649,theft,high
26.105522,91.734347,scam,low
26.10568,91.733143,assault,low
26.105001,91.730854,accident,low
26.104239,91.735583,accident,high
26.103522,91.736765,theft,medium
26.105666,91.736314,assault,low
26.102177,91.733791,scam,medium
26.109371,91.732746,assault,medium
26.104903,91.734602,scam,high
26.105293,91.73264,lost_person,low
26.105293,91.735373,scam,medium
26.10792,91.730712,assault,high
26.106657,91.733827,theft,medium
26.105769,91.73268,lost_person,high
26.105731,91.731403,assault,medium
26.104474,91.735622,theft,medium
26.103838,91.732884,harassment,medium
26.103222,91.736783,assault,low
26.101613,91.735296,scam,medium
26.10584,91.736341,assault,low
26.107301,91.735966,harassment,low
26.101975,91.733272,scam,medium
26.104858,91.737039,theft,low
26.107419,91.737494,harassment,low
26.102538,91.734718,assault,low
26.103229,91.736333,harassment,critical
26.102612,91.73424,lost_person,low
26.103626,91.734848,accident,high
26.104807,91.734435,assault,low
26.107298,91.73477,theft,low
26.104193,91.732684,harassment,low
26.105046,91.734356,accident,low
26.109391,91.737346,lost_person,low
26.100468,91.731602,scam,critical
26.106201,91.736637,assault,medium
26.107105,91.734817,assault,low
26.105501,91.737418,scam,low
26.104788,91.732152,harassment,low
26.101721,91.73404,accident,high
26.108594,91.730903,scam,low
26.108989,91.735629,harassment,medium
26.103084,91.736324,theft,medium
26.10138,91.734186,lost_person,medium
26.104998,91.733929,harassment,medium
26.105273,91.732138,assault,low
26.102976,91.732919,scam,high
26.104584,91.735029,harassment,medium
26.103829,91.735058,accident,medium
26.10407,91.734231,theft,medium
26.103542,91.738643,assault,high
26.107859,91.73539,scam,medium
26.106105,91.738019,lost_person,low
26.105108,91.73355,harassment,medium
26.105719,91.733999,scam,low
26.103856,91.737031,harassment,medium
26.107482,91.73353,lost_person,high
26.102718,91.732495,harassment,high
26.108205,91.736178,lost_person,low
26.103142,91.733519,assault,medium
26.105052,91.732626,accident,high
26.105735,91.738348,accident,high
26.107822,91.736524,accident,medium
26.105952,91.733505,theft,low
26.105827,91.734567,accident,medium
26.10371,91.736419,scam,low
26.106108,91.736279,harassment,medium
26.10874,91.735093,harassment,medium
26.104091,91.736847,assault,medium
26.105241,91.738056,assault,low
26.107579,91.733146,theft,medium
26.107575,91.732151,scam,medium
26.110471,91.731528,scam,critical
26.104037,91.733616,lost_person,low
26.102375,91.732792,theft,high
26.104968,91.7371,scam,high
26.104619,91.733897,accident,medium
26.108442,91.739846,harassment,medium
26.105309,91.732816,theft,low
26.106571,91.736066,scam,high
26.10138,91.736793,accident,low
26.105246,91.732429,accident,medium
26.102296,91.73844,harassment,medium
26.107127,91.735121,theft,medium
26.102784,91.737264,theft,high
26.105357,91.734122,accident,high
26.106489,91.735426,harassment,medium
26.10389,91.733312,accident,medium
26.105819,91.732367,lost_person,medium
26.103779,91.732207,lost_person,high
26.103676,91.732923,harassment,low
26.102745,91.733781,accident,low
26.106873,91.739269,assault,medium
26.104771,91.734084,theft,low
26.101987,91.736777,accident,high
26.110112,91.733831,accident,high
26.101493,91.732717,accident,high
26.104004,91.735546,accident,critical
26.106498,91.734545,harassment,low
26.105008,91.73544,accident,critical
26.103656,91.736941,lost_person,high
26.105308,91.734644,assault,medium
26.103289,91.73506,lost_person,critical
26.103995,91.740057,accident,high
26.107598,91.735263,scam,low
26.104062,91.73276,harassment,low
26.106359,91.735583,assault,low
26.10512,91.735732,theft,low
26.109705,91.730922,theft,low
26.104695,91.731316,lost_person,medium
26.104008,91.735548,scam,high
26.099652,91.732824,lost_person,high
26.103259,91.734847,accident,medium
26.103276,91.735274,accident,low
26.104666,91.734143,theft,high
26.108844,91.732365,accident,low
26.104481,91.735684,lost_person,low
26.109076,91.738109,scam,critical
26.104518,91.731915,scam,high
26.104186,91.738787,accident,medium
26.10301,91.735637,theft,high
26.107442,91.733795,scam,medium
26.103444,91.736247,scam,medium
26.103064,91.736816,harassment,low
26.105543,91.731436,scam,low
26.102328,91.736815,scam,medium
26.104603,91.737588,assault,low
26.10251,91.737083,theft,medium
26.10282,91.731253,harassment,medium
26.103061,91.736616,assault,high
26.10683,91.73648,lost_person,critical
26.103544,91.738197,lost_person,medium
26.10469,91.734206,lost_person,low
26.103089,91.739126,scam,high
26.104486,91.737052,lost_person,medium
26.103921,91.733282,assault,low
26.107734,91.731023,harassment,medium
26.108179,91.732716,assault,low
26.107096,91.7395,lost_person,medium
26.188438,91.673625,lost_person,medium
26.1927,91.668904,theft,medium
26.187028,91.669912,theft,low
26.190839,91.672468,assault,critical
26.184438,91.669351,harassment,medium
26.187094,91.669586,accident,low
26.18585,91.668862,lost_person,medium
26.190616,91.669884,scam,medium
26.189718,91.668925,lost_person,low
26.190385,91.672797,harassment,low
26.187988,91.670377,lost_person,medium
26.189826,91.668413,scam,medium
26.188962,91.667387,theft,low
26.183966,91.671789,accident,medium
26.188665,91.669323,assault,low
26.189172,91.668551,accident,high
26.189206,91.672281,harassment,high
26.190153,91.669636,assault,high
26.189474,91.669306,lost_person,medium
26.183898,91.670526,accident,low
26.189083,91.669664,harassment,medium
26.188185,91.669894,accident,medium
26.187299,91.665848,theft,low
26.185769,91.671988,lost_person,medium
26.195625,91.668217,lost_person,critical
26.184153,91.67089,scam,medium
26.189049,91.666028,lost_person,high
26.187166,91.669582,theft,critical
26.190639,91.671742,assault,low
26.189742,91.667176,assault,medium
26.188105,91.670725,scam,critical
26.189081,91.670211,accident,medium
26.184465,91.66831,accident,medium
26.188692,91.667668,scam,medium
26.191969,91.670003,theft,medium
26.187803,91.674104,theft,critical
26.188168,91.672868,assault,low
26.190326,91.668821,harassment,medium
26.188354,91.671955,scam,high
26.190013,91.670076,harassment,high
26.189837,91.672888,scam,medium
26.189987,91.674562,accident,high
26.193511,91.66866,harassment,high
26.18495,91.669669,scam,low
26.190095,91.671007,scam,medium
26.18911,91.666649,theft,medium
26.190672,91.666825,theft,high
26.192672,91.668216,harassment,medium
26.187364,91.66818,theft,high
26.187662,91.669482,accident,low
26.187916,91.66812,harassment,medium
26.188237,91.674163,harassment,medium
26.187032,91.668303,assault,medium
26.186257,91.6731,assault,medium
26.18747,91.669992,assault,high
26.192253,91.670116,assault,high
26.191948,91.671063,theft,high
26.192443,91.670505,lost_person,critical
26.188859,91.671299,theft,high
26.191707,91.66789,lost_person,high
26.187854,91.670879,harassment,critical
26.190692,91.670061,assault,medium
26.186831,91.669348,accident,low
26.187634,91.667824,assault,medium
26.190261,91.671524,accident,high
26.186848,91.672333,scam,high
26.191264,91.671837,lost_person,critical
26.188102,91.66939,scam,low
26.187628,91.671387,lost_person,medium
26.187503,91.670068,lost_person,critical
26.187448,91.669233,lost_person,medium
26.18725,91.671904,theft,low
26.191369,91.671239,assault,low
26.18754,91.668167,scam,medium
26.193997,91.670864,theft,low
26.189621,91.670609,theft,low
26.186568,91.670134,assault,high
26.189841,91.667531,assault,low
26.188539,91.67128,harassment,medium
26.188896,91.669247,theft,low
26.189918,91.668928,accident,high
26.18896,91.670421,assault,low
26.187308,91.666652,scam,high
26.191006,91.670518,harassment,high
26.188013,91.668161,harassment,medium
26.18868,91.669103,scam,medium
26.189708,91.667577,accident,low
26.189966,91.66929,scam,critical
26.192296,91.669736,lost_person,critical
26.188042,91.673116,assault,low
26.188584,91.670304,harassment,low
26.191892,91.668566,theft,low
26.18985,91.670987,lost_person,medium
26.188508,91.666344,assault,high
26.192631,91.669688,accident,high
26.188216,91.669597,accident,high
26.186448,91.667663,scam,medium
26.185471,91.670208,assault,high
26.188619,91.667778,lost_person,medium
26.189053,91.667112,theft,low
26.187307,91.667498,accident,medium
26.186369,91.669805,harassment,high
26.189632,91.669939,theft,critical
26.188815,91.6703,scam,critical
26.185513,91.67292,scam,critical
26.188639,91.668286,assault,low
26.186254,91.671828,lost_person,low
26.190589,91.669437,harassment,medium
26.194708,91.670523,scam,high
26.191556,91.669397,theft,low
26.188207,91.668217,scam,low
26.190507,91.667928,accident,high
26.190972,91.67262,theft,critical
26.192154,91.672502,assault,critical
26.183862,91.667348,accident,low
26.185116,91.668126,scam,high
26.191395,91.669466,scam,low
26.189651,91.667618,assault,critical
26.185479,91.67398,harassment,low
26.191965,91.670425,scam,medium
26.189404,91.668151,theft,critical
26.189054,91.668747,assault,high
26.189318,91.669944,scam,medium
26.189647,91.670837,harassment,medium
26.189339,91.669142,lost_person,high
26.19098,91.667842,theft,low
26.185584,91.670675,harassment,medium
26.191863,91.670872,scam,medium
26.184506,91.66806,harassment,medium
26.1893,91.671571,assault,low
26.185276,91.671612,assault,medium
26.185621,91.666697,assault,medium
26.188022,91.66828,harassment,medium
26.188134,91.667778,harassment,low
26.186708,91.668745,theft,low
26.187795,91.666527,assault,critical
26.187642,91.668711,scam,low
26.190515,91.67332,assault,medium
26.191117,91.671083,assault,medium
26.192158,91.673586,scam,high
26.188501,91.670087,theft,medium
26.191367,91.665605,scam,high
26.189816,91.669807,scam,medium
26.192552,91.673843,scam,medium
26.187622,91.672248,harassment,high
26.190835,91.672138,assault,medium
26.193216,91.672515,accident,low
26.18915,91.670633,theft,high
26.191208,91.664664,scam,medium
26.190435,91.672496,harassment,medium
26.18741,91.670825,lost_person,medium
26.18802,91.672515,harassment,medium
26.188602,91.670271,harassment,critical
26.185144,91.664611,scam,medium
26.186115,91.668522,theft,medium
26.187585,91.673106,accident,low
26.188654,91.669405,theft,medium
26.190813,91.672271,theft,medium
26.189207,91.669879,harassment,medium
26.184229,91.671815,assault,high
26.187686,91.670012,harassment,critical
26.189451,91.671596,harassment,critical
26.18849,91.670901,lost_person,low
26.189157,91.667648,theft,low
26.186303,91.67105,theft,high
26.19096,91.670746,scam,low
26.192062,91.671787,accident,low
26.19173,91.670402,lost_person,high
26.190812,91.668664,theft,low
26.188913,91.666576,assault,low
26.190927,91.672272,accident,medium
26.189343,91.669949,accident,low
26.187029,91.668677,assault,low
26.190215,91.66117,assault,high
26.193081,91.671129,accident,medium
26.189581,91.670112,harassment,low
26.187886,91.674903,accident,medium
26.188266,91.669351,theft,critical
26.187818,91.670596,accident,critical
26.190769,91.667993,theft,critical
26.189864,91.665532,harassment,medium
26.188283,91.669416,accident,medium
26.190987,91.670166,assault,critical
26.186749,91.669109,theft,medium
26.188773,91.671802,assault,low
26.190051,91.669574,scam,high
26.19184,91.670051,accident,high
26.191697,91.666096,lost_person,high
26.185763,91.670409,lost_person,high
26.18526,91.670532,theft,low
26.188287,91.669754,assault,low
26.186411,91.67094,lost_person,critical
26.190216,91.66727,scam,low
26.187092,91.669053,harassment,low
26.185238,91.672847,lost_person,medium
26.18828,91.668533,assault,medium
26.189219,91.667874,accident,high
26.188604,91.673675,theft,low
26.186302,91.672538,lost_person,medium
26.189569,91.6677,harassment,medium
26.192612,91.670744,accident,critical
26.183801,91.670228,accident,high
26.189893,91.672449,harassment,low
26.188056,91.673331,scam,critical
26.192048,91.669583,assault,low
26.190039,91.668011,theft,high
26.188074,91.668816,lost_person,critical
26.191297,91.672676,accident,high
26.189049,91.673304,harassment,medium
26.187866,91.66956,lost_person,low
26.18829,91.671433,harassment,high
26.188812,91.671139,lost_person,medium
26.193243,91.6704,theft,critical
26.187733,91.671831,assault,low
26.194141,91.665557,accident,low
26.18866,91.67016,lost_person,high
26.189422,91.671255,lost_person,medium
26.188651,91.668186,harassment,medium
26.183585,91.673478,accident,low
26.186664,91.671148,harassment,medium
26.187448,91.670006,scam,medium
26.183621,91.668984,accident,high
26.190067,91.666665,scam,high
26.190061,91.669723,lost_person,medium
26.190825,91.667758,accident,medium
26.188835,91.670996,lost_person,low
26.186679,91.673799,lost_person,medium
26.190851,91.66944,accident,high
26.187644,91.668763,lost_person,medium
26.186722,91.671193,assault,low
26.19355,91.671874,accident,medium
26.181774,91.670103,lost_person,low
26.189911,91.672313,accident,medium
26.194263,91.66551,lost_person,low
26.193065,91.671794,theft,medium
26.186446,91.666453,accident,high
26.18658,91.672181,scam,critical
26.186414,91.672039,scam,medium
26.18673,91.67102,accident,low
26.190474,91.670207,assault,high
26.188667,91.671557,harassment,low
26.189417,91.671678,harassment,high
26.190849,91.666995,accident,low
26.189609,91.669777,accident,low
26.191031,91.66511,accident,critical
26.190425,91.669151,lost_person,high
26.184067,91.673399,scam,medium
26.18785,91.666169,assault,medium
26.187913,91.673344,accident,high
26.191762,91.670205,accident,low
26.192196,91.669238,accident,medium
26.18999,91.671306,accident,medium
26.187938,91.668103,theft,low
26.187987,91.668597,accident,low
26.186206,91.666963,lost_person,medium
26.192234,91.668404,theft,medium
26.185892,91.670171,accident,low
26.185953,91.672082,accident,critical
26.186205,91.671026,harassment,low
26.189449,91.673023,assault,critical
26.188152,91.669308,accident,low
26.188456,91.67217,assault,high
26.189342,91.672773,accident,high
26.190756,91.673714,scam,medium
26.192396,91.669909,accident,low
26.184759,91.6706,lost_person,high
26.191904,91.667021,theft,high
26.188101,91.667828,harassment,low
26.188605,91.670681,scam,medium
26.188798,91.668281,theft,medium
26.186743,91.675133,scam,low
26.187279,91.671588,lost_person,medium
26.190153,91.67055,assault,medium
26.190526,91.666745,accident,low
26.187251,91.670849,harassment,high
26.185513,91.669874,lost_person,medium
26.186983,91.669274,assault,medium
26.187842,91.666555,harassment,low
26.189349,91.669257,accident,high
26.188964,91.670399,accident,critical
26.19033,91.672791,accident,medium
26.183759,91.670705,scam,high
26.188722,91.668088,assault,medium
26.187487,91.669665,lost_person,low
26.189798,91.671621,theft,low
26.189322,91.669667,accident,medium
26.19216,91.669171,harassment,low
26.186173,91.675318,lost_person,medium
26.189133,91.670783,scam,medium
26.186841,91.669515,theft,high
26.188296,91.675179,harassment,medium
26.192499,91.669586,scam,low
26.183723,91.668994,lost_person,low
26.190008,91.668255,theft,low
26.189054,91.668539,accident,medium
26.189994,91.668837,assault,medium
26.186877,91.667189,accident,medium
26.190864,91.674619,scam,medium
26.187457,91.668566,accident,low
26.188034,91.669514,harassment,low
26.188835,91.667299,lost_person,medium
26.192891,91.671315,assault,low
26.189339,91.668968,theft,medium
26.191356,91.669512,assault,high
26.189215,91.669137,theft,medium
26.187284,91.670136,lost_person,high
26.190744,91.668752,scam,low
26.186198,91.668703,scam,medium
26.190857,91.670337,assault,medium
26.188214,91.671385,harassment,critical
26.19182,91.672582,accident,low
26.18831,91.670895,assault,low
26.190381,91.670884,harassment,medium
26.186393,91.673776,accident,medium
26.187628,91.667773,harassment,critical
26.193674,91.670852,scam,high
26.189941,91.666583,lost_person,high
26.190318,91.672433,theft,critical
26.184159,91.67165,assault,high
26.182795,91.670689,harassment,high
26.190496,91.670208,scam,medium
26.190291,91.670563,scam,medium
26.189964,91.669552,scam,critical
26.191518,91.667285,theft,high
26.189613,91.670545,scam,low
26.192826,91.669493,assault,medium
26.19164,91.666854,theft,low
26.183424,91.671641,accident,low
26.192496,91.673884,scam,high
26.193533,91.672472,scam,medium
26.190507,91.667443,accident,high
26.189567,91.668109,theft,medium
26.18902,91.671752,lost_person,high
26.189449,91.671115,scam,high
26.186712,91.670235,theft,medium
26.186476,91.669533,accident,medium
26.189126,91.66819,theft,critical
26.188585,91.671579,harassment,high
26.190233,91.66832,assault,high
26.188193,91.669663,assault,medium
26.191728,91.671643,theft,high
26.1889,91.670966,lost_person,low
26.190875,91.673441,theft,medium
26.188819,91.671673,accident,low
26.18886,91.669618,theft,medium
26.186098,91.669966,harassment,medium
26.189684,91.6716,scam,medium
26.185826,91.667502,harassment,low
26.185022,91.670542,theft,low
26.188454,91.665672,harassment,high
26.186945,91.665973,lost_person,high
26.188703,91.669957,scam,low
26.189692,91.671924,harassment,medium
26.18636,91.667972,theft,low
26.187196,91.668672,harassment,low
26.191153,91.672766,theft,low
26.193265,91.670805,scam,high
26.188303,91.673106,theft,low
26.18801,91.668704,lost_person,high
26.189702,91.669676,accident,high
26.190145,91.67063,scam,medium
26.183566,91.673323,scam,high
26.187267,91.667624,lost_person,medium
26.187874,91.672152,theft,low
26.189957,91.670221,lost_person,medium
26.184814,91.67472,accident,high
26.187724,91.670649,scam,high
26.18854,91.670445,assault,low
26.192895,91.674818,harassment,low
26.187008,91.670518,assault,low
26.191505,91.672351,accident,high
26.190275,91.670296,assault,medium
26.189071,91.671423,theft,low
26.18635,91.665224,assault,critical
26.185709,91.669284,theft,high
26.192752,91.672859,lost_person,medium
26.188737,91.667142,harassment,critical
26.188765,91.667709,theft,medium
26.188316,91.670771,harassment,critical
26.185286,91.669158,assault,low
26.189259,91.668206,theft,low
26.193798,91.669301,theft,medium
26.187163,91.670442,lost_person,medium
26.189232,91.67264,scam,low
26.185738,91.671228,lost_person,medium
26.190252,91.672762,accident,low
26.189803,91.667168,lost_person,high
26.191681,91.672017,assault,medium
26.184614,91.671384,theft,high
26.190859,91.66814,scam,medium
26.189514,91.673794,assault,low
26.184752,91.667546,accident,medium
26.189859,91.671657,theft,high
26.19075,91.667765,theft,low
26.18982,91.669922,harassment,low
26.186294,91.668688,theft,medium
26.186962,91.673706,theft,medium
26.190224,91.671308,assault,low
26.187155,91.672483,assault,low
26.190189,91.671159,accident,low
26.189188,91.669313,harassment,medium
26.190829,91.670439,lost_person,high
26.186993,91.670826,harassment,critical
26.19224,91.668789,theft,low
26.183232,91.668812,assault,low
26.187042,91.671744,lost_person,medium
26.187356,91.67194,harassment,medium
26.192071,91.670795,harassment,medium
26.189165,91.670377,theft,high
26.188307,91.671119,lost_person,medium
26.189216,91.667394,assault,low
26.191243,91.667584,accident,low
26.186002,91.672461,accident,low
26.190549,91.673784,lost_person,high
26.188885,91.671191,lost_person,medium
26.187957,91.674591,harassment,medium
26.191124,91.668215,accident,high
26.190964,91.669045,theft,high
26.18942,91.670832,scam,low
26.1892,91.669141,harassment,low
26.188051,91.668352,scam,critical
26.188041,91.671103,accident,low
26.18659,91.670762,harassment,medium
26.19088,91.671987,accident,medium
26.184345,91.673828,assault,medium
26.189329,91.670544,harassment,high
26.189128,91.671257,scam,medium
26.189024,91.670962,assault,high
26.185726,91.671461,lost_person,high
26.185352,91.669656,lost_person,medium
26.183601,91.665278,scam,low
26.189402,91.668804,assault,critical
26.187085,91.670586,lost_person,medium
26.18855,91.66882,lost_person,low
26.188674,91.672139,assault,low
26.19092,91.673163,assault,low
26.189461,91.668118,accident,high
26.188735,91.668272,harassment,high
26.192696,91.672913,assault,low
26.188861,91.667856,harassment,high
26.190251,91.665606,theft,medium
26.193176,91.670525,scam,high
26.190897,91.667681,harassment,high
26.186782,91.669671,accident,medium
26.191925,91.666493,assault,low
26.190324,91.671587,lost_person,medium
26.191389,91.669416,lost_person,high
26.188896,91.670328,harassment,medium
26.191071,91.671013,theft,low
26.186612,91.666908,accident,medium
26.18855,91.670733,accident,medium
26.1895,91.669638,theft,low
26.188074,91.670367,theft,medium
26.187295,91.668148,lost_person,low
26.188312,91.668379,lost_person,medium
26.190675,91.669219,assault,high
26.189146,91.670928,theft,medium
26.190165,91.670137,lost_person,medium
26.185979,91.669927,scam,critical
26.190376,91.672154,scam,high
26.188178,91.67569,accident,medium
26.187413,91.668979,accident,low
26.191906,91.67204,assault,high
26.185188,91.66821,harassment,high
26.189486,91.670083,accident,medium
26.18997,91.667089,assault,critical
26.188353,91.671239,scam,low
26.189498,91.668713,lost_person,high
26.189813,91.668302,assault,critical
26.187587,91.667471,assault,high
26.191346,91.670228,assault,high
26.185763,91.669394,lost_person,high
26.18965,91.667529,lost_person,low
26.189367,91.668909,assault,medium
26.188442,91.672223,harassment,critical
26.190627,91.672533,accident,low
26.192519,91.671051,theft,low
26.191887,91.669974,lost_person,low
26.18845,91.671073,theft,medium
26.189557,91.673683,harassment,medium
26.186049,91.672801,harassment,medium
26.187515,91.669034,theft,critical
26.187796,91.668672,theft,low
26.188084,91.671758,scam,medium
26.1872,91.672446,assault,low
26.187878,91.671915,assault,high
26.189739,91.671941,theft,critical
26.191057,91.668661,assault,medium
26.187144,91.668588,lost_person,medium
26.187918,91.673466,assault,high
26.189058,91.666749,accident,medium
26.18742,91.665105,lost_person,medium
26.189047,91.670173,lost_person,high
26.188464,91.670295,scam,medium
26.186964,91.668233,accident,critical
26.188944,91.671397,lost_person,low
26.186577,91.667605,scam,medium
26.189166,91.66653,lost_person,high
26.187302,91.66723,accident,medium
26.189762,91.670855,theft,medium
26.191061,91.670339,scam,low
26.192063,91.669344,lost_person,medium
26.18797,91.668921,accident,medium
26.189863,91.670753,lost_person,medium
26.189997,91.670318,lost_person,high
26.188233,91.669571,accident,medium
26.190791,91.673346,lost_person,high
26.192055,91.668401,accident,medium
26.185783,91.673642,accident,medium
26.186573,91.672989,assault,low
26.186659,91.670191,assault,medium
26.187205,91.670246,theft,low
26.189519,91.668332,lost_person,medium
26.188728,91.671921,lost_person,medium
26.187097,91.671156,theft,low
26.190896,91.668878,theft,medium
26.188505,91.67271,accident,low
26.188752,91.667053,harassment,medium
26.186724,91.669536,harassment,low
26.186877,91.668066,lost_person,low
26.189445,91.676474,scam,critical
26.185883,91.67451,lost_person,medium
26.18396,91.671034,theft,medium
26.190541,91.673863,theft,high
26.189655,91.670052,accident,low
26.19383,91.669657,assault,medium
26.192234,91.669728,harassment,high
26.189835,91.673079,theft,high
26.187371,91.669479,assault,high
26.192406,91.668645,lost_person,medium
26.194054,91.670504,assault,medium
26.191468,91.672024,accident,high
26.190114,91.665975,accident,low
26.190202,91.669443,scam,high
26.189925,91.666848,harassment,critical
26.184589,91.671826,lost_person,medium
26.188025,91.674403,accident,high
26.188805,91.665125,assault,high
26.192333,91.670705,assault,medium
26.189327,91.670952,theft,medium
26.189635,91.666646,lost_person,medium
26.188861,91.667398,scam,high
26.190422,91.670074,scam,high
26.190573,91.666104,lost_person,low
26.188748,91.672468,lost_person,low
26.188126,91.669246,assault,medium
26.187292,91.667734,scam,low
26.188114,91.6698,scam,high
26.190425,91.668976,harassment,high
26.195552,91.673296,lost_person,low
26.187833,91.670286,accident,high
26.186173,91.668911,theft,medium
26.186262,91.666882,scam,medium
26.182321,91.669912,accident,critical
26.185726,91.672392,harassment,medium
26.187878,91.666554,theft,high
26.191842,91.67214,harassment,high
26.191552,91.668834,harassment,high
26.188941,91.668831,accident,medium
26.186973,91.669301,assault,low
26.190055,91.667704,accident,medium
26.192446,91.669968,harassment,critical
26.185277,91.670895,lost_person,critical
26.189469,91.674079,lost_person,medium
26.191308,91.669089,scam,medium
26.186086,91.669436,assault,medium
26.190827,91.671449,scam,medium
26.188127,91.670883,lost_person,high
26.18641,91.671055,theft,low
26.190424,91.667964,accident,high
26.189974,91.667063,lost_person,medium
26.187489,91.667301,scam,high
26.189826,91.66877,harassment,medium
26.187426,91.672495,assault,medium
26.184874,91.670601,scam,low
26.187014,91.665978,scam,medium
26.184189,91.672074,accident,high
26.186172,91.666499,accident,medium
26.192027,91.672872,assault,medium
26.190728,91.670412,accident,low
26.188662,91.673298,scam,high
26.187767,91.667732,accident,high
26.190659,91.67047,scam,low
26.190619,91.673086,assault,medium
26.184905,91.672346,theft,high
26.189649,91.672185,accident,low
26.185909,91.664658,lost_person,medium
26.189062,91.664884,theft,low
26.18769,91.672779,assault,low
26.188454,91.668649,scam,high
26.190062,91.672599,assault,high
26.187383,91.670199,theft,medium
26.186601,91.669613,accident,high
26.191469,91.671481,harassment,critical
26.187286,91.669828,lost_person,high
26.189386,91.669145,theft,medium
26.186556,91.671488,lost_person,high
26.186829,91.668945,scam,high
26.187796,91.669235,theft,low
26.189637,91.667372,theft,low
26.190696,91.672985,accident,medium
26.189024,91.671302,theft,medium
26.187697,91.670393,scam,high
26.188989,91.67355,scam,medium
26.188359,91.668198,scam,high
26.188978,91.671624,theft,medium
26.185591,91.670246,theft,medium
26.186795,91.66685,harassment,low
26.185323,91.670074,theft,medium
26.18371,91.668898,lost_person,high
26.192832,91.671983,assault,high
26.189569,91.66844,lost_person,low
26.190279,91.67076,harassment,high
26.187221,91.671099,scam,low
26.187924,91.667559,scam,low
26.186621,91.673584,theft,low
26.184489,91.673864,lost_person,high
26.191359,91.673955,lost_person,medium
26.187309,91.669899,assault,medium
26.186952,91.672583,assault,high
26.184795,91.670548,accident,high
26.186551,91.669167,theft,low
26.191237,91.671578,lost_person,high
26.187718,91.666752,lost_person,high
26.188342,91.666618,accident,high
26.190007,91.668992,theft,low
26.190694,91.666452,lost_person,medium
26.190325,91.671333,lost_person,medium
26.187933,91.670526,theft,low
26.189611,91.672259,scam,low
26.194242,91.669451,scam,low
26.190311,91.67316,scam,low
26.191581,91.668302,harassment,medium
26.190227,91.671053,accident,high
26.190981,91.669351,theft,high
26.188776,91.669494,theft,critical
26.189561,91.669385,theft,medium
26.191292,91.669648,scam,low
26.189452,91.672022,accident,medium
26.191071,91.673969,harassment,medium
26.191368,91.67021,accident,medium
26.192639,91.669711,scam,low
26.191347,91.666694,assault,high
26.190697,91.671068,harassment,critical
26.187629,91.672684,lost_person,critical
26.191973,91.663837,harassment,critical
26.185018,91.669238,assault,critical
26.187977,91.672848,lost_person,high
26.191661,91.673129,harassment,high
26.187124,91.667292,scam,medium
26.192332,91.670421,harassment,medium
26.189517,91.670212,lost_person,high
26.185345,91.669337,lost_person,medium
26.188257,91.671599,accident,medium
26.19069,91.668518,lost_person,low
26.187902,91.66987,accident,high
26.189038,91.674172,assault,critical
26.188698,91.667821,assault,critical
26.191521,91.671251,scam,high
26.189163,91.670183,theft,critical
26.192572,91.668756,theft,low
26.192223,91.670704,lost_person,medium
26.184842,91.670513,harassment,low
26.18794,91.67217,accident,high
26.190826,91.665773,accident,low
26.190927,91.668195,harassment,medium
26.188488,91.672263,scam,medium
26.189661,91.668235,assault,high
26.187111,91.672754,assault,low
26.190397,91.667139,theft,low
26.186917,91.67177,theft,low
26.189491,91.674116,accident,low
26.195004,91.667508,accident,low
26.189561,91.670364,scam,medium
26.186702,91.66718,scam,high
26.188238,91.672984,scam,high
26.187105,91.667155,assault,high
26.187617,91.67098,assault,high
26.190388,91.669812,harassment,low
26.190878,91.664087,theft,medium
26.189177,91.666312,lost_person,critical
26.191332,91.670891,lost_person,high
26.190598,91.667991,theft,high
26.192215,91.667392,harassment,medium
26.188781,91.668607,scam,low
26.186907,91.670837,harassment,medium
26.187052,91.672767,accident,medium
26.187374,91.675463,lost_person,critical
26.187624,91.665394,theft,critical
26.189003,91.671244,assault,low
26.189056,91.671205,accident,medium
26.19228,91.672532,lost_person,medium
26.189138,91.667232,harassment,medium
26.188586,91.669547,theft,critical
26.188303,91.67016,accident,low
26.186854,91.671244,assault,medium
26.192464,91.672253,theft,medium
26.190554,91.67239,harassment,low
26.188284,91.673586,lost_person,critical
26.188421,91.672116,lost_person,low
26.187968,91.664477,assault,low
26.187808,91.67067,scam,medium
26.190298,91.673289,assault,high
26.189718,91.671944,scam,high
26.189351,91.67455,theft,high
26.189395,91.669712,theft,low
26.189987,91.667657,accident,medium
26.186173,91.668992,scam,low
26.187691,91.67125,accident,critical
26.193139,91.669691,scam,medium
26.186761,91.671886,lost_person,medium
26.191998,91.670667,theft,critical
26.187336,91.673825,theft,medium
26.190415,91.663999,lost_person,medium
26.186554,91.670735,scam,low
26.184695,91.671147,theft,critical
26.186649,91.672775,scam,medium
26.188231,91.670505,scam,low
26.191455,91.670602,assault,medium
26.189567,91.667693,accident,low
26.189569,91.669219,accident,low
26.190843,91.67245,theft,high
26.190475,91.66634,scam,medium
26.187153,91.669448,scam,low
26.187689,91.66778,harassment,critical
26.188879,91.66928,theft,low
26.185798,91.670003,assault,medium
26.190158,91.672411,scam,high
26.191878,91.674403,lost_person,high
26.187388,91.668006,theft,critical
26.190245,91.672963,assault,medium
26.187915,91.670007,accident,low
26.187436,91.671454,harassment,medium
26.194259,91.668997,theft,medium
26.190796,91.66924,theft,high
26.185012,91.670875,lost_person,low
26.190091,91.674942,harassment,medium
26.193321,91.66919,accident,medium
26.19272,91.671206,accident,high
26.187412,91.667155,lost_person,critical
26.188281,91.671249,scam,medium
26.186108,91.669034,theft,low
26.191259,91.672231,theft,low
26.189711,91.671288,lost_person,high
26.190164,91.669091,scam,high
26.187529,91.669004,accident,high
26.192419,91.670024,lost_person,critical
26.189073,91.673913,lost_person,medium
26.192543,91.665565,accident,medium
26.188987,91.6688,scam,medium
26.186676,91.671148,theft,high
26.18816,91.670498,theft,high
26.186443,91.671221,scam,high
26.185675,91.669348,harassment,medium
26.188986,91.666508,assault,critical
26.185987,91.668843,accident,medium
26.190866,91.67313,lost_person,medium
26.18456,91.669324,lost_person,medium
26.185505,91.670065,theft,medium
26.188653,91.671772,lost_person,high
26.189282,91.669668,accident,high
26.186174,91.673919,assault,medium
26.192367,91.66804,theft,high
26.190694,91.667246,lost_person,low
26.19042,91.669784,harassment,medium
26.192067,91.671337,lost_person,high
26.187233,91.667191,accident,medium
26.189264,91.668561,accident,medium
26.18808,91.672507,scam,high
26.189115,91.66785,theft,medium
26.188374,91.670926,theft,critical
26.190189,91.668763,theft,low
26.187983,91.668217,lost_person,medium
26.188259,91.669601,scam,critical
26.191523,91.673898,harassment,low
26.184669,91.669609,lost_person,low
26.188287,91.665797,accident,low
26.189081,91.672709,assault,low
26.188457,91.669949,theft,medium
26.186451,91.671015,lost_person,medium
26.190688,91.668741,scam,high
26.189779,91.670521,accident,low
26.188486,91.669589,scam,critical
26.188121,91.666913,theft,medium
26.186252,91.665948,scam,medium
26.189504,91.671037,lost_person,low
26.186494,91.671001,assault,low
26.189366,91.66802,harassment,medium
26.183511,91.669383,lost_person,medium
26.188263,91.669333,scam,medium
26.185403,91.669562,scam,medium
26.185966,91.672644,assault,low
26.189979,91.671959,lost_person,low
26.188358,91.669452,scam,low
26.186344,91.664685,assault,medium
26.185917,91.670335,harassment,low
26.190405,91.671774,lost_person,medium
26.188537,91.674431,scam,high
26.185766,91.672034,theft,medium
26.186072,91.668602,harassment,high
26.190221,91.666302,scam,medium
26.188656,91.668733,harassment,medium
26.187757,91.669976,theft,low
26.188603,91.672177,harassment,critical
26.191916,91.672749,assault,critical
26.191608,91.668225,scam,high
26.188346,91.671462,harassment,medium
26.190834,91.670697,assault,medium
26.18735,91.670561,lost_person,low
26.190798,91.668001,theft,medium
26.191378,91.670806,scam,high
26.186616,91.666228,harassment,low
26.189812,91.672045,accident,high
26.186552,91.66802,lost_person,low
26.187774,91.669485,lost_person,low
26.189096,91.674287,lost_person,medium
26.188224,91.668771,assault,medium
26.189942,91.672959,harassment,critical
26.19056,91.671727,assault,low
26.19124,91.664341,harassment,medium
26.188587,91.669034,lost_person,low
26.188754,91.670346,lost_person,low
26.191545,91.67237,scam,critical
26.185396,91.669868,accident,critical
26.186707,91.666726,harassment,high
26.187599,91.669192,scam,medium
26.192501,91.670749,harassment,high
26.189084,91.667595,accident,medium
26.191083,91.672196,harassment,high
26.185502,91.670448,harassment,medium
26.189166,91.676157,harassment,high
26.190449,91.66942,theft,low
26.189431,91.671074,accident,medium
26.190787,91.671929,scam,medium
26.194245,91.672049,accident,low
26.190069,91.67019,assault,medium
26.190178,91.669205,lost_person,medium
26.190447,91.669046,lost_person,low
26.185301,91.669159,accident,medium
26.18725,91.673717,assault,medium
26.189237,91.670737,theft,low
26.190029,91.669134,theft,medium
26.192544,91.672498,harassment,low
26.190118,91.669891,lost_person,low
26.186824,91.667372,accident,low
26.194033,91.671051,harassment,medium
26.188928,91.666919,accident,low
26.189959,91.669026,accident,medium
26.186246,91.670647,accident,medium
26.190727,91.669065,assault,medium
26.190354,91.670047,assault,medium
26.186666,91.671108,accident,low
26.191026,91.671185,scam,medium
26.190105,91.668873,scam,medium
26.188287,91.670726,theft,high
26.186465,91.66851,scam,high
26.193775,91.665983,lost_person,medium
26.187465,91.668837,harassment,low
26.187437,91.672779,assault,high
26.189556,91.667872,theft,medium
26.186215,91.666977,assault,low
26.189882,91.67019,assault,medium
26.191223,91.666668,accident,high
26.187999,91.668878,accident,high
26.188469,91.672248,harassment,critical
26.187169,91.6735,assault,low
26.192899,91.669832,harassment,low
26.188316,91.671233,accident,high
26.188107,91.669673,accident,low
26.189507,91.672863,theft,medium
26.184494,91.674088,scam,low
26.187298,91.670754,assault,low
26.190642,91.670877,harassment,low
26.188354,91.670273,harassment,critical
26.189786,91.671886,scam,critical
26.190681,91.668149,harassment,medium
26.189902,91.668193,assault,low
26.19342,91.669526,accident,low
26.188979,91.671127,accident,low
26.188768,91.672178,harassment,low
26.189768,91.671047,lost_person,medium
26.192218,91.669257,scam,low
26.190463,91.668229,theft,medium
26.190519,91.670039,lost_person,high
26.186986,91.670496,harassment,medium
26.185197,91.671728,harassment,medium
26.18566,91.668607,harassment,low
26.189379,91.672898,harassment,medium
26.188761,91.66993,theft,high
26.19223,91.671679,theft,low
26.185638,91.668173,accident,high
26.191252,91.66608,accident,medium
26.188549,91.670688,assault,low
26.190176,91.673617,assault,high
26.188612,91.668192,assault,low
26.184211,91.669736,scam,low
26.187642,91.670473,theft,medium
26.188424,91.665836,theft,medium
26.192002,91.671991,assault,low
26.187719,91.669826,theft,high
26.186131,91.667313,lost_person,medium
26.19011,91.671993,assault,high
26.192667,91.670816,scam,high
26.190089,91.669125,harassment,low
26.19156,91.670268,scam,medium
26.188954,91.669713,harassment,high
26.191047,91.6702,harassment,high
26.185844,91.674009,harassment,medium
26.187813,91.667777,scam,medium
26.189557,91.667022,lost_person,medium
26.188942,91.671068,harassment,low
26.18868,91.667567,assault,medium
26.185566,91.670235,accident,medium
26.189221,91.66715,harassment,high
26.189941,91.670863,harassment,low
26.184909,91.672887,harassment,medium
26.189185,91.669867,accident,medium
26.187876,91.668558,lost_person,low
26.186968,91.668575,harassment,critical
26.186539,91.670291,assault,high
26.188363,91.671071,accident,high
26.188938,91.668733,scam,medium
26.192597,91.673801,harassment,low
26.187588,91.669337,harassment,low
26.191698,91.666568,scam,low
26.187092,91.668692,scam,high
26.190173,91.669928,assault,medium
26.190793,91.672107,lost_person,medium
26.189257,91.666493,accident,high
26.190504,91.668363,lost_person,medium
26.183928,91.669431,theft,medium
26.187089,91.671518,assault,high
26.188515,91.672687,harassment,medium
26.189741,91.669839,accident,low
26.189676,91.672032,assault,medium
26.19168,91.669125,theft,low
26.186219,91.670409,scam,high
26.187139,91.668866,accident,low
26.187548,91.670509,lost_person,medium
26.188737,91.670278,theft,medium
26.18915,91.669522,scam,medium
26.186485,91.669991,scam,low
26.190225,91.670223,accident,medium
26.190023,91.671989,scam,low
26.190873,91.670314,accident,low
26.186714,91.666832,accident,low
26.19251,91.667972,theft,medium
26.188609,91.671031,theft,critical
26.189853,91.668759,scam,medium
26.190204,91.672464,harassment,high
26.190149,91.671561,scam,medium
26.190569,91.6711,lost_person,medium
26.187413,91.671703,assault,critical
26.194608,91.670197,scam,medium
26.185304,91.672775,assault,medium
26.186444,91.671887,theft,low
26.186699,91.669724,assault,high
26.185746,91.668608,accident,medium
26.187528,91.670929,theft,low
26.18668,91.672315,theft,low
26.189978,91.671155,lost_person,high
26.190815,91.667916,harassment,medium
26.18738,91.66877,assault,medium
26.190907,91.669499,theft,medium
26.192937,91.672369,assault,low
26.188029,91.668267,lost_person,low
26.186905,91.667779,accident,low
26.191415,91.67293,accident,medium
26.187756,91.667941,accident,low
26.190698,91.669858,harassment,low
26.183665,91.671685,assault,medium
26.188246,91.672391,harassment,critical
26.187308,91.66587,lost_person,high
26.187128,91.669876,theft,high
26.189206,91.667095,theft,low
26.187269,91.672018,lost_person,medium
26.190316,91.670881,scam,low
26.186603,91.670704,assault,low
26.190543,91.669858,harassment,medium
26.189473,91.667872,scam,high
26.192929,91.664532,lost_person,low
26.183667,91.668357,harassment,medium
26.186812,91.66661,accident,medium
26.189653,91.671511,theft,low
26.190645,91.668463,lost_person,medium
26.193072,91.671134,scam,high
26.188537,91.67052,assault,high
26.188245,91.669974,scam,medium
26.185923,91.666896,accident,medium
26.18856,91.670645,harassment,high
26.187864,91.673618,harassment,medium
26.187787,91.670341,lost_person,medium
26.18456,91.668712,lost_person,medium
26.18444,91.667609,scam,medium
26.190019,91.670367,harassment,medium
26.189802,91.671435,scam,medium
26.185704,91.671964,scam,medium
26.188684,91.670606,assault,critical
26.187823,91.670648,lost_person,high
26.183966,91.667996,accident,medium
26.193337,91.667784,lost_person,low
26.189509,91.670379,accident,medium
26.186195,91.669348,theft,low
26.188815,91.664798,harassment,low
26.187483,91.670374,theft,low
26.186831,91.673095,harassment,critical
26.190523,91.6714,theft,medium
26.18824,91.666888,harassment,low
26.191015,91.66872,assault,medium
26.191923,91.668263,assault,high
26.188087,91.668662,lost_person,critical
26.188557,91.665879,harassment,medium
26.188212,91.67147,lost_person,low
26.192902,91.672167,assault,critical
26.188643,91.669563,assault,medium
26.191718,91.668695,scam,medium
26.193067,91.668082,accident,high
26.18975,91.66864,scam,low
26.185718,91.666481,lost_person,low
26.186912,91.670025,scam,medium
26.18658,91.672031,accident,low
26.192613,91.669516,assault,medium
26.192068,91.669286,lost_person,low
26.186637,91.668239,harassment,high
26.189323,91.668477,harassment,high
26.186271,91.66844,harassment,critical
26.185015,91.669164,theft,medium
26.189763,91.666612,assault,medium
26.187783,91.67194,assault,critical
26.185741,91.669939,scam,medium
26.186678,91.670191,assault,low
26.186971,91.671387,harassment,medium
26.190911,91.66998,harassment,medium
26.187466,91.669534,accident,medium
26.18779,91.669263,assault,low
26.190689,91.673485,accident,medium
26.18664,91.673077,scam,low
26.188296,91.671397,lost_person,medium
26.190375,91.673227,assault,medium
26.189282,91.668242,theft,medium
26.189217,91.667956,accident,medium
26.190064,91.666003,accident,medium
26.184827,91.671049,harassment,high
26.186387,91.672571,lost_person,medium
26.185841,91.671785,lost_person,medium
26.189019,91.670584,theft,medium
26.190352,91.669234,lost_person,medium
26.187772,91.670138,assault,high
26.189733,91.673222,lost_person,high
26.185511,91.673479,lost_person,low
26.193806,91.672152,lost_person,high
26.186259,91.665071,accident,medium
26.190772,91.669489,theft,medium
26.187891,91.671128,theft,medium
26.187637,91.669967,harassment,medium
26.190586,91.671523,assault,medium
26.189745,91.674936,lost_person,low
26.184752,91.669367,lost_person,low
26.189574,91.671867,harassment,high
26.194267,91.672267,harassment,low
26.192031,91.671507,lost_person,medium
26.188075,91.668642,harassment,medium
26.191169,91.674729,theft,low
26.189556,91.6704,theft,high
26.188811,91.66946,assault,medium
26.188949,91.668201,accident,high
26.19216,91.670584,lost_person,critical
26.189586,91.669321,harassment,critical
26.192282,91.672931,assault,high
26.191025,91.664974,theft,low
26.18818,91.670025,scam,low
26.188897,91.66909,accident,medium
26.186914,91.671205,theft,critical
26.189687,91.668299,assault,medium
26.189086,91.671233,theft,medium
26.189392,91.67457,harassment,high
26.188044,91.668679,scam,high
26.188525,91.672654,accident,medium
26.191645,91.67229,assault,low
26.190231,91.670565,theft,low
26.18997,91.673194,accident,medium
26.186507,91.671839,assault,medium
26.186059,91.6676,accident,medium
26.188639,91.671127,scam,high
26.185226,91.671035,accident,high
26.19034,91.666956,theft,medium
26.186385,91.669406,assault,low
26.188402,91.67044,harassment,medium
26.188334,91.670511,lost_person,low
26.190956,91.667775,scam,high
26.190171,91.669212,scam,medium
26.188382,91.670434,accident,high
26.190448,91.668177,scam,low
26.187803,91.672859,assault,critical
26.184004,91.667797,assault,low
26.191226,91.671761,theft,critical
26.188144,91.669984,accident,high
26.189847,91.671115,harassment,low
26.187866,91.67011,harassment,medium
26.186845,91.66563,lost_person,medium
26.191247,91.666476,scam,critical
26.189352,91.671698,theft,medium
26.187711,91.667086,lost_person,low
26.190817,91.668921,theft,high
26.188064,91.669468,lost_person,low
26.187079,91.672917,scam,low
26.19079,91.671698,lost_person,medium
26.194788,91.668531,accident,medium
26.191199,91.663479,scam,critical
26.189503,91.672465,lost_person,low
26.187937,91.669141,harassment,medium
26.186667,91.668898,harassment,low
26.188955,91.67183,theft,medium
26.189313,91.668092,assault,medium
26.188025,91.670513,scam,high
26.190694,91.667298,theft,low
26.191028,91.672266,lost_person,medium
26.188875,91.672513,harassment,high
26.188862,91.669815,assault,medium
26.187383,91.673509,scam,low
26.189188,91.669708,lost_person,low
26.189215,91.673597,scam,medium
26.19302,91.672418,harassment,high
26.188716,91.670977,theft,medium
26.189717,91.669498,assault,medium
26.18732,91.66996,accident,low
26.188308,91.670914,harassment,high
26.18634,91.669518,scam,low
26.186038,91.672349,assault,medium
26.191058,91.66797,harassment,critical
26.190547,91.671684,theft,high
26.188067,91.674114,theft,medium
26.18902,91.671449,lost_person,medium
26.186602,91.671456,harassment,medium
26.189691,91.666699,harassment,medium
26.19068,91.671559,scam,critical
26.186864,91.671039,assault,medium
26.187708,91.669621,scam,critical
26.187655,91.669651,harassment,high
26.19315,91.67021,assault,medium
26.190874,91.668073,accident,medium
26.190811,91.671233,lost_person,medium
26.188236,91.670328,theft,low
26.190988,91.669557,scam,high
26.191942,91.673816,assault,low
26.189466,91.670913,scam,low
26.191176,91.671474,accident,low
26.190639,91.668539,lost_person,medium
26.185445,91.66903,accident,high
26.189912,91.671111,lost_person,low
26.189269,91.671812,assault,low
26.190748,91.671039,assault,low
26.190239,91.669202,assault,low
26.1874,91.664574,assault,critical
26.184705,91.672107,lost_person,high
26.187908,91.667223,theft,medium
26.191257,91.66721,scam,low
26.186237,91.670284,assault,low
26.188231,91.673394,assault,medium
26.189597,91.670558,assault,low
26.18278,91.668071,accident,low
26.18952,91.672382,scam,critical
26.188331,91.668271,scam,high
26.186308,91.671436,accident,high
26.186402,91.668513,assault,medium
26.18331,91.671577,theft,medium
26.189921,91.672049,lost_person,critical
26.188392,91.671244,accident,low
26.192221,91.672275,assault,low
26.191639,91.666352,assault,high
26.19032,91.672388,scam,low
26.189089,91.670955,theft,medium
26.187695,91.668974,lost_person,low
26.186307,91.670954,assault,medium
26.184131,91.671358,accident,medium
26.190798,91.669167,assault,medium
26.186881,91.670025,assault,medium
26.190076,91.671996,scam,high
26.190919,91.66755,assault,medium
26.188368,91.663986,scam,medium
26.192587,91.67098,lost_person,critical
26.18799,91.667479,harassment,low
26.191065,91.668609,harassment,medium
26.192232,91.67235,harassment,medium
26.188022,91.668288,lost_person,medium
26.190524,91.67293,lost_person,medium
26.19034,91.672032,assault,low
26.188195,91.67152,lost_person,low
26.189049,91.67139,scam,low
26.18831,91.672027,assault,medium
26.189513,91.671623,scam,medium
26.189674,91.671025,lost_person,high
26.191573,91.666119,assault,low
26.188526,91.671383,harassment,high
26.18933,91.670389,assault,low
26.190794,91.671438,accident,low
26.190996,91.669453,scam,low
26.190282,91.670411,lost_person,medium
26.190006,91.671665,scam,low
26.18888,91.67446,scam,medium
26.190452,91.669301,harassment,critical
26.188939,91.670668,scam,medium
26.188095,91.672611,assault,low
26.185686,91.668879,harassment,medium
26.181453,91.669921,scam,medium
26.187225,91.668384,assault,low
26.18625,91.671173,theft,medium
26.189456,91.667846,theft,critical
26.186789,91.667296,lost_person,low
26.190588,91.673407,harassment,low
26.19202,91.668171,harassment,medium
26.183794,91.669221,assault,high
26.1919,91.671152,lost_person,high
26.190262,91.668,harassment,medium
26.188109,91.670516,lost_person,critical
26.186774,91.670256,accident,medium
26.188377,91.668826,scam,medium
26.188959,91.669318,scam,medium
26.188592,91.670567,lost_person,medium
26.190051,91.673426,harassment,medium
26.18534,91.673216,harassment,low
26.186696,91.668504,accident,medium
26.189854,91.669871,assault,high
26.19028,91.668589,theft,medium
26.190583,91.671171,harassment,medium
26.188858,91.668567,harassment,medium
26.190337,91.671487,scam,low
26.188453,91.671415,harassment,medium
26.186256,91.667804,assault,medium
26.186117,91.674404,harassment,medium
26.186381,91.671499,lost_person,medium
26.187745,91.670958,scam,medium
26.190126,91.669618,assault,high
26.189587,91.671134,lost_person,medium
26.191226,91.675937,lost_person,high
26.184963,91.668208,harassment,high
26.191414,91.668991,theft,medium
26.186704,91.67167,lost_person,critical
26.187723,91.672162,lost_person,medium
26.186223,91.674129,assault,critical
26.190829,91.671176,lost_person,medium
26.190232,91.671174,accident,low
26.188593,91.670089,scam,high
26.190357,91.668251,accident,medium
26.191624,91.670201,scam,high
26.190633,91.668236,theft,medium
26.188545,91.669491,lost_person,low
26.189317,91.668694,theft,critical
26.183868,91.667949,assault,low
26.191701,91.672153,lost_person,low
26.190096,91.671969,accident,medium
26.186987,91.668814,harassment,low
26.189239,91.669713,harassment,high
26.190667,91.672111,assault,high
26.191813,91.667494,lost_person,medium
26.189677,91.66934,harassment,high
26.188318,91.673129,assault,medium
26.18986,91.673133,accident,high
26.187912,91.671661,accident,high
26.184762,91.668035,harassment,medium
26.187686,91.671473,assault,high
26.188019,91.670015,harassment,low
26.188348,91.671158,harassment,medium
26.189261,91.663323,accident,low
26.191962,91.667851,harassment,medium
26.187711,91.670014,lost_person,high
26.182859,91.668801,lost_person,high
26.187087,91.669711,harassment,low
26.187704,91.668987,accident,low
26.191298,91.668901,theft,low
26.190552,91.670357,accident,medium
26.188597,91.671485,assault,medium
26.18832,91.672018,scam,low
26.18682,91.672487,scam,medium
26.189495,91.666189,assault,medium
26.187085,91.671296,harassment,medium
26.185348,91.674246,theft,high
26.188658,91.668275,lost_person,low
26.186432,91.66849,theft,low
26.186444,91.669447,theft,high
26.185779,91.671688,assault,high
26.188756,91.667374,harassment,high
26.191101,91.669517,assault,medium
26.19286,91.666504,accident,low
26.188861,91.669109,theft,medium
26.185619,91.67374,harassment,medium
26.189356,91.669488,scam,high
26.190518,91.671781,accident,low
26.186431,91.668601,harassment,medium
26.186703,91.667656,lost_person,high
26.194455,91.669903,assault,low
26.188894,91.669723,harassment,medium
26.191492,91.669277,scam,medium
26.189508,91.674071,theft,low
26.192835,91.671881,accident,high
26.190239,91.668197,theft,low
26.187928,91.663624,harassment,medium
26.188758,91.669785,scam,high
26.190656,91.668505,theft,medium
26.186178,91.668777,harassment,low
26.187941,91.668624,harassment,critical
26.190937,91.670196,theft,medium
26.189087,91.664515,accident,medium
26.18622,91.668974,assault,critical
26.190088,91.669668,harassment,medium
26.189725,91.665998,assault,critical
26.192311,91.668229,lost_person,low
26.187067,91.670047,theft,medium
26.187291,91.667239,theft,low
26.189817,91.672837,assault,low
26.189931,91.669246,lost_person,medium
26.189623,91.67078,assault,low
26.186807,91.671184,assault,medium
26.18951,91.668829,harassment,low
26.190461,91.671896,theft,high
26.188974,91.671397,theft,medium
26.192182,91.665244,accident,high
26.18919,91.668498,lost_person,medium
26.189656,91.671746,assault,low
26.188841,91.669966,lost_person,low
26.187833,91.671282,harassment,high
26.187459,91.669625,scam,medium
26.193227,91.674544,scam,low
26.187748,91.668921,harassment,medium
26.189674,91.672143,scam,medium
26.191159,91.667281,assault,high
26.190401,91.667392,assault,low
26.186757,91.669251,lost_person,low
26.187169,91.671406,scam,high
26.191038,91.669482,lost_person,medium
26.18717,91.674112,lost_person,low
26.192755,91.672296,theft,medium
26.184836,91.667983,lost_person,high
26.189399,91.6721,harassment,medium
26.191214,91.670331,harassment,low
26.189799,91.667567,harassment,medium
26.186948,91.667074,assault,medium
26.186698,91.666991,theft,critical
26.18674,91.670636,theft,medium
26.185438,91.668814,theft,medium
26.188282,91.672216,lost_person,low
26.189596,91.668668,theft,low
26.190525,91.667199,accident,medium
26.188601,91.670169,harassment,critical
26.188046,91.668794,harassment,medium
26.187564,91.672572,theft,medium
26.189849,91.670386,assault,critical
26.187783,91.67179,harassment,high
26.189089,91.667438,lost_person,high
26.187179,91.664388,lost_person,medium
26.18567,91.66734,lost_person,high
26.183425,91.670674,scam,medium
26.191094,91.66803,lost_person,medium
26.188129,91.669299,theft,medium
26.190505,91.667901,lost_person,high
26.191537,91.667237,accident,low
26.185152,91.66903,assault,critical
26.190977,91.669285,harassment,medium
26.186506,91.669581,theft,medium
26.188326,91.674665,accident,high
26.189473,91.66808,scam,critical
26.189224,91.671206,assault,medium
26.191391,91.669119,assault,low
26.185697,91.670409,accident,high
26.188164,91.670242,lost_person,medium
26.186501,91.669748,harassment,low
26.192871,91.667663,harassment,medium
26.191997,91.667288,scam,high
26.189704,91.671656,theft,medium
26.190031,91.671234,scam,medium
26.185464,91.667028,theft,critical
26.188145,91.673873,theft,medium
26.187742,91.667356,harassment,medium
26.191734,91.666144,harassment,high
26.185893,91.670095,accident,medium
26.188114,91.667523,theft,low
26.187714,91.671269,lost_person,critical
26.187868,91.670262,harassment,medium
26.186857,91.669773,lost_person,medium
26.190642,91.668812,scam,medium
26.19333,91.674302,scam,low
26.189916,91.669745,harassment,medium
26.192141,91.670033,assault,medium
26.18865,91.668336,scam,low
26.190029,91.67138,scam,low
26.189808,91.669969,theft,medium
26.187453,91.669679,assault,high
26.186001,91.668142,harassment,high
26.190252,91.669376,scam,critical
26.190551,91.669239,harassment,low
26.189772,91.670578,assault,high
26.188963,91.672764,harassment,high
26.188105,91.668929,assault,low
26.189014,91.666504,scam,critical
26.189336,91.666902,accident,medium
26.19297,91.673845,lost_person,high
26.18788,91.672827,assault,low
26.185892,91.671576,scam,critical
26.187686,91.669434,theft,medium
26.189803,91.669305,lost_person,medium
26.188423,91.671808,assault,low
26.194484,91.669061,assault,medium
26.193445,91.669681,lost_person,critical
26.192881,91.667117,accident,low
26.188273,91.669093,harassment,medium
26.186806,91.670049,assault,medium
26.184186,91.671497,lost_person,high
26.187564,91.672716,theft,low
26.192631,91.668318,harassment,medium
26.186261,91.669264,assault,low
26.187755,91.670492,lost_person,medium
26.19036,91.675082,harassment,medium
26.190417,91.670898,harassment,high
26.188819,91.666637,scam,high
26.185935,91.666317,lost_person,medium
26.18946,91.670847,lost_person,medium
26.189191,91.668029,theft,medium
26.190302,91.672499,accident,medium
26.18598,91.669761,accident,medium
26.189839,91.67107,accident,medium
26.188159,91.673348,accident,high
26.189724,91.67026,scam,medium
26.190703,91.669951,accident,critical
26.19109,91.669745,scam,medium
26.187829,91.674007,accident,medium
26.188442,91.663389,assault,critical
26.193221,91.668212,scam,medium
26.191508,91.672462,scam,medium
26.189374,91.670508,lost_person,medium
26.189028,91.67167,accident,low
26.187979,91.67607,scam,low
26.192306,91.671935,assault,critical
26.188515,91.670216,harassment,low
26.18744,91.670153,theft,high
26.186406,91.670909,accident,low
26.187816,91.668991,harassment,medium
26.189602,91.66683,harassment,low
26.190579,91.669813,theft,low
26.191085,91.671483,lost_person,low
26.190312,91.668081,lost_person,high
26.191808,91.671259,accident,high
26.193213,91.670546,theft,low
26.190124,91.672954,theft,low
26.191693,91.6663,theft,low
26.189412,91.672587,theft,low
26.187852,91.671477,harassment,medium
26.192833,91.670894,assault,medium
26.188266,91.669732,assault,low
26.189568,91.666969,harassment,medium
26.183699,91.670125,lost_person,low
26.190145,91.672008,theft,medium
26.187643,91.672245,harassment,high
26.190872,91.671339,assault,medium
26.189299,91.67213,accident,medium
26.190073,91.668851,theft,medium
26.190824,91.666859,scam,medium
26.191933,91.67318,assault,medium
26.187927,91.669434,scam,critical
26.191063,91.672263,accident,medium
26.191593,91.662621,theft,medium
26.188482,91.669639,harassment,medium
26.184406,91.666084,accident,medium
26.185415,91.672494,accident,high
26.19107,91.668717,theft,medium
26.190323,91.671342,theft,high
26.18976,91.671468,assault,high
26.188682,91.668543,accident,medium
26.188116,91.673137,accident,high
26.185768,91.67237,scam,low
26.187803,91.67036,accident,high
26.185485,91.669025,accident,medium
26.19067,91.669547,accident,low
26.186356,91.671007,theft,low
26.192031,91.669577,theft,low
26.188508,91.672926,harassment,medium
26.187583,91.670285,accident,low
26.189002,91.67129,accident,high
26.192241,91.670882,lost_person,medium
26.189854,91.667695,scam,low
26.188991,91.664982,scam,critical
26.191082,91.667354,theft,low
26.186711,91.667077,lost_person,high
26.190743,91.66938,lost_person,medium
26.189662,91.669835,accident,low
26.191398,91.675935,lost_person,medium
26.192542,91.67131,theft,high
26.192375,91.668646,theft,high
26.190557,91.672519,assault,high
26.188818,91.671401,assault,critical
26.189606,91.673289,theft,critical
26.189961,91.669432,harassment,medium
26.18697,91.672528,harassment,medium
26.189009,91.671492,assault,critical
26.189514,91.672992,scam,critical
26.190471,91.670151,assault,medium
26.186265,91.669571,harassment,medium
26.189678,91.670341,assault,critical
26.187795,91.670282,harassment,high
26.189213,91.670507,theft,critical
26.188356,91.668619,scam,medium
26.191292,91.670866,harassment,medium
26.188212,91.673399,scam,medium
26.184149,91.670279,accident,low
26.185114,91.674091,lost_person,high
26.189566,91.668748,theft,high
26.190875,91.668351,accident,low
26.186166,91.670915,scam,low
26.192374,91.671755,harassment,medium
26.18859,91.672086,lost_person,high
26.187598,91.668804,assault,medium
26.187188,91.668222,harassment,medium
26.193265,91.671041,theft,high
26.191498,91.67157,lost_person,low
26.195996,91.671177,assault,medium
26.18819,91.666528,theft,high
26.186629,91.670207,assault,high
26.190426,91.670576,harassment,low
26.188816,91.669706,lost_person,medium
26.186576,91.668952,assault,medium
26.189751,91.666782,theft,high
26.191744,91.667296,scam,medium
26.191079,91.667656,theft,critical
26.191626,91.669614,harassment,medium
26.187204,91.66932,accident,critical
26.188507,91.670876,assault,medium
26.188863,91.669524,lost_person,medium
26.18818,91.667308,scam,low
26.188417,91.668984,accident,high
26.190315,91.668633,lost_person,medium
26.18961,91.670156,theft,low
26.190781,91.673517,theft,low
26.189098,91.66888,accident,high
26.187419,91.671738,scam,low
26.186495,91.674672,theft,low
26.189622,91.668876,theft,low
26.187336,91.667727,assault,medium
26.189877,91.669056,lost_person,medium
26.188955,91.670408,theft,medium
26.188133,91.671123,harassment,low
26.191052,91.670889,theft,high
26.188158,91.670037,scam,low
26.192886,91.67182,scam,medium
26.183279,91.670841,scam,medium
26.18764,91.671504,harassment,low
26.19005,91.668258,assault,low
26.185779,91.67159,theft,medium
26.190105,91.670577,assault,low
26.188301,91.670773,scam,high
26.186604,91.671692,harassment,medium
26.182751,91.673725,harassment,low
26.186947,91.66687,harassment,medium
26.187134,91.667948,theft,low
26.18982,91.66493,assault,high
26.192661,91.667493,harassment,high
26.18793,91.672218,scam,high
26.190057,91.669329,accident,high
26.191865,91.669779,harassment,high
26.185235,91.670846,theft,medium
26.186247,91.672038,scam,high
26.186329,91.671464,harassment,high
26.189456,91.668089,assault,medium
26.186802,91.671029,harassment,medium
26.185381,91.667435,theft,low
26.185282,91.670586,accident,low
26.190063,91.670389,lost_person,medium
26.18508,91.669735,theft,high
26.190597,91.668561,assault,high
26.18897,91.67265,scam,medium
26.189193,91.669562,lost_person,high
26.188348,91.672559,assault,low
26.188655,91.669825,scam,high
26.186506,91.670359,harassment,medium
26.190363,91.669857,accident,medium
26.194283,91.668515,accident,medium
26.190916,91.672325,harassment,low
26.189386,91.666778,lost_person,medium
26.189365,91.671701,lost_person,low
26.18416,91.66778,lost_person,medium
26.188526,91.668851,scam,low
26.191182,91.67046,accident,low
26.187074,91.670215,accident,medium
26.188417,91.668433,harassment,high
26.186968,91.669867,lost_person,low
26.187796,91.66802,lost_person,high
26.188952,91.669894,lost_person,medium
26.188877,91.67104,scam,critical
26.188279,91.669209,accident,high
26.189333,91.668373,scam,low
26.185703,91.674325,harassment,low
26.187621,91.672244,accident,high
26.188065,91.667284,assault,high
26.189154,91.667601,accident,critical
26.190582,91.672406,harassment,medium
26.188863,91.669931,theft,high
26.188204,91.668493,lost_person,low
26.190728,91.668548,harassment,critical
26.188047,91.671267,lost_person,low
26.189524,91.671579,theft,high
26.188448,91.666595,lost_person,high
26.191279,91.663061,theft,low
26.187337,91.673198,accident,low
26.188216,91.671582,theft,low
26.184562,91.670728,assault,medium
26.187293,91.665797,harassment,high
26.189947,91.670501,theft,critical
26.185462,91.669117,harassment,medium
26.188375,91.669954,accident,low
26.190329,91.668414,scam,high
26.189696,91.665991,assault,medium
26.186002,91.672357,lost_person,medium
26.186236,91.671345,scam,medium
26.186979,91.67012,harassment,high
26.191889,91.669164,lost_person,high
26.192908,91.668933,harassment,low
26.187368,91.669921,accident,medium
26.18777,91.672187,harassment,low
26.188876,91.669669,assault,medium
26.192737,91.673288,assault,critical
26.189422,91.665355,lost_person,medium
26.190101,91.671625,theft,medium
26.188636,91.667212,theft,high
26.192199,91.670661,accident,medium
26.191232,91.670517,accident,low
26.18973,91.671345,lost_person,high
26.188843,91.668042,assault,medium
26.192084,91.668825,scam,low
26.188915,91.668808,theft,medium
26.190399,91.668378,lost_person,medium
26.190159,91.667465,harassment,low
26.189641,91.672539,scam,medium
26.188517,91.669073,harassment,medium
26.193191,91.67008,theft,high
26.19012,91.669185,assault,medium
26.191693,91.668053,harassment,high
26.189892,91.668057,accident,low
26.187892,91.666517,lost_person,low
26.189834,91.669684,scam,low
26.186696,91.666032,lost_person,high
26.188447,91.669493,harassment,medium
26.189147,91.671941,lost_person,critical
26.188752,91.666311,harassment,high
26.188812,91.670777,scam,high
26.186131,91.663584,lost_person,low
26.193126,91.674309,harassment,medium
26.187786,91.670191,assault,medium
26.189341,91.66894,harassment,low
26.18779,91.670938,scam,low
26.19112,91.67179,assault,low
26.189694,91.667921,lost_person,medium
26.191187,91.668608,accident,low
26.187902,91.66896,scam,critical
26.191125,91.675317,accident,low
26.186496,91.67178,harassment,high
26.194463,91.669016,harassment,high
26.190371,91.669839,scam,critical
26.188348,91.667707,harassment,low
26.185904,91.672145,assault,low
26.186184,91.670476,scam,high
26.186002,91.665378,harassment,medium
26.190454,91.669387,lost_person,medium
26.18924,91.670004,scam,high
26.19105,91.673864,theft,low
26.192698,91.668325,assault,low
26.191329,91.668878,theft,low
26.191355,91.667861,scam,low
26.190812,91.669235,assault,low
26.185423,91.669296,accident,low
26.186668,91.666927,theft,critical
26.188672,91.66948,lost_person,low
26.189927,91.671783,assault,medium
26.188382,91.666435,harassment,low
26.188547,91.670441,lost_person,high
26.189883,91.669441,accident,critical
26.186836,91.670815,theft,medium
26.189139,91.670302,scam,medium
26.18765,91.670139,assault,medium
26.185686,91.669266,lost_person,medium
26.186644,91.668912,accident,critical
26.190451,91.668074,assault,high
26.191181,91.671638,scam,high
26.183877,91.673526,theft,high
26.189074,91.673411,lost_person,low
26.192489,91.669238,assault,low
26.188399,91.671654,assault,high
26.191838,91.667827,scam,medium
26.188223,91.672513,scam,high
26.184069,91.666982,scam,high
26.191509,91.668031,assault,high
26.188102,91.668035,lost_person,medium
26.186203,91.669488,assault,medium
26.190921,91.671092,lost_person,medium
26.190673,91.670125,theft,low
26.190226,91.672203,assault,high
26.191702,91.669266,accident,medium
26.186002,91.6717,lost_person,high
26.190185,91.667163,assault,high
26.188275,91.671747,theft,low
26.185536,91.664952,harassment,low
26.189543,91.66762,lost_person,critical
26.18578,91.670122,harassment,high
26.182835,91.669317,lost_person,high
26.18912,91.668421,harassment,low
26.187349,91.667463,theft,low
26.191904,91.665306,scam,low
26.187319,91.672435,accident,high
26.190904,91.669494,accident,medium
26.191345,91.672873,lost_person,low
26.189919,91.669968,theft,low
26.190697,91.669858,lost_person,critical
26.183391,91.671659,accident,medium
26.187601,91.664879,accident,high
26.187305,91.669208,harassment,medium
26.191243,91.669986,assault,high
26.18715,91.671934,lost_person,medium
26.191919,91.666194,harassment,medium
26.188195,91.67358,harassment,medium
26.190499,91.672228,theft,critical
26.189304,91.672041,accident,critical
26.190699,91.67055,assault,low
26.18853,91.672866,lost_person,low
26.18683,91.670076,assault,low
26.19102,91.667345,accident,low
26.188921,91.668859,scam,medium
26.189261,91.67133,accident,high
26.187927,91.670147,scam,medium
26.190632,91.676034,lost_person,low
26.187614,91.67313,accident,medium
26.185398,91.669687,scam,medium
26.190059,91.671732,accident,low
26.187568,91.668931,assault,high
26.193203,91.667445,harassment,high
26.189084,91.664856,accident,medium
26.193391,91.66799,scam,medium
26.187243,91.666637,scam,high
26.185905,91.666608,assault,low
26.190762,91.670866,theft,medium
26.188644,91.671032,theft,low
26.187403,91.673763,theft,medium
26.189242,91.664171,scam,low
26.185287,91.667441,assault,low
26.18933,91.670145,assault,high
26.18792,91.671147,lost_person,high
26.190061,91.669845,harassment,medium
26.187551,91.667582,harassment,high
26.190046,91.672471,accident,high
26.188975,91.669242,accident,critical
26.184291,91.671482,accident,high
26.189377,91.671627,theft,critical
26.191263,91.669684,assault,medium
26.187804,91.669201,theft,high
26.189303,91.668623,accident,medium
26.184499,91.671687,theft,low
26.190728,91.667907,lost_person,critical
26.188673,91.665043,lost_person,medium
26.189597,91.668268,theft,medium
26.186052,91.669369,lost_person,medium
26.186632,91.66928,lost_person,medium
26.191514,91.668224,harassment,high
26.191776,91.668309,theft,low
26.192026,91.672177,lost_person,high
26.182807,91.666921,accident,high
26.189032,91.669566,lost_person,medium
26.187196,91.665968,assault,medium
26.190634,91.670453,scam,high
26.188684,91.670354,theft,high
26.189368,91.668949,assault,low
26.187097,91.670962,accident,low
26.189976,91.669613,harassment,medium
26.18812,91.671524,harassment,low
26.189127,91.672363,harassment,high
26.187802,91.667754,theft,high
26.187593,91.671467,lost_person,high
26.188674,91.672479,harassment,low
26.191522,91.674717,assault,low
26.187799,91.67437,assault,medium
26.186589,91.673123,scam,medium
26.19072,91.668732,assault,low
26.186371,91.669853,lost_person,medium
26.18865,91.671895,lost_person,low
26.18776,91.670554,lost_person,high
26.193306,91.670307,scam,high
26.19249,91.669431,assault,medium
26.187463,91.666472,lost_person,medium
26.188342,91.674052,harassment,high
26.184872,91.669891,harassment,high
26.189943,91.672018,theft,medium
26.190039,91.670302,assault,medium
26.189073,91.671641,scam,low
26.188204,91.672747,assault,critical
26.188152,91.669084,lost_person,low
26.189937,91.669214,theft,medium
26.189352,91.674645,theft,medium
26.192086,91.668454,theft,low
26.188082,91.667532,lost_person,high
26.189531,91.673703,assault,medium
26.190326,91.670677,theft,medium
26.19247,91.669666,lost_person,low
26.189145,91.666287,assault,medium
26.18798,91.671861,theft,high
26.191224,91.670876,assault,high
26.188957,91.670303,theft,high
26.188518,91.67329,assault,medium
26.185673,91.670077,theft,low
26.188204,91.666508,accident,high
26.189006,91.672014,assault,medium
26.188,91.666053,accident,high
26.190544,91.667329,assault,high
26.188363,91.6689,assault,low
26.18845,91.670227,accident,medium
26.18739,91.672116,accident,high
26.189603,91.671983,theft,medium
26.188985,91.66921,scam,high
26.189156,91.670162,accident,critical
26.190385,91.672569,scam,medium
26.190552,91.672592,harassment,medium
26.188445,91.673111,accident,medium
26.187364,91.666264,harassment,medium
26.187056,91.670069,assault,medium
26.190196,91.670767,harassment,high
26.188654,91.674464,scam,medium
26.187482,91.669826,accident,medium
26.188401,91.668024,accident,high
26.191802,91.669166,harassment,high
26.183309,91.66898,theft,high
26.188994,91.667994,accident,medium
26.186568,91.669939,scam,high
26.188391,91.673069,theft,medium
26.187489,91.675857,accident,low
26.192224,91.668128,harassment,high
26.187968,91.669503,theft,low
26.189068,91.671695,harassment,critical
26.191411,91.67046,harassment,high
26.187088,91.669281,accident,critical
26.189392,91.670575,harassment,low
26.190543,91.667964,harassment,low
26.190529,91.673602,lost_person,low
26.189141,91.67167,accident,medium
26.192,91.66794,harassment,low
26.190129,91.667267,accident,low
26.190261,91.671256,theft,critical
26.185666,91.671038,accident,critical
26.187274,91.673571,scam,high
26.187775,91.6689,scam,high
26.184782,91.77271,harassment,medium
26.183705,91.768104,accident,medium
26.183326,91.771113,harassment,medium
26.185458,91.771943,scam,medium
26.184753,91.773201,lost_person,medium
26.181836,91.772498,lost_person,medium
26.185943,91.7713,harassment,medium
26.180615,91.766792,lost_person,low
26.179616,91.772174,assault,low
26.182378,91.773128,scam,medium
26.179716,91.770567,lost_person,low
26.181307,91.773133,accident,low
26.183426,91.773381,theft,low
26.185884,91.770896,theft,low
26.18445,91.7712,harassment,medium
26.181404,91.774573,scam,low
26.182576,91.771736,harassment,low
26.18241,91.774089,accident,medium
26.184558,91.773398,accident,high
26.184189,91.773487,accident,medium
26.190202,91.771619,lost_person,medium
26.184376,91.771475,harassment,low
26.184556,91.772816,lost_person,low
26.182792,91.768986,harassment,low
26.181612,91.774636,accident,low
26.187163,91.769926,accident,medium
26.182328,91.771627,assault,low
26.185624,91.769091,accident,high
26.182067,91.770547,accident,medium
26.179954,91.769944,accident,medium
26.181601,91.770817,accident,medium
26.18216,91.7714,harassment,medium
26.18381,91.770381,scam,low
26.18444,91.770543,theft,high
26.180885,91.77096,accident,medium
26.185279,91.771668,accident,low
26.179181,91.773255,theft,medium
26.182904,91.774056,theft,low
26.181243,91.770813,accident,high
26.18137,91.772925,theft,low
26.17803,91.771184,lost_person,low
26.178203,91.773286,lost_person,medium
26.182499,91.768773,harassment,low
26.184399,91.772429,lost_person,medium
26.184476,91.771358,lost_person,high
26.185477,91.769282,accident,high
26.185067,91.772694,theft,medium
26.186501,91.771547,harassment,medium
26.183358,91.771938,accident,medium
26.180814,91.770101,harassment,medium
26.182649,91.771462,lost_person,low
26.18449,91.767901,theft,high
26.183013,91.772366,harassment,low
26.180769,91.772429,lost_person,low
26.182655,91.772169,accident,low
26.18097,91.772817,theft,medium
26.183421,91.772515,theft,medium
26.181578,91.774141,accident,high
26.181471,91.771755,lost_person,medium
26.1833,91.770274,harassment,critical
26.186835,91.772378,theft,medium
26.182209,91.768378,scam,medium
26.183693,91.772154,theft,low
26.184773,91.769295,accident,low
26.181478,91.773926,lost_person,high
26.181579,91.770785,accident,medium
26.183934,91.777007,theft,medium
26.184476,91.770709,theft,high
26.184515,91.76707,theft,medium
26.182764,91.773221,accident,high
26.182902,91.770368,lost_person,low
26.182736,91.768367,lost_person,critical
26.181768,91.769596,assault,critical
26.181137,91.773076,scam,critical
26.184221,91.77078,lost_person,low
26.186293,91.772962,lost_person,high
26.183902,91.773096,scam,low
26.182907,91.774682,theft,low
26.182621,91.773421,theft,medium
26.179239,91.770471,accident,high
26.183671,91.770304,lost_person,medium
26.182216,91.77276,theft,medium
26.181993,91.773888,lost_person,critical
26.180066,91.772494,theft,low
26.181534,91.772664,scam,low
26.186286,91.773168,lost_person,medium
26.182858,91.776285,scam,medium
26.183555,91.772911,assault,medium
26.181408,91.77281,theft,high
26.182288,91.774384,lost_person,low
26.18062,91.768863,assault,high
26.186174,91.770001,theft,low
26.182139,91.769613,accident,low
26.181891,91.770942,accident,medium
26.182272,91.768935,accident,high
26.185631,91.77255,scam,critical
26.180691,91.772554,harassment,low
26.182028,91.771638,theft,high
26.182013,91.770905,assault,low
26.179522,91.771738,scam,low
26.181828,91.77225,accident,low
26.183411,91.774171,harassment,medium
26.184986,91.774547,assault,critical
26.186559,91.772007,harassment,high
26.183704,91.772423,harassment,medium
26.185298,91.771448,theft,low
26.184711,91.774457,assault,low
26.182838,91.771603,accident,low
26.187043,91.767968,scam,low
26.181958,91.774591,lost_person,medium
26.183698,91.771066,scam,low
26.185389,91.768517,accident,high
26.181319,91.774943,accident,high
26.180546,91.771526,harassment,low
26.185224,91.769462,lost_person,medium
26.18268,91.774164,scam,critical
26.185265,91.772667,lost_person,low
26.184444,91.773399,accident,low
26.184911,91.768347,harassment,medium
26.183095,91.774131,accident,medium
26.181395,91.769878,lost_person,medium
26.180368,91.770227,harassment,medium
26.182871,91.772709,harassment,medium
26.183186,91.771211,lost_person,high
26.188172,91.768773,theft,medium
26.184733,91.773812,accident,low
26.17993,91.773929,assault,medium
26.183981,91.77479,scam,low
26.184465,91.772781,theft,medium
26.182815,91.772985,theft,low
26.181383,91.767567,harassment,low
26.181156,91.772278,lost_person,medium
26.18389,91.774397,accident,high
26.185055,91.771056,harassment,low
26.179533,91.773012,accident,medium
26.182925,91.769796,scam,medium
26.183706,91.775094,lost_person,medium
26.180596,91.771033,scam,low
26.18544,91.770462,harassment,low
26.181844,91.773654,scam,low
26.179901,91.770331,theft,medium
26.179566,91.77429,theft,medium
26.18062,91.771015,harassment,low
26.181058,91.769891,scam,low
26.184297,91.773355,harassment,medium
26.181959,91.773964,accident,critical
26.185413,91.774007,harassment,medium
26.182157,91.776462,assault,critical
26.179645,91.769613,scam,low
26.183271,91.771577,theft,medium
26.184382,91.772586,harassment,low
26.184655,91.774152,assault,medium
26.181853,91.769179,harassment,low
26.18438,91.773296,assault,medium
26.180108,91.773872,lost_person,critical
26.181593,91.769379,lost_person,medium
26.185725,91.770262,assault,low
26.187762,91.773457,harassment,medium
26.18528,91.771094,accident,low
26.184392,91.773489,theft,low
26.182722,91.773018,theft,low
26.18441,91.771673,scam,high
26.185316,91.76975,scam,low
26.183811,91.774023,harassment,low
26.186285,91.773494,accident,medium
26.181593,91.772072,accident,high
26.182768,91.773683,assault,low
26.186694,91.772074,theft,low
26.188705,91.77022,accident,low
26.181713,91.775075,harassment,low
26.186162,91.776644,harassment,medium
26.180726,91.771165,accident,critical
26.184939,91.775297,assault,medium
26.184497,91.773079,theft,medium
26.181324,91.773412,theft,high
26.182379,91.767991,scam,high
26.183203,91.775016,harassment,low
26.180641,91.772438,assault,medium
26.18196,91.769858,scam,high
26.184514,91.766234,accident,medium
26.181642,91.766725,theft,medium
26.184471,91.772786,theft,low
26.180531,91.775882,accident,low
26.183382,91.775741,theft,high
26.181262,91.772899,theft,medium
26.186343,91.769866,assault,high
26.180749,91.770632,harassment,low
26.185932,91.768669,harassment,low
26.179702,91.772911,scam,low
26.180408,91.771912,theft,low
26.185954,91.768281,harassment,medium
26.182231,91.77517,theft,low
26.179876,91.772906,theft,low
26.182312,91.773767,assault,medium
26.180574,91.767827,scam,medium
26.185085,91.765415,scam,medium
26.184932,91.770664,theft,medium
26.183705,91.772203,lost_person,low
26.186274,91.771945,theft,medium
26.184756,91.769686,scam,medium
26.180941,91.772214,theft,medium
26.182126,91.773297,assault,medium
26.181415,91.774874,theft,medium
26.177966,91.772001,theft,medium
26.183255,91.76912,assault,medium
26.181335,91.77107,theft,high
26.182427,91.777848,lost_person,medium
26.178652,91.770437,harassment,high
26.189732,91.771556,theft,medium
26.181707,91.773317,assault,medium
26.186566,91.771002,lost_person,low
26.184252,91.77235,scam,medium
26.184292,91.770568,assault,low
26.185478,91.771097,accident,high
26.18417,91.772609,accident,high
26.181165,91.772953,accident,low
26.187735,91.77209,theft,medium
26.182342,91.773743,theft,high
26.181108,91.770185,theft,low
26.185316,91.770763,theft,medium
26.183737,91.770451,assault,medium
26.184537,91.770315,lost_person,medium
26.18555,91.773758,assault,low
26.180142,91.77552,harassment,critical
26.18554,91.774105,assault,medium
26.18148,91.772493,assault,low
26.182605,91.770417,lost_person,medium
26.18183,91.774386,harassment,medium
26.178214,91.772606,harassment,low
26.186135,91.771957,harassment,medium
26.185069,91.769361,harassment,medium
26.184654,91.77496,theft,low
26.183121,91.773315,harassment,high
26.185256,91.770239,theft,high
26.182908,91.77233,scam,low
26.185796,91.773759,scam,medium
26.18433,91.771584,accident,medium
26.182998,91.773458,scam,low
26.181869,91.771911,assault,low
26.182064,91.77196,assault,high
26.181409,91.770823,lost_person,high
26.182939,91.771875,theft,medium
26.180931,91.767865,lost_person,low
26.183877,91.771336,assault,medium
26.186506,91.77452,accident,medium
26.183646,91.767705,assault,low
26.180268,91.773253,theft,low
26.184548,91.774308,accident,high
26.183394,91.771737,harassment,medium
26.182676,91.775974,accident,medium
26.18091,91.773535,assault,low
26.179538,91.772956,assault,low
26.183272,91.771692,assault,critical
26.18532,91.767726,theft,low
26.186029,91.775234,harassment,low
26.179802,91.773355,theft,medium
26.182489,91.769937,theft,low
26.17844,91.770367,theft,medium
26.182275,91.771919,accident,low
26.182905,91.774686,scam,medium
26.183098,91.771325,harassment,high
26.185163,91.76784,theft,low
26.184207,91.77058,accident,medium
26.184325,91.772172,theft,medium
26.182797,91.767918,assault,low
26.185403,91.769122,lost_person,medium
26.178807,91.77141,scam,high
26.182098,91.775017,scam,medium
26.183581,91.77007,scam,high
26.183891,91.775249,assault,medium
26.181025,91.774442,lost_person,critical
26.182862,91.772857,assault,medium
26.182392,91.770355,scam,low
26.185568,91.773067,assault,critical
26.183572,91.775537,scam,high
26.184923,91.777217,theft,medium
26.183813,91.772294,scam,high
26.183708,91.77319,lost_person,high
26.181394,91.768592,harassment,low
26.178556,91.77008,assault,medium
26.179487,91.772024,lost_person,high
26.178059,91.769995,scam,high
26.186045,91.771013,assault,high
26.183429,91.771005,accident,high
26.183685,91.771711,accident,high
26.185872,91.76976,harassment,low
26.181995,91.768653,harassment,low
26.181099,91.773559,lost_person,critical
26.181987,91.77414,accident,low
26.182973,91.771569,assault,medium
26.18694,91.773515,scam,low
26.184518,91.773169,assault,low
26.185099,91.772094,theft,low
26.17997,91.773816,theft,high
26.18239,91.769838,assault,low
26.180715,91.770882,harassment,high
26.179974,91.776529,scam,low
26.181482,91.773482,scam,medium
26.183791,91.767546,lost_person,high
26.185445,91.772493,lost_person,medium
26.182076,91.769649,lost_person,low
26.18631,91.771106,harassment,high
26.182776,91.773469,accident,high
26.183702,91.774085,theft,critical
26.183784,91.771131,scam,medium
26.186218,91.770769,theft,medium
26.183591,91.771344,assault,medium
26.182347,91.775556,scam,low
26.184252,91.773031,assault,high
26.183357,91.772114,scam,medium
26.182417,91.773782,theft,medium
26.180716,91.76983,accident,medium
26.180812,91.773144,lost_person,low
26.184125,91.77154,harassment,high
26.184927,91.769721,assault,medium
26.178588,91.772464,scam,high
26.1815,91.769288,scam,high
26.183739,91.778392,lost_person,high
26.182516,91.77384,lost_person,critical
26.182365,91.768991,accident,low
26.178895,91.771468,assault,medium
26.180997,91.768324,accident,medium
26.18349,91.775516,harassment,high
26.187494,91.770968,lost_person,medium
26.189962,91.772196,theft,low
26.179082,91.766434,lost_person,medium
26.176953,91.77023,scam,medium
26.179324,91.769674,lost_person,critical
26.179419,91.772154,accident,low
26.182748,91.773996,harassment,high
26.185931,91.774269,assault,low
26.18063,91.773998,accident,high
26.181118,91.771168,theft,critical
26.185065,91.771518,assault,medium
26.182215,91.772906,theft,high
26.181724,91.773338,scam,low
26.184113,91.774236,accident,medium
26.18342,91.76972,assault,high
26.1834,91.772467,theft,high
26.184992,91.771628,theft,medium
26.180817,91.773166,scam,medium
26.181753,91.772022,assault,critical
26.184725,91.771293,harassment,medium
26.182469,91.771112,accident,low
26.179983,91.773678,harassment,low
26.183251,91.769457,scam,high
26.181705,91.772342,assault,low
26.181807,91.768952,lost_person,high
26.179349,91.770968,assault,low
26.184476,91.76764,lost_person,medium
26.184969,91.770653,lost_person,medium
26.181123,91.77514,harassment,low
26.185761,91.771449,assault,low
26.183131,91.771417,theft,medium
26.18331,91.771794,harassment,medium
26.181786,91.769775,scam,low
26.184701,91.771638,assault,low
26.181314,91.771945,scam,low
26.188895,91.770545,assault,high
26.183048,91.770631,assault,medium
26.178737,91.770989,scam,low
26.183721,91.770024,scam,high
26.183091,91.772865,accident,medium
26.184396,91.76661,scam,low
26.183437,91.771208,theft,low
26.182623,91.770553,assault,low
26.17713,91.769989,harassment,medium
26.184811,91.770143,accident,critical
26.181267,91.774637,theft,high
26.185063,91.771939,theft,critical
26.180643,91.769527,assault,medium
26.183347,91.773413,theft,high
26.186725,91.77423,scam,high
26.182497,91.770052,assault,high
26.180549,91.768781,harassment,low
26.18342,91.771908,harassment,low
26.182602,91.769256,harassment,low
26.183116,91.775833,lost_person,high
26.182134,91.773055,harassment,high
26.185465,91.772618,harassment,medium
26.182938,91.773427,theft,medium
26.183935,91.771876,lost_person,high
26.17959,91.776436,scam,medium
26.188036,91.778264,accident,medium
26.183657,91.771812,scam,medium
26.184698,91.769847,assault,medium
26.181806,91.771765,harassment,low
26.184906,91.775049,theft,low
26.186597,91.771295,harassment,medium
26.186979,91.771063,harassment,low
26.179156,91.772188,theft,medium
26.18078,91.77089,lost_person,low
26.18398,91.7738,assault,medium
26.183132,91.77615,accident,medium
26.184747,91.772127,theft,medium
26.180345,91.773338,accident,low
26.180729,91.769424,assault,critical
26.183889,91.771741,theft,medium
26.184405,91.773767,scam,medium
26.180724,91.767529,scam,high
26.18105,91.769593,harassment,high
26.184346,91.773557,lost_person,high
26.183352,91.770795,assault,medium
26.185854,91.773685,assault,medium
26.185354,91.775113,assault,medium
26.187049,91.771553,accident,low
26.185617,91.775312,accident,high
26.181543,91.770979,lost_person,high
26.183324,91.774622,scam,medium
26.181295,91.773637,scam,low
26.180245,91.772251,scam,medium
26.185403,91.774435,accident,low
26.182312,91.77223,scam,medium
26.182208,91.772221,accident,medium
26.180663,91.7725,lost_person,high
26.181676,91.767583,lost_person,medium
26.184164,91.772948,harassment,medium
26.183014,91.77118,theft,medium
26.181178,91.772755,scam,medium
26.185925,91.769484,theft,low
26.186831,91.773479,accident,high
26.180347,91.773507,assault,low
26.183112,91.773266,theft,medium
26.182921,91.770954,theft,medium
26.182541,91.773275,accident,low
26.183976,91.770361,assault,medium
26.181434,91.772146,lost_person,medium
26.184417,91.773472,scam,medium
26.18282,91.770363,theft,high
26.186009,91.772053,assault,high
26.186897,91.774149,accident,medium
26.180722,91.769795,assault,low
26.183524,91.773534,harassment,medium
26.182304,91.772524,assault,medium
26.180219,91.771649,assault,high
26.184416,91.771875,theft,high
26.183115,91.768,harassment,high
26.182135,91.775255,lost_person,low
26.180809,91.773841,lost_person,medium
26.183829,91.772232,scam,low
26.185115,91.770863,assault,high
26.181687,91.770353,scam,medium
26.182505,91.774355,scam,low
26.183331,91.773083,scam,medium
26.182974,91.774842,accident,medium
26.186428,91.773134,assault,low
26.180349,91.773487,theft,high
26.182992,91.772475,lost_person,medium
26.18182,91.772986,harassment,high
26.182245,91.770315,scam,medium
26.185329,91.770049,scam,low
26.181853,91.775859,assault,medium
26.181933,91.771757,theft,low
26.184992,91.772783,lost_person,medium
26.182363,91.776099,assault,medium
26.183637,91.773554,assault,low
26.182437,91.769993,lost_person,low
26.184675,91.775352,theft,medium
26.180733,91.773992,harassment,high
26.184582,91.775334,scam,critical
26.186861,91.778045,assault,low
26.177661,91.771264,theft,critical
26.18032,91.771777,assault,critical
26.18587,91.774782,harassment,low
26.181689,91.772043,theft,high
26.183794,91.770708,harassment,high
26.184261,91.771416,harassment,medium
26.182243,91.767832,assault,high
26.180237,91.774997,theft,medium
26.181541,91.775311,theft,medium
26.182774,91.774518,lost_person,medium
26.185304,91.776886,assault,medium
26.182245,91.772701,scam,low
26.180857,91.77367,assault,low
26.184003,91.772172,scam,medium
26.183063,91.776658,lost_person,critical
26.18353,91.772091,harassment,low
26.182954,91.770588,harassment,low
26.181619,91.772163,scam,medium
26.18503,91.772017,lost_person,high
26.185321,91.770019,assault,medium
26.182645,91.77617,assault,low
26.182469,91.777634,harassment,medium
26.182735,91.770642,assault,medium
26.182336,91.772859,scam,low
26.183395,91.773963,theft,low
26.185771,91.772243,lost_person,high
26.182196,91.771815,harassment,low
26.18541,91.768923,lost_person,low
26.181404,91.773246,scam,high
26.188288,91.768918,scam,high
26.184889,91.770241,lost_person,critical
26.185238,91.772171,harassment,low
26.180923,91.77505,harassment,medium
26.187438,91.774407,scam,high
26.181349,91.770496,assault,low
26.181949,91.768787,theft,low
26.180482,91.769847,scam,medium
26.183447,91.775773,theft,medium
26.184285,91.771097,lost_person,medium
26.183888,91.774261,harassment,high
26.187091,91.772443,theft,low
26.183934,91.76985,scam,high
26.185054,91.771105,harassment,medium
26.181378,91.769302,accident,medium
26.183907,91.773553,scam,low
26.181952,91.771104,theft,high
26.18187,91.773692,scam,medium
26.18274,91.7691,accident,medium
26.18376,91.769982,lost_person,medium
26.183392,91.77228,accident,low
26.181763,91.77263,harassment,low
26.183633,91.768215,theft,low
26.181359,91.774114,lost_person,medium
26.185947,91.77114,harassment,medium
26.180196,91.773225,harassment,medium
26.181663,91.773929,harassment,high
26.183609,91.768429,theft,high
26.182511,91.769368,lost_person,high
26.182651,91.770041,accident,medium
26.182931,91.769751,theft,medium
26.184687,91.769238,accident,high
26.182589,91.76933,lost_person,medium
26.180681,91.772617,assault,medium
26.179468,91.77188,scam,high
26.182742,91.767905,accident,high
26.183846,91.771182,theft,medium
26.179825,91.773598,assault,medium
26.185077,91.772495,theft,medium
26.184016,91.769794,theft,medium
26.183548,91.773912,accident,critical
26.182176,91.773824,scam,low
26.186392,91.768136,accident,medium
26.183425,91.77542,accident,high
26.183513,91.774274,lost_person,medium
26.182811,91.768449,theft,critical
26.183548,91.773813,accident,medium
26.180941,91.769535,scam,medium
26.183824,91.774041,assault,low
26.182252,91.773945,scam,high
26.18233,91.771055,harassment,low
26.184845,91.769401,lost_person,medium
26.184208,91.77408,theft,low
26.185065,91.770551,scam,medium
26.177586,91.772684,lost_person,high
26.182966,91.768538,accident,medium
26.18287,91.768452,lost_person,high
26.186584,91.773733,assault,high
26.184088,91.772852,accident,medium
26.181453,91.772115,lost_person,medium
26.18324,91.772534,theft,medium
26.18437,91.775479,lost_person,low
26.18218,91.769257,harassment,low
26.180501,91.772242,harassment,low
26.185283,91.768846,assault,medium
26.179858,91.776397,assault,low
26.181799,91.769952,assault,medium
26.181684,91.772816,accident,medium
26.186016,91.771345,harassment,high
26.180535,91.771898,theft,medium
26.180517,91.767647,assault,low
26.182943,91.769325,lost_person,low
26.184612,91.775751,accident,high
26.183815,91.773115,lost_person,medium
26.181192,91.775962,scam,high
26.181935,91.772861,harassment,low
26.183752,91.774666,assault,high
26.180857,91.770875,assault,medium
26.183049,91.7761,assault,medium
26.181462,91.772977,scam,low
26.182664,91.772844,assault,low
26.186745,91.770421,theft,medium
26.183146,91.770607,lost_person,low
26.184799,91.770873,accident,critical
26.184466,91.77059,assault,medium
26.182151,91.770449,lost_person,high
26.183528,91.769682,theft,low
26.18547,91.770553,lost_person,medium
26.183749,91.771718,harassment,medium
26.179719,91.77636,harassment,medium
26.182147,91.769183,accident,low
26.17937,91.769153,harassment,medium
26.182773,91.773163,assault,medium
26.18466,91.776139,lost_person,medium
26.182837,91.767914,scam,medium
26.177951,91.76809,theft,low
26.177116,91.769809,assault,critical
26.185931,91.773173,harassment,medium
26.18489,91.772022,theft,medium
26.185106,91.773845,harassment,low
26.180752,91.771299,assault,high
26.180839,91.772309,harassment,medium
26.183369,91.774998,scam,low
26.181152,91.772579,assault,high
26.184389,91.775184,accident,critical
26.18276,91.769686,lost_person,high
26.185556,91.773977,theft,low
26.186832,91.774593,harassment,low
26.181746,91.77176,scam,medium
26.184647,91.774076,lost_person,critical
26.180224,91.776139,accident,low
26.18428,91.773052,lost_person,medium
26.185105,91.77262,harassment,critical
26.185906,91.769016,accident,low
26.180122,91.772929,lost_person,low
26.183597,91.769483,scam,high
26.182759,91.775554,harassment,low
26.177577,91.771339,harassment,high
26.183465,91.770643,lost_person,low
26.182316,91.774501,theft,low
26.178595,91.773492,scam,low
26.181472,91.768979,assault,low
26.182005,91.768219,scam,low
26.182963,91.768673,theft,medium
26.180164,91.772046,theft,low
26.184649,91.768271,accident,medium
26.182318,91.773739,theft,low
26.18236,91.771829,assault,medium
26.185515,91.773622,assault,critical
26.183444,91.772996,lost_person,low
26.18396,91.773499,accident,medium
26.183711,91.772766,scam,medium
26.183977,91.773925,lost_person,low
26.182277,91.770659,scam,low
26.183252,91.770542,harassment,medium
26.178123,91.775434,assault,high
26.178335,91.771139,assault,low
26.18473,91.771842,accident,low
26.181788,91.768953,scam,medium
26.187759,91.771233,harassment,high
26.185067,91.772746,accident,medium
26.18081,91.769993,scam,low
26.178404,91.771062,scam,medium
26.181849,91.770188,harassment,high
26.181307,91.770386,lost_person,critical
26.183666,91.771434,assault,high
26.187301,91.770639,harassment,medium
26.18257,91.769696,accident,low
26.184015,91.772964,lost_person,low
26.183098,91.772909,lost_person,medium
26.181183,91.770945,scam,high
26.186705,91.773832,assault,low
26.185987,91.774955,scam,low
26.180694,91.769786,scam,high
26.181185,91.771664,accident,high
26.182629,91.77092,lost_person,high
26.179732,91.772194,accident,low
26.186285,91.767214,scam,high
26.182253,91.773472,assault,low
26.186543,91.775259,accident,high
26.182801,91.772755,scam,high
26.184099,91.772202,harassment,medium
26.181278,91.770875,harassment,high
26.181197,91.774459,scam,low
26.181739,91.771751,assault,medium
26.17959,91.771769,scam,medium
26.181798,91.772662,scam,low
26.181399,91.767786,scam,high
26.18184,91.770678,accident,medium
26.184955,91.771948,accident,low
26.185862,91.775008,scam,low
26.182099,91.773267,theft,medium
26.184243,91.774652,scam,low
26.18212,91.770502,harassment,low
26.178562,91.775058,scam,high
26.18224,91.773111,lost_person,low
26.183099,91.772579,theft,medium
26.184601,91.77513,lost_person,medium
26.186304,91.772148,lost_person,low
26.178537,91.772352,assault,low
26.185973,91.771402,harassment,low
26.183379,91.77293,theft,medium
26.184518,91.773399,accident,high
26.184092,91.771695,lost_person,high
26.183197,91.767676,accident,critical
26.183847,91.770953,theft,low
26.186824,91.772701,harassment,low
26.184952,91.772947,lost_person,high
26.182425,91.771164,accident,medium
26.180239,91.771416,harassment,medium
26.187902,91.774668,harassment,low
26.1849,91.771377,scam,medium
26.18368,91.76982,assault,medium
26.18481,91.773146,accident,low
26.18319,91.771067,scam,medium
26.184291,91.773221,harassment,low
26.184905,91.769314,harassment,medium
26.188013,91.77253,theft,low
26.185371,91.774094,lost_person,low
26.181579,91.773279,scam,medium
26.180252,91.775091,assault,high
26.181092,91.772303,accident,medium
26.18176,91.772942,assault,low
26.185515,91.76897,lost_person,low
26.181658,91.774183,harassment,low
26.180972,91.773837,assault,medium
26.180504,91.770356,scam,medium
26.178948,91.769425,scam,low
26.181733,91.774369,assault,high
26.182877,91.775869,harassment,high
26.18521,91.772363,harassment,low
26.183395,91.773637,accident,low
26.182911,91.772938,theft,critical
26.184973,91.773441,lost_person,high
26.184286,91.774385,theft,medium
26.184634,91.772887,theft,low
26.183415,91.769102,accident,low
26.186272,91.766692,theft,low
26.18222,91.773638,scam,medium
26.181598,91.773293,scam,medium
26.183578,91.776267,scam,medium
26.178463,91.773042,harassment,critical
26.182496,91.771098,assault,high
26.182559,91.772081,lost_person,medium
26.181816,91.768604,assault,high
26.181915,91.773936,scam,medium
26.182766,91.772251,assault,critical
26.182302,91.772737,theft,low
26.185271,91.770316,accident,high
26.183773,91.772885,assault,high
26.182131,91.772346,accident,high
26.185436,91.773777,accident,medium
26.179545,91.772293,accident,low
26.178055,91.774651,harassment,high
26.179696,91.7676,lost_person,medium
26.184905,91.768587,harassment,high
26.184699,91.774555,lost_person,low
26.181876,91.769548,lost_person,low
26.181125,91.773252,assault,medium
26.184236,91.76982,lost_person,low
26.184198,91.772302,theft,medium
26.182882,91.771711,assault,low
26.187752,91.774119,assault,critical
26.182068,91.772563,accident,medium
26.183737,91.765667,accident,medium
26.178259,91.774536,assault,medium
26.178558,91.773187,harassment,high
26.183494,91.772545,accident,medium
26.183118,91.774531,lost_person,low
26.185855,91.772705,harassment,medium
26.18567,91.773147,harassment,medium
26.183811,91.770144,assault,low
26.184701,91.773863,harassment,low
26.181228,91.77437,accident,medium
26.182393,91.771861,accident,critical
26.18512,91.772819,theft,medium
26.183924,91.769468,theft,medium
26.184943,91.770045,theft,medium
26.185369,91.768348,scam,high
26.180281,91.771827,theft,high
26.183571,91.77478,assault,high
26.183706,91.768943,accident,medium
26.183449,91.772437,lost_person,medium
26.178772,91.774889,scam,medium
26.18384,91.772499,assault,low
26.183088,91.772621,accident,low
26.179633,91.773299,accident,medium
26.182224,91.77136,lost_person,low
26.180298,91.772131,assault,medium
26.182931,91.773246,scam,medium
26.17984,91.772095,harassment,high
26.183988,91.772973,theft,medium
26.18293,91.774728,assault,low
26.187513,91.774365,theft,medium
26.184386,91.773916,assault,medium
26.180837,91.77544,scam,high
26.179421,91.772445,accident,high
26.182347,91.774302,lost_person,low
26.181377,91.772011,lost_person,medium
26.183968,91.77029,scam,medium
26.181265,91.768785,theft,low
26.187379,91.768541,lost_person,low
26.182598,91.77224,assault,high
26.179853,91.77475,theft,high
26.181581,91.77051,accident,medium
26.181541,91.772792,lost_person,medium
26.180367,91.773786,accident,medium
26.183035,91.77273,lost_person,critical
26.184606,91.770699,lost_person,high
26.178677,91.773939,harassment,medium
26.184206,91.771898,harassment,low
26.183081,91.773393,assault,high
26.178921,91.77299,harassment,medium
26.18012,91.77244,harassment,medium
26.179915,91.771112,theft,high
26.182816,91.772013,lost_person,low
26.18351,91.771656,harassment,medium
26.185755,91.774187,assault,medium
26.18423,91.769729,scam,critical
26.186817,91.772956,assault,medium
26.182958,91.773391,harassment,medium
26.184924,91.769913,accident,low
26.18564,91.771722,accident,low
26.185404,91.772413,assault,medium
26.182654,91.773902,theft,low
26.180794,91.767568,harassment,medium
26.182415,91.771838,harassment,high
26.180415,91.769176,scam,critical
26.18366,91.768193,harassment,medium
26.179277,91.77061,scam,critical
26.180529,91.771438,assault,high
26.178898,91.773027,scam,low
26.181851,91.770215,theft,critical
26.182094,91.774806,harassment,medium
26.179907,91.769542,harassment,medium
26.179502,91.769901,accident,high
26.184753,91.771321,assault,low
26.181686,91.77901,accident,medium
26.188327,91.773979,accident,high
26.182433,91.768391,scam,high
26.184967,91.77223,scam,medium
26.183049,91.774045,lost_person,medium
26.183392,91.775759,theft,low
26.182184,91.76944,scam,medium
26.185236,91.770822,lost_person,medium
26.186681,91.768103,scam,high
26.183692,91.771898,lost_person,critical
26.183424,91.771544,theft,medium
26.184904,91.777696,assault,low
26.183797,91.77176,harassment,low
26.18183,91.774338,assault,high
26.182122,91.772228,lost_person,medium
26.183514,91.774555,lost_person,medium
26.181547,91.770309,harassment,medium
26.180175,91.769981,assault,high
26.184,91.772837,assault,medium
26.190635,91.768136,accident,high
26.180382,91.771247,scam,medium
26.18243,91.773057,theft,medium
26.181215,91.772821,scam,medium
26.181483,91.771048,lost_person,high
26.185094,91.773704,accident,critical
26.184252,91.771012,theft,low
26.18607,91.769558,theft,high
26.181897,91.773889,assault,low
26.185372,91.77505,assault,medium
26.183418,91.772253,assault,high
26.181813,91.771578,harassment,high
26.182563,91.770333,assault,low
26.18157,91.767165,lost_person,medium
26.181937,91.774543,scam,high
26.186041,91.769606,theft,medium
26.183743,91.7733,lost_person,low
26.182258,91.773075,lost_person,high
26.183106,91.774072,lost_person,critical
26.179795,91.772128,harassment,low
26.181635,91.77009,scam,low
26.185515,91.772177,lost_person,low
26.182076,91.770359,scam,low
26.180189,91.770216,lost_person,medium
26.179774,91.77133,theft,low
26.182841,91.771663,theft,high
26.180181,91.773663,scam,high
26.180517,91.769384,accident,low
26.186619,91.77273,accident,medium
26.182513,91.768325,accident,high
26.181937,91.773738,assault,critical
26.182741,91.77123,theft,high
26.182319,91.773154,theft,low
26.183043,91.771633,assault,high
26.188724,91.77048,scam,low
26.184362,91.775311,scam,critical
26.184202,91.769641,accident,medium
26.184378,91.772244,theft,medium
26.184065,91.771177,accident,low
26.180969,91.769863,scam,low
26.180219,91.774311,assault,low
26.187146,91.775459,accident,low
26.18157,91.772133,assault,low
26.182979,91.775366,theft,low
26.184121,91.769936,accident,low
26.185546,91.766699,assault,high
26.179997,91.772692,scam,low
26.185115,91.772445,assault,medium
26.179766,91.771254,harassment,critical
26.183059,91.771491,lost_person,medium
26.183449,91.7745,accident,critical
26.1811,91.772123,lost_person,medium
26.181944,91.76925,assault,medium
26.184657,91.772157,scam,low
26.185986,91.773381,assault,medium
26.184697,91.773013,lost_person,medium
26.181392,91.774172,accident,low
26.18603,91.774062,harassment,medium
26.182114,91.769419,theft,medium
26.183956,91.772669,accident,low
26.184799,91.770805,theft,medium
26.184846,91.771844,accident,high
26.183099,91.769919,lost_person,high
26.186493,91.774429,harassment,high
26.180852,91.770427,accident,medium
26.183674,91.770794,lost_person,medium
26.181133,91.766656,lost_person,high
26.186282,91.772486,lost_person,medium
26.183257,91.773146,assault,high
26.181349,91.771409,theft,high
26.180401,91.769168,lost_person,high
26.183833,91.772473,accident,medium
26.178571,91.772524,accident,critical
26.180961,91.772094,accident,medium
26.184988,91.775481,accident,low
26.181764,91.774999,lost_person,critical
26.182041,91.774136,lost_person,high
26.185253,91.771512,scam,high
26.185026,91.775919,accident,high
26.18551,91.776206,harassment,low
26.182396,91.771582,assault,high
26.180848,91.771605,lost_person,medium
26.184285,91.773338,theft,medium
26.183048,91.770101,assault,medium
26.184154,91.776021,theft,low
26.182912,91.769657,accident,critical
26.18048,91.774474,harassment,medium
26.18396,91.775041,harassment,medium
26.185806,91.773819,accident,medium
26.183286,91.770964,harassment,low
26.183644,91.77275,scam,high
26.18326,91.771871,harassment,high
26.182804,91.773268,accident,high
26.181683,91.76902,theft,low
26.180618,91.766918,lost_person,high
26.178814,91.770663,accident,medium
26.181187,91.774757,harassment,medium
26.18005,91.775394,theft,medium
26.183924,91.773676,assault,low
26.17784,91.769172,assault,low
26.187377,91.771981,assault,high
26.181848,91.770572,scam,low
26.180287,91.775914,lost_person,low
26.17993,91.775325,scam,medium
26.182043,91.773857,assault,low
26.18419,91.774012,lost_person,high
26.179761,91.769875,assault,high
26.182324,91.773364,lost_person,high
26.185953,91.766301,accident,medium
26.187551,91.769992,theft,medium
26.180551,91.774218,harassment,medium
26.183835,91.771671,accident,medium
26.180057,91.770714,harassment,medium
26.179721,91.772085,assault,medium
26.184119,91.77202,accident,low
26.18454,91.773223,assault,high
26.1872,91.772429,assault,medium
26.179516,91.771875,assault,low
26.18435,91.775668,lost_person,medium
26.184,91.771239,assault,medium
26.17992,91.771327,scam,low
26.186516,91.77785,lost_person,low
26.185822,91.775425,assault,high
26.185778,91.774339,harassment,medium
26.182445,91.773236,scam,high
26.183275,91.773381,theft,low
26.180527,91.77273,theft,high
26.185277,91.771171,lost_person,high
26.182409,91.772177,assault,low
26.179811,91.774365,scam,low
26.180152,91.772071,harassment,low
26.185301,91.771595,harassment,medium
26.180456,91.775056,assault,low
26.183987,91.770921,scam,medium
26.179423,91.771123,harassment,high
26.181518,91.773922,harassment,medium
26.182096,91.774977,lost_person,medium
26.1876,91.772559,theft,high
26.182629,91.771402,harassment,low
26.178464,91.774114,lost_person,medium
26.182558,91.771906,lost_person,high
26.179217,91.772552,theft,medium
26.185893,91.771767,harassment,medium
26.182169,91.771129,scam,medium
26.18234,91.771889,assault,medium
26.182117,91.773078,assault,low
26.181327,91.77575,harassment,low
26.181724,91.769281,harassment,medium
26.181958,91.769679,harassment,low
26.184082,91.772696,scam,low
26.18251,91.770387,accident,medium
26.186441,91.768269,theft,medium
26.18363,91.771682,accident,critical
26.184778,91.770541,theft,low
26.182871,91.771973,harassment,medium
26.182302,91.766964,assault,medium
26.181123,91.773427,accident,low
26.183822,91.769016,harassment,medium
26.185524,91.771245,assault,low
26.180391,91.771483,theft,high
26.180975,91.768099,scam,medium
26.183778,91.772537,scam,medium
26.1835,91.773856,assault,low
26.182142,91.772898,harassment,medium
26.181586,91.769106,accident,low
26.17997,91.771142,theft,high
26.184003,91.77243,harassment,medium
26.1806,91.770794,harassment,high
26.180531,91.769544,scam,high
26.184989,91.767223,theft,critical
26.181966,91.773534,scam,high
26.182947,91.771598,assault,low
26.183112,91.773301,assault,medium
26.181745,91.773689,harassment,low
26.185123,91.771297,assault,high
26.180755,91.77367,harassment,low
26.184734,91.770114,assault,high
26.185077,91.771743,theft,medium
26.181385,91.772098,scam,low
26.180855,91.773114,accident,high
26.182274,91.767936,accident,high
26.183826,91.770785,theft,critical
26.184784,91.768952,harassment,high
26.184032,91.776944,assault,low
26.185923,91.773021,assault,medium
26.183655,91.773041,accident,critical
26.182927,91.771344,harassment,medium
26.18142,91.769949,theft,medium
26.183688,91.769612,harassment,high
26.184106,91.772562,lost_person,medium
26.182328,91.772786,scam,high
26.183734,91.770462,accident,medium
26.186581,91.766702,lost_person,low
26.184305,91.768428,harassment,high
26.180953,91.769143,lost_person,high
26.179361,91.770638,lost_person,medium
26.183323,91.76857,assault,low
26.18571,91.772413,accident,high
26.180844,91.774163,accident,high
26.183176,91.772544,scam,medium
26.1883,91.773713,lost_person,high
26.181769,91.7755,scam,low
26.182191,91.768815,lost_person,medium
26.181109,91.768897,assault,high
26.181876,91.77515,scam,medium
26.186263,91.76905,scam,low
26.182003,91.769518,theft,critical
26.183577,91.769619,harassment,low
26.184531,91.772836,scam,critical
26.183701,91.772906,scam,high
26.184584,91.769331,assault,low
26.181819,91.775377,accident,medium
26.183807,91.774827,scam,medium
26.182143,91.77453,accident,medium
26.183678,91.769412,lost_person,medium
26.184097,91.77063,harassment,low
26.183585,91.769573,accident,medium
26.182701,91.769989,assault,medium
26.18519,91.770904,assault,high
26.181106,91.774371,scam,low
26.180285,91.768461,theft,low
26.179342,91.772823,scam,high
26.182104,91.773359,assault,medium
26.186489,91.767353,scam,low
26.185312,91.773923,assault,critical
26.181082,91.769238,lost_person,medium
26.18365,91.768808,theft,medium
26.180184,91.769226,lost_person,high
26.184622,91.771502,assault,medium
26.182721,91.77297,scam,medium
26.18267,91.765718,harassment,high
26.184192,91.770006,scam,low
26.187105,91.772507,lost_person,critical
26.186244,91.771851,assault,critical
26.18995,91.775363,scam,low
26.184899,91.767573,harassment,medium
26.182473,91.771792,harassment,low
26.183377,91.772178,scam,critical
26.183365,91.772174,theft,low
26.185505,91.774078,assault,high
26.187889,91.770729,assault,low
26.186424,91.769497,assault,medium
26.182747,91.77133,lost_person,low
26.183577,91.771881,theft,low
26.186746,91.769214,scam,medium
26.183616,91.769804,assault,high
26.178717,91.771445,accident,medium
26.186096,91.770325,scam,low
26.182591,91.772462,lost_person,high
26.185013,91.770312,harassment,low
26.184216,91.772574,harassment,high
26.183063,91.768737,theft,medium
26.18249,91.770978,harassment,medium
26.185919,91.774819,harassment,critical
26.179009,91.773325,scam,medium
26.181332,91.771822,accident,medium
26.182036,91.778002,assault,high
26.181435,91.771987,assault,high
26.184994,91.775368,scam,medium
26.18598,91.772059,assault,low
26.182487,91.77132,assault,high
26.184203,91.770808,scam,medium
26.180205,91.775369,harassment,low
26.184295,91.771199,lost_person,medium
26.18329,91.773578,lost_person,low
26.181571,91.774304,scam,medium
26.182835,91.769542,theft,medium
26.18256,91.769466,assault,high
26.18136,91.771296,theft,medium
26.179844,91.77286,accident,low
26.186719,91.772097,harassment,low
26.185981,91.769473,lost_person,high
26.183882,91.773837,harassment,low
26.181266,91.771154,assault,high
26.183398,91.775506,theft,medium
26.185655,91.769886,accident,medium
26.18234,91.775014,assault,high
26.181848,91.769588,assault,low
26.182291,91.769636,scam,high
26.181848,91.773762,theft,medium
26.181417,91.776579,lost_person,high
26.184286,91.775148,harassment,high
26.18502,91.771355,accident,low
26.182401,91.773061,scam,low
26.182519,91.773051,assault,high
26.181134,91.77056,scam,high
26.184213,91.771819,scam,low
26.181138,91.77155,lost_person,low
26.184727,91.775417,theft,low
26.185274,91.773163,theft,low
26.182606,91.772098,theft,high
26.181524,91.771854,harassment,low
26.181775,91.772069,harassment,medium
26.181431,91.774751,scam,medium
26.180649,91.766534,accident,critical
26.183161,91.771403,assault,critical
26.182585,91.775761,accident,low
26.179131,91.774372,theft,medium
26.185168,91.771317,accident,low
26.183951,91.769177,lost_person,medium
26.181606,91.77151,lost_person,high
26.182719,91.769439,lost_person,medium
26.183443,91.773139,lost_person,medium
26.180471,91.766291,assault,low
26.183136,91.775704,harassment,high
26.185797,91.772206,assault,medium
26.182757,91.771337,lost_person,medium
26.184037,91.771012,assault,critical
26.181648,91.771539,lost_person,high
26.184488,91.776024,accident,high
26.176472,91.771986,scam,medium
26.182716,91.768796,accident,low
26.185875,91.774442,assault,low
26.186673,91.775247,assault,low
26.186008,91.773247,scam,medium
26.183326,91.773902,scam,low
26.182079,91.772784,assault,high
26.182239,91.775243,harassment,medium
26.183746,91.771191,theft,high
26.182485,91.773503,theft,medium
26.188634,91.771097,theft,low
26.181063,91.773171,scam,high
26.183316,91.767274,harassment,medium
26.185562,91.772118,assault,critical
26.180477,91.767248,scam,critical
26.182797,91.771183,lost_person,low
26.180861,91.774575,theft,critical
26.181666,91.771465,theft,critical
26.185193,91.769982,lost_person,medium
26.182968,91.769188,assault,medium
26.183748,91.769499,assault,low
26.181682,91.773461,lost_person,low
26.182523,91.770832,theft,low
26.185855,91.769857,assault,high
26.182346,91.774111,lost_person,medium
26.185239,91.768655,theft,low
26.184745,91.773226,theft,high
26.184981,91.769142,scam,critical
26.18443,91.773345,harassment,medium
26.182107,91.773803,harassment,medium
26.180168,91.772834,assault,medium
26.181578,91.769211,scam,low
26.188788,91.76904,accident,medium
26.181326,91.773227,scam,medium
26.183151,91.773962,scam,low
26.186497,91.771382,scam,high
26.180327,91.774331,assault,medium
26.183588,91.773121,harassment,high
26.18119,91.773045,theft,medium
26.180995,91.772285,lost_person,high
26.184357,91.770254,assault,low
26.182439,91.769791,lost_person,critical
26.183074,91.774859,theft,medium
26.182432,91.772704,lost_person,low
26.186148,91.772929,scam,medium
26.182695,91.770419,accident,low
26.184033,91.770444,accident,medium
26.179674,91.774281,lost_person,low
26.1797,91.772171,accident,high
26.182684,91.767983,scam,high
26.183445,91.770278,assault,critical
26.184311,91.774045,assault,high
26.184501,91.769862,lost_person,critical
26.184085,91.769729,theft,critical
26.182404,91.770623,lost_person,low
26.185941,91.769365,accident,medium
26.185681,91.775845,theft,high
26.184108,91.767659,scam,medium
26.178101,91.769233,lost_person,medium
26.182944,91.773446,theft,critical
26.177769,91.771428,harassment,medium
26.178656,91.769697,theft,high
26.180613,91.772596,harassment,medium
26.181204,91.77214,accident,low
26.182371,91.773264,assault,high
26.182148,91.769553,scam,medium
26.181083,91.773661,harassment,medium
26.185963,91.773357,theft,medium
26.180954,91.773378,scam,medium
26.18696,91.771084,harassment,high
26.186097,91.77034,harassment,medium
26.182276,91.772106,harassment,medium
26.184303,91.773394,lost_person,medium
26.182091,91.767581,scam,high
26.183043,91.773053,theft,high
26.183023,91.775116,lost_person,medium
26.183225,91.7687,harassment,low
26.184733,91.770851,theft,medium
26.185514,91.772384,accident,low
26.179774,91.775833,scam,low
26.182021,91.775194,scam,high
26.181759,91.769056,accident,medium
26.185179,91.775369,accident,medium
26.180219,91.772892,accident,medium
26.180697,91.775295,assault,low
26.179819,91.774568,lost_person,high
26.183736,91.773347,harassment,high
26.184747,91.775722,scam,low
26.185194,91.77117,assault,low
26.181137,91.772799,scam,medium
26.185987,91.775464,accident,low
26.181234,91.772681,theft,medium
26.180937,91.77227,lost_person,medium
26.182807,91.770083,lost_person,medium
26.180819,91.771919,lost_person,high
26.181278,91.774207,assault,medium
26.185661,91.772813,scam,medium
26.180133,91.771001,accident,low
26.184748,91.771579,lost_person,medium
26.186544,91.773471,assault,high
26.18515,91.771066,accident,medium
26.181778,91.769935,harassment,medium
26.186526,91.771697,lost_person,high
26.186032,91.770229,scam,medium
26.181499,91.770696,lost_person,medium
26.17645,91.770153,lost_person,medium
26.181915,91.770347,accident,medium
26.185509,91.77241,assault,medium
26.185342,91.772222,assault,medium
26.183543,91.771981,accident,low
26.183311,91.773327,theft,low
26.179438,91.773217,lost_person,high
26.185654,91.774958,accident,medium
26.182561,91.769588,scam,high
26.186255,91.769404,assault,high
26.181433,91.772765,harassment,high
26.18234,91.77776,harassment,low
26.182948,91.774922,accident,critical
26.186625,91.770827,accident,medium
26.180873,91.773255,accident,high
26.179331,91.772868,scam,medium
26.186379,91.774314,scam,medium
26.185336,91.776125,scam,medium
26.184905,91.770681,scam,high
26.180359,91.77357,accident,critical
26.18563,91.769849,assault,high
26.182915,91.772492,theft,high
26.185584,91.773338,scam,low
26.180528,91.77207,scam,high
26.180567,91.771866,harassment,medium
26.182772,91.770747,lost_person,medium
26.181973,91.774311,accident,high
26.182219,91.769989,scam,low
26.182243,91.772656,theft,low
26.183414,91.775083,accident,medium
26.184966,91.771557,theft,medium
26.182569,91.774664,lost_person,medium
26.185373,91.771696,assault,medium
26.181341,91.774563,accident,low
26.18688,91.773376,accident,medium
26.181465,91.771341,theft,high
26.182926,91.772611,accident,medium
26.183567,91.77583,theft,high
26.181406,91.775696,scam,low
26.18467,91.775489,lost_person,low
26.178197,91.7713,scam,high
26.184714,91.768412,accident,high
26.18157,91.770892,theft,medium
26.183326,91.774724,accident,medium
26.183487,91.766754,harassment,critical
26.18424,91.770493,scam,high
26.179417,91.771935,lost_person,high
26.186575,91.77038,theft,medium
26.181358,91.771561,scam,high
26.181488,91.772426,accident,medium
26.183681,91.768995,accident,medium
26.183705,91.772035,scam,medium
26.179291,91.77555,lost_person,medium
26.18713,91.771804,lost_person,high
26.182159,91.775505,scam,medium
26.182729,91.769176,accident,medium
26.183139,91.770735,scam,critical
26.182695,91.77427,lost_person,medium
26.182476,91.772533,accident,low
26.178877,91.771385,harassment,low
26.181388,91.771617,lost_person,medium
26.179398,91.769184,lost_person,low
26.179235,91.769076,accident,critical
26.184137,91.769368,lost_person,medium
26.184342,91.772425,accident,medium
26.180115,91.772157,lost_person,high
26.183445,91.773917,lost_person,low
26.183711,91.77015,accident,high
26.182927,91.771435,lost_person,medium
26.185845,91.773263,scam,medium
26.179936,91.770059,assault,low
26.185451,91.771978,lost_person,high
26.184521,91.76969,scam,high
26.183515,91.773008,harassment,high
26.186853,91.770405,assault,medium
26.183996,91.772033,accident,high
26.18307,91.771103,scam,medium
26.186562,91.767183,accident,high
26.185857,91.774181,theft,low
26.181862,91.772964,lost_person,high
26.182536,91.773012,lost_person,low
26.183147,91.773684,lost_person,medium
26.182538,91.768688,lost_person,medium
26.181549,91.770306,theft,critical
26.184086,91.772553,lost_person,low
26.183821,91.770303,theft,low
26.184996,91.770289,assault,medium
26.187458,91.772469,accident,low
26.182631,91.772029,accident,medium
26.179996,91.771636,theft,high
26.181533,91.766663,scam,medium
26.18182,91.770297,harassment,medium
26.182201,91.77276,harassment,high
26.181993,91.773696,harassment,high
26.187257,91.771369,accident,medium
26.183603,91.772099,assault,medium
26.180634,91.773992,harassment,high
26.183567,91.772992,scam,medium
26.184093,91.774063,scam,high
26.18452,91.769942,assault,medium
26.18327,91.774592,lost_person,critical
26.183336,91.771359,accident,medium
26.179966,91.771572,lost_person,low
26.184593,91.773038,assault,high
26.180931,91.770562,scam,high
26.183132,91.773889,lost_person,low
26.182787,91.77266,assault,medium
26.181552,91.774808,scam,low
26.184648,91.77177,lost_person,medium
26.186793,91.772225,assault,medium
26.185521,91.775567,theft,low
26.182146,91.772856,harassment,medium
26.184082,91.771727,scam,medium
26.189769,91.771675,harassment,low
26.182786,91.772927,theft,high
26.182785,91.77398,assault,medium
26.18395,91.770721,lost_person,medium
26.182036,91.77122,scam,low
26.180877,91.770086,scam,high
26.185709,91.774267,accident,critical
26.181753,91.771574,harassment,high
26.182535,91.76598,accident,medium
26.183433,91.777343,theft,high
26.179437,91.773676,assault,critical
26.18351,91.771538,harassment,low
26.187951,91.773065,theft,low
26.180792,91.774815,assault,low
26.182365,91.773771,scam,high
26.18756,91.769615,theft,medium
26.185312,91.772492,assault,high
26.18418,91.776394,lost_person,low
26.180741,91.774815,lost_person,low
26.185542,91.767738,lost_person,medium
26.182508,91.773551,theft,medium
26.184216,91.772859,harassment,high
26.183311,91.773731,theft,low
26.186738,91.770241,accident,medium
26.185224,91.776762,lost_person,low
26.183746,91.768475,assault,high
26.18041,91.775629,assault,high
26.1858,91.771366,harassment,low
26.182824,91.775086,harassment,high
26.182231,91.772968,harassment,medium
26.182771,91.770292,lost_person,high
26.180291,91.773608,lost_person,medium
26.186889,91.773319,scam,medium
26.187714,91.768658,accident,high
26.184516,91.770359,scam,medium
26.184257,91.772974,accident,high
26.18486,91.771499,accident,medium
26.180297,91.76921,scam,low
26.182885,91.770218,harassment,medium
26.187514,91.772078,lost_person,low
26.183177,91.777372,harassment,high
26.179709,91.770561,accident,medium
26.182316,91.771094,lost_person,low
26.184182,91.771076,accident,critical
26.183184,91.769243,theft,low
26.179275,91.774825,theft,low
26.182963,91.773802,harassment,low
26.182002,91.774229,assault,medium
26.180433,91.774509,harassment,low
26.180931,91.771357,accident,high
26.186575,91.77416,theft,low
26.181281,91.767436,lost_person,medium
26.185018,91.77232,assault,low
26.184705,91.773247,assault,medium
26.183767,91.769442,lost_person,medium
26.18363,91.770365,scam,medium
26.183281,91.774327,accident,medium
26.184596,91.769948,harassment,medium
26.18185,91.770063,harassment,high
26.181356,91.770988,accident,high
26.184073,91.771846,lost_person,high
26.180103,91.774537,assault,medium
26.181225,91.773565,harassment,low
26.184747,91.769286,lost_person,low
26.17986,91.770086,assault,high
26.18247,91.77343,harassment,medium
26.184901,91.771165,scam,low
26.181993,91.771826,theft,medium
26.183292,91.773274,lost_person,low
26.179922,91.76849,accident,medium
26.183273,91.774454,assault,critical
26.188296,91.771399,lost_person,high
26.180211,91.772794,assault,medium
26.180839,91.775095,theft,medium
26.188991,91.774045,assault,medium
26.183556,91.767009,theft,low
26.184647,91.773708,harassment,medium
26.183219,91.773301,theft,medium
26.185946,91.771402,scam,low
26.186544,91.771718,harassment,medium
26.182538,91.779379,theft,critical
26.179361,91.772748,harassment,high
26.182219,91.772778,lost_person,high
26.183127,91.775189,harassment,medium
26.183644,91.775496,theft,medium
26.179725,91.773448,accident,low
26.180556,91.773872,harassment,high
26.184256,91.771277,assault,medium
26.180918,91.771752,assault,medium
26.18372,91.772129,theft,low
26.184931,91.774643,harassment,critical
26.182818,91.770275,scam,low
26.180022,91.768786,assault,medium
26.183338,91.772983,theft,medium
26.181406,91.774265,theft,critical
26.185452,91.772866,harassment,high
26.185703,91.773713,theft,medium
26.185889,91.771465,harassment,medium
26.183789,91.770618,accident,medium
26.183929,91.774081,harassment,medium
26.182174,91.773175,scam,high
26.182862,91.773432,theft,medium
26.186963,91.769892,assault,medium
26.180965,91.770788,assault,high
26.188499,91.767846,harassment,medium
26.181678,91.769726,assault,high
26.180955,91.771247,accident,low
26.184842,91.77225,scam,low
26.182576,91.771101,lost_person,low
26.183508,91.775481,accident,medium
26.182267,91.770719,accident,low
26.189028,91.772913,scam,high
26.185477,91.773242,scam,medium
26.179019,91.773784,harassment,medium
26.185888,91.770732,scam,high
26.186379,91.77263,theft,high
26.183439,91.76993,accident,low
26.182988,91.769391,theft,low
26.183657,91.770327,theft,medium
26.180033,91.775832,scam,high
26.182306,91.772881,assault,critical
26.182361,91.773182,assault,high
26.182422,91.772151,scam,high
26.181573,91.775441,harassment,medium
26.18097,91.770837,assault,high
26.184439,91.765831,scam,high
26.183403,91.768792,lost_person,medium
26.182804,91.774105,lost_person,medium
26.18309,91.769722,lost_person,high
26.183289,91.773,harassment,high
26.180998,91.775981,accident,high
26.186034,91.770612,harassment,medium
26.18413,91.771673,harassment,high
26.187423,91.768782,assault,medium
26.184221,91.772029,accident,medium
26.186235,91.770991,assault,medium
26.181314,91.767851,assault,low
26.18365,91.776465,harassment,low
26.183441,91.771089,harassment,critical
26.186162,91.773525,harassment,critical
26.177752,91.77583,assault,low
26.184255,91.776981,harassment,medium
26.181299,91.770655,harassment,high
26.184085,91.77073,harassment,low
26.182815,91.771386,lost_person,high
26.184788,91.769688,harassment,medium
26.182423,91.773025,theft,low
26.183394,91.771274,scam,low
26.182992,91.768836,harassment,high
26.183707,91.770403,theft,low
26.181464,91.773076,harassment,low
26.184536,91.771929,theft,high
26.186897,91.772328,lost_person,medium
26.181891,91.770988,theft,medium
26.182053,91.772922,lost_person,medium
26.1817,91.769196,lost_person,low
26.180336,91.77308,accident,high
26.179244,91.772222,accident,low
26.181719,91.771802,harassment,medium
26.181688,91.772995,harassment,medium
26.183081,91.770498,assault,medium
26.185247,91.772692,accident,low
26.181466,91.772599,theft,low
26.178449,91.773914,theft,low
26.186477,91.773675,scam,medium
26.184979,91.769971,accident,critical
26.183015,91.773702,harassment,medium
26.182313,91.773176,harassment,high
26.181297,91.773392,accident,medium
26.182188,91.773942,lost_person,medium
26.186606,91.771131,harassment,low
26.180153,91.774925,harassment,medium
26.182734,91.772257,scam,low
26.18095,91.769677,scam,high
26.184476,91.770787,scam,high
26.178885,91.773642,accident,critical
26.184484,91.773089,theft,critical
26.183625,91.771881,lost_person,high
26.183662,91.770826,lost_person,high
26.18466,91.774,theft,medium
26.183848,91.769931,scam,high
26.183463,91.76758,lost_person,high
26.179904,91.775306,accident,medium
26.182685,91.774103,harassment,high
26.187463,91.769258,scam,low
26.182612,91.77088,accident,low
26.185346,91.774469,theft,medium
26.182794,91.76826,harassment,low
26.185599,91.770267,harassment,medium
26.182462,91.773977,lost_person,medium
26.181769,91.771367,lost_person,low
26.179428,91.774118,harassment,low
26.180862,91.771646,theft,high
26.185131,91.771059,accident,medium
26.178948,91.770425,accident,medium
26.183551,91.772109,scam,medium
26.182797,91.771512,harassment,low
26.185108,91.770106,scam,high
26.185238,91.773289,harassment,low
26.180386,91.770359,lost_person,low
26.186598,91.771247,theft,critical
26.180457,91.774836,scam,high
26.183962,91.773704,harassment,high
26.182091,91.774061,assault,critical
26.184069,91.771432,theft,low
26.184781,91.778182,scam,low
26.184658,91.77377,lost_person,high
26.186186,91.768914,harassment,medium
26.180541,91.771166,theft,high
26.181897,91.76925,assault,medium
26.182769,91.770626,assault,low
26.181335,91.770887,lost_person,high
26.182709,91.771871,theft,low
26.179237,91.771606,lost_person,low
26.180584,91.775805,harassment,medium
26.185164,91.77212,harassment,high
26.185916,91.770506,theft,high
26.18405,91.771452,theft,medium
26.182001,91.772671,scam,medium
26.183612,91.772091,harassment,critical
26.182882,91.772312,scam,medium
26.181614,91.772786,theft,medium
26.183108,91.770417,theft,medium
26.184133,91.771179,scam,high
26.18267,91.774121,scam,low
26.186148,91.768997,harassment,low
26.185859,91.770589,assault,medium
26.180784,91.774497,harassment,medium
26.181148,91.77563,accident,low
26.183079,91.770627,scam,medium
26.184881,91.773131,lost_person,low
26.179914,91.768756,scam,low
26.180977,91.773022,harassment,medium
26.183186,91.772387,lost_person,medium
26.180896,91.773799,accident,medium
26.184492,91.771744,lost_person,medium
26.183938,91.773267,lost_person,high
26.178804,91.772268,scam,low
26.182365,91.773966,scam,low
26.18392,91.774584,accident,medium
26.18068,91.770258,theft,high
26.17933,91.777106,lost_person,medium
26.179184,91.7722,lost_person,low
26.186293,91.772051,theft,low
26.181449,91.770704,theft,medium
26.185135,91.770622,assault,high
26.184428,91.771383,scam,high
26.183137,91.774788,theft,low
26.181071,91.77379,harassment,low
26.184666,91.772531,theft,high
26.183688,91.772675,theft,medium
26.180863,91.769655,accident,medium
26.183403,91.773589,accident,low
26.186832,91.775457,lost_person,low
26.183005,91.773508,theft,low
26.182521,91.775293,scam,medium
26.17884,91.769203,assault,low
26.185575,91.769463,harassment,low
26.187171,91.770087,scam,medium
26.18382,91.77184,scam,low
26.18369,91.773811,scam,high
26.181657,91.772421,lost_person,critical
26.181241,91.772485,assault,medium
26.186005,91.773665,assault,high
26.181897,91.770844,theft,medium
26.179533,91.772617,accident,medium
26.182272,91.770283,scam,medium
26.188169,91.773849,harassment,high
26.18455,91.772305,lost_person,low
26.181238,91.776114,scam,medium
26.184534,91.770429,harassment,high
26.18581,91.76974,assault,low
26.182045,91.770871,scam,medium
26.185922,91.773267,theft,low
26.183604,91.774201,lost_person,high
26.187983,91.774874,scam,low
26.179861,91.773043,theft,medium
26.183467,91.770356,scam,medium
26.187001,91.773928,lost_person,high
26.185482,91.772504,scam,medium
26.186063,91.770038,harassment,low
26.179667,91.772893,accident,medium
26.182917,91.774876,accident,medium
26.18689,91.769828,accident,medium
26.182263,91.772126,theft,low
26.182049,91.76866,harassment,medium
26.187437,91.774841,assault,low
26.183472,91.777046,scam,high
26.183405,91.773488,assault,medium
26.185689,91.773079,accident,medium
26.184976,91.773725,scam,low
26.181406,91.77317,scam,medium
26.184874,91.774493,harassment,medium
26.186173,91.776383,assault,medium
26.183267,91.772735,scam,low
26.179142,91.771979,scam,low
26.185892,91.769397,scam,low
26.180997,91.772241,assault,low
26.180598,91.770672,scam,low
26.184177,91.772032,assault,medium
26.184173,91.771917,lost_person,low
26.188139,91.769485,lost_person,medium
26.184345,91.772002,accident,high
26.181775,91.775714,assault,high
26.178925,91.773418,accident,medium
26.182998,91.774707,scam,medium
26.184662,91.773376,harassment,low
26.184316,91.773327,harassment,low
26.180755,91.77388,harassment,low
26.179252,91.7726,lost_person,medium
26.18548,91.769633,assault,low
26.182167,91.768505,scam,low
26.1866,91.769246,harassment,medium
26.183571,91.768105,accident,medium
26.183715,91.771245,scam,medium
26.182734,91.769336,harassment,low
26.184884,91.770243,theft,critical
26.177673,91.768777,lost_person,low
26.183626,91.77287,scam,low
26.18191,91.7691,harassment,high
26.183077,91.773462,scam,high
26.184197,91.77181,theft,medium
26.181776,91.769615,lost_person,high
26.186824,91.771844,assault,medium
26.18244,91.770885,scam,medium
26.186598,91.774005,lost_person,medium
26.18195,91.772074,accident,low
26.180699,91.771045,scam,medium
26.179219,91.767297,assault,medium
26.183625,91.770015,accident,low
26.188036,91.769144,harassment,critical
26.182058,91.768744,harassment,medium
26.185002,91.770991,accident,low
26.180791,91.771597,harassment,medium
26.181974,91.770762,lost_person,low
26.184624,91.775564,lost_person,low
26.182875,91.774858,scam,low
26.183678,91.769117,theft,low
26.179877,91.772333,scam,high
26.183914,91.77177,assault,low
26.183565,91.77303,harassment,medium
26.178978,91.77454,lost_person,critical
26.178362,91.772602,scam,low
26.184069,91.773244,lost_person,critical
26.184707,91.773199,accident,high
26.18325,91.770851,harassment,high
26.181788,91.772582,accident,medium
26.181926,91.770347,accident,medium
26.186904,91.775001,scam,critical
26.184079,91.767367,theft,high
26.184956,91.771205,accident,high
26.182697,91.774108,lost_person,high
26.181621,91.769067,scam,medium
26.180985,91.774241,accident,medium
26.182821,91.769386,accident,high
26.183737,91.768341,harassment,high
26.183809,91.77176,assault,medium
26.180859,91.774343,scam,low
26.183834,91.766439,scam,high
26.184833,91.769874,scam,medium
26.182441,91.771678,lost_person,low
26.187,91.773954,assault,high
26.182869,91.766345,theft,medium
26.185064,91.774691,harassment,low
26.1825,91.772027,assault,low
26.181706,91.769116,harassment,low
26.18267,91.774867,harassment,low
26.182558,91.77389,scam,low
26.184472,91.771714,assault,medium
26.184877,91.774238,accident,low
26.179447,91.771761,lost_person,medium
26.17896,91.774394,theft,low
26.181331,91.773769,lost_person,low
26.182072,91.77224,assault,low
26.179635,91.775205,theft,medium
26.182661,91.772142,scam,critical
26.184819,91.771783,scam,medium
26.183962,91.770382,accident,medium
26.180815,91.774558,scam,medium
26.180282,91.77207,assault,low
26.185024,91.770759,accident,high
26.18114,91.767872,assault,medium
26.180201,91.774386,harassment,high
26.182151,91.772003,scam,high
26.181089,91.768252,assault,medium
26.183814,91.773178,lost_person,medium
26.18675,91.774461,scam,high
26.181326,91.767434,theft,low
26.181822,91.7701,harassment,medium
26.180538,91.774874,theft,critical
26.178607,91.76977,lost_person,low
26.184542,91.770563,accident,medium
26.183292,91.774218,assault,low
26.182992,91.771555,lost_person,medium
26.181261,91.771826,harassment,medium
26.183836,91.771557,harassment,medium
26.185375,91.770114,accident,medium
26.180975,91.775076,lost_person,medium
26.180993,91.768391,theft,medium
26.184179,91.769755,scam,low
26.184826,91.774069,lost_person,medium
26.183056,91.774499,assault,low
26.179176,91.769286,lost_person,low
26.183157,91.771679,scam,medium
26.179887,91.774561,assault,low
26.182849,91.768698,theft,high
26.184087,91.769716,assault,low
26.186474,91.775623,theft,medium
26.187817,91.775021,scam,low
26.182482,91.772014,assault,medium
26.185158,91.771982,lost_person,medium
26.182901,91.773824,assault,critical
26.184782,91.772686,accident,high
26.181271,91.773834,lost_person,low
26.183225,91.772083,theft,medium
26.180552,91.769404,assault,high
26.183808,91.77221,lost_person,low
26.17965,91.773229,lost_person,low
26.185313,91.77452,theft,low
26.183554,91.773002,harassment,low
26.181033,91.771905,scam,medium
26.183986,91.769664,harassment,medium
26.184346,91.771578,lost_person,medium
26.183482,91.770924,lost_person,high
26.181108,91.773223,assault,low
26.184705,91.771809,theft,medium
26.183807,91.77312,theft,critical
26.181431,91.774525,harassment,medium
26.181323,91.773137,scam,medium
26.183061,91.769188,theft,low
26.181401,91.771689,scam,high
26.179546,91.778705,assault,critical
26.184663,91.775166,accident,low
26.184594,91.768975,scam,high
26.182801,91.775311,harassment,medium
26.182592,91.76886,scam,high
26.185421,91.771593,theft,critical
26.182479,91.771816,scam,high
26.180292,91.768828,lost_person,medium
26.182364,91.772374,scam,medium
26.184519,91.773599,harassment,high
26.182396,91.772881,assault,medium
26.182215,91.767974,harassment,medium
26.18307,91.771547,lost_person,high
26.182442,91.773728,scam,low
26.181175,91.768883,assault,low
26.184882,91.770911,theft,medium
26.183586,91.768173,lost_person,low
26.183275,91.774946,scam,medium
26.185145,91.772633,harassment,medium
26.180044,91.769922,theft,medium
26.182342,91.770565,theft,low
26.180553,91.772855,scam,critical
26.183906,91.771096,assault,low
26.183583,91.770347,accident,high
26.180932,91.770193,lost_person,medium
26.187339,91.768523,lost_person,medium
26.180828,91.77389,theft,medium
26.184089,91.772677,assault,high
26.18062,91.775214,accident,low
26.184208,91.77015,lost_person,medium
26.182786,91.771867,accident,medium
26.183505,91.775269,scam,low
26.183784,91.77034,harassment,low
26.184792,91.768414,theft,medium
26.181715,91.770031,lost_person,low
26.179747,91.771785,harassment,critical
26.179449,91.772744,lost_person,low
26.18287,91.772015,theft,medium
26.183758,91.772448,theft,medium
26.185284,91.770617,theft,low
26.181795,91.771697,harassment,medium
26.184322,91.774302,lost_person,low
26.182046,91.772714,harassment,medium
26.183673,91.777499,theft,low
26.186765,91.768106,accident,medium
26.185965,91.770111,assault,medium
26.183497,91.767835,accident,medium
26.179937,91.773144,scam,low
26.179735,91.774525,theft,critical
26.17796,91.770295,scam,low
26.180727,91.77413,lost_person,low
26.184299,91.771397,harassment,medium
26.184472,91.771047,theft,medium
26.186558,91.77599,assault,low
26.182659,91.775486,lost_person,low
26.180876,91.774903,harassment,medium
26.182439,91.775674,scam,low
26.179871,91.772256,harassment,medium
26.15155,91.789345,accident,low
26.118502,91.792092,lost_person,low
26.055889,91.758884,accident,low
26.152189,91.897854,theft,low
26.168492,91.89097,accident,low
26.164455,91.580512,theft,low
26.201524,91.598474,theft,low
26.221897,91.85028,accident,high
26.215969,91.730431,lost_person,medium
26.231723,91.868627,theft,medium
26.157739,91.88289,accident,medium
26.122193,91.871648,theft,medium
26.153668,91.770519,lost_person,low
26.248763,91.649328,accident,low
26.171665,91.755903,lost_person,low
26.136892,91.588114,lost_person,low
26.126753,91.757616,lost_person,high
26.214955,91.894134,lost_person,low
26.094976,91.710565,theft,low
26.051392,91.889148,accident,high
26.102629,91.870424,accident,low
26.243414,91.748029,lost_person,low
26.113679,91.567668,theft,high
26.128981,91.694945,theft,low
26.100591,91.680034,accident,low
26.239962,91.623944,lost_person,low
26.074876,91.789162,lost_person,medium
26.129282,91.864723,lost_person,low
26.149868,91.655358,theft,low
26.05699,91.633437,lost_person,low
26.163537,91.735825,theft,high
26.185388,91.714897,theft,low
26.120828,91.70448,accident,low
26.210107,91.822529,accident,medium
26.113611,91.763461,accident,medium
26.090251,91.719976,accident,low
26.187401,91.595361,theft,medium
26.224391,91.808113,theft,medium
26.167797,91.579804,lost_person,medium
26.217097,91.737368,accident,low
26.080448,91.648712,lost_person,high
26.210982,91.659578,accident,high
26.197183,91.78593,theft,low
26.11446,91.677383,theft,low
26.072837,91.736406,accident,low
26.167554,91.827805,lost_person,low
26.119871,91.758414,accident,low
26.080968,91.872692,lost_person,medium
26.081038,91.664763,theft,low
26.218057,91.597511,accident,high
26.093591,91.866962,theft,high
26.144154,91.852446,theft,low
26.185038,91.576608,theft,medium
26.23342,91.696755,theft,low
26.052778,91.719448,theft,low
26.125201,91.582357,accident,low
26.218807,91.773918,accident,low
26.121976,91.552573,lost_person,low
26.101258,91.79774,lost_person,low
26.07302,91.57417,accident,low
26.130145,91.654025,lost_person,low
26.214339,91.565556,lost_person,low
26.093978,91.851661,theft,low
26.246232,91.867862,accident,medium
26.060333,91.800941,lost_person,low
26.167948,91.802071,accident,low
26.082651,91.760998,accident,high
26.220054,91.57413,accident,high
26.23226,91.633104,theft,medium
26.091742,91.805443,accident,high
26.067151,91.723639,accident,high
26.201423,91.796884,lost_person,medium
26.20021,91.789125,theft,high
26.178604,91.615916,theft,medium
26.060627,91.818793,theft,high
26.231075,91.648325,theft,low
26.135069,91.869962,accident,low
26.115364,91.60271,accident,low
26.065753,91.714815,theft,low
26.22668,91.7335,accident,high
26.127365,91.790211,accident,low
26.196271,91.772624,theft,high
26.202287,91.826839,accident,medium
26.054562,91.698427,theft,medium
26.175379,91.6783,accident,low
26.178102,91.607119,lost_person,high
26.204594,91.618991,accident,medium
26.078569,91.656813,accident,low
26.176191,91.576149,lost_person,low
26.142573,91.748721,theft,low
26.095991,91.775331,theft,low
26.187793,91.597051,lost_person,low
26.203397,91.814343,accident,low
26.140737,91.634581,theft,medium
26.227945,91.699187,theft,medium
26.165796,91.846373,accident,high
26.125781,91.761262,accident,medium
26.169189,91.554681,theft,low
26.076725,91.773014,accident,medium
26.118539,91.873187,accident,low
26.128471,91.710198,lost_person,high
26.116559,91.738753,theft,medium
26.147827,91.770553,lost_person,low
26.193461,91.607372,lost_person,low
26.169419,91.560859,theft,low
26.080879,91.772272,accident,high
26.116754,91.712281,lost_person,low
26.125148,91.743506,accident,high
26.076875,91.883427,theft,low
26.249039,91.8824,lost_person,low
26.24344,91.77302,lost_person,high
26.08659,91.729835,lost_person,medium
26.133694,91.592073,accident,medium
26.148003,91.613966,accident,medium
26.222527,91.728225,lost_person,medium
26.061462,91.769002,theft,low
26.235476,91.892116,lost_person,low
26.22131,91.885823,theft,low
26.066755,91.585893,theft,high
26.051496,91.762653,lost_person,medium
26.129111,91.872484,accident,low
26.144591,91.664347,accident,low
26.174962,91.664659,lost_person,low
26.067766,91.721893,lost_person,low
26.08818,91.815845,accident,medium
26.177527,91.678221,accident,medium
26.195939,91.699096,lost_person,medium
26.230206,91.569003,lost_person,low
26.106659,91.882478,theft,low
26.133145,91.717554,lost_person,low
26.2271,91.729942,lost_person,low
26.092311,91.769919,lost_person,medium
26.175713,91.628859,lost_person,low
26.123959,91.610929,theft,low
26.214958,91.617799,lost_person,low
26.103438,91.878879,lost_person,low
26.130026,91.736399,lost_person,low
26.135436,91.669602,lost_person,low
26.075172,91.859873,accident,medium
26.157545,91.794529,lost_person,low
26.206226,91.735435,accident,medium
26.239652,91.722748,accident,medium
26.082222,91.724672,accident,low
26.237841,91.604963,theft,low
26.229637,91.892132,accident,low
26.237225,91.648233,accident,medium
26.24579,91.604276,accident,high
26.088721,91.728643,theft,low
26.120604,91.730772,lost_person,low
26.236632,91.705858,accident,high
26.130965,91.565042,accident,low
26.238761,91.595404,lost_person,medium
26.111585,91.639396,lost_person,medium
26.133327,91.622221,theft,low
26.053278,91.634246,accident,medium
26.145321,91.692578,theft,high
26.052237,91.850523,accident,high
26.165295,91.568799,accident,medium
26.139807,91.697945,theft,low
26.092535,91.62649,theft,medium
26.24984,91.731319,theft,low
26.234566,91.895002,accident,low
26.201543,91.724142,theft,medium
26.182401,91.608365,accident,low
26.085129,91.762154,theft,high
26.245002,91.630583,lost_person,low
26.113416,91.778541,theft,high
26.092644,91.823196,theft,low
26.051797,91.690515,accident,medium
26.220815,91.672389,accident,low
26.189936,91.686331,accident,medium
26.088316,91.838395,accident,low
26.220657,91.811057,accident,high
26.051099,91.712295,theft,low
26.054856,91.814852,theft,low
26.15436,91.646442,lost_person,low
26.243528,91.694785,theft,high
26.246334,91.642191,theft,medium
26.147525,91.668462,theft,low
26.065795,91.772935,lost_person,low
26.133582,91.643402,theft,high
26.077411,91.898961,lost_person,low
26.148479,91.744737,theft,low
26.056671,91.689457,theft,medium
26.176392,91.73726,lost_person,low
26.131349,91.826423,lost_person,medium
26.17146,91.629534,theft,medium
26.139753,91.635781,accident,medium
26.065249,91.753512,theft,medium
26.145049,91.653805,lost_person,high
26.131627,91.694851,lost_person,low
26.126378,91.621542,theft,low
26.170563,91.628439,lost_person,high
26.05124,91.787551,lost_person,medium
26.15705,91.777673,theft,low
26.125759,91.745115,theft,medium
26.245677,91.887695,theft,low
26.12515,91.551556,theft,low
26.064172,91.767378,lost_person,low
26.092579,91.600735,lost_person,medium
26.137675,91.828631,accident,low
26.080144,91.885082,accident,low
26.160085,91.825728,accident,medium
26.220204,91.640752,accident,low
26.134673,91.662153,accident,low
26.219519,91.868172,lost_person,medium
26.232332,91.571526,accident,low
26.115664,91.809527,lost_person,medium
26.223992,91.862409,lost_person,low
26.177776,91.695781,lost_person,low
26.215614,91.850576,accident,medium
26.112174,91.884029,theft,medium
26.089606,91.828426,theft,high
26.153537,91.812239,theft,medium
26.243702,91.845647,accident,high
26.146454,91.813108,lost_person,medium
26.14763,91.669455,lost_person,low
26.248578,91.73213,lost_person,low
26.160214,91.746198,lost_person,high
26.172951,91.606144,theft,low
26.112784,91.855583,accident,medium
26.100996,91.770704,accident,medium
26.097411,91.610444,lost_person,low
26.148117,91.716582,accident,medium
26.194088,91.84524,accident,high
26.137601,91.593645,accident,high
26.148139,91.799298,lost_person,low
26.110679,91.892345,theft,medium
26.244,91.859717,accident,low
26.189449,91.717089,lost_person,medium
26.100195,91.856006,theft,high
26.155271,91.881023,lost_person,low
26.066005,91.738101,theft,high
26.184042,91.627048,accident,medium
26.063703,91.896742,lost_person,medium
26.191259,91.6213,theft,low
26.215261,91.666943,theft,low
26.153739,91.797591,lost_person,low
26.240873,91.7928,lost_person,high
26.187099,91.569308,theft,medium
26.146762,91.644986,theft,medium
26.169544,91.550395,lost_person,medium
26.160517,91.777683,lost_person,low
26.104038,91.670801,theft,low
26.134264,91.66555,theft,medium
26.053424,91.830814,theft,low
26.083572,91.69133,theft,low
26.198226,91.694631,accident,high
26.225113,91.863544,accident,low
26.207666,91.590802,theft,low
26.064093,91.732879,lost_person,low
26.207623,91.864505,theft,medium
26.180679,91.807516,lost_person,low
26.071428,91.780269,theft,medium
26.232511,91.748153,lost_person,low
26.240888,91.785286,accident,high
26.050369,91.889673,accident,medium
26.121274,91.700355,lost_person,low
26.086033,91.750932,lost_person,high
26.135551,91.829342,theft,low
26.22691,91.867734,accident,medium
26.140271,91.635359,accident,high
26.123997,91.824984,accident,medium
26.099323,91.63749,theft,medium
26.128588,91.56636,theft,low
26.064423,91.620719,lost_person,low
26.196638,91.65098,theft,high
26.105152,91.808458,accident,medium
26.167995,91.691115,theft,medium
26.109178,91.794387,accident,low
26.170007,91.834991,accident,low
26.159297,91.837905,lost_person,medium
26.138265,91.609104,theft,low
26.105406,91.804268,theft,low
26.165842,91.796764,theft,medium
26.107827,91.847063,theft,low
26.106039,91.881683,lost_person,medium
26.222036,91.891112,lost_person,low
26.135051,91.573002,theft,low
26.242238,91.88342,theft,low
26.104757,91.776748,accident,low
26.248548,91.6187,theft,low
26.073843,91.613512,accident,high
26.145296,91.842526,lost_person,medium
26.130871,91.599572,theft,low
26.124476,91.756175,lost_person,low
26.217514,91.769209,accident,low
26.086767,91.698712,accident,high
26.149556,91.57259,theft,low
26.203401,91.691784,theft,medium
26.171188,91.712211,theft,low
26.17436,91.672509,theft,high
26.216745,91.829407,accident,medium
26.112648,91.670693,lost_person,medium
26.064553,91.551455,accident,low
26.124825,91.686592,lost_person,medium
26.074519,91.890506,theft,low
26.055095,91.638966,accident,low
26.202302,91.781377,lost_person,low
26.139132,91.891904,lost_person,low
26.175784,91.68937,theft,low
26.168794,91.575468,lost_person,low
26.072218,91.715533,lost_person,low
26.20743,91.634324,theft,low
26.11039,91.809419,accident,low
26.201644,91.574875,lost_person,low
26.11981,91.657361,accident,medium
26.226977,91.676653,accident,low
26.189403,91.810584,accident,low
26.229265,91.55019,lost_person,medium
26.144785,91.701267,accident,low
26.109035,91.672622,lost_person,low
26.184372,91.62687,lost_person,low
26.2293,91.716247,theft,medium
26.180185,91.592284,accident,medium
26.191469,91.786906,theft,medium
26.141775,91.673833,lost_person,high
26.209855,91.687088,lost_person,medium
26.065603,91.74874,lost_person,medium
26.212186,91.674092,lost_person,high
26.162673,91.80985,lost_person,medium
26.102589,91.672796,lost_person,medium
26.220219,91.721868,lost_person,medium
26.160234,91.622693,lost_person,high
26.106486,91.898253,theft,medium
26.092384,91.878532,theft,medium
26.167536,91.898045,accident,low
26.155428,91.894378,accident,medium
26.064307,91.753017,lost_person,medium
26.118344,91.873061,theft,medium
26.142468,91.770428,lost_person,low
26.095437,91.597985,lost_person,high
26.218607,91.573488,lost_person,low
26.206115,91.559579,accident,high
26.2,91.7752,lost_person,low
26.065413,91.810047,accident,low
26.148728,91.762478,lost_person,medium
26.194614,91.63425,accident,low
26.152361,91.569164,lost_person,low
26.155413,91.888666,accident,high
26.160743,91.759004,lost_person,medium
26.099838,91.81622,lost_person,low
26.233103,91.609783,theft,low
26.233921,91.769771,lost_person,high
26.230005,91.827604,accident,low
26.092498,91.673095,lost_person,medium
26.110286,91.606538,lost_person,low
26.065359,91.681447,accident,low
26.197634,91.550711,lost_person,medium
26.223967,91.660504,theft,low
26.224754,91.683466,theft,low
26.15085,91.656572,accident,medium
26.136222,91.694644,theft,low
26.191961,91.553573,theft,low
26.061306,91.55254,theft,low
26.199052,91.662093,accident,medium
26.227792,91.88942,theft,medium
26.166199,91.65238,accident,low
26.241323,91.757052,lost_person,high
26.146432,91.830225,theft,low
26.240361,91.831339,accident,low
26.058469,91.758292,lost_person,high
26.199562,91.76108,lost_person,medium
26.223695,91.730499,accident,high
26.10081,91.870383,accident,medium
26.244364,91.681408,lost_person,medium
26.064972,91.627824,accident,high
26.052222,91.893823,theft,medium
26.238794,91.595913,theft,high
26.240551,91.596138,accident,low
26.194387,91.593926,accident,low
26.158938,91.640023,accident,medium
26.125295,91.694217,accident,low
26.098184,91.816705,theft,high
26.095136,91.56332,accident,low
26.139679,91.580562,theft,high
26.066958,91.740328,theft,medium
26.160083,91.812854,lost_person,low
26.164755,91.669614,theft,low
26.076644,91.831786,accident,medium
26.066827,91.593443,theft,low
26.077882,91.711783,accident,medium
26.192116,91.891351,theft,low
26.07384,91.877317,theft,low
26.06847,91.612001,lost_person,low
26.184804,91.586312,theft,high
26.175503,91.808834,lost_person,low
26.066466,91.887894,lost_person,low
26.213723,91.671847,theft,low
26.239237,91.886816,lost_person,low
26.173887,91.662577,theft,medium
26.147273,91.733624,accident,low
26.076616,91.764286,accident,low
26.249738,91.809916,accident,high
26.082884,91.879188,theft,medium
26.070811,91.589637,theft,low
26.158832,91.78297,lost_person,low
26.066226,91.861512,lost_person,medium
26.067806,91.64051,theft,high
26.055172,91.718317,accident,low
26.121231,91.807738,lost_person,medium
26.181996,91.577987,lost_person,medium
26.123755,91.674122,accident,medium
26.101032,91.587026,lost_person,low
26.23718,91.637249,accident,medium
26.193239,91.648152,lost_person,low
26.171859,91.850154,theft,high
26.126214,91.791327,lost_person,medium
26.089084,91.613293,theft,low
26.141073,91.650377,lost_person,high
26.126984,91.829859,accident,low
26.174821,91.737667,theft,medium
26.09559,91.784612,accident,medium
26.231195,91.858226,accident,low
26.215551,91.578745,accident,high
26.200873,91.72841,lost_person,low
26.215692,91.679441,accident,medium
26.190636,91.688798,accident,low
26.121313,91.884818,theft,low
26.19693,91.800843,accident,high
26.229184,91.88125,accident,medium
26.100389,91.813493,lost_person,medium
26.105453,91.875232,theft,low
26.112586,91.573271,lost_person,medium
26.211643,91.734107,accident,low
26.067777,91.651834,lost_person,medium
26.200366,91.570507,accident,high
26.196253,91.804286,lost_person,low
26.14355,91.574299,lost_person,medium
26.084453,91.872054,theft,low
26.141157,91.873141,theft,medium
26.068251,91.682304,accident,medium
26.198988,91.886074,lost_person,high
26.067423,91.896306,theft,low
26.234108,91.843049,theft,medium
26.144231,91.64346,lost_person,medium
26.150352,91.863172,theft,low
26.248823,91.816302,lost_person,low
26.140367,91.84613,theft,low
26.056516,91.730233,lost_person,high
26.19448,91.766079,lost_person,high
26.131896,91.609658,accident,low
26.177947,91.822752,accident,high
26.204869,91.624982,theft,low
26.163066,91.834064,accident,medium
26.094829,91.59695,accident,medium
26.240731,91.684934,theft,low
26.140033,91.835245,theft,low
26.220542,91.637797,accident,low
26.180929,91.747115,theft,high
26.226332,91.865152,lost_person,high
26.109074,91.822054,theft,low
26.193935,91.630769,theft,low
26.24482,91.832286,lost_person,medium
26.08669,91.867882,lost_person,medium
26.198751,91.573039,theft,low
26.172346,91.660055,lost_person,low
26.107841,91.74814,lost_person,high
26.102594,91.642603,accident,low
26.053493,91.714755,lost_person,low
26.055715,91.843312,theft,low
26.191906,91.588615,theft,high
26.203612,91.848137,theft,low
26.170173,91.898374,theft,medium
26.131864,91.579883,accident,low
26.130947,91.570957,theft,medium
26.194111,91.800793,accident,low
26.073693,91.590771,accident,medium
26.120533,91.602569,lost_person,low
26.142983,91.553459,theft,medium
26.200242,91.560536,accident,low
26.132344,91.577932,theft,low
26.085984,91.811083,theft,high
26.130076,91.851964,theft,medium
26.063913,91.751453,theft,medium
26.090878,91.699639,lost_person,medium
26.112088,91.594782,accident,low
26.091303,91.648787,accident,low
26.174191,91.763531,theft,low
26.160607,91.883321,theft,high
26.17175,91.706912,accident,medium
26.233576,91.796476,lost_person,low
26.118264,91.823348,theft,medium
26.179561,91.65274,theft,medium
26.127079,91.804986,lost_person,low
26.09947,91.774949,theft,low
26.082395,91.810885,theft,medium
26.21684,91.640251,lost_person,low
26.083639,91.809508,lost_person,low
26.13729,91.605432,accident,medium
26.07411,91.677621,accident,low
26.115707,91.72893,theft,medium
26.228236,91.703114,accident,medium
26.163439,91.878073,theft,low
26.16128,91.678585,accident,low
26.106256,91.727354,lost_person,medium
26.227193,91.878822,accident,low
26.209318,91.890069,theft,medium
26.161979,91.774068,theft,low
26.071517,91.632375,lost_person,low
26.135597,91.698816,theft,low
26.086708,91.868276,accident,low
26.116339,91.584491,theft,low
26.171915,91.645723,lost_person,low
26.21733,91.609243,accident,low
26.237622,91.700637,accident,medium
26.096647,91.664941,lost_person,low
26.092195,91.596671,accident,high
26.151314,91.610787,theft,low
26.247752,91.68547,accident,low
26.08766,91.653554,lost_person,low
26.19046,91.561262,theft,low
26.086478,91.637446,lost_person,medium
26.099144,91.564351,lost_person,low
26.068116,91.59085,theft,medium
26.097957,91.588572,theft,low
26.108529,91.804666,lost_person,high
26.131977,91.680225,theft,low
26.147672,91.669701,lost_person,low
26.171275,91.63249,lost_person,medium
26.150721,91.558217,accident,medium
26.102977,91.865962,theft,medium
26.164577,91.670453,lost_person,low
26.094495,91.866804,lost_person,low
26.109295,91.68144,accident,medium
26.219851,91.858693,lost_person,medium
26.185878,91.660927,theft,medium
26.142254,91.841277,theft,low
26.074212,91.591842,accident,medium
26.145178,91.626051,lost_person,high
26.139255,91.656758,lost_person,high
26.184898,91.620574,lost_person,medium
26.178105,91.650128,lost_person,medium
26.089709,91.813015,accident,medium
26.199059,91.731284,theft,low
26.092669,91.777185,theft,low
26.147907,91.705169,accident,medium
26.170459,91.833623,lost_person,high
26.174461,91.709356,lost_person,medium
26.068467,91.656866,theft,medium
26.109833,91.60329,accident,low
26.22823,91.812364,lost_person,low
26.21716,91.739243,theft,high
26.062749,91.672898,lost_person,medium
26.077519,91.586715,accident,medium
26.225494,91.603984,theft,low
26.219152,91.668888,lost_person,medium
26.208472,91.83839,lost_person,medium
26.203903,91.719782,accident,low
26.248657,91.713248,theft,low
26.221526,91.627597,theft,high
26.082426,91.832807,theft,medium
26.133837,91.726486,accident,low
26.242755,91.765437,accident,high
26.22715,91.718376,theft,low
26.140829,91.853194,lost_person,low
26.059798,91.712403,lost_person,medium
26.118448,91.675729,lost_person,low
26.064371,91.553788,lost_person,high
26.106103,91.740673,lost_person,low
26.193756,91.598282,theft,high
26.111711,91.723879,theft,low
26.196606,91.818526,accident,high
26.109094,91.62814,lost_person,low
26.228984,91.801325,accident,low
26.092994,91.894891,accident,high
26.217812,91.558226,lost_person,low
26.166864,91.603037,accident,low
26.050059,91.621134,lost_person,medium
26.186519,91.789974,lost_person,medium
26.113251,91.729506,theft,medium
26.131534,91.819685,theft,low
26.176733,91.747433,lost_person,medium
26.092252,91.831345,accident,low
26.209855,91.700138,theft,medium
26.213967,91.564329,lost_person,high
26.209201,91.8977,theft,medium
26.065199,91.885953,accident,medium
26.21475,91.739292,theft,high
26.199604,91.651446,theft,high
26.149796,91.8912,lost_person,medium
26.119583,91.764202,accident,low
26.059113,91.581218,lost_person,low
26.176617,91.714603,theft,medium
26.167171,91.738213,accident,low
26.148069,91.770586,lost_person,low
26.229744,91.808847,theft,medium
26.174011,91.715097,theft,medium
26.223743,91.592988,theft,low
26.124048,91.878456,accident,low
26.089371,91.809313,accident,low
26.132048,91.806394,accident,low
26.160005,91.60619,accident,low
26.241168,91.698093,lost_person,low
26.087846,91.6958,theft,high
26.183685,91.840375,lost_person,low
26.124284,91.560236,theft,medium
26.135645,91.692235,theft,low
26.131128,91.732761,lost_person,medium
26.165974,91.688392,theft,low
26.117366,91.641115,theft,high
26.186744,91.814002,lost_person,low
26.204471,91.853039,theft,low
26.1591,91.872166,accident,low
26.057508,91.864253,lost_person,low
26.082968,91.708264,lost_person,low
26.206819,91.848575,accident,medium
26.219138,91.685557,accident,medium
26.09004,91.555112,accident,medium
26.127672,91.860374,lost_person,medium
26.238516,91.789236,accident,low
26.061105,91.775705,lost_person,low
26.102685,91.594833,accident,high
26.190287,91.641665,theft,medium
26.117803,91.662892,theft,medium
26.24978,91.551369,accident,medium
26.188643,91.683057,theft,low
26.113168,91.566325,accident,medium
26.20236,91.640365,accident,low
26.168076,91.69544,theft,medium
26.184282,91.642218,theft,medium
26.158443,91.604396,theft,medium
26.125117,91.779384,lost_person,high
26.241461,91.819847,theft,low
26.100657,91.757086,accident,low
26.05078,91.650552,theft,medium
26.210553,91.673332,lost_person,low
26.154287,91.895743,accident,low
26.236898,91.78339,accident,medium
26.117832,91.583942,accident,medium
26.090758,91.763991,lost_person,low
26.166227,91.786811,theft,low
26.190243,91.686702,theft,low
26.141377,91.749917,theft,low
26.133936,91.652188,lost_person,high
26.207703,91.754919,lost_person,low
26.146803,91.694257,theft,medium
26.184858,91.599408,accident,low
26.206202,91.861211,accident,medium
26.103754,91.764405,accident,low
26.129826,91.725955,accident,low
26.054338,91.683202,theft,high
26.121225,91.801607,theft,low
26.149059,91.751718,theft,low
26.13968,91.732496,lost_person,medium
26.181964,91.663268,theft,low
26.070386,91.740723,theft,low
26.224803,91.723439,lost_person,low
26.050288,91.577907,accident,medium
26.056069,91.573785,theft,medium
26.088581,91.835068,accident,medium
26.193696,91.790483,accident,high
26.233674,91.877067,lost_person,high
26.176323,91.684302,accident,medium
26.10699,91.641906,theft,high
26.144955,91.763101,lost_person,low
26.235713,91.572957,theft,low
26.160528,91.82791,accident,low
26.139458,91.688478,lost_person,low
26.121128,91.850712,theft,high
26.142443,91.830981,lost_person,low
26.227579,91.865977,accident,high
26.187603,91.714202,theft,medium
26.054965,91.740741,lost_person,high
26.223113,91.763667,lost_person,low
26.101947,91.862253,accident,medium
26.156288,91.742852,accident,low
26.062273,91.714889,accident,low
26.140803,91.853733,lost_person,high
26.179871,91.843023,accident,high
26.103173,91.754216,accident,medium
26.244225,91.823015,accident,medium
26.186689,91.797885,lost_person,high
26.101468,91.713916,theft,low
26.142318,91.838867,theft,medium
26.240019,91.84972,theft,medium
26.246837,91.69193,theft,medium
26.192747,91.690854,theft,high
26.212028,91.893649,lost_person,medium
26.060438,91.8224,theft,medium
26.110304,91.750961,lost_person,high
26.085449,91.573018,accident,low
26.199845,91.855789,theft,medium
26.086809,91.831085,theft,medium
26.057646,91.838067,accident,medium
26.056312,91.64635,accident,low
26.123519,91.770871,accident,medium
26.199312,91.624797,lost_person,medium
26.229638,91.680315,accident,medium
26.137793,91.839028,accident,low
26.203349,91.78454,lost_person,low
26.168067,91.600737,theft,high
26.161139,91.569318,accident,low
26.234424,91.68215,lost_person,low
26.227518,91.739854,lost_person,low
26.132197,91.734998,lost_person,low
26.201948,91.892,accident,low
26.147429,91.824361,lost_person,medium
26.052146,91.646186,lost_person,medium
26.243973,91.6031,accident,medium
26.137635,91.592037,lost_person,medium
26.159508,91.804265,accident,medium
26.114775,91.555556,theft,low
26.067636,91.696286,accident,medium
26.066681,91.598825,accident,low
26.247374,91.878014,lost_person,low
26.123927,91.874514,theft,low
26.127024,91.801526,theft,medium
26.183929,91.683421,theft,low
26.075965,91.768025,theft,medium
26.238215,91.606314,theft,low
26.095025,91.594868,lost_person,low
26.074335,91.712025,accident,low
26.053198,91.749421,lost_person,low
26.065005,91.847202,theft,low
26.133357,91.652561,accident,low
26.090355,91.598691,theft,low
26.218451,91.710245,theft,low
26.130518,91.775813,lost_person,medium
26.077698,91.591869,theft,medium
26.099663,91.889827,accident,medium
26.113904,91.571676,lost_person,low
26.059029,91.565743,accident,low
26.165805,91.602453,accident,medium
26.237228,91.559799,accident,medium
26.075049,91.612873,accident,low
26.209877,91.866195,accident,low
26.19044,91.68181,theft,low
26.133822,91.73004,theft,low
26.051146,91.610808,lost_person,medium
26.195302,91.622848,theft,low
26.209232,91.652834,theft,low
26.139448,91.550272,theft,high
26.189848,91.87639,accident,low
26.198448,91.653573,theft,low
26.125498,91.605047,accident,medium
26.190817,91.77918,lost_person,low
26.081286,91.836831,accident,low
26.214137,91.68788,lost_person,low
26.235315,91.708861,theft,low
26.227546,91.700967,accident,medium
26.170582,91.813666,accident,low
26.084331,91.668531,accident,medium
26.103304,91.837324,lost_person,low
26.145421,91.660972,theft,low
26.135555,91.800076,accident,low
26.210661,91.876642,theft,low
26.112391,91.633923,theft,low
26.226256,91.678939,lost_person,low
26.146875,91.741191,lost_person,low
26.231044,91.867596,theft,high
26.053767,91.603047,lost_person,low
26.16663,91.77734,theft,low
26.217814,91.651336,accident,medium
26.180461,91.863218,lost_person,high
26.210096,91.590279,lost_person,low
26.230981,91.685716,theft,medium
26.075368,91.575944,lost_person,high
26.114174,91.741973,theft,high
26.205168,91.776874,lost_person,medium
26.245557,91.890429,theft,low
26.25,91.633045,accident,low
26.111279,91.747342,accident,low
26.120257,91.752713,lost_person,medium
26.108405,91.790129,theft,high
26.151191,91.80108,lost_person,low
26.100862,91.884846,accident,low
26.109281,91.724948,lost_person,low
26.099878,91.682244,theft,low
26.106509,91.745206,theft,low
26.143126,91.574162,accident,medium
26.064969,91.630655,accident,medium
26.145591,91.670231,theft,low
26.140378,91.805016,lost_person,medium
26.246507,91.811739,accident,high
26.083497,91.699602,lost_person,medium
26.192901,91.743418,accident,low
26.144559,91.775567,lost_person,high
26.071798,91.680649,theft,medium
26.110217,91.728049,theft,medium
26.096834,91.793797,accident,medium
26.169121,91.616965,theft,low
26.215279,91.617564,lost_person,medium
26.128054,91.863737,theft,medium
26.199343,91.886108,theft,medium
26.119888,91.798974,theft,low
26.078094,91.561387,accident,low
26.09362,91.73954,theft,medium
26.059451,91.757398,accident,medium
26.079033,91.786557,theft,medium
26.053914,91.690555,theft,medium
26.200117,91.738201,theft,low
26.144985,91.849253,lost_person,medium
26.214873,91.870931,lost_person,low
26.214676,91.642647,theft,medium
26.177318,91.867943,lost_person,low
26.107126,91.686346,theft,low
26.150774,91.815371,lost_person,low
26.102936,91.589418,theft,low
26.22347,91.821457,lost_person,high
26.211611,91.776951,theft,medium
26.121784,91.67184,lost_person,medium
26.237232,91.735859,lost_person,high
26.050661,91.579928,theft,medium
26.198591,91.564299,theft,low
26.074083,91.716295,accident,low
26.23709,91.653854,accident,low
26.21562,91.740318,theft,low
26.052875,91.605388,theft,medium
26.200268,91.550433,accident,low
26.076479,91.574658,theft,medium
26.087021,91.737756,accident,low
26.182477,91.693129,accident,low
26.118424,91.768866,accident,medium
26.185688,91.859961,lost_person,medium
26.203371,91.56617,lost_person,low
26.105108,91.860345,theft,low
26.235123,91.786479,accident,low
26.227374,91.620521,theft,medium
26.056879,91.706962,accident,high
26.185892,91.568257,accident,low
26.077966,91.584216,accident,medium
26.163961,91.69197,accident,medium
26.152906,91.794615,theft,high
26.232107,91.797286,lost_person,low
26.173742,91.684639,lost_person,medium
26.246746,91.658757,accident,medium
26.223182,91.878543,theft,low
26.122068,91.808206,theft,medium
26.17568,91.74513,lost_person,medium
26.191696,91.879735,theft,low
26.144861,91.714925,theft,high
26.211132,91.821396,theft,low
26.071716,91.635885,accident,high
26.171838,91.634017,lost_person,low
26.055743,91.729931,theft,low
26.151986,91.897025,lost_person,low
26.217595,91.646284,lost_person,low
26.229878,91.562368,lost_person,low
26.231078,91.800952,theft,low
26.068235,91.723608,accident,low
26.242614,91.888248,theft,high
26.060199,91.566892,theft,medium
26.094225,91.787186,lost_person,medium
26.236057,91.814402,accident,high
26.164674,91.832785,lost_person,low
26.086105,91.871779,accident,low
26.069173,91.644101,lost_person,high
26.214551,91.699581,theft,low
26.0654,91.606702,theft,high
26.169519,91.700452,lost_person,medium
26.113286,91.766005,theft,medium
26.127999,91.691891,accident,low
26.182394,91.662057,lost_person,low
26.227703,91.824184,lost_person,medium
26.222265,91.691785,lost_person,low
26.128775,91.606038,lost_person,medium
26.132344,91.89287,lost_person,low
26.238986,91.585393,lost_person,low
26.114726,91.845322,accident,low
26.176538,91.628416,theft,low
26.155926,91.813499,lost_person,medium
26.226683,91.724159,lost_person,low
26.06828,91.883671,lost_person,low
26.163195,91.830674,accident,high
26.076622,91.85505,lost_person,medium
26.191167,91.580279,accident,low
26.131368,91.787787,accident,high
26.152124,91.783366,lost_person,medium
26.121763,91.839591,accident,low
26.103084,91.863217,theft,high
26.058184,91.686598,theft,low
26.063924,91.619534,accident,medium
26.180691,91.837001,theft,low
26.178036,91.80476,theft,high
26.180079,91.842686,theft,low
26.115868,91.893876,theft,low
26.237965,91.700758,theft,low
26.137694,91.726966,lost_person,high
26.163141,91.768497,lost_person,high
26.237631,91.558429,accident,low
26.074354,91.572868,lost_person,high
26.089201,91.822663,accident,low
26.120768,91.808715,accident,low
26.198768,91.76744,accident,low
26.170908,91.817524,accident,low
26.184338,91.64258,accident,low
26.108383,91.891433,accident,low
26.126433,91.697519,theft,low
26.1659,91.622119,lost_person,low
26.200524,91.698829,accident,low
26.220917,91.668772,accident,medium
26.223109,91.745392,lost_person,medium
26.056777,91.832443,accident,low
26.224152,91.783625,lost_person,low
26.237354,91.687698,accident,medium
26.146675,91.706891,accident,low
26.233739,91.552337,lost_person,low
26.068028,91.673342,accident,low
26.088863,91.676415,accident,medium
26.139623,91.853504,theft,low
26.149785,91.682553,lost_person,low
26.147358,91.646578,theft,high
26.247228,91.736358,theft,low
26.166686,91.672437,theft,medium
26.126806,91.673904,theft,low
26.104001,91.587503,accident,medium
26.066271,91.756162,accident,high
26.232958,91.851415,accident,low
26.062893,91.559103,accident,medium
26.076292,91.76624,accident,low
26.10295,91.661954,theft,low
26.143846,91.587643,lost_person,medium
26.21454,91.8209,accident,medium
26.170603,91.871056,lost_person,medium
26.237214,91.735227,accident,low
26.123322,91.616024,lost_person,low
26.075427,91.784377,theft,high
26.112541,91.673428,accident,low
26.243043,91.556356,theft,medium
26.128814,91.700357,accident,low
26.063935,91.749114,theft,medium
26.089403,91.574473,lost_person,low
26.249173,91.672239,theft,low
26.222176,91.701385,theft,medium
26.141249,91.56236,lost_person,low
26.077098,91.804417,lost_person,low
26.132172,91.616663,lost_person,medium
26.231254,91.643062,theft,medium
26.194627,91.873022,lost_person,medium
26.248748,91.584536,accident,low
26.054867,91.603452,accident,medium
26.131991,91.725377,accident,low
26.080985,91.68393,theft,medium
26.128361,91.675902,theft,low
26.134342,91.63057,accident,low
26.116171,91.588341,lost_person,medium
26.23604,91.691596,theft,medium
26.208101,91.636745,accident,medium
26.117294,91.782572,theft,low
26.136345,91.79592,lost_person,low
26.090062,91.801727,lost_person,low
26.071756,91.563434,accident,low
26.079657,91.580245,accident,low
26.1589,91.875609,lost_person,medium
26.139047,91.782269,theft,low
26.050377,91.681287,theft,medium
26.108817,91.825352,theft,medium
26.095213,91.731934,lost_person,medium
26.175454,91.697023,lost_person,medium
26.244186,91.597102,theft,low
26.105169,91.666194,accident,medium
26.093334,91.761947,lost_person,low
26.200013,91.66281,lost_person,medium
26.228978,91.743261,accident,medium
26.137523,91.896224,theft,low
26.077122,91.769358,accident,medium
26.134436,91.771999,lost_person,low
26.210072,91.629235,lost_person,low
26.183193,91.777563,theft,low
26.209802,91.728782,accident,low
26.170641,91.798102,accident,high
26.246472,91.775391,theft,low
26.225066,91.893447,accident,low
26.200009,91.623071,theft,high
26.170474,91.802605,lost_person,medium
26.128846,91.849277,theft,low
26.165563,91.589096,theft,medium
26.245906,91.600886,lost_person,high
26.07555,91.802138,accident,high
26.165968,91.887623,lost_person,low
26.152392,91.665037,theft,low
26.113874,91.846279,theft,low
26.234786,91.626307,theft,medium
26.132218,91.631144,theft,medium
26.149914,91.680583,accident,medium
26.222087,91.6712,theft,low
26.080381,91.599072,lost_person,low
26.173953,91.881473,theft,high
26.214355,91.756259,accident,high
26.058823,91.560774,theft,low
26.152568,91.731607,accident,low
26.090738,91.857527,theft,high
26.098353,91.726367,theft,low
26.092262,91.854597,lost_person,low
26.080346,91.678205,accident,low
26.154332,91.810699,theft,medium
26.203659,91.890197,accident,medium
26.121703,91.640673,accident,medium
26.073308,91.669767,lost_person,low
26.074259,91.583999,lost_person,medium
26.167677,91.813471,theft,low
26.181062,91.691703,accident,low
26.196609,91.697884,accident,medium
26.153412,91.63986,theft,low
26.10749,91.856098,theft,low
26.189089,91.559564,lost_person,medium
26.100121,91.607159,accident,high
26.196042,91.60811,lost_person,high
26.088505,91.789562,accident,medium
26.05006,91.613793,lost_person,low
26.196317,91.698503,lost_person,low
26.08909,91.664454,lost_person,high
26.241313,91.761293,lost_person,low
26.229444,91.72304,lost_person,low
26.201329,91.887166,theft,medium
26.139179,91.695825,lost_person,low
26.197108,91.845827,lost_person,low
26.072583,91.676903,accident,low
26.16107,91.876317,accident,medium
26.213626,91.871045,theft,medium
26.074854,91.703278,lost_person,medium
26.052981,91.852634,theft,medium
26.248347,91.672036,theft,low
26.24358,91.562377,accident,medium
26.056163,91.639844,lost_person,low
26.157521,91.710448,lost_person,medium
26.137517,91.68911,theft,low
26.129931,91.58876,lost_person,low
26.247967,91.814284,theft,low
26.218386,91.886184,lost_person,medium
26.112117,91.87701,theft,low
26.07843,91.871284,lost_person,high
26.069012,91.568636,lost_person,medium
26.087358,91.709528,lost_person,high
26.248345,91.808092,theft,medium
26.111819,91.848675,theft,medium
26.14548,91.621274,theft,low
26.062665,91.720287,accident,low
26.221409,91.695751,lost_person,medium
26.072434,91.729719,accident,low
26.140129,91.625143,lost_person,high
26.162106,91.635331,accident,low
26.194869,91.817914,theft,low
26.22172,91.612809,accident,low
26.13142,91.614327,accident,high
26.186537,91.589829,theft,low
26.201397,91.830236,theft,low
26.062184,91.872901,accident,low
26.081584,91.846197,lost_person,medium
26.14208,91.886399,theft,low
26.153899,91.713549,lost_person,medium
26.102778,91.792958,theft,low
26.078279,91.647096,lost_person,medium
26.099867,91.65873,accident,medium
26.058759,91.643941,lost_person,high
26.20029,91.625316,theft,high
26.070565,91.856318,lost_person,low
26.228708,91.772954,theft,low
26.099425,91.651125,accident,medium
26.23411,91.600497,theft,medium
26.241551,91.870275,accident,low
26.223897,91.781784,lost_person,low
26.119374,91.846127,theft,low
26.068209,91.892223,lost_person,low
26.146713,91.680201,lost_person,low
26.151971,91.731101,theft,medium
26.154159,91.826143,lost_person,low
26.062266,91.672937,accident,medium
26.081312,91.865608,accident,medium
26.217573,91.815273,theft,low
26.244114,91.577778,accident,medium
26.079658,91.736648,theft,low
26.11446,91.588434,accident,medium
26.119441,91.856986,accident,medium
26.079158,91.807735,accident,low
26.153268,91.863698,theft,low
26.249956,91.883459,lost_person,medium
26.099701,91.616497,lost_person,medium
26.244479,91.660207,accident,medium
26.16474,91.851942,theft,low
26.152034,91.891243,accident,medium
26.236394,91.607193,theft,low
26.193088,91.664815,lost_person,low
26.144923,91.586911,lost_person,medium
26.176043,91.597225,theft,low
26.09922,91.6625,theft,medium
26.113148,91.694717,lost_person,medium
26.090986,91.677831,lost_person,high
26.073158,91.837611,lost_person,medium
26.090613,91.55019,accident,low
26.095446,91.731371,lost_person,low
26.077504,91.58446,theft,low
26.085211,91.748821,theft,low
26.073082,91.659964,theft,low
26.059493,91.828423,accident,low
26.13379,91.861307,accident,high
26.126966,91.868688,lost_person,high
26.091277,91.800764,lost_person,medium
26.116023,91.810864,accident,medium
26.117627,91.687309,lost_person,medium
26.215656,91.869997,accident,low
26.185839,91.818568,theft,medium
26.230871,91.840036,theft,high
26.122245,91.88576,lost_person,low
26.126472,91.765576,lost_person,low
26.165609,91.838675,accident,low
26.247697,91.814947,theft,low
26.217556,91.670328,theft,high
26.078176,91.843114,accident,low
26.126063,91.780482,theft,low
26.150862,91.6162,lost_person,low
26.112112,91.733867,accident,medium
26.074858,91.591573,accident,low
26.08529,91.71888,theft,medium
26.109596,91.558177,accident,medium
26.095164,91.643162,lost_person,low
26.151351,91.679628,lost_person,low
26.20618,91.55709,lost_person,low
26.06637,91.688274,lost_person,medium
26.131217,91.780607,theft,low
26.199562,91.775378,theft,low
26.243728,91.852284,lost_person,low
26.155098,91.618423,accident,high
26.077193,91.842464,lost_person,medium
26.116834,91.833184,accident,low
26.118506,91.687979,theft,medium
26.143437,91.644107,lost_person,low
26.090381,91.571321,accident,low
26.222333,91.753452,lost_person,low
26.138652,91.80757,accident,medium
26.170252,91.771449,lost_person,medium
26.078263,91.854103,lost_person,low
26.198213,91.601339,accident,low
26.110853,91.681944,lost_person,high
26.087412,91.753089,theft,medium
26.076751,91.789113,accident,medium
26.167674,91.560562,accident,medium
26.173242,91.8718,theft,high
26.161249,91.78309,lost_person,medium
26.246756,91.686658,accident,medium
26.123882,91.556118,accident,medium
26.069698,91.644967,accident,medium
26.167704,91.554175,lost_person,low
26.204497,91.572073,theft,medium
26.195615,91.697427,accident,medium
26.074092,91.680875,theft,low
26.188193,91.598633,accident,medium
26.075009,91.765051,accident,low
26.121759,91.641267,lost_person,medium
26.166094,91.775789,theft,medium
26.173827,91.622124,lost_person,low
26.150792,91.814382,lost_person,low
26.117687,91.814833,theft,low
26.060853,91.586549,theft,medium
26.232947,91.786819,theft,low
26.099639,91.551771,accident,medium
26.17475,91.65048,accident,low
26.087003,91.763659,theft,medium
26.076442,91.682566,lost_person,medium
26.144989,91.683071,theft,low
26.233788,91.869218,accident,low
26.092993,91.677816,accident,low
26.205338,91.620677,lost_person,medium
26.139937,91.897531,lost_person,high
26.176833,91.809112,theft,high
26.222785,91.843062,theft,high
26.181092,91.572484,theft,low
26.239583,91.630152,accident,low
26.162028,91.750159,accident,medium
26.178204,91.568638,accident,medium
26.244065,91.864372,theft,medium
26.105548,91.778321,theft,low
26.051655,91.638073,lost_person,medium
26.231062,91.899796,theft,medium
26.200297,91.654785,accident,medium
26.105133,91.830388,accident,low
26.240977,91.648772,accident,high
26.181963,91.629182,accident,low
26.188769,91.685477,accident,low
26.227671,91.745992,theft,medium
26.152483,91.570674,lost_person,high
26.12789,91.57428,accident,medium
26.124419,91.667443,theft,medium
26.242737,91.775977,theft,medium
26.233074,91.789239,lost_person,medium
26.225269,91.589952,accident,medium
26.156506,91.858055,theft,low
26.177985,91.632285,lost_person,low
26.113716,91.641577,theft,medium
26.051716,91.644595,theft,high
26.144255,91.780922,accident,low
26.142874,91.799849,lost_person,medium
26.149998,91.772094,accident,low
26.231747,91.792856,accident,medium
26.116208,91.627168,lost_person,high
26.219646,91.629565,theft,low
26.181473,91.55732,lost_person,low
26.057403,91.618859,theft,high
26.094316,91.866365,accident,medium
26.240809,91.69228,theft,low
26.063792,91.678932,lost_person,low
26.177964,91.694299,theft,high
26.191256,91.667202,lost_person,high
26.225288,91.731967,theft,low
26.172863,91.648018,accident,low
26.216676,91.794348,lost_person,low
26.222399,91.786842,theft,medium
26.184337,91.59757,accident,low
26.107625,91.726373,lost_person,low
26.234738,91.839894,accident,medium
26.136276,91.734719,lost_person,low
26.24187,91.633958,accident,medium
26.058852,91.675186,theft,high
26.133368,91.79223,theft,medium
26.249118,91.654611,theft,medium
26.112745,91.702263,accident,high
26.240061,91.689596,accident,low
26.084894,91.846054,lost_person,low
26.053069,91.799933,lost_person,medium
26.136335,91.716114,theft,low
26.151079,91.808964,accident,medium
26.071127,91.854876,lost_person,medium
26.214972,91.674984,lost_person,low
26.207967,91.735482,lost_person,medium
26.198681,91.810811,lost_person,medium
26.206549,91.705575,lost_person,medium
26.162403,91.707766,lost_person,medium
26.207791,91.696928,lost_person,low
26.12794,91.633973,theft,high
26.074436,91.840109,accident,high
26.229662,91.567631,accident,low
26.076924,91.575808,accident,medium
26.245171,91.810008,theft,medium
26.219089,91.8079,theft,medium
26.20427,91.697909,lost_person,medium
26.211077,91.558836,accident,low
26.240486,91.774939,lost_person,medium
26.237071,91.875455,theft,medium
26.19838,91.866161,lost_person,low
26.188617,91.629785,theft,low
26.140535,91.70505,theft,low
26.180303,91.713721,accident,low
26.123769,91.563724,theft,medium
26.130516,91.555823,accident,low
26.215892,91.893181,lost_person,medium
26.095007,91.852091,lost_person,medium
26.198466,91.844902,accident,low
26.096017,91.833632,lost_person,low
26.220038,91.869313,theft,medium
26.056671,91.781561,theft,high
26.216599,91.880309,lost_person,medium
26.202637,91.886347,theft,medium
26.107441,91.638901,accident,medium
26.097507,91.781884,lost_person,high
26.187198,91.790468,theft,low
26.248003,91.84791,lost_person,low
26.205694,91.558548,lost_person,low
26.248132,91.805424,theft,medium
26.073915,91.835217,accident,low
26.130255,91.748137,accident,medium
26.177119,91.866892,accident,low
26.211516,91.72533,theft,medium
26.154218,91.775449,lost_person,low
26.247421,91.729334,lost_person,medium
26.164833,91.693326,lost_person,low
26.233172,91.680405,theft,low
26.095563,91.571262,accident,low
26.058357,91.57666,lost_person,low
26.222634,91.75915,accident,low
26.095672,91.896267,theft,low
26.098867,91.738204,accident,medium
26.222343,91.592356,theft,medium
26.155245,91.589107,theft,high
26.156116,91.579967,accident,medium
26.220913,91.82324,theft,high
26.173901,91.82075,lost_person,low
26.132554,91.807772,lost_person,medium
26.206483,91.762322,accident,low
26.084569,91.631484,accident,medium
26.214396,91.567671,accident,low
26.097104,91.590585,accident,high
26.15779,91.703615,theft,low
26.071476,91.754655,theft,medium
26.055918,91.759122,theft,low
26.110856,91.711818,accident,medium
26.243869,91.691242,accident,medium
26.076994,91.824094,accident,medium
26.069672,91.726981,lost_person,low
26.138768,91.743696,theft,medium
26.082905,91.691744,theft,high
26.076083,91.832769,accident,low
26.145422,91.638063,lost_person,medium
26.228519,91.77948,lost_person,high
26.239097,91.58148,theft,low
26.103352,91.837624,accident,medium
26.13651,91.69051,theft,medium
26.15198,91.823994,lost_person,medium
26.062342,91.695482,theft,medium
26.104424,91.562245,theft,medium
26.103597,91.674214,theft,high
26.069241,91.875899,accident,high
26.099833,91.654865,theft,low
26.167453,91.624127,lost_person,medium
26.174344,91.871533,theft,low
26.052819,91.833203,theft,medium
26.053245,91.887323,lost_person,low
26.235205,91.640558,lost_person,low
26.07366,91.621142,lost_person,high
26.080477,91.829573,lost_person,low
26.243842,91.608271,theft,low
26.1275,91.786822,theft,high
26.143474,91.635007,theft,medium
26.108663,91.761249,accident,high
26.216489,91.724721,theft,low
26.093788,91.884753,theft,low
26.193093,91.739419,accident,high
26.102332,91.672169,lost_person,medium
26.228617,91.665261,lost_person,low
26.218307,91.812151,accident,low
26.079437,91.642929,theft,low
26.122611,91.897873,lost_person,medium
26.082401,91.671459,lost_person,medium
26.145955,91.755502,theft,low
26.209171,91.872052,accident,high
26.108047,91.844402,accident,low
26.186606,91.609656,theft,low
26.122063,91.79831,lost_person,low
26.209773,91.812336,theft,medium
26.060197,91.854551,lost_person,medium
26.15541,91.554467,lost_person,high
26.068986,91.628662,theft,high
26.109256,91.86757,theft,medium
26.235444,91.751502,lost_person,low
26.092923,91.668043,accident,high
26.05739,91.551379,accident,high
26.231383,91.687027,accident,medium
26.120416,91.776006,accident,low
26.172404,91.649194,theft,low
26.108696,91.845062,lost_person,medium
26.225224,91.561228,lost_person,low
26.159793,91.720179,lost_person,medium
26.118134,91.578224,lost_person,medium
26.168201,91.838983,lost_person,low
26.116851,91.820977,theft,medium
26.237509,91.722441,accident,medium
26.062844,91.603879,accident,high
26.111244,91.744898,theft,low
26.172423,91.779398,lost_person,low
26.143916,91.834914,accident,low
26.246896,91.602466,accident,low
26.212617,91.659219,theft,low
26.146011,91.762665,theft,medium
26.083229,91.77354,accident,low
26.243092,91.578311,lost_person,medium
26.244846,91.860102,theft,low
26.102078,91.663819,theft,high
26.101025,91.651113,accident,medium
26.138959,91.750702,lost_person,high
26.232544,91.856167,accident,high
26.072808,91.561135,accident,low
26.071849,91.713918,theft,low
26.209818,91.70556,theft,high
26.196753,91.607964,theft,medium
26.135343,91.594535,theft,medium
26.219957,91.867226,accident,low
26.143786,91.817298,theft,low
26.233843,91.64075,accident,high
26.172117,91.699245,lost_person,low
26.20248,91.834988,lost_person,medium
26.167249,91.664991,lost_person,low
26.20621,91.890419,theft,low
26.175075,91.652531,accident,low
26.23696,91.559999,accident,low
26.166445,91.782102,theft,medium
26.103417,91.778468,accident,high
26.060065,91.679,lost_person,medium
26.228448,91.76803,accident,low
26.199972,91.895655,theft,low
26.189111,91.817957,lost_person,low
26.061832,91.792409,theft,low
26.162387,91.878143,lost_person,medium
26.08661,91.679335,theft,medium
26.1145,91.870524,theft,low
26.088627,91.672404,theft,low
26.223633,91.777663,theft,low
26.05039,91.822031,lost_person,low
26.221681,91.767082,accident,low
26.094615,91.673205,lost_person,medium
26.198324,91.675533,accident,low
26.20363,91.727775,lost_person,low
26.176308,91.843391,lost_person,low
26.069052,91.709685,accident,low
26.24744,91.631806,theft,low
26.249416,91.784649,lost_person,low
26.248648,91.63808,lost_person,high
26.198042,91.582031,lost_person,medium
26.090158,91.642279,accident,low
26.209481,91.798701,lost_person,low
26.152334,91.660112,theft,low
26.171628,91.654888,accident,medium
26.146446,91.832046,accident,medium
26.120972,91.678082,accident,low
26.061764,91.56439,accident,medium
26.136473,91.742765,lost_person,low
26.228047,91.707536,accident,low
26.1804,91.56436,theft,medium
26.169549,91.899168,lost_person,medium
26.122011,91.704168,accident,medium
26.061843,91.816677,theft,high
26.179215,91.74356,theft,medium
26.058465,91.65929,theft,medium
26.078599,91.686937,theft,low
26.06175,91.71528,theft,medium
26.050034,91.705876,accident,low
26.198877,91.801845,accident,low
26.199815,91.655883,lost_person,low
26.127881,91.661136,lost_person,low
26.167738,91.771407,lost_person,medium
26.051915,91.619778,lost_person,medium
26.206026,91.82872,theft,low
26.180798,91.691587,theft,high
26.171418,91.769576,theft,low
26.174542,91.742919,accident,low
26.205263,91.781802,theft,low
26.150687,91.785778,lost_person,medium
26.190476,91.864351,lost_person,low
26.155617,91.625173,lost_person,low
26.094923,91.730686,theft,medium
26.096301,91.874021,lost_person,low
26.057503,91.859061,lost_person,medium
26.234439,91.821971,theft,low
26.092681,91.618118,theft,low
26.223215,91.712131,theft,medium
26.12626,91.686885,theft,low
26.08243,91.760771,theft,high
26.189452,91.631878,theft,high
26.179396,91.68958,lost_person,medium
26.185918,91.724337,theft,medium
26.218422,91.620357,accident,high
26.230622,91.564464,lost_person,low
26.066051,91.798247,lost_person,medium
26.191318,91.653795,theft,medium
26.219902,91.603632,accident,medium
26.134548,91.79605,theft,medium
26.136937,91.610183,accident,low
26.209956,91.834869,theft,medium
26.162632,91.772682,lost_person,high
26.24083,91.778226,accident,low
26.122687,91.668156,accident,low
26.222366,91.580077,accident,low
26.219685,91.829657,lost_person,high
26.242713,91.802196,accident,low
26.100694,91.859163,lost_person,medium
26.193895,91.865445,theft,low
26.136477,91.894358,accident,high
26.057761,91.613414,theft,medium
26.089407,91.786579,lost_person,low
26.134027,91.871966,lost_person,high
26.246666,91.799595,accident,low
26.213886,91.634203,accident,low
26.218036,91.85494,lost_person,low
26.110143,91.782539,lost_person,low
26.240688,91.556767,accident,high
26.248773,91.721296,lost_person,low
26.1294,91.74533,lost_person,low
26.228833,91.694622,theft,medium
26.191818,91.571149,lost_person,low
26.247276,91.743219,accident,high
26.235124,91.657237,theft,low
26.103423,91.775373,accident,high
26.120244,91.846784,accident,low
26.239588,91.615156,accident,high
26.151794,91.793703,theft,medium
26.109313,91.616175,accident,low
26.052247,91.86746,theft,high
26.127451,91.668306,theft,high
26.160095,91.589314,theft,low
26.199743,91.785692,theft,low
26.086263,91.712676,lost_person,medium
26.207136,91.871501,theft,low
26.073184,91.555913,accident,medium
26.127181,91.776927,lost_person,high
26.136926,91.8552,accident,medium
26.248864,91.593223,theft,low
26.054109,91.767973,accident,low
26.19045,91.744045,theft,high
26.13307,91.890281,theft,low
26.118626,91.863466,lost_person,low
26.08302,91.859971,lost_person,low
26.11172,91.607954,theft,low
26.140704,91.814815,theft,high
26.069258,91.676226,lost_person,medium
26.123637,91.570249,theft,low
26.10692,91.811672,theft,high
26.132599,91.605524,lost_person,medium
26.096051,91.648118,accident,low
26.106075,91.601618,theft,low
26.243488,91.699579,accident,medium
26.191872,91.801076,accident,low
26.128118,91.708809,theft,medium
26.245575,91.786428,accident,low
26.056421,91.780573,lost_person,medium
26.080152,91.823576,theft,low
26.119506,91.608558,accident,low
26.120303,91.822067,lost_person,low
26.120112,91.562945,accident,medium
26.139346,91.717893,theft,high
26.190296,91.778376,accident,medium
26.16635,91.711699,lost_person,medium
26.186328,91.889131,accident,low
26.22319,91.895911,accident,high
26.095881,91.576615,lost_person,medium
26.06177,91.828773,accident,low
26.174231,91.790448,lost_person,low
26.118032,91.719501,lost_person,high
26.173677,91.726306,accident,medium
26.209092,91.734061,theft,low
26.117281,91.721803,lost_person,low
26.149178,91.630537,accident,low
26.237847,91.852745,lost_person,low
26.199957,91.871968,lost_person,low
26.133022,91.779805,lost_person,low
26.068943,91.754439,theft,high
26.244505,91.841183,accident,medium
26.240166,91.626018,lost_person,low
26.226015,91.636833,lost_person,medium
26.199955,91.652324,accident,low
26.188254,91.596721,theft,medium
26.103663,91.572583,accident,low
26.072173,91.573178,lost_person,low
26.11083,91.777301,theft,low
26.134248,91.746969,accident,low
26.083687,91.898239,lost_person,medium
26.123456,91.648537,lost_person,high
26.202683,91.640267,theft,low
26.157642,91.627051,lost_person,medium
26.148327,91.859344,accident,low
26.123836,91.818109,lost_person,low
26.224483,91.889628,theft,low
26.169526,91.634908,theft,medium
26.070618,91.830957,theft,low
26.093956,91.643799,accident,high
26.238988,91.772791,theft,low
26.09836,91.893044,theft,low
26.245526,91.569594,theft,low
26.169304,91.657908,accident,low
26.241913,91.747037,theft,low
26.105652,91.687394,lost_person,high
26.210844,91.85445,lost_person,medium
26.170835,91.591097,accident,medium
26.083891,91.853951,accident,medium
26.194613,91.766983,lost_person,low
26.224122,91.665035,lost_person,low
26.096011,91.809231,lost_person,low
26.134272,91.801292,theft,low
26.145933,91.563942,lost_person,low
26.17086,91.839837,theft,high
26.161884,91.620919,theft,low
26.18767,91.569218,accident,low
26.121605,91.556429,theft,low
26.065868,91.701185,lost_person,low
26.187033,91.573062,accident,low
26.055094,91.622068,accident,medium
26.118874,91.758571,lost_person,low
26.153298,91.859668,theft,low
26.110167,91.643414,lost_person,low
26.11318,91.831591,lost_person,low
26.102605,91.83948,theft,medium
26.231157,91.62332,theft,low
26.127402,91.701496,accident,low
26.185774,91.560675,theft,medium
26.050879,91.558159,accident,medium
26.249803,91.830605,lost_person,low
26.070921,91.86078,lost_person,low
26.093377,91.664337,accident,medium
26.221606,91.608634,lost_person,low
26.222996,91.648586,lost_person,low
26.24197,91.666325,theft,low
26.128997,91.825624,theft,low
26.083596,91.743192,theft,low
26.131052,91.711732,theft,medium
26.050718,91.651895,theft,low
26.112245,91.849153,accident,high
26.236384,91.760464,accident,low
26.197646,91.860077,accident,low
26.235671,91.832416,accident,low
26.088944,91.657097,accident,low
26.22475,91.687918,accident,medium
26.2336,91.713269,accident,medium
26.247943,91.585334,lost_person,low
26.195375,91.617206,lost_person,high
26.218718,91.69586,theft,low
26.089874,91.615634,accident,medium
26.087039,91.787185,theft,high
26.074031,91.71553,theft,low
26.101207,91.677187,accident,high
26.082826,91.768136,lost_person,low
26.241495,91.795372,accident,low
26.190384,91.898796,lost_person,low
26.114148,91.556261,accident,low
26.200386,91.880311,theft,low
26.169077,91.831583,accident,high
26.099574,91.813056,theft,high
26.191508,91.577752,theft,medium
26.145367,91.742716,theft,low
26.24801,91.81297,accident,low
26.115566,91.875089,accident,medium
26.212348,91.652422,accident,high
26.07464,91.727751,theft,low
26.225632,91.804077,theft,low
26.202741,91.731085,theft,low
26.247433,91.777435,theft,medium
26.084142,91.581321,theft,low
26.122941,91.875831,lost_person,medium
26.162452,91.577204,lost_person,low
26.219056,91.776862,lost_person,medium
26.128365,91.616644,theft,low
26.23984,91.599558,lost_person,high
26.207106,91.82356,theft,high
26.061858,91.712955,lost_person,medium
26.191293,91.622951,accident,low
26.070615,91.690121,accident,low
26.219073,91.566142,lost_person,low
26.170604,91.84171,theft,medium
26.207851,91.603582,lost_person,low
26.140316,91.745788,theft,low
26.236798,91.765625,lost_person,low
26.235365,91.663837,lost_person,low
26.065877,91.712674,theft,medium
26.120008,91.66554,theft,high
26.18499,91.565405,lost_person,low
26.139333,91.566702,theft,low
26.215816,91.684981,theft,low
26.198205,91.571223,lost_person,high
26.164209,91.569983,lost_person,high
26.236826,91.67647,accident,low
26.140923,91.569616,theft,low
26.232902,91.601974,accident,medium
26.201323,91.886094,lost_person,medium
26.087252,91.793581,accident,low
26.119928,91.77471,accident,medium
26.194275,91.660747,lost_person,medium
26.204396,91.677903,lost_person,high
26.195961,91.812258,lost_person,low
26.164631,91.845039,theft,low
26.132493,91.86621,accident,high
26.163193,91.605126,lost_person,low
26.078369,91.779821,theft,low
26.231502,91.706607,lost_person,low
26.135405,91.864608,accident,medium
26.224236,91.883627,theft,low
26.149445,91.665433,lost_person,low
26.238563,91.855366,lost_person,high
26.120249,91.651322,accident,low
26.076139,91.643898,accident,medium
26.103677,91.64465,accident,medium
26.068275,91.662362,accident,high
26.197833,91.656823,accident,medium
26.18551,91.7192,accident,medium
26.096992,91.681417,accident,high
26.121347,91.710605,accident,low
26.158879,91.567741,accident,low
26.119194,91.68525,accident,medium
26.085632,91.748141,accident,medium
26.107588,91.836791,accident,low
26.11681,91.553298,theft,low
26.184717,91.690267,lost_person,medium
26.212288,91.684861,lost_person,medium
26.212525,91.645202,accident,low
26.106391,91.752026,lost_person,medium
26.189725,91.785866,lost_person,high
26.175572,91.667029,theft,low
26.170374,91.779845,lost_person,low
26.122131,91.842143,accident,high
26.082178,91.75944,accident,medium
26.226191,91.799511,accident,high
26.190699,91.721907,lost_person,low
26.108908,91.680072,lost_person,low
26.223213,91.633384,theft,high
26.138613,91.86572,accident,low
26.163551,91.601653,lost_person,low
26.07059,91.874538,accident,medium
26.06987,91.807761,lost_person,medium
26.065827,91.591183,theft,medium
26.107764,91.873298,theft,low
26.160448,91.759013,accident,high
26.104962,91.566931,theft,low
26.191418,91.743843,theft,medium
26.08454,91.778954,theft,medium
26.204008,91.625863,theft,low
26.177866,91.791088,lost_person,medium
26.119568,91.550959,accident,low
26.128464,91.814366,theft,low
26.138503,91.76276,accident,high
26.111407,91.617751,theft,low
26.065309,91.678674,theft,high
26.248778,91.883331,accident,high
26.23092,91.839264,accident,low
26.187943,91.730374,accident,low
26.135332,91.663524,accident,low
26.064937,91.611572,theft,low
26.072274,91.638032,theft,low
26.152844,91.778617,lost_person,low
26.186274,91.71504,lost_person,medium
26.221838,91.678577,accident,low
26.229797,91.624085,lost_person,low
26.172775,91.616599,accident,low
26.050791,91.622803,lost_person,low
26.114476,91.863324,accident,low
26.216105,91.855695,accident,medium
26.053671,91.881854,accident,medium
26.146532,91.621676,accident,low
26.215554,91.880029,lost_person,high
26.088589,91.562476,accident,medium
26.222739,91.63674,accident,low
26.202319,91.61647,theft,low
26.11816,91.727946,theft,high
26.17182,91.861054,accident,low
26.172385,91.691269,theft,low
26.079627,91.677182,theft,low
26.231955,91.63617,accident,medium
26.225158,91.744018,lost_person,medium
26.210255,91.826091,lost_person,low
26.155958,91.806722,accident,low
26.168718,91.602556,accident,medium
26.14514,91.568624,lost_person,low
26.135422,91.842894,lost_person,low
26.212426,91.710506,theft,low
26.187081,91.661709,lost_person,medium
26.169297,91.859025,accident,medium
26.209863,91.864024,lost_person,low
26.242345,91.576962,theft,low
26.17081,91.891526,theft,low
26.197443,91.610143,lost_person,medium
26.101015,91.807412,accident,medium
26.058833,91.890065,lost_person,low
26.075505,91.821866,theft,medium
26.194389,91.778767,theft,high
26.107066,91.615698,theft,low
26.081304,91.858448,accident,low
26.132305,91.762595,lost_person,low
26.146347,91.746585,lost_person,low
26.235278,91.735811,accident,medium
26.188262,91.677869,accident,medium
26.155883,91.640882,lost_person,medium
26.200686,91.869433,theft,medium
26.08907,91.792919,lost_person,medium
26.218804,91.894991,theft,high
26.139517,91.683309,accident,low
26.070875,91.62924,accident,high
26.152265,91.763592,lost_person,medium
26.239445,91.698253,theft,low
26.188465,91.720892,lost_person,low
26.180054,91.619633,accident,low
26.084082,91.778666,theft,high
26.085485,91.838902,theft,medium
26.113216,91.556125,accident,low
26.079837,91.590793,accident,medium
26.106865,91.78894,accident,high
26.237495,91.843865,lost_person,medium
26.246571,91.774832,lost_person,low
26.13049,91.690195,theft,low
26.162509,91.631812,accident,medium
26.071465,91.829985,accident,medium
26.104037,91.805019,lost_person,low
26.111229,91.847789,accident,medium
26.108669,91.622471,lost_person,medium
26.092415,91.684054,theft,low
26.187987,91.869887,lost_person,low
26.052848,91.669613,theft,low
26.164518,91.585526,theft,medium
26.230724,91.672152,theft,low
26.11711,91.627805,accident,high
26.129655,91.770756,accident,medium
26.051202,91.74929,lost_person,medium
26.146368,91.568634,lost_person,low
26.11792,91.710948,lost_person,low
26.222862,91.705013,accident,low
26.112767,91.727308,theft,high
26.061452,91.574316,theft,medium
26.227992,91.631737,theft,medium
26.052296,91.721983,lost_person,medium
26.150737,91.746407,lost_person,low
26.157398,91.762213,theft,low
26.210854,91.703156,lost_person,low
26.205018,91.584043,lost_person,high
26.063324,91.655489,accident,low
26.20851,91.675689,theft,high
26.157294,91.899781,accident,low
26.140002,91.873323,theft,low
26.16641,91.589218,theft,high
26.069652,91.76896,theft,low
26.243806,91.725271,accident,low
26.0569,91.668513,lost_person,medium
26.121002,91.579805,lost_person,low
26.249634,91.625862,lost_person,medium
26.093922,91.885977,accident,high
26.219036,91.680019,lost_person,medium
26.110382,91.564831,lost_person,low
26.196757,91.585329,lost_person,low
26.207273,91.648157,lost_person,medium
26.246563,91.724788,theft,low
26.09142,91.81757,accident,low
26.231207,91.780919,lost_person,low
26.052961,91.894184,accident,low
26.136331,91.891456,theft,high
26.217756,91.706606,accident,low
26.190064,91.591072,lost_person,low
26.106465,91.673081,theft,high
26.230673,91.797085,accident,low
26.073334,91.680471,lost_person,medium
26.205021,91.73427,theft,low
26.152357,91.570588,lost_person,low
26.135427,91.629323,lost_person,medium
26.107872,91.660207,accident,medium
26.160612,91.708251,lost_person,low
26.176664,91.754693,lost_person,medium
26.199711,91.744957,lost_person,medium
26.229274,91.719967,lost_person,low
26.223824,91.822863,lost_person,low
26.127352,91.612736,accident,medium
26.249576,91.648404,theft,high
26.111911,91.785569,accident,medium
26.142937,91.713207,theft,low
26.059173,91.681157,accident,low
26.180094,91.867012,accident,low
26.112097,91.72694,theft,low
26.212582,91.567324,accident,medium
26.060692,91.78401,lost_person,medium
26.124423,91.586346,accident,low
26.219681,91.803296,theft,high
26.153591,91.583659,theft,medium
26.05515,91.631559,theft,medium
26.152651,91.853446,lost_person,medium
26.095372,91.872076,theft,medium
26.107416,91.68357,theft,medium
26.18478,91.852511,lost_person,low
26.243516,91.695056,accident,high
26.240866,91.754069,lost_person,low
26.061118,91.874158,lost_person,high
26.113151,91.741038,lost_person,high
26.059317,91.696274,accident,high
26.112542,91.817726,lost_person,low
26.073846,91.69744,accident,low
26.090648,91.752153,lost_person,low
26.226003,91.79191,lost_person,high
26.174855,91.74757,theft,low
26.197981,91.655881,accident,medium
26.216992,91.705611,accident,low
26.229631,91.690855,lost_person,low
26.102876,91.607951,accident,medium
26.060458,91.648706,lost_person,low
26.168858,91.691361,accident,medium
26.184916,91.827062,theft,low
26.17304,91.849869,theft,medium
26.074186,91.810179,theft,medium
26.187814,91.736763,accident,medium
26.059067,91.567312,accident,high
26.127371,91.575517,accident,high
26.140577,91.8124,theft,medium
26.086671,91.727458,accident,medium
26.227752,91.749717,theft,low
26.148633,91.694918,accident,low
26.121626,91.636035,accident,low
26.163886,91.559012,accident,medium
26.094101,91.704192,theft,low
26.175316,91.821151,lost_person,medium
26.053042,91.79827,theft,low
26.180699,91.705007,lost_person,high
26.071045,91.861999,lost_person,medium
26.173458,91.852045,theft,high
26.241054,91.750631,theft,medium
26.058717,91.83291,lost_person,medium
26.110355,91.618435,accident,low
26.110178,91.566105,theft,low
26.052698,91.82957,theft,medium
26.19067,91.692493,accident,high
26.160379,91.583583,accident,low
26.231128,91.710322,accident,low
26.220488,91.878861,accident,low
26.202501,91.630415,lost_person,medium
26.249161,91.773795,lost_person,low
26.215991,91.747134,theft,low
26.221015,91.568127,accident,high
26.226465,91.628289,lost_person,low
26.113331,91.747921,accident,low
26.16885,91.820823,lost_person,low
26.083075,91.89586,accident,low
26.15573,91.648333,theft,low
26.232299,91.831975,lost_person,medium
26.060195,91.709621,lost_person,low
26.210917,91.767334,theft,medium
26.137952,91.706808,theft,low
26.101022,91.579816,accident,low
26.122645,91.721066,lost_person,high
26.13307,91.851054,theft,medium
26.231351,91.57983,theft,low
26.157544,91.74382,accident,low
26.155388,91.609097,accident,medium
26.110552,91.764546,lost_person,low
26.100607,91.723534,accident,medium
26.131114,91.720565,theft,low
26.134272,91.631099,theft,low
26.232453,91.754337,lost_person,low
26.236333,91.640769,lost_person,low
26.177793,91.707069,accident,low
26.177138,91.834498,lost_person,low
26.108696,91.755022,theft,high
26.208556,91.851461,accident,medium
26.069803,91.779673,lost_person,medium
26.086791,91.734965,theft,low
26.244551,91.797043,theft,low
26.100612,91.708707,lost_person,low
26.227363,91.790637,theft,low
26.065972,91.863258,theft,low
26.105563,91.877871,accident,medium
26.182738,91.731808,theft,low
26.140328,91.560361,theft,medium
26.213444,91.657584,lost_person,low
26.156761,91.644592,theft,low
26.080863,91.843779,theft,high
26.185819,91.695397,lost_person,medium
26.100019,91.83226,theft,high
26.071132,91.679742,accident,low
26.18367,91.802559,theft,low
26.09066,91.776528,lost_person,low
26.206718,91.638918,accident,low
26.091964,91.714945,lost_person,high
26.118313,91.862684,accident,low
26.175273,91.860896,lost_person,low
26.091019,91.619292,theft,low
26.071338,91.718804,theft,low
26.117393,91.822102,theft,medium
26.110266,91.745242,theft,low
26.218255,91.679537,lost_person,high
26.098527,91.59272,lost_person,high
26.181252,91.808262,lost_person,low
26.249356,91.821631,theft,high
26.184604,91.832534,lost_person,low
26.191376,91.752412,lost_person,high
26.102812,91.616283,lost_person,medium
26.167144,91.853717,accident,low
26.243296,91.860338,lost_person,medium
26.21719,91.5833,accident,low
26.238089,91.860465,theft,low
26.12491,91.63823,accident,low
26.055284,91.62234,lost_person,medium
26.149511,91.848024,accident,medium
26.067764,91.552633,lost_person,medium
26.147261,91.620931,accident,low
26.183181,91.564367,lost_person,low
26.106923,91.847487,accident,low
26.068091,91.813167,theft,medium
26.173757,91.607533,accident,high
26.088307,91.641254,accident,low
26.249388,91.879492,accident,low
26.184994,91.629711,lost_person,high
26.073228,91.606263,theft,medium
26.205241,91.681358,accident,low
26.115721,91.605271,lost_person,medium
26.087984,91.651467,lost_person,high
26.199842,91.640315,lost_person,low
26.088762,91.766461,lost_person,low
26.16503,91.701412,theft,low
26.118146,91.875661,accident,medium
26.101195,91.556217,accident,medium
26.165158,91.599925,accident,low
26.205112,91.749999,lost_person,low
26.249202,91.88803,accident,low
26.249055,91.622909,lost_person,low
26.237745,91.690045,theft,low
26.162586,91.829064,theft,high
26.227174,91.704785,lost_person,high
26.057403,91.779202,accident,medium
26.084992,91.873297,theft,high
26.245839,91.60214,theft,medium
26.171778,91.693865,lost_person,low
26.098073,91.721282,theft,medium
26.072143,91.636332,accident,low
26.096539,91.865288,theft,high
26.160426,91.706799,lost_person,high
26.125844,91.582922,lost_person,high
26.10312,91.587771,lost_person,low
26.166815,91.833749,accident,medium
26.068812,91.791694,lost_person,low
26.078278,91.824254,lost_person,low
26.146278,91.586351,theft,high
26.188895,91.782916,theft,medium
26.207166,91.594901,theft,low
26.240098,91.830175,lost_person,high
26.219115,91.774968,lost_person,medium
26.110397,91.706304,accident,medium
26.106295,91.582633,lost_person,low
26.231402,91.675802,lost_person,low
26.140518,91.731374,accident,low
26.110078,91.813718,lost_person,medium
26.099147,91.631496,lost_person,high
26.243313,91.665825,theft,low
26.155897,91.656326,lost_person,medium
26.249059,91.733923,theft,low
26.09323,91.670658,theft,medium
26.099029,91.811365,accident,high
26.222039,91.558443,theft,high
26.156905,91.851993,theft,high
26.176113,91.884266,lost_person,low
26.13917,91.556248,accident,medium
26.121411,91.744572,theft,medium
26.184575,91.872285,lost_person,low
26.197681,91.874322,lost_person,low
