id,digital_id,full_name,nationality,document_type,document_number,phone,itinerary,emergency_contacts,trip_start,trip_end,last_lat,last_lng,last_seen,safety_score,tracking_enabled,status,created_at,behaviour_profile,trip_cluster
1,STS-71963A4B3637,Christopher Miller,American,passport,369881649,+1-5246488499,"[{""name"": ""Hotel Polo Towers, Shillong (stay 1)"", ""lat"": 26.155472, ""lng"": 91.779433}, {""name"": ""Six Mile"", ""lat"": 26.135, ""lng"": 91.805}, {""name"": ""Dispur Secretariat"", ""lat"": 26.142, ""lng"": 91.79}, {""name"": ""Guwahati Railway Station"", ""lat"": 26.1824, ""lng"": 91.7513}, {""name"": ""En route to Guwahati Railway Station"", ""lat"": 26.155467, ""lng"": 91.7771}, {""name"": ""En route to Guwahati Railway Station"", ""lat"": 26.168933, ""lng"": 91.7642}, {""name"": ""En route to Hotel Polo Towers, Shillong (stay 1)"", ""lat"": 26.168936, ""lng"": 91.765366}, {""name"": ""En route to Six Mile"", ""lat"": 26.145236, ""lng"": 91.792216}]","[{""name"": ""Michael Garcia"", ""phone"": ""+1-1664890082"", ""relation"": ""family""}, {""name"": ""David Rodriguez"", ""phone"": ""+1-5581308898"", ""relation"": ""spouse""}]",2026-08-11 06:00:00,2026-08-12 08:00:00,26.155162,91.779459,2026-08-12 06:41:52,81.7,1,active,2026-08-04 09:00:00,high_speed_transit,Business / Transit Stay
2,STS-FE32AAA3098D,Sneha Das,Indian,aadhaar,XXXX-XXXX-8581,+91-7188496806,"[{""name"": ""Ygdrasill Bamboo Resort, Cherrapunji (stay 1)"", ""lat"": 26.138834, ""lng"": 91.795867}, {""name"": ""Dispur Secretariat"", ""lat"": 26.142, ""lng"": 91.79}, {""name"": ""Ganeshguri Junction"", ""lat"": 26.147, ""lng"": 91.79}, {""name"": ""Six Mile"", ""lat"": 26.135, ""lng"": 91.805}]","[{""name"": ""Anjali Deka"", ""phone"": ""+91-8143672868"", ""relation"": ""family""}, {""name"": ""Kabir Das"", ""phone"": ""+91-7303885681"", ""relation"": ""spouse""}]",2026-08-20 05:30:00,2026-08-23 19:30:00,26.138872,91.796225,2026-08-23 06:47:39,80.2,1,active,2026-08-17 11:30:00,high_speed_transit,Business / Transit Stay
3,STS-ECA91D869746,Kabir Baishya,Indian,aadhaar,XXXX-XXXX-1716,+91-7770564616,"[{""name"": ""Hotel Rajmahal (stay 1)"", ""lat"": 26.106252, ""lng"": 91.618232}, {""name"": ""Deepor Beel Wildlife Sanctuary"", ""lat"": 26.12, ""lng"": 91.65}, {""name"": ""Accoland Water Park"", ""lat"": 26.09, ""lng"": 91.59}, {""name"": ""Hotel Polo Towers, Shillong (stay 2)"", ""lat"": 25.931277, ""lng"": 91.429534}, {""name"": ""Chandubi Lake"", ""lat"": 25.9333, ""lng"": 91.4333}, {""name"": ""En route to Accoland Water Park"", ""lat"": 26.11, ""lng"": 91.63}, {""name"": ""En route to Accoland Water Park"", ""lat"": 26.1, ""lng"": 91.61}, {""name"": ""En route to Deepor Beel Wildlife Sanctuary"", ""lat"": 26.113126, ""lng"": 91.634116}, {""name"": ""En route to Hotel Rajmahal (stay 1)"", ""lat"": 26.098126, ""lng"": 91.604116}]","[{""name"": ""Pooja Reddy"", ""phone"": ""+91-7186003203"", ""relation"": ""family""}, {""name"": ""Kabir Kumar"", ""phone"": ""+91-9899901140"", ""relation"": ""spouse""}, {""name"": ""Kavya Hazarika"", ""phone"": ""+91-9131719786"", ""relation"": ""family""}]",2026-08-30 10:45:00,2026-09-02 12:45:00,25.930909,91.429462,2026-09-02 06:38:40,79.7,1,active,2026-08-28 11:45:00,normal,Guwahati Nature & Wildlife
4,STS-81330C8C06AD,Ethan Williams,American,passport,313361094,+1-2356948045,"[{""name"": ""Brahmaputra Jungle Resort (stay 1)"", ""lat"": 25.201723, ""lng"": 91.915813}, {""name"": ""Mawlynnong Village"", ""lat"": 25.2, ""lng"": 91.9167}, {""name"": ""Ginger Guwahati (stay 2)"", ""lat"": 25.621099, ""lng"": 91.889452}, {""name"": ""Shillong"", ""lat"": 25.5788, ""lng"": 91.8933}, {""name"": ""Umiam Lake"", ""lat"": 25.657, ""lng"": 91.889}, {""name"": ""En route to Umiam Lake"", ""lat"": 25.59835, ""lng"": 91.892225}, {""name"": ""En route to Umiam Lake"", ""lat"": 25.6179, ""lng"": 91.89115}, {""name"": ""En route to Umiam Lake"", ""lat"": 25.63745, ""lng"": 91.890075}, {""name"": ""En route to Shillong"", ""lat"": 25.59995, ""lng"": 91.891376}, {""name"": ""En route to Ginger Guwahati (stay 2)"", ""lat"": 25.639049, ""lng"": 91.889226}]","[{""name"": ""Daniel Smith"", ""phone"": ""+1-7349429046"", ""relation"": ""family""}, {""name"": ""Emily Garcia"", ""phone"": ""+1-6518870179"", ""relation"": ""spouse""}]",2026-08-20 08:45:00,2026-08-26 18:45:00,25.621233,91.889062,2026-08-26 06:30:07,79.0,0,active,2026-07-31 14:45:00,normal,Meghalaya Loop
5,STS-1129C7A7A455,Lucia Lopez,Spanish,passport,XD849073,+34-453910161,"[{""name"": ""Novotel Guwahati GS Road (stay 1)"", ""lat"": 26.185989, ""lng"": 91.75255}, {""name"": ""Guwahati Railway Station"", ""lat"": 26.1824, ""lng"": 91.7513}, {""name"": ""Brahmaputra Jungle Resort (stay 2)"", ""lat"": 25.578908, ""lng"": 91.892703}, {""name"": ""Shillong"", ""lat"": 25.5788, ""lng"": 91.8933}, {""name"": ""Radisson Blu Guwahati (stay 3)"", ""lat"": 25.279858, ""lng"": 91.68324}, {""name"": ""Nohkalikai Falls"", ""lat"": 25.276, ""lng"": 91.6857}, {""name"": ""Hotel Rajmahal (stay 4)"", ""lat"": 25.190634, ""lng"": 92.023846}, {""name"": ""Dawki / Umngot River"", ""lat"": 25.19, ""lng"": 92.02}]","[{""name"": ""Carmen Lopez"", ""phone"": ""+34-587084779"", ""relation"": ""family""}, {""name"": ""Pablo Gomez"", ""phone"": ""+34-517675539"", ""relation"": ""spouse""}, {""name"": ""Spanish Consulate, Kolkata"", ""phone"": ""+91-6889073781"", ""relation"": ""embassy""}]",2026-09-03 11:00:00,2026-09-13 13:00:00,25.279597,91.683307,2026-09-05 18:33:13,29.1,1,active,2026-08-22 17:00:00,normal,Meghalaya Loop
6,STS-94F3121DBF88,Siddharth Kalita,Indian,aadhaar,XXXX-XXXX-5454,+91-7219143907,"[{""name"": ""Brahmaputra Jungle Resort (stay 1)"", ""lat"": 26.169057, ""lng"": 91.564952}, {""name"": ""Sualkuchi Silk Village"", ""lat"": 26.1667, ""lng"": 91.5667}, {""name"": ""Novotel Guwahati GS Road (stay 2)"", ""lat"": 26.173689, ""lng"": 91.757297}, {""name"": ""Fancy Bazaar"", ""lat"": 26.1836, ""lng"": 91.7434}, {""name"": ""Pan Bazaar"", ""lat"": 26.1856, ""lng"": 91.7455}, {""name"": ""Paltan Bazaar"", ""lat"": 26.1817, ""lng"": 91.7503}, {""name"": ""Uzan Bazar Ghat"", ""lat"": 26.19, ""lng"": 91.759}, {""name"": ""Srimanta Sankaradeva Kalakshetra"", ""lat"": 26.144, ""lng"": 91.8058}, {""name"": ""En route to Srimanta Sankaradeva Kalakshetra"", ""lat"": 26.174667, ""lng"": 91.7746}, {""name"": ""En route to Srimanta Sankaradeva Kalakshetra"", ""lat"": 26.159333, ""lng"": 91.7902}, {""name"": ""En route to Novotel Guwahati GS Road (stay 2)"", ""lat"": 26.153896, ""lng"": 91.789632}, {""name"": ""En route to Novotel Guwahati GS Road (stay 2)"", ""lat"": 26.163793, ""lng"": 91.773465}]","[{""name"": ""Nikhil Nair"", ""phone"": ""+91-6160499100"", ""relation"": ""family""}]",2026-08-22 09:15:00,2026-08-26 11:15:00,26.173386,91.757505,2026-08-26 06:48:29,81.5,1,active,2026-08-12 13:15:00,inactivity,Guwahati Market & Heritage Walk
7,STS-6DBD21ADCD54,Rohan Saikia,Indian,aadhaar,XXXX-XXXX-4423,+91-8684676780,"[{""name"": ""Dolma Homestay, Tawang (stay 1)"", ""lat"": 25.270475, ""lng"": 91.696762}, {""name"": ""Living Root Bridge, Nongriat"", ""lat"": 25.247, ""lng"": 91.715}, {""name"": ""Nohkalikai Falls"", ""lat"": 25.276, ""lng"": 91.6857}, {""name"": ""Cherrapunji (Sohra)"", ""lat"": 25.2912, ""lng"": 91.6783}, {""name"": ""Wild Mahseer, Balipara (stay 2)"", ""lat"": 25.20388, ""lng"": 91.915799}, {""name"": ""Mawlynnong Village"", ""lat"": 25.2, ""lng"": 91.9167}, {""name"": ""Kiranshree Portico (stay 3)"", ""lat"": 25.58023, ""lng"": 91.891221}, {""name"": ""Shillong"", ""lat"": 25.5788, ""lng"": 91.8933}, {""name"": ""Kiranshree Portico (stay 4)"", ""lat"": 26.185939, ""lng"": 91.754898}, {""name"": ""Guwahati Railway Station"", ""lat"": 26.1824, ""lng"": 91.7513}, {""name"": ""En route to Nohkalikai Falls"", ""lat"": 25.2615, ""lng"": 91.70035}, {""name"": ""En route to Living Root Bridge, Nongriat"", ""lat"": 25.258738, ""lng"": 91.705881}, {""name"": ""En route to Dolma Homestay, Tawang (stay 1)"", ""lat"": 25.280838, ""lng"": 91.687531}]","[{""name"": ""Sneha Hazarika"", ""phone"": ""+91-9854927240"", ""relation"": ""family""}, {""name"": ""Rohan Phukan"", ""phone"": ""+91-6208601460"", ""relation"": ""spouse""}, {""name"": ""Ishita Singh"", ""phone"": ""+91-6854327163"", ""relation"": ""colleague""}]",2026-08-17 08:30:00,2026-08-24 12:30:00,26.186049,91.755053,2026-08-24 06:49:27,80.3,1,active,2026-08-15 12:30:00,geofence_intrusion,Meghalaya Loop
8,STS-9236E2AA8BAF,Nabanita Kumar,Indian,aadhaar,XXXX-XXXX-9240,+91-9930914015,"[{""name"": ""Hotel Rajmahal (stay 1)"", ""lat"": 27.330486, ""lng"": 88.616899}, {""name"": ""Gangtok"", ""lat"": 27.3314, ""lng"": 88.6138}, {""name"": ""Hotel Dynasty, Lakhtokia (stay 2)"", ""lat"": 26.105528, ""lng"": 91.584486}, {""name"": ""LGB International Airport"", ""lat"": 26.1061, ""lng"": 91.5859}, {""name"": ""Kiranshree Portico (stay 3)"", ""lat"": 26.578105, ""lng"": 93.172318}, {""name"": ""Kaziranga National Park"", ""lat"": 26.5775, ""lng"": 93.1711}, {""name"": ""Kiranshree Portico (stay 4)"", ""lat"": 23.72448, ""lng"": 92.715846}, {""name"": ""Aizawl"", ""lat"": 23.7271, ""lng"": 92.7176}, {""name"": ""Ginger Guwahati (stay 5)"", ""lat"": 23.831695, ""lng"": 91.288875}, {""name"": ""Agartala"", ""lat"": 23.8315, ""lng"": 91.2868}]","[{""name"": ""Rupam Verma"", ""phone"": ""+91-8601804033"", ""relation"": ""family""}, {""name"": ""Anjali Nair"", ""phone"": ""+91-6153735866"", ""relation"": ""spouse""}]",2026-09-02 09:15:00,2026-09-20 18:15:00,23.724521,92.715956,2026-09-05 18:37:05,75.0,1,active,2026-08-18 06:15:00,normal,Seven Sisters Grand Tour
9,STS-1A5CF513F359,Parag Phukan,Indian,aadhaar,XXXX-XXXX-2350,+91-9597442526,"[{""name"": ""Wild Mahseer, Balipara (stay 1)"", ""lat"": 26.98205, ""lng"": 94.645802}, {""name"": ""Sivasagar"", ""lat"": 26.9826, ""lng"": 94.6425}, {""name"": ""Hotel Polo Towers, Shillong (stay 2)"", ""lat"": 26.75062, ""lng"": 94.205935}, {""name"": ""Jorhat"", ""lat"": 26.7509, ""lng"": 94.2037}, {""name"": ""Hotel Nandan (stay 3)"", ""lat"": 26.576409, ""lng"": 93.174005}, {""name"": ""Kaziranga National Park"", ""lat"": 26.5775, ""lng"": 93.1711}, {""name"": ""Hotel Nandan (stay 4)"", ""lat"": 26.107076, ""lng"": 91.584346}, {""name"": ""LGB International Airport"", ""lat"": 26.1061, ""lng"": 91.5859}]","[{""name"": ""Kavya Sen"", ""phone"": ""+91-7528783573"", ""relation"": ""family""}, {""name"": ""Pooja Baishya"", ""phone"": ""+91-6330734533"", ""relation"": ""spouse""}]",2026-08-16 09:00:00,2026-08-23 15:00:00,26.106821,91.58457,2026-08-23 06:32:30,81.2,1,active,2026-08-15 04:00:00,route_deviation,Upper Assam Wildlife Trail
10,STS-B48F6A770344,Emma Roy,Canadian,passport,HJ793766,+1-8732609685,"[{""name"": ""Ygdrasill Bamboo Resort, Cherrapunji (stay 1)"", ""lat"": 25.577548, ""lng"": 91.895435}, {""name"": ""Shillong"", ""lat"": 25.5788, ""lng"": 91.8933}, {""name"": ""Ri Kynjai, Umiam (stay 2)"", ""lat"": 26.104509, ""lng"": 91.587158}, {""name"": ""LGB International Airport"", ""lat"": 26.1061, ""lng"": 91.5859}, {""name"": ""Novotel Guwahati GS Road (stay 3)"", ""lat"": 26.577645, ""lng"": 93.173505}, {""name"": ""Kaziranga National Park"", ""lat"": 26.5775, ""lng"": 93.1711}, {""name"": ""Dolma Homestay, Tawang (stay 4)"", ""lat"": 25.678797, ""lng"": 94.106602}, {""name"": ""Kohima"", ""lat"": 25.6751, ""lng"": 94.1086}, {""name"": ""Diphlu River Lodge, Kaziranga (stay 5)"", ""lat"": 23.730277, ""lng"": 92.718478}, {""name"": ""Aizawl"", ""lat"": 23.7271, ""lng"": 92.7176}, {""name"": ""Novotel Guwahati GS Road (stay 6)"", ""lat"": 23.832272, ""lng"": 91.289348}, {""name"": ""Agartala"", ""lat"": 23.8315, ""lng"": 91.2868}]","[{""name"": ""Logan Morin"", ""phone"": ""+1-8348002264"", ""relation"": ""family""}, {""name"": ""Lucas Cote"", ""phone"": ""+1-8205548298"", ""relation"": ""spouse""}, {""name"": ""Ava Morin"", ""phone"": ""+1-3147498474"", ""relation"": ""tour_operator""}]",2026-08-27 08:00:00,2026-09-11 18:00:00,23.832335,91.289748,2026-09-05 18:07:21,70.9,1,active,2026-08-15 08:00:00,normal,Seven Sisters Grand Tour
11,STS-36EA71496AC6,Fenna Bakker,Dutch,passport,NX4336447,+31-923428402,"[{""name"": ""Ri Kynjai, Umiam (stay 1)"", ""lat"": 26.187942, ""lng"": 91.751688}, {""name"": ""Dighalipukhuri"", ""lat"": 26.1861, ""lng"": 91.7503}, {""name"": ""Pan Bazaar"", ""lat"": 26.1856, ""lng"": 91.7455}, {""name"": ""Fancy Bazaar"", ""lat"": 26.1836, ""lng"": 91.7434}, {""name"": ""Guwahati Planetarium"", ""lat"": 26.1856, ""lng"": 91.7625}]","[{""name"": ""Julia Van Dijk"", ""phone"": ""+31-794947155"", ""relation"": ""family""}, {""name"": ""Julia Jansen"", ""phone"": ""+31-574502405"", ""relation"": ""spouse""}]",2026-08-07 10:30:00,2026-08-12 20:30:00,26.188283,91.751708,2026-08-12 06:52:33,80.8,1,active,2026-07-30 20:30:00,normal,Guwahati City Break
12,STS-3FF0AEA751D9,Anjana Adhikari,Nepali,passport,NP6740877,+977-6236179496,"[{""name"": ""Vivanta Guwahati (stay 1)"", ""lat"": 26.175428, ""lng"": 91.784337}, {""name"": ""Assam State Zoo & Botanical Garden"", ""lat"": 26.178, ""lng"": 91.786}, {""name"": ""Vivanta Guwahati (stay 2)"", ""lat"": 26.229464, ""lng"": 92.08596}, {""name"": ""Pobitora Wildlife Sanctuary"", ""lat"": 26.2333, ""lng"": 92.0833}, {""name"": ""Novotel Guwahati GS Road (stay 3)"", ""lat"": 25.93636, ""lng"": 91.432263}, {""name"": ""Chandubi Lake"", ""lat"": 25.9333, ""lng"": 91.4333}]","[{""name"": ""Anjana Gurung"", ""phone"": ""+977-6426541689"", ""relation"": ""family""}, {""name"": ""Sarita Gurung"", ""phone"": ""+977-3763985238"", ""relation"": ""spouse""}]",2026-09-03 11:45:00,2026-09-07 15:45:00,25.936212,91.432214,2026-09-05 18:26:29,72.1,1,active,2026-08-13 08:45:00,normal,Guwahati Nature & Wildlife
13,STS-1256E70DC4F4,Debojit Barua,Indian,aadhaar,XXXX-XXXX-3119,+91-8678203690,"[{""name"": ""Hotel Polo Towers, Shillong (stay 1)"", ""lat"": 25.582628, ""lng"": 91.891525}, {""name"": ""Shillong"", ""lat"": 25.5788, ""lng"": 91.8933}, {""name"": ""Novotel Guwahati GS Road (stay 2)"", ""lat"": 26.104791, ""lng"": 91.584833}, {""name"": ""LGB International Airport"", ""lat"": 26.1061, ""lng"": 91.5859}, {""name"": ""Ygdrasill Bamboo Resort, Cherrapunji (stay 3)"", ""lat"": 26.575334, ""lng"": 93.17221}, {""name"": ""Kaziranga National Park"", ""lat"": 26.5775, ""lng"": 93.1711}, {""name"": ""Ygdrasill Bamboo Resort, Cherrapunji (stay 4)"", ""lat"": 25.672648, ""lng"": 94.1109}, {""name"": ""Kohima"", ""lat"": 25.6751, ""lng"": 94.1086}, {""name"": ""Dolma Homestay, Tawang (stay 5)"", ""lat"": 24.81716, ""lng"": 93.934528}, {""name"": ""Imphal"", ""lat"": 24.817, ""lng"": 93.9368}, {""name"": ""Novotel Guwahati GS Road (stay 6)"", ""lat"": 23.833658, ""lng"": 91.287428}, {""name"": ""Agartala"", ""lat"": 23.8315, ""lng"": 91.2868}]","[{""name"": ""Aarav Reddy"", ""phone"": ""+91-9214348696"", ""relation"": ""family""}]",2026-08-13 05:00:00,2026-08-27 07:00:00,23.833906,91.287419,2026-08-27 06:43:05,77.4,1,active,2026-08-02 23:00:00,inactivity,Seven Sisters Grand Tour
14,STS-C959A0E2D6AF,Pranjal Verma,Indian,aadhaar,XXXX-XXXX-4027,+91-8311543978,"[{""name"": ""Kiranshree Portico (stay 1)"", ""lat"": 26.631611, ""lng"": 92.802921}, {""name"": ""Tezpur"", ""lat"": 26.6338, ""lng"": 92.8}, {""name"": ""Radisson Blu Guwahati (stay 2)"", ""lat"": 26.186161, ""lng"": 91.749592}, {""name"": ""Guwahati Railway Station"", ""lat"": 26.1824, ""lng"": 91.7513}, {""name"": ""Hotel Rajmahal (stay 3)"", ""lat"": 27.543395, ""lng"": 93.833887}, {""name"": ""Ziro Valley"", ""lat"": 27.5448, ""lng"": 93.832}]","[{""name"": ""Anurag Deka"", ""phone"": ""+91-7532861780"", ""relation"": ""family""}, {""name"": ""Rituparna Nair"", ""phone"": ""+91-6380573213"", ""relation"": ""spouse""}, {""name"": ""Ygdrasill Bamboo Resort, Cherrapunji Front Desk"", ""phone"": ""+91-9455526151"", ""relation"": ""hotel""}]",2026-08-31 10:00:00,2026-09-14 23:00:00,27.54354,93.834228,2026-09-05 18:35:26,72.8,0,active,2026-08-30 20:00:00,normal,Arunachal High Himalaya
15,STS-87D9547540CE,Imran Sarkar,Bangladeshi,passport,BX8922518,+880-8442054051,"[{""name"": ""Vivanta Guwahati (stay 1)"", ""lat"": 26.17452, ""lng"": 91.786235}, {""name"": ""Assam State Zoo & Botanical Garden"", ""lat"": 26.178, ""lng"": 91.786}, {""name"": ""La Maison de Ananda, Majuli (stay 2)"", ""lat"": 26.101619, ""lng"": 91.622932}, {""name"": ""Deepor Beel Wildlife Sanctuary"", ""lat"": 26.12, ""lng"": 91.65}, {""name"": ""Accoland Water Park"", ""lat"": 26.09, ""lng"": 91.59}, {""name"": ""Kiranshree Portico (stay 3)"", ""lat"": 25.936686, ""lng"": 91.429441}, {""name"": ""Chandubi Lake"", ""lat"": 25.9333, ""lng"": 91.4333}, {""name"": ""Novotel Guwahati GS Road (stay 4)"", ""lat"": 26.234973, ""lng"": 92.086374}, {""name"": ""Pobitora Wildlife Sanctuary"", ""lat"": 26.2333, ""lng"": 92.0833}, {""name"": ""En route to Accoland Water Park"", ""lat"": 26.11, ""lng"": 91.63}, {""name"": ""En route to Accoland Water Park"", ""lat"": 26.1, ""lng"": 91.61}, {""name"": ""En route to La Maison de Ananda, Majuli (stay 2)"", ""lat"": 26.09581, ""lng"": 91.606466}, {""name"": ""En route to Deepor Beel Wildlife Sanctuary"", ""lat"": 26.11081, ""lng"": 91.636466}]","[{""name"": ""Tanvir Uddin"", ""phone"": ""+880-7650836816"", ""relation"": ""family""}, {""name"": ""Shakib Rahman"", ""phone"": ""+880-2407373087"", ""relation"": ""spouse""}, {""name"": ""Imran Islam"", ""phone"": ""+880-1390920056"", ""relation"": ""spouse""}]",2026-08-30 08:30:00,2026-09-02 12:30:00,25.936806,91.429447,2026-09-02 06:49:02,80.2,0,active,2026-08-24 20:30:00,normal,Guwahati Nature & Wildlife
16,STS-8F7BC2756E33,Jayanta Reddy,Indian,passport,Z4092016,+91-6380437412,"[{""name"": ""Vivanta Guwahati (stay 1)"", ""lat"": 25.678013, ""lng"": 94.105228}, {""name"": ""Kohima"", ""lat"": 25.6751, ""lng"": 94.1086}, {""name"": ""Vivanta Guwahati (stay 2)"", ""lat"": 25.577593, ""lng"": 91.894333}, {""name"": ""Shillong"", ""lat"": 25.5788, ""lng"": 91.8933}, {""name"": ""Novotel Guwahati GS Road (stay 3)"", ""lat"": 26.105201, ""lng"": 91.58573}, {""name"": ""LGB International Airport"", ""lat"": 26.1061, ""lng"": 91.5859}, {""name"": ""Brahmaputra Jungle Resort (stay 4)"", ""lat"": 23.834243, ""lng"": 91.289067}, {""name"": ""Agartala"", ""lat"": 23.8315, ""lng"": 91.2868}, {""name"": ""Brahmaputra Jungle Resort (stay 5)"", ""lat"": 23.730727, ""lng"": 92.716475}, {""name"": ""Aizawl"", ""lat"": 23.7271, ""lng"": 92.7176}]","[{""name"": ""Manish Banerjee"", ""phone"": ""+91-9454976834"", ""relation"": ""family""}]",2026-07-25 05:00:00,2026-08-08 11:00:00,23.730769,92.716127,2026-08-08 06:51:13,82.7,1,active,2026-07-07 15:00:00,normal,Seven Sisters Grand Tour
17,STS-37845D93B6D5,Antoine Girard,French,passport,655108619,+33-521042084,"[{""name"": ""Novotel Guwahati GS Road (stay 1)"", ""lat"": 27.329056, ""lng"": 88.616126}, {""name"": ""Gangtok"", ""lat"": 27.3314, ""lng"": 88.6138}, {""name"": ""Vivanta Guwahati (stay 2)"", ""lat"": 23.829379, ""lng"": 91.28778}, {""name"": ""Agartala"", ""lat"": 23.8315, ""lng"": 91.2868}, {""name"": ""Ri Kynjai, Umiam (stay 3)"", ""lat"": 23.724432, ""lng"": 92.717368}, {""name"": ""Aizawl"", ""lat"": 23.7271, ""lng"": 92.7176}]","[{""name"": ""Manon Dubois"", ""phone"": ""+33-855574863"", ""relation"": ""family""}, {""name"": ""Chloe Bernard"", ""phone"": ""+33-910705605"", ""relation"": ""spouse""}, {""name"": ""Manon Bernard"", ""phone"": ""+33-941096006"", ""relation"": ""colleague""}]",2026-08-02 07:00:00,2026-08-20 10:00:00,23.724791,92.717728,2026-08-20 06:37:58,84.8,1,active,2026-07-21 04:00:00,normal,Seven Sisters Grand Tour
18,STS-C96BEBBB3C3E,Jayanta Nath,Indian,aadhaar,XXXX-XXXX-1590,+91-9505792151,"[{""name"": ""Hotel Rajmahal (stay 1)"", ""lat"": 26.578204, ""lng"": 93.170016}, {""name"": ""Kaziranga National Park"", ""lat"": 26.5775, ""lng"": 93.1711}, {""name"": ""Dolma Homestay, Tawang (stay 2)"", ""lat"": 26.105975, ""lng"": 91.587796}, {""name"": ""LGB International Airport"", ""lat"": 26.1061, ""lng"": 91.5859}, {""name"": ""Kiranshree Portico (stay 3)"", ""lat"": 25.579464, ""lng"": 91.896072}, {""name"": ""Shillong"", ""lat"": 25.5788, ""lng"": 91.8933}, {""name"": ""Hotel Dynasty, Lakhtokia (stay 4)"", ""lat"": 23.830827, ""lng"": 91.28951}, {""name"": ""Agartala"", ""lat"": 23.8315, ""lng"": 91.2868}, {""name"": ""Brahmaputra Jungle Resort (stay 5)"", ""lat"": 23.729665, ""lng"": 92.716709}, {""name"": ""Aizawl"", ""lat"": 23.7271, ""lng"": 92.7176}, {""name"": ""Radisson Blu Guwahati (stay 6)"", ""lat"": 27.332184, ""lng"": 88.61328}, {""name"": ""Gangtok"", ""lat"": 27.3314, ""lng"": 88.6138}]","[{""name"": ""Aarav Gogoi"", ""phone"": ""+91-7512094596"", ""relation"": ""family""}]",2026-09-01 06:45:00,2026-09-12 14:45:00,23.729944,92.717065,2026-09-05 18:05:06,74.1,1,active,2026-08-14 03:45:00,inactivity,Seven Sisters Grand Tour
19,STS-E9BAB3BECF3B,James Smith,American,passport,944300277,+1-9117306993,"[{""name"": ""Ygdrasill Bamboo Resort, Cherrapunji (stay 1)"", ""lat"": 26.188699, ""lng"": 91.752521}, {""name"": ""Paltan Bazaar"", ""lat"": 26.1817, ""lng"": 91.7503}, {""name"": ""Pan Bazaar"", ""lat"": 26.1856, ""lng"": 91.7455}, {""name"": ""Fancy Bazaar"", ""lat"": 26.1836, ""lng"": 91.7434}, {""name"": ""Uzan Bazar Ghat"", ""lat"": 26.19, ""lng"": 91.759}]","[{""name"": ""Emily Smith"", ""phone"": ""+1-8539871414"", ""relation"": ""family""}, {""name"": ""Michael Davis"", ""phone"": ""+1-5293064614"", ""relation"": ""spouse""}]",2026-08-05 10:00:00,2026-08-09 13:00:00,26.188307,91.752518,2026-08-09 06:43:13,81.7,1,active,2026-07-29 18:00:00,normal,Guwahati Market & Heritage Walk
20,STS-83F77668078E,Nikhil Banerjee,Indian,passport,Z5896549,+91-8616415733,"[{""name"": ""Dolma Homestay, Tawang (stay 1)"", ""lat"": 26.153887, ""lng"": 91.780034}, {""name"": ""Guwahati Railway Station"", ""lat"": 26.1824, ""lng"": 91.7513}, {""name"": ""Dispur Secretariat"", ""lat"": 26.142, ""lng"": 91.79}, {""name"": ""Six Mile"", ""lat"": 26.135, ""lng"": 91.805}, {""name"": ""En route to Dispur Secretariat"", ""lat"": 26.168933, ""lng"": 91.7642}, {""name"": ""En route to Dispur Secretariat"", ""lat"": 26.155467, ""lng"": 91.7771}, {""name"": ""En route to Guwahati Railway Station"", ""lat"": 26.168143, ""lng"": 91.765667}, {""name"": ""En route to Dolma Homestay, Tawang (stay 1)"", ""lat"": 26.144444, ""lng"": 91.792517}]","[{""name"": ""Chandana Mishra"", ""phone"": ""+91-6548748705"", ""relation"": ""family""}, {""name"": ""Tanvi Choudhury"", ""phone"": ""+91-7300560944"", ""relation"": ""spouse""}, {""name"": ""Hotel Dynasty, Lakhtokia Front Desk"", ""phone"": ""+91-8012350665"", ""relation"": ""hotel""}]",2026-08-10 08:00:00,2026-08-11 19:00:00,26.153677,91.780072,2026-08-11 06:53:28,80.1,1,active,2026-07-28 19:00:00,normal,Business / Transit Stay
21,STS-DC67B1B4BC4B,Junmoni Das,Indian,aadhaar,XXXX-XXXX-2174,+91-8431055771,"[{""name"": ""Hotel Dynasty, Lakhtokia (stay 1)"", ""lat"": 26.10299, ""lng"": 91.584895}, {""name"": ""LGB International Airport"", ""lat"": 26.1061, ""lng"": 91.5859}, {""name"": ""Ri Kynjai, Umiam (stay 2)"", ""lat"": 24.818256, ""lng"": 93.935193}, {""name"": ""Imphal"", ""lat"": 24.817, ""lng"": 93.9368}, {""name"": ""Hotel Dynasty, Lakhtokia (stay 3)"", ""lat"": 27.328213, ""lng"": 88.614463}, {""name"": ""Gangtok"", ""lat"": 27.3314, ""lng"": 88.6138}]","[{""name"": ""Aditya Nair"", ""phone"": ""+91-9368072966"", ""relation"": ""family""}, {""name"": ""Arjun Medhi"", ""phone"": ""+91-6843881684"", ""relation"": ""spouse""}]",2026-09-04 10:30:00,2026-09-21 17:30:00,24.818151,93.935224,2026-09-05 18:26:26,69.3,1,active,2026-08-19 06:30:00,normal,Seven Sisters Grand Tour
22,STS-D99FAF837DB7,Sneha Patel,Indian,aadhaar,XXXX-XXXX-7788,+91-6321836694,"[{""name"": ""Brahmaputra Jungle Resort (stay 1)"", ""lat"": 26.190841, ""lng"": 91.749175}, {""name"": ""Guwahati Planetarium"", ""lat"": 26.1856, ""lng"": 91.7625}, {""name"": ""Dighalipukhuri"", ""lat"": 26.1861, ""lng"": 91.7503}, {""name"": ""Assam State Museum"", ""lat"": 26.1857, ""lng"": 91.7481}, {""name"": ""Nehru Park"", ""lat"": 26.1857, ""lng"": 91.7477}, {""name"": ""Umananda Island"", ""lat"": 26.1964, ""lng"": 91.7453}]","[{""name"": ""Nabanita Gogoi"", ""phone"": ""+91-6258606209"", ""relation"": ""family""}, {""name"": ""Utpal Bora"", ""phone"": ""+91-6409991514"", ""relation"": ""spouse""}]",2026-08-03 05:30:00,2026-08-07 16:30:00,26.190822,91.749514,2026-08-07 06:54:26,79.8,1,active,2026-07-30 20:30:00,high_speed_transit,Guwahati City Break
23,STS-3A1DDDD37D8A,Christopher Jones,American,passport,598909066,+1-8836812541,"[{""name"": ""La Maison de Ananda, Majuli (stay 1)"", ""lat"": 26.179276, ""lng"": 91.743675}, {""name"": ""Nehru Park"", ""lat"": 26.1857, ""lng"": 91.7477}, {""name"": ""Fancy Bazaar"", ""lat"": 26.1836, ""lng"": 91.7434}, {""name"": ""Gandhi Mandap, Sarania Hill"", ""lat"": 26.175, ""lng"": 91.758}, {""name"": ""Guwahati Planetarium"", ""lat"": 26.1856, ""lng"": 91.7625}, {""name"": ""Kamakhya Temple"", ""lat"": 26.1664, ""lng"": 91.7055}, {""name"": ""En route to Kamakhya Temple"", ""lat"": 26.1792, ""lng"": 91.7435}, {""name"": ""En route to Kamakhya Temple"", ""lat"": 26.1728, ""lng"": 91.7245}, {""name"": ""En route to La Maison de Ananda, Majuli (stay 1)"", ""lat"": 26.172838, ""lng"": 91.724587}]","[{""name"": ""Sarah Johnson"", ""phone"": ""+1-3842092749"", ""relation"": ""family""}, {""name"": ""Sarah Wilson"", ""phone"": ""+1-1981122021"", ""relation"": ""spouse""}, {""name"": ""Ethan Johnson"", ""phone"": ""+1-3851368405"", ""relation"": ""colleague""}, {""name"": ""Emily Davis"", ""phone"": ""+1-6237008777"", ""relation"": ""friend""}]",2026-08-08 07:30:00,2026-08-11 15:30:00,26.178948,91.743465,2026-08-11 06:33:07,79.2,1,active,2026-07-28 05:30:00,normal,Guwahati City Break
24,STS-B1AFBAF818B1,Simanta Deka,Indian,aadhaar,XXXX-XXXX-1121,+91-7375583883,"[{""name"": ""Ygdrasill Bamboo Resort, Cherrapunji (stay 1)"", ""lat"": 25.186967, ""lng"": 92.018578}, {""name"": ""Dawki / Umngot River"", ""lat"": 25.19, ""lng"": 92.02}, {""name"": ""Hotel Rajmahal (stay 2)"", ""lat"": 25.265321, ""lng"": 91.696073}, {""name"": ""Living Root Bridge, Nongriat"", ""lat"": 25.247, ""lng"": 91.715}, {""name"": ""Cherrapunji (Sohra)"", ""lat"": 25.2912, ""lng"": 91.6783}, {""name"": ""Hotel Dynasty, Lakhtokia (stay 3)"", ""lat"": 25.65577, ""lng"": 91.890706}, {""name"": ""Umiam Lake"", ""lat"": 25.657, ""lng"": 91.889}, {""name"": ""Hotel Rajmahal (stay 4)"", ""lat"": 26.184047, ""lng"": 91.754811}, {""name"": ""Guwahati Railway Station"", ""lat"": 26.1824, ""lng"": 91.7513}, {""name"": ""En route to Cherrapunji (Sohra)"", ""lat"": 25.261733, ""lng"": 91.702767}, {""name"": ""En route to Cherrapunji (Sohra)"", ""lat"": 25.276467, ""lng"": 91.690533}, {""name"": ""En route to Hotel Rajmahal (stay 2)"", ""lat"": 25.278261, ""lng"": 91.687186}, {""name"": ""En route to Living Root Bridge, Nongriat"", ""lat"": 25.256161, ""lng"": 91.705536}]","[{""name"": ""Nikhil Kumar"", ""phone"": ""+91-8872484926"", ""relation"": ""family""}, {""name"": ""Meera Bhattacharya"", ""phone"": ""+91-7830568208"", ""relation"": ""spouse""}, {""name"": ""Utpal Gogoi"", ""phone"": ""+91-6780988220"", ""relation"": ""family""}, {""name"": ""Vikram Bhattacharya"", ""phone"": ""+91-7109423547"", ""relation"": ""employer""}]",2026-08-03 10:45:00,2026-08-11 19:45:00,26.184057,91.754432,2026-08-11 06:46:50,48.4,1,active,2026-07-16 08:45:00,normal,Meghalaya Loop
25,STS-56FF60BD2346,Anurag Sharma,Indian,aadhaar,XXXX-XXXX-9797,+91-7683780371,"[{""name"": ""Novotel Guwahati GS Road (stay 1)"", ""lat"": 26.17263, ""lng"": 91.741393}, {""name"": ""Kamakhya Temple"", ""lat"": 26.1664, ""lng"": 91.7055}, {""name"": ""Navagraha Temple"", ""lat"": 26.1749, ""lng"": 91.7789}, {""name"": ""Hotel Polo Towers, Shillong (stay 2)"", ""lat"": 26.366432, ""lng"": 91.629405}, {""name"": ""Madan Kamdev Ruins"", ""lat"": 26.3667, ""lng"": 91.6333}, {""name"": ""En route to Navagraha Temple"", ""lat"": 26.169233, ""lng"": 91.729967}, {""name"": ""En route to Navagraha Temple"", ""lat"": 26.172067, ""lng"": 91.754433}, {""name"": ""En route to Novotel Guwahati GS Road (stay 1)"", ""lat"": 26.173765, ""lng"": 91.760146}, {""name"": ""En route to Kamakhya Temple"", ""lat"": 26.169515, ""lng"": 91.723446}]","[{""name"": ""Sneha Reddy"", ""phone"": ""+91-9650294250"", ""relation"": ""family""}, {""name"": ""Ishita Saikia"", ""phone"": ""+91-7915353759"", ""relation"": ""spouse""}, {""name"": ""Parag Das"", ""phone"": ""+91-9661624293"", ""relation"": ""parent""}, {""name"": ""Gitanjali Sharma"", ""phone"": ""+91-6070177446"", ""relation"": ""sibling""}]",2026-08-10 10:00:00,2026-08-14 18:00:00,26.366765,91.629408,2026-08-14 06:40:31,79.7,1,active,2026-08-09 17:00:00,geofence_intrusion,Guwahati Pilgrimage Circuit
26,STS-795111972C5F,Rohan Deka,Indian,passport,Z5456566,+91-7920133704,"[{""name"": ""Kiranshree Portico (stay 1)"", ""lat"": 26.163844, ""lng"": 91.567977}, {""name"": ""Sualkuchi Silk Village"", ""lat"": 26.1667, ""lng"": 91.5667}, {""name"": ""Vivanta Guwahati (stay 2)"", ""lat"": 26.180056, ""lng"": 91.758486}, {""name"": ""Fancy Bazaar"", ""lat"": 26.1836, ""lng"": 91.7434}, {""name"": ""Pan Bazaar"", ""lat"": 26.1856, ""lng"": 91.7455}, {""name"": ""Paltan Bazaar"", ""lat"": 26.1817, ""lng"": 91.7503}, {""name"": ""Uzan Bazar Ghat"", ""lat"": 26.19, ""lng"": 91.759}, {""name"": ""Srimanta Sankaradeva Kalakshetra"", ""lat"": 26.144, ""lng"": 91.8058}, {""name"": ""En route to Srimanta Sankaradeva Kalakshetra"", ""lat"": 26.174667, ""lng"": 91.7746}, {""name"": ""En route to Srimanta Sankaradeva Kalakshetra"", ""lat"": 26.159333, ""lng"": 91.7902}, {""name"": ""En route to Vivanta Guwahati (stay 2)"", ""lat"": 26.156019, ""lng"": 91.790029}, {""name"": ""En route to Vivanta Guwahati (stay 2)"", ""lat"": 26.168037, ""lng"": 91.774257}]","[{""name"": ""Debojit Sen"", ""phone"": ""+91-7048793701"", ""relation"": ""family""}, {""name"": ""Divya Kalita"", ""phone"": ""+91-7579377590"", ""relation"": ""spouse""}]",2026-09-08 06:00:00,2026-09-12 08:00:00,,,,100.0,1,active,2026-09-06 01:00:00,high_speed_transit,Guwahati Market & Heritage Walk
27,STS-031E1C928E2F,Chloe Dubois,French,passport,911392823,+33-729225953,"[{""name"": ""Kiranshree Portico (stay 1)"", ""lat"": 27.589745, ""lng"": 91.860219}, {""name"": ""Tawang Monastery"", ""lat"": 27.5861, ""lng"": 91.8594}, {""name"": ""Hotel Rajmahal (stay 2)"", ""lat"": 26.63619, ""lng"": 92.80315}, {""name"": ""Tezpur"", ""lat"": 26.6338, ""lng"": 92.8}, {""name"": ""Ginger Guwahati (stay 3)"", ""lat"": 26.185365, ""lng"": 91.753011}, {""name"": ""Guwahati Railway Station"", ""lat"": 26.1824, ""lng"": 91.7513}, {""name"": ""Novotel Guwahati GS Road (stay 4)"", ""lat"": 27.545954, ""lng"": 93.829177}, {""name"": ""Ziro Valley"", ""lat"": 27.5448, ""lng"": 93.832}]","[{""name"": ""Camille Bernard"", ""phone"": ""+33-374783019"", ""relation"": ""family""}, {""name"": ""Hugo Dubois"", ""phone"": ""+33-208834442"", ""relation"": ""spouse""}]",2026-07-24 10:00:00,2026-08-06 12:00:00,27.545842,93.828936,2026-08-06 06:40:33,83.3,1,active,2026-07-14 03:00:00,high_speed_transit,Arunachal High Himalaya
28,STS-6C791DFBECCA,James Rodriguez,American,passport,830682948,+1-9444453256,"[{""name"": ""Ginger Guwahati (stay 1)"", ""lat"": 26.159287, ""lng"": 91.759937}, {""name"": ""Kamakhya Temple"", ""lat"": 26.1664, ""lng"": 91.7055}, {""name"": ""Umananda Island"", ""lat"": 26.1964, ""lng"": 91.7453}, {""name"": ""Navagraha Temple"", ""lat"": 26.1749, ""lng"": 91.7789}, {""name"": ""Basistha Temple"", ""lat"": 26.1132, ""lng"": 91.797}, {""name"": ""Radisson Blu Guwahati (stay 2)"", ""lat"": 26.249616, ""lng"": 91.517626}, {""name"": ""Hajo Pilgrimage Town"", ""lat"": 26.25, ""lng"": 91.5167}, {""name"": ""Ygdrasill Bamboo Resort, Cherrapunji (stay 3)"", ""lat"": 26.362986, ""lng"": 91.635341}, {""name"": ""Madan Kamdev Ruins"", ""lat"": 26.3667, ""lng"": 91.6333}, {""name"": ""En route to Basistha Temple"", ""lat"": 26.154333, ""lng"": 91.784933}, {""name"": ""En route to Basistha Temple"", ""lat"": 26.133767, ""lng"": 91.790967}, {""name"": ""En route to Ginger Guwahati (stay 1)"", ""lat"": 26.128562, ""lng"": 91.784646}, {""name"": ""En route to Ginger Guwahati (stay 1)"", ""lat"": 26.143925, ""lng"": 91.772291}, {""name"": ""En route to Kamakhya Temple"", ""lat"": 26.161658, ""lng"": 91.741791}, {""name"": ""En route to Kamakhya Temple"", ""lat"": 26.164029, ""lng"": 91.723646}, {""name"": ""En route to Umananda Island"", ""lat"": 26.1764, ""lng"": 91.718767}, {""name"": ""En route to Umananda Island"", ""lat"": 26.1864, ""lng"": 91.732033}, {""name"": ""En route to Navagraha Temple"", ""lat"": 26.18565, ""lng"": 91.7621}]","[{""name"": ""Amanda Garcia"", ""phone"": ""+1-1877015242"", ""relation"": ""family""}, {""name"": ""David Jones"", ""phone"": ""+1-4102993210"", ""relation"": ""spouse""}]",2026-08-01 10:15:00,2026-08-05 15:15:00,26.363062,91.635143,2026-08-05 06:52:15,80.3,1,active,2026-07-25 22:15:00,normal,Guwahati Pilgrimage Circuit
29,STS-E02DA1B00317,Kabir Hazarika,Indian,aadhaar,XXXX-XXXX-8295,+91-7343714243,"[{""name"": ""Hotel Nandan (stay 1)"", ""lat"": 26.101625, ""lng"": 91.622043}, {""name"": ""Deepor Beel Wildlife Sanctuary"", ""lat"": 26.12, ""lng"": 91.65}, {""name"": ""Accoland Water Park"", ""lat"": 26.09, ""lng"": 91.59}, {""name"": ""Novotel Guwahati GS Road (stay 2)"", ""lat"": 25.93214, ""lng"": 91.43359}, {""name"": ""Chandubi Lake"", ""lat"": 25.9333, ""lng"": 91.4333}, {""name"": ""La Maison de Ananda, Majuli (stay 3)"", ""lat"": 26.235078, ""lng"": 92.085069}, {""name"": ""Pobitora Wildlife Sanctuary"", ""lat"": 26.2333, ""lng"": 92.0833}, {""name"": ""En route to Accoland Water Park"", ""lat"": 26.11, ""lng"": 91.63}, {""name"": ""En route to Accoland Water Park"", ""lat"": 26.1, ""lng"": 91.61}, {""name"": ""En route to Deepor Beel Wildlife Sanctuary"", ""lat"": 26.110813, ""lng"": 91.636021}, {""name"": ""En route to Hotel Nandan (stay 1)"", ""lat"": 26.095813, ""lng"": 91.606021}]","[{""name"": ""Debojit Sen"", ""phone"": ""+91-6377731102"", ""relation"": ""family""}, {""name"": ""Bhaskar Banerjee"", ""phone"": ""+91-7759335851"", ""relation"": ""spouse""}, {""name"": ""Arjun Mishra"", ""phone"": ""+91-8940074672"", ""relation"": ""colleague""}]",2026-08-20 08:00:00,2026-08-23 19:00:00,26.235278,92.085141,2026-08-23 06:40:27,83.2,1,active,2026-08-12 14:00:00,normal,Guwahati Nature & Wildlife
30,STS-73105B63EDD5,Oliver Edwards,British,passport,696573853,+44-6776061251,"[{""name"": ""Vivanta Guwahati (stay 1)"", ""lat"": 25.575487, ""lng"": 91.896141}, {""name"": ""Shillong"", ""lat"": 25.5788, ""lng"": 91.8933}, {""name"": ""Hotel Rajmahal (stay 2)"", ""lat"": 26.10474, ""lng"": 91.581944}, {""name"": ""LGB International Airport"", ""lat"": 26.1061, ""lng"": 91.5859}, {""name"": ""Vivanta Guwahati (stay 3)"", ""lat"": 23.828701, ""lng"": 91.286768}, {""name"": ""Agartala"", ""lat"": 23.8315, ""lng"": 91.2868}, {""name"": ""Novotel Guwahati GS Road (stay 4)"", ""lat"": 25.672947, ""lng"": 94.109727}, {""name"": ""Kohima"", ""lat"": 25.6751, ""lng"": 94.1086}, {""name"": ""Ginger Guwahati (stay 5)"", ""lat"": 27.329294, ""lng"": 88.616562}, {""name"": ""Gangtok"", ""lat"": 27.3314, ""lng"": 88.6138}]","[{""name"": ""Charlotte Baker"", ""phone"": ""+44-5293855507"", ""relation"": ""family""}, {""name"": ""Alfie Edwards"", ""phone"": ""+44-4200822449"", ""relation"": ""spouse""}]",2026-07-23 05:45:00,2026-08-04 15:45:00,27.329569,88.616503,2026-08-04 06:55:11,82.1,1,active,2026-07-19 22:45:00,normal,Seven Sisters Grand Tour
31,STS-FE0A43D756C1,Kabir Rajkhowa,Indian,aadhaar,XXXX-XXXX-5280,+91-7263861716,"[{""name"": ""Dolma Homestay, Tawang (stay 1)"", ""lat"": 26.18602, ""lng"": 91.753008}, {""name"": ""Guwahati Railway Station"", ""lat"": 26.1824, ""lng"": 91.7513}, {""name"": ""Hotel Polo Towers, Shillong (stay 2)"", ""lat"": 26.630716, ""lng"": 92.798243}, {""name"": ""Tezpur"", ""lat"": 26.6338, ""lng"": 92.8}, {""name"": ""La Maison de Ananda, Majuli (stay 3)"", ""lat"": 27.582427, ""lng"": 91.856273}, {""name"": ""Tawang Monastery"", ""lat"": 27.5861, ""lng"": 91.8594}, {""name"": ""Ri Kynjai, Umiam (stay 4)"", ""lat"": 27.546103, ""lng"": 93.832094}, {""name"": ""Ziro Valley"", ""lat"": 27.5448, ""lng"": 93.832}]","[{""name"": ""Nikhil Gogoi"", ""phone"": ""+91-6465352170"", ""relation"": ""family""}, {""name"": ""Nabanita Phukan"", ""phone"": ""+91-9267798300"", ""relation"": ""spouse""}]",2026-08-01 10:00:00,2026-08-12 15:00:00,27.545819,93.832167,2026-08-12 06:53:06,81.6,1,active,2026-07-27 11:00:00,abduction_pattern,Arunachal High Himalaya
32,STS-43DFA112E9D7,Fatima Chowdhury,Bangladeshi,passport,BX4400579,+880-6943012269,"[{""name"": ""Hotel Dynasty, Lakhtokia (stay 1)"", ""lat"": 25.676787, ""lng"": 94.109575}, {""name"": ""Kohima"", ""lat"": 25.6751, ""lng"": 94.1086}, {""name"": ""Dolma Homestay, Tawang (stay 2)"", ""lat"": 24.813104, ""lng"": 93.93653}, {""name"": ""Imphal"", ""lat"": 24.817, ""lng"": 93.9368}, {""name"": ""Kiranshree Portico (stay 3)"", ""lat"": 26.57366, ""lng"": 93.172023}, {""name"": ""Kaziranga National Park"", ""lat"": 26.5775, ""lng"": 93.1711}, {""name"": ""Diphlu River Lodge, Kaziranga (stay 4)"", ""lat"": 26.107878, ""lng"": 91.588668}, {""name"": ""LGB International Airport"", ""lat"": 26.1061, ""lng"": 91.5859}, {""name"": ""Ygdrasill Bamboo Resort, Cherrapunji (stay 5)"", ""lat"": 25.581959, ""lng"": 91.894814}, {""name"": ""Shillong"", ""lat"": 25.5788, ""lng"": 91.8933}]","[{""name"": ""Imran Chowdhury"", ""phone"": ""+880-7431029120"", ""relation"": ""family""}, {""name"": ""Ayesha Sarkar"", ""phone"": ""+880-7583571786"", ""relation"": ""spouse""}]",2026-07-26 09:15:00,2026-08-12 13:15:00,25.582104,91.894892,2026-08-12 06:33:52,79.3,1,active,2026-07-22 09:15:00,normal,Seven Sisters Grand Tour
33,STS-1C61761EFBDE,Aarav Banerjee,Indian,passport,Z8407493,+91-8206248878,"[{""name"": ""Kiranshree Portico (stay 1)"", ""lat"": 26.144113, ""lng"": 91.792164}, {""name"": ""Six Mile"", ""lat"": 26.135, ""lng"": 91.805}, {""name"": ""Dispur Secretariat"", ""lat"": 26.142, ""lng"": 91.79}, {""name"": ""Ganeshguri Junction"", ""lat"": 26.147, ""lng"": 91.79}, {""name"": ""Radisson Blu Guwahati (stay 2)"", ""lat"": 26.106179, ""lng"": 91.58411}, {""name"": ""LGB International Airport"", ""lat"": 26.1061, ""lng"": 91.5859}]","[{""name"": ""Mridula Medhi"", ""phone"": ""+91-6392191658"", ""relation"": ""family""}, {""name"": ""Rohan Choudhury"", ""phone"": ""+91-8385512998"", ""relation"": ""spouse""}]",2026-07-29 06:15:00,2026-07-30 10:15:00,26.144416,91.791841,2026-07-30 06:41:03,79.7,1,active,2026-07-15 18:15:00,normal,Business / Transit Stay
34,STS-464D7AAB8C23,Gitanjali Verma,Indian,aadhaar,XXXX-XXXX-3851,+91-7476902902,"[{""name"": ""Diphlu River Lodge, Kaziranga (stay 1)"", ""lat"": 26.636426, ""lng"": 92.802313}, {""name"": ""Tezpur"", ""lat"": 26.6338, ""lng"": 92.8}, {""name"": ""Kiranshree Portico (stay 2)"", ""lat"": 26.921718, ""lng"": 92.879281}, {""name"": ""Nameri National Park"", ""lat"": 26.92, ""lng"": 92.88}, {""name"": ""Wild Mahseer, Balipara (stay 3)"", ""lat"": 26.103617, ""lng"": 91.582021}, {""name"": ""LGB International Airport"", ""lat"": 26.1061, ""lng"": 91.5859}]","[{""name"": ""Arjun Baishya"", ""phone"": ""+91-6383514635"", ""relation"": ""family""}]",2026-07-28 09:30:00,2026-08-06 21:30:00,26.103938,91.581764,2026-08-06 06:45:20,80.1,1,active,2026-07-18 19:30:00,sos_panic,Upper Assam Wildlife Trail
35,STS-C29899FC38F2,Chandana Hazarika,Indian,aadhaar,XXXX-XXXX-8272,+91-8209846347,"[{""name"": ""Vivanta Guwahati (stay 1)"", ""lat"": 25.579139, ""lng"": 91.895327}, {""name"": ""Shillong"", ""lat"": 25.5788, ""lng"": 91.8933}, {""name"": ""Ri Kynjai, Umiam (stay 2)"", ""lat"": 25.250311, ""lng"": 91.717857}, {""name"": ""Living Root Bridge, Nongriat"", ""lat"": 25.247, ""lng"": 91.715}, {""name"": ""Hotel Rajmahal (stay 3)"", ""lat"": 25.189335, ""lng"": 92.022687}, {""name"": ""Dawki / Umngot River"", ""lat"": 25.19, ""lng"": 92.02}]","[{""name"": ""Kavya Ghosh"", ""phone"": ""+91-7494520452"", ""relation"": ""family""}, {""name"": ""Riya Saikia"", ""phone"": ""+91-6526738890"", ""relation"": ""spouse""}, {""name"": ""Dhruv Sen"", ""phone"": ""+91-6318763954"", ""relation"": ""tour_operator""}]",2026-09-02 11:00:00,2026-09-10 22:00:00,25.188954,92.022824,2026-09-05 18:37:21,32.1,1,active,2026-09-01 11:00:00,normal,Meghalaya Loop
36,STS-7CB96F55E69F,Owen Bouchard,Canadian,passport,HJ015597,+1-2057549811,"[{""name"": ""Kiranshree Portico (stay 1)"", ""lat"": 25.930667, ""lng"": 91.43635}, {""name"": ""Chandubi Lake"", ""lat"": 25.9333, ""lng"": 91.4333}, {""name"": ""Hotel Dynasty, Lakhtokia (stay 2)"", ""lat"": 26.123754, ""lng"": 91.650468}, {""name"": ""Deepor Beel Wildlife Sanctuary"", ""lat"": 26.12, ""lng"": 91.65}, {""name"": ""Ginger Guwahati (stay 3)"", ""lat"": 26.232146, ""lng"": 92.086148}, {""name"": ""Pobitora Wildlife Sanctuary"", ""lat"": 26.2333, ""lng"": 92.0833}]","[{""name"": ""Logan Tremblay"", ""phone"": ""+1-3397704313"", ""relation"": ""family""}, {""name"": ""Owen Cote"", ""phone"": ""+1-6163888328"", ""relation"": ""spouse""}]",2026-09-09 09:15:00,2026-09-12 19:15:00,,,,100.0,1,active,2026-08-20 14:15:00,normal,Guwahati Nature & Wildlife
37,STS-3FB59F64373F,Hemanta Verma,Indian,aadhaar,XXXX-XXXX-4335,+91-6367634852,"[{""name"": ""Hotel Rajmahal (stay 1)"", ""lat"": 26.17899, ""lng"": 91.742073}, {""name"": ""Pan Bazaar"", ""lat"": 26.1856, ""lng"": 91.7455}, {""name"": ""Nehru Park"", ""lat"": 26.1857, ""lng"": 91.7477}, {""name"": ""Assam State Museum"", ""lat"": 26.1857, ""lng"": 91.7481}, {""name"": ""Fancy Bazaar"", ""lat"": 26.1836, ""lng"": 91.7434}, {""name"": ""Guwahati Planetarium"", ""lat"": 26.1856, ""lng"": 91.7625}, {""name"": ""Kamakhya Temple"", ""lat"": 26.1664, ""lng"": 91.7055}, {""name"": ""En route to Kamakhya Temple"", ""lat"": 26.1792, ""lng"": 91.7435}, {""name"": ""En route to Kamakhya Temple"", ""lat"": 26.1728, ""lng"": 91.7245}, {""name"": ""En route to Hotel Rajmahal (stay 1)"", ""lat"": 26.172695, ""lng"": 91.723787}]","[{""name"": ""Parag Ghosh"", ""phone"": ""+91-8537956968"", ""relation"": ""family""}, {""name"": ""Rahul Choudhury"", ""phone"": ""+91-6692804179"", ""relation"": ""spouse""}, {""name"": ""Rupam Nair"", ""phone"": ""+91-7033500376"", ""relation"": ""colleague""}]",2026-08-30 10:30:00,2026-09-04 23:30:00,26.178661,91.742437,2026-09-04 06:45:17,80.9,0,active,2026-08-18 09:30:00,normal,Guwahati City Break
38,STS-3A9B3295EA2A,Thomas Taylor,British,passport,028105939,+44-7052261247,"[{""name"": ""Radisson Blu Guwahati (stay 1)"", ""lat"": 26.179963, ""lng"": 91.742932}, {""name"": ""Kamakhya Temple"", ""lat"": 26.1664, ""lng"": 91.7055}, {""name"": ""Assam State Museum"", ""lat"": 26.1857, ""lng"": 91.7481}, {""name"": ""Dighalipukhuri"", ""lat"": 26.1861, ""lng"": 91.7503}, {""name"": ""Guwahati Planetarium"", ""lat"": 26.1856, ""lng"": 91.7625}, {""name"": ""En route to Assam State Museum"", ""lat"": 26.17605, ""lng"": 91.7268}, {""name"": ""En route to Kamakhya Temple"", ""lat"": 26.173181, ""lng"": 91.724216}]","[{""name"": ""Charlotte Taylor"", ""phone"": ""+44-8834010772"", ""relation"": ""family""}, {""name"": ""Emma Taylor"", ""phone"": ""+44-3109859306"", ""relation"": ""spouse""}, {""name"": ""Thomas Green"", ""phone"": ""+44-4829135394"", ""relation"": ""family""}, {""name"": ""Alfie Walker"", ""phone"": ""+44-9727429331"", ""relation"": ""spouse""}]",2026-07-27 07:15:00,2026-07-29 21:15:00,26.180007,91.743226,2026-07-29 06:30:14,80.2,1,active,2026-07-12 20:15:00,normal,Guwahati City Break
39,STS-41F771CCE095,Aarav Choudhury,Indian,aadhaar,XXXX-XXXX-1425,+91-9073027587,"[{""name"": ""Wild Mahseer, Balipara (stay 1)"", ""lat"": 26.366159, ""lng"": 91.631129}, {""name"": ""Madan Kamdev Ruins"", ""lat"": 26.3667, ""lng"": 91.6333}, {""name"": ""Radisson Blu Guwahati (stay 2)"", ""lat"": 26.185368, ""lng"": 91.726273}, {""name"": ""Umananda Island"", ""lat"": 26.1964, ""lng"": 91.7453}, {""name"": ""Kamakhya Temple"", ""lat"": 26.1664, ""lng"": 91.7055}, {""name"": ""En route to Kamakhya Temple"", ""lat"": 26.1864, ""lng"": 91.732033}, {""name"": ""En route to Kamakhya Temple"", ""lat"": 26.1764, ""lng"": 91.718767}, {""name"": ""En route to Radisson Blu Guwahati (stay 2)"", ""lat"": 26.175884, ""lng"": 91.715887}]","[{""name"": ""Bornali Das"", ""phone"": ""+91-8581673833"", ""relation"": ""family""}, {""name"": ""Debojit Banerjee"", ""phone"": ""+91-9049835632"", ""relation"": ""spouse""}, {""name"": ""Parag Verma"", ""phone"": ""+91-7619328875"", ""relation"": ""tour_operator""}]",2026-09-05 05:00:00,2026-09-11 11:00:00,26.366185,91.631085,2026-09-05 18:11:43,73.1,1,active,2026-08-31 19:00:00,inactivity,Guwahati Pilgrimage Circuit
40,STS-09A799AC38B5,Tamar Cohen,Israeli,passport,50009436,+972-974668351,"[{""name"": ""Ginger Guwahati (stay 1)"", ""lat"": 26.951717, ""lng"": 94.167495}, {""name"": ""Majuli River Island"", ""lat"": 26.95, ""lng"": 94.17}, {""name"": ""Dolma Homestay, Tawang (stay 2)"", ""lat"": 26.748596, ""lng"": 94.203198}, {""name"": ""Jorhat"", ""lat"": 26.7509, ""lng"": 94.2037}, {""name"": ""Hotel Rajmahal (stay 3)"", ""lat"": 26.578217, ""lng"": 93.167774}, {""name"": ""Kaziranga National Park"", ""lat"": 26.5775, ""lng"": 93.1711}, {""name"": ""Kiranshree Portico (stay 4)"", ""lat"": 26.632768, ""lng"": 92.798458}, {""name"": ""Tezpur"", ""lat"": 26.6338, ""lng"": 92.8}, {""name"": ""Vivanta Guwahati (stay 5)"", ""lat"": 26.918385, ""lng"": 92.877632}, {""name"": ""Nameri National Park"", ""lat"": 26.92, ""lng"": 92.88}, {""name"": ""Wild Mahseer, Balipara (stay 6)"", ""lat"": 26.108172, ""lng"": 91.58432}, {""name"": ""LGB International Airport"", ""lat"": 26.1061, ""lng"": 91.5859}]","[{""name"": ""Eitan Mizrahi"", ""phone"": ""+972-466647054"", ""relation"": ""family""}]",2026-08-28 10:30:00,2026-09-05 15:30:00,26.108374,91.583962,2026-09-05 06:30:53,81.2,1,active,2026-08-06 19:30:00,inactivity,Upper Assam Wildlife Trail
41,STS-B70C1C93BBBF,Tanvir Islam,Bangladeshi,passport,BX4818695,+880-2467031286,"[{""name"": ""Kiranshree Portico (stay 1)"", ""lat"": 26.982993, ""lng"": 94.643284}, {""name"": ""Sivasagar"", ""lat"": 26.9826, ""lng"": 94.6425}, {""name"": ""Ginger Guwahati (stay 2)"", ""lat"": 26.946504, ""lng"": 94.172736}, {""name"": ""Majuli River Island"", ""lat"": 26.95, ""lng"": 94.17}, {""name"": ""Hotel Rajmahal (stay 3)"", ""lat"": 26.752848, ""lng"": 94.1998}, {""name"": ""Jorhat"", ""lat"": 26.7509, ""lng"": 94.2037}, {""name"": ""Ri Kynjai, Umiam (stay 4)"", ""lat"": 26.58083, ""lng"": 93.17379}, {""name"": ""Kaziranga National Park"", ""lat"": 26.5775, ""lng"": 93.1711}, {""name"": ""Novotel Guwahati GS Road (stay 5)"", ""lat"": 26.923115, ""lng"": 92.878435}, {""name"": ""Nameri National Park"", ""lat"": 26.92, ""lng"": 92.88}, {""name"": ""Wild Mahseer, Balipara (stay 6)"", ""lat"": 26.105343, ""lng"": 91.588262}, {""name"": ""LGB International Airport"", ""lat"": 26.1061, ""lng"": 91.5859}]","[{""name"": ""Tanvir Ahmed"", ""phone"": ""+880-6257349985"", ""relation"": ""family""}, {""name"": ""Rahim Islam"", ""phone"": ""+880-1838924490"", ""relation"": ""spouse""}]",2026-08-08 07:00:00,2026-08-19 15:00:00,26.105376,91.58863,2026-08-19 06:48:05,80.9,1,active,2026-08-07 12:00:00,normal,Upper Assam Wildlife Trail
42,STS-B2EDF69CE264,Divya Medhi,Indian,voterid,FCR1967923,+91-6697781976,"[{""name"": ""Brahmaputra Jungle Resort (stay 1)"", ""lat"": 26.920422, ""lng"": 92.878135}, {""name"": ""Nameri National Park"", ""lat"": 26.92, ""lng"": 92.88}, {""name"": ""Brahmaputra Jungle Resort (stay 2)"", ""lat"": 26.630316, ""lng"": 92.80221}, {""name"": ""Tezpur"", ""lat"": 26.6338, ""lng"": 92.8}, {""name"": ""Ygdrasill Bamboo Resort, Cherrapunji (stay 3)"", ""lat"": 26.979622, ""lng"": 94.645424}, {""name"": ""Sivasagar"", ""lat"": 26.9826, ""lng"": 94.6425}]","[{""name"": ""Utpal Dutta"", ""phone"": ""+91-9679016861"", ""relation"": ""family""}, {""name"": ""Simanta Bora"", ""phone"": ""+91-8762221471"", ""relation"": ""spouse""}]",2026-07-25 07:15:00,2026-08-05 11:15:00,26.979574,94.645091,2026-08-05 07:06:07,78.3,1,active,2026-07-21 08:15:00,normal,Upper Assam Wildlife Trail
43,STS-8B9008D42606,Anjali Nair,Indian,aadhaar,XXXX-XXXX-5338,+91-8786509525,"[{""name"": ""Diphlu River Lodge, Kaziranga (stay 1)"", ""lat"": 23.83067, ""lng"": 91.285491}, {""name"": ""Agartala"", ""lat"": 23.8315, ""lng"": 91.2868}, {""name"": ""Radisson Blu Guwahati (stay 2)"", ""lat"": 25.57842, ""lng"": 91.890416}, {""name"": ""Shillong"", ""lat"": 25.5788, ""lng"": 91.8933}, {""name"": ""Hotel Dynasty, Lakhtokia (stay 3)"", ""lat"": 26.103538, ""lng"": 91.587075}, {""name"": ""LGB International Airport"", ""lat"": 26.1061, ""lng"": 91.5859}, {""name"": ""Dolma Homestay, Tawang (stay 4)"", ""lat"": 26.575687, ""lng"": 93.172402}, {""name"": ""Kaziranga National Park"", ""lat"": 26.5775, ""lng"": 93.1711}, {""name"": ""Kiranshree Portico (stay 5)"", ""lat"": 27.327661, ""lng"": 88.613546}, {""name"": ""Gangtok"", ""lat"": 27.3314, ""lng"": 88.6138}]","[{""name"": ""Arjun Gogoi"", ""phone"": ""+91-9258871322"", ""relation"": ""family""}, {""name"": ""Utpal Reddy"", ""phone"": ""+91-8428900567"", ""relation"": ""spouse""}]",2026-09-04 10:30:00,2026-09-14 12:30:00,26.103556,91.587418,2026-09-05 18:34:37,72.6,0,active,2026-08-26 08:30:00,normal,Seven Sisters Grand Tour
44,STS-0E84DE5899A3,James Smith,American,passport,003810741,+1-7782362784,"[{""name"": ""Ygdrasill Bamboo Resort, Cherrapunji (stay 1)"", ""lat"": 26.17459, ""lng"": 91.786211}, {""name"": ""Assam State Zoo & Botanical Garden"", ""lat"": 26.178, ""lng"": 91.786}, {""name"": ""Wild Mahseer, Balipara (stay 2)"", ""lat"": 26.106341, ""lng"": 91.617137}, {""name"": ""Deepor Beel Wildlife Sanctuary"", ""lat"": 26.12, ""lng"": 91.65}, {""name"": ""Accoland Water Park"", ""lat"": 26.09, ""lng"": 91.59}, {""name"": ""Ygdrasill Bamboo Resort, Cherrapunji (stay 3)"", ""lat"": 25.935762, ""lng"": 91.435132}, {""name"": ""Chandubi Lake"", ""lat"": 25.9333, ""lng"": 91.4333}, {""name"": ""Hotel Rajmahal (stay 4)"", ""lat"": 26.231339, ""lng"": 92.086901}, {""name"": ""Pobitora Wildlife Sanctuary"", ""lat"": 26.2333, ""lng"": 92.0833}, {""name"": ""En route to Accoland Water Park"", ""lat"": 26.11, ""lng"": 91.63}, {""name"": ""En route to Accoland Water Park"", ""lat"": 26.1, ""lng"": 91.61}, {""name"": ""En route to Deepor Beel Wildlife Sanctuary"", ""lat"": 26.113171, ""lng"": 91.633568}, {""name"": ""En route to Wild Mahseer, Balipara (stay 2)"", ""lat"": 26.098171, ""lng"": 91.603568}]","[{""name"": ""Daniel Brown"", ""phone"": ""+1-9631863455"", ""relation"": ""family""}]",2026-08-16 11:45:00,2026-08-19 17:45:00,25.935939,91.435342,2026-08-19 06:34:05,80.0,1,missing,2026-08-06 02:45:00,missing_person,Guwahati Nature & Wildlife
45,STS-E000BC8C4025,Parag Ghosh,Indian,aadhaar,XXXX-XXXX-6131,+91-8913370947,"[{""name"": ""Hotel Dynasty, Lakhtokia (stay 1)"", ""lat"": 26.363871, ""lng"": 91.630844}, {""name"": ""Madan Kamdev Ruins"", ""lat"": 26.3667, ""lng"": 91.6333}, {""name"": ""Hotel Rajmahal (stay 2)"", ""lat"": 26.24758, ""lng"": 91.513577}, {""name"": ""Hajo Pilgrimage Town"", ""lat"": 26.25, ""lng"": 91.5167}, {""name"": ""Kiranshree Portico (stay 3)"", ""lat"": 26.158853, ""lng"": 91.758916}, {""name"": ""Kamakhya Temple"", ""lat"": 26.1664, ""lng"": 91.7055}, {""name"": ""Umananda Island"", ""lat"": 26.1964, ""lng"": 91.7453}, {""name"": ""Navagraha Temple"", ""lat"": 26.1749, ""lng"": 91.7789}, {""name"": ""Basistha Temple"", ""lat"": 26.1132, ""lng"": 91.797}, {""name"": ""En route to Basistha Temple"", ""lat"": 26.154333, ""lng"": 91.784933}, {""name"": ""En route to Basistha Temple"", ""lat"": 26.133767, ""lng"": 91.790967}, {""name"": ""En route to Kiranshree Portico (stay 3)"", ""lat"": 26.128418, ""lng"": 91.784305}, {""name"": ""En route to Kiranshree Portico (stay 3)"", ""lat"": 26.143635, ""lng"": 91.771611}, {""name"": ""En route to Kamakhya Temple"", ""lat"": 26.161369, ""lng"": 91.741111}, {""name"": ""En route to Kamakhya Temple"", ""lat"": 26.163884, ""lng"": 91.723305}, {""name"": ""En route to Umananda Island"", ""lat"": 26.1764, ""lng"": 91.718767}, {""name"": ""En route to Umananda Island"", ""lat"": 26.1864, ""lng"": 91.732033}, {""name"": ""En route to Navagraha Temple"", ""lat"": 26.18565, ""lng"": 91.7621}]","[{""name"": ""Aditya Rajkhowa"", ""phone"": ""+91-7756295224"", ""relation"": ""family""}]",2026-09-02 06:30:00,2026-09-06 19:30:00,26.159102,91.758813,2026-09-05 18:26:29,71.8,0,active,2026-08-28 11:30:00,normal,Guwahati Pilgrimage Circuit
46,STS-A894446A1546,Siddharth Choudhury,Indian,aadhaar,XXXX-XXXX-4927,+91-8047947644,"[{""name"": ""Dolma Homestay, Tawang (stay 1)"", ""lat"": 26.187963, ""lng"": 91.75163}, {""name"": ""Dighalipukhuri"", ""lat"": 26.1861, ""lng"": 91.7503}, {""name"": ""Assam State Museum"", ""lat"": 26.1857, ""lng"": 91.7481}, {""name"": ""Brahmaputra Riverfront"", ""lat"": 26.1905, ""lng"": 91.748}]","[{""name"": ""Rohan Das"", ""phone"": ""+91-8927910269"", ""relation"": ""family""}, {""name"": ""Chandana Phukan"", ""phone"": ""+91-8289066904"", ""relation"": ""spouse""}, {""name"": ""Hotel Nandan Front Desk"", ""phone"": ""+91-9430449796"", ""relation"": ""hotel""}]",2026-08-01 07:15:00,2026-08-04 13:15:00,26.187784,91.751457,2026-08-04 06:46:38,81.0,1,active,2026-07-11 12:15:00,normal,Guwahati City Break
47,STS-BC67A474B5D9,Ishita Banerjee,Indian,pan,AZEVX1461V,+91-6889186359,"[{""name"": ""Hotel Rajmahal (stay 1)"", ""lat"": 26.19041, ""lng"": 91.750118}, {""name"": ""Fancy Bazaar"", ""lat"": 26.1836, ""lng"": 91.7434}, {""name"": ""Uzan Bazar Ghat"", ""lat"": 26.19, ""lng"": 91.759}, {""name"": ""Ri Kynjai, Umiam (stay 2)"", ""lat"": 26.16548, ""lng"": 91.562936}, {""name"": ""Sualkuchi Silk Village"", ""lat"": 26.1667, ""lng"": 91.5667}]","[{""name"": ""Parag Deka"", ""phone"": ""+91-7106646763"", ""relation"": ""family""}, {""name"": ""Bishal Baishya"", ""phone"": ""+91-9076069420"", ""relation"": ""spouse""}]",2026-08-14 10:15:00,2026-08-16 13:15:00,26.16554,91.562616,2026-08-16 06:33:10,83.0,1,active,2026-08-10 06:15:00,normal,Guwahati Market & Heritage Walk
48,STS-21C4B949A5BD,Simanta Sen,Indian,aadhaar,XXXX-XXXX-5118,+91-8197539895,"[{""name"": ""Vivanta Guwahati (stay 1)"", ""lat"": 25.934643, ""lng"": 91.429461}, {""name"": ""Chandubi Lake"", ""lat"": 25.9333, ""lng"": 91.4333}, {""name"": ""Ginger Guwahati (stay 2)"", ""lat"": 26.179747, ""lng"": 91.785477}, {""name"": ""Assam State Zoo & Botanical Garden"", ""lat"": 26.178, ""lng"": 91.786}, {""name"": ""Radisson Blu Guwahati (stay 3)"", ""lat"": 26.233991, ""lng"": 92.086283}, {""name"": ""Pobitora Wildlife Sanctuary"", ""lat"": 26.2333, ""lng"": 92.0833}]","[{""name"": ""Meera Sharma"", ""phone"": ""+91-6361150647"", ""relation"": ""family""}, {""name"": ""Pranjal Choudhury"", ""phone"": ""+91-9139611076"", ""relation"": ""spouse""}]",2026-08-08 09:30:00,2026-08-11 14:30:00,26.234363,92.086637,2026-08-11 06:32:04,83.9,0,active,2026-07-19 01:30:00,normal,Guwahati Nature & Wildlife
49,STS-C7BD112D564F,Aarav Singh,Indian,aadhaar,XXXX-XXXX-6521,+91-8002980965,"[{""name"": ""Vivanta Guwahati (stay 1)"", ""lat"": 26.150331, ""lng"": 91.786241}, {""name"": ""Dispur Secretariat"", ""lat"": 26.142, ""lng"": 91.79}, {""name"": ""Ganeshguri Junction"", ""lat"": 26.147, ""lng"": 91.79}, {""name"": ""Six Mile"", ""lat"": 26.135, ""lng"": 91.805}, {""name"": ""Guwahati Railway Station"", ""lat"": 26.1824, ""lng"": 91.7513}, {""name"": ""Brahmaputra Jungle Resort (stay 2)"", ""lat"": 26.105353, ""lng"": 91.587203}, {""name"": ""LGB International Airport"", ""lat"": 26.1061, ""lng"": 91.5859}, {""name"": ""En route to Guwahati Railway Station"", ""lat"": 26.14685, ""lng"": 91.791575}, {""name"": ""En route to Guwahati Railway Station"", ""lat"": 26.1587, ""lng"": 91.77815}, {""name"": ""En route to Guwahati Railway Station"", ""lat"": 26.17055, ""lng"": 91.764725}, {""name"": ""En route to Vivanta Guwahati (stay 1)"", ""lat"": 26.166366, ""lng"": 91.768771}]","[{""name"": ""Nikhil Gogoi"", ""phone"": ""+91-9276511402"", ""relation"": ""family""}, {""name"": ""Rohan Phukan"", ""phone"": ""+91-6731065267"", ""relation"": ""spouse""}, {""name"": ""Tanvi Patel"", ""phone"": ""+91-9391710434"", ""relation"": ""tour_operator""}]",2026-07-26 06:15:00,2026-07-27 17:15:00,26.150703,91.786204,2026-07-27 06:48:14,81.9,0,active,2026-07-24 05:15:00,normal,Business / Transit Stay
50,STS-7FA4E5FC8400,Utpal Nair,Indian,aadhaar,XXXX-XXXX-2310,+91-6919756832,"[{""name"": ""Hotel Rajmahal (stay 1)"", ""lat"": 27.582467, ""lng"": 91.857338}, {""name"": ""Tawang Monastery"", ""lat"": 27.5861, ""lng"": 91.8594}, {""name"": ""Brahmaputra Jungle Resort (stay 2)"", ""lat"": 26.632929, ""lng"": 92.802456}, {""name"": ""Tezpur"", ""lat"": 26.6338, ""lng"": 92.8}, {""name"": ""Diphlu River Lodge, Kaziranga (stay 3)"", ""lat"": 26.18275, ""lng"": 91.7549}, {""name"": ""Guwahati Railway Station"", ""lat"": 26.1824, ""lng"": 91.7513}, {""name"": ""Kiranshree Portico (stay 4)"", ""lat"": 27.543657, ""lng"": 93.830042}, {""name"": ""Ziro Valley"", ""lat"": 27.5448, ""lng"": 93.832}]","[{""name"": ""Kavya Sharma"", ""phone"": ""+91-7360316508"", ""relation"": ""family""}, {""name"": ""Bishal Bhattacharya"", ""phone"": ""+91-8173992051"", ""relation"": ""spouse""}, {""name"": ""Hemanta Das"", ""phone"": ""+91-9494423181"", ""relation"": ""tour_operator""}]",2026-09-09 06:45:00,2026-09-18 15:45:00,,,,100.0,1,active,2026-09-06 22:45:00,inactivity,Arunachal High Himalaya
51,STS-1F43940A53D6,Junmoni Kalita,Indian,aadhaar,XXXX-XXXX-9162,+91-6212309086,"[{""name"": ""Hotel Rajmahal (stay 1)"", ""lat"": 26.179328, ""lng"": 91.743315}, {""name"": ""Dighalipukhuri"", ""lat"": 26.1861, ""lng"": 91.7503}, {""name"": ""Assam State Museum"", ""lat"": 26.1857, ""lng"": 91.7481}, {""name"": ""Nehru Park"", ""lat"": 26.1857, ""lng"": 91.7477}, {""name"": ""Gandhi Mandap, Sarania Hill"", ""lat"": 26.175, ""lng"": 91.758}, {""name"": ""Kamakhya Temple"", ""lat"": 26.1664, ""lng"": 91.7055}, {""name"": ""En route to Kamakhya Temple"", ""lat"": 26.172133, ""lng"": 91.7405}, {""name"": ""En route to Kamakhya Temple"", ""lat"": 26.169267, ""lng"": 91.723}, {""name"": ""En route to Hotel Rajmahal (stay 1)"", ""lat"": 26.172864, ""lng"": 91.724407}]","[{""name"": ""Rupam Verma"", ""phone"": ""+91-6088870344"", ""relation"": ""family""}, {""name"": ""Anjali Iyer"", ""phone"": ""+91-6773834536"", ""relation"": ""spouse""}]",2026-08-06 06:00:00,2026-08-09 10:00:00,26.179331,91.74335,2026-08-09 06:32:09,80.2,1,active,2026-07-26 23:00:00,geofence_intrusion,Guwahati City Break
52,STS-8E30FB1E6092,Simanta Rajkhowa,Indian,passport,Z7236403,+91-7030356221,"[{""name"": ""Ygdrasill Bamboo Resort, Cherrapunji (stay 1)"", ""lat"": 26.187256, ""lng"": 91.746958}, {""name"": ""Nehru Park"", ""lat"": 26.1857, ""lng"": 91.7477}, {""name"": ""Assam State Museum"", ""lat"": 26.1857, ""lng"": 91.7481}, {""name"": ""Dighalipukhuri"", ""lat"": 26.1861, ""lng"": 91.7503}, {""name"": ""Brahmaputra Riverfront"", ""lat"": 26.1905, ""lng"": 91.748}, {""name"": ""Guwahati Planetarium"", ""lat"": 26.1856, ""lng"": 91.7625}, {""name"": ""Kamakhya Temple"", ""lat"": 26.1664, ""lng"": 91.7055}, {""name"": ""En route to Kamakhya Temple"", ""lat"": 26.1792, ""lng"": 91.7435}, {""name"": ""En route to Kamakhya Temple"", ""lat"": 26.1728, ""lng"": 91.7245}, {""name"": ""En route to Ygdrasill Bamboo Resort, Cherrapunji (stay 1)"", ""lat"": 26.176828, ""lng"": 91.726229}]","[{""name"": ""Junmoni Baishya"", ""phone"": ""+91-6476639056"", ""relation"": ""family""}, {""name"": ""Pranjal Saikia"", ""phone"": ""+91-8263590434"", ""relation"": ""spouse""}, {""name"": ""Ananya Patel"", ""phone"": ""+91-8776613030"", ""relation"": ""parent""}]",2026-08-11 07:30:00,2026-08-13 20:30:00,26.187522,91.746687,2026-08-13 06:47:16,80.5,1,active,2026-07-28 11:30:00,normal,Guwahati City Break
53,STS-1182A019B99F,Rituparna Bora,Indian,aadhaar,XXXX-XXXX-6922,+91-8284531158,"[{""name"": ""Ginger Guwahati (stay 1)"", ""lat"": 26.187912, ""lng"": 91.749821}, {""name"": ""Uzan Bazar Ghat"", ""lat"": 26.19, ""lng"": 91.759}, {""name"": ""Paltan Bazaar"", ""lat"": 26.1817, ""lng"": 91.7503}, {""name"": ""Pan Bazaar"", ""lat"": 26.1856, ""lng"": 91.7455}, {""name"": ""Fancy Bazaar"", ""lat"": 26.1836, ""lng"": 91.7434}]","[{""name"": ""Aditya Iyer"", ""phone"": ""+91-8731257334"", ""relation"": ""family""}, {""name"": ""Rohan Medhi"", ""phone"": ""+91-8339902659"", ""relation"": ""spouse""}]",2026-08-19 07:30:00,2026-08-21 15:30:00,26.188309,91.750022,2026-08-21 06:54:08,79.1,1,active,2026-08-14 18:30:00,normal,Guwahati Market & Heritage Walk
54,STS-A62868EA5315,Arjun Iyer,Indian,aadhaar,XXXX-XXXX-7179,+91-8861347615,"[{""name"": ""Ygdrasill Bamboo Resort, Cherrapunji (stay 1)"", ""lat"": 27.586248, ""lng"": 91.856759}, {""name"": ""Tawang Monastery"", ""lat"": 27.5861, ""lng"": 91.8594}, {""name"": ""Wild Mahseer, Balipara (stay 2)"", ""lat"": 26.632265, ""lng"": 92.797798}, {""name"": ""Tezpur"", ""lat"": 26.6338, ""lng"": 92.8}, {""name"": ""Kiranshree Portico (stay 3)"", ""lat"": 26.186111, ""lng"": 91.754083}, {""name"": ""Guwahati Railway Station"", ""lat"": 26.1824, ""lng"": 91.7513}, {""name"": ""Brahmaputra Jungle Resort (stay 4)"", ""lat"": 27.541743, ""lng"": 93.833041}, {""name"": ""Ziro Valley"", ""lat"": 27.5448, ""lng"": 93.832}]","[{""name"": ""Bishal Nair"", ""phone"": ""+91-6988659854"", ""relation"": ""family""}, {""name"": ""Arjun Reddy"", ""phone"": ""+91-7234251386"", ""relation"": ""spouse""}]",2026-09-05 09:00:00,2026-09-13 22:00:00,27.58605,91.856426,2026-09-05 18:19:31,47.8,1,active,2026-09-01 19:00:00,normal,Arunachal High Himalaya
55,STS-19F81E4C40D6,Manish Bhattacharya,Indian,aadhaar,XXXX-XXXX-9495,+91-8168406157,"[{""name"": ""Diphlu River Lodge, Kaziranga (stay 1)"", ""lat"": 26.186331, ""lng"": 91.750718}, {""name"": ""Nehru Park"", ""lat"": 26.1857, ""lng"": 91.7477}, {""name"": ""Pan Bazaar"", ""lat"": 26.1856, ""lng"": 91.7455}, {""name"": ""Dighalipukhuri"", ""lat"": 26.1861, ""lng"": 91.7503}, {""name"": ""Guwahati Planetarium"", ""lat"": 26.1856, ""lng"": 91.7625}, {""name"": ""Gandhi Mandap, Sarania Hill"", ""lat"": 26.175, ""lng"": 91.758}, {""name"": ""Umananda Island"", ""lat"": 26.1964, ""lng"": 91.7453}, {""name"": ""En route to Umananda Island"", ""lat"": 26.1857, ""lng"": 91.75165}]","[{""name"": ""Ananya Phukan"", ""phone"": ""+91-6251283370"", ""relation"": ""family""}, {""name"": ""Bishal Kumar"", ""phone"": ""+91-6030224279"", ""relation"": ""spouse""}]",2026-08-10 10:15:00,2026-08-13 14:15:00,26.186079,91.75057,2026-08-13 06:34:27,80.2,1,active,2026-08-04 07:15:00,route_deviation,Guwahati City Break
56,STS-FB824A09972E,Bornali Saikia,Indian,aadhaar,XXXX-XXXX-3543,+91-9376614489,"[{""name"": ""Ygdrasill Bamboo Resort, Cherrapunji (stay 1)"", ""lat"": 26.178995, ""lng"": 91.755233}, {""name"": ""Guwahati Railway Station"", ""lat"": 26.1824, ""lng"": 91.7513}, {""name"": ""Ygdrasill Bamboo Resort, Cherrapunji (stay 2)"", ""lat"": 26.636883, ""lng"": 92.802204}, {""name"": ""Tezpur"", ""lat"": 26.6338, ""lng"": 92.8}, {""name"": ""Radisson Blu Guwahati (stay 3)"", ""lat"": 27.587694, ""lng"": 91.861234}, {""name"": ""Tawang Monastery"", ""lat"": 27.5861, ""lng"": 91.8594}, {""name"": ""Ygdrasill Bamboo Resort, Cherrapunji (stay 4)"", ""lat"": 27.547861, ""lng"": 93.828328}, {""name"": ""Ziro Valley"", ""lat"": 27.5448, ""lng"": 93.832}]","[{""name"": ""Siddharth Mishra"", ""phone"": ""+91-8719057417"", ""relation"": ""family""}, {""name"": ""Junmoni Baishya"", ""phone"": ""+91-7215440987"", ""relation"": ""spouse""}, {""name"": ""Meera Iyer"", ""phone"": ""+91-7619989052"", ""relation"": ""friend""}]",2026-08-29 05:30:00,2026-09-07 09:30:00,27.547878,93.828242,2026-09-05 18:20:29,74.6,1,active,2026-08-15 11:30:00,normal,Arunachal High Himalaya
57,STS-CC9193E54135,Chandana Nath,Indian,aadhaar,XXXX-XXXX-1351,+91-9413527008,"[{""name"": ""Ygdrasill Bamboo Resort, Cherrapunji (stay 1)"", ""lat"": 27.543486, ""lng"": 93.830764}, {""name"": ""Ziro Valley"", ""lat"": 27.5448, ""lng"": 93.832}, {""name"": ""Hotel Nandan (stay 2)"", ""lat"": 26.633764, ""lng"": 92.796985}, {""name"": ""Tezpur"", ""lat"": 26.6338, ""lng"": 92.8}, {""name"": ""Novotel Guwahati GS Road (stay 3)"", ""lat"": 26.185827, ""lng"": 91.748657}, {""name"": ""Guwahati Railway Station"", ""lat"": 26.1824, ""lng"": 91.7513}, {""name"": ""Vivanta Guwahati (stay 4)"", ""lat"": 27.583161, ""lng"": 91.856619}, {""name"": ""Tawang Monastery"", ""lat"": 27.5861, ""lng"": 91.8594}]","[{""name"": ""Rohan Dutta"", ""phone"": ""+91-9299895534"", ""relation"": ""family""}, {""name"": ""Nabanita Reddy"", ""phone"": ""+91-8683482277"", ""relation"": ""spouse""}]",2026-08-09 06:30:00,2026-08-20 09:30:00,27.583275,91.856861,2026-08-20 06:41:47,54.6,1,active,2026-07-23 11:30:00,normal,Arunachal High Himalaya
58,STS-1138421F46CD,Ishita Deka,Indian,passport,Z7260886,+91-6528730146,"[{""name"": ""Ygdrasill Bamboo Resort, Cherrapunji (stay 1)"", ""lat"": 26.176843, ""lng"": 91.734607}, {""name"": ""Dighalipukhuri"", ""lat"": 26.1861, ""lng"": 91.7503}, {""name"": ""Nehru Park"", ""lat"": 26.1857, ""lng"": 91.7477}, {""name"": ""Kamakhya Temple"", ""lat"": 26.1664, ""lng"": 91.7055}, {""name"": ""En route to Kamakhya Temple"", ""lat"": 26.17605, ""lng"": 91.7266}, {""name"": ""En route to Ygdrasill Bamboo Resort, Cherrapunji (stay 1)"", ""lat"": 26.171622, ""lng"": 91.720054}]","[{""name"": ""Rohan Mishra"", ""phone"": ""+91-6149001871"", ""relation"": ""family""}, {""name"": ""Priya Phukan"", ""phone"": ""+91-6267618182"", ""relation"": ""spouse""}, {""name"": ""Aditya Ghosh"", ""phone"": ""+91-6031939810"", ""relation"": ""embassy""}]",2026-08-30 10:30:00,2026-09-02 14:30:00,26.17698,91.73491,2026-09-02 06:37:22,80.6,1,active,2026-08-09 03:30:00,normal,Guwahati City Break
59,STS-4FE892D758C0,Rohan Verma,Indian,aadhaar,XXXX-XXXX-2560,+91-9013635277,"[{""name"": ""La Maison de Ananda, Majuli (stay 1)"", ""lat"": 26.158501, ""lng"": 91.772167}, {""name"": ""Navagraha Temple"", ""lat"": 26.1749, ""lng"": 91.7789}, {""name"": ""Umananda Island"", ""lat"": 26.1964, ""lng"": 91.7453}, {""name"": ""Basistha Temple"", ""lat"": 26.1132, ""lng"": 91.797}, {""name"": ""En route to Basistha Temple"", ""lat"": 26.17976, ""lng"": 91.75564}, {""name"": ""En route to Basistha Temple"", ""lat"": 26.16312, ""lng"": 91.76598}, {""name"": ""En route to Basistha Temple"", ""lat"": 26.14648, ""lng"": 91.77632}, {""name"": ""En route to Basistha Temple"", ""lat"": 26.12984, ""lng"": 91.78666}, {""name"": ""En route to La Maison de Ananda, Majuli (stay 1)"", ""lat"": 26.1283, ""lng"": 91.788722}, {""name"": ""En route to La Maison de Ananda, Majuli (stay 1)"", ""lat"": 26.143401, ""lng"": 91.780445}, {""name"": ""En route to Umananda Island"", ""lat"": 26.18565, ""lng"": 91.7621}]","[{""name"": ""Nikhil Reddy"", ""phone"": ""+91-7953938426"", ""relation"": ""family""}, {""name"": ""Manish Verma"", ""phone"": ""+91-6887917420"", ""relation"": ""spouse""}, {""name"": ""Rituparna Gogoi"", ""phone"": ""+91-8636380310"", ""relation"": ""tour_operator""}, {""name"": ""Hotel Rajmahal Front Desk"", ""phone"": ""+91-6309966229"", ""relation"": ""hotel""}]",2026-09-09 08:00:00,2026-09-14 16:00:00,,,,100.0,1,active,2026-09-08 19:00:00,inactivity,Guwahati Pilgrimage Circuit
60,STS-B822CC48C535,Aarav Nair,Indian,passport,Z4068443,+91-7310380869,"[{""name"": ""Ri Kynjai, Umiam (stay 1)"", ""lat"": 26.106533, ""lng"": 91.587242}, {""name"": ""LGB International Airport"", ""lat"": 26.1061, ""lng"": 91.5859}, {""name"": ""Hotel Rajmahal (stay 2)"", ""lat"": 26.920397, ""lng"": 92.878939}, {""name"": ""Nameri National Park"", ""lat"": 26.92, ""lng"": 92.88}, {""name"": ""Dolma Homestay, Tawang (stay 3)"", ""lat"": 26.752033, ""lng"": 94.204601}, {""name"": ""Jorhat"", ""lat"": 26.7509, ""lng"": 94.2037}]","[{""name"": ""Rupam Kumar"", ""phone"": ""+91-7886609562"", ""relation"": ""family""}, {""name"": ""Pranjal Singh"", ""phone"": ""+91-7499566637"", ""relation"": ""spouse""}, {""name"": ""Manish Kalita"", ""phone"": ""+91-6580376650"", ""relation"": ""parent""}]",2026-07-24 05:30:00,2026-08-04 17:30:00,26.752296,94.2045,2026-08-04 06:57:19,79.6,1,active,2026-07-08 13:30:00,normal,Upper Assam Wildlife Trail
61,STS-098B93F208E3,Utpal Gogoi,Indian,aadhaar,XXXX-XXXX-2436,+91-9136971984,"[{""name"": ""Diphlu River Lodge, Kaziranga (stay 1)"", ""lat"": 26.186014, ""lng"": 91.750447}, {""name"": ""Pan Bazaar"", ""lat"": 26.1856, ""lng"": 91.7455}, {""name"": ""Dighalipukhuri"", ""lat"": 26.1861, ""lng"": 91.7503}, {""name"": ""Gandhi Mandap, Sarania Hill"", ""lat"": 26.175, ""lng"": 91.758}]","[{""name"": ""Bishal Iyer"", ""phone"": ""+91-8856128749"", ""relation"": ""family""}, {""name"": ""Debojit Das"", ""phone"": ""+91-9606635542"", ""relation"": ""spouse""}]",2026-08-06 08:15:00,2026-08-09 14:15:00,26.186139,91.750481,2026-08-09 06:37:42,80.1,1,active,2026-08-06 05:15:00,night_wanderer,Guwahati City Break
62,STS-C5DB2B64F7DB,Bornali Banerjee,Indian,aadhaar,XXXX-XXXX-4822,+91-6419025119,"[{""name"": ""Hotel Rajmahal (stay 1)"", ""lat"": 26.185604, ""lng"": 91.752156}, {""name"": ""Assam State Museum"", ""lat"": 26.1857, ""lng"": 91.7481}, {""name"": ""Dighalipukhuri"", ""lat"": 26.1861, ""lng"": 91.7503}, {""name"": ""Pan Bazaar"", ""lat"": 26.1856, ""lng"": 91.7455}, {""name"": ""Umananda Island"", ""lat"": 26.1964, ""lng"": 91.7453}, {""name"": ""Guwahati Planetarium"", ""lat"": 26.1856, ""lng"": 91.7625}]","[{""name"": ""Kabir Medhi"", ""phone"": ""+91-8289761847"", ""relation"": ""family""}, {""name"": ""Manish Choudhury"", ""phone"": ""+91-6275050360"", ""relation"": ""spouse""}]",2026-07-24 06:30:00,2026-07-29 11:30:00,26.185462,91.752184,2026-07-29 06:33:55,80.2,1,active,2026-07-05 00:30:00,normal,Guwahati City Break
63,STS-43261318C266,Tashi Dorji,Bhutanese,passport,BT0783248,+975-90950483,"[{""name"": ""Ginger Guwahati (stay 1)"", ""lat"": 26.171288, ""lng"": 91.760879}, {""name"": ""Uzan Bazar Ghat"", ""lat"": 26.19, ""lng"": 91.759}, {""name"": ""Paltan Bazaar"", ""lat"": 26.1817, ""lng"": 91.7503}, {""name"": ""Fancy Bazaar"", ""lat"": 26.1836, ""lng"": 91.7434}, {""name"": ""Srimanta Sankaradeva Kalakshetra"", ""lat"": 26.144, ""lng"": 91.8058}, {""name"": ""La Maison de Ananda, Majuli (stay 2)"", ""lat"": 26.165871, ""lng"": 91.568279}, {""name"": ""Sualkuchi Silk Village"", ""lat"": 26.1667, ""lng"": 91.5667}, {""name"": ""En route to Srimanta Sankaradeva Kalakshetra"", ""lat"": 26.1737, ""lng"": 91.759}, {""name"": ""En route to Srimanta Sankaradeva Kalakshetra"", ""lat"": 26.1638, ""lng"": 91.7746}, {""name"": ""En route to Srimanta Sankaradeva Kalakshetra"", ""lat"": 26.1539, ""lng"": 91.7902}, {""name"": ""En route to Ginger Guwahati (stay 1)"", ""lat"": 26.153096, ""lng"": 91.790826}, {""name"": ""En route to Ginger Guwahati (stay 1)"", ""lat"": 26.162192, ""lng"": 91.775853}]","[{""name"": ""Chimi Tshering"", ""phone"": ""+975-87327528"", ""relation"": ""family""}, {""name"": ""Chimi Lhamo"", ""phone"": ""+975-30950974"", ""relation"": ""spouse""}, {""name"": ""Dorji Wangchuk"", ""phone"": ""+975-68098707"", ""relation"": ""employer""}]",2026-07-30 09:45:00,2026-08-02 11:45:00,26.165565,91.568443,2026-08-02 06:56:32,81.8,1,active,2026-07-11 07:45:00,high_speed_transit,Guwahati Market & Heritage Walk
64,STS-36916443D745,Amelia Green,British,passport,394257751,+44-2528326426,"[{""name"": ""Diphlu River Lodge, Kaziranga (stay 1)"", ""lat"": 26.167699, ""lng"": 91.56457}, {""name"": ""Sualkuchi Silk Village"", ""lat"": 26.1667, ""lng"": 91.5667}, {""name"": ""Dolma Homestay, Tawang (stay 2)"", ""lat"": 26.169161, ""lng"": 91.764162}, {""name"": ""Fancy Bazaar"", ""lat"": 26.1836, ""lng"": 91.7434}, {""name"": ""Pan Bazaar"", ""lat"": 26.1856, ""lng"": 91.7455}, {""name"": ""Srimanta Sankaradeva Kalakshetra"", ""lat"": 26.144, ""lng"": 91.8058}, {""name"": ""En route to Srimanta Sankaradeva Kalakshetra"", ""lat"": 26.1752, ""lng"": 91.760575}, {""name"": ""En route to Srimanta Sankaradeva Kalakshetra"", ""lat"": 26.1648, ""lng"": 91.77565}, {""name"": ""En route to Srimanta Sankaradeva Kalakshetra"", ""lat"": 26.1544, ""lng"": 91.790725}, {""name"": ""En route to Dolma Homestay, Tawang (stay 2)"", ""lat"": 26.152387, ""lng"": 91.791921}, {""name"": ""En route to Dolma Homestay, Tawang (stay 2)"", ""lat"": 26.160774, ""lng"": 91.778041}, {""name"": ""En route to Fancy Bazaar"", ""lat"": 26.176381, ""lng"": 91.753781}]","[{""name"": ""Amelia Turner"", ""phone"": ""+44-3094403020"", ""relation"": ""family""}, {""name"": ""Emma Clarke"", ""phone"": ""+44-5214106794"", ""relation"": ""spouse""}]",2026-08-17 07:45:00,2026-08-19 14:45:00,26.169229,91.763821,2026-08-19 06:49:14,80.5,1,active,2026-08-10 01:45:00,night_wanderer,Guwahati Market & Heritage Walk
65,STS-14DB2AAF22A2,Debojit Sen,Indian,aadhaar,XXXX-XXXX-8228,+91-8301770093,"[{""name"": ""Dolma Homestay, Tawang (stay 1)"", ""lat"": 27.589489, ""lng"": 91.860391}, {""name"": ""Tawang Monastery"", ""lat"": 27.5861, ""lng"": 91.8594}, {""name"": ""Ri Kynjai, Umiam (stay 2)"", ""lat"": 26.637415, ""lng"": 92.802467}, {""name"": ""Tezpur"", ""lat"": 26.6338, ""lng"": 92.8}, {""name"": ""Radisson Blu Guwahati (stay 3)"", ""lat"": 26.185603, ""lng"": 91.755173}, {""name"": ""Guwahati Railway Station"", ""lat"": 26.1824, ""lng"": 91.7513}, {""name"": ""Kiranshree Portico (stay 4)"", ""lat"": 27.541045, ""lng"": 93.834216}, {""name"": ""Ziro Valley"", ""lat"": 27.5448, ""lng"": 93.832}]","[{""name"": ""Aarav Barua"", ""phone"": ""+91-9647468212"", ""relation"": ""family""}]",2026-09-06 08:15:00,2026-09-14 19:15:00,,,,100.0,1,active,2026-09-01 17:15:00,normal,Arunachal High Himalaya
66,STS-159D9F08E3C9,Anurag Banerjee,Indian,aadhaar,XXXX-XXXX-5929,+91-7185577515,"[{""name"": ""Hotel Polo Towers, Shillong (stay 1)"", ""lat"": 26.250639, ""lng"": 91.513177}, {""name"": ""Hajo Pilgrimage Town"", ""lat"": 26.25, ""lng"": 91.5167}, {""name"": ""Dolma Homestay, Tawang (stay 2)"", ""lat"": 26.369035, ""lng"": 91.631644}, {""name"": ""Madan Kamdev Ruins"", ""lat"": 26.3667, ""lng"": 91.6333}, {""name"": ""Kiranshree Portico (stay 3)"", ""lat"": 26.16287, ""lng"": 91.76007}, {""name"": ""Umananda Island"", ""lat"": 26.1964, ""lng"": 91.7453}, {""name"": ""Navagraha Temple"", ""lat"": 26.1749, ""lng"": 91.7789}, {""name"": ""Basistha Temple"", ""lat"": 26.1132, ""lng"": 91.797}, {""name"": ""Kamakhya Temple"", ""lat"": 26.1664, ""lng"": 91.7055}, {""name"": ""En route to Kamakhya Temple"", ""lat"": 26.12384, ""lng"": 91.7787}, {""name"": ""En route to Kamakhya Temple"", ""lat"": 26.13448, ""lng"": 91.7604}, {""name"": ""En route to Kamakhya Temple"", ""lat"": 26.14512, ""lng"": 91.7421}, {""name"": ""En route to Kamakhya Temple"", ""lat"": 26.15576, ""lng"": 91.7238}, {""name"": ""En route to Basistha Temple"", ""lat"": 26.154333, ""lng"": 91.784933}, {""name"": ""En route to Basistha Temple"", ""lat"": 26.133767, ""lng"": 91.790967}, {""name"": ""En route to Kiranshree Portico (stay 3)"", ""lat"": 26.165223, ""lng"": 91.72369}, {""name"": ""En route to Kiranshree Portico (stay 3)"", ""lat"": 26.164047, ""lng"": 91.74188}, {""name"": ""En route to Navagraha Temple"", ""lat"": 26.18565, ""lng"": 91.7621}, {""name"": ""En route to Umananda Island"", ""lat"": 26.179635, ""lng"": 91.752685}]","[{""name"": ""Rahul Phukan"", ""phone"": ""+91-8202366191"", ""relation"": ""family""}, {""name"": ""Divya Saikia"", ""phone"": ""+91-9698826430"", ""relation"": ""spouse""}]",2026-08-13 09:30:00,2026-08-18 12:30:00,26.162495,91.759912,2026-08-19 06:46:09,81.6,1,active,2026-07-24 04:30:00,night_wanderer,Guwahati Pilgrimage Circuit
67,STS-1E7E6A0EA8AD,Parag Singh,Indian,voterid,HXW5316908,+91-6319850452,"[{""name"": ""Hotel Rajmahal (stay 1)"", ""lat"": 25.932912, ""lng"": 91.436183}, {""name"": ""Chandubi Lake"", ""lat"": 25.9333, ""lng"": 91.4333}, {""name"": ""Vivanta Guwahati (stay 2)"", ""lat"": 26.089073, ""lng"": 91.589708}, {""name"": ""Accoland Water Park"", ""lat"": 26.09, ""lng"": 91.59}, {""name"": ""Ginger Guwahati (stay 3)"", ""lat"": 26.175145, ""lng"": 91.784661}, {""name"": ""Assam State Zoo & Botanical Garden"", ""lat"": 26.178, ""lng"": 91.786}]","[{""name"": ""Rohan Gogoi"", ""phone"": ""+91-8150912611"", ""relation"": ""family""}, {""name"": ""Pooja Barua"", ""phone"": ""+91-9399201601"", ""relation"": ""spouse""}]",2026-07-30 06:00:00,2026-08-04 13:00:00,26.175037,91.784836,2026-08-04 06:41:15,79.4,1,active,2026-07-22 06:00:00,normal,Guwahati Nature & Wildlife
68,STS-A18D56F0A6C2,Chandana Hazarika,Indian,aadhaar,XXXX-XXXX-5345,+91-9208172223,"[{""name"": ""Novotel Guwahati GS Road (stay 1)"", ""lat"": 25.678039, ""lng"": 94.111057}, {""name"": ""Kohima"", ""lat"": 25.6751, ""lng"": 94.1086}, {""name"": ""Hotel Nandan (stay 2)"", ""lat"": 26.574401, ""lng"": 93.174603}, {""name"": ""Kaziranga National Park"", ""lat"": 26.5775, ""lng"": 93.1711}, {""name"": ""Brahmaputra Jungle Resort (stay 3)"", ""lat"": 26.108661, ""lng"": 91.586381}, {""name"": ""LGB International Airport"", ""lat"": 26.1061, ""lng"": 91.5859}, {""name"": ""Radisson Blu Guwahati (stay 4)"", ""lat"": 27.332801, ""lng"": 88.617365}, {""name"": ""Gangtok"", ""lat"": 27.3314, ""lng"": 88.6138}]","[{""name"": ""Jayanta Baishya"", ""phone"": ""+91-6476842838"", ""relation"": ""family""}, {""name"": ""Rupam Nair"", ""phone"": ""+91-7015433470"", ""relation"": ""spouse""}]",2026-08-14 06:15:00,2026-09-01 13:15:00,27.332913,88.617119,2026-09-01 06:35:15,83.5,1,active,2026-08-04 02:15:00,normal,Seven Sisters Grand Tour
69,STS-E56446367FB7,Debojit Patel,Indian,voterid,XYC1044901,+91-7184680464,"[{""name"": ""Hotel Dynasty, Lakhtokia (stay 1)"", ""lat"": 24.818086, ""lng"": 93.938823}, {""name"": ""Imphal"", ""lat"": 24.817, ""lng"": 93.9368}, {""name"": ""Wild Mahseer, Balipara (stay 2)"", ""lat"": 25.58134, ""lng"": 91.8905}, {""name"": ""Shillong"", ""lat"": 25.5788, ""lng"": 91.8933}, {""name"": ""Novotel Guwahati GS Road (stay 3)"", ""lat"": 26.102691, ""lng"": 91.587406}, {""name"": ""LGB International Airport"", ""lat"": 26.1061, ""lng"": 91.5859}]","[{""name"": ""Ananya Barua"", ""phone"": ""+91-8306825753"", ""relation"": ""family""}]",2026-08-20 09:45:00,2026-09-06 13:45:00,26.102895,91.587491,2026-09-05 18:07:40,73.1,1,active,2026-08-13 20:45:00,normal,Seven Sisters Grand Tour
70,STS-E7072237E1FB,Divya Das,Indian,aadhaar,XXXX-XXXX-2715,+91-8375792888,"[{""name"": ""Hotel Nandan (stay 1)"", ""lat"": 26.183992, ""lng"": 91.756719}, {""name"": ""Assam State Museum"", ""lat"": 26.1857, ""lng"": 91.7481}, {""name"": ""Brahmaputra Riverfront"", ""lat"": 26.1905, ""lng"": 91.748}, {""name"": ""Guwahati Planetarium"", ""lat"": 26.1856, ""lng"": 91.7625}]","[{""name"": ""Priya Sharma"", ""phone"": ""+91-8202922655"", ""relation"": ""family""}, {""name"": ""Simanta Bora"", ""phone"": ""+91-6669218732"", ""relation"": ""spouse""}]",2026-08-22 11:30:00,2026-08-25 17:30:00,26.184075,91.756464,2026-08-25 06:49:06,80.8,1,active,2026-08-20 05:30:00,normal,Guwahati City Break
71,STS-D1E13F9FDBE9,Aarav Nair,Indian,passport,Z2275222,+91-6474712483,"[{""name"": ""Hotel Polo Towers, Shillong (stay 1)"", ""lat"": 25.286889, ""lng"": 91.684853}, {""name"": ""Nohkalikai Falls"", ""lat"": 25.276, ""lng"": 91.6857}, {""name"": ""Cherrapunji (Sohra)"", ""lat"": 25.2912, ""lng"": 91.6783}, {""name"": ""Hotel Dynasty, Lakhtokia (stay 2)"", ""lat"": 25.578782, ""lng"": 91.894555}, {""name"": ""Shillong"", ""lat"": 25.5788, ""lng"": 91.8933}]","[{""name"": ""Hemanta Verma"", ""phone"": ""+91-9090889874"", ""relation"": ""family""}, {""name"": ""Rahul Kumar"", ""phone"": ""+91-8841854878"", ""relation"": ""spouse""}, {""name"": ""Tanvi Hazarika"", ""phone"": ""+91-9106125241"", ""relation"": ""spouse""}, {""name"": ""Rupam Hazarika"", ""phone"": ""+91-8043949142"", ""relation"": ""tour_operator""}]",2026-08-18 05:15:00,2026-08-23 08:15:00,25.578541,91.894165,2026-08-23 07:06:53,78.1,1,active,2026-07-31 02:15:00,normal,Meghalaya Loop
72,STS-B1FBF14EA6F3,Ishita Das,Indian,aadhaar,XXXX-XXXX-4440,+91-7027323923,"[{""name"": ""Ygdrasill Bamboo Resort, Cherrapunji (stay 1)"", ""lat"": 26.950245, ""lng"": 94.167257}, {""name"": ""Majuli River Island"", ""lat"": 26.95, ""lng"": 94.17}, {""name"": ""Wild Mahseer, Balipara (stay 2)"", ""lat"": 26.749659, ""lng"": 94.205839}, {""name"": ""Jorhat"", ""lat"": 26.7509, ""lng"": 94.2037}, {""name"": ""Novotel Guwahati GS Road (stay 3)"", ""lat"": 26.980884, ""lng"": 94.640593}, {""name"": ""Sivasagar"", ""lat"": 26.9826, ""lng"": 94.6425}, {""name"": ""Wild Mahseer, Balipara (stay 4)"", ""lat"": 26.580686, ""lng"": 93.173304}, {""name"": ""Kaziranga National Park"", ""lat"": 26.5775, ""lng"": 93.1711}, {""name"": ""Hotel Nandan (stay 5)"", ""lat"": 26.632597, ""lng"": 92.80392}, {""name"": ""Tezpur"", ""lat"": 26.6338, ""lng"": 92.8}, {""name"": ""Hotel Polo Towers, Shillong (stay 6)"", ""lat"": 26.105919, ""lng"": 91.586069}, {""name"": ""LGB International Airport"", ""lat"": 26.1061, ""lng"": 91.5859}]","[{""name"": ""Pranjal Hazarika"", ""phone"": ""+91-8970634639"", ""relation"": ""family""}]",2026-08-27 07:00:00,2026-09-05 21:00:00,26.105835,91.585723,2026-09-05 06:30:57,82.0,1,missing,2026-08-08 15:00:00,missing_person,Upper Assam Wildlife Trail
73,STS-71BAF4D7A355,Aarav Phukan,Indian,passport,Z3861429,+91-7871052606,"[{""name"": ""Radisson Blu Guwahati (stay 1)"", ""lat"": 26.188885, ""lng"": 91.755451}, {""name"": ""Guwahati Planetarium"", ""lat"": 26.1856, ""lng"": 91.7625}, {""name"": ""Dighalipukhuri"", ""lat"": 26.1861, ""lng"": 91.7503}, {""name"": ""Umananda Island"", ""lat"": 26.1964, ""lng"": 91.7453}]","[{""name"": ""Rahul Deka"", ""phone"": ""+91-7242958175"", ""relation"": ""family""}, {""name"": ""Debojit Reddy"", ""phone"": ""+91-8553833908"", ""relation"": ""spouse""}]",2026-08-14 07:15:00,2026-08-18 14:15:00,26.189094,91.755156,2026-08-18 06:39:16,79.4,0,active,2026-07-28 16:15:00,high_speed_transit,Guwahati City Break
74,STS-20A84DFF7DDC,Tanvi Rajkhowa,Indian,voterid,HZX4919793,+91-7370157326,"[{""name"": ""Hotel Nandan (stay 1)"", ""lat"": 26.633405, ""lng"": 92.799422}, {""name"": ""Tezpur"", ""lat"": 26.6338, ""lng"": 92.8}, {""name"": ""Wild Mahseer, Balipara (stay 2)"", ""lat"": 26.186184, ""lng"": 91.754953}, {""name"": ""Guwahati Railway Station"", ""lat"": 26.1824, ""lng"": 91.7513}, {""name"": ""La Maison de Ananda, Majuli (stay 3)"", ""lat"": 27.586076, ""lng"": 91.860517}, {""name"": ""Tawang Monastery"", ""lat"": 27.5861, ""lng"": 91.8594}, {""name"": ""Ri Kynjai, Umiam (stay 4)"", ""lat"": 27.544116, ""lng"": 93.832299}, {""name"": ""Ziro Valley"", ""lat"": 27.5448, ""lng"": 93.832}]","[{""name"": ""Debojit Choudhury"", ""phone"": ""+91-9999870629"", ""relation"": ""family""}, {""name"": ""Aarav Rajkhowa"", ""phone"": ""+91-7874736404"", ""relation"": ""spouse""}, {""name"": ""Rituparna Iyer"", ""phone"": ""+91-6643180903"", ""relation"": ""tour_operator""}]",2026-09-06 05:00:00,2026-09-13 13:00:00,,,,100.0,1,active,2026-08-31 22:00:00,normal,Arunachal High Himalaya
75,STS-887A886410DB,Shu Ting Tan,Singaporean,passport,K6249452,+65-87294508,"[{""name"": ""Hotel Nandan (stay 1)"", ""lat"": 26.163986, ""lng"": 91.759722}, {""name"": ""Basistha Temple"", ""lat"": 26.1132, ""lng"": 91.797}, {""name"": ""Navagraha Temple"", ""lat"": 26.1749, ""lng"": 91.7789}, {""name"": ""Umananda Island"", ""lat"": 26.1964, ""lng"": 91.7453}, {""name"": ""Kamakhya Temple"", ""lat"": 26.1664, ""lng"": 91.7055}, {""name"": ""Dolma Homestay, Tawang (stay 2)"", ""lat"": 26.251258, ""lng"": 91.520288}, {""name"": ""Hajo Pilgrimage Town"", ""lat"": 26.25, ""lng"": 91.5167}, {""name"": ""Hotel Polo Towers, Shillong (stay 3)"", ""lat"": 26.368187, ""lng"": 91.637234}, {""name"": ""Madan Kamdev Ruins"", ""lat"": 26.3667, ""lng"": 91.6333}, {""name"": ""En route to Navagraha Temple"", ""lat"": 26.133767, ""lng"": 91.790967}, {""name"": ""En route to Navagraha Temple"", ""lat"": 26.154333, ""lng"": 91.784933}, {""name"": ""En route to Basistha Temple"", ""lat"": 26.147057, ""lng"": 91.772148}, {""name"": ""En route to Basistha Temple"", ""lat"": 26.130129, ""lng"": 91.784574}, {""name"": ""En route to Hotel Nandan (stay 1)"", ""lat"": 26.165595, ""lng"": 91.723574}, {""name"": ""En route to Hotel Nandan (stay 1)"", ""lat"": 26.164791, ""lng"": 91.741648}, {""name"": ""En route to Kamakhya Temple"", ""lat"": 26.1864, ""lng"": 91.732033}, {""name"": ""En route to Kamakhya Temple"", ""lat"": 26.1764, ""lng"": 91.718767}, {""name"": ""En route to Umananda Island"", ""lat"": 26.18565, ""lng"": 91.7621}]","[{""name"": ""Marcus Goh"", ""phone"": ""+65-62690300"", ""relation"": ""family""}, {""name"": ""Jun Wei Ong"", ""phone"": ""+65-59445224"", ""relation"": ""spouse""}]",2026-08-14 08:00:00,2026-08-20 15:00:00,26.368423,91.637254,2026-08-20 06:43:43,81.0,1,active,2026-08-10 23:00:00,normal,Guwahati Pilgrimage Circuit
76,STS-E03F758DFBC0,Anjali Barua,Indian,aadhaar,XXXX-XXXX-4982,+91-8277733792,"[{""name"": ""Diphlu River Lodge, Kaziranga (stay 1)"", ""lat"": 25.93594, ""lng"": 91.431107}, {""name"": ""Chandubi Lake"", ""lat"": 25.9333, ""lng"": 91.4333}, {""name"": ""Diphlu River Lodge, Kaziranga (stay 2)"", ""lat"": 26.10196, ""lng"": 91.623312}, {""name"": ""Accoland Water Park"", ""lat"": 26.09, ""lng"": 91.59}, {""name"": ""Deepor Beel Wildlife Sanctuary"", ""lat"": 26.12, ""lng"": 91.65}, {""name"": ""Radisson Blu Guwahati (stay 3)"", ""lat"": 26.181988, ""lng"": 91.785085}, {""name"": ""Assam State Zoo & Botanical Garden"", ""lat"": 26.178, ""lng"": 91.786}, {""name"": ""Hotel Nandan (stay 4)"", ""lat"": 26.23045, ""lng"": 92.080311}, {""name"": ""Pobitora Wildlife Sanctuary"", ""lat"": 26.2333, ""lng"": 92.0833}, {""name"": ""En route to Deepor Beel Wildlife Sanctuary"", ""lat"": 26.1, ""lng"": 91.61}, {""name"": ""En route to Deepor Beel Wildlife Sanctuary"", ""lat"": 26.11, ""lng"": 91.63}, {""name"": ""En route to Accoland Water Park"", ""lat"": 26.09598, ""lng"": 91.606656}, {""name"": ""En route to Diphlu River Lodge, Kaziranga (stay 2)"", ""lat"": 26.11098, ""lng"": 91.636656}]","[{""name"": ""Vikram Kumar"", ""phone"": ""+91-8141410836"", ""relation"": ""family""}, {""name"": ""Rahul Iyer"", ""phone"": ""+91-6167007968"", ""relation"": ""spouse""}]",2026-08-19 05:45:00,2026-08-24 09:45:00,26.230264,92.0805,2026-08-24 06:47:07,82.0,1,active,2026-08-10 03:45:00,normal,Guwahati Nature & Wildlife
77,STS-DCBE0EA12489,Bornali Baishya,Indian,aadhaar,XXXX-XXXX-8600,+91-9996193807,"[{""name"": ""Diphlu River Lodge, Kaziranga (stay 1)"", ""lat"": 26.174756, ""lng"": 91.788736}, {""name"": ""Assam State Zoo & Botanical Garden"", ""lat"": 26.178, ""lng"": 91.786}, {""name"": ""Dolma Homestay, Tawang (stay 2)"", ""lat"": 26.093666, ""lng"": 91.590964}, {""name"": ""Accoland Water Park"", ""lat"": 26.09, ""lng"": 91.59}, {""name"": ""Hotel Nandan (stay 3)"", ""lat"": 26.233948, ""lng"": 92.079307}, {""name"": ""Pobitora Wildlife Sanctuary"", ""lat"": 26.2333, ""lng"": 92.0833}]","[{""name"": ""Junmoni Verma"", ""phone"": ""+91-9949900074"", ""relation"": ""family""}, {""name"": ""Debojit Barua"", ""phone"": ""+91-6934433632"", ""relation"": ""spouse""}, {""name"": ""Manish Ghosh"", ""phone"": ""+91-8811708132"", ""relation"": ""sibling""}]",2026-09-02 06:15:00,2026-09-05 19:15:00,26.234112,92.079413,2026-09-05 06:30:11,83.3,1,active,2026-08-17 03:15:00,normal,Guwahati Nature & Wildlife
78,STS-1F11ACE3C4E5,Nikhil Iyer,Indian,aadhaar,XXXX-XXXX-1078,+91-9560086105,"[{""name"": ""Diphlu River Lodge, Kaziranga (stay 1)"", ""lat"": 26.104356, ""lng"": 91.618267}, {""name"": ""Accoland Water Park"", ""lat"": 26.09, ""lng"": 91.59}, {""name"": ""Deepor Beel Wildlife Sanctuary"", ""lat"": 26.12, ""lng"": 91.65}, {""name"": ""Hotel Rajmahal (stay 2)"", ""lat"": 26.237156, ""lng"": 92.084441}, {""name"": ""Pobitora Wildlife Sanctuary"", ""lat"": 26.2333, ""lng"": 92.0833}, {""name"": ""En route to Deepor Beel Wildlife Sanctuary"", ""lat"": 26.1, ""lng"": 91.61}, {""name"": ""En route to Deepor Beel Wildlife Sanctuary"", ""lat"": 26.11, ""lng"": 91.63}, {""name"": ""En route to Diphlu River Lodge, Kaziranga (stay 1)"", ""lat"": 26.112178, ""lng"": 91.634134}, {""name"": ""En route to Accoland Water Park"", ""lat"": 26.097178, ""lng"": 91.604134}]","[{""name"": ""Ananya Singh"", ""phone"": ""+91-6657622431"", ""relation"": ""family""}, {""name"": ""Anjali Patel"", ""phone"": ""+91-9670965975"", ""relation"": ""spouse""}]",2026-07-22 06:00:00,2026-07-26 16:00:00,26.237098,92.084619,2026-07-26 06:41:09,82.1,0,active,2026-07-04 23:00:00,inactivity,Guwahati Nature & Wildlife
79,STS-53ABC389E08D,Hemanta Ghosh,Indian,voterid,UXG8555890,+91-6199921629,"[{""name"": ""Novotel Guwahati GS Road (stay 1)"", ""lat"": 26.162399, ""lng"": 91.760135}, {""name"": ""Kamakhya Temple"", ""lat"": 26.1664, ""lng"": 91.7055}, {""name"": ""Umananda Island"", ""lat"": 26.1964, ""lng"": 91.7453}, {""name"": ""Navagraha Temple"", ""lat"": 26.1749, ""lng"": 91.7789}, {""name"": ""Basistha Temple"", ""lat"": 26.1132, ""lng"": 91.797}, {""name"": ""Ygdrasill Bamboo Resort, Cherrapunji (stay 2)"", ""lat"": 26.367282, ""lng"": 91.633015}, {""name"": ""Madan Kamdev Ruins"", ""lat"": 26.3667, ""lng"": 91.6333}, {""name"": ""En route to Basistha Temple"", ""lat"": 26.154333, ""lng"": 91.784933}, {""name"": ""En route to Basistha Temple"", ""lat"": 26.133767, ""lng"": 91.790967}, {""name"": ""En route to Novotel Guwahati GS Road (stay 1)"", ""lat"": 26.1296, ""lng"": 91.784712}, {""name"": ""En route to Novotel Guwahati GS Road (stay 1)"", ""lat"": 26.145999, ""lng"": 91.772423}, {""name"": ""En route to Kamakhya Temple"", ""lat"": 26.163733, ""lng"": 91.741923}, {""name"": ""En route to Kamakhya Temple"", ""lat"": 26.165066, ""lng"": 91.723712}, {""name"": ""En route to Umananda Island"", ""lat"": 26.1764, ""lng"": 91.718767}, {""name"": ""En route to Umananda Island"", ""lat"": 26.1864, ""lng"": 91.732033}, {""name"": ""En route to Navagraha Temple"", ""lat"": 26.18565, ""lng"": 91.7621}]","[{""name"": ""Simanta Gogoi"", ""phone"": ""+91-7835949972"", ""relation"": ""family""}, {""name"": ""Debojit Deka"", ""phone"": ""+91-6408356981"", ""relation"": ""spouse""}, {""name"": ""Vikram Verma"", ""phone"": ""+91-9718820275"", ""relation"": ""tour_operator""}]",2026-08-05 06:00:00,2026-08-10 12:00:00,26.367027,91.633376,2026-08-10 06:55:11,79.3,1,active,2026-07-29 22:00:00,night_wanderer,Guwahati Pilgrimage Circuit
80,STS-5EFD401B0D34,Meera Patel,Indian,aadhaar,XXXX-XXXX-8492,+91-7519991386,"[{""name"": ""Wild Mahseer, Balipara (stay 1)"", ""lat"": 26.18611, ""lng"": 91.750026}, {""name"": ""Pan Bazaar"", ""lat"": 26.1856, ""lng"": 91.7455}, {""name"": ""Fancy Bazaar"", ""lat"": 26.1836, ""lng"": 91.7434}, {""name"": ""Dighalipukhuri"", ""lat"": 26.1861, ""lng"": 91.7503}]","[{""name"": ""Aditya Bora"", ""phone"": ""+91-7915103793"", ""relation"": ""family""}, {""name"": ""Simanta Mishra"", ""phone"": ""+91-8921373328"", ""relation"": ""spouse""}]",2026-09-02 08:30:00,2026-09-05 19:30:00,26.186038,91.750095,2026-09-05 06:44:39,79.9,1,active,2026-08-27 06:30:00,normal,Guwahati City Break
81,STS-1D57E4FA00B5,Nabanita Bhattacharya,Indian,passport,Z3697180,+91-8974683336,"[{""name"": ""Ygdrasill Bamboo Resort, Cherrapunji (stay 1)"", ""lat"": 26.161025, ""lng"": 91.759154}, {""name"": ""Kamakhya Temple"", ""lat"": 26.1664, ""lng"": 91.7055}, {""name"": ""Umananda Island"", ""lat"": 26.1964, ""lng"": 91.7453}, {""name"": ""Navagraha Temple"", ""lat"": 26.1749, ""lng"": 91.7789}, {""name"": ""Basistha Temple"", ""lat"": 26.1132, ""lng"": 91.797}, {""name"": ""La Maison de Ananda, Majuli (stay 2)"", ""lat"": 26.247353, ""lng"": 91.514003}, {""name"": ""Hajo Pilgrimage Town"", ""lat"": 26.25, ""lng"": 91.5167}, {""name"": ""Ygdrasill Bamboo Resort, Cherrapunji (stay 3)"", ""lat"": 26.365471, ""lng"": 91.635237}, {""name"": ""Madan Kamdev Ruins"", ""lat"": 26.3667, ""lng"": 91.6333}, {""name"": ""En route to Basistha Temple"", ""lat"": 26.154333, ""lng"": 91.784933}, {""name"": ""En route to Basistha Temple"", ""lat"": 26.133767, ""lng"": 91.790967}, {""name"": ""En route to Ygdrasill Bamboo Resort, Cherrapunji (stay 1)"", ""lat"": 26.129142, ""lng"": 91.784385}, {""name"": ""En route to Ygdrasill Bamboo Resort, Cherrapunji (stay 1)"", ""lat"": 26.145083, ""lng"": 91.771769}, {""name"": ""En route to Kamakhya Temple"", ""lat"": 26.162817, ""lng"": 91.741269}, {""name"": ""En route to Kamakhya Temple"", ""lat"": 26.164608, ""lng"": 91.723385}, {""name"": ""En route to Umananda Island"", ""lat"": 26.1764, ""lng"": 91.718767}, {""name"": ""En route to Umananda Island"", ""lat"": 26.1864, ""lng"": 91.732033}, {""name"": ""En route to Navagraha Temple"", ""lat"": 26.18565, ""lng"": 91.7621}]","[{""name"": ""Rituparna Banerjee"", ""phone"": ""+91-7998564191"", ""relation"": ""family""}, {""name"": ""Kavya Kalita"", ""phone"": ""+91-7642686042"", ""relation"": ""spouse""}]",2026-08-16 06:15:00,2026-08-19 12:15:00,26.36568,91.635582,2026-08-20 06:40:09,79.8,1,active,2026-08-08 07:15:00,night_wanderer,Guwahati Pilgrimage Circuit
82,STS-F77FBE49A9E4,Pedro Pereira,Brazilian,passport,FK617153,+55-63858309182,"[{""name"": ""Radisson Blu Guwahati (stay 1)"", ""lat"": 27.585679, ""lng"": 91.861668}, {""name"": ""Tawang Monastery"", ""lat"": 27.5861, ""lng"": 91.8594}, {""name"": ""Dolma Homestay, Tawang (stay 2)"", ""lat"": 26.634724, ""lng"": 92.800206}, {""name"": ""Tezpur"", ""lat"": 26.6338, ""lng"": 92.8}, {""name"": ""Kiranshree Portico (stay 3)"", ""lat"": 26.184338, ""lng"": 91.755244}, {""name"": ""Guwahati Railway Station"", ""lat"": 26.1824, ""lng"": 91.7513}, {""name"": ""Ygdrasill Bamboo Resort, Cherrapunji (stay 4)"", ""lat"": 27.54089, ""lng"": 93.833482}, {""name"": ""Ziro Valley"", ""lat"": 27.5448, ""lng"": 93.832}]","[{""name"": ""Pedro Pereira"", ""phone"": ""+55-13355737327"", ""relation"": ""family""}, {""name"": ""Pedro Souza"", ""phone"": ""+55-56120032094"", ""relation"": ""spouse""}]",2026-08-10 08:45:00,2026-08-19 14:45:00,27.54091,93.833158,2026-08-19 06:42:57,82.4,1,active,2026-07-31 19:45:00,normal,Arunachal High Himalaya
83,STS-A310AF15A087,Rupam Singh,Indian,passport,Z2407101,+91-6231700274,"[{""name"": ""Hotel Rajmahal (stay 1)"", ""lat"": 26.634243, ""lng"": 92.797052}, {""name"": ""Tezpur"", ""lat"": 26.6338, ""lng"": 92.8}, {""name"": ""Ginger Guwahati (stay 2)"", ""lat"": 26.185744, ""lng"": 91.750168}, {""name"": ""Guwahati Railway Station"", ""lat"": 26.1824, ""lng"": 91.7513}, {""name"": ""Radisson Blu Guwahati (stay 3)"", ""lat"": 27.583275, ""lng"": 91.863113}, {""name"": ""Tawang Monastery"", ""lat"": 27.5861, ""lng"": 91.8594}, {""name"": ""Radisson Blu Guwahati (stay 4)"", ""lat"": 27.545582, ""lng"": 93.828364}, {""name"": ""Ziro Valley"", ""lat"": 27.5448, ""lng"": 93.832}]","[{""name"": ""Hemanta Singh"", ""phone"": ""+91-7797608171"", ""relation"": ""family""}, {""name"": ""Divya Dutta"", ""phone"": ""+91-6149276648"", ""relation"": ""spouse""}]",2026-08-02 08:45:00,2026-08-13 21:45:00,27.545926,93.828596,2026-08-13 06:46:12,82.2,1,active,2026-07-18 16:45:00,normal,Arunachal High Himalaya
84,STS-1EEEB53E04D4,Kabir Ghosh,Indian,aadhaar,XXXX-XXXX-9145,+91-6720646139,"[{""name"": ""Novotel Guwahati GS Road (stay 1)"", ""lat"": 26.363142, ""lng"": 91.631446}, {""name"": ""Madan Kamdev Ruins"", ""lat"": 26.3667, ""lng"": 91.6333}, {""name"": ""Hotel Nandan (stay 2)"", ""lat"": 26.24601, ""lng"": 91.516827}, {""name"": ""Hajo Pilgrimage Town"", ""lat"": 26.25, ""lng"": 91.5167}, {""name"": ""Vivanta Guwahati (stay 3)"", ""lat"": 26.162054, ""lng"": 91.758584}, {""name"": ""Kamakhya Temple"", ""lat"": 26.1664, ""lng"": 91.7055}, {""name"": ""Umananda Island"", ""lat"": 26.1964, ""lng"": 91.7453}, {""name"": ""Navagraha Temple"", ""lat"": 26.1749, ""lng"": 91.7789}, {""name"": ""Basistha Temple"", ""lat"": 26.1132, ""lng"": 91.797}, {""name"": ""En route to Basistha Temple"", ""lat"": 26.154333, ""lng"": 91.784933}, {""name"": ""En route to Basistha Temple"", ""lat"": 26.133767, ""lng"": 91.790967}, {""name"": ""En route to Vivanta Guwahati (stay 3)"", ""lat"": 26.129485, ""lng"": 91.784195}, {""name"": ""En route to Vivanta Guwahati (stay 3)"", ""lat"": 26.145769, ""lng"": 91.771389}, {""name"": ""En route to Kamakhya Temple"", ""lat"": 26.163503, ""lng"": 91.740889}, {""name"": ""En route to Kamakhya Temple"", ""lat"": 26.164951, ""lng"": 91.723195}, {""name"": ""En route to Umananda Island"", ""lat"": 26.1764, ""lng"": 91.718767}, {""name"": ""En route to Umananda Island"", ""lat"": 26.1864, ""lng"": 91.732033}, {""name"": ""En route to Navagraha Temple"", ""lat"": 26.18565, ""lng"": 91.7621}]","[{""name"": ""Anjali Banerjee"", ""phone"": ""+91-8312701048"", ""relation"": ""family""}, {""name"": ""Priya Deka"", ""phone"": ""+91-8866729942"", ""relation"": ""spouse""}, {""name"": ""Hemanta Patel"", ""phone"": ""+91-8782541434"", ""relation"": ""employer""}]",2026-08-12 08:45:00,2026-08-18 20:45:00,26.162036,91.758945,2026-08-18 06:31:02,81.6,1,active,2026-07-23 13:45:00,normal,Guwahati Pilgrimage Circuit
85,STS-A986735E1CA4,Debojit Baishya,Indian,aadhaar,XXXX-XXXX-1892,+91-7504528535,"[{""name"": ""Hotel Nandan (stay 1)"", ""lat"": 25.678672, ""lng"": 94.109347}, {""name"": ""Kohima"", ""lat"": 25.6751, ""lng"": 94.1086}, {""name"": ""Novotel Guwahati GS Road (stay 2)"", ""lat"": 26.577548, ""lng"": 93.170958}, {""name"": ""Kaziranga National Park"", ""lat"": 26.5775, ""lng"": 93.1711}, {""name"": ""Hotel Dynasty, Lakhtokia (stay 3)"", ""lat"": 25.575633, ""lng"": 91.892778}, {""name"": ""Shillong"", ""lat"": 25.5788, ""lng"": 91.8933}, {""name"": ""Diphlu River Lodge, Kaziranga (stay 4)"", ""lat"": 23.831115, ""lng"": 91.286084}, {""name"": ""Agartala"", ""lat"": 23.8315, ""lng"": 91.2868}, {""name"": ""Ygdrasill Bamboo Resort, Cherrapunji (stay 5)"", ""lat"": 27.334207, ""lng"": 88.613456}, {""name"": ""Gangtok"", ""lat"": 27.3314, ""lng"": 88.6138}]","[{""name"": ""Dhruv Baishya"", ""phone"": ""+91-8796284544"", ""relation"": ""family""}, {""name"": ""Tanvi Nath"", ""phone"": ""+91-8477550862"", ""relation"": ""spouse""}]",2026-07-28 07:15:00,2026-08-13 11:15:00,27.333935,88.61317,2026-08-13 06:31:47,81.4,0,active,2026-07-15 04:15:00,normal,Seven Sisters Grand Tour
86,STS-3A0F5B671448,Jayanta Bhattacharya,Indian,passport,Z7417815,+91-9054972227,"[{""name"": ""La Maison de Ananda, Majuli (stay 1)"", ""lat"": 26.163542, ""lng"": 91.775092}, {""name"": ""Umananda Island"", ""lat"": 26.1964, ""lng"": 91.7453}, {""name"": ""Navagraha Temple"", ""lat"": 26.1749, ""lng"": 91.7789}, {""name"": ""Basistha Temple"", ""lat"": 26.1132, ""lng"": 91.797}, {""name"": ""Wild Mahseer, Balipara (stay 2)"", ""lat"": 26.248555, ""lng"": 91.516763}, {""name"": ""Hajo Pilgrimage Town"", ""lat"": 26.25, ""lng"": 91.5167}, {""name"": ""Hotel Rajmahal (stay 3)"", ""lat"": 26.36666, ""lng"": 91.629912}, {""name"": ""Madan Kamdev Ruins"", ""lat"": 26.3667, ""lng"": 91.6333}, {""name"": ""En route to Basistha Temple"", ""lat"": 26.154333, ""lng"": 91.784933}, {""name"": ""En route to Basistha Temple"", ""lat"": 26.133767, ""lng"": 91.790967}, {""name"": ""En route to La Maison de Ananda, Majuli (stay 1)"", ""lat"": 26.129981, ""lng"": 91.789697}, {""name"": ""En route to La Maison de Ananda, Majuli (stay 1)"", ""lat"": 26.146761, ""lng"": 91.782395}, {""name"": ""En route to Umananda Island"", ""lat"": 26.179971, ""lng"": 91.760196}, {""name"": ""En route to Navagraha Temple"", ""lat"": 26.18565, ""lng"": 91.7621}]","[{""name"": ""Pooja Saikia"", ""phone"": ""+91-6963607438"", ""relation"": ""family""}, {""name"": ""Hemanta Choudhury"", ""phone"": ""+91-6082580174"", ""relation"": ""spouse""}, {""name"": ""Simanta Das"", ""phone"": ""+91-6329740859"", ""relation"": ""colleague""}, {""name"": ""Ygdrasill Bamboo Resort, Cherrapunji Front Desk"", ""phone"": ""+91-7621288159"", ""relation"": ""hotel""}]",2026-08-26 08:45:00,2026-08-30 18:45:00,26.366697,91.629829,2026-08-30 06:41:47,79.5,1,active,2026-08-08 12:45:00,normal,Guwahati Pilgrimage Circuit
87,STS-75E4B6825283,Christopher Jones,American,passport,830975780,+1-5001539117,"[{""name"": ""Hotel Nandan (stay 1)"", ""lat"": 26.186289, ""lng"": 91.747817}, {""name"": ""Guwahati Railway Station"", ""lat"": 26.1824, ""lng"": 91.7513}, {""name"": ""Wild Mahseer, Balipara (stay 2)"", ""lat"": 26.637535, ""lng"": 92.79998}, {""name"": ""Tezpur"", ""lat"": 26.6338, ""lng"": 92.8}, {""name"": ""Vivanta Guwahati (stay 3)"", ""lat"": 27.583286, ""lng"": 91.861197}, {""name"": ""Tawang Monastery"", ""lat"": 27.5861, ""lng"": 91.8594}, {""name"": ""Dolma Homestay, Tawang (stay 4)"", ""lat"": 27.543359, ""lng"": 93.835665}, {""name"": ""Ziro Valley"", ""lat"": 27.5448, ""lng"": 93.832}]","[{""name"": ""Jessica Johnson"", ""phone"": ""+1-3123080196"", ""relation"": ""family""}, {""name"": ""Amanda Rodriguez"", ""phone"": ""+1-9136652283"", ""relation"": ""spouse""}]",2026-07-25 11:00:00,2026-08-06 15:00:00,27.543026,93.835625,2026-08-06 06:51:18,82.0,1,active,2026-07-04 12:00:00,night_wanderer,Arunachal High Himalaya
88,STS-BC9C5F655397,Hemanta Phukan,Indian,aadhaar,XXXX-XXXX-5040,+91-7093951592,"[{""name"": ""Diphlu River Lodge, Kaziranga (stay 1)"", ""lat"": 26.143733, ""lng"": 91.793712}, {""name"": ""Ganeshguri Junction"", ""lat"": 26.147, ""lng"": 91.79}, {""name"": ""Dispur Secretariat"", ""lat"": 26.142, ""lng"": 91.79}, {""name"": ""Six Mile"", ""lat"": 26.135, ""lng"": 91.805}, {""name"": ""Kiranshree Portico (stay 2)"", ""lat"": 26.107834, ""lng"": 91.589179}, {""name"": ""LGB International Airport"", ""lat"": 26.1061, ""lng"": 91.5859}]","[{""name"": ""Anurag Mishra"", ""phone"": ""+91-6693652677"", ""relation"": ""family""}, {""name"": ""Parag Nath"", ""phone"": ""+91-7209226691"", ""relation"": ""spouse""}, {""name"": ""Kabir Kumar"", ""phone"": ""+91-7718058927"", ""relation"": ""friend""}]",2026-08-30 07:15:00,2026-09-01 20:15:00,26.107502,91.589562,2026-09-01 06:50:46,79.9,1,active,2026-08-17 15:15:00,normal,Business / Transit Stay
89,STS-96CAEFEBFBD6,Ishita Iyer,Indian,passport,Z0831838,+91-7895644476,"[{""name"": ""Kiranshree Portico (stay 1)"", ""lat"": 26.63318, ""lng"": 92.797114}, {""name"": ""Tezpur"", ""lat"": 26.6338, ""lng"": 92.8}, {""name"": ""Dolma Homestay, Tawang (stay 2)"", ""lat"": 26.185671, ""lng"": 91.747826}, {""name"": ""Guwahati Railway Station"", ""lat"": 26.1824, ""lng"": 91.7513}, {""name"": ""Kiranshree Portico (stay 3)"", ""lat"": 27.542764, ""lng"": 93.8354}, {""name"": ""Ziro Valley"", ""lat"": 27.5448, ""lng"": 93.832}]","[{""name"": ""Manish Rajkhowa"", ""phone"": ""+91-8768309477"", ""relation"": ""family""}, {""name"": ""Chandana Nath"", ""phone"": ""+91-6508485522"", ""relation"": ""spouse""}, {""name"": ""Mridula Bora"", ""phone"": ""+91-8140979283"", ""relation"": ""sibling""}, {""name"": ""Siddharth Ghosh"", ""phone"": ""+91-9334595678"", ""relation"": ""employer""}]",2026-07-26 11:30:00,2026-08-04 21:30:00,27.542745,93.83523,2026-08-04 06:42:13,82.7,1,active,2026-07-21 17:30:00,normal,Arunachal High Himalaya
90,STS-5D6C4885BCCC,Rumana Begum,Bangladeshi,passport,BX5713905,+880-1981297752,"[{""name"": ""La Maison de Ananda, Majuli (stay 1)"", ""lat"": 26.366032, ""lng"": 91.63318}, {""name"": ""Madan Kamdev Ruins"", ""lat"": 26.3667, ""lng"": 91.6333}, {""name"": ""Vivanta Guwahati (stay 2)"", ""lat"": 26.24682, ""lng"": 91.512719}, {""name"": ""Hajo Pilgrimage Town"", ""lat"": 26.25, ""lng"": 91.5167}, {""name"": ""Ygdrasill Bamboo Resort, Cherrapunji (stay 3)"", ""lat"": 26.166071, ""lng"": 91.759692}, {""name"": ""Kamakhya Temple"", ""lat"": 26.1664, ""lng"": 91.7055}, {""name"": ""Umananda Island"", ""lat"": 26.1964, ""lng"": 91.7453}, {""name"": ""Navagraha Temple"", ""lat"": 26.1749, ""lng"": 91.7789}, {""name"": ""Basistha Temple"", ""lat"": 26.1132, ""lng"": 91.797}, {""name"": ""En route to Basistha Temple"", ""lat"": 26.154333, ""lng"": 91.784933}, {""name"": ""En route to Basistha Temple"", ""lat"": 26.133767, ""lng"": 91.790967}, {""name"": ""En route to Ygdrasill Bamboo Resort, Cherrapunji (stay 3)"", ""lat"": 26.130824, ""lng"": 91.784564}, {""name"": ""En route to Ygdrasill Bamboo Resort, Cherrapunji (stay 3)"", ""lat"": 26.148447, ""lng"": 91.772128}, {""name"": ""En route to Kamakhya Temple"", ""lat"": 26.166181, ""lng"": 91.741628}, {""name"": ""En route to Kamakhya Temple"", ""lat"": 26.16629, ""lng"": 91.723564}, {""name"": ""En route to Umananda Island"", ""lat"": 26.1764, ""lng"": 91.718767}, {""name"": ""En route to Umananda Island"", ""lat"": 26.1864, ""lng"": 91.732033}, {""name"": ""En route to Navagraha Temple"", ""lat"": 26.18565, ""lng"": 91.7621}]","[{""name"": ""Nusrat Khan"", ""phone"": ""+880-7204210398"", ""relation"": ""family""}, {""name"": ""Jahid Hossain"", ""phone"": ""+880-7549980778"", ""relation"": ""spouse""}, {""name"": ""Diphlu River Lodge, Kaziranga Front Desk"", ""phone"": ""+91-7935423413"", ""relation"": ""hotel""}]",2026-08-01 06:15:00,2026-08-05 13:15:00,26.16643,91.760025,2026-08-05 06:34:15,79.5,1,active,2026-07-16 15:15:00,normal,Guwahati Pilgrimage Circuit
91,STS-ED81DE921E21,Simanta Bhattacharya,Indian,aadhaar,XXXX-XXXX-9631,+91-8277028228,"[{""name"": ""Ginger Guwahati (stay 1)"", ""lat"": 26.171701, ""lng"": 91.765802}, {""name"": ""Paltan Bazaar"", ""lat"": 26.1817, ""lng"": 91.7503}, {""name"": ""Pan Bazaar"", ""lat"": 26.1856, ""lng"": 91.7455}, {""name"": ""Uzan Bazar Ghat"", ""lat"": 26.19, ""lng"": 91.759}, {""name"": ""Srimanta Sankaradeva Kalakshetra"", ""lat"": 26.144, ""lng"": 91.8058}, {""name"": ""La Maison de Ananda, Majuli (stay 2)"", ""lat"": 26.16928, ""lng"": 91.565822}, {""name"": ""Sualkuchi Silk Village"", ""lat"": 26.1667, ""lng"": 91.5667}, {""name"": ""En route to Srimanta Sankaradeva Kalakshetra"", ""lat"": 26.174667, ""lng"": 91.7746}, {""name"": ""En route to Srimanta Sankaradeva Kalakshetra"", ""lat"": 26.159333, ""lng"": 91.7902}, {""name"": ""En route to Ginger Guwahati (stay 1)"", ""lat"": 26.153234, ""lng"": 91.792467}, {""name"": ""En route to Ginger Guwahati (stay 1)"", ""lat"": 26.162467, ""lng"": 91.779135}]","[{""name"": ""Simanta Dutta"", ""phone"": ""+91-6980077851"", ""relation"": ""family""}, {""name"": ""Bhaskar Rajkhowa"", ""phone"": ""+91-6087770920"", ""relation"": ""spouse""}]",2026-08-04 11:15:00,2026-08-09 01:15:00,26.169451,91.565749,2026-08-08 06:54:23,81.4,1,active,2026-07-26 17:15:00,normal,Guwahati Market & Heritage Walk
92,STS-4DEB33749D34,Daniel Johnson,American,passport,009236727,+1-4732596984,"[{""name"": ""La Maison de Ananda, Majuli (stay 1)"", ""lat"": 26.12153, ""lng"": 91.652168}, {""name"": ""Deepor Beel Wildlife Sanctuary"", ""lat"": 26.12, ""lng"": 91.65}, {""name"": ""Hotel Polo Towers, Shillong (stay 2)"", ""lat"": 26.179051, ""lng"": 91.783652}, {""name"": ""Assam State Zoo & Botanical Garden"", ""lat"": 26.178, ""lng"": 91.786}, {""name"": ""Hotel Dynasty, Lakhtokia (stay 3)"", ""lat"": 26.231321, ""lng"": 92.084914}, {""name"": ""Pobitora Wildlife Sanctuary"", ""lat"": 26.2333, ""lng"": 92.0833}]","[{""name"": ""Ethan Wilson"", ""phone"": ""+1-2009313909"", ""relation"": ""family""}, {""name"": ""Jessica Johnson"", ""phone"": ""+1-3528620212"", ""relation"": ""spouse""}]",2026-08-11 09:45:00,2026-08-16 23:45:00,26.231604,92.085153,2026-08-16 06:32:12,83.2,1,active,2026-08-05 14:45:00,inactivity,Guwahati Nature & Wildlife
93,STS-2A8AD278AABD,Simanta Nair,Indian,pan,TBLJU6338V,+91-7770529736,"[{""name"": ""Dolma Homestay, Tawang (stay 1)"", ""lat"": 26.153936, ""lng"": 91.783173}, {""name"": ""Six Mile"", ""lat"": 26.135, ""lng"": 91.805}, {""name"": ""Dispur Secretariat"", ""lat"": 26.142, ""lng"": 91.79}, {""name"": ""Ganeshguri Junction"", ""lat"": 26.147, ""lng"": 91.79}, {""name"": ""Guwahati Railway Station"", ""lat"": 26.1824, ""lng"": 91.7513}, {""name"": ""Ginger Guwahati (stay 2)"", ""lat"": 26.10847, ""lng"": 91.585058}, {""name"": ""LGB International Airport"", ""lat"": 26.1061, ""lng"": 91.5859}, {""name"": ""En route to Guwahati Railway Station"", ""lat"": 26.1588, ""lng"": 91.7771}, {""name"": ""En route to Guwahati Railway Station"", ""lat"": 26.1706, ""lng"": 91.7642}, {""name"": ""En route to Dolma Homestay, Tawang (stay 1)"", ""lat"": 26.168168, ""lng"": 91.767236}, {""name"": ""En route to Six Mile"", ""lat"": 26.144468, ""lng"": 91.794087}]","[{""name"": ""Arjun Phukan"", ""phone"": ""+91-6042624601"", ""relation"": ""family""}, {""name"": ""Anurag Kumar"", ""phone"": ""+91-9692842954"", ""relation"": ""spouse""}]",2026-08-29 08:15:00,2026-09-01 15:15:00,26.108562,91.58511,2026-09-01 06:53:23,81.2,1,active,2026-08-10 22:15:00,normal,Business / Transit Stay
94,STS-3A2D09CA8D11,Anjali Gogoi,Indian,aadhaar,XXXX-XXXX-2693,+91-8252914044,"[{""name"": ""Diphlu River Lodge, Kaziranga (stay 1)"", ""lat"": 26.753349, ""lng"": 94.20232}, {""name"": ""Jorhat"", ""lat"": 26.7509, ""lng"": 94.2037}, {""name"": ""Vivanta Guwahati (stay 2)"", ""lat"": 26.946989, ""lng"": 94.167226}, {""name"": ""Majuli River Island"", ""lat"": 26.95, ""lng"": 94.17}, {""name"": ""Diphlu River Lodge, Kaziranga (stay 3)"", ""lat"": 26.573655, ""lng"": 93.174127}, {""name"": ""Kaziranga National Park"", ""lat"": 26.5775, ""lng"": 93.1711}, {""name"": ""Hotel Polo Towers, Shillong (stay 4)"", ""lat"": 26.633358, ""lng"": 92.796582}, {""name"": ""Tezpur"", ""lat"": 26.6338, ""lng"": 92.8}]","[{""name"": ""Divya Hazarika"", ""phone"": ""+91-7004335647"", ""relation"": ""family""}, {""name"": ""Priya Sen"", ""phone"": ""+91-9135463122"", ""relation"": ""spouse""}]",2026-09-05 11:00:00,2026-09-11 20:00:00,26.753184,94.202233,2026-09-05 18:37:18,70.9,1,active,2026-08-15 08:00:00,normal,Upper Assam Wildlife Trail
95,STS-316FC4D3FF84,Tanvir Rahman,Bangladeshi,passport,BX6891119,+880-7309742735,"[{""name"": ""Hotel Nandan (stay 1)"", ""lat"": 26.180524, ""lng"": 91.742388}, {""name"": ""Umananda Island"", ""lat"": 26.1964, ""lng"": 91.7453}, {""name"": ""Navagraha Temple"", ""lat"": 26.1749, ""lng"": 91.7789}, {""name"": ""Kamakhya Temple"", ""lat"": 26.1664, ""lng"": 91.7055}, {""name"": ""Dolma Homestay, Tawang (stay 2)"", ""lat"": 26.247497, ""lng"": 91.518399}, {""name"": ""Hajo Pilgrimage Town"", ""lat"": 26.25, ""lng"": 91.5167}, {""name"": ""Hotel Polo Towers, Shillong (stay 3)"", ""lat"": 26.366343, ""lng"": 91.634246}, {""name"": ""Madan Kamdev Ruins"", ""lat"": 26.3667, ""lng"": 91.6333}, {""name"": ""En route to Kamakhya Temple"", ""lat"": 26.172067, ""lng"": 91.754433}, {""name"": ""En route to Kamakhya Temple"", ""lat"": 26.169233, ""lng"": 91.729967}, {""name"": ""En route to Navagraha Temple"", ""lat"": 26.18565, ""lng"": 91.7621}, {""name"": ""En route to Hotel Nandan (stay 1)"", ""lat"": 26.173462, ""lng"": 91.723944}]","[{""name"": ""Sabina Rahman"", ""phone"": ""+880-6881127257"", ""relation"": ""family""}]",2026-07-28 09:30:00,2026-08-02 21:30:00,26.366622,91.634582,2026-08-02 06:46:19,81.2,1,active,2026-07-14 19:30:00,device_fall,Guwahati Pilgrimage Circuit
96,STS-EDEBD4C74E67,Hemanta Medhi,Indian,aadhaar,XXXX-XXXX-6890,+91-9898852910,"[{""name"": ""Diphlu River Lodge, Kaziranga (stay 1)"", ""lat"": 26.176922, ""lng"": 91.761922}, {""name"": ""Fancy Bazaar"", ""lat"": 26.1836, ""lng"": 91.7434}, {""name"": ""Pan Bazaar"", ""lat"": 26.1856, ""lng"": 91.7455}, {""name"": ""Paltan Bazaar"", ""lat"": 26.1817, ""lng"": 91.7503}, {""name"": ""Srimanta Sankaradeva Kalakshetra"", ""lat"": 26.144, ""lng"": 91.8058}, {""name"": ""Hotel Polo Towers, Shillong (stay 2)"", ""lat"": 26.170232, ""lng"": 91.563984}, {""name"": ""Sualkuchi Silk Village"", ""lat"": 26.1667, ""lng"": 91.5667}, {""name"": ""En route to Srimanta Sankaradeva Kalakshetra"", ""lat"": 26.169133, ""lng"": 91.7688}, {""name"": ""En route to Srimanta Sankaradeva Kalakshetra"", ""lat"": 26.156567, ""lng"": 91.7873}, {""name"": ""En route to Diphlu River Lodge, Kaziranga (stay 1)"", ""lat"": 26.154974, ""lng"": 91.791174}, {""name"": ""En route to Diphlu River Lodge, Kaziranga (stay 1)"", ""lat"": 26.165948, ""lng"": 91.776548}]","[{""name"": ""Rohan Sharma"", ""phone"": ""+91-6973065102"", ""relation"": ""family""}, {""name"": ""Siddharth Ghosh"", ""phone"": ""+91-9619089177"", ""relation"": ""spouse""}, {""name"": ""Utpal Rajkhowa"", ""phone"": ""+91-9932381221"", ""relation"": ""colleague""}]",2026-09-02 05:15:00,2026-09-06 08:15:00,26.170016,91.564314,2026-09-05 18:36:02,74.2,0,active,2026-09-01 02:15:00,route_deviation,Guwahati Market & Heritage Walk
97,STS-9FB668B2AAB0,Rituparna Banerjee,Indian,aadhaar,XXXX-XXXX-7348,+91-7134298803,"[{""name"": ""Hotel Nandan (stay 1)"", ""lat"": 26.185496, ""lng"": 91.753299}, {""name"": ""Pan Bazaar"", ""lat"": 26.1856, ""lng"": 91.7455}, {""name"": ""Fancy Bazaar"", ""lat"": 26.1836, ""lng"": 91.7434}, {""name"": ""Paltan Bazaar"", ""lat"": 26.1817, ""lng"": 91.7503}, {""name"": ""Uzan Bazar Ghat"", ""lat"": 26.19, ""lng"": 91.759}]","[{""name"": ""Simanta Nair"", ""phone"": ""+91-8677504099"", ""relation"": ""family""}, {""name"": ""Vikram Reddy"", ""phone"": ""+91-8531873262"", ""relation"": ""spouse""}]",2026-09-08 08:15:00,2026-09-11 14:15:00,,,,100.0,1,active,2026-08-28 10:15:00,normal,Guwahati Market & Heritage Walk
98,STS-43C0ACE6E6ED,Junmoni Deka,Indian,aadhaar,XXXX-XXXX-1706,+91-9666795975,"[{""name"": ""Diphlu River Lodge, Kaziranga (stay 1)"", ""lat"": 26.190043, ""lng"": 91.747064}, {""name"": ""Pan Bazaar"", ""lat"": 26.1856, ""lng"": 91.7455}, {""name"": ""Assam State Museum"", ""lat"": 26.1857, ""lng"": 91.7481}, {""name"": ""Dighalipukhuri"", ""lat"": 26.1861, ""lng"": 91.7503}, {""name"": ""Brahmaputra Riverfront"", ""lat"": 26.1905, ""lng"": 91.748}, {""name"": ""Guwahati Planetarium"", ""lat"": 26.1856, ""lng"": 91.7625}]","[{""name"": ""Nikhil Rajkhowa"", ""phone"": ""+91-6768899916"", ""relation"": ""family""}, {""name"": ""Arjun Iyer"", ""phone"": ""+91-8696459291"", ""relation"": ""spouse""}, {""name"": ""Hotel Rajmahal Front Desk"", ""phone"": ""+91-6116834474"", ""relation"": ""hotel""}]",2026-07-27 09:45:00,2026-07-29 15:45:00,26.19004,91.74697,2026-07-29 06:43:54,81.0,0,active,2026-07-14 03:45:00,route_deviation,Guwahati City Break
99,STS-F594D244D439,Nabanita Deka,Indian,passport,Z1577236,+91-8319687289,"[{""name"": ""Ginger Guwahati (stay 1)"", ""lat"": 26.186556, ""lng"": 91.739314}, {""name"": ""Kamakhya Temple"", ""lat"": 26.1664, ""lng"": 91.7055}, {""name"": ""Pan Bazaar"", ""lat"": 26.1856, ""lng"": 91.7455}, {""name"": ""Dighalipukhuri"", ""lat"": 26.1861, ""lng"": 91.7503}, {""name"": ""Brahmaputra Riverfront"", ""lat"": 26.1905, ""lng"": 91.748}, {""name"": ""Guwahati Planetarium"", ""lat"": 26.1856, ""lng"": 91.7625}, {""name"": ""En route to Pan Bazaar"", ""lat"": 26.176, ""lng"": 91.7255}, {""name"": ""En route to Kamakhya Temple"", ""lat"": 26.176478, ""lng"": 91.722407}]","[{""name"": ""Tanvi Kalita"", ""phone"": ""+91-8307237427"", ""relation"": ""family""}, {""name"": ""Anjali Saikia"", ""phone"": ""+91-8747668357"", ""relation"": ""spouse""}, {""name"": ""Anurag Bhattacharya"", ""phone"": ""+91-7142455198"", ""relation"": ""spouse""}]",2026-09-03 08:00:00,2026-09-07 14:00:00,26.186796,91.739556,2026-09-05 18:08:16,73.3,1,active,2026-08-27 12:00:00,normal,Guwahati City Break
100,STS-8F0CB5310141,Logan Tremblay,Canadian,passport,HJ202653,+1-2670211301,"[{""name"": ""Ginger Guwahati (stay 1)"", ""lat"": 26.179161, ""lng"": 91.743513}, {""name"": ""Guwahati Planetarium"", ""lat"": 26.1856, ""lng"": 91.7625}, {""name"": ""Gandhi Mandap, Sarania Hill"", ""lat"": 26.175, ""lng"": 91.758}, {""name"": ""Nehru Park"", ""lat"": 26.1857, ""lng"": 91.7477}, {""name"": ""Fancy Bazaar"", ""lat"": 26.1836, ""lng"": 91.7434}, {""name"": ""Umananda Island"", ""lat"": 26.1964, ""lng"": 91.7453}, {""name"": ""Kamakhya Temple"", ""lat"": 26.1664, ""lng"": 91.7055}, {""name"": ""En route to Kamakhya Temple"", ""lat"": 26.1864, ""lng"": 91.732033}, {""name"": ""En route to Kamakhya Temple"", ""lat"": 26.1764, ""lng"": 91.718767}, {""name"": ""En route to Ginger Guwahati (stay 1)"", ""lat"": 26.172781, ""lng"": 91.724506}]","[{""name"": ""Ava Roy"", ""phone"": ""+1-9009207792"", ""relation"": ""family""}, {""name"": ""Maya Roy"", ""phone"": ""+1-6650910368"", ""relation"": ""spouse""}]",2026-08-27 06:30:00,2026-09-01 20:30:00,26.179448,91.743664,2026-09-01 06:42:19,81.2,1,active,2026-08-10 06:30:00,route_deviation,Guwahati City Break
101,STS-1CD36ACFE96A,Nabanita Bora,Indian,aadhaar,XXXX-XXXX-3147,+91-9778389850,"[{""name"": ""Hotel Dynasty, Lakhtokia (stay 1)"", ""lat"": 26.169398, ""lng"": 91.771222}, {""name"": ""Uzan Bazar Ghat"", ""lat"": 26.19, ""lng"": 91.759}, {""name"": ""Pan Bazaar"", ""lat"": 26.1856, ""lng"": 91.7455}, {""name"": ""Srimanta Sankaradeva Kalakshetra"", ""lat"": 26.144, ""lng"": 91.8058}, {""name"": ""Dolma Homestay, Tawang (stay 2)"", ""lat"": 26.170394, ""lng"": 91.563012}, {""name"": ""Sualkuchi Silk Village"", ""lat"": 26.1667, ""lng"": 91.5667}, {""name"": ""En route to Srimanta Sankaradeva Kalakshetra"", ""lat"": 26.1752, ""lng"": 91.760575}, {""name"": ""En route to Srimanta Sankaradeva Kalakshetra"", ""lat"": 26.1648, ""lng"": 91.77565}, {""name"": ""En route to Srimanta Sankaradeva Kalakshetra"", ""lat"": 26.1544, ""lng"": 91.790725}, {""name"": ""En route to Hotel Dynasty, Lakhtokia (stay 1)"", ""lat"": 26.156699, ""lng"": 91.788511}, {""name"": ""En route to Uzan Bazar Ghat"", ""lat"": 26.179699, ""lng"": 91.765111}]","[{""name"": ""Rahul Bhattacharya"", ""phone"": ""+91-8844519724"", ""relation"": ""family""}]",2026-07-24 08:00:00,2026-07-28 20:00:00,26.170068,91.562737,2026-07-28 06:47:28,83.7,1,active,2026-07-05 21:00:00,normal,Guwahati Market & Heritage Walk
102,STS-0EEC153201BF,Pooja Nath,Indian,aadhaar,XXXX-XXXX-5674,+91-7437497906,"[{""name"": ""Ygdrasill Bamboo Resort, Cherrapunji (stay 1)"", ""lat"": 26.189252, ""lng"": 91.746296}, {""name"": ""Brahmaputra Riverfront"", ""lat"": 26.1905, ""lng"": 91.748}, {""name"": ""Assam State Museum"", ""lat"": 26.1857, ""lng"": 91.7481}, {""name"": ""Umananda Island"", ""lat"": 26.1964, ""lng"": 91.7453}]","[{""name"": ""Sneha Saikia"", ""phone"": ""+91-8053955630"", ""relation"": ""family""}, {""name"": ""Anurag Deka"", ""phone"": ""+91-8511410861"", ""relation"": ""spouse""}, {""name"": ""Bornali Ghosh"", ""phone"": ""+91-6236866446"", ""relation"": ""embassy""}, {""name"": ""Mridula Iyer"", ""phone"": ""+91-6989365129"", ""relation"": ""family""}]",2026-07-25 09:30:00,2026-07-29 11:30:00,26.1896,91.745978,2026-07-29 06:58:08,80.3,1,active,2026-07-11 16:30:00,normal,Guwahati City Break
103,STS-498C3FE38585,Riya Iyer,Indian,aadhaar,XXXX-XXXX-3539,+91-9524275863,"[{""name"": ""Wild Mahseer, Balipara (stay 1)"", ""lat"": 26.140004, ""lng"": 91.797994}, {""name"": ""Dispur Secretariat"", ""lat"": 26.142, ""lng"": 91.79}, {""name"": ""Six Mile"", ""lat"": 26.135, ""lng"": 91.805}, {""name"": ""Diphlu River Lodge, Kaziranga (stay 2)"", ""lat"": 26.108549, ""lng"": 91.585075}, {""name"": ""LGB International Airport"", ""lat"": 26.1061, ""lng"": 91.5859}]","[{""name"": ""Kabir Das"", ""phone"": ""+91-6259568264"", ""relation"": ""family""}, {""name"": ""Manish Sen"", ""phone"": ""+91-6033110582"", ""relation"": ""spouse""}, {""name"": ""Anjali Nath"", ""phone"": ""+91-8687143984"", ""relation"": ""embassy""}]",2026-08-23 07:45:00,2026-08-24 20:45:00,26.139719,91.797952,2026-08-24 06:44:21,79.1,0,active,2026-08-05 05:45:00,normal,Business / Transit Stay
104,STS-384E669CEFFF,Utpal Rajkhowa,Indian,voterid,PWF4387610,+91-8895274674,"[{""name"": ""Hotel Dynasty, Lakhtokia (stay 1)"", ""lat"": 26.168643, ""lng"": 91.566455}, {""name"": ""Sualkuchi Silk Village"", ""lat"": 26.1667, ""lng"": 91.5667}, {""name"": ""Hotel Rajmahal (stay 2)"", ""lat"": 26.188879, ""lng"": 91.75213}, {""name"": ""Fancy Bazaar"", ""lat"": 26.1836, ""lng"": 91.7434}, {""name"": ""Pan Bazaar"", ""lat"": 26.1856, ""lng"": 91.7455}, {""name"": ""Uzan Bazar Ghat"", ""lat"": 26.19, ""lng"": 91.759}]","[{""name"": ""Rohan Medhi"", ""phone"": ""+91-8960280867"", ""relation"": ""family""}, {""name"": ""Nikhil Sharma"", ""phone"": ""+91-6157504224"", ""relation"": ""spouse""}]",2026-09-08 09:45:00,2026-09-11 13:45:00,,,,100.0,1,active,2026-08-18 01:45:00,geofence_intrusion,Guwahati Market & Heritage Walk
105,STS-6DBE43EA6599,Kabir Medhi,Indian,aadhaar,XXXX-XXXX-6211,+91-8953366533,"[{""name"": ""Vivanta Guwahati (stay 1)"", ""lat"": 26.630518, ""lng"": 92.800902}, {""name"": ""Tezpur"", ""lat"": 26.6338, ""lng"": 92.8}, {""name"": ""Wild Mahseer, Balipara (stay 2)"", ""lat"": 26.185607, ""lng"": 91.751581}, {""name"": ""Guwahati Railway Station"", ""lat"": 26.1824, ""lng"": 91.7513}, {""name"": ""Dolma Homestay, Tawang (stay 3)"", ""lat"": 27.582954, ""lng"": 91.857508}, {""name"": ""Tawang Monastery"", ""lat"": 27.5861, ""lng"": 91.8594}, {""name"": ""Kiranshree Portico (stay 4)"", ""lat"": 27.541774, ""lng"": 93.828343}, {""name"": ""Ziro Valley"", ""lat"": 27.5448, ""lng"": 93.832}]","[{""name"": ""Manish Nair"", ""phone"": ""+91-8206850021"", ""relation"": ""family""}, {""name"": ""Rohan Medhi"", ""phone"": ""+91-7495076223"", ""relation"": ""spouse""}]",2026-08-28 08:30:00,2026-09-09 11:30:00,27.541667,93.828077,2026-09-05 18:31:50,73.2,1,active,2026-08-17 15:30:00,normal,Arunachal High Himalaya
106,STS-4AED09484814,Nikhil Bora,Indian,aadhaar,XXXX-XXXX-1907,+91-9741241031,"[{""name"": ""Hotel Rajmahal (stay 1)"", ""lat"": 26.169658, ""lng"": 91.761372}, {""name"": ""Pan Bazaar"", ""lat"": 26.1856, ""lng"": 91.7455}, {""name"": ""Fancy Bazaar"", ""lat"": 26.1836, ""lng"": 91.7434}, {""name"": ""Srimanta Sankaradeva Kalakshetra"", ""lat"": 26.144, ""lng"": 91.8058}, {""name"": ""En route to Srimanta Sankaradeva Kalakshetra"", ""lat"": 26.1737, ""lng"": 91.759}, {""name"": ""En route to Srimanta Sankaradeva Kalakshetra"", ""lat"": 26.1638, ""lng"": 91.7746}, {""name"": ""En route to Srimanta Sankaradeva Kalakshetra"", ""lat"": 26.1539, ""lng"": 91.7902}, {""name"": ""En route to Hotel Rajmahal (stay 1)"", ""lat"": 26.152553, ""lng"": 91.790991}, {""name"": ""En route to Hotel Rajmahal (stay 1)"", ""lat"": 26.161105, ""lng"": 91.776181}]","[{""name"": ""Riya Dutta"", ""phone"": ""+91-7143148025"", ""relation"": ""family""}]",2026-08-12 09:00:00,2026-08-14 17:00:00,26.169782,91.761651,2026-08-14 06:56:52,80.5,1,sos,2026-08-09 05:00:00,sos_panic,Guwahati Market & Heritage Walk
107,STS-653653D6D82B,Jayanta Kalita,Indian,aadhaar,XXXX-XXXX-1970,+91-9311581585,"[{""name"": ""Wild Mahseer, Balipara (stay 1)"", ""lat"": 27.587821, ""lng"": 91.858849}, {""name"": ""Tawang Monastery"", ""lat"": 27.5861, ""lng"": 91.8594}, {""name"": ""Brahmaputra Jungle Resort (stay 2)"", ""lat"": 26.634948, ""lng"": 92.801674}, {""name"": ""Tezpur"", ""lat"": 26.6338, ""lng"": 92.8}, {""name"": ""Ginger Guwahati (stay 3)"", ""lat"": 26.184559, ""lng"": 91.755039}, {""name"": ""Guwahati Railway Station"", ""lat"": 26.1824, ""lng"": 91.7513}, {""name"": ""Novotel Guwahati GS Road (stay 4)"", ""lat"": 27.541087, ""lng"": 93.831435}, {""name"": ""Ziro Valley"", ""lat"": 27.5448, ""lng"": 93.832}]","[{""name"": ""Arjun Kalita"", ""phone"": ""+91-9668652716"", ""relation"": ""family""}, {""name"": ""Ishita Banerjee"", ""phone"": ""+91-7176420440"", ""relation"": ""spouse""}]",2026-09-09 05:00:00,2026-09-22 07:00:00,,,,100.0,1,active,2026-09-02 12:00:00,normal,Arunachal High Himalaya
108,STS-F7B2094394A3,Amelia Taylor,British,passport,008440591,+44-3233046572,"[{""name"": ""Vivanta Guwahati (stay 1)"", ""lat"": 25.576978, ""lng"": 91.893795}, {""name"": ""Shillong"", ""lat"": 25.5788, ""lng"": 91.8933}, {""name"": ""Wild Mahseer, Balipara (stay 2)"", ""lat"": 26.105719, ""lng"": 91.584401}, {""name"": ""LGB International Airport"", ""lat"": 26.1061, ""lng"": 91.5859}, {""name"": ""Vivanta Guwahati (stay 3)"", ""lat"": 25.677346, ""lng"": 94.111635}, {""name"": ""Kohima"", ""lat"": 25.6751, ""lng"": 94.1086}, {""name"": ""Wild Mahseer, Balipara (stay 4)"", ""lat"": 24.813285, ""lng"": 93.933693}, {""name"": ""Imphal"", ""lat"": 24.817, ""lng"": 93.9368}]","[{""name"": ""Grace Green"", ""phone"": ""+44-1443045474"", ""relation"": ""family""}, {""name"": ""Harry Green"", ""phone"": ""+44-4286452082"", ""relation"": ""spouse""}, {""name"": ""Charlotte Wright"", ""phone"": ""+44-4232694273"", ""relation"": ""spouse""}]",2026-09-05 09:15:00,2026-09-21 15:15:00,25.576585,91.893566,2026-09-05 18:28:35,71.1,1,active,2026-08-28 05:15:00,normal,Seven Sisters Grand Tour
109,STS-015B3F81C38A,Anjali Saikia,Indian,aadhaar,XXXX-XXXX-6680,+91-9968134958,"[{""name"": ""Ygdrasill Bamboo Resort, Cherrapunji (stay 1)"", ""lat"": 26.186438, ""lng"": 91.748132}, {""name"": ""Nehru Park"", ""lat"": 26.1857, ""lng"": 91.7477}, {""name"": ""Pan Bazaar"", ""lat"": 26.1856, ""lng"": 91.7455}, {""name"": ""Guwahati Planetarium"", ""lat"": 26.1856, ""lng"": 91.7625}]","[{""name"": ""Rahul Phukan"", ""phone"": ""+91-7979159812"", ""relation"": ""family""}, {""name"": ""Manish Sen"", ""phone"": ""+91-6158213307"", ""relation"": ""spouse""}]",2026-08-13 07:45:00,2026-08-16 15:45:00,26.186534,91.748445,2026-08-16 07:00:07,79.1,0,active,2026-08-03 11:45:00,normal,Guwahati City Break
110,STS-C4C2FDCE0E57,Mridula Banerjee,Indian,aadhaar,XXXX-XXXX-5666,+91-8048434362,"[{""name"": ""Hotel Dynasty, Lakhtokia (stay 1)"", ""lat"": 26.151734, ""lng"": 91.780996}, {""name"": ""Dispur Secretariat"", ""lat"": 26.142, ""lng"": 91.79}, {""name"": ""Ganeshguri Junction"", ""lat"": 26.147, ""lng"": 91.79}, {""name"": ""Six Mile"", ""lat"": 26.135, ""lng"": 91.805}, {""name"": ""Guwahati Railway Station"", ""lat"": 26.1824, ""lng"": 91.7513}, {""name"": ""En route to Guwahati Railway Station"", ""lat"": 26.14685, ""lng"": 91.791575}, {""name"": ""En route to Guwahati Railway Station"", ""lat"": 26.1587, ""lng"": 91.77815}, {""name"": ""En route to Guwahati Railway Station"", ""lat"": 26.17055, ""lng"": 91.764725}, {""name"": ""En route to Hotel Dynasty, Lakhtokia (stay 1)"", ""lat"": 26.167067, ""lng"": 91.766148}]","[{""name"": ""Bhaskar Deka"", ""phone"": ""+91-7100656212"", ""relation"": ""family""}, {""name"": ""Ananya Kalita"", ""phone"": ""+91-8096616687"", ""relation"": ""spouse""}, {""name"": ""Rupam Barua"", ""phone"": ""+91-7894779313"", ""relation"": ""family""}, {""name"": ""Bornali Phukan"", ""phone"": ""+91-9714370629"", ""relation"": ""spouse""}]",2026-08-30 11:45:00,2026-09-02 00:45:00,26.15162,91.781322,2026-09-01 06:51:27,80.6,1,active,2026-08-09 01:45:00,geofence_intrusion,Business / Transit Stay
111,STS-B9D33718E0D5,Bhaskar Banerjee,Indian,aadhaar,XXXX-XXXX-8665,+91-7695178030,"[{""name"": ""Hotel Nandan (stay 1)"", ""lat"": 26.188, ""lng"": 91.745807}, {""name"": ""Fancy Bazaar"", ""lat"": 26.1836, ""lng"": 91.7434}, {""name"": ""Brahmaputra Riverfront"", ""lat"": 26.1905, ""lng"": 91.748}, {""name"": ""Umananda Island"", ""lat"": 26.1964, ""lng"": 91.7453}, {""name"": ""Gandhi Mandap, Sarania Hill"", ""lat"": 26.175, ""lng"": 91.758}, {""name"": ""En route to Gandhi Mandap, Sarania Hill"", ""lat"": 26.1857, ""lng"": 91.75165}]","[{""name"": ""Bhaskar Bhattacharya"", ""phone"": ""+91-8554438298"", ""relation"": ""family""}, {""name"": ""Riya Verma"", ""phone"": ""+91-7506041183"", ""relation"": ""spouse""}, {""name"": ""Anurag Nair"", ""phone"": ""+91-9821069852"", ""relation"": ""friend""}]",2026-08-10 05:15:00,2026-08-12 13:15:00,26.18782,91.745483,2026-08-12 06:44:37,81.9,0,active,2026-07-25 13:15:00,normal,Guwahati City Break
112,STS-37008B312774,Mahmuda Sarkar,Bangladeshi,passport,BX8636649,+880-2484538522,"[{""name"": ""Ygdrasill Bamboo Resort, Cherrapunji (stay 1)"", ""lat"": 25.5788, ""lng"": 91.891354}, {""name"": ""Shillong"", ""lat"": 25.5788, ""lng"": 91.8933}, {""name"": ""Radisson Blu Guwahati (stay 2)"", ""lat"": 25.272354, ""lng"": 91.68756}, {""name"": ""Nohkalikai Falls"", ""lat"": 25.276, ""lng"": 91.6857}, {""name"": ""Ginger Guwahati (stay 3)"", ""lat"": 25.193081, ""lng"": 92.016943}, {""name"": ""Dawki / Umngot River"", ""lat"": 25.19, ""lng"": 92.02}]","[{""name"": ""Rumana Hossain"", ""phone"": ""+880-2749118451"", ""relation"": ""family""}, {""name"": ""Mahmuda Rahman"", ""phone"": ""+880-9816133599"", ""relation"": ""spouse""}]",2026-07-26 10:45:00,2026-08-02 16:45:00,25.192866,92.017039,2026-08-02 06:45:58,39.9,1,active,2026-07-19 16:45:00,high_speed_transit,Meghalaya Loop
113,STS-C2D918E038AC,Utpal Singh,Indian,aadhaar,XXXX-XXXX-6020,+91-9064915128,"[{""name"": ""Brahmaputra Jungle Resort (stay 1)"", ""lat"": 25.614523, ""lng"": 91.894454}, {""name"": ""Shillong"", ""lat"": 25.5788, ""lng"": 91.8933}, {""name"": ""Umiam Lake"", ""lat"": 25.657, ""lng"": 91.889}, {""name"": ""Hotel Polo Towers, Shillong (stay 2)"", ""lat"": 25.244433, ""lng"": 91.711619}, {""name"": ""Living Root Bridge, Nongriat"", ""lat"": 25.247, ""lng"": 91.715}, {""name"": ""Novotel Guwahati GS Road (stay 3)"", ""lat"": 25.198844, ""lng"": 91.968989}, {""name"": ""Mawlynnong Village"", ""lat"": 25.2, ""lng"": 91.9167}, {""name"": ""Dawki / Umngot River"", ""lat"": 25.19, ""lng"": 92.02}, {""name"": ""En route to Dawki / Umngot River"", ""lat"": 25.198, ""lng"": 91.93736}, {""name"": ""En route to Dawki / Umngot River"", ""lat"": 25.196, ""lng"": 91.95802}, {""name"": ""En route to Dawki / Umngot River"", ""lat"": 25.194, ""lng"": 91.97868}, {""name"": ""En route to Dawki / Umngot River"", ""lat"": 25.192, ""lng"": 91.99934}, {""name"": ""En route to Umiam Lake"", ""lat"": 25.59835, ""lng"": 91.892225}, {""name"": ""En route to Umiam Lake"", ""lat"": 25.6179, ""lng"": 91.89115}, {""name"": ""En route to Umiam Lake"", ""lat"": 25.63745, ""lng"": 91.890075}, {""name"": ""En route to Mawlynnong Village"", ""lat"": 25.199229, ""lng"": 91.951559}, {""name"": ""En route to Mawlynnong Village"", ""lat"": 25.199615, ""lng"": 91.93413}, {""name"": ""En route to Novotel Guwahati GS Road (stay 3)"", ""lat"": 25.192948, ""lng"": 92.002996}, {""name"": ""En route to Novotel Guwahati GS Road (stay 3)"", ""lat"": 25.195896, ""lng"": 91.985993}, {""name"": ""En route to Brahmaputra Jungle Resort (stay 1)"", ""lat"": 25.635762, ""lng"": 91.891727}, {""name"": ""En route to Shillong"", ""lat"": 25.596661, ""lng"": 91.893877}]","[{""name"": ""Kabir Sharma"", ""phone"": ""+91-8622924819"", ""relation"": ""family""}, {""name"": ""Rupam Singh"", ""phone"": ""+91-6916382100"", ""relation"": ""spouse""}, {""name"": ""Chandana Nair"", ""phone"": ""+91-8736771741"", ""relation"": ""parent""}, {""name"": ""Hemanta Das"", ""phone"": ""+91-8796699569"", ""relation"": ""colleague""}]",2026-09-04 07:15:00,2026-09-11 19:15:00,25.244332,91.71132,2026-09-05 18:16:19,71.5,0,active,2026-08-20 03:15:00,route_deviation,Meghalaya Loop
114,STS-18873FCF1C44,Pranjal Barua,Indian,pan,VEXJW5691E,+91-6282578626,"[{""name"": ""Vivanta Guwahati (stay 1)"", ""lat"": 26.105192, ""lng"": 91.622351}, {""name"": ""Accoland Water Park"", ""lat"": 26.09, ""lng"": 91.59}, {""name"": ""Deepor Beel Wildlife Sanctuary"", ""lat"": 26.12, ""lng"": 91.65}, {""name"": ""Ri Kynjai, Umiam (stay 2)"", ""lat"": 26.178529, ""lng"": 91.786958}, {""name"": ""Assam State Zoo & Botanical Garden"", ""lat"": 26.178, ""lng"": 91.786}, {""name"": ""Vivanta Guwahati (stay 3)"", ""lat"": 26.229481, ""lng"": 92.082825}, {""name"": ""Pobitora Wildlife Sanctuary"", ""lat"": 26.2333, ""lng"": 92.0833}, {""name"": ""Hotel Polo Towers, Shillong (stay 4)"", ""lat"": 25.934967, ""lng"": 91.434834}, {""name"": ""Chandubi Lake"", ""lat"": 25.9333, ""lng"": 91.4333}, {""name"": ""En route to Deepor Beel Wildlife Sanctuary"", ""lat"": 26.1, ""lng"": 91.61}, {""name"": ""En route to Deepor Beel Wildlife Sanctuary"", ""lat"": 26.11, ""lng"": 91.63}, {""name"": ""En route to Accoland Water Park"", ""lat"": 26.097596, ""lng"": 91.606176}, {""name"": ""En route to Vivanta Guwahati (stay 1)"", ""lat"": 26.112596, ""lng"": 91.636176}]","[{""name"": ""Kavya Reddy"", ""phone"": ""+91-7707334162"", ""relation"": ""family""}, {""name"": ""Rupam Nair"", ""phone"": ""+91-8741377348"", ""relation"": ""spouse""}, {""name"": ""Rituparna Nair"", ""phone"": ""+91-8438314147"", ""relation"": ""family""}, {""name"": ""Junmoni Deka"", ""phone"": ""+91-6035185554"", ""relation"": ""parent""}]",2026-07-24 07:00:00,2026-07-28 10:00:00,25.935156,91.434482,2026-07-28 06:53:41,78.8,1,active,2026-07-05 07:00:00,normal,Guwahati Nature & Wildlife
115,STS-3EE8EF5595EC,Mridula Reddy,Indian,aadhaar,XXXX-XXXX-6384,+91-6476304627,"[{""name"": ""Radisson Blu Guwahati (stay 1)"", ""lat"": 26.181054, ""lng"": 91.734651}, {""name"": ""Kamakhya Temple"", ""lat"": 26.1664, ""lng"": 91.7055}, {""name"": ""Fancy Bazaar"", ""lat"": 26.1836, ""lng"": 91.7434}, {""name"": ""Nehru Park"", ""lat"": 26.1857, ""lng"": 91.7477}, {""name"": ""Dighalipukhuri"", ""lat"": 26.1861, ""lng"": 91.7503}, {""name"": ""Umananda Island"", ""lat"": 26.1964, ""lng"": 91.7453}, {""name"": ""En route to Fancy Bazaar"", ""lat"": 26.175, ""lng"": 91.72445}, {""name"": ""En route to Kamakhya Temple"", ""lat"": 26.173727, ""lng"": 91.720076}]","[{""name"": ""Nikhil Ghosh"", ""phone"": ""+91-9594486759"", ""relation"": ""family""}, {""name"": ""Chandana Ghosh"", ""phone"": ""+91-6150247173"", ""relation"": ""spouse""}]",2026-08-15 06:15:00,2026-08-18 19:15:00,26.181389,91.73452,2026-08-18 06:41:24,80.9,1,active,2026-08-03 16:15:00,normal,Guwahati City Break
116,STS-DE61854FD94B,Bornali Iyer,Indian,passport,Z4450681,+91-7124753571,"[{""name"": ""Brahmaputra Jungle Resort (stay 1)"", ""lat"": 26.176364, ""lng"": 91.784578}, {""name"": ""Assam State Zoo & Botanical Garden"", ""lat"": 26.178, ""lng"": 91.786}, {""name"": ""Hotel Rajmahal (stay 2)"", ""lat"": 26.108555, ""lng"": 91.622087}, {""name"": ""Deepor Beel Wildlife Sanctuary"", ""lat"": 26.12, ""lng"": 91.65}, {""name"": ""Accoland Water Park"", ""lat"": 26.09, ""lng"": 91.59}, {""name"": ""Ri Kynjai, Umiam (stay 3)"", ""lat"": 25.931932, ""lng"": 91.433661}, {""name"": ""Chandubi Lake"", ""lat"": 25.9333, ""lng"": 91.4333}, {""name"": ""Ri Kynjai, Umiam (stay 4)"", ""lat"": 26.233543, ""lng"": 92.086578}, {""name"": ""Pobitora Wildlife Sanctuary"", ""lat"": 26.2333, ""lng"": 92.0833}, {""name"": ""En route to Accoland Water Park"", ""lat"": 26.11, ""lng"": 91.63}, {""name"": ""En route to Accoland Water Park"", ""lat"": 26.1, ""lng"": 91.61}, {""name"": ""En route to Hotel Rajmahal (stay 2)"", ""lat"": 26.099277, ""lng"": 91.606043}, {""name"": ""En route to Deepor Beel Wildlife Sanctuary"", ""lat"": 26.114278, ""lng"": 91.636043}]","[{""name"": ""Aditya Sen"", ""phone"": ""+91-6348198877"", ""relation"": ""family""}, {""name"": ""Utpal Ghosh"", ""phone"": ""+91-8159553952"", ""relation"": ""spouse""}]",2026-08-05 07:15:00,2026-08-08 20:15:00,25.93221,91.433938,2026-08-08 06:55:49,80.6,1,active,2026-07-24 21:15:00,normal,Guwahati Nature & Wildlife
117,STS-4A379E65F430,Vikram Dutta,Indian,aadhaar,XXXX-XXXX-6687,+91-7248431693,"[{""name"": ""Diphlu River Lodge, Kaziranga (stay 1)"", ""lat"": 26.631173, ""lng"": 92.801917}, {""name"": ""Tezpur"", ""lat"": 26.6338, ""lng"": 92.8}, {""name"": ""Hotel Dynasty, Lakhtokia (stay 2)"", ""lat"": 26.185975, ""lng"": 91.752822}, {""name"": ""Guwahati Railway Station"", ""lat"": 26.1824, ""lng"": 91.7513}, {""name"": ""Radisson Blu Guwahati (stay 3)"", ""lat"": 27.588892, ""lng"": 91.858032}, {""name"": ""Tawang Monastery"", ""lat"": 27.5861, ""lng"": 91.8594}, {""name"": ""Ygdrasill Bamboo Resort, Cherrapunji (stay 4)"", ""lat"": 27.544652, ""lng"": 93.828179}, {""name"": ""Ziro Valley"", ""lat"": 27.5448, ""lng"": 93.832}]","[{""name"": ""Junmoni Saikia"", ""phone"": ""+91-9790817290"", ""relation"": ""family""}, {""name"": ""Parag Mishra"", ""phone"": ""+91-6000579203"", ""relation"": ""spouse""}]",2026-08-14 06:45:00,2026-08-21 14:45:00,27.544278,93.827893,2026-08-21 07:03:16,81.6,1,active,2026-07-26 10:45:00,normal,Arunachal High Himalaya
118,STS-5BDC52A66AC7,Chandana Gogoi,Indian,voterid,PCB7245464,+91-7577228801,"[{""name"": ""Hotel Polo Towers, Shillong (stay 1)"", ""lat"": 26.231325, ""lng"": 92.086894}, {""name"": ""Pobitora Wildlife Sanctuary"", ""lat"": 26.2333, ""lng"": 92.0833}, {""name"": ""Brahmaputra Jungle Resort (stay 2)"", ""lat"": 26.177864, ""lng"": 91.787749}, {""name"": ""Assam State Zoo & Botanical Garden"", ""lat"": 26.178, ""lng"": 91.786}, {""name"": ""Kiranshree Portico (stay 3)"", ""lat"": 26.104748, ""lng"": 91.62071}, {""name"": ""Deepor Beel Wildlife Sanctuary"", ""lat"": 26.12, ""lng"": 91.65}, {""name"": ""Accoland Water Park"", ""lat"": 26.09, ""lng"": 91.59}, {""name"": ""En route to Accoland Water Park"", ""lat"": 26.11, ""lng"": 91.63}, {""name"": ""En route to Accoland Water Park"", ""lat"": 26.1, ""lng"": 91.61}, {""name"": ""En route to Kiranshree Portico (stay 3)"", ""lat"": 26.097374, ""lng"": 91.605355}, {""name"": ""En route to Deepor Beel Wildlife Sanctuary"", ""lat"": 26.112374, ""lng"": 91.635355}]","[{""name"": ""Pranjal Nair"", ""phone"": ""+91-8377773096"", ""relation"": ""family""}, {""name"": ""Bornali Gogoi"", ""phone"": ""+91-9184025295"", ""relation"": ""spouse""}, {""name"": ""Arjun Choudhury"", ""phone"": ""+91-7597211895"", ""relation"": ""tour_operator""}, {""name"": ""Hemanta Baishya"", ""phone"": ""+91-7945160917"", ""relation"": ""colleague""}]",2026-08-22 09:15:00,2026-08-24 21:15:00,26.177729,91.787824,2026-08-24 06:45:09,79.1,0,active,2026-08-11 09:15:00,normal,Guwahati Nature & Wildlife
119,STS-D36A823CA479,Ishita Gogoi,Indian,pan,WZJQE9880B,+91-8908811281,"[{""name"": ""Wild Mahseer, Balipara (stay 1)"", ""lat"": 26.632594, ""lng"": 92.796797}, {""name"": ""Tezpur"", ""lat"": 26.6338, ""lng"": 92.8}, {""name"": ""Ri Kynjai, Umiam (stay 2)"", ""lat"": 26.184803, ""lng"": 91.754883}, {""name"": ""Guwahati Railway Station"", ""lat"": 26.1824, ""lng"": 91.7513}, {""name"": ""Novotel Guwahati GS Road (stay 3)"", ""lat"": 27.58612, ""lng"": 91.858832}, {""name"": ""Tawang Monastery"", ""lat"": 27.5861, ""lng"": 91.8594}, {""name"": ""Ri Kynjai, Umiam (stay 4)"", ""lat"": 27.545516, ""lng"": 93.830474}, {""name"": ""Ziro Valley"", ""lat"": 27.5448, ""lng"": 93.832}]","[{""name"": ""Riya Ghosh"", ""phone"": ""+91-6347260720"", ""relation"": ""family""}, {""name"": ""Anjali Ghosh"", ""phone"": ""+91-9221734712"", ""relation"": ""spouse""}]",2026-08-15 06:30:00,2026-08-27 17:30:00,27.545626,93.830734,2026-08-27 06:33:36,80.7,1,sos,2026-07-25 10:30:00,sos_panic,Arunachal High Himalaya
120,STS-C5E67EFEF418,Sarah Smith,American,passport,699939200,+1-4665577816,"[{""name"": ""Hotel Dynasty, Lakhtokia (stay 1)"", ""lat"": 26.16188, ""lng"": 91.760638}, {""name"": ""Navagraha Temple"", ""lat"": 26.1749, ""lng"": 91.7789}, {""name"": ""Umananda Island"", ""lat"": 26.1964, ""lng"": 91.7453}, {""name"": ""Kamakhya Temple"", ""lat"": 26.1664, ""lng"": 91.7055}, {""name"": ""Basistha Temple"", ""lat"": 26.1132, ""lng"": 91.797}, {""name"": ""Ginger Guwahati (stay 2)"", ""lat"": 26.252939, ""lng"": 91.520201}, {""name"": ""Hajo Pilgrimage Town"", ""lat"": 26.25, ""lng"": 91.5167}, {""name"": ""La Maison de Ananda, Majuli (stay 3)"", ""lat"": 26.368527, ""lng"": 91.631691}, {""name"": ""Madan Kamdev Ruins"", ""lat"": 26.3667, ""lng"": 91.6333}, {""name"": ""En route to Basistha Temple"", ""lat"": 26.15576, ""lng"": 91.7238}, {""name"": ""En route to Basistha Temple"", ""lat"": 26.14512, ""lng"": 91.7421}, {""name"": ""En route to Basistha Temple"", ""lat"": 26.13448, ""lng"": 91.7604}, {""name"": ""En route to Basistha Temple"", ""lat"": 26.12384, ""lng"": 91.7787}, {""name"": ""En route to Hotel Dynasty, Lakhtokia (stay 1)"", ""lat"": 26.129427, ""lng"": 91.784879}, {""name"": ""En route to Hotel Dynasty, Lakhtokia (stay 1)"", ""lat"": 26.145653, ""lng"": 91.772759}, {""name"": ""En route to Kamakhya Temple"", ""lat"": 26.1864, ""lng"": 91.732033}, {""name"": ""En route to Kamakhya Temple"", ""lat"": 26.1764, ""lng"": 91.718767}, {""name"": ""En route to Umananda Island"", ""lat"": 26.18565, ""lng"": 91.7621}]","[{""name"": ""Ashley Davis"", ""phone"": ""+1-9715578236"", ""relation"": ""family""}, {""name"": ""Ethan Miller"", ""phone"": ""+1-9044301765"", ""relation"": ""spouse""}]",2026-09-04 06:30:00,2026-09-07 11:30:00,26.252951,91.52055,2026-09-05 18:22:38,72.7,0,active,2026-08-26 19:30:00,inactivity,Guwahati Pilgrimage Circuit
121,STS-A96920D2BAF7,Nikhil Bora,Indian,aadhaar,XXXX-XXXX-7896,+91-8008837497,"[{""name"": ""Hotel Nandan (stay 1)"", ""lat"": 26.186061, ""lng"": 91.750104}, {""name"": ""Guwahati Railway Station"", ""lat"": 26.1824, ""lng"": 91.7513}, {""name"": ""Hotel Rajmahal (stay 2)"", ""lat"": 25.615006, ""lng"": 91.890931}, {""name"": ""Umiam Lake"", ""lat"": 25.657, ""lng"": 91.889}, {""name"": ""Shillong"", ""lat"": 25.5788, ""lng"": 91.8933}, {""name"": ""Dolma Homestay, Tawang (stay 3)"", ""lat"": 25.249067, ""lng"": 91.717082}, {""name"": ""Living Root Bridge, Nongriat"", ""lat"": 25.247, ""lng"": 91.715}, {""name"": ""Kiranshree Portico (stay 4)"", ""lat"": 25.197914, ""lng"": 91.964811}, {""name"": ""Mawlynnong Village"", ""lat"": 25.2, ""lng"": 91.9167}, {""name"": ""Dawki / Umngot River"", ""lat"": 25.19, ""lng"": 92.02}, {""name"": ""En route to Dawki / Umngot River"", ""lat"": 25.198, ""lng"": 91.93736}, {""name"": ""En route to Dawki / Umngot River"", ""lat"": 25.196, ""lng"": 91.95802}, {""name"": ""En route to Dawki / Umngot River"", ""lat"": 25.194, ""lng"": 91.97868}, {""name"": ""En route to Dawki / Umngot River"", ""lat"": 25.192, ""lng"": 91.99934}, {""name"": ""En route to Shillong"", ""lat"": 25.63745, ""lng"": 91.890075}, {""name"": ""En route to Shillong"", ""lat"": 25.6179, ""lng"": 91.89115}, {""name"": ""En route to Shillong"", ""lat"": 25.59835, ""lng"": 91.892225}, {""name"": ""En route to Kiranshree Portico (stay 4)"", ""lat"": 25.192638, ""lng"": 92.001604}, {""name"": ""En route to Kiranshree Portico (stay 4)"", ""lat"": 25.195276, ""lng"": 91.983207}, {""name"": ""En route to Mawlynnong Village"", ""lat"": 25.198957, ""lng"": 91.940755}, {""name"": ""En route to Umiam Lake"", ""lat"": 25.636003, ""lng"": 91.889965}, {""name"": ""En route to Hotel Rajmahal (stay 2)"", ""lat"": 25.596903, ""lng"": 91.892115}]","[{""name"": ""Debojit Patel"", ""phone"": ""+91-7656890995"", ""relation"": ""family""}, {""name"": ""Gitanjali Sen"", ""phone"": ""+91-6879206057"", ""relation"": ""spouse""}, {""name"": ""Nabanita Sen"", ""phone"": ""+91-9402006755"", ""relation"": ""colleague""}]",2026-08-06 10:15:00,2026-08-11 16:15:00,25.19791,91.964882,2026-08-11 06:41:55,82.3,1,active,2026-07-31 02:15:00,normal,Meghalaya Loop
122,STS-81BD3EDC794B,Rituparna Iyer,Indian,voterid,ZQG6242360,+91-7850998793,"[{""name"": ""Novotel Guwahati GS Road (stay 1)"", ""lat"": 26.179176, ""lng"": 91.728802}, {""name"": ""Umananda Island"", ""lat"": 26.1964, ""lng"": 91.7453}, {""name"": ""Kamakhya Temple"", ""lat"": 26.1664, ""lng"": 91.7055}, {""name"": ""Hotel Dynasty, Lakhtokia (stay 2)"", ""lat"": 26.36837, ""lng"": 91.632992}, {""name"": ""Madan Kamdev Ruins"", ""lat"": 26.3667, ""lng"": 91.6333}, {""name"": ""En route to Kamakhya Temple"", ""lat"": 26.1864, ""lng"": 91.732033}, {""name"": ""En route to Kamakhya Temple"", ""lat"": 26.1764, ""lng"": 91.718767}, {""name"": ""En route to Novotel Guwahati GS Road (stay 1)"", ""lat"": 26.172788, ""lng"": 91.717151}, {""name"": ""En route to Umananda Island"", ""lat"": 26.187788, ""lng"": 91.737051}]","[{""name"": ""Nikhil Baishya"", ""phone"": ""+91-6884578293"", ""relation"": ""family""}, {""name"": ""Rahul Hazarika"", ""phone"": ""+91-9460083860"", ""relation"": ""spouse""}, {""name"": ""Mridula Hazarika"", ""phone"": ""+91-6648005938"", ""relation"": ""employer""}, {""name"": ""Jayanta Kalita"", ""phone"": ""+91-8159841424"", ""relation"": ""sibling""}]",2026-08-29 11:45:00,2026-09-04 20:45:00,26.368755,91.632637,2026-09-04 06:56:40,79.5,0,active,2026-08-17 02:45:00,geofence_intrusion,Guwahati Pilgrimage Circuit
123,STS-F4758131B4D3,Junmoni Kumar,Indian,aadhaar,XXXX-XXXX-5276,+91-9286141868,"[{""name"": ""Hotel Polo Towers, Shillong (stay 1)"", ""lat"": 26.155031, ""lng"": 91.762076}, {""name"": ""Basistha Temple"", ""lat"": 26.1132, ""lng"": 91.797}, {""name"": ""Navagraha Temple"", ""lat"": 26.1749, ""lng"": 91.7789}, {""name"": ""Kamakhya Temple"", ""lat"": 26.1664, ""lng"": 91.7055}, {""name"": ""Wild Mahseer, Balipara (stay 2)"", ""lat"": 26.364349, ""lng"": 91.632991}, {""name"": ""Madan Kamdev Ruins"", ""lat"": 26.3667, ""lng"": 91.6333}, {""name"": ""En route to Kamakhya Temple"", ""lat"": 26.172067, ""lng"": 91.754433}, {""name"": ""En route to Kamakhya Temple"", ""lat"": 26.169233, ""lng"": 91.729967}, {""name"": ""En route to Navagraha Temple"", ""lat"": 26.133767, ""lng"": 91.790967}, {""name"": ""En route to Navagraha Temple"", ""lat"": 26.154333, ""lng"": 91.784933}, {""name"": ""En route to Basistha Temple"", ""lat"": 26.141087, ""lng"": 91.773717}, {""name"": ""En route to Basistha Temple"", ""lat"": 26.127144, ""lng"": 91.785359}, {""name"": ""En route to Hotel Polo Towers, Shillong (stay 1)"", ""lat"": 26.16261, ""lng"": 91.724359}, {""name"": ""En route to Hotel Polo Towers, Shillong (stay 1)"", ""lat"": 26.158821, ""lng"": 91.743217}]","[{""name"": ""Pranjal Mishra"", ""phone"": ""+91-6879141947"", ""relation"": ""family""}, {""name"": ""Utpal Rajkhowa"", ""phone"": ""+91-8412687578"", ""relation"": ""spouse""}, {""name"": ""Kabir Mishra"", ""phone"": ""+91-7378327410"", ""relation"": ""parent""}]",2026-08-26 06:00:00,2026-08-29 14:00:00,26.364475,91.632955,2026-08-29 06:30:58,81.3,1,missing,2026-08-16 17:00:00,missing_person,Guwahati Pilgrimage Circuit
124,STS-E4ABC7854634,Sophie Green,British,passport,992502030,+44-5285498700,"[{""name"": ""Hotel Dynasty, Lakhtokia (stay 1)"", ""lat"": 25.660011, ""lng"": 91.888493}, {""name"": ""Umiam Lake"", ""lat"": 25.657, ""lng"": 91.889}, {""name"": ""Brahmaputra Jungle Resort (stay 2)"", ""lat"": 25.286897, ""lng"": 91.680907}, {""name"": ""Cherrapunji (Sohra)"", ""lat"": 25.2912, ""lng"": 91.6783}, {""name"": ""Nohkalikai Falls"", ""lat"": 25.276, ""lng"": 91.6857}]","[{""name"": ""Grace Taylor"", ""phone"": ""+44-5157484610"", ""relation"": ""family""}, {""name"": ""Grace Green"", ""phone"": ""+44-1864140618"", ""relation"": ""spouse""}, {""name"": ""Thomas Hall"", ""phone"": ""+44-4350479112"", ""relation"": ""family""}, {""name"": ""Alfie Green"", ""phone"": ""+44-3943622695"", ""relation"": ""employer""}]",2026-07-23 08:15:00,2026-07-29 18:15:00,25.287061,91.680536,2026-07-29 06:35:55,76.9,0,active,2026-07-05 16:15:00,high_speed_transit,Meghalaya Loop
125,STS-7420890EFCE1,Meera Bhattacharya,Indian,voterid,DBV8428100,+91-6761714873,"[{""name"": ""Hotel Dynasty, Lakhtokia (stay 1)"", ""lat"": 26.178095, ""lng"": 91.738407}, {""name"": ""Gandhi Mandap, Sarania Hill"", ""lat"": 26.175, ""lng"": 91.758}, {""name"": ""Dighalipukhuri"", ""lat"": 26.1861, ""lng"": 91.7503}, {""name"": ""Nehru Park"", ""lat"": 26.1857, ""lng"": 91.7477}, {""name"": ""Fancy Bazaar"", ""lat"": 26.1836, ""lng"": 91.7434}, {""name"": ""Brahmaputra Riverfront"", ""lat"": 26.1905, ""lng"": 91.748}, {""name"": ""Kamakhya Temple"", ""lat"": 26.1664, ""lng"": 91.7055}, {""name"": ""En route to Kamakhya Temple"", ""lat"": 26.182467, ""lng"": 91.733833}, {""name"": ""En route to Kamakhya Temple"", ""lat"": 26.174433, ""lng"": 91.719667}, {""name"": ""En route to Hotel Dynasty, Lakhtokia (stay 1)"", ""lat"": 26.172247, ""lng"": 91.721953}]","[{""name"": ""Rahul Ghosh"", ""phone"": ""+91-6249623003"", ""relation"": ""family""}, {""name"": ""Rupam Kalita"", ""phone"": ""+91-6476782303"", ""relation"": ""spouse""}]",2026-08-09 07:30:00,2026-08-12 17:30:00,26.17806,91.738668,2026-08-12 06:44:30,81.9,1,active,2026-07-25 14:30:00,normal,Guwahati City Break
126,STS-FAD4B03E7D43,Nabanita Barua,Indian,voterid,MFY8056815,+91-6792252465,"[{""name"": ""Dolma Homestay, Tawang (stay 1)"", ""lat"": 26.155522, ""lng"": 91.749218}, {""name"": ""Umananda Island"", ""lat"": 26.1964, ""lng"": 91.7453}, {""name"": ""Kamakhya Temple"", ""lat"": 26.1664, ""lng"": 91.7055}, {""name"": ""Basistha Temple"", ""lat"": 26.1132, ""lng"": 91.797}, {""name"": ""En route to Basistha Temple"", ""lat"": 26.15576, ""lng"": 91.7238}, {""name"": ""En route to Basistha Temple"", ""lat"": 26.14512, ""lng"": 91.7421}, {""name"": ""En route to Basistha Temple"", ""lat"": 26.13448, ""lng"": 91.7604}, {""name"": ""En route to Basistha Temple"", ""lat"": 26.12384, ""lng"": 91.7787}, {""name"": ""En route to Dolma Homestay, Tawang (stay 1)"", ""lat"": 26.127307, ""lng"": 91.781073}, {""name"": ""En route to Dolma Homestay, Tawang (stay 1)"", ""lat"": 26.141415, ""lng"": 91.765145}, {""name"": ""En route to Kamakhya Temple"", ""lat"": 26.1864, ""lng"": 91.732033}, {""name"": ""En route to Kamakhya Temple"", ""lat"": 26.1764, ""lng"": 91.718767}, {""name"": ""En route to Umananda Island"", ""lat"": 26.175961, ""lng"": 91.747259}]","[{""name"": ""Kavya Kalita"", ""phone"": ""+91-6835880322"", ""relation"": ""family""}, {""name"": ""Sneha Sharma"", ""phone"": ""+91-8209007356"", ""relation"": ""spouse""}, {""name"": ""Chandana Baishya"", ""phone"": ""+91-6404540928"", ""relation"": ""spouse""}]",2026-08-20 07:15:00,2026-08-25 18:15:00,26.155597,91.749107,2026-08-25 07:02:17,79.5,1,active,2026-07-30 21:15:00,night_wanderer,Guwahati Pilgrimage Circuit
127,STS-F4935CBBA665,Ananya Dutta,Indian,voterid,GLM6437873,+91-6151789473,"[{""name"": ""Brahmaputra Jungle Resort (stay 1)"", ""lat"": 26.156331, ""lng"": 91.746816}, {""name"": ""Umananda Island"", ""lat"": 26.1964, ""lng"": 91.7453}, {""name"": ""Kamakhya Temple"", ""lat"": 26.1664, ""lng"": 91.7055}, {""name"": ""Basistha Temple"", ""lat"": 26.1132, ""lng"": 91.797}, {""name"": ""Hotel Polo Towers, Shillong (stay 2)"", ""lat"": 26.248849, ""lng"": 91.515509}, {""name"": ""Hajo Pilgrimage Town"", ""lat"": 26.25, ""lng"": 91.5167}, {""name"": ""En route to Basistha Temple"", ""lat"": 26.15576, ""lng"": 91.7238}, {""name"": ""En route to Basistha Temple"", ""lat"": 26.14512, ""lng"": 91.7421}, {""name"": ""En route to Basistha Temple"", ""lat"": 26.13448, ""lng"": 91.7604}, {""name"": ""En route to Basistha Temple"", ""lat"": 26.12384, ""lng"": 91.7787}, {""name"": ""En route to Brahmaputra Jungle Resort (stay 1)"", ""lat"": 26.127577, ""lng"": 91.780272}, {""name"": ""En route to Brahmaputra Jungle Resort (stay 1)"", ""lat"": 26.141954, ""lng"": 91.763544}, {""name"": ""En route to Kamakhya Temple"", ""lat"": 26.1864, ""lng"": 91.732033}, {""name"": ""En route to Kamakhya Temple"", ""lat"": 26.1764, ""lng"": 91.718767}, {""name"": ""En route to Umananda Island"", ""lat"": 26.176366, ""lng"": 91.746058}]","[{""name"": ""Rohan Kumar"", ""phone"": ""+91-9651130583"", ""relation"": ""family""}, {""name"": ""Tanvi Kumar"", ""phone"": ""+91-7318195681"", ""relation"": ""spouse""}]",2026-08-27 11:30:00,2026-08-31 17:30:00,26.24872,91.515418,2026-08-31 06:35:34,83.6,1,active,2026-08-13 06:30:00,geofence_intrusion,Guwahati Pilgrimage Circuit
128,STS-CF6060A9A462,Louis Moreau,French,passport,075092494,+33-667155847,"[{""name"": ""Vivanta Guwahati (stay 1)"", ""lat"": 26.176948, ""lng"": 91.741797}, {""name"": ""Kamakhya Temple"", ""lat"": 26.1664, ""lng"": 91.7055}, {""name"": ""Gandhi Mandap, Sarania Hill"", ""lat"": 26.175, ""lng"": 91.758}, {""name"": ""Guwahati Planetarium"", ""lat"": 26.1856, ""lng"": 91.7625}, {""name"": ""En route to Gandhi Mandap, Sarania Hill"", ""lat"": 26.169267, ""lng"": 91.723}, {""name"": ""En route to Gandhi Mandap, Sarania Hill"", ""lat"": 26.172133, ""lng"": 91.7405}, {""name"": ""En route to Kamakhya Temple"", ""lat"": 26.171674, ""lng"": 91.723648}]","[{""name"": ""Louis Moreau"", ""phone"": ""+33-814029349"", ""relation"": ""family""}, {""name"": ""Antoine Girard"", ""phone"": ""+33-983129669"", ""relation"": ""spouse""}, {""name"": ""Brahmaputra Jungle Resort Front Desk"", ""phone"": ""+91-7451467481"", ""relation"": ""hotel""}, {""name"": ""Antoine Girard"", ""phone"": ""+33-625577733"", ""relation"": ""sibling""}]",2026-08-26 10:45:00,2026-08-31 00:45:00,26.176735,91.742034,2026-08-30 06:46:32,80.4,1,active,2026-08-14 07:45:00,geofence_intrusion,Guwahati City Break
129,STS-37AA62401C3B,Rahul Das,Indian,aadhaar,XXXX-XXXX-5185,+91-6498319838,"[{""name"": ""Wild Mahseer, Balipara (stay 1)"", ""lat"": 27.583941, ""lng"": 91.859335}, {""name"": ""Tawang Monastery"", ""lat"": 27.5861, ""lng"": 91.8594}, {""name"": ""Radisson Blu Guwahati (stay 2)"", ""lat"": 26.634586, ""lng"": 92.79726}, {""name"": ""Tezpur"", ""lat"": 26.6338, ""lng"": 92.8}, {""name"": ""Ginger Guwahati (stay 3)"", ""lat"": 26.185509, ""lng"": 91.748811}, {""name"": ""Guwahati Railway Station"", ""lat"": 26.1824, ""lng"": 91.7513}, {""name"": ""Hotel Rajmahal (stay 4)"", ""lat"": 27.548235, ""lng"": 93.829476}, {""name"": ""Ziro Valley"", ""lat"": 27.5448, ""lng"": 93.832}]","[{""name"": ""Kabir Banerjee"", ""phone"": ""+91-9770292223"", ""relation"": ""family""}]",2026-09-06 10:30:00,2026-09-19 21:30:00,,,,100.0,1,active,2026-09-01 17:30:00,normal,Arunachal High Himalaya
130,STS-091B4D63F175,Aarav Choudhury,Indian,aadhaar,XXXX-XXXX-8569,+91-6168077991,"[{""name"": ""Brahmaputra Jungle Resort (stay 1)"", ""lat"": 26.147837, ""lng"": 91.783442}, {""name"": ""Six Mile"", ""lat"": 26.135, ""lng"": 91.805}, {""name"": ""Dispur Secretariat"", ""lat"": 26.142, ""lng"": 91.79}, {""name"": ""Ganeshguri Junction"", ""lat"": 26.147, ""lng"": 91.79}, {""name"": ""Guwahati Railway Station"", ""lat"": 26.1824, ""lng"": 91.7513}, {""name"": ""Ygdrasill Bamboo Resort, Cherrapunji (stay 2)"", ""lat"": 26.105055, ""lng"": 91.582191}, {""name"": ""LGB International Airport"", ""lat"": 26.1061, ""lng"": 91.5859}, {""name"": ""En route to Guwahati Railway Station"", ""lat"": 26.1588, ""lng"": 91.7771}, {""name"": ""En route to Guwahati Railway Station"", ""lat"": 26.1706, ""lng"": 91.7642}, {""name"": ""En route to Brahmaputra Jungle Resort (stay 1)"", ""lat"": 26.170879, ""lng"": 91.762014}, {""name"": ""En route to Brahmaputra Jungle Resort (stay 1)"", ""lat"": 26.159358, ""lng"": 91.772728}, {""name"": ""En route to Six Mile"", ""lat"": 26.141419, ""lng"": 91.794221}]","[{""name"": ""Divya Verma"", ""phone"": ""+91-9962610810"", ""relation"": ""family""}, {""name"": ""Siddharth Iyer"", ""phone"": ""+91-9722289269"", ""relation"": ""spouse""}, {""name"": ""Hotel Nandan Front Desk"", ""phone"": ""+91-7876156240"", ""relation"": ""hotel""}, {""name"": ""Kavya Sharma"", ""phone"": ""+91-9959882354"", ""relation"": ""sibling""}]",2026-08-02 11:00:00,2026-08-06 01:00:00,26.104917,91.581842,2026-08-05 07:03:12,80.4,0,active,2026-07-22 09:00:00,normal,Business / Transit Stay
131,STS-615E38C5D5AD,Bornali Choudhury,Indian,aadhaar,XXXX-XXXX-9025,+91-9320804845,"[{""name"": ""Hotel Dynasty, Lakhtokia (stay 1)"", ""lat"": 26.101175, ""lng"": 91.622435}, {""name"": ""Deepor Beel Wildlife Sanctuary"", ""lat"": 26.12, ""lng"": 91.65}, {""name"": ""Accoland Water Park"", ""lat"": 26.09, ""lng"": 91.59}, {""name"": ""Hotel Dynasty, Lakhtokia (stay 2)"", ""lat"": 26.176309, ""lng"": 91.785963}, {""name"": ""Assam State Zoo & Botanical Garden"", ""lat"": 26.178, ""lng"": 91.786}, {""name"": ""Wild Mahseer, Balipara (stay 3)"", ""lat"": 25.930463, ""lng"": 91.435464}, {""name"": ""Chandubi Lake"", ""lat"": 25.9333, ""lng"": 91.4333}, {""name"": ""En route to Accoland Water Park"", ""lat"": 26.11, ""lng"": 91.63}, {""name"": ""En route to Accoland Water Park"", ""lat"": 26.1, ""lng"": 91.61}, {""name"": ""En route to Hotel Dynasty, Lakhtokia (stay 1)"", ""lat"": 26.095588, ""lng"": 91.606217}, {""name"": ""En route to Deepor Beel Wildlife Sanctuary"", ""lat"": 26.110588, ""lng"": 91.636218}]","[{""name"": ""Anjali Reddy"", ""phone"": ""+91-8931637855"", ""relation"": ""family""}]",2026-08-08 11:45:00,2026-08-13 00:45:00,25.930824,91.435411,2026-08-12 06:46:06,81.1,1,active,2026-08-06 17:45:00,normal,Guwahati Nature & Wildlife
132,STS-64A346D269EA,Bhaskar Bhattacharya,Indian,voterid,ZEE3550929,+91-6876769282,"[{""name"": ""Radisson Blu Guwahati (stay 1)"", ""lat"": 26.150842, ""lng"": 91.780982}, {""name"": ""Guwahati Railway Station"", ""lat"": 26.1824, ""lng"": 91.7513}, {""name"": ""Ganeshguri Junction"", ""lat"": 26.147, ""lng"": 91.79}, {""name"": ""Dispur Secretariat"", ""lat"": 26.142, ""lng"": 91.79}, {""name"": ""Six Mile"", ""lat"": 26.135, ""lng"": 91.805}, {""name"": ""Hotel Polo Towers, Shillong (stay 2)"", ""lat"": 26.107105, ""lng"": 91.586057}, {""name"": ""LGB International Airport"", ""lat"": 26.1061, ""lng"": 91.5859}, {""name"": ""En route to Ganeshguri Junction"", ""lat"": 26.1706, ""lng"": 91.7642}, {""name"": ""En route to Ganeshguri Junction"", ""lat"": 26.1588, ""lng"": 91.7771}, {""name"": ""En route to Guwahati Railway Station"", ""lat"": 26.166621, ""lng"": 91.766141}, {""name"": ""En route to Radisson Blu Guwahati (stay 1)"", ""lat"": 26.142921, ""lng"": 91.792991}]","[{""name"": ""Ananya Nath"", ""phone"": ""+91-6549744368"", ""relation"": ""family""}, {""name"": ""Bishal Verma"", ""phone"": ""+91-9206020460"", ""relation"": ""spouse""}]",2026-08-16 05:45:00,2026-08-17 09:45:00,26.151028,91.781228,2026-08-17 06:40:13,80.9,1,active,2026-07-29 00:45:00,normal,Business / Transit Stay
133,STS-B94BF79FC9B8,Ava Cote,Canadian,passport,HJ438233,+1-2238461932,"[{""name"": ""Hotel Rajmahal (stay 1)"", ""lat"": 26.105034, ""lng"": 91.616102}, {""name"": ""Deepor Beel Wildlife Sanctuary"", ""lat"": 26.12, ""lng"": 91.65}, {""name"": ""Accoland Water Park"", ""lat"": 26.09, ""lng"": 91.59}, {""name"": ""Diphlu River Lodge, Kaziranga (stay 2)"", ""lat"": 26.179219, ""lng"": 91.787695}, {""name"": ""Assam State Zoo & Botanical Garden"", ""lat"": 26.178, ""lng"": 91.786}, {""name"": ""Wild Mahseer, Balipara (stay 3)"", ""lat"": 26.230849, ""lng"": 92.084805}, {""name"": ""Pobitora Wildlife Sanctuary"", ""lat"": 26.2333, ""lng"": 92.0833}, {""name"": ""Ygdrasill Bamboo Resort, Cherrapunji (stay 4)"", ""lat"": 25.936929, ""lng"": 91.436819}, {""name"": ""Chandubi Lake"", ""lat"": 25.9333, ""lng"": 91.4333}, {""name"": ""En route to Accoland Water Park"", ""lat"": 26.11, ""lng"": 91.63}, {""name"": ""En route to Accoland Water Park"", ""lat"": 26.1, ""lng"": 91.61}, {""name"": ""En route to Deepor Beel Wildlife Sanctuary"", ""lat"": 26.112517, ""lng"": 91.633051}, {""name"": ""En route to Hotel Rajmahal (stay 1)"", ""lat"": 26.097517, ""lng"": 91.603051}]","[{""name"": ""Lucas Gagnon"", ""phone"": ""+1-7007302171"", ""relation"": ""family""}, {""name"": ""Owen Bouchard"", ""phone"": ""+1-6849685088"", ""relation"": ""spouse""}]",2026-08-24 05:30:00,2026-08-27 10:30:00,26.231,92.084741,2026-08-27 06:43:32,82.7,1,active,2026-08-08 14:30:00,normal,Guwahati Nature & Wildlife
134,STS-A0164C654199,Mei Ling Rahman,Malaysian,passport,A17210376,+60-491858255,"[{""name"": ""Hotel Dynasty, Lakhtokia (stay 1)"", ""lat"": 26.25389, ""lng"": 91.518377}, {""name"": ""Hajo Pilgrimage Town"", ""lat"": 26.25, ""lng"": 91.5167}, {""name"": ""Hotel Nandan (stay 2)"", ""lat"": 26.178649, ""lng"": 91.739409}, {""name"": ""Kamakhya Temple"", ""lat"": 26.1664, ""lng"": 91.7055}, {""name"": ""Umananda Island"", ""lat"": 26.1964, ""lng"": 91.7453}, {""name"": ""Navagraha Temple"", ""lat"": 26.1749, ""lng"": 91.7789}, {""name"": ""En route to Umananda Island"", ""lat"": 26.1764, ""lng"": 91.718767}, {""name"": ""En route to Umananda Island"", ""lat"": 26.1864, ""lng"": 91.732033}, {""name"": ""En route to Navagraha Temple"", ""lat"": 26.18565, ""lng"": 91.7621}, {""name"": ""En route to Hotel Nandan (stay 2)"", ""lat"": 26.176775, ""lng"": 91.759154}, {""name"": ""En route to Kamakhya Temple"", ""lat"": 26.172525, ""lng"": 91.722454}]","[{""name"": ""Aiman Tan"", ""phone"": ""+60-322838066"", ""relation"": ""family""}, {""name"": ""Siti Wong"", ""phone"": ""+60-695438434"", ""relation"": ""spouse""}, {""name"": ""Malaysian Consulate, Kolkata"", ""phone"": ""+91-7866304821"", ""relation"": ""embassy""}]",2026-08-25 05:45:00,2026-08-28 19:45:00,26.178783,91.739422,2026-08-28 06:34:00,82.0,1,active,2026-08-23 18:45:00,geofence_intrusion,Guwahati Pilgrimage Circuit
135,STS-EA44ECDD2E31,Divya Reddy,Indian,aadhaar,XXXX-XXXX-6352,+91-9978827712,"[{""name"": ""Ri Kynjai, Umiam (stay 1)"", ""lat"": 26.951801, ""lng"": 94.172554}, {""name"": ""Majuli River Island"", ""lat"": 26.95, ""lng"": 94.17}, {""name"": ""Wild Mahseer, Balipara (stay 2)"", ""lat"": 26.753744, ""lng"": 94.200903}, {""name"": ""Jorhat"", ""lat"": 26.7509, ""lng"": 94.2037}, {""name"": ""Hotel Dynasty, Lakhtokia (stay 3)"", ""lat"": 26.579865, ""lng"": 93.173492}, {""name"": ""Kaziranga National Park"", ""lat"": 26.5775, ""lng"": 93.1711}, {""name"": ""Vivanta Guwahati (stay 4)"", ""lat"": 26.63292, ""lng"": 92.798523}, {""name"": ""Tezpur"", ""lat"": 26.6338, ""lng"": 92.8}, {""name"": ""Kiranshree Portico (stay 5)"", ""lat"": 26.921128, ""lng"": 92.882259}, {""name"": ""Nameri National Park"", ""lat"": 26.92, ""lng"": 92.88}, {""name"": ""Hotel Rajmahal (stay 6)"", ""lat"": 26.108195, ""lng"": 91.582976}, {""name"": ""LGB International Airport"", ""lat"": 26.1061, ""lng"": 91.5859}]","[{""name"": ""Bishal Singh"", ""phone"": ""+91-6210499554"", ""relation"": ""family""}, {""name"": ""Anurag Banerjee"", ""phone"": ""+91-6386330334"", ""relation"": ""spouse""}]",2026-09-01 07:00:00,2026-09-10 10:00:00,26.920943,92.881988,2026-09-05 18:29:50,71.7,1,missing,2026-08-30 09:00:00,missing_person,Upper Assam Wildlife Trail
136,STS-4ECD1EF9E52D,Ayesha Rahman,Bangladeshi,passport,BX9541916,+880-1489436133,"[{""name"": ""Wild Mahseer, Balipara (stay 1)"", ""lat"": 26.152762, ""lng"": 91.785124}, {""name"": ""Ganeshguri Junction"", ""lat"": 26.147, ""lng"": 91.79}, {""name"": ""Dispur Secretariat"", ""lat"": 26.142, ""lng"": 91.79}, {""name"": ""Six Mile"", ""lat"": 26.135, ""lng"": 91.805}, {""name"": ""Guwahati Railway Station"", ""lat"": 26.1824, ""lng"": 91.7513}, {""name"": ""Wild Mahseer, Balipara (stay 2)"", ""lat"": 26.107957, ""lng"": 91.58246}, {""name"": ""LGB International Airport"", ""lat"": 26.1061, ""lng"": 91.5859}, {""name"": ""En route to Guwahati Railway Station"", ""lat"": 26.14685, ""lng"": 91.791575}, {""name"": ""En route to Guwahati Railway Station"", ""lat"": 26.1587, ""lng"": 91.77815}, {""name"": ""En route to Guwahati Railway Station"", ""lat"": 26.17055, ""lng"": 91.764725}, {""name"": ""En route to Wild Mahseer, Balipara (stay 1)"", ""lat"": 26.167581, ""lng"": 91.768212}]","[{""name"": ""Rahim Hossain"", ""phone"": ""+880-1294406964"", ""relation"": ""family""}, {""name"": ""Sabina Hossain"", ""phone"": ""+880-5664828998"", ""relation"": ""spouse""}]",2026-08-22 09:00:00,2026-08-25 23:00:00,26.108203,91.582776,2026-08-25 07:00:22,80.5,1,active,2026-08-03 13:00:00,normal,Business / Transit Stay
137,STS-B10E13BA2A5E,Aditya Banerjee,Indian,passport,Z8562692,+91-7387394947,"[{""name"": ""Ygdrasill Bamboo Resort, Cherrapunji (stay 1)"", ""lat"": 26.634091, ""lng"": 92.803352}, {""name"": ""Tezpur"", ""lat"": 26.6338, ""lng"": 92.8}, {""name"": ""Diphlu River Lodge, Kaziranga (stay 2)"", ""lat"": 26.9235, ""lng"": 92.879244}, {""name"": ""Nameri National Park"", ""lat"": 26.92, ""lng"": 92.88}, {""name"": ""Vivanta Guwahati (stay 3)"", ""lat"": 26.579624, ""lng"": 93.17339}, {""name"": ""Kaziranga National Park"", ""lat"": 26.5775, ""lng"": 93.1711}, {""name"": ""La Maison de Ananda, Majuli (stay 4)"", ""lat"": 26.98415, ""lng"": 94.639729}, {""name"": ""Sivasagar"", ""lat"": 26.9826, ""lng"": 94.6425}]","[{""name"": ""Bhaskar Ghosh"", ""phone"": ""+91-7040828223"", ""relation"": ""family""}, {""name"": ""Bornali Ghosh"", ""phone"": ""+91-6547546464"", ""relation"": ""spouse""}]",2026-07-29 06:15:00,2026-08-10 18:15:00,26.984376,94.639858,2026-08-10 06:45:35,80.0,1,active,2026-07-14 17:15:00,night_wanderer,Upper Assam Wildlife Trail
138,STS-8053AD601105,Jayanta Patel,Indian,passport,Z8090023,+91-9843759422,"[{""name"": ""Wild Mahseer, Balipara (stay 1)"", ""lat"": 26.109548, ""lng"": 91.58525}, {""name"": ""LGB International Airport"", ""lat"": 26.1061, ""lng"": 91.5859}, {""name"": ""Wild Mahseer, Balipara (stay 2)"", ""lat"": 26.636614, ""lng"": 92.796285}, {""name"": ""Tezpur"", ""lat"": 26.6338, ""lng"": 92.8}, {""name"": ""Ygdrasill Bamboo Resort, Cherrapunji (stay 3)"", ""lat"": 26.921823, ""lng"": 92.877682}, {""name"": ""Nameri National Park"", ""lat"": 26.92, ""lng"": 92.88}, {""name"": ""Wild Mahseer, Balipara (stay 4)"", ""lat"": 26.982378, ""lng"": 94.64438}, {""name"": ""Sivasagar"", ""lat"": 26.9826, ""lng"": 94.6425}]","[{""name"": ""Pooja Choudhury"", ""phone"": ""+91-7745207160"", ""relation"": ""family""}, {""name"": ""Tanvi Nair"", ""phone"": ""+91-6417019411"", ""relation"": ""spouse""}]",2026-08-27 09:45:00,2026-09-05 20:45:00,26.98223,94.644268,2026-09-05 06:43:58,80.8,0,sos,2026-08-17 06:45:00,sos_panic,Upper Assam Wildlife Trail
139,STS-2B0923755209,Aarav Bora,Indian,aadhaar,XXXX-XXXX-9415,+91-9504821098,"[{""name"": ""Hotel Polo Towers, Shillong (stay 1)"", ""lat"": 25.616453, ""lng"": 91.890926}, {""name"": ""Shillong"", ""lat"": 25.5788, ""lng"": 91.8933}, {""name"": ""Umiam Lake"", ""lat"": 25.657, ""lng"": 91.889}, {""name"": ""La Maison de Ananda, Majuli (stay 2)"", ""lat"": 25.275158, ""lng"": 91.696169}, {""name"": ""Cherrapunji (Sohra)"", ""lat"": 25.2912, ""lng"": 91.6783}, {""name"": ""Nohkalikai Falls"", ""lat"": 25.276, ""lng"": 91.6857}, {""name"": ""Living Root Bridge, Nongriat"", ""lat"": 25.247, ""lng"": 91.715}, {""name"": ""En route to Umiam Lake"", ""lat"": 25.59835, ""lng"": 91.892225}, {""name"": ""En route to Umiam Lake"", ""lat"": 25.6179, ""lng"": 91.89115}, {""name"": ""En route to Umiam Lake"", ""lat"": 25.63745, ""lng"": 91.890075}, {""name"": ""En route to Hotel Polo Towers, Shillong (stay 1)"", ""lat"": 25.636727, ""lng"": 91.889963}, {""name"": ""En route to Living Root Bridge, Nongriat"", ""lat"": 25.2615, ""lng"": 91.70035}, {""name"": ""En route to Shillong"", ""lat"": 25.597627, ""lng"": 91.892113}, {""name"": ""En route to La Maison de Ananda, Majuli (stay 2)"", ""lat"": 25.261079, ""lng"": 91.705585}, {""name"": ""En route to Cherrapunji (Sohra)"", ""lat"": 25.283179, ""lng"": 91.687234}]","[{""name"": ""Rituparna Medhi"", ""phone"": ""+91-9147949920"", ""relation"": ""family""}, {""name"": ""Anurag Banerjee"", ""phone"": ""+91-9788151044"", ""relation"": ""spouse""}]",2026-07-26 07:30:00,2026-08-05 19:30:00,25.275209,91.696398,2026-08-05 06:51:11,78.8,1,active,2026-07-15 02:30:00,night_wanderer,Meghalaya Loop
140,STS-3E568BB0A6BE,Junmoni Bora,Indian,aadhaar,XXXX-XXXX-7168,+91-6603432718,"[{""name"": ""La Maison de Ananda, Majuli (stay 1)"", ""lat"": 24.817439, ""lng"": 93.933669}, {""name"": ""Imphal"", ""lat"": 24.817, ""lng"": 93.9368}, {""name"": ""Kiranshree Portico (stay 2)"", ""lat"": 25.676999, ""lng"": 94.106463}, {""name"": ""Kohima"", ""lat"": 25.6751, ""lng"": 94.1086}, {""name"": ""La Maison de Ananda, Majuli (stay 3)"", ""lat"": 26.105104, ""lng"": 91.582654}, {""name"": ""LGB International Airport"", ""lat"": 26.1061, ""lng"": 91.5859}, {""name"": ""Brahmaputra Jungle Resort (stay 4)"", ""lat"": 23.832492, ""lng"": 91.28689}, {""name"": ""Agartala"", ""lat"": 23.8315, ""lng"": 91.2868}, {""name"": ""Hotel Nandan (stay 5)"", ""lat"": 23.723518, ""lng"": 92.716434}, {""name"": ""Aizawl"", ""lat"": 23.7271, ""lng"": 92.7176}, {""name"": ""Hotel Rajmahal (stay 6)"", ""lat"": 27.327549, ""lng"": 88.610393}, {""name"": ""Gangtok"", ""lat"": 27.3314, ""lng"": 88.6138}]","[{""name"": ""Ananya Nath"", ""phone"": ""+91-9303220468"", ""relation"": ""family""}, {""name"": ""Divya Medhi"", ""phone"": ""+91-7527610957"", ""relation"": ""spouse""}, {""name"": ""Vikram Medhi"", ""phone"": ""+91-8692986776"", ""relation"": ""family""}]",2026-08-26 10:00:00,2026-09-10 21:00:00,27.327501,88.610074,2026-09-05 18:35:03,75.3,1,active,2026-08-12 11:00:00,normal,Seven Sisters Grand Tour
141,STS-86EADD51F13D,Aditya Patel,Indian,aadhaar,XXXX-XXXX-7521,+91-6057349755,"[{""name"": ""Dolma Homestay, Tawang (stay 1)"", ""lat"": 26.178979, ""lng"": 91.741077}, {""name"": ""Nehru Park"", ""lat"": 26.1857, ""lng"": 91.7477}, {""name"": ""Umananda Island"", ""lat"": 26.1964, ""lng"": 91.7453}, {""name"": ""Guwahati Planetarium"", ""lat"": 26.1856, ""lng"": 91.7625}, {""name"": ""Gandhi Mandap, Sarania Hill"", ""lat"": 26.175, ""lng"": 91.758}, {""name"": ""Kamakhya Temple"", ""lat"": 26.1664, ""lng"": 91.7055}, {""name"": ""En route to Kamakhya Temple"", ""lat"": 26.172133, ""lng"": 91.7405}, {""name"": ""En route to Kamakhya Temple"", ""lat"": 26.169267, ""lng"": 91.723}, {""name"": ""En route to Dolma Homestay, Tawang (stay 1)"", ""lat"": 26.17269, ""lng"": 91.723288}]","[{""name"": ""Divya Kumar"", ""phone"": ""+91-8372393434"", ""relation"": ""family""}, {""name"": ""Parag Verma"", ""phone"": ""+91-7000473385"", ""relation"": ""spouse""}, {""name"": ""Ginger Guwahati Front Desk"", ""phone"": ""+91-8334762088"", ""relation"": ""hotel""}]",2026-08-24 05:45:00,2026-08-29 11:45:00,26.178739,91.74094,2026-08-29 06:42:43,80.5,1,active,2026-08-08 02:45:00,high_speed_transit,Guwahati City Break
142,STS-C39DB09F2720,Aarav Medhi,Indian,aadhaar,XXXX-XXXX-8640,+91-7300434481,"[{""name"": ""Radisson Blu Guwahati (stay 1)"", ""lat"": 26.086327, ""lng"": 91.588186}, {""name"": ""Accoland Water Park"", ""lat"": 26.09, ""lng"": 91.59}, {""name"": ""Hotel Rajmahal (stay 2)"", ""lat"": 26.17622, ""lng"": 91.78775}, {""name"": ""Assam State Zoo & Botanical Garden"", ""lat"": 26.178, ""lng"": 91.786}, {""name"": ""La Maison de Ananda, Majuli (stay 3)"", ""lat"": 25.93013, ""lng"": 91.431891}, {""name"": ""Chandubi Lake"", ""lat"": 25.9333, ""lng"": 91.4333}]","[{""name"": ""Sneha Patel"", ""phone"": ""+91-9940933048"", ""relation"": ""family""}, {""name"": ""Debojit Baishya"", ""phone"": ""+91-8058670350"", ""relation"": ""spouse""}]",2026-08-18 08:15:00,2026-08-20 20:15:00,26.176128,91.787587,2026-08-20 06:32:39,79.5,1,active,2026-08-13 14:15:00,normal,Guwahati Nature & Wildlife
143,STS-8129BA3436A2,Marco Russo,Italian,passport,YA5738536,+39-7019352539,"[{""name"": ""Radisson Blu Guwahati (stay 1)"", ""lat"": 26.190645, ""lng"": 91.749975}, {""name"": ""Umananda Island"", ""lat"": 26.1964, ""lng"": 91.7453}, {""name"": ""Brahmaputra Riverfront"", ""lat"": 26.1905, ""lng"": 91.748}, {""name"": ""Assam State Museum"", ""lat"": 26.1857, ""lng"": 91.7481}, {""name"": ""Nehru Park"", ""lat"": 26.1857, ""lng"": 91.7477}, {""name"": ""Pan Bazaar"", ""lat"": 26.1856, ""lng"": 91.7455}, {""name"": ""Guwahati Planetarium"", ""lat"": 26.1856, ""lng"": 91.7625}]","[{""name"": ""Chiara Ferrari"", ""phone"": ""+39-1752076528"", ""relation"": ""family""}, {""name"": ""Giulia Ferrari"", ""phone"": ""+39-5931401482"", ""relation"": ""spouse""}]",2026-08-27 10:45:00,2026-08-30 13:45:00,26.190884,91.750143,2026-08-30 06:54:02,80.8,0,active,2026-08-18 23:45:00,normal,Guwahati City Break
144,STS-71A7384EC46A,Kavya Singh,Indian,voterid,NBV3005564,+91-8418829219,"[{""name"": ""Hotel Rajmahal (stay 1)"", ""lat"": 25.268596, ""lng"": 91.697856}, {""name"": ""Cherrapunji (Sohra)"", ""lat"": 25.2912, ""lng"": 91.6783}, {""name"": ""Living Root Bridge, Nongriat"", ""lat"": 25.247, ""lng"": 91.715}, {""name"": ""Hotel Dynasty, Lakhtokia (stay 2)"", ""lat"": 25.19661, ""lng"": 91.917208}, {""name"": ""Mawlynnong Village"", ""lat"": 25.2, ""lng"": 91.9167}, {""name"": ""Hotel Rajmahal (stay 3)"", ""lat"": 25.577904, ""lng"": 91.894055}, {""name"": ""Shillong"", ""lat"": 25.5788, ""lng"": 91.8933}, {""name"": ""En route to Living Root Bridge, Nongriat"", ""lat"": 25.276467, ""lng"": 91.690533}, {""name"": ""En route to Living Root Bridge, Nongriat"", ""lat"": 25.261733, ""lng"": 91.702767}, {""name"": ""En route to Cherrapunji (Sohra)"", ""lat"": 25.279898, ""lng"": 91.688078}, {""name"": ""En route to Hotel Rajmahal (stay 1)"", ""lat"": 25.257798, ""lng"": 91.706428}]","[{""name"": ""Nabanita Rajkhowa"", ""phone"": ""+91-6037012386"", ""relation"": ""family""}, {""name"": ""Rupam Kumar"", ""phone"": ""+91-6672310385"", ""relation"": ""spouse""}, {""name"": ""Kavya Gogoi"", ""phone"": ""+91-8031057839"", ""relation"": ""friend""}]",2026-08-24 10:00:00,2026-08-30 13:00:00,25.578282,91.893897,2026-08-30 06:37:02,78.3,1,active,2026-08-12 21:00:00,route_deviation,Meghalaya Loop
145,STS-9B9CFF72AC4B,Mridula Patel,Indian,aadhaar,XXXX-XXXX-3138,+91-8379196016,"[{""name"": ""Brahmaputra Jungle Resort (stay 1)"", ""lat"": 26.185801, ""lng"": 91.749321}, {""name"": ""Dighalipukhuri"", ""lat"": 26.1861, ""lng"": 91.7503}, {""name"": ""Assam State Museum"", ""lat"": 26.1857, ""lng"": 91.7481}, {""name"": ""Nehru Park"", ""lat"": 26.1857, ""lng"": 91.7477}, {""name"": ""Gandhi Mandap, Sarania Hill"", ""lat"": 26.175, ""lng"": 91.758}]","[{""name"": ""Nikhil Patel"", ""phone"": ""+91-8241398867"", ""relation"": ""family""}, {""name"": ""Simanta Phukan"", ""phone"": ""+91-7674659888"", ""relation"": ""spouse""}]",2026-07-25 07:15:00,2026-07-30 11:15:00,26.185925,91.74898,2026-07-30 06:31:44,79.5,1,active,2026-07-04 12:15:00,normal,Guwahati City Break
146,STS-33885A7A0796,Siddharth Baishya,Indian,aadhaar,XXXX-XXXX-3995,+91-6522064000,"[{""name"": ""Vivanta Guwahati (stay 1)"", ""lat"": 26.188552, ""lng"": 91.749244}, {""name"": ""Brahmaputra Riverfront"", ""lat"": 26.1905, ""lng"": 91.748}, {""name"": ""Nehru Park"", ""lat"": 26.1857, ""lng"": 91.7477}, {""name"": ""Fancy Bazaar"", ""lat"": 26.1836, ""lng"": 91.7434}, {""name"": ""Guwahati Planetarium"", ""lat"": 26.1856, ""lng"": 91.7625}]","[{""name"": ""Divya Sen"", ""phone"": ""+91-6040286120"", ""relation"": ""family""}, {""name"": ""Gitanjali Verma"", ""phone"": ""+91-7597059456"", ""relation"": ""spouse""}, {""name"": ""Hotel Polo Towers, Shillong Front Desk"", ""phone"": ""+91-8073678089"", ""relation"": ""hotel""}]",2026-07-26 11:15:00,2026-07-30 22:15:00,26.188686,91.749241,2026-07-30 07:08:19,79.1,1,active,2026-07-25 14:15:00,normal,Guwahati City Break
147,STS-902E76E01713,Charlotte Baker,British,passport,264040438,+44-4087665987,"[{""name"": ""Dolma Homestay, Tawang (stay 1)"", ""lat"": 26.574916, ""lng"": 93.1697}, {""name"": ""Kaziranga National Park"", ""lat"": 26.5775, ""lng"": 93.1711}, {""name"": ""Kiranshree Portico (stay 2)"", ""lat"": 25.6773, ""lng"": 94.109733}, {""name"": ""Kohima"", ""lat"": 25.6751, ""lng"": 94.1086}, {""name"": ""La Maison de Ananda, Majuli (stay 3)"", ""lat"": 25.580784, ""lng"": 91.890756}, {""name"": ""Shillong"", ""lat"": 25.5788, ""lng"": 91.8933}, {""name"": ""Novotel Guwahati GS Road (stay 4)"", ""lat"": 23.832922, ""lng"": 91.282924}, {""name"": ""Agartala"", ""lat"": 23.8315, ""lng"": 91.2868}, {""name"": ""Hotel Dynasty, Lakhtokia (stay 5)"", ""lat"": 23.723562, ""lng"": 92.717153}, {""name"": ""Aizawl"", ""lat"": 23.7271, ""lng"": 92.7176}, {""name"": ""Wild Mahseer, Balipara (stay 6)"", ""lat"": 27.330174, ""lng"": 88.613506}, {""name"": ""Gangtok"", ""lat"": 27.3314, ""lng"": 88.6138}]","[{""name"": ""Emma Turner"", ""phone"": ""+44-2743374615"", ""relation"": ""family""}, {""name"": ""George Edwards"", ""phone"": ""+44-1321313190"", ""relation"": ""spouse""}, {""name"": ""Oliver Clarke"", ""phone"": ""+44-6193723768"", ""relation"": ""employer""}]",2026-09-09 07:30:00,2026-09-21 11:30:00,,,,100.0,1,active,2026-08-25 08:30:00,normal,Seven Sisters Grand Tour
148,STS-A84E539E1D4B,Utpal Sen,Indian,aadhaar,XXXX-XXXX-8457,+91-7346593995,"[{""name"": ""Ygdrasill Bamboo Resort, Cherrapunji (stay 1)"", ""lat"": 26.229495, ""lng"": 92.08344}, {""name"": ""Pobitora Wildlife Sanctuary"", ""lat"": 26.2333, ""lng"": 92.0833}, {""name"": ""Ri Kynjai, Umiam (stay 2)"", ""lat"": 26.177889, ""lng"": 91.782449}, {""name"": ""Assam State Zoo & Botanical Garden"", ""lat"": 26.178, ""lng"": 91.786}, {""name"": ""Radisson Blu Guwahati (stay 3)"", ""lat"": 26.107393, ""lng"": 91.617055}, {""name"": ""Deepor Beel Wildlife Sanctuary"", ""lat"": 26.12, ""lng"": 91.65}, {""name"": ""Accoland Water Park"", ""lat"": 26.09, ""lng"": 91.59}, {""name"": ""Hotel Polo Towers, Shillong (stay 4)"", ""lat"": 25.936308, ""lng"": 91.430454}, {""name"": ""Chandubi Lake"", ""lat"": 25.9333, ""lng"": 91.4333}, {""name"": ""En route to Accoland Water Park"", ""lat"": 26.11, ""lng"": 91.63}, {""name"": ""En route to Accoland Water Park"", ""lat"": 26.1, ""lng"": 91.61}, {""name"": ""En route to Deepor Beel Wildlife Sanctuary"", ""lat"": 26.113696, ""lng"": 91.633527}, {""name"": ""En route to Radisson Blu Guwahati (stay 3)"", ""lat"": 26.098696, ""lng"": 91.603527}]","[{""name"": ""Pranjal Deka"", ""phone"": ""+91-8983745708"", ""relation"": ""family""}, {""name"": ""Simanta Nath"", ""phone"": ""+91-8927741944"", ""relation"": ""spouse""}, {""name"": ""Chandana Bhattacharya"", ""phone"": ""+91-9723344572"", ""relation"": ""embassy""}]",2026-09-05 07:00:00,2026-09-09 21:00:00,26.229648,92.083178,2026-09-05 18:19:45,74.1,1,active,2026-08-27 00:00:00,normal,Guwahati Nature & Wildlife
149,STS-B419E926CEEC,Sofia Romano,Italian,passport,YA1693043,+39-3448848000,"[{""name"": ""Novotel Guwahati GS Road (stay 1)"", ""lat"": 26.170354, ""lng"": 91.761646}, {""name"": ""Paltan Bazaar"", ""lat"": 26.1817, ""lng"": 91.7503}, {""name"": ""Pan Bazaar"", ""lat"": 26.1856, ""lng"": 91.7455}, {""name"": ""Fancy Bazaar"", ""lat"": 26.1836, ""lng"": 91.7434}, {""name"": ""Srimanta Sankaradeva Kalakshetra"", ""lat"": 26.144, ""lng"": 91.8058}, {""name"": ""Hotel Nandan (stay 2)"", ""lat"": 26.168476, ""lng"": 91.569332}, {""name"": ""Sualkuchi Silk Village"", ""lat"": 26.1667, ""lng"": 91.5667}, {""name"": ""En route to Srimanta Sankaradeva Kalakshetra"", ""lat"": 26.1737, ""lng"": 91.759}, {""name"": ""En route to Srimanta Sankaradeva Kalakshetra"", ""lat"": 26.1638, ""lng"": 91.7746}, {""name"": ""En route to Srimanta Sankaradeva Kalakshetra"", ""lat"": 26.1539, ""lng"": 91.7902}, {""name"": ""En route to Novotel Guwahati GS Road (stay 1)"", ""lat"": 26.152785, ""lng"": 91.791082}, {""name"": ""En route to Novotel Guwahati GS Road (stay 1)"", ""lat"": 26.161569, ""lng"": 91.776364}]","[{""name"": ""Giulia Ferrari"", ""phone"": ""+39-8696420634"", ""relation"": ""family""}]",2026-09-01 10:00:00,2026-09-04 15:00:00,26.168857,91.569548,2026-09-04 06:44:36,82.2,1,active,2026-08-16 14:00:00,normal,Guwahati Market & Heritage Walk
150,STS-00E292072F9D,Manish Nair,Indian,aadhaar,XXXX-XXXX-9737,+91-8454881852,"[{""name"": ""Diphlu River Lodge, Kaziranga (stay 1)"", ""lat"": 23.833721, ""lng"": 91.28414}, {""name"": ""Agartala"", ""lat"": 23.8315, ""lng"": 91.2868}, {""name"": ""Hotel Nandan (stay 2)"", ""lat"": 25.672483, ""lng"": 94.1059}, {""name"": ""Kohima"", ""lat"": 25.6751, ""lng"": 94.1086}, {""name"": ""Hotel Dynasty, Lakhtokia (stay 3)"", ""lat"": 26.574099, ""lng"": 93.173879}, {""name"": ""Kaziranga National Park"", ""lat"": 26.5775, ""lng"": 93.1711}]","[{""name"": ""Gitanjali Kumar"", ""phone"": ""+91-7637370440"", ""relation"": ""family""}, {""name"": ""Debojit Gogoi"", ""phone"": ""+91-9620135907"", ""relation"": ""spouse""}]",2026-09-08 05:30:00,2026-09-23 09:30:00,,,,100.0,1,active,2026-08-30 18:30:00,inactivity,Seven Sisters Grand Tour
151,STS-69DF3294ADD5,Sabina Rahman,Bangladeshi,passport,BX8174025,+880-5913652605,"[{""name"": ""Vivanta Guwahati (stay 1)"", ""lat"": 26.165667, ""lng"": 91.758925}, {""name"": ""Basistha Temple"", ""lat"": 26.1132, ""lng"": 91.797}, {""name"": ""Navagraha Temple"", ""lat"": 26.1749, ""lng"": 91.7789}, {""name"": ""Umananda Island"", ""lat"": 26.1964, ""lng"": 91.7453}, {""name"": ""Kamakhya Temple"", ""lat"": 26.1664, ""lng"": 91.7055}, {""name"": ""Dolma Homestay, Tawang (stay 2)"", ""lat"": 26.366423, ""lng"": 91.632804}, {""name"": ""Madan Kamdev Ruins"", ""lat"": 26.3667, ""lng"": 91.6333}, {""name"": ""En route to Navagraha Temple"", ""lat"": 26.133767, ""lng"": 91.790967}, {""name"": ""En route to Navagraha Temple"", ""lat"": 26.154333, ""lng"": 91.784933}, {""name"": ""En route to Basistha Temple"", ""lat"": 26.148178, ""lng"": 91.771617}, {""name"": ""En route to Basistha Temple"", ""lat"": 26.130689, ""lng"": 91.784308}, {""name"": ""En route to Vivanta Guwahati (stay 1)"", ""lat"": 26.166156, ""lng"": 91.723308}, {""name"": ""En route to Vivanta Guwahati (stay 1)"", ""lat"": 26.165911, ""lng"": 91.741117}, {""name"": ""En route to Kamakhya Temple"", ""lat"": 26.1864, ""lng"": 91.732033}, {""name"": ""En route to Kamakhya Temple"", ""lat"": 26.1764, ""lng"": 91.718767}, {""name"": ""En route to Umananda Island"", ""lat"": 26.18565, ""lng"": 91.7621}]","[{""name"": ""Imran Rahman"", ""phone"": ""+880-4288273400"", ""relation"": ""family""}, {""name"": ""Jahid Khan"", ""phone"": ""+880-9430224168"", ""relation"": ""spouse""}]",2026-09-07 06:15:00,2026-09-10 11:15:00,,,,100.0,1,active,2026-08-22 13:15:00,normal,Guwahati Pilgrimage Circuit
152,STS-C036671F6853,Kavya Gogoi,Indian,aadhaar,XXXX-XXXX-3856,+91-8012761804,"[{""name"": ""Vivanta Guwahati (stay 1)"", ""lat"": 27.583902, ""lng"": 91.855696}, {""name"": ""Tawang Monastery"", ""lat"": 27.5861, ""lng"": 91.8594}, {""name"": ""Radisson Blu Guwahati (stay 2)"", ""lat"": 26.634161, ""lng"": 92.796227}, {""name"": ""Tezpur"", ""lat"": 26.6338, ""lng"": 92.8}, {""name"": ""Dolma Homestay, Tawang (stay 3)"", ""lat"": 26.186093, ""lng"": 91.750657}, {""name"": ""Guwahati Railway Station"", ""lat"": 26.1824, ""lng"": 91.7513}, {""name"": ""Dolma Homestay, Tawang (stay 4)"", ""lat"": 27.541542, ""lng"": 93.8324}, {""name"": ""Ziro Valley"", ""lat"": 27.5448, ""lng"": 93.832}]","[{""name"": ""Rahul Hazarika"", ""phone"": ""+91-7893663769"", ""relation"": ""family""}, {""name"": ""Rahul Ghosh"", ""phone"": ""+91-9737841952"", ""relation"": ""spouse""}]",2026-07-28 08:00:00,2026-08-09 20:00:00,27.541756,93.832086,2026-08-09 06:37:45,83.2,1,active,2026-07-25 18:00:00,normal,Arunachal High Himalaya
153,STS-236FE8DFC6EC,Elena Gomez,Spanish,passport,XD436061,+34-296274065,"[{""name"": ""Hotel Nandan (stay 1)"", ""lat"": 26.188869, ""lng"": 91.748415}, {""name"": ""Fancy Bazaar"", ""lat"": 26.1836, ""lng"": 91.7434}, {""name"": ""Dighalipukhuri"", ""lat"": 26.1861, ""lng"": 91.7503}, {""name"": ""Guwahati Planetarium"", ""lat"": 26.1856, ""lng"": 91.7625}]","[{""name"": ""Pablo Martinez"", ""phone"": ""+34-784483908"", ""relation"": ""family""}]",2026-08-30 10:00:00,2026-09-01 21:00:00,26.18891,91.748528,2026-09-01 06:35:28,79.8,1,active,2026-08-13 03:00:00,normal,Guwahati City Break
154,STS-6E6DBB3F9D3E,Rahul Bora,Indian,aadhaar,XXXX-XXXX-7119,+91-6112810017,"[{""name"": ""Ri Kynjai, Umiam (stay 1)"", ""lat"": 25.261342, ""lng"": 91.699935}, {""name"": ""Nohkalikai Falls"", ""lat"": 25.276, ""lng"": 91.6857}, {""name"": ""Living Root Bridge, Nongriat"", ""lat"": 25.247, ""lng"": 91.715}, {""name"": ""Diphlu River Lodge, Kaziranga (stay 2)"", ""lat"": 25.575693, ""lng"": 91.895792}, {""name"": ""Shillong"", ""lat"": 25.5788, ""lng"": 91.8933}, {""name"": ""Hotel Polo Towers, Shillong (stay 3)"", ""lat"": 26.185821, ""lng"": 91.753374}, {""name"": ""Guwahati Railway Station"", ""lat"": 26.1824, ""lng"": 91.7513}, {""name"": ""En route to Living Root Bridge, Nongriat"", ""lat"": 25.2615, ""lng"": 91.70035}]","[{""name"": ""Vikram Kalita"", ""phone"": ""+91-9813928405"", ""relation"": ""family""}, {""name"": ""Parag Das"", ""phone"": ""+91-9015066824"", ""relation"": ""spouse""}]",2026-08-22 11:30:00,2026-08-29 18:30:00,26.185501,91.753349,2026-08-29 06:47:38,79.3,1,active,2026-08-06 10:30:00,night_wanderer,Meghalaya Loop
155,STS-D80BC7F32599,Nikhil Sharma,Indian,aadhaar,XXXX-XXXX-2795,+91-8710841454,"[{""name"": ""Diphlu River Lodge, Kaziranga (stay 1)"", ""lat"": 23.834634, ""lng"": 91.286186}, {""name"": ""Agartala"", ""lat"": 23.8315, ""lng"": 91.2868}, {""name"": ""Ygdrasill Bamboo Resort, Cherrapunji (stay 2)"", ""lat"": 24.81658, ""lng"": 93.938291}, {""name"": ""Imphal"", ""lat"": 24.817, ""lng"": 93.9368}, {""name"": ""Novotel Guwahati GS Road (stay 3)"", ""lat"": 27.329986, ""lng"": 88.611949}, {""name"": ""Gangtok"", ""lat"": 27.3314, ""lng"": 88.6138}]","[{""name"": ""Ananya Barua"", ""phone"": ""+91-7781741238"", ""relation"": ""family""}, {""name"": ""Debojit Mishra"", ""phone"": ""+91-7657843083"", ""relation"": ""spouse""}, {""name"": ""Aarav Medhi"", ""phone"": ""+91-9483097258"", ""relation"": ""parent""}, {""name"": ""Manish Verma"", ""phone"": ""+91-9480467118"", ""relation"": ""tour_operator""}]",2026-08-09 06:15:00,2026-08-23 13:15:00,27.329786,88.611972,2026-08-23 06:37:21,83.1,1,active,2026-08-02 03:15:00,normal,Seven Sisters Grand Tour
156,STS-51EB6203CD62,Rituparna Kumar,Indian,aadhaar,XXXX-XXXX-9155,+91-8447409276,"[{""name"": ""Brahmaputra Jungle Resort (stay 1)"", ""lat"": 27.547502, ""lng"": 93.834869}, {""name"": ""Ziro Valley"", ""lat"": 27.5448, ""lng"": 93.832}, {""name"": ""Hotel Dynasty, Lakhtokia (stay 2)"", ""lat"": 27.589409, ""lng"": 91.860404}, {""name"": ""Tawang Monastery"", ""lat"": 27.5861, ""lng"": 91.8594}, {""name"": ""Radisson Blu Guwahati (stay 3)"", ""lat"": 26.185708, ""lng"": 91.747807}, {""name"": ""Guwahati Railway Station"", ""lat"": 26.1824, ""lng"": 91.7513}]","[{""name"": ""Arjun Patel"", ""phone"": ""+91-9075974151"", ""relation"": ""family""}, {""name"": ""Simanta Das"", ""phone"": ""+91-8941173521"", ""relation"": ""spouse""}, {""name"": ""Aarav Patel"", ""phone"": ""+91-7808605722"", ""relation"": ""employer""}, {""name"": ""Priya Banerjee"", ""phone"": ""+91-9864704866"", ""relation"": ""tour_operator""}]",2026-08-15 10:45:00,2026-08-28 15:45:00,26.185674,91.747774,2026-08-28 06:47:59,79.9,1,active,2026-08-14 09:45:00,normal,Arunachal High Himalaya
157,STS-66961063B461,Pranjal Banerjee,Indian,aadhaar,XXXX-XXXX-6009,+91-7997542337,"[{""name"": ""Hotel Nandan (stay 1)"", ""lat"": 26.166836, ""lng"": 91.763553}, {""name"": ""Fancy Bazaar"", ""lat"": 26.1836, ""lng"": 91.7434}, {""name"": ""Paltan Bazaar"", ""lat"": 26.1817, ""lng"": 91.7503}, {""name"": ""Srimanta Sankaradeva Kalakshetra"", ""lat"": 26.144, ""lng"": 91.8058}, {""name"": ""En route to Srimanta Sankaradeva Kalakshetra"", ""lat"": 26.169133, ""lng"": 91.7688}, {""name"": ""En route to Srimanta Sankaradeva Kalakshetra"", ""lat"": 26.156567, ""lng"": 91.7873}, {""name"": ""En route to Hotel Nandan (stay 1)"", ""lat"": 26.155418, ""lng"": 91.784677}, {""name"": ""En route to Fancy Bazaar"", ""lat"": 26.175218, ""lng"": 91.753477}]","[{""name"": ""Tanvi Rajkhowa"", ""phone"": ""+91-7446687255"", ""relation"": ""family""}]",2026-08-21 05:45:00,2026-08-25 12:45:00,26.166827,91.763917,2026-08-25 06:44:26,81.4,1,active,2026-08-13 16:45:00,normal,Guwahati Market & Heritage Walk
158,STS-30BFC839D0F6,Kavya Bhattacharya,Indian,aadhaar,XXXX-XXXX-3659,+91-8557512441,"[{""name"": ""Brahmaputra Jungle Resort (stay 1)"", ""lat"": 25.259679, ""lng"": 91.702879}, {""name"": ""Nohkalikai Falls"", ""lat"": 25.276, ""lng"": 91.6857}, {""name"": ""Living Root Bridge, Nongriat"", ""lat"": 25.247, ""lng"": 91.715}, {""name"": ""Ygdrasill Bamboo Resort, Cherrapunji (stay 2)"", ""lat"": 25.192836, ""lng"": 91.966354}, {""name"": ""Mawlynnong Village"", ""lat"": 25.2, ""lng"": 91.9167}, {""name"": ""Dawki / Umngot River"", ""lat"": 25.19, ""lng"": 92.02}, {""name"": ""Kiranshree Portico (stay 3)"", ""lat"": 25.617859, ""lng"": 91.888916}, {""name"": ""Shillong"", ""lat"": 25.5788, ""lng"": 91.8933}, {""name"": ""Umiam Lake"", ""lat"": 25.657, ""lng"": 91.889}, {""name"": ""En route to Dawki / Umngot River"", ""lat"": 25.198, ""lng"": 91.93736}, {""name"": ""En route to Dawki / Umngot River"", ""lat"": 25.196, ""lng"": 91.95802}, {""name"": ""En route to Dawki / Umngot River"", ""lat"": 25.194, ""lng"": 91.97868}, {""name"": ""En route to Dawki / Umngot River"", ""lat"": 25.192, ""lng"": 91.99934}, {""name"": ""En route to Umiam Lake"", ""lat"": 25.59835, ""lng"": 91.892225}, {""name"": ""En route to Umiam Lake"", ""lat"": 25.6179, ""lng"": 91.89115}, {""name"": ""En route to Umiam Lake"", ""lat"": 25.63745, ""lng"": 91.890075}, {""name"": ""En route to Ygdrasill Bamboo Resort, Cherrapunji (stay 2)"", ""lat"": 25.190945, ""lng"": 92.002118}, {""name"": ""En route to Ygdrasill Bamboo Resort, Cherrapunji (stay 2)"", ""lat"": 25.191891, ""lng"": 91.984236}, {""name"": ""En route to Mawlynnong Village"", ""lat"": 25.195224, ""lng"": 91.949803}, {""name"": ""En route to Mawlynnong Village"", ""lat"": 25.197612, ""lng"": 91.933251}, {""name"": ""En route to Living Root Bridge, Nongriat"", ""lat"": 25.2615, ""lng"": 91.70035}, {""name"": ""En route to Shillong"", ""lat"": 25.598329, ""lng"": 91.891108}, {""name"": ""En route to Kiranshree Portico (stay 3)"", ""lat"": 25.637429, ""lng"": 91.888958}, {""name"": ""En route to Nohkalikai Falls"", ""lat"": 25.26784, ""lng"": 91.694289}]","[{""name"": ""Aarav Phukan"", ""phone"": ""+91-6372710471"", ""relation"": ""family""}]",2026-08-01 11:00:00,2026-08-08 16:00:00,25.617946,91.888725,2026-08-08 06:59:28,78.2,1,sos,2026-07-29 17:00:00,sos_panic,Meghalaya Loop
159,STS-FC5BC73026B0,Alfie Wright,British,passport,396662426,+44-6581717445,"[{""name"": ""Dolma Homestay, Tawang (stay 1)"", ""lat"": 25.191002, ""lng"": 91.969181}, {""name"": ""Mawlynnong Village"", ""lat"": 25.2, ""lng"": 91.9167}, {""name"": ""Dawki / Umngot River"", ""lat"": 25.19, ""lng"": 92.02}, {""name"": ""Brahmaputra Jungle Resort (stay 2)"", ""lat"": 25.27373, ""lng"": 91.688263}, {""name"": ""Nohkalikai Falls"", ""lat"": 25.276, ""lng"": 91.6857}, {""name"": ""Kiranshree Portico (stay 3)"", ""lat"": 25.660404, ""lng"": 91.885361}, {""name"": ""Umiam Lake"", ""lat"": 25.657, ""lng"": 91.889}, {""name"": ""En route to Dawki / Umngot River"", ""lat"": 25.198, ""lng"": 91.93736}, {""name"": ""En route to Dawki / Umngot River"", ""lat"": 25.196, ""lng"": 91.95802}, {""name"": ""En route to Dawki / Umngot River"", ""lat"": 25.194, ""lng"": 91.97868}, {""name"": ""En route to Dawki / Umngot River"", ""lat"": 25.192, ""lng"": 91.99934}, {""name"": ""En route to Mawlynnong Village"", ""lat"": 25.194001, ""lng"": 91.951687}, {""name"": ""En route to Mawlynnong Village"", ""lat"": 25.197001, ""lng"": 91.934194}, {""name"": ""En route to Dolma Homestay, Tawang (stay 1)"", ""lat"": 25.190334, ""lng"": 92.00306}, {""name"": ""En route to Dolma Homestay, Tawang (stay 1)"", ""lat"": 25.190668, ""lng"": 91.986121}]","[{""name"": ""Thomas Turner"", ""phone"": ""+44-1095753399"", ""relation"": ""family""}, {""name"": ""Grace Wright"", ""phone"": ""+44-4483325414"", ""relation"": ""spouse""}, {""name"": ""Grace Wright"", ""phone"": ""+44-9588565660"", ""relation"": ""employer""}]",2026-08-19 07:15:00,2026-08-29 11:15:00,25.66078,91.885569,2026-08-29 06:57:24,64.3,1,active,2026-08-05 03:15:00,normal,Meghalaya Loop
160,STS-1A295F0E25A5,Kavya Deka,Indian,aadhaar,XXXX-XXXX-4256,+91-8920286700,"[{""name"": ""Novotel Guwahati GS Road (stay 1)"", ""lat"": 26.184489, ""lng"": 91.755189}, {""name"": ""Guwahati Railway Station"", ""lat"": 26.1824, ""lng"": 91.7513}, {""name"": ""Vivanta Guwahati (stay 2)"", ""lat"": 26.631781, ""lng"": 92.798203}, {""name"": ""Tezpur"", ""lat"": 26.6338, ""lng"": 92.8}, {""name"": ""Hotel Rajmahal (stay 3)"", ""lat"": 27.58775, ""lng"": 91.858729}, {""name"": ""Tawang Monastery"", ""lat"": 27.5861, ""lng"": 91.8594}, {""name"": ""Brahmaputra Jungle Resort (stay 4)"", ""lat"": 27.543695, ""lng"": 93.829884}, {""name"": ""Ziro Valley"", ""lat"": 27.5448, ""lng"": 93.832}]","[{""name"": ""Kavya Barua"", ""phone"": ""+91-9554771192"", ""relation"": ""family""}]",2026-08-13 11:30:00,2026-08-23 16:30:00,27.543492,93.830006,2026-08-23 06:58:58,80.8,1,active,2026-07-25 10:30:00,normal,Arunachal High Himalaya
161,STS-77872B2237D7,Nuwan Jayasuriya,Sri Lankan,passport,N2441226,+94-468313178,"[{""name"": ""Dolma Homestay, Tawang (stay 1)"", ""lat"": 25.189174, ""lng"": 92.020948}, {""name"": ""Dawki / Umngot River"", ""lat"": 25.19, ""lng"": 92.02}, {""name"": ""La Maison de Ananda, Majuli (stay 2)"", ""lat"": 25.286344, ""lng"": 91.684139}, {""name"": ""Nohkalikai Falls"", ""lat"": 25.276, ""lng"": 91.6857}, {""name"": ""Cherrapunji (Sohra)"", ""lat"": 25.2912, ""lng"": 91.6783}, {""name"": ""Novotel Guwahati GS Road (stay 3)"", ""lat"": 25.615639, ""lng"": 91.887324}, {""name"": ""Shillong"", ""lat"": 25.5788, ""lng"": 91.8933}, {""name"": ""Umiam Lake"", ""lat"": 25.657, ""lng"": 91.889}, {""name"": ""Wild Mahseer, Balipara (stay 4)"", ""lat"": 26.186118, ""lng"": 91.750819}, {""name"": ""Guwahati Railway Station"", ""lat"": 26.1824, ""lng"": 91.7513}, {""name"": ""En route to Umiam Lake"", ""lat"": 25.59835, ""lng"": 91.892225}, {""name"": ""En route to Umiam Lake"", ""lat"": 25.6179, ""lng"": 91.89115}, {""name"": ""En route to Umiam Lake"", ""lat"": 25.63745, ""lng"": 91.890075}, {""name"": ""En route to Novotel Guwahati GS Road (stay 3)"", ""lat"": 25.636319, ""lng"": 91.888162}, {""name"": ""En route to Shillong"", ""lat"": 25.59722, ""lng"": 91.890312}]","[{""name"": ""Nuwan Silva"", ""phone"": ""+94-276869464"", ""relation"": ""family""}, {""name"": ""Nuwan Bandara"", ""phone"": ""+94-166272602"", ""relation"": ""spouse""}, {""name"": ""Dilani Silva"", ""phone"": ""+94-670806994"", ""relation"": ""family""}, {""name"": ""Ishara Fernando"", ""phone"": ""+94-314278459"", ""relation"": ""colleague""}]",2026-07-27 05:30:00,2026-08-01 09:30:00,26.185999,91.750764,2026-08-01 06:43:46,81.7,1,active,2026-07-16 02:30:00,normal,Meghalaya Loop
162,STS-E70A78A43CF6,Bishal Deka,Indian,aadhaar,XXXX-XXXX-9256,+91-7193701828,"[{""name"": ""Wild Mahseer, Balipara (stay 1)"", ""lat"": 25.935687, ""lng"": 91.431896}, {""name"": ""Chandubi Lake"", ""lat"": 25.9333, ""lng"": 91.4333}, {""name"": ""Novotel Guwahati GS Road (stay 2)"", ""lat"": 26.091314, ""lng"": 91.591109}, {""name"": ""Accoland Water Park"", ""lat"": 26.09, ""lng"": 91.59}, {""name"": ""Radisson Blu Guwahati (stay 3)"", ""lat"": 26.176083, ""lng"": 91.782933}, {""name"": ""Assam State Zoo & Botanical Garden"", ""lat"": 26.178, ""lng"": 91.786}, {""name"": ""Novotel Guwahati GS Road (stay 4)"", ""lat"": 26.23236, ""lng"": 92.086651}, {""name"": ""Pobitora Wildlife Sanctuary"", ""lat"": 26.2333, ""lng"": 92.0833}]","[{""name"": ""Anjali Sen"", ""phone"": ""+91-9534942274"", ""relation"": ""family""}, {""name"": ""Utpal Medhi"", ""phone"": ""+91-8236876065"", ""relation"": ""spouse""}, {""name"": ""Kavya Bora"", ""phone"": ""+91-8974404717"", ""relation"": ""spouse""}, {""name"": ""Hemanta Ghosh"", ""phone"": ""+91-6749632725"", ""relation"": ""embassy""}]",2026-08-24 06:45:00,2026-08-27 09:45:00,26.17576,91.783189,2026-08-27 06:33:20,81.5,1,active,2026-08-22 13:45:00,normal,Guwahati Nature & Wildlife
163,STS-DD659F29B6AC,Rumana Sarkar,Bangladeshi,passport,BX9559571,+880-8062763757,"[{""name"": ""Ginger Guwahati (stay 1)"", ""lat"": 26.181581, ""lng"": 91.757932}, {""name"": ""Guwahati Planetarium"", ""lat"": 26.1856, ""lng"": 91.7625}, {""name"": ""Gandhi Mandap, Sarania Hill"", ""lat"": 26.175, ""lng"": 91.758}, {""name"": ""Assam State Museum"", ""lat"": 26.1857, ""lng"": 91.7481}, {""name"": ""Nehru Park"", ""lat"": 26.1857, ""lng"": 91.7477}]","[{""name"": ""Karim Sarkar"", ""phone"": ""+880-7652681595"", ""relation"": ""family""}]",2026-07-28 10:30:00,2026-08-01 22:30:00,26.181375,91.757573,2026-08-01 06:44:09,81.7,1,active,2026-07-12 13:30:00,normal,Guwahati City Break
164,STS-72794C68E0F7,Bhaskar Ghosh,Indian,passport,Z3444387,+91-9723081907,"[{""name"": ""Ginger Guwahati (stay 1)"", ""lat"": 26.154954, ""lng"": 91.779799}, {""name"": ""Guwahati Railway Station"", ""lat"": 26.1824, ""lng"": 91.7513}, {""name"": ""Ganeshguri Junction"", ""lat"": 26.147, ""lng"": 91.79}, {""name"": ""Dispur Secretariat"", ""lat"": 26.142, ""lng"": 91.79}, {""name"": ""En route to Ganeshguri Junction"", ""lat"": 26.1706, ""lng"": 91.7642}, {""name"": ""En route to Ganeshguri Junction"", ""lat"": 26.1588, ""lng"": 91.7771}, {""name"": ""En route to Guwahati Railway Station"", ""lat"": 26.168677, ""lng"": 91.765549}]","[{""name"": ""Divya Das"", ""phone"": ""+91-7630708959"", ""relation"": ""family""}]",2026-08-18 05:30:00,2026-08-19 16:30:00,26.154582,91.779986,2026-08-19 06:34:59,81.9,1,active,2026-08-02 21:30:00,normal,Business / Transit Stay
165,STS-B8E7168E9278,Anurag Baishya,Indian,aadhaar,XXXX-XXXX-2437,+91-6444595524,"[{""name"": ""Hotel Nandan (stay 1)"", ""lat"": 27.542658, ""lng"": 93.830856}, {""name"": ""Ziro Valley"", ""lat"": 27.5448, ""lng"": 93.832}, {""name"": ""Hotel Rajmahal (stay 2)"", ""lat"": 26.637105, ""lng"": 92.801537}, {""name"": ""Tezpur"", ""lat"": 26.6338, ""lng"": 92.8}, {""name"": ""Hotel Nandan (stay 3)"", ""lat"": 26.180577, ""lng"": 91.75527}, {""name"": ""Guwahati Railway Station"", ""lat"": 26.1824, ""lng"": 91.7513}, {""name"": ""Hotel Nandan (stay 4)"", ""lat"": 27.582599, ""lng"": 91.858812}, {""name"": ""Tawang Monastery"", ""lat"": 27.5861, ""lng"": 91.8594}]","[{""name"": ""Bishal Nair"", ""phone"": ""+91-7973062762"", ""relation"": ""family""}, {""name"": ""Aarav Bora"", ""phone"": ""+91-6501141986"", ""relation"": ""spouse""}]",2026-08-01 09:30:00,2026-08-10 11:30:00,27.582904,91.858873,2026-08-10 06:41:35,54.6,1,active,2026-07-27 12:30:00,night_wanderer,Arunachal High Himalaya
166,STS-01C1B688DBC1,Bhaskar Dutta,Indian,aadhaar,XXXX-XXXX-5356,+91-9197012801,"[{""name"": ""Wild Mahseer, Balipara (stay 1)"", ""lat"": 26.189226, ""lng"": 91.746895}, {""name"": ""Uzan Bazar Ghat"", ""lat"": 26.19, ""lng"": 91.759}, {""name"": ""Pan Bazaar"", ""lat"": 26.1856, ""lng"": 91.7455}, {""name"": ""Fancy Bazaar"", ""lat"": 26.1836, ""lng"": 91.7434}]","[{""name"": ""Siddharth Bhattacharya"", ""phone"": ""+91-8946719346"", ""relation"": ""family""}, {""name"": ""Mridula Sen"", ""phone"": ""+91-6094362622"", ""relation"": ""spouse""}, {""name"": ""Mridula Phukan"", ""phone"": ""+91-9726211985"", ""relation"": ""embassy""}]",2026-08-18 09:30:00,2026-08-22 20:30:00,26.1892,91.746848,2026-08-22 06:50:55,80.3,1,active,2026-07-29 23:30:00,normal,Guwahati Market & Heritage Walk
167,STS-F75BE10BAE42,Anurag Patel,Indian,aadhaar,XXXX-XXXX-5662,+91-8147025343,"[{""name"": ""Wild Mahseer, Balipara (stay 1)"", ""lat"": 26.164237, ""lng"": 91.75942}, {""name"": ""Kamakhya Temple"", ""lat"": 26.1664, ""lng"": 91.7055}, {""name"": ""Umananda Island"", ""lat"": 26.1964, ""lng"": 91.7453}, {""name"": ""Navagraha Temple"", ""lat"": 26.1749, ""lng"": 91.7789}, {""name"": ""Basistha Temple"", ""lat"": 26.1132, ""lng"": 91.797}, {""name"": ""Ginger Guwahati (stay 2)"", ""lat"": 26.252847, ""lng"": 91.517852}, {""name"": ""Hajo Pilgrimage Town"", ""lat"": 26.25, ""lng"": 91.5167}, {""name"": ""Novotel Guwahati GS Road (stay 3)"", ""lat"": 26.362791, ""lng"": 91.632563}, {""name"": ""Madan Kamdev Ruins"", ""lat"": 26.3667, ""lng"": 91.6333}, {""name"": ""En route to Basistha Temple"", ""lat"": 26.154333, ""lng"": 91.784933}, {""name"": ""En route to Basistha Temple"", ""lat"": 26.133767, ""lng"": 91.790967}, {""name"": ""En route to Wild Mahseer, Balipara (stay 1)"", ""lat"": 26.130212, ""lng"": 91.784473}, {""name"": ""En route to Wild Mahseer, Balipara (stay 1)"", ""lat"": 26.147225, ""lng"": 91.771947}, {""name"": ""En route to Kamakhya Temple"", ""lat"": 26.164958, ""lng"": 91.741447}, {""name"": ""En route to Kamakhya Temple"", ""lat"": 26.165679, ""lng"": 91.723473}, {""name"": ""En route to Umananda Island"", ""lat"": 26.1764, ""lng"": 91.718767}, {""name"": ""En route to Umananda Island"", ""lat"": 26.1864, ""lng"": 91.732033}, {""name"": ""En route to Navagraha Temple"", ""lat"": 26.18565, ""lng"": 91.7621}]","[{""name"": ""Hemanta Choudhury"", ""phone"": ""+91-8939126304"", ""relation"": ""family""}, {""name"": ""Anjali Rajkhowa"", ""phone"": ""+91-8903859985"", ""relation"": ""spouse""}]",2026-08-14 10:00:00,2026-08-17 12:00:00,26.362492,91.632869,2026-08-17 06:49:14,81.3,1,active,2026-07-28 19:00:00,normal,Guwahati Pilgrimage Circuit
168,STS-A34515D72B17,Chandana Nair,Indian,aadhaar,XXXX-XXXX-3886,+91-8589047712,"[{""name"": ""Kiranshree Portico (stay 1)"", ""lat"": 26.174463, ""lng"": 91.757968}, {""name"": ""Pan Bazaar"", ""lat"": 26.1856, ""lng"": 91.7455}, {""name"": ""Fancy Bazaar"", ""lat"": 26.1836, ""lng"": 91.7434}, {""name"": ""Paltan Bazaar"", ""lat"": 26.1817, ""lng"": 91.7503}, {""name"": ""Uzan Bazar Ghat"", ""lat"": 26.19, ""lng"": 91.759}, {""name"": ""Srimanta Sankaradeva Kalakshetra"", ""lat"": 26.144, ""lng"": 91.8058}, {""name"": ""En route to Srimanta Sankaradeva Kalakshetra"", ""lat"": 26.174667, ""lng"": 91.7746}, {""name"": ""En route to Srimanta Sankaradeva Kalakshetra"", ""lat"": 26.159333, ""lng"": 91.7902}, {""name"": ""En route to Kiranshree Portico (stay 1)"", ""lat"": 26.154154, ""lng"": 91.789856}, {""name"": ""En route to Kiranshree Portico (stay 1)"", ""lat"": 26.164309, ""lng"": 91.773912}]","[{""name"": ""Riya Bhattacharya"", ""phone"": ""+91-8426928604"", ""relation"": ""family""}, {""name"": ""Kabir Bora"", ""phone"": ""+91-7915383474"", ""relation"": ""spouse""}, {""name"": ""Divya Ghosh"", ""phone"": ""+91-8820006410"", ""relation"": ""tour_operator""}]",2026-08-11 06:00:00,2026-08-14 09:00:00,26.174781,91.758071,2026-08-14 06:52:10,79.2,1,active,2026-07-22 00:00:00,abduction_pattern,Guwahati Market & Heritage Walk
169,STS-EA106688B689,Utpal Reddy,Indian,aadhaar,XXXX-XXXX-2919,+91-6376797115,"[{""name"": ""Radisson Blu Guwahati (stay 1)"", ""lat"": 26.140531, ""lng"": 91.78498}, {""name"": ""Basistha Temple"", ""lat"": 26.1132, ""lng"": 91.797}, {""name"": ""Navagraha Temple"", ""lat"": 26.1749, ""lng"": 91.7789}, {""name"": ""Hotel Dynasty, Lakhtokia (stay 2)"", ""lat"": 26.36849, ""lng"": 91.633911}, {""name"": ""Madan Kamdev Ruins"", ""lat"": 26.3667, ""lng"": 91.6333}, {""name"": ""Hotel Polo Towers, Shillong (stay 3)"", ""lat"": 26.24789, ""lng"": 91.5199}, {""name"": ""Hajo Pilgrimage Town"", ""lat"": 26.25, ""lng"": 91.5167}, {""name"": ""En route to Navagraha Temple"", ""lat"": 26.133767, ""lng"": 91.790967}, {""name"": ""En route to Navagraha Temple"", ""lat"": 26.154333, ""lng"": 91.784933}, {""name"": ""En route to Radisson Blu Guwahati (stay 1)"", ""lat"": 26.157716, ""lng"": 91.78194}, {""name"": ""En route to Basistha Temple"", ""lat"": 26.126866, ""lng"": 91.79099}]","[{""name"": ""Siddharth Bhattacharya"", ""phone"": ""+91-7238768122"", ""relation"": ""family""}, {""name"": ""Junmoni Sharma"", ""phone"": ""+91-8510720901"", ""relation"": ""spouse""}, {""name"": ""Kavya Medhi"", ""phone"": ""+91-7768891271"", ""relation"": ""friend""}]",2026-08-22 09:00:00,2026-08-27 20:00:00,26.248237,91.519593,2026-08-27 06:40:12,82.0,1,active,2026-08-02 04:00:00,normal,Guwahati Pilgrimage Circuit
170,STS-C211601CAFE4,Amelia Baker,British,passport,138348023,+44-6431394612,"[{""name"": ""Hotel Nandan (stay 1)"", ""lat"": 27.542258, ""lng"": 93.834367}, {""name"": ""Ziro Valley"", ""lat"": 27.5448, ""lng"": 93.832}, {""name"": ""Diphlu River Lodge, Kaziranga (stay 2)"", ""lat"": 26.635673, ""lng"": 92.803051}, {""name"": ""Tezpur"", ""lat"": 26.6338, ""lng"": 92.8}, {""name"": ""Wild Mahseer, Balipara (stay 3)"", ""lat"": 26.185612, ""lng"": 91.748174}, {""name"": ""Guwahati Railway Station"", ""lat"": 26.1824, ""lng"": 91.7513}]","[{""name"": ""Amelia Green"", ""phone"": ""+44-9507071358"", ""relation"": ""family""}, {""name"": ""Amelia Baker"", ""phone"": ""+44-6990675887"", ""relation"": ""spouse""}]",2026-08-05 06:15:00,2026-08-12 10:15:00,26.186007,91.747781,2026-08-12 06:40:12,80.4,1,active,2026-07-25 21:15:00,normal,Arunachal High Himalaya
171,STS-ED466AFC03D2,Chandana Verma,Indian,aadhaar,XXXX-XXXX-4427,+91-6102562824,"[{""name"": ""La Maison de Ananda, Majuli (stay 1)"", ""lat"": 25.581745, ""lng"": 91.896197}, {""name"": ""Shillong"", ""lat"": 25.5788, ""lng"": 91.8933}, {""name"": ""Dolma Homestay, Tawang (stay 2)"", ""lat"": 25.243464, ""lng"": 91.713861}, {""name"": ""Living Root Bridge, Nongriat"", ""lat"": 25.247, ""lng"": 91.715}, {""name"": ""Hotel Dynasty, Lakhtokia (stay 3)"", ""lat"": 25.192908, ""lng"": 91.970218}, {""name"": ""Mawlynnong Village"", ""lat"": 25.2, ""lng"": 91.9167}, {""name"": ""Dawki / Umngot River"", ""lat"": 25.19, ""lng"": 92.02}, {""name"": ""En route to Dawki / Umngot River"", ""lat"": 25.198, ""lng"": 91.93736}, {""name"": ""En route to Dawki / Umngot River"", ""lat"": 25.196, ""lng"": 91.95802}, {""name"": ""En route to Dawki / Umngot River"", ""lat"": 25.194, ""lng"": 91.97868}, {""name"": ""En route to Dawki / Umngot River"", ""lat"": 25.192, ""lng"": 91.99934}, {""name"": ""En route to Mawlynnong Village"", ""lat"": 25.195272, ""lng"": 91.952379}, {""name"": ""En route to Mawlynnong Village"", ""lat"": 25.197636, ""lng"": 91.934539}, {""name"": ""En route to Hotel Dynasty, Lakhtokia (stay 3)"", ""lat"": 25.190969, ""lng"": 92.003406}, {""name"": ""En route to Hotel Dynasty, Lakhtokia (stay 3)"", ""lat"": 25.191939, ""lng"": 91.986812}]","[{""name"": ""Anurag Verma"", ""phone"": ""+91-6717873065"", ""relation"": ""family""}, {""name"": ""Pooja Verma"", ""phone"": ""+91-8171091729"", ""relation"": ""spouse""}]",2026-09-07 10:30:00,2026-09-16 12:30:00,,,,100.0,0,active,2026-08-29 07:30:00,normal,Meghalaya Loop
172,STS-CC48EE9A4AD0,Nusrat Begum,Bangladeshi,passport,BX2433088,+880-6263488054,"[{""name"": ""Hotel Dynasty, Lakhtokia (stay 1)"", ""lat"": 25.578339, ""lng"": 91.894636}, {""name"": ""Shillong"", ""lat"": 25.5788, ""lng"": 91.8933}, {""name"": ""Vivanta Guwahati (stay 2)"", ""lat"": 26.106379, ""lng"": 91.587358}, {""name"": ""LGB International Airport"", ""lat"": 26.1061, ""lng"": 91.5859}, {""name"": ""Kiranshree Portico (stay 3)"", ""lat"": 26.579919, ""lng"": 93.169485}, {""name"": ""Kaziranga National Park"", ""lat"": 26.5775, ""lng"": 93.1711}, {""name"": ""Ri Kynjai, Umiam (stay 4)"", ""lat"": 24.818005, ""lng"": 93.934708}, {""name"": ""Imphal"", ""lat"": 24.817, ""lng"": 93.9368}]","[{""name"": ""Nusrat Alam"", ""phone"": ""+880-6243944092"", ""relation"": ""family""}, {""name"": ""Tanvir Sarkar"", ""phone"": ""+880-2877465829"", ""relation"": ""spouse""}, {""name"": ""Imran Chowdhury"", ""phone"": ""+880-9171656739"", ""relation"": ""friend""}, {""name"": ""Jahid Chowdhury"", ""phone"": ""+880-8969340225"", ""relation"": ""friend""}]",2026-08-20 09:00:00,2026-09-04 14:00:00,24.818311,93.934557,2026-09-04 06:51:03,79.4,1,active,2026-07-30 15:00:00,normal,Seven Sisters Grand Tour
173,STS-0AF725E81E19,Kavya Verma,Indian,aadhaar,XXXX-XXXX-3947,+91-6324071927,"[{""name"": ""Hotel Dynasty, Lakhtokia (stay 1)"", ""lat"": 26.109614, ""lng"": 91.587682}, {""name"": ""LGB International Airport"", ""lat"": 26.1061, ""lng"": 91.5859}, {""name"": ""Novotel Guwahati GS Road (stay 2)"", ""lat"": 26.141523, ""lng"": 91.793919}, {""name"": ""Dispur Secretariat"", ""lat"": 26.142, ""lng"": 91.79}, {""name"": ""Six Mile"", ""lat"": 26.135, ""lng"": 91.805}]","[{""name"": ""Bornali Baishya"", ""phone"": ""+91-8804009230"", ""relation"": ""family""}, {""name"": ""Nikhil Reddy"", ""phone"": ""+91-7885486902"", ""relation"": ""spouse""}]",2026-08-15 09:00:00,2026-08-18 11:00:00,26.141631,91.794242,2026-08-18 06:49:51,80.4,1,active,2026-08-14 03:00:00,normal,Business / Transit Stay
174,STS-1BCAC5F5C333,Oliver Hall,British,passport,250279648,+44-8730998251,"[{""name"": ""Dolma Homestay, Tawang (stay 1)"", ""lat"": 26.185342, ""lng"": 91.754402}, {""name"": ""Guwahati Railway Station"", ""lat"": 26.1824, ""lng"": 91.7513}, {""name"": ""Brahmaputra Jungle Resort (stay 2)"", ""lat"": 25.575616, ""lng"": 91.894967}, {""name"": ""Shillong"", ""lat"": 25.5788, ""lng"": 91.8933}, {""name"": ""Diphlu River Lodge, Kaziranga (stay 3)"", ""lat"": 25.286961, ""lng"": 91.684751}, {""name"": ""Cherrapunji (Sohra)"", ""lat"": 25.2912, ""lng"": 91.6783}, {""name"": ""Nohkalikai Falls"", ""lat"": 25.276, ""lng"": 91.6857}, {""name"": ""Ginger Guwahati (stay 4)"", ""lat"": 25.193567, ""lng"": 92.022104}, {""name"": ""Dawki / Umngot River"", ""lat"": 25.19, ""lng"": 92.02}]","[{""name"": ""Oliver Baker"", ""phone"": ""+44-8261989486"", ""relation"": ""family""}, {""name"": ""Sophie Walker"", ""phone"": ""+44-8985687440"", ""relation"": ""spouse""}]",2026-08-01 11:30:00,2026-08-12 01:30:00,25.193342,92.022481,2026-08-11 06:40:31,37.6,1,active,2026-07-16 10:30:00,normal,Meghalaya Loop
175,STS-803FB95ED827,Rohan Kalita,Indian,aadhaar,XXXX-XXXX-3614,+91-7939295752,"[{""name"": ""La Maison de Ananda, Majuli (stay 1)"", ""lat"": 26.185256, ""lng"": 91.753907}, {""name"": ""Guwahati Railway Station"", ""lat"": 26.1824, ""lng"": 91.7513}, {""name"": ""Ygdrasill Bamboo Resort, Cherrapunji (stay 2)"", ""lat"": 26.63538, ""lng"": 92.798573}, {""name"": ""Tezpur"", ""lat"": 26.6338, ""lng"": 92.8}, {""name"": ""La Maison de Ananda, Majuli (stay 3)"", ""lat"": 27.583804, ""lng"": 91.856911}, {""name"": ""Tawang Monastery"", ""lat"": 27.5861, ""lng"": 91.8594}, {""name"": ""Kiranshree Portico (stay 4)"", ""lat"": 27.54555, ""lng"": 93.828727}, {""name"": ""Ziro Valley"", ""lat"": 27.5448, ""lng"": 93.832}]","[{""name"": ""Nikhil Mishra"", ""phone"": ""+91-7169361759"", ""relation"": ""family""}, {""name"": ""Kabir Nath"", ""phone"": ""+91-7285375655"", ""relation"": ""spouse""}, {""name"": ""Debojit Singh"", ""phone"": ""+91-9340380020"", ""relation"": ""embassy""}, {""name"": ""Diphlu River Lodge, Kaziranga Front Desk"", ""phone"": ""+91-7395536663"", ""relation"": ""hotel""}]",2026-08-21 06:45:00,2026-08-29 11:45:00,27.545637,93.828465,2026-08-29 06:56:41,82.4,1,active,2026-08-18 15:45:00,abduction_pattern,Arunachal High Himalaya
176,STS-28BBCC0932A3,Rohan Sen,Indian,aadhaar,XXXX-XXXX-8753,+91-9589382142,"[{""name"": ""Hotel Nandan (stay 1)"", ""lat"": 26.185702, ""lng"": 91.752409}, {""name"": ""Assam State Museum"", ""lat"": 26.1857, ""lng"": 91.7481}, {""name"": ""Nehru Park"", ""lat"": 26.1857, ""lng"": 91.7477}, {""name"": ""Guwahati Planetarium"", ""lat"": 26.1856, ""lng"": 91.7625}]","[{""name"": ""Gitanjali Dutta"", ""phone"": ""+91-9973898098"", ""relation"": ""family""}, {""name"": ""Vikram Sen"", ""phone"": ""+91-7075020741"", ""relation"": ""spouse""}, {""name"": ""Vikram Kalita"", ""phone"": ""+91-9981993161"", ""relation"": ""spouse""}]",2026-09-06 10:00:00,2026-09-09 22:00:00,,,,100.0,1,active,2026-08-25 04:00:00,high_speed_transit,Guwahati City Break
177,STS-3E63527691BB,Jayanta Das,Indian,aadhaar,XXXX-XXXX-4154,+91-7047517908,"[{""name"": ""Ygdrasill Bamboo Resort, Cherrapunji (stay 1)"", ""lat"": 26.176066, ""lng"": 91.760658}, {""name"": ""Uzan Bazar Ghat"", ""lat"": 26.19, ""lng"": 91.759}, {""name"": ""Pan Bazaar"", ""lat"": 26.1856, ""lng"": 91.7455}, {""name"": ""Fancy Bazaar"", ""lat"": 26.1836, ""lng"": 91.7434}, {""name"": ""Srimanta Sankaradeva Kalakshetra"", ""lat"": 26.144, ""lng"": 91.8058}, {""name"": ""En route to Srimanta Sankaradeva Kalakshetra"", ""lat"": 26.1737, ""lng"": 91.759}, {""name"": ""En route to Srimanta Sankaradeva Kalakshetra"", ""lat"": 26.1638, ""lng"": 91.7746}, {""name"": ""En route to Srimanta Sankaradeva Kalakshetra"", ""lat"": 26.1539, ""lng"": 91.7902}, {""name"": ""En route to Ygdrasill Bamboo Resort, Cherrapunji (stay 1)"", ""lat"": 26.154689, ""lng"": 91.790753}, {""name"": ""En route to Ygdrasill Bamboo Resort, Cherrapunji (stay 1)"", ""lat"": 26.165377, ""lng"": 91.775705}]","[{""name"": ""Riya Nair"", ""phone"": ""+91-7916444785"", ""relation"": ""family""}, {""name"": ""Hemanta Gogoi"", ""phone"": ""+91-7387419230"", ""relation"": ""spouse""}, {""name"": ""Bhaskar Sharma"", ""phone"": ""+91-8613085307"", ""relation"": ""spouse""}]",2026-09-09 10:15:00,2026-09-12 20:15:00,,,,100.0,1,active,2026-08-30 17:15:00,missing_person,Guwahati Market & Heritage Walk
178,STS-C51E079002F7,Arjun Gogoi,Indian,aadhaar,XXXX-XXXX-5594,+91-8849236625,"[{""name"": ""Diphlu River Lodge, Kaziranga (stay 1)"", ""lat"": 26.147948, ""lng"": 91.783851}, {""name"": ""Guwahati Railway Station"", ""lat"": 26.1824, ""lng"": 91.7513}, {""name"": ""Ganeshguri Junction"", ""lat"": 26.147, ""lng"": 91.79}, {""name"": ""Dispur Secretariat"", ""lat"": 26.142, ""lng"": 91.79}, {""name"": ""Six Mile"", ""lat"": 26.135, ""lng"": 91.805}, {""name"": ""Hotel Polo Towers, Shillong (stay 2)"", ""lat"": 26.105639, ""lng"": 91.583162}, {""name"": ""LGB International Airport"", ""lat"": 26.1061, ""lng"": 91.5859}, {""name"": ""En route to Ganeshguri Junction"", ""lat"": 26.1706, ""lng"": 91.7642}, {""name"": ""En route to Ganeshguri Junction"", ""lat"": 26.1588, ""lng"": 91.7771}, {""name"": ""En route to Guwahati Railway Station"", ""lat"": 26.159432, ""lng"": 91.773001}, {""name"": ""En route to Guwahati Railway Station"", ""lat"": 26.170916, ""lng"": 91.76215}, {""name"": ""En route to Diphlu River Lodge, Kaziranga (stay 1)"", ""lat"": 26.141474, ""lng"": 91.794426}]","[{""name"": ""Priya Bora"", ""phone"": ""+91-8098637273"", ""relation"": ""family""}, {""name"": ""Gitanjali Das"", ""phone"": ""+91-9988004003"", ""relation"": ""spouse""}]",2026-08-14 09:15:00,2026-08-15 23:15:00,26.14812,91.783745,2026-08-15 06:54:44,79.1,1,active,2026-07-27 08:15:00,device_fall,Business / Transit Stay
179,STS-E7633151633A,Hannah Morin,Canadian,passport,HJ186563,+1-3438248427,"[{""name"": ""Novotel Guwahati GS Road (stay 1)"", ""lat"": 26.180832, ""lng"": 91.75527}, {""name"": ""Guwahati Railway Station"", ""lat"": 26.1824, ""lng"": 91.7513}, {""name"": ""Hotel Polo Towers, Shillong (stay 2)"", ""lat"": 26.631761, ""lng"": 92.800725}, {""name"": ""Tezpur"", ""lat"": 26.6338, ""lng"": 92.8}, {""name"": ""Diphlu River Lodge, Kaziranga (stay 3)"", ""lat"": 27.585007, ""lng"": 91.856306}, {""name"": ""Tawang Monastery"", ""lat"": 27.5861, ""lng"": 91.8594}, {""name"": ""Brahmaputra Jungle Resort (stay 4)"", ""lat"": 27.543745, ""lng"": 93.835656}, {""name"": ""Ziro Valley"", ""lat"": 27.5448, ""lng"": 93.832}]","[{""name"": ""Nathan Tremblay"", ""phone"": ""+1-8739078591"", ""relation"": ""family""}, {""name"": ""Lucas Bouchard"", ""phone"": ""+1-9308145917"", ""relation"": ""spouse""}]",2026-09-09 08:45:00,2026-09-17 16:45:00,,,,100.0,1,active,2026-09-06 09:45:00,normal,Arunachal High Himalaya
180,STS-20A912740B3C,Divya Dutta,Indian,aadhaar,XXXX-XXXX-1246,+91-8996794160,"[{""name"": ""Hotel Rajmahal (stay 1)"", ""lat"": 26.197224, ""lng"": 91.745789}, {""name"": ""Umananda Island"", ""lat"": 26.1964, ""lng"": 91.7453}, {""name"": ""La Maison de Ananda, Majuli (stay 2)"", ""lat"": 26.365825, ""lng"": 91.632152}, {""name"": ""Madan Kamdev Ruins"", ""lat"": 26.3667, ""lng"": 91.6333}, {""name"": ""Novotel Guwahati GS Road (stay 3)"", ""lat"": 26.247955, ""lng"": 91.514929}, {""name"": ""Hajo Pilgrimage Town"", ""lat"": 26.25, ""lng"": 91.5167}]","[{""name"": ""Kabir Hazarika"", ""phone"": ""+91-9639323529"", ""relation"": ""family""}, {""name"": ""Vikram Mishra"", ""phone"": ""+91-6962188118"", ""relation"": ""spouse""}]",2026-08-15 06:30:00,2026-08-19 18:30:00,26.248062,91.514995,2026-08-19 06:31:08,83.0,1,active,2026-08-12 11:30:00,normal,Guwahati Pilgrimage Circuit
181,STS-AC5D4F0DEB70,Jayanta Verma,Indian,aadhaar,XXXX-XXXX-5383,+91-9778996882,"[{""name"": ""Kiranshree Portico (stay 1)"", ""lat"": 26.160812, ""lng"": 91.759542}, {""name"": ""Kamakhya Temple"", ""lat"": 26.1664, ""lng"": 91.7055}, {""name"": ""Umananda Island"", ""lat"": 26.1964, ""lng"": 91.7453}, {""name"": ""Navagraha Temple"", ""lat"": 26.1749, ""lng"": 91.7789}, {""name"": ""Basistha Temple"", ""lat"": 26.1132, ""lng"": 91.797}, {""name"": ""Kiranshree Portico (stay 2)"", ""lat"": 26.249423, ""lng"": 91.517735}, {""name"": ""Hajo Pilgrimage Town"", ""lat"": 26.25, ""lng"": 91.5167}, {""name"": ""Brahmaputra Jungle Resort (stay 3)"", ""lat"": 26.365314, ""lng"": 91.634983}, {""name"": ""Madan Kamdev Ruins"", ""lat"": 26.3667, ""lng"": 91.6333}, {""name"": ""En route to Basistha Temple"", ""lat"": 26.154333, ""lng"": 91.784933}, {""name"": ""En route to Basistha Temple"", ""lat"": 26.133767, ""lng"": 91.790967}, {""name"": ""En route to Kiranshree Portico (stay 1)"", ""lat"": 26.129071, ""lng"": 91.784514}, {""name"": ""En route to Kiranshree Portico (stay 1)"", ""lat"": 26.144941, ""lng"": 91.772028}, {""name"": ""En route to Kamakhya Temple"", ""lat"": 26.162675, ""lng"": 91.741528}, {""name"": ""En route to Kamakhya Temple"", ""lat"": 26.164537, ""lng"": 91.723514}, {""name"": ""En route to Umananda Island"", ""lat"": 26.1764, ""lng"": 91.718767}, {""name"": ""En route to Umananda Island"", ""lat"": 26.1864, ""lng"": 91.732033}, {""name"": ""En route to Navagraha Temple"", ""lat"": 26.18565, ""lng"": 91.7621}]","[{""name"": ""Nikhil Bhattacharya"", ""phone"": ""+91-8161825983"", ""relation"": ""family""}]",2026-09-08 11:00:00,2026-09-12 18:00:00,,,,100.0,1,active,2026-08-23 09:00:00,normal,Guwahati Pilgrimage Circuit
182,STS-9D6FE4142D72,Dhruv Patel,Indian,passport,Z6925922,+91-7175129854,"[{""name"": ""Wild Mahseer, Balipara (stay 1)"", ""lat"": 26.57995, ""lng"": 93.174965}, {""name"": ""Kaziranga National Park"", ""lat"": 26.5775, ""lng"": 93.1711}, {""name"": ""Vivanta Guwahati (stay 2)"", ""lat"": 26.108113, ""lng"": 91.589151}, {""name"": ""LGB International Airport"", ""lat"": 26.1061, ""lng"": 91.5859}, {""name"": ""Ygdrasill Bamboo Resort, Cherrapunji (stay 3)"", ""lat"": 25.577589, ""lng"": 91.88991}, {""name"": ""Shillong"", ""lat"": 25.5788, ""lng"": 91.8933}, {""name"": ""Radisson Blu Guwahati (stay 4)"", ""lat"": 23.726174, ""lng"": 92.717933}, {""name"": ""Aizawl"", ""lat"": 23.7271, ""lng"": 92.7176}, {""name"": ""Radisson Blu Guwahati (stay 5)"", ""lat"": 24.816377, ""lng"": 93.938614}, {""name"": ""Imphal"", ""lat"": 24.817, ""lng"": 93.9368}]","[{""name"": ""Junmoni Sen"", ""phone"": ""+91-6894518819"", ""relation"": ""family""}, {""name"": ""Riya Baishya"", ""phone"": ""+91-8113385684"", ""relation"": ""spouse""}, {""name"": ""Rohan Banerjee"", ""phone"": ""+91-9991235909"", ""relation"": ""tour_operator""}]",2026-09-03 07:15:00,2026-09-21 21:15:00,23.726526,92.718172,2026-09-05 18:28:33,74.1,1,active,2026-08-20 16:15:00,geofence_intrusion,Seven Sisters Grand Tour
183,STS-507EAA13F961,Minjun Choi,Korean,passport,M20147499,+82-8977448724,"[{""name"": ""La Maison de Ananda, Majuli (stay 1)"", ""lat"": 26.366849, ""lng"": 91.631611}, {""name"": ""Madan Kamdev Ruins"", ""lat"": 26.3667, ""lng"": 91.6333}, {""name"": ""Kiranshree Portico (stay 2)"", ""lat"": 26.249906, ""lng"": 91.513926}, {""name"": ""Hajo Pilgrimage Town"", ""lat"": 26.25, ""lng"": 91.5167}, {""name"": ""Novotel Guwahati GS Road (stay 3)"", ""lat"": 26.193984, ""lng"": 91.746132}, {""name"": ""Umananda Island"", ""lat"": 26.1964, ""lng"": 91.7453}]","[{""name"": ""Doyun Choi"", ""phone"": ""+82-4736710562"", ""relation"": ""family""}, {""name"": ""Minjun Kim"", ""phone"": ""+82-2186553764"", ""relation"": ""spouse""}]",2026-08-28 06:15:00,2026-09-01 18:15:00,26.193888,91.746485,2026-09-01 06:44:40,79.5,1,active,2026-08-16 18:15:00,normal,Guwahati Pilgrimage Circuit
184,STS-D8B491C7E44B,Ananya Bora,Indian,aadhaar,XXXX-XXXX-9091,+91-8512067150,"[{""name"": ""Brahmaputra Jungle Resort (stay 1)"", ""lat"": 25.932406, ""lng"": 91.433728}, {""name"": ""Chandubi Lake"", ""lat"": 25.9333, ""lng"": 91.4333}, {""name"": ""Hotel Rajmahal (stay 2)"", ""lat"": 26.104118, ""lng"": 91.621466}, {""name"": ""Accoland Water Park"", ""lat"": 26.09, ""lng"": 91.59}, {""name"": ""Deepor Beel Wildlife Sanctuary"", ""lat"": 26.12, ""lng"": 91.65}, {""name"": ""Diphlu River Lodge, Kaziranga (stay 3)"", ""lat"": 26.175386, ""lng"": 91.782644}, {""name"": ""Assam State Zoo & Botanical Garden"", ""lat"": 26.178, ""lng"": 91.786}, {""name"": ""Dolma Homestay, Tawang (stay 4)"", ""lat"": 26.231995, ""lng"": 92.081367}, {""name"": ""Pobitora Wildlife Sanctuary"", ""lat"": 26.2333, ""lng"": 92.0833}, {""name"": ""En route to Deepor Beel Wildlife Sanctuary"", ""lat"": 26.1, ""lng"": 91.61}, {""name"": ""En route to Deepor Beel Wildlife Sanctuary"", ""lat"": 26.11, ""lng"": 91.63}, {""name"": ""En route to Accoland Water Park"", ""lat"": 26.097059, ""lng"": 91.605733}, {""name"": ""En route to Hotel Rajmahal (stay 2)"", ""lat"": 26.112059, ""lng"": 91.635733}]","[{""name"": ""Nikhil Phukan"", ""phone"": ""+91-8682482773"", ""relation"": ""family""}, {""name"": ""Ishita Barua"", ""phone"": ""+91-7707146152"", ""relation"": ""spouse""}, {""name"": ""Riya Choudhury"", ""phone"": ""+91-9602718651"", ""relation"": ""friend""}, {""name"": ""Nabanita Mishra"", ""phone"": ""+91-6092619851"", ""relation"": ""tour_operator""}]",2026-08-15 10:00:00,2026-08-18 19:00:00,26.175603,91.78279,2026-08-18 06:33:12,79.7,0,active,2026-07-24 15:00:00,normal,Guwahati Nature & Wildlife
185,STS-11CD32576531,Meera Das,Indian,passport,Z8550135,+91-8296954388,"[{""name"": ""Dolma Homestay, Tawang (stay 1)"", ""lat"": 26.167431, ""lng"": 91.570181}, {""name"": ""Sualkuchi Silk Village"", ""lat"": 26.1667, ""lng"": 91.5667}, {""name"": ""Diphlu River Lodge, Kaziranga (stay 2)"", ""lat"": 26.169963, ""lng"": 91.785145}, {""name"": ""Uzan Bazar Ghat"", ""lat"": 26.19, ""lng"": 91.759}, {""name"": ""Srimanta Sankaradeva Kalakshetra"", ""lat"": 26.144, ""lng"": 91.8058}, {""name"": ""En route to Srimanta Sankaradeva Kalakshetra"", ""lat"": 26.174667, ""lng"": 91.7746}, {""name"": ""En route to Srimanta Sankaradeva Kalakshetra"", ""lat"": 26.159333, ""lng"": 91.7902}, {""name"": ""En route to Diphlu River Lodge, Kaziranga (stay 2)"", ""lat"": 26.156982, ""lng"": 91.795473}, {""name"": ""En route to Uzan Bazar Ghat"", ""lat"": 26.179982, ""lng"": 91.772073}]","[{""name"": ""Anurag Verma"", ""phone"": ""+91-8423755842"", ""relation"": ""family""}]",2026-08-16 08:45:00,2026-08-18 19:45:00,26.169656,91.785024,2026-08-18 06:55:46,79.3,1,active,2026-07-28 14:45:00,normal,Guwahati Market & Heritage Walk
186,STS-7E2DCDBEB9E5,Junmoni Patel,Indian,aadhaar,XXXX-XXXX-5820,+91-9448180496,"[{""name"": ""Vivanta Guwahati (stay 1)"", ""lat"": 26.921875, ""lng"": 92.876727}, {""name"": ""Nameri National Park"", ""lat"": 26.92, ""lng"": 92.88}, {""name"": ""Wild Mahseer, Balipara (stay 2)"", ""lat"": 26.577582, ""lng"": 93.173829}, {""name"": ""Kaziranga National Park"", ""lat"": 26.5775, ""lng"": 93.1711}, {""name"": ""Vivanta Guwahati (stay 3)"", ""lat"": 26.950277, ""lng"": 94.168903}, {""name"": ""Majuli River Island"", ""lat"": 26.95, ""lng"": 94.17}, {""name"": ""Hotel Dynasty, Lakhtokia (stay 4)"", ""lat"": 26.980067, ""lng"": 94.644097}, {""name"": ""Sivasagar"", ""lat"": 26.9826, ""lng"": 94.6425}, {""name"": ""Hotel Nandan (stay 5)"", ""lat"": 26.107518, ""lng"": 91.585028}, {""name"": ""LGB International Airport"", ""lat"": 26.1061, ""lng"": 91.5859}]","[{""name"": ""Rupam Dutta"", ""phone"": ""+91-9713811759"", ""relation"": ""family""}, {""name"": ""Rupam Dutta"", ""phone"": ""+91-6894713770"", ""relation"": ""spouse""}, {""name"": ""Tanvi Verma"", ""phone"": ""+91-6195450624"", ""relation"": ""colleague""}]",2026-09-08 10:45:00,2026-09-16 15:45:00,,,,100.0,1,active,2026-08-20 21:45:00,normal,Upper Assam Wildlife Trail
187,STS-EC2187E3E20E,Hemanta Rajkhowa,Indian,aadhaar,XXXX-XXXX-3796,+91-6003308369,"[{""name"": ""Ginger Guwahati (stay 1)"", ""lat"": 26.747735, ""lng"": 94.203688}, {""name"": ""Jorhat"", ""lat"": 26.7509, ""lng"": 94.2037}, {""name"": ""Kiranshree Portico (stay 2)"", ""lat"": 26.950829, ""lng"": 94.167441}, {""name"": ""Majuli River Island"", ""lat"": 26.95, ""lng"": 94.17}, {""name"": ""Diphlu River Lodge, Kaziranga (stay 3)"", ""lat"": 26.980082, ""lng"": 94.639663}, {""name"": ""Sivasagar"", ""lat"": 26.9826, ""lng"": 94.6425}, {""name"": ""Ygdrasill Bamboo Resort, Cherrapunji (stay 4)"", ""lat"": 26.577917, ""lng"": 93.174969}, {""name"": ""Kaziranga National Park"", ""lat"": 26.5775, ""lng"": 93.1711}, {""name"": ""Ygdrasill Bamboo Resort, Cherrapunji (stay 5)"", ""lat"": 26.630631, ""lng"": 92.801241}, {""name"": ""Tezpur"", ""lat"": 26.6338, ""lng"": 92.8}]","[{""name"": ""Priya Reddy"", ""phone"": ""+91-6716976688"", ""relation"": ""family""}]",2026-07-29 08:45:00,2026-08-10 20:45:00,26.63097,92.801164,2026-08-10 06:52:12,83.0,1,active,2026-07-07 18:45:00,normal,Upper Assam Wildlife Trail
188,STS-478BC5E04218,Anurag Nath,Indian,pan,CJQPH8555L,+91-7335732319,"[{""name"": ""Brahmaputra Jungle Resort (stay 1)"", ""lat"": 27.331537, ""lng"": 88.611925}, {""name"": ""Gangtok"", ""lat"": 27.3314, ""lng"": 88.6138}, {""name"": ""Vivanta Guwahati (stay 2)"", ""lat"": 26.106859, ""lng"": 91.588396}, {""name"": ""LGB International Airport"", ""lat"": 26.1061, ""lng"": 91.5859}, {""name"": ""Kiranshree Portico (stay 3)"", ""lat"": 25.578946, ""lng"": 91.895617}, {""name"": ""Shillong"", ""lat"": 25.5788, ""lng"": 91.8933}, {""name"": ""Ri Kynjai, Umiam (stay 4)"", ""lat"": 23.727804, ""lng"": 92.716448}, {""name"": ""Aizawl"", ""lat"": 23.7271, ""lng"": 92.7176}, {""name"": ""Hotel Nandan (stay 5)"", ""lat"": 24.818104, ""lng"": 93.932972}, {""name"": ""Imphal"", ""lat"": 24.817, ""lng"": 93.9368}]","[{""name"": ""Utpal Choudhury"", ""phone"": ""+91-8882933483"", ""relation"": ""family""}, {""name"": ""Priya Das"", ""phone"": ""+91-6866414804"", ""relation"": ""spouse""}, {""name"": ""Priya Verma"", ""phone"": ""+91-8303300263"", ""relation"": ""sibling""}]",2026-08-17 06:45:00,2026-09-03 16:45:00,24.817738,93.932648,2026-09-03 06:33:54,79.7,0,active,2026-07-28 11:45:00,geofence_intrusion,Seven Sisters Grand Tour
189,STS-8550C6E775CE,Sneha Mishra,Indian,aadhaar,XXXX-XXXX-9825,+91-7912755109,"[{""name"": ""Ygdrasill Bamboo Resort, Cherrapunji (stay 1)"", ""lat"": 26.364018, ""lng"": 91.631177}, {""name"": ""Madan Kamdev Ruins"", ""lat"": 26.3667, ""lng"": 91.6333}, {""name"": ""Ri Kynjai, Umiam (stay 2)"", ""lat"": 26.246714, ""lng"": 91.520479}, {""name"": ""Hajo Pilgrimage Town"", ""lat"": 26.25, ""lng"": 91.5167}, {""name"": ""Hotel Dynasty, Lakhtokia (stay 3)"", ""lat"": 26.163007, ""lng"": 91.759166}, {""name"": ""Kamakhya Temple"", ""lat"": 26.1664, ""lng"": 91.7055}, {""name"": ""Umananda Island"", ""lat"": 26.1964, ""lng"": 91.7453}, {""name"": ""Navagraha Temple"", ""lat"": 26.1749, ""lng"": 91.7789}, {""name"": ""Basistha Temple"", ""lat"": 26.1132, ""lng"": 91.797}, {""name"": ""En route to Basistha Temple"", ""lat"": 26.154333, ""lng"": 91.784933}, {""name"": ""En route to Basistha Temple"", ""lat"": 26.133767, ""lng"": 91.790967}, {""name"": ""En route to Hotel Dynasty, Lakhtokia (stay 3)"", ""lat"": 26.129802, ""lng"": 91.784389}, {""name"": ""En route to Hotel Dynasty, Lakhtokia (stay 3)"", ""lat"": 26.146405, ""lng"": 91.771777}, {""name"": ""En route to Kamakhya Temple"", ""lat"": 26.164138, ""lng"": 91.741277}, {""name"": ""En route to Kamakhya Temple"", ""lat"": 26.165269, ""lng"": 91.723389}, {""name"": ""En route to Umananda Island"", ""lat"": 26.1764, ""lng"": 91.718767}, {""name"": ""En route to Umananda Island"", ""lat"": 26.1864, ""lng"": 91.732033}, {""name"": ""En route to Navagraha Temple"", ""lat"": 26.18565, ""lng"": 91.7621}]","[{""name"": ""Chandana Gogoi"", ""phone"": ""+91-6075875934"", ""relation"": ""family""}, {""name"": ""Simanta Deka"", ""phone"": ""+91-9470018827"", ""relation"": ""spouse""}, {""name"": ""Chandana Sen"", ""phone"": ""+91-7716568875"", ""relation"": ""tour_operator""}]",2026-09-02 07:00:00,2026-09-07 14:00:00,26.162684,91.759465,2026-09-05 18:19:45,71.6,1,active,2026-08-21 06:00:00,normal,Guwahati Pilgrimage Circuit
190,STS-D7CDBD6183B1,Rupam Barua,Indian,aadhaar,XXXX-XXXX-9499,+91-8349366748,"[{""name"": ""Ri Kynjai, Umiam (stay 1)"", ""lat"": 26.175227, ""lng"": 91.786147}, {""name"": ""Assam State Zoo & Botanical Garden"", ""lat"": 26.178, ""lng"": 91.786}, {""name"": ""Radisson Blu Guwahati (stay 2)"", ""lat"": 26.104973, ""lng"": 91.61617}, {""name"": ""Deepor Beel Wildlife Sanctuary"", ""lat"": 26.12, ""lng"": 91.65}, {""name"": ""Accoland Water Park"", ""lat"": 26.09, ""lng"": 91.59}, {""name"": ""Hotel Rajmahal (stay 3)"", ""lat"": 26.23585, ""lng"": 92.085172}, {""name"": ""Pobitora Wildlife Sanctuary"", ""lat"": 26.2333, ""lng"": 92.0833}, {""name"": ""En route to Accoland Water Park"", ""lat"": 26.11, ""lng"": 91.63}, {""name"": ""En route to Accoland Water Park"", ""lat"": 26.1, ""lng"": 91.61}, {""name"": ""En route to Deepor Beel Wildlife Sanctuary"", ""lat"": 26.112487, ""lng"": 91.633085}, {""name"": ""En route to Radisson Blu Guwahati (stay 2)"", ""lat"": 26.097487, ""lng"": 91.603085}]","[{""name"": ""Anurag Gogoi"", ""phone"": ""+91-9996612408"", ""relation"": ""family""}]",2026-08-19 08:15:00,2026-08-22 18:15:00,26.235804,92.085311,2026-08-22 06:39:25,81.8,1,active,2026-08-09 03:15:00,normal,Guwahati Nature & Wildlife
191,STS-7556D7032D73,Pranjal Singh,Indian,aadhaar,XXXX-XXXX-8101,+91-9509981478,"[{""name"": ""Ri Kynjai, Umiam (stay 1)"", ""lat"": 26.108154, ""lng"": 91.619783}, {""name"": ""Deepor Beel Wildlife Sanctuary"", ""lat"": 26.12, ""lng"": 91.65}, {""name"": ""Accoland Water Park"", ""lat"": 26.09, ""lng"": 91.59}, {""name"": ""Hotel Rajmahal (stay 2)"", ""lat"": 26.177001, ""lng"": 91.784508}, {""name"": ""Assam State Zoo & Botanical Garden"", ""lat"": 26.178, ""lng"": 91.786}, {""name"": ""Ginger Guwahati (stay 3)"", ""lat"": 26.233596, ""lng"": 92.080737}, {""name"": ""Pobitora Wildlife Sanctuary"", ""lat"": 26.2333, ""lng"": 92.0833}, {""name"": ""En route to Accoland Water Park"", ""lat"": 26.11, ""lng"": 91.63}, {""name"": ""En route to Accoland Water Park"", ""lat"": 26.1, ""lng"": 91.61}, {""name"": ""En route to Ri Kynjai, Umiam (stay 1)"", ""lat"": 26.099077, ""lng"": 91.604892}, {""name"": ""En route to Deepor Beel Wildlife Sanctuary"", ""lat"": 26.114077, ""lng"": 91.634892}]","[{""name"": ""Manish Mishra"", ""phone"": ""+91-7782770159"", ""relation"": ""family""}, {""name"": ""Hemanta Kumar"", ""phone"": ""+91-8455658645"", ""relation"": ""spouse""}]",2026-08-28 05:15:00,2026-08-31 14:15:00,26.23349,92.080986,2026-08-31 06:52:04,82.8,1,active,2026-08-07 07:15:00,route_deviation,Guwahati Nature & Wildlife
192,STS-84CC3152E4AB,Aditya Bora,Indian,passport,Z6916709,+91-9566794257,"[{""name"": ""La Maison de Ananda, Majuli (stay 1)"", ""lat"": 25.577543, ""lng"": 91.897277}, {""name"": ""Shillong"", ""lat"": 25.5788, ""lng"": 91.8933}, {""name"": ""Ginger Guwahati (stay 2)"", ""lat"": 26.573904, ""lng"": 93.169978}, {""name"": ""Kaziranga National Park"", ""lat"": 26.5775, ""lng"": 93.1711}, {""name"": ""Ginger Guwahati (stay 3)"", ""lat"": 23.835093, ""lng"": 91.286205}, {""name"": ""Agartala"", ""lat"": 23.8315, ""lng"": 91.2868}]","[{""name"": ""Ishita Das"", ""phone"": ""+91-9283798672"", ""relation"": ""family""}, {""name"": ""Tanvi Das"", ""phone"": ""+91-6315651847"", ""relation"": ""spouse""}, {""name"": ""Radisson Blu Guwahati Front Desk"", ""phone"": ""+91-8830684757"", ""relation"": ""hotel""}, {""name"": ""Diphlu River Lodge, Kaziranga Front Desk"", ""phone"": ""+91-8559192089"", ""relation"": ""hotel""}]",2026-07-30 10:30:00,2026-08-16 14:30:00,23.835238,91.285853,2026-08-16 06:49:33,77.5,1,active,2026-07-20 11:30:00,normal,Seven Sisters Grand Tour
193,STS-52E57B7F4538,Anurag Nair,Indian,aadhaar,XXXX-XXXX-6672,+91-6176922012,"[{""name"": ""Dolma Homestay, Tawang (stay 1)"", ""lat"": 26.233029, ""lng"": 92.08675}, {""name"": ""Pobitora Wildlife Sanctuary"", ""lat"": 26.2333, ""lng"": 92.0833}, {""name"": ""Hotel Dynasty, Lakhtokia (stay 2)"", ""lat"": 26.174905, ""lng"": 91.78492}, {""name"": ""Assam State Zoo & Botanical Garden"", ""lat"": 26.178, ""lng"": 91.786}, {""name"": ""Ri Kynjai, Umiam (stay 3)"", ""lat"": 26.104447, ""lng"": 91.616172}, {""name"": ""Deepor Beel Wildlife Sanctuary"", ""lat"": 26.12, ""lng"": 91.65}, {""name"": ""Accoland Water Park"", ""lat"": 26.09, ""lng"": 91.59}, {""name"": ""Novotel Guwahati GS Road (stay 4)"", ""lat"": 25.932729, ""lng"": 91.431979}, {""name"": ""Chandubi Lake"", ""lat"": 25.9333, ""lng"": 91.4333}, {""name"": ""En route to Accoland Water Park"", ""lat"": 26.11, ""lng"": 91.63}, {""name"": ""En route to Accoland Water Park"", ""lat"": 26.1, ""lng"": 91.61}, {""name"": ""En route to Deepor Beel Wildlife Sanctuary"", ""lat"": 26.112223, ""lng"": 91.633086}, {""name"": ""En route to Ri Kynjai, Umiam (stay 3)"", ""lat"": 26.097223, ""lng"": 91.603086}]","[{""name"": ""Vikram Gogoi"", ""phone"": ""+91-8302864333"", ""relation"": ""family""}]",2026-07-31 10:00:00,2026-08-05 17:00:00,25.932818,91.431952,2026-08-06 06:33:33,78.9,1,active,2026-07-26 11:00:00,night_wanderer,Guwahati Nature & Wildlife
194,STS-0ED347E3295F,Mridula Choudhury,Indian,aadhaar,XXXX-XXXX-2556,+91-8285850287,"[{""name"": ""Wild Mahseer, Balipara (stay 1)"", ""lat"": 26.174506, ""lng"": 91.760897}, {""name"": ""Uzan Bazar Ghat"", ""lat"": 26.19, ""lng"": 91.759}, {""name"": ""Paltan Bazaar"", ""lat"": 26.1817, ""lng"": 91.7503}, {""name"": ""Fancy Bazaar"", ""lat"": 26.1836, ""lng"": 91.7434}, {""name"": ""Srimanta Sankaradeva Kalakshetra"", ""lat"": 26.144, ""lng"": 91.8058}, {""name"": ""Radisson Blu Guwahati (stay 2)"", ""lat"": 26.16939, ""lng"": 91.566541}, {""name"": ""Sualkuchi Silk Village"", ""lat"": 26.1667, ""lng"": 91.5667}, {""name"": ""En route to Srimanta Sankaradeva Kalakshetra"", ""lat"": 26.1737, ""lng"": 91.759}, {""name"": ""En route to Srimanta Sankaradeva Kalakshetra"", ""lat"": 26.1638, ""lng"": 91.7746}, {""name"": ""En route to Srimanta Sankaradeva Kalakshetra"", ""lat"": 26.1539, ""lng"": 91.7902}, {""name"": ""En route to Wild Mahseer, Balipara (stay 1)"", ""lat"": 26.154169, ""lng"": 91.790832}, {""name"": ""En route to Wild Mahseer, Balipara (stay 1)"", ""lat"": 26.164337, ""lng"": 91.775865}]","[{""name"": ""Rupam Bora"", ""phone"": ""+91-6087958395"", ""relation"": ""family""}, {""name"": ""Rupam Dutta"", ""phone"": ""+91-6469334934"", ""relation"": ""spouse""}]",2026-09-09 06:45:00,2026-09-11 12:45:00,,,,100.0,1,active,2026-09-09 01:45:00,normal,Guwahati Market & Heritage Walk
195,STS-A790EC88BB7E,Rohan Phukan,Indian,aadhaar,XXXX-XXXX-5650,+91-9199470025,"[{""name"": ""Hotel Rajmahal (stay 1)"", ""lat"": 26.144622, ""lng"": 91.791854}, {""name"": ""Dispur Secretariat"", ""lat"": 26.142, ""lng"": 91.79}, {""name"": ""Ganeshguri Junction"", ""lat"": 26.147, ""lng"": 91.79}, {""name"": ""Six Mile"", ""lat"": 26.135, ""lng"": 91.805}, {""name"": ""Hotel Dynasty, Lakhtokia (stay 2)"", ""lat"": 26.109199, ""lng"": 91.588132}, {""name"": ""LGB International Airport"", ""lat"": 26.1061, ""lng"": 91.5859}]","[{""name"": ""Gitanjali Hazarika"", ""phone"": ""+91-6082899826"", ""relation"": ""family""}, {""name"": ""Nikhil Bora"", ""phone"": ""+91-7920071996"", ""relation"": ""spouse""}, {""name"": ""La Maison de Ananda, Majuli Front Desk"", ""phone"": ""+91-6821601645"", ""relation"": ""hotel""}, {""name"": ""Dolma Homestay, Tawang Front Desk"", ""phone"": ""+91-6068771562"", ""relation"": ""hotel""}]",2026-08-01 11:00:00,2026-08-02 15:00:00,26.144899,91.791779,2026-08-02 06:38:40,80.7,1,active,2026-07-21 05:00:00,sos_panic,Business / Transit Stay
196,STS-86DD0DDC1376,Ananya Kalita,Indian,aadhaar,XXXX-XXXX-7694,+91-9065922608,"[{""name"": ""Hotel Rajmahal (stay 1)"", ""lat"": 26.188715, ""lng"": 91.752454}, {""name"": ""Guwahati Planetarium"", ""lat"": 26.1856, ""lng"": 91.7625}, {""name"": ""Pan Bazaar"", ""lat"": 26.1856, ""lng"": 91.7455}, {""name"": ""Umananda Island"", ""lat"": 26.1964, ""lng"": 91.7453}]","[{""name"": ""Jayanta Choudhury"", ""phone"": ""+91-9215759683"", ""relation"": ""family""}, {""name"": ""Vikram Das"", ""phone"": ""+91-6478269935"", ""relation"": ""spouse""}, {""name"": ""Bhaskar Choudhury"", ""phone"": ""+91-8979383089"", ""relation"": ""parent""}]",2026-07-29 11:15:00,2026-08-01 19:15:00,26.188747,91.752296,2026-08-01 06:44:56,81.4,1,active,2026-07-12 11:15:00,normal,Guwahati City Break
197,STS-B084D2E32545,Divya Iyer,Indian,passport,Z4296159,+91-7709345208,"[{""name"": ""Dolma Homestay, Tawang (stay 1)"", ""lat"": 26.156777, ""lng"": 91.748947}, {""name"": ""Umananda Island"", ""lat"": 26.1964, ""lng"": 91.7453}, {""name"": ""Kamakhya Temple"", ""lat"": 26.1664, ""lng"": 91.7055}, {""name"": ""Basistha Temple"", ""lat"": 26.1132, ""lng"": 91.797}, {""name"": ""Dolma Homestay, Tawang (stay 2)"", ""lat"": 26.250688, ""lng"": 91.517117}, {""name"": ""Hajo Pilgrimage Town"", ""lat"": 26.25, ""lng"": 91.5167}, {""name"": ""En route to Basistha Temple"", ""lat"": 26.15576, ""lng"": 91.7238}, {""name"": ""En route to Basistha Temple"", ""lat"": 26.14512, ""lng"": 91.7421}, {""name"": ""En route to Basistha Temple"", ""lat"": 26.13448, ""lng"": 91.7604}, {""name"": ""En route to Basistha Temple"", ""lat"": 26.12384, ""lng"": 91.7787}, {""name"": ""En route to Dolma Homestay, Tawang (stay 1)"", ""lat"": 26.127726, ""lng"": 91.780982}, {""name"": ""En route to Dolma Homestay, Tawang (stay 1)"", ""lat"": 26.142251, ""lng"": 91.764965}, {""name"": ""En route to Kamakhya Temple"", ""lat"": 26.1864, ""lng"": 91.732033}, {""name"": ""En route to Kamakhya Temple"", ""lat"": 26.1764, ""lng"": 91.718767}, {""name"": ""En route to Umananda Island"", ""lat"": 26.176589, ""lng"": 91.747124}]","[{""name"": ""Anurag Reddy"", ""phone"": ""+91-8946146951"", ""relation"": ""family""}, {""name"": ""Jayanta Saikia"", ""phone"": ""+91-8099265601"", ""relation"": ""spouse""}]",2026-08-29 11:00:00,2026-09-03 19:00:00,26.250985,91.516931,2026-09-03 06:55:56,81.7,1,active,2026-08-13 00:00:00,normal,Guwahati Pilgrimage Circuit
198,STS-E312781B0F5F,Aarav Saikia,Indian,pan,APJDG2130S,+91-7714958611,"[{""name"": ""Hotel Nandan (stay 1)"", ""lat"": 25.198478, ""lng"": 91.913019}, {""name"": ""Mawlynnong Village"", ""lat"": 25.2, ""lng"": 91.9167}, {""name"": ""Ri Kynjai, Umiam (stay 2)"", ""lat"": 25.291162, ""lng"": 91.677638}, {""name"": ""Cherrapunji (Sohra)"", ""lat"": 25.2912, ""lng"": 91.6783}, {""name"": ""Hotel Polo Towers, Shillong (stay 3)"", ""lat"": 25.619409, ""lng"": 91.892031}, {""name"": ""Shillong"", ""lat"": 25.5788, ""lng"": 91.8933}, {""name"": ""Umiam Lake"", ""lat"": 25.657, ""lng"": 91.889}, {""name"": ""Ygdrasill Bamboo Resort, Cherrapunji (stay 4)"", ""lat"": 26.179541, ""lng"": 91.754947}, {""name"": ""Guwahati Railway Station"", ""lat"": 26.1824, ""lng"": 91.7513}, {""name"": ""En route to Umiam Lake"", ""lat"": 25.59835, ""lng"": 91.892225}, {""name"": ""En route to Umiam Lake"", ""lat"": 25.6179, ""lng"": 91.89115}, {""name"": ""En route to Umiam Lake"", ""lat"": 25.63745, ""lng"": 91.890075}, {""name"": ""En route to Shillong"", ""lat"": 25.599105, ""lng"": 91.892665}, {""name"": ""En route to Hotel Polo Towers, Shillong (stay 3)"", ""lat"": 25.638205, ""lng"": 91.890515}]","[{""name"": ""Ananya Bhattacharya"", ""phone"": ""+91-9009129545"", ""relation"": ""family""}, {""name"": ""Pooja Nair"", ""phone"": ""+91-8117367108"", ""relation"": ""spouse""}, {""name"": ""Sneha Nath"", ""phone"": ""+91-9874196999"", ""relation"": ""friend""}]",2026-08-25 10:15:00,2026-09-03 00:15:00,26.179896,91.75485,2026-09-02 06:46:47,79.1,1,active,2026-08-23 04:15:00,normal,Meghalaya Loop
199,STS-82235755D471,Anurag Sharma,Indian,aadhaar,XXXX-XXXX-6697,+91-8469039815,"[{""name"": ""Radisson Blu Guwahati (stay 1)"", ""lat"": 26.171543, ""lng"": 91.76211}, {""name"": ""Uzan Bazar Ghat"", ""lat"": 26.19, ""lng"": 91.759}, {""name"": ""Paltan Bazaar"", ""lat"": 26.1817, ""lng"": 91.7503}, {""name"": ""Pan Bazaar"", ""lat"": 26.1856, ""lng"": 91.7455}, {""name"": ""Srimanta Sankaradeva Kalakshetra"", ""lat"": 26.144, ""lng"": 91.8058}, {""name"": ""Ginger Guwahati (stay 2)"", ""lat"": 26.164185, ""lng"": 91.569068}, {""name"": ""Sualkuchi Silk Village"", ""lat"": 26.1667, ""lng"": 91.5667}, {""name"": ""En route to Srimanta Sankaradeva Kalakshetra"", ""lat"": 26.1752, ""lng"": 91.760575}, {""name"": ""En route to Srimanta Sankaradeva Kalakshetra"", ""lat"": 26.1648, ""lng"": 91.77565}, {""name"": ""En route to Srimanta Sankaradeva Kalakshetra"", ""lat"": 26.1544, ""lng"": 91.790725}, {""name"": ""En route to Radisson Blu Guwahati (stay 1)"", ""lat"": 26.153181, ""lng"": 91.791237}, {""name"": ""En route to Radisson Blu Guwahati (stay 1)"", ""lat"": 26.162362, ""lng"": 91.776673}]","[{""name"": ""Nikhil Kalita"", ""phone"": ""+91-9960355124"", ""relation"": ""family""}, {""name"": ""Bornali Nath"", ""phone"": ""+91-8778274714"", ""relation"": ""spouse""}]",2026-08-22 08:45:00,2026-08-26 10:45:00,26.164007,91.569373,2026-08-26 06:49:22,81.9,0,active,2026-08-21 13:45:00,normal,Guwahati Market & Heritage Walk
200,STS-A95ACE0FA303,Priya Patel,Indian,aadhaar,XXXX-XXXX-7955,+91-7466791819,"[{""name"": ""Hotel Dynasty, Lakhtokia (stay 1)"", ""lat"": 26.152289, ""lng"": 91.783803}, {""name"": ""Ganeshguri Junction"", ""lat"": 26.147, ""lng"": 91.79}, {""name"": ""Dispur Secretariat"", ""lat"": 26.142, ""lng"": 91.79}, {""name"": ""Six Mile"", ""lat"": 26.135, ""lng"": 91.805}, {""name"": ""Guwahati Railway Station"", ""lat"": 26.1824, ""lng"": 91.7513}, {""name"": ""En route to Guwahati Railway Station"", ""lat"": 26.14685, ""lng"": 91.791575}, {""name"": ""En route to Guwahati Railway Station"", ""lat"": 26.1587, ""lng"": 91.77815}, {""name"": ""En route to Guwahati Railway Station"", ""lat"": 26.17055, ""lng"": 91.764725}, {""name"": ""En route to Hotel Dynasty, Lakhtokia (stay 1)"", ""lat"": 26.167344, ""lng"": 91.767551}]","[{""name"": ""Meera Dutta"", ""phone"": ""+91-9876875563"", ""relation"": ""family""}, {""name"": ""Jayanta Medhi"", ""phone"": ""+91-9229649939"", ""relation"": ""spouse""}, {""name"": ""Riya Choudhury"", ""phone"": ""+91-8232034738"", ""relation"": ""employer""}, {""name"": ""Ishita Dutta"", ""phone"": ""+91-8769660956"", ""relation"": ""friend""}]",2026-08-25 11:30:00,2026-08-28 14:30:00,26.15221,91.784199,2026-08-28 06:44:25,79.6,0,active,2026-08-15 22:30:00,normal,Business / Transit Stay
201,STS-3CC300FE5C0A,Meera Saikia,Indian,aadhaar,XXXX-XXXX-3323,+91-7634608186,"[{""name"": ""Hotel Polo Towers, Shillong (stay 1)"", ""lat"": 26.232277, ""lng"": 92.079673}, {""name"": ""Pobitora Wildlife Sanctuary"", ""lat"": 26.2333, ""lng"": 92.0833}, {""name"": ""Vivanta Guwahati (stay 2)"", ""lat"": 26.178884, ""lng"": 91.788955}, {""name"": ""Assam State Zoo & Botanical Garden"", ""lat"": 26.178, ""lng"": 91.786}, {""name"": ""Vivanta Guwahati (stay 3)"", ""lat"": 26.119396, ""lng"": 91.646829}, {""name"": ""Deepor Beel Wildlife Sanctuary"", ""lat"": 26.12, ""lng"": 91.65}]","[{""name"": ""Kabir Patel"", ""phone"": ""+91-7101820505"", ""relation"": ""family""}, {""name"": ""Nabanita Rajkhowa"", ""phone"": ""+91-9967482236"", ""relation"": ""spouse""}]",2026-07-30 05:45:00,2026-08-02 18:45:00,26.119197,91.646578,2026-08-02 06:44:54,43.1,1,active,2026-07-09 03:45:00,normal,Guwahati Nature & Wildlife
202,STS-16DB14D3447C,Rupam Baishya,Indian,aadhaar,XXXX-XXXX-3144,+91-7378764745,"[{""name"": ""Brahmaputra Jungle Resort (stay 1)"", ""lat"": 26.162105, ""lng"": 91.760387}, {""name"": ""Kamakhya Temple"", ""lat"": 26.1664, ""lng"": 91.7055}, {""name"": ""Umananda Island"", ""lat"": 26.1964, ""lng"": 91.7453}, {""name"": ""Navagraha Temple"", ""lat"": 26.1749, ""lng"": 91.7789}, {""name"": ""Basistha Temple"", ""lat"": 26.1132, ""lng"": 91.797}, {""name"": ""Dolma Homestay, Tawang (stay 2)"", ""lat"": 26.247698, ""lng"": 91.516129}, {""name"": ""Hajo Pilgrimage Town"", ""lat"": 26.25, ""lng"": 91.5167}, {""name"": ""Vivanta Guwahati (stay 3)"", ""lat"": 26.364925, ""lng"": 91.631078}, {""name"": ""Madan Kamdev Ruins"", ""lat"": 26.3667, ""lng"": 91.6333}, {""name"": ""En route to Basistha Temple"", ""lat"": 26.154333, ""lng"": 91.784933}, {""name"": ""En route to Basistha Temple"", ""lat"": 26.133767, ""lng"": 91.790967}, {""name"": ""En route to Brahmaputra Jungle Resort (stay 1)"", ""lat"": 26.129502, ""lng"": 91.784796}, {""name"": ""En route to Brahmaputra Jungle Resort (stay 1)"", ""lat"": 26.145803, ""lng"": 91.772591}, {""name"": ""En route to Kamakhya Temple"", ""lat"": 26.163537, ""lng"": 91.742091}, {""name"": ""En route to Kamakhya Temple"", ""lat"": 26.164968, ""lng"": 91.723796}, {""name"": ""En route to Umananda Island"", ""lat"": 26.1764, ""lng"": 91.718767}, {""name"": ""En route to Umananda Island"", ""lat"": 26.1864, ""lng"": 91.732033}, {""name"": ""En route to Navagraha Temple"", ""lat"": 26.18565, ""lng"": 91.7621}]","[{""name"": ""Meera Reddy"", ""phone"": ""+91-9648177710"", ""relation"": ""family""}, {""name"": ""Kabir Rajkhowa"", ""phone"": ""+91-9967216967"", ""relation"": ""spouse""}]",2026-07-27 10:30:00,2026-07-30 17:30:00,26.364848,91.631276,2026-07-30 06:42:28,81.0,1,active,2026-07-09 03:30:00,normal,Guwahati Pilgrimage Circuit
203,STS-60F800FE90E1,Rohan Das,Indian,passport,Z4003480,+91-8680026291,"[{""name"": ""Wild Mahseer, Balipara (stay 1)"", ""lat"": 26.186978, ""lng"": 91.752212}, {""name"": ""Dighalipukhuri"", ""lat"": 26.1861, ""lng"": 91.7503}, {""name"": ""Pan Bazaar"", ""lat"": 26.1856, ""lng"": 91.7455}, {""name"": ""Guwahati Planetarium"", ""lat"": 26.1856, ""lng"": 91.7625}, {""name"": ""Gandhi Mandap, Sarania Hill"", ""lat"": 26.175, ""lng"": 91.758}]","[{""name"": ""Kavya Hazarika"", ""phone"": ""+91-7544245350"", ""relation"": ""family""}, {""name"": ""Mridula Nair"", ""phone"": ""+91-8313438234"", ""relation"": ""spouse""}]",2026-08-13 08:45:00,2026-08-15 16:45:00,26.18711,91.751911,2026-08-15 06:37:17,81.0,0,active,2026-07-30 02:45:00,normal,Guwahati City Break
204,STS-4B274830C1B7,Ethan Jones,American,passport,462714871,+1-8602656768,"[{""name"": ""Hotel Nandan (stay 1)"", ""lat"": 26.183565, ""lng"": 91.754803}, {""name"": ""Guwahati Railway Station"", ""lat"": 26.1824, ""lng"": 91.7513}, {""name"": ""Hotel Dynasty, Lakhtokia (stay 2)"", ""lat"": 25.581537, ""lng"": 91.89583}, {""name"": ""Shillong"", ""lat"": 25.5788, ""lng"": 91.8933}, {""name"": ""Dolma Homestay, Tawang (stay 3)"", ""lat"": 25.278904, ""lng"": 91.689445}, {""name"": ""Nohkalikai Falls"", ""lat"": 25.276, ""lng"": 91.6857}]","[{""name"": ""Christopher Miller"", ""phone"": ""+1-6447219507"", ""relation"": ""family""}, {""name"": ""Sarah Miller"", ""phone"": ""+1-8584544887"", ""relation"": ""spouse""}]",2026-09-02 11:00:00,2026-09-09 01:00:00,25.279014,91.68961,2026-09-05 18:09:13,28.5,1,missing,2026-08-24 04:00:00,missing_person,Meghalaya Loop
205,STS-994ED50050B2,Nuwan Fernando,Sri Lankan,passport,N5606640,+94-483587086,"[{""name"": ""Hotel Polo Towers, Shillong (stay 1)"", ""lat"": 26.151999, ""lng"": 91.778601}, {""name"": ""Ganeshguri Junction"", ""lat"": 26.147, ""lng"": 91.79}, {""name"": ""Six Mile"", ""lat"": 26.135, ""lng"": 91.805}, {""name"": ""Guwahati Railway Station"", ""lat"": 26.1824, ""lng"": 91.7513}, {""name"": ""En route to Guwahati Railway Station"", ""lat"": 26.14685, ""lng"": 91.791575}, {""name"": ""En route to Guwahati Railway Station"", ""lat"": 26.1587, ""lng"": 91.77815}, {""name"": ""En route to Guwahati Railway Station"", ""lat"": 26.17055, ""lng"": 91.764725}, {""name"": ""En route to Hotel Polo Towers, Shillong (stay 1)"", ""lat"": 26.1672, ""lng"": 91.76495}]","[{""name"": ""Kasun Perera"", ""phone"": ""+94-170807312"", ""relation"": ""family""}, {""name"": ""Dilani Jayasuriya"", ""phone"": ""+94-102577606"", ""relation"": ""spouse""}, {""name"": ""Dilani Bandara"", ""phone"": ""+94-442402267"", ""relation"": ""employer""}, {""name"": ""Dilani Silva"", ""phone"": ""+94-110820143"", ""relation"": ""spouse""}]",2026-08-06 07:00:00,2026-08-07 11:00:00,26.152346,91.778299,2026-08-07 06:44:22,81.2,1,active,2026-07-24 17:00:00,normal,Business / Transit Stay
206,STS-DAFB56088014,Kavya Dutta,Indian,aadhaar,XXXX-XXXX-9302,+91-9916190768,"[{""name"": ""Diphlu River Lodge, Kaziranga (stay 1)"", ""lat"": 25.269321, ""lng"": 91.695906}, {""name"": ""Nohkalikai Falls"", ""lat"": 25.276, ""lng"": 91.6857}, {""name"": ""Cherrapunji (Sohra)"", ""lat"": 25.2912, ""lng"": 91.6783}, {""name"": ""Living Root Bridge, Nongriat"", ""lat"": 25.247, ""lng"": 91.715}, {""name"": ""Hotel Polo Towers, Shillong (stay 2)"", ""lat"": 25.196959, ""lng"": 91.91525}, {""name"": ""Mawlynnong Village"", ""lat"": 25.2, ""lng"": 91.9167}, {""name"": ""En route to Living Root Bridge, Nongriat"", ""lat"": 25.276467, ""lng"": 91.690533}, {""name"": ""En route to Living Root Bridge, Nongriat"", ""lat"": 25.261733, ""lng"": 91.702767}, {""name"": ""En route to Diphlu River Lodge, Kaziranga (stay 1)"", ""lat"": 25.258161, ""lng"": 91.705453}]","[{""name"": ""Rohan Phukan"", ""phone"": ""+91-8502370912"", ""relation"": ""family""}]",2026-09-07 07:30:00,2026-09-15 16:30:00,,,,100.0,1,active,2026-09-01 17:30:00,night_wanderer,Meghalaya Loop
207,STS-47E4C8BBD0FD,Rituparna Barua,Indian,aadhaar,XXXX-XXXX-4067,+91-8002023494,"[{""name"": ""Hotel Nandan (stay 1)"", ""lat"": 26.156466, ""lng"": 91.778783}, {""name"": ""Dispur Secretariat"", ""lat"": 26.142, ""lng"": 91.79}, {""name"": ""Six Mile"", ""lat"": 26.135, ""lng"": 91.805}, {""name"": ""Guwahati Railway Station"", ""lat"": 26.1824, ""lng"": 91.7513}, {""name"": ""Hotel Polo Towers, Shillong (stay 2)"", ""lat"": 26.10771, ""lng"": 91.582552}, {""name"": ""LGB International Airport"", ""lat"": 26.1061, ""lng"": 91.5859}, {""name"": ""En route to Guwahati Railway Station"", ""lat"": 26.14685, ""lng"": 91.791575}, {""name"": ""En route to Guwahati Railway Station"", ""lat"": 26.1587, ""lng"": 91.77815}, {""name"": ""En route to Guwahati Railway Station"", ""lat"": 26.17055, ""lng"": 91.764725}, {""name"": ""En route to Hotel Nandan (stay 1)"", ""lat"": 26.169433, ""lng"": 91.765041}]","[{""name"": ""Kavya Das"", ""phone"": ""+91-8312454398"", ""relation"": ""family""}]",2026-08-31 09:45:00,2026-09-02 22:45:00,26.107412,91.582173,2026-09-02 06:42:26,81.9,1,active,2026-08-15 06:45:00,normal,Business / Transit Stay
208,STS-774462ADA8FB,Ishita Banerjee,Indian,passport,Z7300133,+91-8767937975,"[{""name"": ""Hotel Polo Towers, Shillong (stay 1)"", ""lat"": 25.937228, ""lng"": 91.430597}, {""name"": ""Chandubi Lake"", ""lat"": 25.9333, ""lng"": 91.4333}, {""name"": ""Ginger Guwahati (stay 2)"", ""lat"": 26.105451, ""lng"": 91.619756}, {""name"": ""Accoland Water Park"", ""lat"": 26.09, ""lng"": 91.59}, {""name"": ""Deepor Beel Wildlife Sanctuary"", ""lat"": 26.12, ""lng"": 91.65}, {""name"": ""Hotel Rajmahal (stay 3)"", ""lat"": 26.180197, ""lng"": 91.789456}, {""name"": ""Assam State Zoo & Botanical Garden"", ""lat"": 26.178, ""lng"": 91.786}, {""name"": ""En route to Deepor Beel Wildlife Sanctuary"", ""lat"": 26.1, ""lng"": 91.61}, {""name"": ""En route to Deepor Beel Wildlife Sanctuary"", ""lat"": 26.11, ""lng"": 91.63}, {""name"": ""En route to Accoland Water Park"", ""lat"": 26.097725, ""lng"": 91.604878}, {""name"": ""En route to Ginger Guwahati (stay 2)"", ""lat"": 26.112725, ""lng"": 91.634878}]","[{""name"": ""Meera Barua"", ""phone"": ""+91-7556282283"", ""relation"": ""family""}, {""name"": ""Kavya Nath"", ""phone"": ""+91-9727595846"", ""relation"": ""spouse""}]",2026-08-14 10:45:00,2026-08-17 19:45:00,26.180062,91.789601,2026-08-17 06:51:15,79.8,1,active,2026-07-30 09:45:00,normal,Guwahati Nature & Wildlife
209,STS-C50367C84DAD,Rituparna Gogoi,Indian,aadhaar,XXXX-XXXX-4713,+91-6268148183,"[{""name"": ""Hotel Rajmahal (stay 1)"", ""lat"": 25.656281, ""lng"": 91.892331}, {""name"": ""Umiam Lake"", ""lat"": 25.657, ""lng"": 91.889}, {""name"": ""Novotel Guwahati GS Road (stay 2)"", ""lat"": 25.271128, ""lng"": 91.700295}, {""name"": ""Cherrapunji (Sohra)"", ""lat"": 25.2912, ""lng"": 91.6783}, {""name"": ""Living Root Bridge, Nongriat"", ""lat"": 25.247, ""lng"": 91.715}, {""name"": ""Ygdrasill Bamboo Resort, Cherrapunji (stay 3)"", ""lat"": 26.178688, ""lng"": 91.755077}, {""name"": ""Guwahati Railway Station"", ""lat"": 26.1824, ""lng"": 91.7513}, {""name"": ""En route to Living Root Bridge, Nongriat"", ""lat"": 25.276467, ""lng"": 91.690533}, {""name"": ""En route to Living Root Bridge, Nongriat"", ""lat"": 25.261733, ""lng"": 91.702767}, {""name"": ""En route to Cherrapunji (Sohra)"", ""lat"": 25.281164, ""lng"": 91.689297}, {""name"": ""En route to Novotel Guwahati GS Road (stay 2)"", ""lat"": 25.259064, ""lng"": 91.707648}]","[{""name"": ""Divya Saikia"", ""phone"": ""+91-9411634356"", ""relation"": ""family""}, {""name"": ""Anurag Banerjee"", ""phone"": ""+91-7090672196"", ""relation"": ""spouse""}]",2026-08-19 06:15:00,2026-08-26 13:15:00,26.178858,91.754914,2026-08-26 06:37:04,81.2,1,active,2026-08-19 06:15:00,normal,Meghalaya Loop
210,STS-B32C574B0F5D,Anjali Baishya,Indian,aadhaar,XXXX-XXXX-5102,+91-8581108377,"[{""name"": ""Ri Kynjai, Umiam (stay 1)"", ""lat"": 26.947913, ""lng"": 94.169143}, {""name"": ""Majuli River Island"", ""lat"": 26.95, ""lng"": 94.17}, {""name"": ""Ginger Guwahati (stay 2)"", ""lat"": 26.980335, ""lng"": 94.640406}, {""name"": ""Sivasagar"", ""lat"": 26.9826, ""lng"": 94.6425}, {""name"": ""Ginger Guwahati (stay 3)"", ""lat"": 26.575856, ""lng"": 93.174831}, {""name"": ""Kaziranga National Park"", ""lat"": 26.5775, ""lng"": 93.1711}, {""name"": ""Hotel Dynasty, Lakhtokia (stay 4)"", ""lat"": 26.109561, ""lng"": 91.587104}, {""name"": ""LGB International Airport"", ""lat"": 26.1061, ""lng"": 91.5859}]","[{""name"": ""Aarav Hazarika"", ""phone"": ""+91-9271131241"", ""relation"": ""family""}, {""name"": ""Jayanta Nair"", ""phone"": ""+91-8192814372"", ""relation"": ""spouse""}, {""name"": ""Hotel Nandan Front Desk"", ""phone"": ""+91-7877356657"", ""relation"": ""hotel""}]",2026-08-04 07:15:00,2026-08-14 14:15:00,26.109931,91.586874,2026-08-14 06:54:31,80.0,0,active,2026-07-17 16:15:00,normal,Upper Assam Wildlife Trail
211,STS-2C5998444223,Dhruv Deka,Indian,aadhaar,XXXX-XXXX-9545,+91-8853088563,"[{""name"": ""Novotel Guwahati GS Road (stay 1)"", ""lat"": 26.177753, ""lng"": 91.746207}, {""name"": ""Pan Bazaar"", ""lat"": 26.1856, ""lng"": 91.7455}, {""name"": ""Fancy Bazaar"", ""lat"": 26.1836, ""lng"": 91.7434}, {""name"": ""Gandhi Mandap, Sarania Hill"", ""lat"": 26.175, ""lng"": 91.758}]","[{""name"": ""Pooja Hazarika"", ""phone"": ""+91-8489454212"", ""relation"": ""family""}, {""name"": ""Anurag Das"", ""phone"": ""+91-6117685133"", ""relation"": ""spouse""}]",2026-08-05 06:15:00,2026-08-08 20:15:00,26.177571,91.746101,2026-08-08 06:34:53,80.2,1,active,2026-07-26 12:15:00,normal,Guwahati City Break
212,STS-6B36B52EF9E5,Sophie Hughes,British,passport,795508950,+44-1168880577,"[{""name"": ""Hotel Dynasty, Lakhtokia (stay 1)"", ""lat"": 26.160754, ""lng"": 91.75924}, {""name"": ""Basistha Temple"", ""lat"": 26.1132, ""lng"": 91.797}, {""name"": ""Navagraha Temple"", ""lat"": 26.1749, ""lng"": 91.7789}, {""name"": ""Umananda Island"", ""lat"": 26.1964, ""lng"": 91.7453}, {""name"": ""Kamakhya Temple"", ""lat"": 26.1664, ""lng"": 91.7055}, {""name"": ""Brahmaputra Jungle Resort (stay 2)"", ""lat"": 26.369179, ""lng"": 91.62987}, {""name"": ""Madan Kamdev Ruins"", ""lat"": 26.3667, ""lng"": 91.6333}, {""name"": ""En route to Navagraha Temple"", ""lat"": 26.133767, ""lng"": 91.790967}, {""name"": ""En route to Navagraha Temple"", ""lat"": 26.154333, ""lng"": 91.784933}, {""name"": ""En route to Basistha Temple"", ""lat"": 26.144903, ""lng"": 91.771827}, {""name"": ""En route to Basistha Temple"", ""lat"": 26.129051, ""lng"": 91.784413}, {""name"": ""En route to Hotel Dynasty, Lakhtokia (stay 1)"", ""lat"": 26.164518, ""lng"": 91.723413}, {""name"": ""En route to Hotel Dynasty, Lakhtokia (stay 1)"", ""lat"": 26.162636, ""lng"": 91.741327}, {""name"": ""En route to Kamakhya Temple"", ""lat"": 26.1864, ""lng"": 91.732033}, {""name"": ""En route to Kamakhya Temple"", ""lat"": 26.1764, ""lng"": 91.718767}, {""name"": ""En route to Umananda Island"", ""lat"": 26.18565, ""lng"": 91.7621}]","[{""name"": ""Isla Baker"", ""phone"": ""+44-8818433633"", ""relation"": ""family""}, {""name"": ""Sophie Clarke"", ""phone"": ""+44-9159482967"", ""relation"": ""spouse""}, {""name"": ""Harry Hall"", ""phone"": ""+44-8629603900"", ""relation"": ""family""}, {""name"": ""La Maison de Ananda, Majuli Front Desk"", ""phone"": ""+91-6364397353"", ""relation"": ""hotel""}]",2026-08-13 05:45:00,2026-08-16 17:45:00,26.369193,91.630079,2026-08-16 06:37:19,79.4,1,active,2026-08-08 04:45:00,normal,Guwahati Pilgrimage Circuit
213,STS-04632B2DE862,Noah Martin,Australian,passport,PA2591772,+61-789819138,"[{""name"": ""Radisson Blu Guwahati (stay 1)"", ""lat"": 25.614297, ""lng"": 91.890171}, {""name"": ""Shillong"", ""lat"": 25.5788, ""lng"": 91.8933}, {""name"": ""Umiam Lake"", ""lat"": 25.657, ""lng"": 91.889}, {""name"": ""Hotel Polo Towers, Shillong (stay 2)"", ""lat"": 25.245196, ""lng"": 91.714942}, {""name"": ""Living Root Bridge, Nongriat"", ""lat"": 25.247, ""lng"": 91.715}, {""name"": ""En route to Umiam Lake"", ""lat"": 25.59835, ""lng"": 91.892225}, {""name"": ""En route to Umiam Lake"", ""lat"": 25.6179, ""lng"": 91.89115}, {""name"": ""En route to Umiam Lake"", ""lat"": 25.63745, ""lng"": 91.890075}, {""name"": ""En route to Radisson Blu Guwahati (stay 1)"", ""lat"": 25.635649, ""lng"": 91.889585}, {""name"": ""En route to Shillong"", ""lat"": 25.596549, ""lng"": 91.891735}]","[{""name"": ""Mia Harris"", ""phone"": ""+61-599286302"", ""relation"": ""family""}, {""name"": ""Liam Thompson"", ""phone"": ""+61-110778258"", ""relation"": ""spouse""}]",2026-07-27 11:00:00,2026-08-02 01:00:00,25.245438,91.714968,2026-08-01 06:58:08,77.4,1,active,2026-07-06 10:00:00,night_wanderer,Meghalaya Loop
214,STS-67A9ACDF46AC,Simanta Verma,Indian,aadhaar,XXXX-XXXX-5039,+91-6355380978,"[{""name"": ""Kiranshree Portico (stay 1)"", ""lat"": 26.630682, ""lng"": 92.796822}, {""name"": ""Tezpur"", ""lat"": 26.6338, ""lng"": 92.8}, {""name"": ""Kiranshree Portico (stay 2)"", ""lat"": 26.107925, ""lng"": 91.586944}, {""name"": ""LGB International Airport"", ""lat"": 26.1061, ""lng"": 91.5859}, {""name"": ""Vivanta Guwahati (stay 3)"", ""lat"": 26.949981, ""lng"": 94.169683}, {""name"": ""Majuli River Island"", ""lat"": 26.95, ""lng"": 94.17}, {""name"": ""Dolma Homestay, Tawang (stay 4)"", ""lat"": 26.985239, ""lng"": 94.641165}, {""name"": ""Sivasagar"", ""lat"": 26.9826, ""lng"": 94.6425}]","[{""name"": ""Riya Patel"", ""phone"": ""+91-8165291272"", ""relation"": ""family""}, {""name"": ""Rituparna Ghosh"", ""phone"": ""+91-6108799567"", ""relation"": ""spouse""}, {""name"": ""Bornali Sharma"", ""phone"": ""+91-7996845325"", ""relation"": ""employer""}]",2026-09-05 11:00:00,2026-09-17 01:00:00,26.630505,92.796833,2026-09-05 18:35:22,75.7,1,active,2026-08-17 00:00:00,normal,Upper Assam Wildlife Trail
215,STS-1AEE43C3A8C7,Gitanjali Iyer,Indian,passport,Z8218101,+91-8571185631,"[{""name"": ""Hotel Polo Towers, Shillong (stay 1)"", ""lat"": 26.14238, ""lng"": 91.797944}, {""name"": ""Ganeshguri Junction"", ""lat"": 26.147, ""lng"": 91.79}, {""name"": ""Dispur Secretariat"", ""lat"": 26.142, ""lng"": 91.79}, {""name"": ""Six Mile"", ""lat"": 26.135, ""lng"": 91.805}, {""name"": ""Diphlu River Lodge, Kaziranga (stay 2)"", ""lat"": 26.103938, ""lng"": 91.583772}, {""name"": ""LGB International Airport"", ""lat"": 26.1061, ""lng"": 91.5859}]","[{""name"": ""Junmoni Rajkhowa"", ""phone"": ""+91-6176912307"", ""relation"": ""family""}]",2026-08-02 05:15:00,2026-08-04 16:15:00,26.103883,91.583828,2026-08-04 07:01:06,79.8,1,active,2026-07-26 11:15:00,geofence_intrusion,Business / Transit Stay
216,STS-4E87BB155DB8,Jayanta Verma,Indian,voterid,XJE9901022,+91-6493990953,"[{""name"": ""Hotel Nandan (stay 1)"", ""lat"": 25.929447, ""lng"": 91.430975}, {""name"": ""Chandubi Lake"", ""lat"": 25.9333, ""lng"": 91.4333}, {""name"": ""Hotel Polo Towers, Shillong (stay 2)"", ""lat"": 26.10667, ""lng"": 91.62109}, {""name"": ""Accoland Water Park"", ""lat"": 26.09, ""lng"": 91.59}, {""name"": ""Deepor Beel Wildlife Sanctuary"", ""lat"": 26.12, ""lng"": 91.65}, {""name"": ""Brahmaputra Jungle Resort (stay 3)"", ""lat"": 26.181475, ""lng"": 91.788002}, {""name"": ""Assam State Zoo & Botanical Garden"", ""lat"": 26.178, ""lng"": 91.786}, {""name"": ""Wild Mahseer, Balipara (stay 4)"", ""lat"": 26.233619, ""lng"": 92.079572}, {""name"": ""Pobitora Wildlife Sanctuary"", ""lat"": 26.2333, ""lng"": 92.0833}, {""name"": ""En route to Deepor Beel Wildlife Sanctuary"", ""lat"": 26.1, ""lng"": 91.61}, {""name"": ""En route to Deepor Beel Wildlife Sanctuary"", ""lat"": 26.11, ""lng"": 91.63}, {""name"": ""En route to Accoland Water Park"", ""lat"": 26.098335, ""lng"": 91.605545}, {""name"": ""En route to Hotel Polo Towers, Shillong (stay 2)"", ""lat"": 26.113335, ""lng"": 91.635545}]","[{""name"": ""Rupam Kalita"", ""phone"": ""+91-8850147975"", ""relation"": ""family""}, {""name"": ""Riya Barua"", ""phone"": ""+91-7128682854"", ""relation"": ""spouse""}]",2026-08-10 11:00:00,2026-08-12 14:00:00,26.181277,91.788353,2026-08-12 06:45:46,80.5,1,active,2026-08-03 03:00:00,normal,Guwahati Nature & Wildlife
217,STS-10D2C1DA401A,Meera Verma,Indian,passport,Z6562226,+91-8310344183,"[{""name"": ""Diphlu River Lodge, Kaziranga (stay 1)"", ""lat"": 26.101722, ""lng"": 91.620143}, {""name"": ""Accoland Water Park"", ""lat"": 26.09, ""lng"": 91.59}, {""name"": ""Deepor Beel Wildlife Sanctuary"", ""lat"": 26.12, ""lng"": 91.65}, {""name"": ""Dolma Homestay, Tawang (stay 2)"", ""lat"": 26.178058, ""lng"": 91.78908}, {""name"": ""Assam State Zoo & Botanical Garden"", ""lat"": 26.178, ""lng"": 91.786}, {""name"": ""En route to Deepor Beel Wildlife Sanctuary"", ""lat"": 26.1, ""lng"": 91.61}, {""name"": ""En route to Deepor Beel Wildlife Sanctuary"", ""lat"": 26.11, ""lng"": 91.63}, {""name"": ""En route to Diphlu River Lodge, Kaziranga (stay 1)"", ""lat"": 26.110861, ""lng"": 91.635072}, {""name"": ""En route to Accoland Water Park"", ""lat"": 26.095861, ""lng"": 91.605072}]","[{""name"": ""Chandana Iyer"", ""phone"": ""+91-8425890800"", ""relation"": ""family""}]",2026-08-22 07:45:00,2026-08-24 13:45:00,26.177797,91.789062,2026-08-24 07:00:40,79.6,1,active,2026-08-12 15:45:00,normal,Guwahati Nature & Wildlife
218,STS-49D180A70F46,Manish Dutta,Indian,pan,DZDWD1310Y,+91-7626756627,"[{""name"": ""Brahmaputra Jungle Resort (stay 1)"", ""lat"": 26.170143, ""lng"": 91.570219}, {""name"": ""Sualkuchi Silk Village"", ""lat"": 26.1667, ""lng"": 91.5667}, {""name"": ""Hotel Dynasty, Lakhtokia (stay 2)"", ""lat"": 26.168166, ""lng"": 91.776678}, {""name"": ""Pan Bazaar"", ""lat"": 26.1856, ""lng"": 91.7455}, {""name"": ""Srimanta Sankaradeva Kalakshetra"", ""lat"": 26.144, ""lng"": 91.8058}, {""name"": ""En route to Srimanta Sankaradeva Kalakshetra"", ""lat"": 26.1752, ""lng"": 91.760575}, {""name"": ""En route to Srimanta Sankaradeva Kalakshetra"", ""lat"": 26.1648, ""lng"": 91.77565}, {""name"": ""En route to Srimanta Sankaradeva Kalakshetra"", ""lat"": 26.1544, ""lng"": 91.790725}, {""name"": ""En route to Hotel Dynasty, Lakhtokia (stay 2)"", ""lat"": 26.156083, ""lng"": 91.791239}, {""name"": ""En route to Pan Bazaar"", ""lat"": 26.176883, ""lng"": 91.761089}]","[{""name"": ""Riya Verma"", ""phone"": ""+91-8114784814"", ""relation"": ""family""}, {""name"": ""Debojit Verma"", ""phone"": ""+91-6184522403"", ""relation"": ""spouse""}, {""name"": ""Dhruv Sen"", ""phone"": ""+91-7221088158"", ""relation"": ""colleague""}, {""name"": ""Sneha Phukan"", ""phone"": ""+91-9155473086"", ""relation"": ""parent""}]",2026-09-04 09:00:00,2026-09-08 18:00:00,26.16832,91.776593,2026-09-05 18:15:43,72.4,1,active,2026-08-19 01:00:00,normal,Guwahati Market & Heritage Walk
219,STS-42645866EFDA,Simanta Mishra,Indian,aadhaar,XXXX-XXXX-2194,+91-6180635385,"[{""name"": ""Hotel Polo Towers, Shillong (stay 1)"", ""lat"": 25.580478, ""lng"": 91.893404}, {""name"": ""Shillong"", ""lat"": 25.5788, ""lng"": 91.8933}, {""name"": ""Brahmaputra Jungle Resort (stay 2)"", ""lat"": 25.287536, ""lng"": 91.682445}, {""name"": ""Cherrapunji (Sohra)"", ""lat"": 25.2912, ""lng"": 91.6783}, {""name"": ""Nohkalikai Falls"", ""lat"": 25.276, ""lng"": 91.6857}, {""name"": ""Vivanta Guwahati (stay 3)"", ""lat"": 25.191993, ""lng"": 91.967802}, {""name"": ""Mawlynnong Village"", ""lat"": 25.2, ""lng"": 91.9167}, {""name"": ""Dawki / Umngot River"", ""lat"": 25.19, ""lng"": 92.02}, {""name"": ""En route to Dawki / Umngot River"", ""lat"": 25.198, ""lng"": 91.93736}, {""name"": ""En route to Dawki / Umngot River"", ""lat"": 25.196, ""lng"": 91.95802}, {""name"": ""En route to Dawki / Umngot River"", ""lat"": 25.194, ""lng"": 91.97868}, {""name"": ""En route to Dawki / Umngot River"", ""lat"": 25.192, ""lng"": 91.99934}, {""name"": ""En route to Vivanta Guwahati (stay 3)"", ""lat"": 25.190664, ""lng"": 92.002601}, {""name"": ""En route to Vivanta Guwahati (stay 3)"", ""lat"": 25.191329, ""lng"": 91.985201}, {""name"": ""En route to Mawlynnong Village"", ""lat"": 25.194662, ""lng"": 91.950768}, {""name"": ""En route to Mawlynnong Village"", ""lat"": 25.197331, ""lng"": 91.933734}]","[{""name"": ""Nikhil Rajkhowa"", ""phone"": ""+91-9052352333"", ""relation"": ""family""}, {""name"": ""Debojit Medhi"", ""phone"": ""+91-8985584019"", ""relation"": ""spouse""}, {""name"": ""Anurag Dutta"", ""phone"": ""+91-7450981204"", ""relation"": ""sibling""}]",2026-07-25 11:30:00,2026-07-30 16:30:00,25.192112,91.96812,2026-07-30 06:54:09,82.9,1,active,2026-07-08 00:30:00,device_fall,Meghalaya Loop
220,STS-540C060C0A47,Chandana Sen,Indian,passport,Z0743053,+91-8305291100,"[{""name"": ""Novotel Guwahati GS Road (stay 1)"", ""lat"": 26.1672, ""lng"": 91.566128}, {""name"": ""Sualkuchi Silk Village"", ""lat"": 26.1667, ""lng"": 91.5667}, {""name"": ""Kiranshree Portico (stay 2)"", ""lat"": 26.185224, ""lng"": 91.751349}, {""name"": ""Fancy Bazaar"", ""lat"": 26.1836, ""lng"": 91.7434}, {""name"": ""Pan Bazaar"", ""lat"": 26.1856, ""lng"": 91.7455}, {""name"": ""Paltan Bazaar"", ""lat"": 26.1817, ""lng"": 91.7503}, {""name"": ""Uzan Bazar Ghat"", ""lat"": 26.19, ""lng"": 91.759}]","[{""name"": ""Debojit Sharma"", ""phone"": ""+91-8233798565"", ""relation"": ""family""}, {""name"": ""Divya Bora"", ""phone"": ""+91-6878042849"", ""relation"": ""spouse""}, {""name"": ""Kavya Kumar"", ""phone"": ""+91-7392574959"", ""relation"": ""sibling""}]",2026-07-27 10:45:00,2026-07-31 22:45:00,26.185551,91.751508,2026-07-31 07:01:30,79.5,1,active,2026-07-08 00:45:00,normal,Guwahati Market & Heritage Walk
221,STS-52B8F1BC6BDA,Rohan Choudhury,Indian,aadhaar,XXXX-XXXX-6613,+91-7018106521,"[{""name"": ""Hotel Polo Towers, Shillong (stay 1)"", ""lat"": 25.616187, ""lng"": 91.892717}, {""name"": ""Umiam Lake"", ""lat"": 25.657, ""lng"": 91.889}, {""name"": ""Shillong"", ""lat"": 25.5788, ""lng"": 91.8933}, {""name"": ""Hotel Dynasty, Lakhtokia (stay 2)"", ""lat"": 25.246753, ""lng"": 91.71514}, {""name"": ""Living Root Bridge, Nongriat"", ""lat"": 25.247, ""lng"": 91.715}, {""name"": ""Kiranshree Portico (stay 3)"", ""lat"": 25.193751, ""lng"": 92.022229}, {""name"": ""Dawki / Umngot River"", ""lat"": 25.19, ""lng"": 92.02}, {""name"": ""La Maison de Ananda, Majuli (stay 4)"", ""lat"": 26.18621, ""lng"": 91.747983}, {""name"": ""Guwahati Railway Station"", ""lat"": 26.1824, ""lng"": 91.7513}, {""name"": ""En route to Shillong"", ""lat"": 25.63745, ""lng"": 91.890075}, {""name"": ""En route to Shillong"", ""lat"": 25.6179, ""lng"": 91.89115}, {""name"": ""En route to Shillong"", ""lat"": 25.59835, ""lng"": 91.892225}, {""name"": ""En route to Umiam Lake"", ""lat"": 25.636594, ""lng"": 91.890859}, {""name"": ""En route to Hotel Polo Towers, Shillong (stay 1)"", ""lat"": 25.597493, ""lng"": 91.893009}]","[{""name"": ""Aditya Nair"", ""phone"": ""+91-6838700859"", ""relation"": ""family""}, {""name"": ""Parag Mishra"", ""phone"": ""+91-8489144831"", ""relation"": ""spouse""}]",2026-08-21 07:00:00,2026-08-31 16:00:00,26.185947,91.748143,2026-08-31 06:36:16,81.9,1,active,2026-08-05 07:00:00,normal,Meghalaya Loop
222,STS-0DA9B17B1AAE,Meera Ghosh,Indian,aadhaar,XXXX-XXXX-3918,+91-7435783906,"[{""name"": ""Vivanta Guwahati (stay 1)"", ""lat"": 26.179828, ""lng"": 91.761516}, {""name"": ""Pan Bazaar"", ""lat"": 26.1856, ""lng"": 91.7455}, {""name"": ""Fancy Bazaar"", ""lat"": 26.1836, ""lng"": 91.7434}, {""name"": ""Paltan Bazaar"", ""lat"": 26.1817, ""lng"": 91.7503}, {""name"": ""Uzan Bazar Ghat"", ""lat"": 26.19, ""lng"": 91.759}, {""name"": ""Srimanta Sankaradeva Kalakshetra"", ""lat"": 26.144, ""lng"": 91.8058}, {""name"": ""Ri Kynjai, Umiam (stay 2)"", ""lat"": 26.166155, ""lng"": 91.567098}, {""name"": ""Sualkuchi Silk Village"", ""lat"": 26.1667, ""lng"": 91.5667}, {""name"": ""En route to Srimanta Sankaradeva Kalakshetra"", ""lat"": 26.174667, ""lng"": 91.7746}, {""name"": ""En route to Srimanta Sankaradeva Kalakshetra"", ""lat"": 26.159333, ""lng"": 91.7902}, {""name"": ""En route to Vivanta Guwahati (stay 1)"", ""lat"": 26.155943, ""lng"": 91.791039}, {""name"": ""En route to Vivanta Guwahati (stay 1)"", ""lat"": 26.167885, ""lng"": 91.776277}]","[{""name"": ""Riya Deka"", ""phone"": ""+91-9133256198"", ""relation"": ""family""}, {""name"": ""Meera Deka"", ""phone"": ""+91-7209874425"", ""relation"": ""spouse""}, {""name"": ""Kabir Medhi"", ""phone"": ""+91-8646488610"", ""relation"": ""friend""}]",2026-08-09 06:00:00,2026-08-12 09:00:00,26.16594,91.56699,2026-08-12 06:32:21,82.8,1,active,2026-07-29 17:00:00,normal,Guwahati Market & Heritage Walk
223,STS-EEF8017ADE9E,Rupam Kalita,Indian,aadhaar,XXXX-XXXX-8954,+91-8373924164,"[{""name"": ""Hotel Dynasty, Lakhtokia (stay 1)"", ""lat"": 26.181488, ""lng"": 91.782467}, {""name"": ""Assam State Zoo & Botanical Garden"", ""lat"": 26.178, ""lng"": 91.786}, {""name"": ""Hotel Nandan (stay 2)"", ""lat"": 26.106297, ""lng"": 91.621206}, {""name"": ""Deepor Beel Wildlife Sanctuary"", ""lat"": 26.12, ""lng"": 91.65}, {""name"": ""Accoland Water Park"", ""lat"": 26.09, ""lng"": 91.59}, {""name"": ""Vivanta Guwahati (stay 3)"", ""lat"": 25.937115, ""lng"": 91.431151}, {""name"": ""Chandubi Lake"", ""lat"": 25.9333, ""lng"": 91.4333}, {""name"": ""Wild Mahseer, Balipara (stay 4)"", ""lat"": 26.230722, ""lng"": 92.084959}, {""name"": ""Pobitora Wildlife Sanctuary"", ""lat"": 26.2333, ""lng"": 92.0833}, {""name"": ""En route to Accoland Water Park"", ""lat"": 26.11, ""lng"": 91.63}, {""name"": ""En route to Accoland Water Park"", ""lat"": 26.1, ""lng"": 91.61}, {""name"": ""En route to Hotel Nandan (stay 2)"", ""lat"": 26.098149, ""lng"": 91.605603}, {""name"": ""En route to Deepor Beel Wildlife Sanctuary"", ""lat"": 26.113149, ""lng"": 91.635603}]","[{""name"": ""Anurag Hazarika"", ""phone"": ""+91-6379342199"", ""relation"": ""family""}, {""name"": ""Bishal Medhi"", ""phone"": ""+91-7970057162"", ""relation"": ""spouse""}]",2026-08-05 10:45:00,2026-08-08 16:45:00,25.936993,91.431368,2026-08-08 06:53:21,80.0,1,active,2026-07-23 01:45:00,normal,Guwahati Nature & Wildlife
224,STS-926BBBD0712A,Divya Nath,Indian,aadhaar,XXXX-XXXX-9800,+91-9957543334,"[{""name"": ""Ri Kynjai, Umiam (stay 1)"", ""lat"": 26.105473, ""lng"": 91.585783}, {""name"": ""LGB International Airport"", ""lat"": 26.1061, ""lng"": 91.5859}, {""name"": ""Novotel Guwahati GS Road (stay 2)"", ""lat"": 26.167913, ""lng"": 91.773456}, {""name"": ""Guwahati Railway Station"", ""lat"": 26.1824, ""lng"": 91.7513}, {""name"": ""Ganeshguri Junction"", ""lat"": 26.147, ""lng"": 91.79}, {""name"": ""En route to Ganeshguri Junction"", ""lat"": 26.1706, ""lng"": 91.7642}, {""name"": ""En route to Ganeshguri Junction"", ""lat"": 26.1588, ""lng"": 91.7771}, {""name"": ""En route to Novotel Guwahati GS Road (stay 2)"", ""lat"": 26.157456, ""lng"": 91.781728}, {""name"": ""En route to Guwahati Railway Station"", ""lat"": 26.175156, ""lng"": 91.762378}]","[{""name"": ""Kabir Bora"", ""phone"": ""+91-7869572208"", ""relation"": ""family""}, {""name"": ""Nabanita Nath"", ""phone"": ""+91-7134843278"", ""relation"": ""spouse""}, {""name"": ""Diphlu River Lodge, Kaziranga Front Desk"", ""phone"": ""+91-6516768749"", ""relation"": ""hotel""}, {""name"": ""Rohan Singh"", ""phone"": ""+91-7491607998"", ""relation"": ""embassy""}]",2026-08-03 09:00:00,2026-08-06 14:00:00,26.168297,91.773371,2026-08-06 06:41:27,79.7,1,active,2026-07-21 14:00:00,normal,Business / Transit Stay
225,STS-89B2F08FD517,Arjun Banerjee,Indian,passport,Z9974811,+91-6413045653,"[{""name"": ""Vivanta Guwahati (stay 1)"", ""lat"": 26.91841, ""lng"": 92.878362}, {""name"": ""Nameri National Park"", ""lat"": 26.92, ""lng"": 92.88}, {""name"": ""Wild Mahseer, Balipara (stay 2)"", ""lat"": 26.746909, ""lng"": 94.201208}, {""name"": ""Jorhat"", ""lat"": 26.7509, ""lng"": 94.2037}, {""name"": ""Hotel Nandan (stay 3)"", ""lat"": 26.105349, ""lng"": 91.584762}, {""name"": ""LGB International Airport"", ""lat"": 26.1061, ""lng"": 91.5859}]","[{""name"": ""Priya Dutta"", ""phone"": ""+91-7198290891"", ""relation"": ""family""}, {""name"": ""Anurag Deka"", ""phone"": ""+91-9927179742"", ""relation"": ""spouse""}, {""name"": ""Anjali Singh"", ""phone"": ""+91-6640354448"", ""relation"": ""colleague""}, {""name"": ""Bornali Gogoi"", ""phone"": ""+91-7470764414"", ""relation"": ""parent""}]",2026-08-26 10:15:00,2026-09-02 20:15:00,26.105101,91.585128,2026-09-02 06:41:17,80.2,0,active,2026-08-09 09:15:00,normal,Upper Assam Wildlife Trail
226,STS-99360148A9CC,Amanda Jones,American,passport,418566146,+1-7530294874,"[{""name"": ""Novotel Guwahati GS Road (stay 1)"", ""lat"": 26.364403, ""lng"": 91.637017}, {""name"": ""Madan Kamdev Ruins"", ""lat"": 26.3667, ""lng"": 91.6333}, {""name"": ""Novotel Guwahati GS Road (stay 2)"", ""lat"": 26.250218, ""lng"": 91.513201}, {""name"": ""Hajo Pilgrimage Town"", ""lat"": 26.25, ""lng"": 91.5167}, {""name"": ""Kiranshree Portico (stay 3)"", ""lat"": 26.158953, ""lng"": 91.775945}, {""name"": ""Umananda Island"", ""lat"": 26.1964, ""lng"": 91.7453}, {""name"": ""Navagraha Temple"", ""lat"": 26.1749, ""lng"": 91.7789}, {""name"": ""Basistha Temple"", ""lat"": 26.1132, ""lng"": 91.797}, {""name"": ""En route to Basistha Temple"", ""lat"": 26.154333, ""lng"": 91.784933}, {""name"": ""En route to Basistha Temple"", ""lat"": 26.133767, ""lng"": 91.790967}, {""name"": ""En route to Kiranshree Portico (stay 3)"", ""lat"": 26.128451, ""lng"": 91.789982}, {""name"": ""En route to Kiranshree Portico (stay 3)"", ""lat"": 26.143702, ""lng"": 91.782963}, {""name"": ""En route to Umananda Island"", ""lat"": 26.171435, ""lng"": 91.76573}, {""name"": ""En route to Umananda Island"", ""lat"": 26.183918, ""lng"": 91.755515}, {""name"": ""En route to Navagraha Temple"", ""lat"": 26.18565, ""lng"": 91.7621}]","[{""name"": ""David Johnson"", ""phone"": ""+1-7102040951"", ""relation"": ""family""}, {""name"": ""James Davis"", ""phone"": ""+1-7137759744"", ""relation"": ""spouse""}]",2026-08-30 09:30:00,2026-09-03 21:30:00,26.159184,91.775996,2026-09-03 06:36:41,79.1,1,active,2026-08-17 11:30:00,normal,Guwahati Pilgrimage Circuit
227,STS-4AD0ED3BD192,Anjali Singh,Indian,aadhaar,XXXX-XXXX-6692,+91-6908043429,"[{""name"": ""Vivanta Guwahati (stay 1)"", ""lat"": 26.185783, ""lng"": 91.749817}, {""name"": ""Guwahati Railway Station"", ""lat"": 26.1824, ""lng"": 91.7513}, {""name"": ""Ygdrasill Bamboo Resort, Cherrapunji (stay 2)"", ""lat"": 27.583971, ""lng"": 91.855955}, {""name"": ""Tawang Monastery"", ""lat"": 27.5861, ""lng"": 91.8594}, {""name"": ""Wild Mahseer, Balipara (stay 3)"", ""lat"": 27.545248, ""lng"": 93.833697}, {""name"": ""Ziro Valley"", ""lat"": 27.5448, ""lng"": 93.832}]","[{""name"": ""Anurag Deka"", ""phone"": ""+91-6642498105"", ""relation"": ""family""}]",2026-08-12 11:30:00,2026-08-24 15:30:00,27.545323,93.833877,2026-08-24 06:41:35,83.2,1,active,2026-08-09 20:30:00,route_deviation,Arunachal High Himalaya
228,STS-E9E30CF3D378,Rahul Patel,Indian,aadhaar,XXXX-XXXX-6871,+91-9915323862,"[{""name"": ""Dolma Homestay, Tawang (stay 1)"", ""lat"": 26.104732, ""lng"": 91.58228}, {""name"": ""LGB International Airport"", ""lat"": 26.1061, ""lng"": 91.5859}, {""name"": ""Novotel Guwahati GS Road (stay 2)"", ""lat"": 26.144006, ""lng"": 91.800552}, {""name"": ""Ganeshguri Junction"", ""lat"": 26.147, ""lng"": 91.79}, {""name"": ""Six Mile"", ""lat"": 26.135, ""lng"": 91.805}]","[{""name"": ""Jayanta Medhi"", ""phone"": ""+91-8418267567"", ""relation"": ""family""}, {""name"": ""Manish Ghosh"", ""phone"": ""+91-9593193191"", ""relation"": ""spouse""}, {""name"": ""Tanvi Bora"", ""phone"": ""+91-9394140011"", ""relation"": ""friend""}]",2026-07-29 05:30:00,2026-08-01 15:30:00,26.143805,91.800635,2026-08-01 06:35:58,79.1,1,active,2026-07-19 09:30:00,normal,Business / Transit Stay
229,STS-7A571DDE39FA,Parag Nair,Indian,aadhaar,XXXX-XXXX-6415,+91-6459823606,"[{""name"": ""Hotel Rajmahal (stay 1)"", ""lat"": 26.156233, ""lng"": 91.748447}, {""name"": ""Basistha Temple"", ""lat"": 26.1132, ""lng"": 91.797}, {""name"": ""Umananda Island"", ""lat"": 26.1964, ""lng"": 91.7453}, {""name"": ""Kamakhya Temple"", ""lat"": 26.1664, ""lng"": 91.7055}, {""name"": ""La Maison de Ananda, Majuli (stay 2)"", ""lat"": 26.247017, ""lng"": 91.518464}, {""name"": ""Hajo Pilgrimage Town"", ""lat"": 26.25, ""lng"": 91.5167}, {""name"": ""Ygdrasill Bamboo Resort, Cherrapunji (stay 3)"", ""lat"": 26.369817, ""lng"": 91.63636}, {""name"": ""Madan Kamdev Ruins"", ""lat"": 26.3667, ""lng"": 91.6333}, {""name"": ""En route to Umananda Island"", ""lat"": 26.12984, ""lng"": 91.78666}, {""name"": ""En route to Umananda Island"", ""lat"": 26.14648, ""lng"": 91.77632}, {""name"": ""En route to Umananda Island"", ""lat"": 26.16312, ""lng"": 91.76598}, {""name"": ""En route to Umananda Island"", ""lat"": 26.17976, ""lng"": 91.75564}, {""name"": ""En route to Basistha Temple"", ""lat"": 26.141889, ""lng"": 91.764631}, {""name"": ""En route to Basistha Temple"", ""lat"": 26.127544, ""lng"": 91.780816}, {""name"": ""En route to Kamakhya Temple"", ""lat"": 26.1864, ""lng"": 91.732033}, {""name"": ""En route to Kamakhya Temple"", ""lat"": 26.1764, ""lng"": 91.718767}, {""name"": ""En route to Hotel Rajmahal (stay 1)"", ""lat"": 26.161316, ""lng"": 91.726973}]","[{""name"": ""Rupam Dutta"", ""phone"": ""+91-9879857863"", ""relation"": ""family""}, {""name"": ""Pranjal Nair"", ""phone"": ""+91-7952143756"", ""relation"": ""spouse""}, {""name"": ""Debojit Mishra"", ""phone"": ""+91-6659000964"", ""relation"": ""spouse""}]",2026-08-24 09:30:00,2026-08-29 13:30:00,26.369577,91.636126,2026-08-29 06:51:13,78.5,1,active,2026-08-18 04:30:00,abduction_pattern,Guwahati Pilgrimage Circuit
230,STS-6865D7B7C60F,Parag Iyer,Indian,aadhaar,XXXX-XXXX-4095,+91-9257911545,"[{""name"": ""Hotel Nandan (stay 1)"", ""lat"": 24.816251, ""lng"": 93.93971}, {""name"": ""Imphal"", ""lat"": 24.817, ""lng"": 93.9368}, {""name"": ""Diphlu River Lodge, Kaziranga (stay 2)"", ""lat"": 25.678642, ""lng"": 94.107004}, {""name"": ""Kohima"", ""lat"": 25.6751, ""lng"": 94.1086}, {""name"": ""La Maison de Ananda, Majuli (stay 3)"", ""lat"": 26.106678, ""lng"": 91.587565}, {""name"": ""LGB International Airport"", ""lat"": 26.1061, ""lng"": 91.5859}, {""name"": ""Kiranshree Portico (stay 4)"", ""lat"": 23.829335, ""lng"": 91.283682}, {""name"": ""Agartala"", ""lat"": 23.8315, ""lng"": 91.2868}, {""name"": ""Hotel Nandan (stay 5)"", ""lat"": 23.726499, ""lng"": 92.714685}, {""name"": ""Aizawl"", ""lat"": 23.7271, ""lng"": 92.7176}, {""name"": ""Diphlu River Lodge, Kaziranga (stay 6)"", ""lat"": 27.330848, ""lng"": 88.613411}, {""name"": ""Gangtok"", ""lat"": 27.3314, ""lng"": 88.6138}]","[{""name"": ""Tanvi Nath"", ""phone"": ""+91-8546966081"", ""relation"": ""family""}, {""name"": ""Hemanta Rajkhowa"", ""phone"": ""+91-9053917409"", ""relation"": ""spouse""}, {""name"": ""Anurag Kalita"", ""phone"": ""+91-6180541220"", ""relation"": ""employer""}, {""name"": ""Brahmaputra Jungle Resort Front Desk"", ""phone"": ""+91-9990190519"", ""relation"": ""hotel""}]",2026-07-31 09:15:00,2026-08-12 16:15:00,27.330775,88.613801,2026-08-12 06:50:50,83.5,1,active,2026-07-13 00:15:00,normal,Seven Sisters Grand Tour
231,STS-745A297B1A2F,Manish Das,Indian,aadhaar,XXXX-XXXX-3983,+91-9429802642,"[{""name"": ""Novotel Guwahati GS Road (stay 1)"", ""lat"": 26.189198, ""lng"": 91.758467}, {""name"": ""Umananda Island"", ""lat"": 26.1964, ""lng"": 91.7453}, {""name"": ""Navagraha Temple"", ""lat"": 26.1749, ""lng"": 91.7789}, {""name"": ""Hotel Rajmahal (stay 2)"", ""lat"": 26.363865, ""lng"": 91.633361}, {""name"": ""Madan Kamdev Ruins"", ""lat"": 26.3667, ""lng"": 91.6333}, {""name"": ""Hotel Polo Towers, Shillong (stay 3)"", ""lat"": 26.249377, ""lng"": 91.518511}, {""name"": ""Hajo Pilgrimage Town"", ""lat"": 26.25, ""lng"": 91.5167}, {""name"": ""En route to Navagraha Temple"", ""lat"": 26.18565, ""lng"": 91.7621}, {""name"": ""En route to Novotel Guwahati GS Road (stay 1)"", ""lat"": 26.182049, ""lng"": 91.768683}]","[{""name"": ""Tanvi Saikia"", ""phone"": ""+91-6688965647"", ""relation"": ""family""}, {""name"": ""Debojit Singh"", ""phone"": ""+91-9072945752"", ""relation"": ""spouse""}]",2026-08-03 10:45:00,2026-08-08 14:45:00,26.249242,91.518118,2026-08-08 06:40:55,81.8,1,active,2026-08-01 07:45:00,normal,Guwahati Pilgrimage Circuit
232,STS-862606DBF74F,Rupam Nair,Indian,aadhaar,XXXX-XXXX-3650,+91-8703388412,"[{""name"": ""Wild Mahseer, Balipara (stay 1)"", ""lat"": 26.103244, ""lng"": 91.620436}, {""name"": ""Accoland Water Park"", ""lat"": 26.09, ""lng"": 91.59}, {""name"": ""Deepor Beel Wildlife Sanctuary"", ""lat"": 26.12, ""lng"": 91.65}, {""name"": ""Hotel Polo Towers, Shillong (stay 2)"", ""lat"": 25.932514, ""lng"": 91.432414}, {""name"": ""Chandubi Lake"", ""lat"": 25.9333, ""lng"": 91.4333}, {""name"": ""Ginger Guwahati (stay 3)"", ""lat"": 26.230474, ""lng"": 92.086983}, {""name"": ""Pobitora Wildlife Sanctuary"", ""lat"": 26.2333, ""lng"": 92.0833}, {""name"": ""En route to Deepor Beel Wildlife Sanctuary"", ""lat"": 26.1, ""lng"": 91.61}, {""name"": ""En route to Deepor Beel Wildlife Sanctuary"", ""lat"": 26.11, ""lng"": 91.63}, {""name"": ""En route to Wild Mahseer, Balipara (stay 1)"", ""lat"": 26.111622, ""lng"": 91.635218}, {""name"": ""En route to Accoland Water Park"", ""lat"": 26.096622, ""lng"": 91.605218}]","[{""name"": ""Rituparna Ghosh"", ""phone"": ""+91-7649319147"", ""relation"": ""family""}, {""name"": ""Ananya Patel"", ""phone"": ""+91-7998982701"", ""relation"": ""spouse""}]",2026-08-13 10:15:00,2026-08-18 23:15:00,26.23058,92.087005,2026-08-18 06:35:13,82.6,1,active,2026-08-01 08:15:00,normal,Guwahati Nature & Wildlife
233,STS-2D1885E53C93,Sneha Mishra,Indian,aadhaar,XXXX-XXXX-4505,+91-9064190211,"[{""name"": ""Diphlu River Lodge, Kaziranga (stay 1)"", ""lat"": 25.931529, ""lng"": 91.434019}, {""name"": ""Chandubi Lake"", ""lat"": 25.9333, ""lng"": 91.4333}, {""name"": ""Diphlu River Lodge, Kaziranga (stay 2)"", ""lat"": 26.102351, ""lng"": 91.622036}, {""name"": ""Accoland Water Park"", ""lat"": 26.09, ""lng"": 91.59}, {""name"": ""Deepor Beel Wildlife Sanctuary"", ""lat"": 26.12, ""lng"": 91.65}, {""name"": ""En route to Deepor Beel Wildlife Sanctuary"", ""lat"": 26.1, ""lng"": 91.61}, {""name"": ""En route to Deepor Beel Wildlife Sanctuary"", ""lat"": 26.11, ""lng"": 91.63}, {""name"": ""En route to Accoland Water Park"", ""lat"": 26.096176, ""lng"": 91.606018}, {""name"": ""En route to Diphlu River Lodge, Kaziranga (stay 2)"", ""lat"": 26.111176, ""lng"": 91.636018}]","[{""name"": ""Nikhil Rajkhowa"", ""phone"": ""+91-6840352422"", ""relation"": ""family""}, {""name"": ""Rituparna Barua"", ""phone"": ""+91-6938889758"", ""relation"": ""spouse""}, {""name"": ""Rituparna Phukan"", ""phone"": ""+91-7561677423"", ""relation"": ""parent""}]",2026-08-08 11:00:00,2026-08-12 21:00:00,26.102274,91.622394,2026-08-12 06:48:48,83.7,1,active,2026-08-03 13:00:00,normal,Guwahati Nature & Wildlife
234,STS-07889C0B1678,Rupam Banerjee,Indian,aadhaar,XXXX-XXXX-5824,+91-8404059041,"[{""name"": ""Vivanta Guwahati (stay 1)"", ""lat"": 26.174888, ""lng"": 91.787689}, {""name"": ""Assam State Zoo & Botanical Garden"", ""lat"": 26.178, ""lng"": 91.786}, {""name"": ""Hotel Polo Towers, Shillong (stay 2)"", ""lat"": 26.102158, ""lng"": 91.618563}, {""name"": ""Deepor Beel Wildlife Sanctuary"", ""lat"": 26.12, ""lng"": 91.65}, {""name"": ""Accoland Water Park"", ""lat"": 26.09, ""lng"": 91.59}, {""name"": ""En route to Accoland Water Park"", ""lat"": 26.11, ""lng"": 91.63}, {""name"": ""En route to Accoland Water Park"", ""lat"": 26.1, ""lng"": 91.61}, {""name"": ""En route to Deepor Beel Wildlife Sanctuary"", ""lat"": 26.111079, ""lng"": 91.634282}, {""name"": ""En route to Hotel Polo Towers, Shillong (stay 2)"", ""lat"": 26.096079, ""lng"": 91.604281}]","[{""name"": ""Manish Hazarika"", ""phone"": ""+91-6950652357"", ""relation"": ""family""}, {""name"": ""Chandana Bora"", ""phone"": ""+91-6114447122"", ""relation"": ""spouse""}, {""name"": ""Bishal Singh"", ""phone"": ""+91-8457833492"", ""relation"": ""parent""}]",2026-08-11 06:15:00,2026-08-14 14:15:00,26.101775,91.618844,2026-08-14 06:49:46,82.1,1,active,2026-07-31 16:15:00,normal,Guwahati Nature & Wildlife
235,STS-0AC974F8E7D0,Bhaskar Sharma,Indian,passport,Z5041288,+91-7842692246,"[{""name"": ""La Maison de Ananda, Majuli (stay 1)"", ""lat"": 26.3651, ""lng"": 91.631461}, {""name"": ""Madan Kamdev Ruins"", ""lat"": 26.3667, ""lng"": 91.6333}, {""name"": ""Hotel Rajmahal (stay 2)"", ""lat"": 26.246882, ""lng"": 91.519404}, {""name"": ""Hajo Pilgrimage Town"", ""lat"": 26.25, ""lng"": 91.5167}, {""name"": ""Ygdrasill Bamboo Resort, Cherrapunji (stay 3)"", ""lat"": 26.176862, ""lng"": 91.743637}, {""name"": ""Kamakhya Temple"", ""lat"": 26.1664, ""lng"": 91.7055}, {""name"": ""Umananda Island"", ""lat"": 26.1964, ""lng"": 91.7453}, {""name"": ""Navagraha Temple"", ""lat"": 26.1749, ""lng"": 91.7789}, {""name"": ""En route to Umananda Island"", ""lat"": 26.1764, ""lng"": 91.718767}, {""name"": ""En route to Umananda Island"", ""lat"": 26.1864, ""lng"": 91.732033}, {""name"": ""En route to Navagraha Temple"", ""lat"": 26.18565, ""lng"": 91.7621}, {""name"": ""En route to Kamakhya Temple"", ""lat"": 26.171631, ""lng"": 91.724569}, {""name"": ""En route to Ygdrasill Bamboo Resort, Cherrapunji (stay 3)"", ""lat"": 26.175881, ""lng"": 91.761268}]","[{""name"": ""Jayanta Bora"", ""phone"": ""+91-9788984267"", ""relation"": ""family""}, {""name"": ""Ananya Saikia"", ""phone"": ""+91-9088791090"", ""relation"": ""spouse""}]",2026-07-27 07:30:00,2026-07-30 13:30:00,26.176836,91.743941,2026-07-30 06:34:48,80.2,1,active,2026-07-07 08:30:00,sos_panic,Guwahati Pilgrimage Circuit
236,STS-76AF915D2FEB,Junmoni Mishra,Indian,aadhaar,XXXX-XXXX-7021,+91-8773569059,"[{""name"": ""Ri Kynjai, Umiam (stay 1)"", ""lat"": 25.278252, ""lng"": 91.682998}, {""name"": ""Nohkalikai Falls"", ""lat"": 25.276, ""lng"": 91.6857}, {""name"": ""Kiranshree Portico (stay 2)"", ""lat"": 25.200459, ""lng"": 91.918641}, {""name"": ""Mawlynnong Village"", ""lat"": 25.2, ""lng"": 91.9167}, {""name"": ""Ygdrasill Bamboo Resort, Cherrapunji (stay 3)"", ""lat"": 25.57885, ""lng"": 91.889857}, {""name"": ""Shillong"", ""lat"": 25.5788, ""lng"": 91.8933}]","[{""name"": ""Rahul Bora"", ""phone"": ""+91-8337140955"", ""relation"": ""family""}, {""name"": ""Rahul Mishra"", ""phone"": ""+91-8503149281"", ""relation"": ""spouse""}, {""name"": ""Simanta Deka"", ""phone"": ""+91-7417377095"", ""relation"": ""family""}, {""name"": ""Rohan Singh"", ""phone"": ""+91-9934147034"", ""relation"": ""tour_operator""}]",2026-09-06 09:45:00,2026-09-11 15:45:00,,,,100.0,1,active,2026-08-17 22:45:00,high_speed_transit,Meghalaya Loop
237,STS-8FDAC4D5D788,Aditya Sharma,Indian,aadhaar,XXXX-XXXX-3821,+91-7150652941,"[{""name"": ""Hotel Dynasty, Lakhtokia (stay 1)"", ""lat"": 26.109667, ""lng"": 91.587895}, {""name"": ""LGB International Airport"", ""lat"": 26.1061, ""lng"": 91.5859}, {""name"": ""Novotel Guwahati GS Road (stay 2)"", ""lat"": 26.633957, ""lng"": 92.799422}, {""name"": ""Tezpur"", ""lat"": 26.6338, ""lng"": 92.8}, {""name"": ""Hotel Dynasty, Lakhtokia (stay 3)"", ""lat"": 26.923371, ""lng"": 92.87857}, {""name"": ""Nameri National Park"", ""lat"": 26.92, ""lng"": 92.88}, {""name"": ""Diphlu River Lodge, Kaziranga (stay 4)"", ""lat"": 26.581277, ""lng"": 93.174264}, {""name"": ""Kaziranga National Park"", ""lat"": 26.5775, ""lng"": 93.1711}, {""name"": ""Dolma Homestay, Tawang (stay 5)"", ""lat"": 26.951263, ""lng"": 94.173686}, {""name"": ""Majuli River Island"", ""lat"": 26.95, ""lng"": 94.17}, {""name"": ""Brahmaputra Jungle Resort (stay 6)"", ""lat"": 26.981797, ""lng"": 94.64512}, {""name"": ""Sivasagar"", ""lat"": 26.9826, ""lng"": 94.6425}]","[{""name"": ""Ishita Rajkhowa"", ""phone"": ""+91-6115847773"", ""relation"": ""family""}, {""name"": ""Kavya Dutta"", ""phone"": ""+91-8120058355"", ""relation"": ""spouse""}]",2026-08-11 05:15:00,2026-08-22 08:15:00,26.981778,94.645016,2026-08-22 06:31:29,79.0,0,active,2026-08-04 09:15:00,normal,Upper Assam Wildlife Trail
238,STS-423667D5A068,Pooja Das,Indian,aadhaar,XXXX-XXXX-9305,+91-7072046627,"[{""name"": ""Hotel Polo Towers, Shillong (stay 1)"", ""lat"": 25.270235, ""lng"": 91.696787}, {""name"": ""Cherrapunji (Sohra)"", ""lat"": 25.2912, ""lng"": 91.6783}, {""name"": ""Nohkalikai Falls"", ""lat"": 25.276, ""lng"": 91.6857}, {""name"": ""Living Root Bridge, Nongriat"", ""lat"": 25.247, ""lng"": 91.715}, {""name"": ""Wild Mahseer, Balipara (stay 2)"", ""lat"": 25.617979, ""lng"": 91.889542}, {""name"": ""Shillong"", ""lat"": 25.5788, ""lng"": 91.8933}, {""name"": ""Umiam Lake"", ""lat"": 25.657, ""lng"": 91.889}, {""name"": ""Vivanta Guwahati (stay 3)"", ""lat"": 26.183197, ""lng"": 91.753136}, {""name"": ""Guwahati Railway Station"", ""lat"": 26.1824, ""lng"": 91.7513}, {""name"": ""En route to Umiam Lake"", ""lat"": 25.59835, ""lng"": 91.892225}, {""name"": ""En route to Umiam Lake"", ""lat"": 25.6179, ""lng"": 91.89115}, {""name"": ""En route to Umiam Lake"", ""lat"": 25.63745, ""lng"": 91.890075}, {""name"": ""En route to Shillong"", ""lat"": 25.598389, ""lng"": 91.891421}, {""name"": ""En route to Living Root Bridge, Nongriat"", ""lat"": 25.2615, ""lng"": 91.70035}, {""name"": ""En route to Wild Mahseer, Balipara (stay 2)"", ""lat"": 25.63749, ""lng"": 91.889271}, {""name"": ""En route to Hotel Polo Towers, Shillong (stay 1)"", ""lat"": 25.258617, ""lng"": 91.705894}, {""name"": ""En route to Cherrapunji (Sohra)"", ""lat"": 25.280718, ""lng"": 91.687544}]","[{""name"": ""Dhruv Bora"", ""phone"": ""+91-7948650574"", ""relation"": ""family""}, {""name"": ""Utpal Banerjee"", ""phone"": ""+91-8071309285"", ""relation"": ""spouse""}, {""name"": ""Rahul Barua"", ""phone"": ""+91-6040015202"", ""relation"": ""tour_operator""}]",2026-08-18 05:15:00,2026-08-27 11:15:00,26.183196,91.753149,2026-08-27 06:47:47,48.6,1,active,2026-08-17 18:15:00,abduction_pattern,Meghalaya Loop
239,STS-D3F2FA736218,Divya Deka,Indian,aadhaar,XXXX-XXXX-1906,+91-9983712828,"[{""name"": ""Wild Mahseer, Balipara (stay 1)"", ""lat"": 26.160435, ""lng"": 91.77363}, {""name"": ""Ganeshguri Junction"", ""lat"": 26.147, ""lng"": 91.79}, {""name"": ""Dispur Secretariat"", ""lat"": 26.142, ""lng"": 91.79}, {""name"": ""Guwahati Railway Station"", ""lat"": 26.1824, ""lng"": 91.7513}, {""name"": ""En route to Guwahati Railway Station"", ""lat"": 26.155467, ""lng"": 91.7771}, {""name"": ""En route to Guwahati Railway Station"", ""lat"": 26.168933, ""lng"": 91.7642}, {""name"": ""En route to Wild Mahseer, Balipara (stay 1)"", ""lat"": 26.171418, ""lng"": 91.762465}]","[{""name"": ""Ananya Nair"", ""phone"": ""+91-9496318955"", ""relation"": ""family""}, {""name"": ""Tanvi Banerjee"", ""phone"": ""+91-6223377184"", ""relation"": ""spouse""}, {""name"": ""Aditya Hazarika"", ""phone"": ""+91-7164758671"", ""relation"": ""colleague""}]",2026-07-28 06:45:00,2026-07-29 15:45:00,26.160502,91.773608,2026-07-29 06:41:43,79.5,1,active,2026-07-19 10:45:00,normal,Business / Transit Stay
240,STS-76B0863ACC42,Anjali Verma,Indian,aadhaar,XXXX-XXXX-7767,+91-6309658631,"[{""name"": ""Diphlu River Lodge, Kaziranga (stay 1)"", ""lat"": 26.185358, ""lng"": 91.748194}, {""name"": ""Guwahati Planetarium"", ""lat"": 26.1856, ""lng"": 91.7625}, {""name"": ""Assam State Museum"", ""lat"": 26.1857, ""lng"": 91.7481}, {""name"": ""Pan Bazaar"", ""lat"": 26.1856, ""lng"": 91.7455}, {""name"": ""Brahmaputra Riverfront"", ""lat"": 26.1905, ""lng"": 91.748}, {""name"": ""Umananda Island"", ""lat"": 26.1964, ""lng"": 91.7453}]","[{""name"": ""Siddharth Singh"", ""phone"": ""+91-9896695307"", ""relation"": ""family""}, {""name"": ""Ishita Ghosh"", ""phone"": ""+91-7560933590"", ""relation"": ""spouse""}, {""name"": ""Siddharth Bora"", ""phone"": ""+91-8136602067"", ""relation"": ""employer""}, {""name"": ""Kabir Phukan"", ""phone"": ""+91-8531334887"", ""relation"": ""tour_operator""}]",2026-08-09 10:00:00,2026-08-12 20:00:00,26.185639,91.748439,2026-08-12 07:05:11,79.7,1,active,2026-07-25 09:00:00,normal,Guwahati City Break
241,STS-B8536C2F88BF,Sunita Shrestha,Nepali,passport,NP8567098,+977-4014712919,"[{""name"": ""Ygdrasill Bamboo Resort, Cherrapunji (stay 1)"", ""lat"": 26.580384, ""lng"": 93.174519}, {""name"": ""Kaziranga National Park"", ""lat"": 26.5775, ""lng"": 93.1711}, {""name"": ""Hotel Dynasty, Lakhtokia (stay 2)"", ""lat"": 26.107985, ""lng"": 91.58787}, {""name"": ""LGB International Airport"", ""lat"": 26.1061, ""lng"": 91.5859}, {""name"": ""Ri Kynjai, Umiam (stay 3)"", ""lat"": 25.580457, ""lng"": 91.892143}, {""name"": ""Shillong"", ""lat"": 25.5788, ""lng"": 91.8933}, {""name"": ""Wild Mahseer, Balipara (stay 4)"", ""lat"": 23.727652, ""lng"": 92.714237}, {""name"": ""Aizawl"", ""lat"": 23.7271, ""lng"": 92.7176}, {""name"": ""Novotel Guwahati GS Road (stay 5)"", ""lat"": 27.333085, ""lng"": 88.616206}, {""name"": ""Gangtok"", ""lat"": 27.3314, ""lng"": 88.6138}]","[{""name"": ""Suman Adhikari"", ""phone"": ""+977-5405707607"", ""relation"": ""family""}]",2026-08-24 06:00:00,2026-09-05 18:00:00,27.332863,88.616307,2026-09-05 06:51:28,81.5,1,active,2026-08-15 16:00:00,night_wanderer,Seven Sisters Grand Tour
242,STS-A6369660C57D,Emma Clarke,British,passport,752021522,+44-2186088158,"[{""name"": ""La Maison de Ananda, Majuli (stay 1)"", ""lat"": 26.106344, ""lng"": 91.582993}, {""name"": ""LGB International Airport"", ""lat"": 26.1061, ""lng"": 91.5859}, {""name"": ""Wild Mahseer, Balipara (stay 2)"", ""lat"": 26.6338, ""lng"": 92.796149}, {""name"": ""Tezpur"", ""lat"": 26.6338, ""lng"": 92.8}, {""name"": ""Hotel Polo Towers, Shillong (stay 3)"", ""lat"": 26.576311, ""lng"": 93.173732}, {""name"": ""Kaziranga National Park"", ""lat"": 26.5775, ""lng"": 93.1711}, {""name"": ""Ygdrasill Bamboo Resort, Cherrapunji (stay 4)"", ""lat"": 26.982443, ""lng"": 94.64224}, {""name"": ""Sivasagar"", ""lat"": 26.9826, ""lng"": 94.6425}]","[{""name"": ""Isla Green"", ""phone"": ""+44-3662166501"", ""relation"": ""family""}, {""name"": ""Thomas Hughes"", ""phone"": ""+44-4869363008"", ""relation"": ""spouse""}]",2026-08-08 10:00:00,2026-08-19 16:00:00,26.982468,94.642579,2026-08-19 06:41:24,80.5,1,active,2026-07-28 18:00:00,normal,Upper Assam Wildlife Trail
243,STS-4F1FB71D5B26,Lucas Roy,Canadian,passport,HJ091792,+1-8903719987,"[{""name"": ""Diphlu River Lodge, Kaziranga (stay 1)"", ""lat"": 26.634446, ""lng"": 92.802787}, {""name"": ""Tezpur"", ""lat"": 26.6338, ""lng"": 92.8}, {""name"": ""Vivanta Guwahati (stay 2)"", ""lat"": 26.184339, ""lng"": 91.754896}, {""name"": ""Guwahati Railway Station"", ""lat"": 26.1824, ""lng"": 91.7513}, {""name"": ""Diphlu River Lodge, Kaziranga (stay 3)"", ""lat"": 27.588412, ""lng"": 91.861871}, {""name"": ""Tawang Monastery"", ""lat"": 27.5861, ""lng"": 91.8594}, {""name"": ""Ginger Guwahati (stay 4)"", ""lat"": 27.548069, ""lng"": 93.82967}, {""name"": ""Ziro Valley"", ""lat"": 27.5448, ""lng"": 93.832}]","[{""name"": ""Nathan Gagnon"", ""phone"": ""+1-5493420799"", ""relation"": ""family""}, {""name"": ""Hannah Tremblay"", ""phone"": ""+1-7158511932"", ""relation"": ""spouse""}, {""name"": ""Owen Tremblay"", ""phone"": ""+1-1551360820"", ""relation"": ""colleague""}]",2026-08-02 10:15:00,2026-08-10 15:15:00,27.548436,93.830036,2026-08-10 06:57:12,81.8,1,active,2026-07-20 14:15:00,normal,Arunachal High Himalaya
244,STS-3FD398E185A2,Dilani Jayasuriya,Sri Lankan,passport,N4966980,+94-132501529,"[{""name"": ""Kiranshree Portico (stay 1)"", ""lat"": 25.274075, ""lng"": 91.695822}, {""name"": ""Cherrapunji (Sohra)"", ""lat"": 25.2912, ""lng"": 91.6783}, {""name"": ""Nohkalikai Falls"", ""lat"": 25.276, ""lng"": 91.6857}, {""name"": ""Living Root Bridge, Nongriat"", ""lat"": 25.247, ""lng"": 91.715}, {""name"": ""Novotel Guwahati GS Road (stay 2)"", ""lat"": 25.19734, ""lng"": 91.970024}, {""name"": ""Mawlynnong Village"", ""lat"": 25.2, ""lng"": 91.9167}, {""name"": ""Dawki / Umngot River"", ""lat"": 25.19, ""lng"": 92.02}, {""name"": ""Ri Kynjai, Umiam (stay 3)"", ""lat"": 25.658564, ""lng"": 91.885741}, {""name"": ""Umiam Lake"", ""lat"": 25.657, ""lng"": 91.889}, {""name"": ""En route to Dawki / Umngot River"", ""lat"": 25.198, ""lng"": 91.93736}, {""name"": ""En route to Dawki / Umngot River"", ""lat"": 25.196, ""lng"": 91.95802}, {""name"": ""En route to Dawki / Umngot River"", ""lat"": 25.194, ""lng"": 91.97868}, {""name"": ""En route to Dawki / Umngot River"", ""lat"": 25.192, ""lng"": 91.99934}, {""name"": ""En route to Mawlynnong Village"", ""lat"": 25.198227, ""lng"": 91.952249}, {""name"": ""En route to Mawlynnong Village"", ""lat"": 25.199113, ""lng"": 91.934475}, {""name"": ""En route to Novotel Guwahati GS Road (stay 2)"", ""lat"": 25.192447, ""lng"": 92.003341}, {""name"": ""En route to Novotel Guwahati GS Road (stay 2)"", ""lat"": 25.194893, ""lng"": 91.986683}, {""name"": ""En route to Living Root Bridge, Nongriat"", ""lat"": 25.2615, ""lng"": 91.70035}, {""name"": ""En route to Kiranshree Portico (stay 1)"", ""lat"": 25.260537, ""lng"": 91.705411}, {""name"": ""En route to Cherrapunji (Sohra)"", ""lat"": 25.282637, ""lng"": 91.687061}]","[{""name"": ""Kasun Silva"", ""phone"": ""+94-244904377"", ""relation"": ""family""}, {""name"": ""Ishara Perera"", ""phone"": ""+94-555248066"", ""relation"": ""spouse""}, {""name"": ""Dilani Jayasuriya"", ""phone"": ""+94-929241406"", ""relation"": ""tour_operator""}, {""name"": ""Dilani Fernando"", ""phone"": ""+94-553565728"", ""relation"": ""spouse""}]",2026-09-08 11:00:00,2026-09-14 21:00:00,,,,100.0,1,active,2026-08-23 23:00:00,night_wanderer,Meghalaya Loop
245,STS-397E2460AFBD,Ethan Smith,American,passport,234087291,+1-8613133936,"[{""name"": ""Wild Mahseer, Balipara (stay 1)"", ""lat"": 26.171911, ""lng"": 91.76043}, {""name"": ""Paltan Bazaar"", ""lat"": 26.1817, ""lng"": 91.7503}, {""name"": ""Pan Bazaar"", ""lat"": 26.1856, ""lng"": 91.7455}, {""name"": ""Fancy Bazaar"", ""lat"": 26.1836, ""lng"": 91.7434}, {""name"": ""Srimanta Sankaradeva Kalakshetra"", ""lat"": 26.144, ""lng"": 91.8058}, {""name"": ""En route to Srimanta Sankaradeva Kalakshetra"", ""lat"": 26.1737, ""lng"": 91.759}, {""name"": ""En route to Srimanta Sankaradeva Kalakshetra"", ""lat"": 26.1638, ""lng"": 91.7746}, {""name"": ""En route to Srimanta Sankaradeva Kalakshetra"", ""lat"": 26.1539, ""lng"": 91.7902}, {""name"": ""En route to Wild Mahseer, Balipara (stay 1)"", ""lat"": 26.153304, ""lng"": 91.790677}, {""name"": ""En route to Wild Mahseer, Balipara (stay 1)"", ""lat"": 26.162607, ""lng"": 91.775553}]","[{""name"": ""Ethan Smith"", ""phone"": ""+1-4893971146"", ""relation"": ""family""}, {""name"": ""Jessica Johnson"", ""phone"": ""+1-4969662707"", ""relation"": ""spouse""}]",2026-07-24 08:00:00,2026-07-26 19:00:00,26.17226,91.760213,2026-07-26 07:01:08,79.4,1,sos,2026-07-22 20:00:00,sos_panic,Guwahati Market & Heritage Walk
246,STS-1C6D2C18A09A,Vikram Bora,Indian,aadhaar,XXXX-XXXX-9061,+91-8260216939,"[{""name"": ""Brahmaputra Jungle Resort (stay 1)"", ""lat"": 27.586019, ""lng"": 91.855449}, {""name"": ""Tawang Monastery"", ""lat"": 27.5861, ""lng"": 91.8594}, {""name"": ""Hotel Polo Towers, Shillong (stay 2)"", ""lat"": 26.633266, ""lng"": 92.796479}, {""name"": ""Tezpur"", ""lat"": 26.6338, ""lng"": 92.8}, {""name"": ""Novotel Guwahati GS Road (stay 3)"", ""lat"": 26.18558, ""lng"": 91.754645}, {""name"": ""Guwahati Railway Station"", ""lat"": 26.1824, ""lng"": 91.7513}, {""name"": ""Radisson Blu Guwahati (stay 4)"", ""lat"": 27.547134, ""lng"": 93.834526}, {""name"": ""Ziro Valley"", ""lat"": 27.5448, ""lng"": 93.832}]","[{""name"": ""Utpal Medhi"", ""phone"": ""+91-9526378433"", ""relation"": ""family""}, {""name"": ""Rupam Ghosh"", ""phone"": ""+91-6983097456"", ""relation"": ""spouse""}]",2026-08-14 06:15:00,2026-08-21 18:15:00,27.546951,93.834426,2026-08-21 06:33:38,81.0,1,active,2026-07-29 15:15:00,inactivity,Arunachal High Himalaya
247,STS-273DA4B7F0F7,Gitanjali Singh,Indian,voterid,HVR6869179,+91-8983449829,"[{""name"": ""Hotel Polo Towers, Shillong (stay 1)"", ""lat"": 25.677627, ""lng"": 94.110966}, {""name"": ""Kohima"", ""lat"": 25.6751, ""lng"": 94.1086}, {""name"": ""Ginger Guwahati (stay 2)"", ""lat"": 26.579762, ""lng"": 93.174557}, {""name"": ""Kaziranga National Park"", ""lat"": 26.5775, ""lng"": 93.1711}, {""name"": ""Kiranshree Portico (stay 3)"", ""lat"": 23.834299, ""lng"": 91.286676}, {""name"": ""Agartala"", ""lat"": 23.8315, ""lng"": 91.2868}, {""name"": ""Hotel Polo Towers, Shillong (stay 4)"", ""lat"": 27.335025, ""lng"": 88.616278}, {""name"": ""Gangtok"", ""lat"": 27.3314, ""lng"": 88.6138}]","[{""name"": ""Rahul Das"", ""phone"": ""+91-6056952991"", ""relation"": ""family""}, {""name"": ""Nabanita Dutta"", ""phone"": ""+91-6566772779"", ""relation"": ""spouse""}, {""name"": ""Arjun Dutta"", ""phone"": ""+91-6461794949"", ""relation"": ""sibling""}]",2026-08-21 07:45:00,2026-08-31 14:45:00,27.335086,88.61597,2026-08-31 06:38:03,81.6,1,active,2026-08-15 00:45:00,normal,Seven Sisters Grand Tour
248,STS-97BBFC2B31A8,Anjana Adhikari,Nepali,passport,NP8399812,+977-2529182263,"[{""name"": ""Hotel Rajmahal (stay 1)"", ""lat"": 26.150176, ""lng"": 91.785405}, {""name"": ""Ganeshguri Junction"", ""lat"": 26.147, ""lng"": 91.79}, {""name"": ""Dispur Secretariat"", ""lat"": 26.142, ""lng"": 91.79}, {""name"": ""Six Mile"", ""lat"": 26.135, ""lng"": 91.805}, {""name"": ""Guwahati Railway Station"", ""lat"": 26.1824, ""lng"": 91.7513}, {""name"": ""Hotel Nandan (stay 2)"", ""lat"": 26.109363, ""lng"": 91.584001}, {""name"": ""LGB International Airport"", ""lat"": 26.1061, ""lng"": 91.5859}, {""name"": ""En route to Guwahati Railway Station"", ""lat"": 26.14685, ""lng"": 91.791575}, {""name"": ""En route to Guwahati Railway Station"", ""lat"": 26.1587, ""lng"": 91.77815}, {""name"": ""En route to Guwahati Railway Station"", ""lat"": 26.17055, ""lng"": 91.764725}, {""name"": ""En route to Hotel Rajmahal (stay 1)"", ""lat"": 26.166288, ""lng"": 91.768352}]","[{""name"": ""Bibek Gurung"", ""phone"": ""+977-4994203901"", ""relation"": ""family""}]",2026-08-07 09:45:00,2026-08-08 11:45:00,26.150511,91.78505,2026-08-08 07:03:02,79.1,1,active,2026-07-17 12:45:00,normal,Business / Transit Stay
249,STS-7F28A206126B,Mridula Choudhury,Indian,aadhaar,XXXX-XXXX-8799,+91-6613362630,"[{""name"": ""Diphlu River Lodge, Kaziranga (stay 1)"", ""lat"": 26.178421, ""lng"": 91.761124}, {""name"": ""Uzan Bazar Ghat"", ""lat"": 26.19, ""lng"": 91.759}, {""name"": ""Paltan Bazaar"", ""lat"": 26.1817, ""lng"": 91.7503}, {""name"": ""Pan Bazaar"", ""lat"": 26.1856, ""lng"": 91.7455}, {""name"": ""Fancy Bazaar"", ""lat"": 26.1836, ""lng"": 91.7434}, {""name"": ""Srimanta Sankaradeva Kalakshetra"", ""lat"": 26.144, ""lng"": 91.8058}, {""name"": ""Kiranshree Portico (stay 2)"", ""lat"": 26.165105, ""lng"": 91.565047}, {""name"": ""Sualkuchi Silk Village"", ""lat"": 26.1667, ""lng"": 91.5667}, {""name"": ""En route to Srimanta Sankaradeva Kalakshetra"", ""lat"": 26.1737, ""lng"": 91.759}, {""name"": ""En route to Srimanta Sankaradeva Kalakshetra"", ""lat"": 26.1638, ""lng"": 91.7746}, {""name"": ""En route to Srimanta Sankaradeva Kalakshetra"", ""lat"": 26.1539, ""lng"": 91.7902}, {""name"": ""En route to Diphlu River Lodge, Kaziranga (stay 1)"", ""lat"": 26.155474, ""lng"": 91.790908}, {""name"": ""En route to Diphlu River Lodge, Kaziranga (stay 1)"", ""lat"": 26.166947, ""lng"": 91.776016}]","[{""name"": ""Tanvi Gogoi"", ""phone"": ""+91-7908215977"", ""relation"": ""family""}, {""name"": ""Rahul Phukan"", ""phone"": ""+91-8135956609"", ""relation"": ""spouse""}]",2026-07-23 07:30:00,2026-07-26 15:30:00,26.164811,91.565035,2026-07-26 06:52:53,82.4,1,active,2026-07-14 23:30:00,normal,Guwahati Market & Heritage Walk
250,STS-B3E2BD929EB9,Anurag Mishra,Indian,passport,Z2058378,+91-6903080752,"[{""name"": ""Ygdrasill Bamboo Resort, Cherrapunji (stay 1)"", ""lat"": 26.575182, ""lng"": 93.17347}, {""name"": ""Kaziranga National Park"", ""lat"": 26.5775, ""lng"": 93.1711}, {""name"": ""Ygdrasill Bamboo Resort, Cherrapunji (stay 2)"", ""lat"": 25.67395, ""lng"": 94.105869}, {""name"": ""Kohima"", ""lat"": 25.6751, ""lng"": 94.1086}, {""name"": ""Ygdrasill Bamboo Resort, Cherrapunji (stay 3)"", ""lat"": 24.818656, ""lng"": 93.939255}, {""name"": ""Imphal"", ""lat"": 24.817, ""lng"": 93.9368}, {""name"": ""Diphlu River Lodge, Kaziranga (stay 4)"", ""lat"": 27.330852, ""lng"": 88.617521}, {""name"": ""Gangtok"", ""lat"": 27.3314, ""lng"": 88.6138}]","[{""name"": ""Aarav Barua"", ""phone"": ""+91-8277879533"", ""relation"": ""family""}, {""name"": ""Dhruv Verma"", ""phone"": ""+91-6387758634"", ""relation"": ""spouse""}, {""name"": ""Anurag Nair"", ""phone"": ""+91-6451530872"", ""relation"": ""friend""}, {""name"": ""Hemanta Nair"", ""phone"": ""+91-9533769638"", ""relation"": ""friend""}]",2026-08-18 07:30:00,2026-09-05 14:30:00,27.330815,88.617191,2026-09-05 06:59:18,82.1,1,active,2026-08-14 16:30:00,normal,Seven Sisters Grand Tour
251,STS-009C877C584E,Pooja Kalita,Indian,aadhaar,XXXX-XXXX-8354,+91-7172049282,"[{""name"": ""Hotel Nandan (stay 1)"", ""lat"": 26.189134, ""lng"": 91.760577}, {""name"": ""Navagraha Temple"", ""lat"": 26.1749, ""lng"": 91.7789}, {""name"": ""Umananda Island"", ""lat"": 26.1964, ""lng"": 91.7453}, {""name"": ""Hotel Nandan (stay 2)"", ""lat"": 26.36382, ""lng"": 91.63432}, {""name"": ""Madan Kamdev Ruins"", ""lat"": 26.3667, ""lng"": 91.6333}, {""name"": ""En route to Umananda Island"", ""lat"": 26.18565, ""lng"": 91.7621}]","[{""name"": ""Nikhil Iyer"", ""phone"": ""+91-7212354854"", ""relation"": ""family""}, {""name"": ""Anjali Phukan"", ""phone"": ""+91-9054438495"", ""relation"": ""spouse""}, {""name"": ""Kavya Banerjee"", ""phone"": ""+91-7644615835"", ""relation"": ""tour_operator""}]",2026-08-24 05:30:00,2026-08-30 15:30:00,26.363579,91.633995,2026-08-30 06:45:25,80.5,1,active,2026-08-20 23:30:00,inactivity,Guwahati Pilgrimage Circuit
252,STS-C583246449DF,Junmoni Deka,Indian,passport,Z7144828,+91-6285352594,"[{""name"": ""Ygdrasill Bamboo Resort, Cherrapunji (stay 1)"", ""lat"": 26.182003, ""lng"": 91.739332}, {""name"": ""Gandhi Mandap, Sarania Hill"", ""lat"": 26.175, ""lng"": 91.758}, {""name"": ""Nehru Park"", ""lat"": 26.1857, ""lng"": 91.7477}, {""name"": ""Brahmaputra Riverfront"", ""lat"": 26.1905, ""lng"": 91.748}, {""name"": ""Umananda Island"", ""lat"": 26.1964, ""lng"": 91.7453}, {""name"": ""Kamakhya Temple"", ""lat"": 26.1664, ""lng"": 91.7055}, {""name"": ""En route to Kamakhya Temple"", ""lat"": 26.1864, ""lng"": 91.732033}, {""name"": ""En route to Kamakhya Temple"", ""lat"": 26.1764, ""lng"": 91.718767}, {""name"": ""En route to Ygdrasill Bamboo Resort, Cherrapunji (stay 1)"", ""lat"": 26.174202, ""lng"": 91.722416}]","[{""name"": ""Rupam Das"", ""phone"": ""+91-6561394235"", ""relation"": ""family""}, {""name"": ""Anjali Kumar"", ""phone"": ""+91-6638048932"", ""relation"": ""spouse""}]",2026-08-07 10:15:00,2026-08-11 23:15:00,26.182302,91.739669,2026-08-11 06:37:34,50.3,1,active,2026-07-29 10:15:00,normal,Guwahati City Break
253,STS-DD840338BEF9,Arjun Sharma,Indian,aadhaar,XXXX-XXXX-7545,+91-8544929141,"[{""name"": ""Radisson Blu Guwahati (stay 1)"", ""lat"": 25.614174, ""lng"": 91.893961}, {""name"": ""Umiam Lake"", ""lat"": 25.657, ""lng"": 91.889}, {""name"": ""Shillong"", ""lat"": 25.5788, ""lng"": 91.8933}, {""name"": ""Wild Mahseer, Balipara (stay 2)"", ""lat"": 25.199, ""lng"": 91.920659}, {""name"": ""Mawlynnong Village"", ""lat"": 25.2, ""lng"": 91.9167}, {""name"": ""Hotel Polo Towers, Shillong (stay 3)"", ""lat"": 26.185348, ""lng"": 91.75391}, {""name"": ""Guwahati Railway Station"", ""lat"": 26.1824, ""lng"": 91.7513}, {""name"": ""En route to Shillong"", ""lat"": 25.63745, ""lng"": 91.890075}, {""name"": ""En route to Shillong"", ""lat"": 25.6179, ""lng"": 91.89115}, {""name"": ""En route to Shillong"", ""lat"": 25.59835, ""lng"": 91.892225}, {""name"": ""En route to Umiam Lake"", ""lat"": 25.635587, ""lng"": 91.891481}, {""name"": ""En route to Radisson Blu Guwahati (stay 1)"", ""lat"": 25.596487, ""lng"": 91.893631}]","[{""name"": ""Rohan Verma"", ""phone"": ""+91-8261239280"", ""relation"": ""family""}, {""name"": ""Pooja Verma"", ""phone"": ""+91-6074794075"", ""relation"": ""spouse""}, {""name"": ""Rituparna Banerjee"", ""phone"": ""+91-6872259970"", ""relation"": ""embassy""}, {""name"": ""Rohan Kumar"", ""phone"": ""+91-7418618261"", ""relation"": ""tour_operator""}]",2026-07-28 11:45:00,2026-08-07 20:45:00,26.185417,91.753525,2026-08-07 07:05:31,79.1,1,active,2026-07-15 12:45:00,normal,Meghalaya Loop
254,STS-5AAF6D659F81,Gitanjali Ghosh,Indian,aadhaar,XXXX-XXXX-5633,+91-6907724425,"[{""name"": ""Ri Kynjai, Umiam (stay 1)"", ""lat"": 26.10429, ""lng"": 91.620875}, {""name"": ""Accoland Water Park"", ""lat"": 26.09, ""lng"": 91.59}, {""name"": ""Deepor Beel Wildlife Sanctuary"", ""lat"": 26.12, ""lng"": 91.65}, {""name"": ""Hotel Dynasty, Lakhtokia (stay 2)"", ""lat"": 26.180768, ""lng"": 91.786701}, {""name"": ""Assam State Zoo & Botanical Garden"", ""lat"": 26.178, ""lng"": 91.786}, {""name"": ""Hotel Nandan (stay 3)"", ""lat"": 26.232974, ""lng"": 92.0865}, {""name"": ""Pobitora Wildlife Sanctuary"", ""lat"": 26.2333, ""lng"": 92.0833}, {""name"": ""Wild Mahseer, Balipara (stay 4)"", ""lat"": 25.935027, ""lng"": 91.432453}, {""name"": ""Chandubi Lake"", ""lat"": 25.9333, ""lng"": 91.4333}, {""name"": ""En route to Deepor Beel Wildlife Sanctuary"", ""lat"": 26.1, ""lng"": 91.61}, {""name"": ""En route to Deepor Beel Wildlife Sanctuary"", ""lat"": 26.11, ""lng"": 91.63}, {""name"": ""En route to Accoland Water Park"", ""lat"": 26.097145, ""lng"": 91.605437}, {""name"": ""En route to Ri Kynjai, Umiam (stay 1)"", ""lat"": 26.112145, ""lng"": 91.635437}]","[{""name"": ""Chandana Das"", ""phone"": ""+91-8796358319"", ""relation"": ""family""}, {""name"": ""Gitanjali Phukan"", ""phone"": ""+91-9446951967"", ""relation"": ""spouse""}]",2026-08-24 05:15:00,2026-08-28 16:15:00,25.934643,91.432347,2026-08-28 06:35:58,79.9,1,active,2026-08-05 06:15:00,normal,Guwahati Nature & Wildlife
255,STS-E23819970A90,Rohan Iyer,Indian,passport,Z0791622,+91-8136407936,"[{""name"": ""La Maison de Ananda, Majuli (stay 1)"", ""lat"": 25.198228, ""lng"": 91.970853}, {""name"": ""Dawki / Umngot River"", ""lat"": 25.19, ""lng"": 92.02}, {""name"": ""Mawlynnong Village"", ""lat"": 25.2, ""lng"": 91.9167}, {""name"": ""Wild Mahseer, Balipara (stay 2)"", ""lat"": 25.270844, ""lng"": 91.696087}, {""name"": ""Living Root Bridge, Nongriat"", ""lat"": 25.247, ""lng"": 91.715}, {""name"": ""Nohkalikai Falls"", ""lat"": 25.276, ""lng"": 91.6857}, {""name"": ""Cherrapunji (Sohra)"", ""lat"": 25.2912, ""lng"": 91.6783}, {""name"": ""Kiranshree Portico (stay 3)"", ""lat"": 26.185391, ""lng"": 91.754649}, {""name"": ""Guwahati Railway Station"", ""lat"": 26.1824, ""lng"": 91.7513}, {""name"": ""En route to Mawlynnong Village"", ""lat"": 25.192, ""lng"": 91.99934}, {""name"": ""En route to Mawlynnong Village"", ""lat"": 25.194, ""lng"": 91.97868}, {""name"": ""En route to Mawlynnong Village"", ""lat"": 25.196, ""lng"": 91.95802}, {""name"": ""En route to Mawlynnong Village"", ""lat"": 25.198, ""lng"": 91.93736}, {""name"": ""En route to La Maison de Ananda, Majuli (stay 1)"", ""lat"": 25.199409, ""lng"": 91.934751}, {""name"": ""En route to La Maison de Ananda, Majuli (stay 1)"", ""lat"": 25.198819, ""lng"": 91.952802}, {""name"": ""En route to Dawki / Umngot River"", ""lat"": 25.195485, ""lng"": 91.987235}, {""name"": ""En route to Dawki / Umngot River"", ""lat"": 25.192743, ""lng"": 92.003618}, {""name"": ""En route to Nohkalikai Falls"", ""lat"": 25.2615, ""lng"": 91.70035}, {""name"": ""En route to Living Root Bridge, Nongriat"", ""lat"": 25.258922, ""lng"": 91.705544}, {""name"": ""En route to Wild Mahseer, Balipara (stay 2)"", ""lat"": 25.281022, ""lng"": 91.687194}]","[{""name"": ""Rahul Rajkhowa"", ""phone"": ""+91-7278626984"", ""relation"": ""family""}, {""name"": ""Pooja Barua"", ""phone"": ""+91-9423765910"", ""relation"": ""spouse""}]",2026-09-02 06:45:00,2026-09-10 11:45:00,26.18556,91.754606,2026-09-05 18:12:22,72.3,1,active,2026-08-16 12:45:00,normal,Meghalaya Loop
256,STS-F5DE4D1C17C3,Rumana Sarkar,Bangladeshi,passport,BX2103591,+880-3650736845,"[{""name"": ""Hotel Nandan (stay 1)"", ""lat"": 25.582072, ""lng"": 91.893138}, {""name"": ""Shillong"", ""lat"": 25.5788, ""lng"": 91.8933}, {""name"": ""Kiranshree Portico (stay 2)"", ""lat"": 25.676144, ""lng"": 94.112091}, {""name"": ""Kohima"", ""lat"": 25.6751, ""lng"": 94.1086}, {""name"": ""Hotel Polo Towers, Shillong (stay 3)"", ""lat"": 27.33262, ""lng"": 88.617081}, {""name"": ""Gangtok"", ""lat"": 27.3314, ""lng"": 88.6138}]","[{""name"": ""Tanvir Begum"", ""phone"": ""+880-7858533306"", ""relation"": ""family""}, {""name"": ""Rumana Ahmed"", ""phone"": ""+880-3028609343"", ""relation"": ""spouse""}]",2026-08-31 07:30:00,2026-09-15 16:30:00,27.332277,88.617243,2026-09-05 18:25:21,75.6,1,active,2026-08-19 03:30:00,normal,Seven Sisters Grand Tour
257,STS-BD2DFF853BE8,Siddharth Hazarika,Indian,aadhaar,XXXX-XXXX-2417,+91-7969718070,"[{""name"": ""Diphlu River Lodge, Kaziranga (stay 1)"", ""lat"": 26.179723, ""lng"": 91.787443}, {""name"": ""Assam State Zoo & Botanical Garden"", ""lat"": 26.178, ""lng"": 91.786}, {""name"": ""Novotel Guwahati GS Road (stay 2)"", ""lat"": 26.088396, ""lng"": 91.593064}, {""name"": ""Accoland Water Park"", ""lat"": 26.09, ""lng"": 91.59}, {""name"": ""La Maison de Ananda, Majuli (stay 3)"", ""lat"": 25.93224, ""lng"": 91.430692}, {""name"": ""Chandubi Lake"", ""lat"": 25.9333, ""lng"": 91.4333}, {""name"": ""Hotel Dynasty, Lakhtokia (stay 4)"", ""lat"": 26.235156, ""lng"": 92.086248}, {""name"": ""Pobitora Wildlife Sanctuary"", ""lat"": 26.2333, ""lng"": 92.0833}]","[{""name"": ""Gitanjali Saikia"", ""phone"": ""+91-7730289336"", ""relation"": ""family""}, {""name"": ""Pranjal Barua"", ""phone"": ""+91-7381910611"", ""relation"": ""spouse""}]",2026-08-01 10:15:00,2026-08-03 13:15:00,25.932134,91.430362,2026-08-03 06:53:04,79.5,0,active,2026-07-19 22:15:00,normal,Guwahati Nature & Wildlife
258,STS-033E605300B6,Riya Deka,Indian,aadhaar,XXXX-XXXX-7780,+91-8947715448,"[{""name"": ""Hotel Polo Towers, Shillong (stay 1)"", ""lat"": 25.198385, ""lng"": 91.96481}, {""name"": ""Mawlynnong Village"", ""lat"": 25.2, ""lng"": 91.9167}, {""name"": ""Dawki / Umngot River"", ""lat"": 25.19, ""lng"": 92.02}, {""name"": ""Brahmaputra Jungle Resort (stay 2)"", ""lat"": 25.286992, ""lng"": 91.679785}, {""name"": ""Nohkalikai Falls"", ""lat"": 25.276, ""lng"": 91.6857}, {""name"": ""Cherrapunji (Sohra)"", ""lat"": 25.2912, ""lng"": 91.6783}, {""name"": ""En route to Dawki / Umngot River"", ""lat"": 25.198, ""lng"": 91.93736}, {""name"": ""En route to Dawki / Umngot River"", ""lat"": 25.196, ""lng"": 91.95802}, {""name"": ""En route to Dawki / Umngot River"", ""lat"": 25.194, ""lng"": 91.97868}, {""name"": ""En route to Dawki / Umngot River"", ""lat"": 25.192, ""lng"": 91.99934}, {""name"": ""En route to Hotel Polo Towers, Shillong (stay 1)"", ""lat"": 25.192795, ""lng"": 92.001603}, {""name"": ""En route to Hotel Polo Towers, Shillong (stay 1)"", ""lat"": 25.19559, ""lng"": 91.983207}, {""name"": ""En route to Mawlynnong Village"", ""lat"": 25.199192, ""lng"": 91.940755}]","[{""name"": ""Meera Baishya"", ""phone"": ""+91-7476616548"", ""relation"": ""family""}, {""name"": ""Siddharth Sharma"", ""phone"": ""+91-9306702612"", ""relation"": ""spouse""}, {""name"": ""Pooja Choudhury"", ""phone"": ""+91-7691416642"", ""relation"": ""family""}, {""name"": ""Kiranshree Portico Front Desk"", ""phone"": ""+91-7383587847"", ""relation"": ""hotel""}]",2026-08-24 10:30:00,2026-08-29 23:30:00,25.287112,91.679966,2026-08-29 06:36:11,77.5,1,active,2026-08-08 21:30:00,abduction_pattern,Meghalaya Loop
259,STS-B2BD4B110B95,Sneha Hazarika,Indian,aadhaar,XXXX-XXXX-5201,+91-6392297066,"[{""name"": ""Hotel Rajmahal (stay 1)"", ""lat"": 26.154935, ""lng"": 91.78171}, {""name"": ""Guwahati Railway Station"", ""lat"": 26.1824, ""lng"": 91.7513}, {""name"": ""Ganeshguri Junction"", ""lat"": 26.147, ""lng"": 91.79}, {""name"": ""Dispur Secretariat"", ""lat"": 26.142, ""lng"": 91.79}, {""name"": ""Six Mile"", ""lat"": 26.135, ""lng"": 91.805}, {""name"": ""Radisson Blu Guwahati (stay 2)"", ""lat"": 26.107044, ""lng"": 91.586982}, {""name"": ""LGB International Airport"", ""lat"": 26.1061, ""lng"": 91.5859}, {""name"": ""En route to Ganeshguri Junction"", ""lat"": 26.1706, ""lng"": 91.7642}, {""name"": ""En route to Ganeshguri Junction"", ""lat"": 26.1588, ""lng"": 91.7771}, {""name"": ""En route to Guwahati Railway Station"", ""lat"": 26.168667, ""lng"": 91.766505}, {""name"": ""En route to Hotel Rajmahal (stay 1)"", ""lat"": 26.144967, ""lng"": 91.793355}]","[{""name"": ""Debojit Hazarika"", ""phone"": ""+91-8648435745"", ""relation"": ""family""}, {""name"": ""Parag Sen"", ""phone"": ""+91-9115667429"", ""relation"": ""spouse""}]",2026-07-22 05:15:00,2026-07-25 08:15:00,26.106803,91.587068,2026-07-25 06:57:06,79.9,1,active,2026-07-17 18:15:00,normal,Business / Transit Stay
260,STS-6EAB2185C4C8,Rumana Uddin,Bangladeshi,passport,BX2457530,+880-4885061126,"[{""name"": ""Brahmaputra Jungle Resort (stay 1)"", ""lat"": 26.152525, ""lng"": 91.780368}, {""name"": ""Dispur Secretariat"", ""lat"": 26.142, ""lng"": 91.79}, {""name"": ""Six Mile"", ""lat"": 26.135, ""lng"": 91.805}, {""name"": ""Guwahati Railway Station"", ""lat"": 26.1824, ""lng"": 91.7513}, {""name"": ""Radisson Blu Guwahati (stay 2)"", ""lat"": 26.103459, ""lng"": 91.589567}, {""name"": ""LGB International Airport"", ""lat"": 26.1061, ""lng"": 91.5859}, {""name"": ""En route to Guwahati Railway Station"", ""lat"": 26.14685, ""lng"": 91.791575}, {""name"": ""En route to Guwahati Railway Station"", ""lat"": 26.1587, ""lng"": 91.77815}, {""name"": ""En route to Guwahati Railway Station"", ""lat"": 26.17055, ""lng"": 91.764725}, {""name"": ""En route to Brahmaputra Jungle Resort (stay 1)"", ""lat"": 26.167462, ""lng"": 91.765834}]","[{""name"": ""Mahmuda Alam"", ""phone"": ""+880-9569767748"", ""relation"": ""family""}, {""name"": ""Shakib Begum"", ""phone"": ""+880-1946085828"", ""relation"": ""spouse""}, {""name"": ""Rumana Rahman"", ""phone"": ""+880-6506546494"", ""relation"": ""colleague""}]",2026-09-05 11:45:00,2026-09-07 23:45:00,26.152829,91.780437,2026-09-05 18:34:16,73.3,1,active,2026-08-24 19:45:00,normal,Business / Transit Stay
261,STS-C12EBB9512C4,Divya Rajkhowa,Indian,aadhaar,XXXX-XXXX-6185,+91-9897963043,"[{""name"": ""Hotel Nandan (stay 1)"", ""lat"": 26.108613, ""lng"": 91.617114}, {""name"": ""Deepor Beel Wildlife Sanctuary"", ""lat"": 26.12, ""lng"": 91.65}, {""name"": ""Accoland Water Park"", ""lat"": 26.09, ""lng"": 91.59}, {""name"": ""Dolma Homestay, Tawang (stay 2)"", ""lat"": 26.174135, ""lng"": 91.789978}, {""name"": ""Assam State Zoo & Botanical Garden"", ""lat"": 26.178, ""lng"": 91.786}, {""name"": ""Ri Kynjai, Umiam (stay 3)"", ""lat"": 26.234949, ""lng"": 92.079704}, {""name"": ""Pobitora Wildlife Sanctuary"", ""lat"": 26.2333, ""lng"": 92.0833}, {""name"": ""En route to Accoland Water Park"", ""lat"": 26.11, ""lng"": 91.63}, {""name"": ""En route to Accoland Water Park"", ""lat"": 26.1, ""lng"": 91.61}, {""name"": ""En route to Deepor Beel Wildlife Sanctuary"", ""lat"": 26.114306, ""lng"": 91.633557}, {""name"": ""En route to Hotel Nandan (stay 1)"", ""lat"": 26.099306, ""lng"": 91.603557}]","[{""name"": ""Anurag Verma"", ""phone"": ""+91-8551769214"", ""relation"": ""family""}]",2026-07-27 05:45:00,2026-08-01 08:45:00,26.23477,92.079576,2026-08-01 06:43:57,83.4,1,active,2026-07-07 12:45:00,normal,Guwahati Nature & Wildlife
262,STS-2CA733AF01E1,Siddharth Saikia,Indian,pan,NWUPS5839G,+91-7421866827,"[{""name"": ""Ygdrasill Bamboo Resort, Cherrapunji (stay 1)"", ""lat"": 26.123857, ""lng"": 91.653718}, {""name"": ""Deepor Beel Wildlife Sanctuary"", ""lat"": 26.12, ""lng"": 91.65}, {""name"": ""La Maison de Ananda, Majuli (stay 2)"", ""lat"": 25.930487, ""lng"": 91.436369}, {""name"": ""Chandubi Lake"", ""lat"": 25.9333, ""lng"": 91.4333}, {""name"": ""Hotel Rajmahal (stay 3)"", ""lat"": 26.234595, ""lng"": 92.082547}, {""name"": ""Pobitora Wildlife Sanctuary"", ""lat"": 26.2333, ""lng"": 92.0833}]","[{""name"": ""Nikhil Patel"", ""phone"": ""+91-7838652487"", ""relation"": ""family""}, {""name"": ""Simanta Medhi"", ""phone"": ""+91-6988124178"", ""relation"": ""spouse""}, {""name"": ""Rahul Singh"", ""phone"": ""+91-6247580175"", ""relation"": ""family""}]",2026-07-28 06:30:00,2026-08-01 11:30:00,26.234207,92.082394,2026-08-01 06:33:29,83.6,0,active,2026-07-27 01:30:00,normal,Guwahati Nature & Wildlife
263,STS-0E0E9D04085D,Doyun Choi,Korean,passport,M27076185,+82-2146328014,"[{""name"": ""Ginger Guwahati (stay 1)"", ""lat"": 25.19454, ""lng"": 91.971309}, {""name"": ""Mawlynnong Village"", ""lat"": 25.2, ""lng"": 91.9167}, {""name"": ""Dawki / Umngot River"", ""lat"": 25.19, ""lng"": 92.02}, {""name"": ""Vivanta Guwahati (stay 2)"", ""lat"": 25.274991, ""lng"": 91.696244}, {""name"": ""Living Root Bridge, Nongriat"", ""lat"": 25.247, ""lng"": 91.715}, {""name"": ""Nohkalikai Falls"", ""lat"": 25.276, ""lng"": 91.6857}, {""name"": ""Cherrapunji (Sohra)"", ""lat"": 25.2912, ""lng"": 91.6783}, {""name"": ""Diphlu River Lodge, Kaziranga (stay 3)"", ""lat"": 25.659235, ""lng"": 91.886407}, {""name"": ""Umiam Lake"", ""lat"": 25.657, ""lng"": 91.889}, {""name"": ""En route to Dawki / Umngot River"", ""lat"": 25.198, ""lng"": 91.93736}, {""name"": ""En route to Dawki / Umngot River"", ""lat"": 25.196, ""lng"": 91.95802}, {""name"": ""En route to Dawki / Umngot River"", ""lat"": 25.194, ""lng"": 91.97868}, {""name"": ""En route to Dawki / Umngot River"", ""lat"": 25.192, ""lng"": 91.99934}, {""name"": ""En route to Mawlynnong Village"", ""lat"": 25.19636, ""lng"": 91.953106}, {""name"": ""En route to Mawlynnong Village"", ""lat"": 25.19818, ""lng"": 91.934903}, {""name"": ""En route to Ginger Guwahati (stay 1)"", ""lat"": 25.19227, ""lng"": 91.995655}, {""name"": ""En route to Nohkalikai Falls"", ""lat"": 25.2615, ""lng"": 91.70035}, {""name"": ""En route to Living Root Bridge, Nongriat"", ""lat"": 25.260995, ""lng"": 91.705622}, {""name"": ""En route to Vivanta Guwahati (stay 2)"", ""lat"": 25.283096, ""lng"": 91.687272}]","[{""name"": ""Doyun Jung"", ""phone"": ""+82-7484636940"", ""relation"": ""family""}, {""name"": ""Minjun Kang"", ""phone"": ""+82-4054766358"", ""relation"": ""spouse""}]",2026-07-24 10:45:00,2026-07-30 22:45:00,25.659518,91.886227,2026-07-30 06:43:47,64.8,1,active,2026-07-16 18:45:00,night_wanderer,Meghalaya Loop
264,STS-9250C53353B6,Aarav Bora,Indian,voterid,HWR1177613,+91-6008342905,"[{""name"": ""Ginger Guwahati (stay 1)"", ""lat"": 27.584398, ""lng"": 91.859201}, {""name"": ""Tawang Monastery"", ""lat"": 27.5861, ""lng"": 91.8594}, {""name"": ""Ri Kynjai, Umiam (stay 2)"", ""lat"": 26.632233, ""lng"": 92.801383}, {""name"": ""Tezpur"", ""lat"": 26.6338, ""lng"": 92.8}, {""name"": ""Ginger Guwahati (stay 3)"", ""lat"": 26.185349, ""lng"": 91.755028}, {""name"": ""Guwahati Railway Station"", ""lat"": 26.1824, ""lng"": 91.7513}, {""name"": ""Wild Mahseer, Balipara (stay 4)"", ""lat"": 27.541312, ""lng"": 93.833852}, {""name"": ""Ziro Valley"", ""lat"": 27.5448, ""lng"": 93.832}]","[{""name"": ""Nikhil Patel"", ""phone"": ""+91-7997065621"", ""relation"": ""family""}, {""name"": ""Mridula Medhi"", ""phone"": ""+91-7759056465"", ""relation"": ""spouse""}, {""name"": ""Anjali Singh"", ""phone"": ""+91-6062929254"", ""relation"": ""family""}]",2026-08-05 07:30:00,2026-08-12 17:30:00,27.541677,93.833898,2026-08-12 07:00:32,80.8,1,active,2026-07-22 10:30:00,normal,Arunachal High Himalaya
265,STS-0AA346D7AD50,Aiman Lim,Malaysian,passport,A80447133,+60-926203320,"[{""name"": ""Ri Kynjai, Umiam (stay 1)"", ""lat"": 26.141886, ""lng"": 91.796008}, {""name"": ""Dispur Secretariat"", ""lat"": 26.142, ""lng"": 91.79}, {""name"": ""Ganeshguri Junction"", ""lat"": 26.147, ""lng"": 91.79}, {""name"": ""Six Mile"", ""lat"": 26.135, ""lng"": 91.805}, {""name"": ""Brahmaputra Jungle Resort (stay 2)"", ""lat"": 26.106074, ""lng"": 91.58313}, {""name"": ""LGB International Airport"", ""lat"": 26.1061, ""lng"": 91.5859}]","[{""name"": ""Nurul Lim"", ""phone"": ""+60-922352810"", ""relation"": ""family""}, {""name"": ""Nurul Abdullah"", ""phone"": ""+60-276388097"", ""relation"": ""spouse""}]",2026-09-05 05:30:00,2026-09-07 08:30:00,26.142044,91.796307,2026-09-05 18:30:24,73.6,1,active,2026-08-31 19:30:00,normal,Business / Transit Stay
266,STS-FF22559B91C6,Ayesha Chowdhury,Bangladeshi,passport,BX9348621,+880-2639243453,"[{""name"": ""Hotel Nandan (stay 1)"", ""lat"": 27.54798, ""lng"": 93.830925}, {""name"": ""Ziro Valley"", ""lat"": 27.5448, ""lng"": 93.832}, {""name"": ""Diphlu River Lodge, Kaziranga (stay 2)"", ""lat"": 26.63294, ""lng"": 92.800815}, {""name"": ""Tezpur"", ""lat"": 26.6338, ""lng"": 92.8}, {""name"": ""Ginger Guwahati (stay 3)"", ""lat"": 26.186127, ""lng"": 91.754995}, {""name"": ""Guwahati Railway Station"", ""lat"": 26.1824, ""lng"": 91.7513}, {""name"": ""Brahmaputra Jungle Resort (stay 4)"", ""lat"": 27.583827, ""lng"": 91.860397}, {""name"": ""Tawang Monastery"", ""lat"": 27.5861, ""lng"": 91.8594}]","[{""name"": ""Shakib Hossain"", ""phone"": ""+880-6202995280"", ""relation"": ""family""}]",2026-07-24 06:15:00,2026-08-02 19:15:00,27.584195,91.860237,2026-08-02 06:33:45,53.7,0,active,2026-07-07 23:15:00,normal,Arunachal High Himalaya
267,STS-26E6C52F61AD,Vikram Deka,Indian,pan,ERWVW6078S,+91-9219877178,"[{""name"": ""Wild Mahseer, Balipara (stay 1)"", ""lat"": 26.180179, ""lng"": 91.760038}, {""name"": ""Paltan Bazaar"", ""lat"": 26.1817, ""lng"": 91.7503}, {""name"": ""Pan Bazaar"", ""lat"": 26.1856, ""lng"": 91.7455}, {""name"": ""Fancy Bazaar"", ""lat"": 26.1836, ""lng"": 91.7434}, {""name"": ""Uzan Bazar Ghat"", ""lat"": 26.19, ""lng"": 91.759}, {""name"": ""Srimanta Sankaradeva Kalakshetra"", ""lat"": 26.144, ""lng"": 91.8058}, {""name"": ""Vivanta Guwahati (stay 2)"", ""lat"": 26.162812, ""lng"": 91.566718}, {""name"": ""Sualkuchi Silk Village"", ""lat"": 26.1667, ""lng"": 91.5667}, {""name"": ""En route to Srimanta Sankaradeva Kalakshetra"", ""lat"": 26.174667, ""lng"": 91.7746}, {""name"": ""En route to Srimanta Sankaradeva Kalakshetra"", ""lat"": 26.159333, ""lng"": 91.7902}, {""name"": ""En route to Wild Mahseer, Balipara (stay 1)"", ""lat"": 26.15606, ""lng"": 91.790546}, {""name"": ""En route to Wild Mahseer, Balipara (stay 1)"", ""lat"": 26.168119, ""lng"": 91.775292}]","[{""name"": ""Rahul Kumar"", ""phone"": ""+91-7123093279"", ""relation"": ""family""}, {""name"": ""Dhruv Das"", ""phone"": ""+91-6452338224"", ""relation"": ""spouse""}]",2026-08-18 11:45:00,2026-08-20 23:45:00,26.163135,91.567114,2026-08-20 07:02:51,81.7,1,active,2026-08-01 15:45:00,route_deviation,Guwahati Market & Heritage Walk
268,STS-6F43C9406FDE,Junmoni Barua,Indian,aadhaar,XXXX-XXXX-2951,+91-9811503217,"[{""name"": ""Vivanta Guwahati (stay 1)"", ""lat"": 26.233472, ""lng"": 92.079546}, {""name"": ""Pobitora Wildlife Sanctuary"", ""lat"": 26.2333, ""lng"": 92.0833}, {""name"": ""Ygdrasill Bamboo Resort, Cherrapunji (stay 2)"", ""lat"": 26.1759, ""lng"": 91.784235}, {""name"": ""Assam State Zoo & Botanical Garden"", ""lat"": 26.178, ""lng"": 91.786}, {""name"": ""Novotel Guwahati GS Road (stay 3)"", ""lat"": 26.103067, ""lng"": 91.61708}, {""name"": ""Deepor Beel Wildlife Sanctuary"", ""lat"": 26.12, ""lng"": 91.65}, {""name"": ""Accoland Water Park"", ""lat"": 26.09, ""lng"": 91.59}, {""name"": ""Brahmaputra Jungle Resort (stay 4)"", ""lat"": 25.930564, ""lng"": 91.435327}, {""name"": ""Chandubi Lake"", ""lat"": 25.9333, ""lng"": 91.4333}, {""name"": ""En route to Accoland Water Park"", ""lat"": 26.11, ""lng"": 91.63}, {""name"": ""En route to Accoland Water Park"", ""lat"": 26.1, ""lng"": 91.61}, {""name"": ""En route to Deepor Beel Wildlife Sanctuary"", ""lat"": 26.111534, ""lng"": 91.63354}, {""name"": ""En route to Novotel Guwahati GS Road (stay 3)"", ""lat"": 26.096533, ""lng"": 91.60354}]","[{""name"": ""Bhaskar Iyer"", ""phone"": ""+91-7164570592"", ""relation"": ""family""}, {""name"": ""Pooja Kalita"", ""phone"": ""+91-8731439253"", ""relation"": ""spouse""}, {""name"": ""Mridula Medhi"", ""phone"": ""+91-8630065797"", ""relation"": ""tour_operator""}]",2026-08-11 08:00:00,2026-08-15 17:00:00,25.930604,91.435539,2026-08-15 06:39:42,78.8,0,active,2026-08-09 13:00:00,inactivity,Guwahati Nature & Wildlife
269,STS-04B53A35EEFF,Jayanta Rajkhowa,Indian,passport,Z1412411,+91-6957958490,"[{""name"": ""Ri Kynjai, Umiam (stay 1)"", ""lat"": 26.920854, ""lng"": 92.881775}, {""name"": ""Nameri National Park"", ""lat"": 26.92, ""lng"": 92.88}, {""name"": ""Diphlu River Lodge, Kaziranga (stay 2)"", ""lat"": 26.633, ""lng"": 92.797983}, {""name"": ""Tezpur"", ""lat"": 26.6338, ""lng"": 92.8}, {""name"": ""Ri Kynjai, Umiam (stay 3)"", ""lat"": 26.575972, ""lng"": 93.173258}, {""name"": ""Kaziranga National Park"", ""lat"": 26.5775, ""lng"": 93.1711}, {""name"": ""Novotel Guwahati GS Road (stay 4)"", ""lat"": 26.754446, ""lng"": 94.20519}, {""name"": ""Jorhat"", ""lat"": 26.7509, ""lng"": 94.2037}, {""name"": ""Hotel Polo Towers, Shillong (stay 5)"", ""lat"": 26.983904, ""lng"": 94.644759}, {""name"": ""Sivasagar"", ""lat"": 26.9826, ""lng"": 94.6425}, {""name"": ""Diphlu River Lodge, Kaziranga (stay 6)"", ""lat"": 26.105864, ""lng"": 91.584075}, {""name"": ""LGB International Airport"", ""lat"": 26.1061, ""lng"": 91.5859}]","[{""name"": ""Rahul Das"", ""phone"": ""+91-7022963471"", ""relation"": ""family""}]",2026-08-10 10:00:00,2026-08-21 20:00:00,26.106097,91.584156,2026-08-21 06:52:46,79.7,1,active,2026-08-03 11:00:00,normal,Upper Assam Wildlife Trail
270,STS-5D970C606E42,Jayanta Kalita,Indian,aadhaar,XXXX-XXXX-8804,+91-9709069695,"[{""name"": ""Radisson Blu Guwahati (stay 1)"", ""lat"": 26.180013, ""lng"": 91.787588}, {""name"": ""Assam State Zoo & Botanical Garden"", ""lat"": 26.178, ""lng"": 91.786}, {""name"": ""Hotel Polo Towers, Shillong (stay 2)"", ""lat"": 26.105866, ""lng"": 91.622112}, {""name"": ""Deepor Beel Wildlife Sanctuary"", ""lat"": 26.12, ""lng"": 91.65}, {""name"": ""Accoland Water Park"", ""lat"": 26.09, ""lng"": 91.59}, {""name"": ""Brahmaputra Jungle Resort (stay 3)"", ""lat"": 25.930405, ""lng"": 91.430375}, {""name"": ""Chandubi Lake"", ""lat"": 25.9333, ""lng"": 91.4333}, {""name"": ""Ri Kynjai, Umiam (stay 4)"", ""lat"": 26.23297, ""lng"": 92.083355}, {""name"": ""Pobitora Wildlife Sanctuary"", ""lat"": 26.2333, ""lng"": 92.0833}, {""name"": ""En route to Accoland Water Park"", ""lat"": 26.11, ""lng"": 91.63}, {""name"": ""En route to Accoland Water Park"", ""lat"": 26.1, ""lng"": 91.61}, {""name"": ""En route to Hotel Polo Towers, Shillong (stay 2)"", ""lat"": 26.097933, ""lng"": 91.606056}, {""name"": ""En route to Deepor Beel Wildlife Sanctuary"", ""lat"": 26.112933, ""lng"": 91.636056}]","[{""name"": ""Nabanita Saikia"", ""phone"": ""+91-8425696153"", ""relation"": ""family""}, {""name"": ""Simanta Bora"", ""phone"": ""+91-9718446218"", ""relation"": ""spouse""}]",2026-09-02 10:15:00,2026-09-04 22:15:00,25.930797,91.430643,2026-09-04 06:43:10,81.6,1,active,2026-08-20 09:15:00,normal,Guwahati Nature & Wildlife
271,STS-D9F6F802B712,Sneha Dutta,Indian,passport,Z6812065,+91-9554359456,"[{""name"": ""Wild Mahseer, Balipara (stay 1)"", ""lat"": 25.272948, ""lng"": 91.698695}, {""name"": ""Living Root Bridge, Nongriat"", ""lat"": 25.247, ""lng"": 91.715}, {""name"": ""Cherrapunji (Sohra)"", ""lat"": 25.2912, ""lng"": 91.6783}, {""name"": ""Hotel Rajmahal (stay 2)"", ""lat"": 25.192909, ""lng"": 92.017183}, {""name"": ""Dawki / Umngot River"", ""lat"": 25.19, ""lng"": 92.02}, {""name"": ""En route to Cherrapunji (Sohra)"", ""lat"": 25.261733, ""lng"": 91.702767}, {""name"": ""En route to Cherrapunji (Sohra)"", ""lat"": 25.276467, ""lng"": 91.690533}, {""name"": ""En route to Living Root Bridge, Nongriat"", ""lat"": 25.259974, ""lng"": 91.706848}, {""name"": ""En route to Wild Mahseer, Balipara (stay 1)"", ""lat"": 25.282074, ""lng"": 91.688497}]","[{""name"": ""Bhaskar Reddy"", ""phone"": ""+91-6853023363"", ""relation"": ""family""}, {""name"": ""Debojit Ghosh"", ""phone"": ""+91-6319957318"", ""relation"": ""spouse""}]",2026-07-31 06:00:00,2026-08-05 18:00:00,25.193206,92.017556,2026-08-05 06:32:37,40.1,1,active,2026-07-28 21:00:00,normal,Meghalaya Loop
272,STS-FD96416709EF,Kabir Nair,Indian,aadhaar,XXXX-XXXX-4761,+91-6117878036,"[{""name"": ""Kiranshree Portico (stay 1)"", ""lat"": 26.25077, ""lng"": 91.515526}, {""name"": ""Hajo Pilgrimage Town"", ""lat"": 26.25, ""lng"": 91.5167}, {""name"": ""Hotel Dynasty, Lakhtokia (stay 2)"", ""lat"": 26.36897, ""lng"": 91.632604}, {""name"": ""Madan Kamdev Ruins"", ""lat"": 26.3667, ""lng"": 91.6333}, {""name"": ""Hotel Dynasty, Lakhtokia (stay 3)"", ""lat"": 26.157671, ""lng"": 91.774015}, {""name"": ""Umananda Island"", ""lat"": 26.1964, ""lng"": 91.7453}, {""name"": ""Navagraha Temple"", ""lat"": 26.1749, ""lng"": 91.7789}, {""name"": ""Basistha Temple"", ""lat"": 26.1132, ""lng"": 91.797}, {""name"": ""En route to Basistha Temple"", ""lat"": 26.154333, ""lng"": 91.784933}, {""name"": ""En route to Basistha Temple"", ""lat"": 26.133767, ""lng"": 91.790967}, {""name"": ""En route to Hotel Dynasty, Lakhtokia (stay 3)"", ""lat"": 26.128024, ""lng"": 91.789338}, {""name"": ""En route to Hotel Dynasty, Lakhtokia (stay 3)"", ""lat"": 26.142847, ""lng"": 91.781677}, {""name"": ""En route to Umananda Island"", ""lat"": 26.170581, ""lng"": 91.764443}, {""name"": ""En route to Umananda Island"", ""lat"": 26.18349, ""lng"": 91.754872}, {""name"": ""En route to Navagraha Temple"", ""lat"": 26.18565, ""lng"": 91.7621}]","[{""name"": ""Bhaskar Dutta"", ""phone"": ""+91-6507019495"", ""relation"": ""family""}, {""name"": ""Nabanita Bora"", ""phone"": ""+91-6081716216"", ""relation"": ""spouse""}, {""name"": ""Pooja Choudhury"", ""phone"": ""+91-6703244502"", ""relation"": ""sibling""}]",2026-07-24 09:00:00,2026-07-29 16:00:00,26.157506,91.773617,2026-07-29 06:32:04,81.1,1,active,2026-07-23 21:00:00,normal,Guwahati Pilgrimage Circuit
273,STS-78D2BB2522A4,Bhaskar Ghosh,Indian,passport,Z9037752,+91-7459377930,"[{""name"": ""Hotel Dynasty, Lakhtokia (stay 1)"", ""lat"": 26.578159, ""lng"": 93.173088}, {""name"": ""Kaziranga National Park"", ""lat"": 26.5775, ""lng"": 93.1711}, {""name"": ""Diphlu River Lodge, Kaziranga (stay 2)"", ""lat"": 26.631672, ""lng"": 92.802654}, {""name"": ""Tezpur"", ""lat"": 26.6338, ""lng"": 92.8}, {""name"": ""Kiranshree Portico (stay 3)"", ""lat"": 26.107297, ""lng"": 91.589623}, {""name"": ""LGB International Airport"", ""lat"": 26.1061, ""lng"": 91.5859}, {""name"": ""Novotel Guwahati GS Road (stay 4)"", ""lat"": 26.978832, ""lng"": 94.643051}, {""name"": ""Sivasagar"", ""lat"": 26.9826, ""lng"": 94.6425}]","[{""name"": ""Aarav Rajkhowa"", ""phone"": ""+91-9147773423"", ""relation"": ""family""}, {""name"": ""Ishita Choudhury"", ""phone"": ""+91-6618314331"", ""relation"": ""spouse""}, {""name"": ""Gitanjali Iyer"", ""phone"": ""+91-9745951241"", ""relation"": ""spouse""}]",2026-08-11 08:00:00,2026-08-23 11:00:00,26.979013,94.643352,2026-08-23 06:48:09,80.9,1,active,2026-08-06 09:00:00,normal,Upper Assam Wildlife Trail
274,STS-DE67F1C948D5,Mridula Verma,Indian,aadhaar,XXXX-XXXX-2751,+91-6163841754,"[{""name"": ""Hotel Rajmahal (stay 1)"", ""lat"": 25.621622, ""lng"": 91.888368}, {""name"": ""Shillong"", ""lat"": 25.5788, ""lng"": 91.8933}, {""name"": ""Umiam Lake"", ""lat"": 25.657, ""lng"": 91.889}, {""name"": ""Hotel Polo Towers, Shillong (stay 2)"", ""lat"": 25.274384, ""lng"": 91.682313}, {""name"": ""Nohkalikai Falls"", ""lat"": 25.276, ""lng"": 91.6857}, {""name"": ""Ginger Guwahati (stay 3)"", ""lat"": 26.185774, ""lng"": 91.752208}, {""name"": ""Guwahati Railway Station"", ""lat"": 26.1824, ""lng"": 91.7513}, {""name"": ""En route to Umiam Lake"", ""lat"": 25.59835, ""lng"": 91.892225}, {""name"": ""En route to Umiam Lake"", ""lat"": 25.6179, ""lng"": 91.89115}, {""name"": ""En route to Umiam Lake"", ""lat"": 25.63745, ""lng"": 91.890075}, {""name"": ""En route to Shillong"", ""lat"": 25.600211, ""lng"": 91.890834}, {""name"": ""En route to Hotel Rajmahal (stay 1)"", ""lat"": 25.639311, ""lng"": 91.888684}]","[{""name"": ""Aditya Iyer"", ""phone"": ""+91-7404679387"", ""relation"": ""family""}, {""name"": ""Arjun Verma"", ""phone"": ""+91-9435203151"", ""relation"": ""spouse""}, {""name"": ""Radisson Blu Guwahati Front Desk"", ""phone"": ""+91-9211507405"", ""relation"": ""hotel""}]",2026-08-01 06:00:00,2026-08-11 16:00:00,26.185655,91.752395,2026-08-11 06:51:31,80.2,1,active,2026-07-15 06:00:00,inactivity,Meghalaya Loop
275,STS-D77B45081FBE,Bhaskar Reddy,Indian,aadhaar,XXXX-XXXX-4557,+91-7639543940,"[{""name"": ""Hotel Rajmahal (stay 1)"", ""lat"": 26.186222, ""lng"": 91.749474}, {""name"": ""Guwahati Railway Station"", ""lat"": 26.1824, ""lng"": 91.7513}, {""name"": ""Hotel Rajmahal (stay 2)"", ""lat"": 25.658805, ""lng"": 91.892894}, {""name"": ""Umiam Lake"", ""lat"": 25.657, ""lng"": 91.889}, {""name"": ""Ri Kynjai, Umiam (stay 3)"", ""lat"": 25.267886, ""lng"": 91.697072}, {""name"": ""Cherrapunji (Sohra)"", ""lat"": 25.2912, ""lng"": 91.6783}, {""name"": ""Living Root Bridge, Nongriat"", ""lat"": 25.247, ""lng"": 91.715}, {""name"": ""Hotel Dynasty, Lakhtokia (stay 4)"", ""lat"": 25.190917, ""lng"": 92.019573}, {""name"": ""Dawki / Umngot River"", ""lat"": 25.19, ""lng"": 92.02}, {""name"": ""En route to Living Root Bridge, Nongriat"", ""lat"": 25.276467, ""lng"": 91.690533}, {""name"": ""En route to Living Root Bridge, Nongriat"", ""lat"": 25.261733, ""lng"": 91.702767}, {""name"": ""En route to Cherrapunji (Sohra)"", ""lat"": 25.279543, ""lng"": 91.687686}, {""name"": ""En route to Ri Kynjai, Umiam (stay 3)"", ""lat"": 25.257443, ""lng"": 91.706036}]","[{""name"": ""Nabanita Deka"", ""phone"": ""+91-7884441749"", ""relation"": ""family""}, {""name"": ""Nikhil Iyer"", ""phone"": ""+91-6248141026"", ""relation"": ""spouse""}, {""name"": ""Meera Ghosh"", ""phone"": ""+91-7873234920"", ""relation"": ""tour_operator""}]",2026-08-13 08:15:00,2026-08-20 19:15:00,25.190968,92.019374,2026-08-20 06:33:19,40.0,1,active,2026-08-12 04:15:00,inactivity,Meghalaya Loop
276,STS-0FD761A3A9AF,Anjali Kalita,Indian,voterid,WPY9383362,+91-6026587162,"[{""name"": ""Hotel Nandan (stay 1)"", ""lat"": 25.577883, ""lng"": 91.892622}, {""name"": ""Shillong"", ""lat"": 25.5788, ""lng"": 91.8933}, {""name"": ""Ygdrasill Bamboo Resort, Cherrapunji (stay 2)"", ""lat"": 26.580325, ""lng"": 93.170164}, {""name"": ""Kaziranga National Park"", ""lat"": 26.5775, ""lng"": 93.1711}, {""name"": ""Radisson Blu Guwahati (stay 3)"", ""lat"": 23.835398, ""lng"": 91.290506}, {""name"": ""Agartala"", ""lat"": 23.8315, ""lng"": 91.2868}]","[{""name"": ""Rohan Dutta"", ""phone"": ""+91-6235853993"", ""relation"": ""family""}, {""name"": ""Anurag Barua"", ""phone"": ""+91-8600701337"", ""relation"": ""spouse""}]",2026-08-06 10:00:00,2026-08-23 19:00:00,23.835375,91.29072,2026-08-23 06:39:42,78.2,1,active,2026-08-03 00:00:00,geofence_intrusion,Seven Sisters Grand Tour
277,STS-2DC09F8A9F3C,Mei Ling Lim,Malaysian,passport,A16338472,+60-213266572,"[{""name"": ""Ygdrasill Bamboo Resort, Cherrapunji (stay 1)"", ""lat"": 25.274864, ""lng"": 91.69672}, {""name"": ""Living Root Bridge, Nongriat"", ""lat"": 25.247, ""lng"": 91.715}, {""name"": ""Nohkalikai Falls"", ""lat"": 25.276, ""lng"": 91.6857}, {""name"": ""Cherrapunji (Sohra)"", ""lat"": 25.2912, ""lng"": 91.6783}, {""name"": ""Ri Kynjai, Umiam (stay 2)"", ""lat"": 25.197929, ""lng"": 91.919038}, {""name"": ""Mawlynnong Village"", ""lat"": 25.2, ""lng"": 91.9167}, {""name"": ""Radisson Blu Guwahati (stay 3)"", ""lat"": 25.658133, ""lng"": 91.892455}, {""name"": ""Umiam Lake"", ""lat"": 25.657, ""lng"": 91.889}, {""name"": ""Kiranshree Portico (stay 4)"", ""lat"": 26.185675, ""lng"": 91.753338}, {""name"": ""Guwahati Railway Station"", ""lat"": 26.1824, ""lng"": 91.7513}, {""name"": ""En route to Nohkalikai Falls"", ""lat"": 25.2615, ""lng"": 91.70035}, {""name"": ""En route to Living Root Bridge, Nongriat"", ""lat"": 25.260932, ""lng"": 91.70586}, {""name"": ""En route to Ygdrasill Bamboo Resort, Cherrapunji (stay 1)"", ""lat"": 25.283032, ""lng"": 91.68751}]","[{""name"": ""Aiman Wong"", ""phone"": ""+60-258424500"", ""relation"": ""family""}, {""name"": ""Mei Ling Wong"", ""phone"": ""+60-741706118"", ""relation"": ""spouse""}, {""name"": ""Wei Jie Rahman"", ""phone"": ""+60-216328051"", ""relation"": ""spouse""}]",2026-09-05 07:45:00,2026-09-12 11:45:00,25.275064,91.696418,2026-09-05 18:12:29,71.0,0,active,2026-08-15 14:45:00,normal,Meghalaya Loop
278,STS-787B697DE428,Anjali Dutta,Indian,aadhaar,XXXX-XXXX-7852,+91-8126266625,"[{""name"": ""Hotel Polo Towers, Shillong (stay 1)"", ""lat"": 26.187789, ""lng"": 91.754038}, {""name"": ""Guwahati Planetarium"", ""lat"": 26.1856, ""lng"": 91.7625}, {""name"": ""Gandhi Mandap, Sarania Hill"", ""lat"": 26.175, ""lng"": 91.758}, {""name"": ""Pan Bazaar"", ""lat"": 26.1856, ""lng"": 91.7455}, {""name"": ""Fancy Bazaar"", ""lat"": 26.1836, ""lng"": 91.7434}, {""name"": ""Umananda Island"", ""lat"": 26.1964, ""lng"": 91.7453}]","[{""name"": ""Pooja Baishya"", ""phone"": ""+91-8079881120"", ""relation"": ""family""}, {""name"": ""Tanvi Deka"", ""phone"": ""+91-8290444453"", ""relation"": ""spouse""}, {""name"": ""Utpal Hazarika"", ""phone"": ""+91-7825319149"", ""relation"": ""embassy""}]",2026-08-17 06:15:00,2026-08-22 12:15:00,26.1878,91.754425,2026-08-22 06:31:53,80.6,1,active,2026-08-10 00:15:00,normal,Guwahati City Break
279,STS-E96C7A852725,Kabir Kalita,Indian,aadhaar,XXXX-XXXX-9583,+91-6117025478,"[{""name"": ""Brahmaputra Jungle Resort (stay 1)"", ""lat"": 26.18695, ""lng"": 91.742985}, {""name"": ""Fancy Bazaar"", ""lat"": 26.1836, ""lng"": 91.7434}, {""name"": ""Pan Bazaar"", ""lat"": 26.1856, ""lng"": 91.7455}, {""name"": ""Assam State Museum"", ""lat"": 26.1857, ""lng"": 91.7481}]","[{""name"": ""Ishita Ghosh"", ""phone"": ""+91-6128634363"", ""relation"": ""family""}, {""name"": ""Siddharth Nath"", ""phone"": ""+91-9642559200"", ""relation"": ""spouse""}, {""name"": ""Nabanita Hazarika"", ""phone"": ""+91-7946325405"", ""relation"": ""embassy""}]",2026-08-05 07:00:00,2026-08-09 20:00:00,26.187201,91.742895,2026-08-09 06:53:27,80.4,1,active,2026-07-20 20:00:00,normal,Guwahati City Break
280,STS-D37F18E7007F,Nikhil Banerjee,Indian,aadhaar,XXXX-XXXX-3563,+91-8981441097,"[{""name"": ""Ri Kynjai, Umiam (stay 1)"", ""lat"": 26.98082, ""lng"": 94.64482}, {""name"": ""Sivasagar"", ""lat"": 26.9826, ""lng"": 94.6425}, {""name"": ""Vivanta Guwahati (stay 2)"", ""lat"": 26.947271, ""lng"": 94.172108}, {""name"": ""Majuli River Island"", ""lat"": 26.95, ""lng"": 94.17}, {""name"": ""Dolma Homestay, Tawang (stay 3)"", ""lat"": 26.750701, ""lng"": 94.200451}, {""name"": ""Jorhat"", ""lat"": 26.7509, ""lng"": 94.2037}, {""name"": ""Radisson Blu Guwahati (stay 4)"", ""lat"": 26.573619, ""lng"": 93.169451}, {""name"": ""Kaziranga National Park"", ""lat"": 26.5775, ""lng"": 93.1711}, {""name"": ""Ygdrasill Bamboo Resort, Cherrapunji (stay 5)"", ""lat"": 26.635215, ""lng"": 92.796246}, {""name"": ""Tezpur"", ""lat"": 26.6338, ""lng"": 92.8}, {""name"": ""Hotel Rajmahal (stay 6)"", ""lat"": 26.917361, ""lng"": 92.877861}, {""name"": ""Nameri National Park"", ""lat"": 26.92, ""lng"": 92.88}]","[{""name"": ""Dhruv Barua"", ""phone"": ""+91-6642718583"", ""relation"": ""family""}, {""name"": ""Vikram Sharma"", ""phone"": ""+91-9424555248"", ""relation"": ""spouse""}, {""name"": ""Dhruv Singh"", ""phone"": ""+91-6130022715"", ""relation"": ""employer""}]",2026-09-09 07:00:00,2026-09-20 19:00:00,,,,100.0,1,active,2026-08-28 07:00:00,normal,Upper Assam Wildlife Trail
281,STS-57B0B134B2A1,Hemanta Medhi,Indian,pan,UWAJT6411A,+91-7903618441,"[{""name"": ""Novotel Guwahati GS Road (stay 1)"", ""lat"": 26.634647, ""lng"": 92.802909}, {""name"": ""Tezpur"", ""lat"": 26.6338, ""lng"": 92.8}, {""name"": ""Vivanta Guwahati (stay 2)"", ""lat"": 26.185855, ""lng"": 91.752587}, {""name"": ""Guwahati Railway Station"", ""lat"": 26.1824, ""lng"": 91.7513}, {""name"": ""Wild Mahseer, Balipara (stay 3)"", ""lat"": 27.582152, ""lng"": 91.856177}, {""name"": ""Tawang Monastery"", ""lat"": 27.5861, ""lng"": 91.8594}, {""name"": ""Novotel Guwahati GS Road (stay 4)"", ""lat"": 27.548408, ""lng"": 93.835476}, {""name"": ""Ziro Valley"", ""lat"": 27.5448, ""lng"": 93.832}]","[{""name"": ""Kavya Phukan"", ""phone"": ""+91-9054156486"", ""relation"": ""family""}, {""name"": ""Vikram Nair"", ""phone"": ""+91-9575724529"", ""relation"": ""spouse""}, {""name"": ""Nabanita Choudhury"", ""phone"": ""+91-6465983546"", ""relation"": ""family""}]",2026-09-03 07:15:00,2026-09-14 18:15:00,27.582546,91.855946,2026-09-05 18:35:18,47.0,1,active,2026-08-21 07:15:00,normal,Arunachal High Himalaya
282,STS-2679C4ED724A,Divya Medhi,Indian,aadhaar,XXXX-XXXX-9413,+91-6679791383,"[{""name"": ""Hotel Nandan (stay 1)"", ""lat"": 26.189414, ""lng"": 91.749224}, {""name"": ""Umananda Island"", ""lat"": 26.1964, ""lng"": 91.7453}, {""name"": ""Pan Bazaar"", ""lat"": 26.1856, ""lng"": 91.7455}, {""name"": ""Fancy Bazaar"", ""lat"": 26.1836, ""lng"": 91.7434}, {""name"": ""Guwahati Planetarium"", ""lat"": 26.1856, ""lng"": 91.7625}]","[{""name"": ""Hemanta Choudhury"", ""phone"": ""+91-6443373740"", ""relation"": ""family""}, {""name"": ""Nikhil Reddy"", ""phone"": ""+91-9142355776"", ""relation"": ""spouse""}, {""name"": ""Siddharth Dutta"", ""phone"": ""+91-7598510316"", ""relation"": ""spouse""}]",2026-08-06 09:45:00,2026-08-10 22:45:00,26.18976,91.74907,2026-08-10 07:04:37,79.3,1,active,2026-07-19 19:45:00,normal,Guwahati City Break
283,STS-693C81B2D193,Anurag Hazarika,Indian,aadhaar,XXXX-XXXX-8935,+91-7633415239,"[{""name"": ""Ri Kynjai, Umiam (stay 1)"", ""lat"": 26.367566, ""lng"": 91.629365}, {""name"": ""Madan Kamdev Ruins"", ""lat"": 26.3667, ""lng"": 91.6333}, {""name"": ""Hotel Rajmahal (stay 2)"", ""lat"": 26.249173, ""lng"": 91.515411}, {""name"": ""Hajo Pilgrimage Town"", ""lat"": 26.25, ""lng"": 91.5167}, {""name"": ""Hotel Polo Towers, Shillong (stay 3)"", ""lat"": 26.156195, ""lng"": 91.746336}, {""name"": ""Kamakhya Temple"", ""lat"": 26.1664, ""lng"": 91.7055}, {""name"": ""Umananda Island"", ""lat"": 26.1964, ""lng"": 91.7453}, {""name"": ""Basistha Temple"", ""lat"": 26.1132, ""lng"": 91.797}, {""name"": ""En route to Basistha Temple"", ""lat"": 26.17976, ""lng"": 91.75564}, {""name"": ""En route to Basistha Temple"", ""lat"": 26.16312, ""lng"": 91.76598}, {""name"": ""En route to Basistha Temple"", ""lat"": 26.14648, ""lng"": 91.77632}, {""name"": ""En route to Basistha Temple"", ""lat"": 26.12984, ""lng"": 91.78666}, {""name"": ""En route to Hotel Polo Towers, Shillong (stay 3)"", ""lat"": 26.127532, ""lng"": 91.780112}, {""name"": ""En route to Hotel Polo Towers, Shillong (stay 3)"", ""lat"": 26.141863, ""lng"": 91.763224}, {""name"": ""En route to Umananda Island"", ""lat"": 26.1764, ""lng"": 91.718767}, {""name"": ""En route to Umananda Island"", ""lat"": 26.1864, ""lng"": 91.732033}, {""name"": ""En route to Kamakhya Temple"", ""lat"": 26.161297, ""lng"": 91.725918}]","[{""name"": ""Aditya Kalita"", ""phone"": ""+91-8000553787"", ""relation"": ""family""}, {""name"": ""Kabir Sharma"", ""phone"": ""+91-7819324302"", ""relation"": ""spouse""}, {""name"": ""Diphlu River Lodge, Kaziranga Front Desk"", ""phone"": ""+91-6516274713"", ""relation"": ""hotel""}]",2026-08-27 08:45:00,2026-09-01 10:45:00,26.155864,91.745988,2026-09-01 07:09:41,79.4,1,active,2026-08-08 14:45:00,normal,Guwahati Pilgrimage Circuit
284,STS-EA611A68FD44,Parag Das,Indian,aadhaar,XXXX-XXXX-3583,+91-8430778554,"[{""name"": ""Vivanta Guwahati (stay 1)"", ""lat"": 25.675409, ""lng"": 94.106805}, {""name"": ""Kohima"", ""lat"": 25.6751, ""lng"": 94.1086}, {""name"": ""Radisson Blu Guwahati (stay 2)"", ""lat"": 24.819949, ""lng"": 93.937757}, {""name"": ""Imphal"", ""lat"": 24.817, ""lng"": 93.9368}, {""name"": ""Hotel Rajmahal (stay 3)"", ""lat"": 23.728581, ""lng"": 92.719663}, {""name"": ""Aizawl"", ""lat"": 23.7271, ""lng"": 92.7176}, {""name"": ""Dolma Homestay, Tawang (stay 4)"", ""lat"": 25.578274, ""lng"": 91.89567}, {""name"": ""Shillong"", ""lat"": 25.5788, ""lng"": 91.8933}, {""name"": ""Diphlu River Lodge, Kaziranga (stay 5)"", ""lat"": 26.107239, ""lng"": 91.58948}, {""name"": ""LGB International Airport"", ""lat"": 26.1061, ""lng"": 91.5859}, {""name"": ""Hotel Rajmahal (stay 6)"", ""lat"": 26.579502, ""lng"": 93.170447}, {""name"": ""Kaziranga National Park"", ""lat"": 26.5775, ""lng"": 93.1711}]","[{""name"": ""Junmoni Das"", ""phone"": ""+91-6534713789"", ""relation"": ""family""}, {""name"": ""Kavya Sen"", ""phone"": ""+91-6515422111"", ""relation"": ""spouse""}, {""name"": ""Jayanta Saikia"", ""phone"": ""+91-8964858948"", ""relation"": ""embassy""}]",2026-09-02 09:15:00,2026-09-15 22:15:00,26.10722,91.58935,2026-09-05 18:17:28,74.3,1,active,2026-08-27 22:15:00,normal,Seven Sisters Grand Tour
285,STS-4F835BADF813,Parag Nath,Indian,aadhaar,XXXX-XXXX-6719,+91-7978652461,"[{""name"": ""Radisson Blu Guwahati (stay 1)"", ""lat"": 26.181286, ""lng"": 91.755186}, {""name"": ""Guwahati Railway Station"", ""lat"": 26.1824, ""lng"": 91.7513}, {""name"": ""Ri Kynjai, Umiam (stay 2)"", ""lat"": 26.634618, ""lng"": 92.803287}, {""name"": ""Tezpur"", ""lat"": 26.6338, ""lng"": 92.8}, {""name"": ""Diphlu River Lodge, Kaziranga (stay 3)"", ""lat"": 27.58244, ""lng"": 91.855657}, {""name"": ""Tawang Monastery"", ""lat"": 27.5861, ""lng"": 91.8594}, {""name"": ""Brahmaputra Jungle Resort (stay 4)"", ""lat"": 27.5423, ""lng"": 93.83085}, {""name"": ""Ziro Valley"", ""lat"": 27.5448, ""lng"": 93.832}]","[{""name"": ""Dhruv Rajkhowa"", ""phone"": ""+91-6001591560"", ""relation"": ""family""}, {""name"": ""Jayanta Ghosh"", ""phone"": ""+91-8022378004"", ""relation"": ""spouse""}, {""name"": ""Anjali Gogoi"", ""phone"": ""+91-9075757938"", ""relation"": ""spouse""}, {""name"": ""Ananya Choudhury"", ""phone"": ""+91-8604279221"", ""relation"": ""parent""}]",2026-08-27 10:45:00,2026-09-05 13:45:00,27.542104,93.831176,2026-09-05 06:48:06,83.3,1,active,2026-08-19 07:45:00,night_wanderer,Arunachal High Himalaya
286,STS-95ACA91FBADF,Anurag Mishra,Indian,aadhaar,XXXX-XXXX-3028,+91-6458232311,"[{""name"": ""Hotel Polo Towers, Shillong (stay 1)"", ""lat"": 26.187906, ""lng"": 91.746845}, {""name"": ""Pan Bazaar"", ""lat"": 26.1856, ""lng"": 91.7455}, {""name"": ""Fancy Bazaar"", ""lat"": 26.1836, ""lng"": 91.7434}, {""name"": ""Paltan Bazaar"", ""lat"": 26.1817, ""lng"": 91.7503}, {""name"": ""Uzan Bazar Ghat"", ""lat"": 26.19, ""lng"": 91.759}, {""name"": ""Ygdrasill Bamboo Resort, Cherrapunji (stay 2)"", ""lat"": 26.164091, ""lng"": 91.56317}, {""name"": ""Sualkuchi Silk Village"", ""lat"": 26.1667, ""lng"": 91.5667}]","[{""name"": ""Gitanjali Mishra"", ""phone"": ""+91-8639666722"", ""relation"": ""family""}]",2026-09-05 06:00:00,2026-09-09 19:00:00,26.187577,91.746696,2026-09-05 18:32:20,72.2,1,active,2026-08-17 00:00:00,geofence_intrusion,Guwahati Market & Heritage Walk
287,STS-75F841AD010B,Cooper Thompson,Australian,passport,PA4879822,+61-660478644,"[{""name"": ""Hotel Rajmahal (stay 1)"", ""lat"": 26.163014, ""lng"": 91.776481}, {""name"": ""Fancy Bazaar"", ""lat"": 26.1836, ""lng"": 91.7434}, {""name"": ""Srimanta Sankaradeva Kalakshetra"", ""lat"": 26.144, ""lng"": 91.8058}, {""name"": ""Hotel Rajmahal (stay 2)"", ""lat"": 26.1629, ""lng"": 91.564942}, {""name"": ""Sualkuchi Silk Village"", ""lat"": 26.1667, ""lng"": 91.5667}, {""name"": ""En route to Srimanta Sankaradeva Kalakshetra"", ""lat"": 26.1737, ""lng"": 91.759}, {""name"": ""En route to Srimanta Sankaradeva Kalakshetra"", ""lat"": 26.1638, ""lng"": 91.7746}, {""name"": ""En route to Srimanta Sankaradeva Kalakshetra"", ""lat"": 26.1539, ""lng"": 91.7902}, {""name"": ""En route to Fancy Bazaar"", ""lat"": 26.173307, ""lng"": 91.75994}, {""name"": ""En route to Hotel Rajmahal (stay 1)"", ""lat"": 26.153507, ""lng"": 91.791141}]","[{""name"": ""Jack Thompson"", ""phone"": ""+61-681683361"", ""relation"": ""family""}]",2026-08-29 06:30:00,2026-08-31 09:30:00,26.162546,91.564685,2026-08-31 06:49:19,81.7,1,active,2026-08-18 20:30:00,normal,Guwahati Market & Heritage Walk
288,STS-A6E8C2EB65CA,Ethan Miller,American,passport,192638957,+1-9780402541,"[{""name"": ""Brahmaputra Jungle Resort (stay 1)"", ""lat"": 26.103075, ""lng"": 91.62092}, {""name"": ""Deepor Beel Wildlife Sanctuary"", ""lat"": 26.12, ""lng"": 91.65}, {""name"": ""Accoland Water Park"", ""lat"": 26.09, ""lng"": 91.59}, {""name"": ""Dolma Homestay, Tawang (stay 2)"", ""lat"": 26.236986, ""lng"": 92.087247}, {""name"": ""Pobitora Wildlife Sanctuary"", ""lat"": 26.2333, ""lng"": 92.0833}, {""name"": ""En route to Accoland Water Park"", ""lat"": 26.11, ""lng"": 91.63}, {""name"": ""En route to Accoland Water Park"", ""lat"": 26.1, ""lng"": 91.61}, {""name"": ""En route to Deepor Beel Wildlife Sanctuary"", ""lat"": 26.111538, ""lng"": 91.63546}, {""name"": ""En route to Brahmaputra Jungle Resort (stay 1)"", ""lat"": 26.096538, ""lng"": 91.60546}]","[{""name"": ""Daniel Davis"", ""phone"": ""+1-4532199200"", ""relation"": ""family""}, {""name"": ""David Smith"", ""phone"": ""+1-2163709890"", ""relation"": ""spouse""}]",2026-08-05 11:45:00,2026-08-09 19:45:00,26.237101,92.087516,2026-08-09 06:49:30,82.2,1,active,2026-07-24 15:45:00,normal,Guwahati Nature & Wildlife
289,STS-5E59153D6857,Minjun Jung,Korean,passport,M87419450,+82-3941140079,"[{""name"": ""Hotel Rajmahal (stay 1)"", ""lat"": 26.980955, ""lng"": 94.63949}, {""name"": ""Sivasagar"", ""lat"": 26.9826, ""lng"": 94.6425}, {""name"": ""Vivanta Guwahati (stay 2)"", ""lat"": 26.747879, ""lng"": 94.205673}, {""name"": ""Jorhat"", ""lat"": 26.7509, ""lng"": 94.2037}, {""name"": ""Wild Mahseer, Balipara (stay 3)"", ""lat"": 26.921979, ""lng"": 92.879064}, {""name"": ""Nameri National Park"", ""lat"": 26.92, ""lng"": 92.88}]","[{""name"": ""Jiho Kang"", ""phone"": ""+82-8087323044"", ""relation"": ""family""}, {""name"": ""Seoyeon Kang"", ""phone"": ""+82-5528604719"", ""relation"": ""spouse""}]",2026-08-11 07:15:00,2026-08-17 17:15:00,26.921797,92.878697,2026-08-17 06:53:23,79.0,1,active,2026-07-28 13:15:00,sos_panic,Upper Assam Wildlife Trail
290,STS-51A97C39EBF8,Kabir Hazarika,Indian,passport,Z5151181,+91-7802486515,"[{""name"": ""La Maison de Ananda, Majuli (stay 1)"", ""lat"": 26.181071, ""lng"": 91.784673}, {""name"": ""Assam State Zoo & Botanical Garden"", ""lat"": 26.178, ""lng"": 91.786}, {""name"": ""Brahmaputra Jungle Resort (stay 2)"", ""lat"": 26.10162, ""lng"": 91.617672}, {""name"": ""Deepor Beel Wildlife Sanctuary"", ""lat"": 26.12, ""lng"": 91.65}, {""name"": ""Accoland Water Park"", ""lat"": 26.09, ""lng"": 91.59}, {""name"": ""Dolma Homestay, Tawang (stay 3)"", ""lat"": 25.930617, ""lng"": 91.431589}, {""name"": ""Chandubi Lake"", ""lat"": 25.9333, ""lng"": 91.4333}, {""name"": ""Dolma Homestay, Tawang (stay 4)"", ""lat"": 26.234244, ""lng"": 92.083004}, {""name"": ""Pobitora Wildlife Sanctuary"", ""lat"": 26.2333, ""lng"": 92.0833}, {""name"": ""En route to Accoland Water Park"", ""lat"": 26.11, ""lng"": 91.63}, {""name"": ""En route to Accoland Water Park"", ""lat"": 26.1, ""lng"": 91.61}, {""name"": ""En route to Deepor Beel Wildlife Sanctuary"", ""lat"": 26.11081, ""lng"": 91.633836}, {""name"": ""En route to Brahmaputra Jungle Resort (stay 2)"", ""lat"": 26.09581, ""lng"": 91.603836}]","[{""name"": ""Rupam Singh"", ""phone"": ""+91-9609645222"", ""relation"": ""family""}, {""name"": ""Vikram Das"", ""phone"": ""+91-6514144074"", ""relation"": ""spouse""}, {""name"": ""Ananya Kumar"", ""phone"": ""+91-9884240665"", ""relation"": ""spouse""}]",2026-08-15 10:00:00,2026-08-17 23:00:00,25.930783,91.431562,2026-08-17 06:30:21,81.2,0,active,2026-08-03 09:00:00,route_deviation,Guwahati Nature & Wildlife
291,STS-B0D059D09E55,Anurag Nair,Indian,voterid,BUZ1194092,+91-7801153009,"[{""name"": ""Vivanta Guwahati (stay 1)"", ""lat"": 26.105469, ""lng"": 91.61966}, {""name"": ""Accoland Water Park"", ""lat"": 26.09, ""lng"": 91.59}, {""name"": ""Deepor Beel Wildlife Sanctuary"", ""lat"": 26.12, ""lng"": 91.65}, {""name"": ""Hotel Nandan (stay 2)"", ""lat"": 26.180262, ""lng"": 91.784246}, {""name"": ""Assam State Zoo & Botanical Garden"", ""lat"": 26.178, ""lng"": 91.786}, {""name"": ""Hotel Rajmahal (stay 3)"", ""lat"": 26.23014, ""lng"": 92.08217}, {""name"": ""Pobitora Wildlife Sanctuary"", ""lat"": 26.2333, ""lng"": 92.0833}, {""name"": ""Radisson Blu Guwahati (stay 4)"", ""lat"": 25.929447, ""lng"": 91.436732}, {""name"": ""Chandubi Lake"", ""lat"": 25.9333, ""lng"": 91.4333}, {""name"": ""En route to Deepor Beel Wildlife Sanctuary"", ""lat"": 26.1, ""lng"": 91.61}, {""name"": ""En route to Deepor Beel Wildlife Sanctuary"", ""lat"": 26.11, ""lng"": 91.63}, {""name"": ""En route to Vivanta Guwahati (stay 1)"", ""lat"": 26.112735, ""lng"": 91.63483}, {""name"": ""En route to Accoland Water Park"", ""lat"": 26.097735, ""lng"": 91.60483}]","[{""name"": ""Bornali Sen"", ""phone"": ""+91-8775856231"", ""relation"": ""family""}]",2026-09-07 10:15:00,2026-09-10 16:15:00,,,,100.0,1,active,2026-08-17 20:15:00,high_speed_transit,Guwahati Nature & Wildlife
292,STS-566DACFC66DF,Anurag Hazarika,Indian,aadhaar,XXXX-XXXX-3523,+91-6910611299,"[{""name"": ""Hotel Rajmahal (stay 1)"", ""lat"": 26.630134, ""lng"": 92.797333}, {""name"": ""Tezpur"", ""lat"": 26.6338, ""lng"": 92.8}, {""name"": ""Hotel Polo Towers, Shillong (stay 2)"", ""lat"": 26.185463, ""lng"": 91.750453}, {""name"": ""Guwahati Railway Station"", ""lat"": 26.1824, ""lng"": 91.7513}, {""name"": ""Diphlu River Lodge, Kaziranga (stay 3)"", ""lat"": 27.589358, ""lng"": 91.86223}, {""name"": ""Tawang Monastery"", ""lat"": 27.5861, ""lng"": 91.8594}, {""name"": ""Diphlu River Lodge, Kaziranga (stay 4)"", ""lat"": 27.54325, ""lng"": 93.833003}, {""name"": ""Ziro Valley"", ""lat"": 27.5448, ""lng"": 93.832}]","[{""name"": ""Rahul Nath"", ""phone"": ""+91-9612458513"", ""relation"": ""family""}, {""name"": ""Bhaskar Gogoi"", ""phone"": ""+91-9698477407"", ""relation"": ""spouse""}]",2026-08-14 11:30:00,2026-08-21 21:30:00,27.543506,93.833039,2026-08-21 06:33:28,80.7,1,missing,2026-08-14 04:30:00,missing_person,Arunachal High Himalaya
293,STS-63CE162DC2B5,Bishal Kumar,Indian,passport,Z8687519,+91-9119985807,"[{""name"": ""Hotel Dynasty, Lakhtokia (stay 1)"", ""lat"": 25.293599, ""lng"": 91.681114}, {""name"": ""Cherrapunji (Sohra)"", ""lat"": 25.2912, ""lng"": 91.6783}, {""name"": ""Kiranshree Portico (stay 2)"", ""lat"": 25.193498, ""lng"": 91.965063}, {""name"": ""Mawlynnong Village"", ""lat"": 25.2, ""lng"": 91.9167}, {""name"": ""Dawki / Umngot River"", ""lat"": 25.19, ""lng"": 92.02}, {""name"": ""Radisson Blu Guwahati (stay 3)"", ""lat"": 26.184898, ""lng"": 91.755115}, {""name"": ""Guwahati Railway Station"", ""lat"": 26.1824, ""lng"": 91.7513}, {""name"": ""En route to Dawki / Umngot River"", ""lat"": 25.198, ""lng"": 91.93736}, {""name"": ""En route to Dawki / Umngot River"", ""lat"": 25.196, ""lng"": 91.95802}, {""name"": ""En route to Dawki / Umngot River"", ""lat"": 25.194, ""lng"": 91.97868}, {""name"": ""En route to Dawki / Umngot River"", ""lat"": 25.192, ""lng"": 91.99934}, {""name"": ""En route to Kiranshree Portico (stay 2)"", ""lat"": 25.191166, ""lng"": 92.001688}, {""name"": ""En route to Kiranshree Portico (stay 2)"", ""lat"": 25.192332, ""lng"": 91.983375}, {""name"": ""En route to Mawlynnong Village"", ""lat"": 25.196749, ""lng"": 91.940882}]","[{""name"": ""Nabanita Sen"", ""phone"": ""+91-8885551159"", ""relation"": ""family""}, {""name"": ""Nikhil Nath"", ""phone"": ""+91-9858298841"", ""relation"": ""spouse""}]",2026-07-27 09:30:00,2026-08-04 20:30:00,26.185187,91.755166,2026-08-04 06:53:01,81.1,0,active,2026-07-11 09:30:00,normal,Meghalaya Loop
294,STS-32581ABD7FFF,Debojit Patel,Indian,aadhaar,XXXX-XXXX-7814,+91-7697089769,"[{""name"": ""La Maison de Ananda, Majuli (stay 1)"", ""lat"": 26.161907, ""lng"": 91.758162}, {""name"": ""Basistha Temple"", ""lat"": 26.1132, ""lng"": 91.797}, {""name"": ""Navagraha Temple"", ""lat"": 26.1749, ""lng"": 91.7789}, {""name"": ""Umananda Island"", ""lat"": 26.1964, ""lng"": 91.7453}, {""name"": ""Kamakhya Temple"", ""lat"": 26.1664, ""lng"": 91.7055}, {""name"": ""Dolma Homestay, Tawang (stay 2)"", ""lat"": 26.248402, ""lng"": 91.518146}, {""name"": ""Hajo Pilgrimage Town"", ""lat"": 26.25, ""lng"": 91.5167}, {""name"": ""Brahmaputra Jungle Resort (stay 3)"", ""lat"": 26.366165, ""lng"": 91.632339}, {""name"": ""Madan Kamdev Ruins"", ""lat"": 26.3667, ""lng"": 91.6333}, {""name"": ""En route to Navagraha Temple"", ""lat"": 26.133767, ""lng"": 91.790967}, {""name"": ""En route to Navagraha Temple"", ""lat"": 26.154333, ""lng"": 91.784933}, {""name"": ""En route to Basistha Temple"", ""lat"": 26.145671, ""lng"": 91.771108}, {""name"": ""En route to Basistha Temple"", ""lat"": 26.129436, ""lng"": 91.784054}, {""name"": ""En route to La Maison de Ananda, Majuli (stay 1)"", ""lat"": 26.164902, ""lng"": 91.723054}, {""name"": ""En route to La Maison de Ananda, Majuli (stay 1)"", ""lat"": 26.163405, ""lng"": 91.740608}, {""name"": ""En route to Kamakhya Temple"", ""lat"": 26.1864, ""lng"": 91.732033}, {""name"": ""En route to Kamakhya Temple"", ""lat"": 26.1764, ""lng"": 91.718767}, {""name"": ""En route to Umananda Island"", ""lat"": 26.18565, ""lng"": 91.7621}]","[{""name"": ""Aarav Kumar"", ""phone"": ""+91-9977914578"", ""relation"": ""family""}, {""name"": ""Anjali Iyer"", ""phone"": ""+91-6504650428"", ""relation"": ""spouse""}]",2026-07-23 09:30:00,2026-07-26 19:30:00,26.365929,91.632128,2026-07-26 06:45:44,81.2,1,active,2026-07-14 16:30:00,normal,Guwahati Pilgrimage Circuit
295,STS-55B5D2424206,Bishal Reddy,Indian,aadhaar,XXXX-XXXX-6779,+91-9242491837,"[{""name"": ""Vivanta Guwahati (stay 1)"", ""lat"": 26.102975, ""lng"": 91.618022}, {""name"": ""Accoland Water Park"", ""lat"": 26.09, ""lng"": 91.59}, {""name"": ""Deepor Beel Wildlife Sanctuary"", ""lat"": 26.12, ""lng"": 91.65}, {""name"": ""Brahmaputra Jungle Resort (stay 2)"", ""lat"": 26.181168, ""lng"": 91.787496}, {""name"": ""Assam State Zoo & Botanical Garden"", ""lat"": 26.178, ""lng"": 91.786}, {""name"": ""Ri Kynjai, Umiam (stay 3)"", ""lat"": 26.230814, ""lng"": 92.081267}, {""name"": ""Pobitora Wildlife Sanctuary"", ""lat"": 26.2333, ""lng"": 92.0833}, {""name"": ""Vivanta Guwahati (stay 4)"", ""lat"": 25.932172, ""lng"": 91.436201}, {""name"": ""Chandubi Lake"", ""lat"": 25.9333, ""lng"": 91.4333}, {""name"": ""En route to Deepor Beel Wildlife Sanctuary"", ""lat"": 26.1, ""lng"": 91.61}, {""name"": ""En route to Deepor Beel Wildlife Sanctuary"", ""lat"": 26.11, ""lng"": 91.63}, {""name"": ""En route to Vivanta Guwahati (stay 1)"", ""lat"": 26.111488, ""lng"": 91.634011}, {""name"": ""En route to Accoland Water Park"", ""lat"": 26.096488, ""lng"": 91.604011}]","[{""name"": ""Priya Kumar"", ""phone"": ""+91-6739502285"", ""relation"": ""family""}]",2026-08-24 07:00:00,2026-08-28 10:00:00,25.932439,91.435837,2026-08-29 06:45:25,80.0,1,active,2026-08-12 18:00:00,night_wanderer,Guwahati Nature & Wildlife
296,STS-2E9B6EA58E11,Ishita Banerjee,Indian,aadhaar,XXXX-XXXX-1080,+91-8970315497,"[{""name"": ""Ygdrasill Bamboo Resort, Cherrapunji (stay 1)"", ""lat"": 26.102954, ""lng"": 91.617321}, {""name"": ""Deepor Beel Wildlife Sanctuary"", ""lat"": 26.12, ""lng"": 91.65}, {""name"": ""Accoland Water Park"", ""lat"": 26.09, ""lng"": 91.59}, {""name"": ""Radisson Blu Guwahati (stay 2)"", ""lat"": 26.17612, ""lng"": 91.787742}, {""name"": ""Assam State Zoo & Botanical Garden"", ""lat"": 26.178, ""lng"": 91.786}, {""name"": ""Dolma Homestay, Tawang (stay 3)"", ""lat"": 26.230367, ""lng"": 92.081532}, {""name"": ""Pobitora Wildlife Sanctuary"", ""lat"": 26.2333, ""lng"": 92.0833}, {""name"": ""En route to Accoland Water Park"", ""lat"": 26.11, ""lng"": 91.63}, {""name"": ""En route to Accoland Water Park"", ""lat"": 26.1, ""lng"": 91.61}, {""name"": ""En route to Deepor Beel Wildlife Sanctuary"", ""lat"": 26.111477, ""lng"": 91.633661}, {""name"": ""En route to Ygdrasill Bamboo Resort, Cherrapunji (stay 1)"", ""lat"": 26.096477, ""lng"": 91.603661}]","[{""name"": ""Junmoni Iyer"", ""phone"": ""+91-9837830310"", ""relation"": ""family""}, {""name"": ""Aditya Kumar"", ""phone"": ""+91-9406736015"", ""relation"": ""spouse""}]",2026-07-29 11:00:00,2026-08-02 13:00:00,26.230475,92.081689,2026-08-02 06:30:20,83.8,1,active,2026-07-25 19:00:00,normal,Guwahati Nature & Wildlife
297,STS-5985B2771077,Rupam Singh,Indian,aadhaar,XXXX-XXXX-9108,+91-9087649448,"[{""name"": ""Dolma Homestay, Tawang (stay 1)"", ""lat"": 25.194515, ""lng"": 91.969674}, {""name"": ""Mawlynnong Village"", ""lat"": 25.2, ""lng"": 91.9167}, {""name"": ""Dawki / Umngot River"", ""lat"": 25.19, ""lng"": 92.02}, {""name"": ""Brahmaputra Jungle Resort (stay 2)"", ""lat"": 25.286352, ""lng"": 91.679799}, {""name"": ""Nohkalikai Falls"", ""lat"": 25.276, ""lng"": 91.6857}, {""name"": ""Cherrapunji (Sohra)"", ""lat"": 25.2912, ""lng"": 91.6783}, {""name"": ""La Maison de Ananda, Majuli (stay 3)"", ""lat"": 25.655181, ""lng"": 91.891801}, {""name"": ""Umiam Lake"", ""lat"": 25.657, ""lng"": 91.889}, {""name"": ""En route to Dawki / Umngot River"", ""lat"": 25.198, ""lng"": 91.93736}, {""name"": ""En route to Dawki / Umngot River"", ""lat"": 25.196, ""lng"": 91.95802}, {""name"": ""En route to Dawki / Umngot River"", ""lat"": 25.194, ""lng"": 91.97868}, {""name"": ""En route to Dawki / Umngot River"", ""lat"": 25.192, ""lng"": 91.99934}, {""name"": ""En route to Mawlynnong Village"", ""lat"": 25.196343, ""lng"": 91.952016}, {""name"": ""En route to Mawlynnong Village"", ""lat"": 25.198172, ""lng"": 91.934358}, {""name"": ""En route to Dolma Homestay, Tawang (stay 1)"", ""lat"": 25.191505, ""lng"": 92.003225}, {""name"": ""En route to Dolma Homestay, Tawang (stay 1)"", ""lat"": 25.19301, ""lng"": 91.986449}]","[{""name"": ""Rahul Choudhury"", ""phone"": ""+91-8395308459"", ""relation"": ""family""}, {""name"": ""Arjun Singh"", ""phone"": ""+91-8586594709"", ""relation"": ""spouse""}]",2026-08-05 06:45:00,2026-08-10 14:45:00,25.655536,91.891985,2026-08-10 06:35:55,65.5,1,active,2026-07-18 21:45:00,normal,Meghalaya Loop
298,STS-AEA5115C54CE,Rahul Sharma,Indian,passport,Z2749199,+91-8407939675,"[{""name"": ""Ygdrasill Bamboo Resort, Cherrapunji (stay 1)"", ""lat"": 26.178839, ""lng"": 91.73958}, {""name"": ""Dighalipukhuri"", ""lat"": 26.1861, ""lng"": 91.7503}, {""name"": ""Assam State Museum"", ""lat"": 26.1857, ""lng"": 91.7481}, {""name"": ""Nehru Park"", ""lat"": 26.1857, ""lng"": 91.7477}, {""name"": ""Pan Bazaar"", ""lat"": 26.1856, ""lng"": 91.7455}, {""name"": ""Guwahati Planetarium"", ""lat"": 26.1856, ""lng"": 91.7625}, {""name"": ""Kamakhya Temple"", ""lat"": 26.1664, ""lng"": 91.7055}, {""name"": ""En route to Kamakhya Temple"", ""lat"": 26.1792, ""lng"": 91.7435}, {""name"": ""En route to Kamakhya Temple"", ""lat"": 26.1728, ""lng"": 91.7245}, {""name"": ""En route to Ygdrasill Bamboo Resort, Cherrapunji (stay 1)"", ""lat"": 26.172619, ""lng"": 91.72254}]","[{""name"": ""Priya Bhattacharya"", ""phone"": ""+91-9854645881"", ""relation"": ""family""}, {""name"": ""Rituparna Phukan"", ""phone"": ""+91-7165666456"", ""relation"": ""spouse""}, {""name"": ""Manish Verma"", ""phone"": ""+91-9002388841"", ""relation"": ""colleague""}]",2026-07-30 06:00:00,2026-08-02 09:00:00,26.17883,91.739245,2026-08-02 06:34:16,80.9,1,active,2026-07-16 22:00:00,night_wanderer,Guwahati City Break
299,STS-614A123C3069,Aarav Baishya,Indian,aadhaar,XXXX-XXXX-1157,+91-8237859941,"[{""name"": ""Hotel Nandan (stay 1)"", ""lat"": 26.186299, ""lng"": 91.750103}, {""name"": ""Pan Bazaar"", ""lat"": 26.1856, ""lng"": 91.7455}, {""name"": ""Fancy Bazaar"", ""lat"": 26.1836, ""lng"": 91.7434}, {""name"": ""Gandhi Mandap, Sarania Hill"", ""lat"": 26.175, ""lng"": 91.758}, {""name"": ""Guwahati Planetarium"", ""lat"": 26.1856, ""lng"": 91.7625}]","[{""name"": ""Jayanta Baishya"", ""phone"": ""+91-8145102509"", ""relation"": ""family""}, {""name"": ""Pooja Bora"", ""phone"": ""+91-8529852882"", ""relation"": ""spouse""}, {""name"": ""Rupam Rajkhowa"", ""phone"": ""+91-9901371513"", ""relation"": ""colleague""}]",2026-09-07 09:00:00,2026-09-10 12:00:00,,,,100.0,1,active,2026-09-04 07:00:00,route_deviation,Guwahati City Break
300,STS-D4FBC75D0F11,Manish Medhi,Indian,aadhaar,XXXX-XXXX-3191,+91-7209264049,"[{""name"": ""Kiranshree Portico (stay 1)"", ""lat"": 25.27477, ""lng"": 91.695952}, {""name"": ""Living Root Bridge, Nongriat"", ""lat"": 25.247, ""lng"": 91.715}, {""name"": ""Nohkalikai Falls"", ""lat"": 25.276, ""lng"": 91.6857}, {""name"": ""Cherrapunji (Sohra)"", ""lat"": 25.2912, ""lng"": 91.6783}, {""name"": ""Dolma Homestay, Tawang (stay 2)"", ""lat"": 26.185259, ""lng"": 91.751013}, {""name"": ""Guwahati Railway Station"", ""lat"": 26.1824, ""lng"": 91.7513}, {""name"": ""En route to Nohkalikai Falls"", ""lat"": 25.2615, ""lng"": 91.70035}, {""name"": ""En route to Living Root Bridge, Nongriat"", ""lat"": 25.260885, ""lng"": 91.705476}, {""name"": ""En route to Kiranshree Portico (stay 1)"", ""lat"": 25.282985, ""lng"": 91.687126}]","[{""name"": ""Chandana Verma"", ""phone"": ""+91-9699632342"", ""relation"": ""family""}, {""name"": ""Priya Phukan"", ""phone"": ""+91-7208313791"", ""relation"": ""spouse""}, {""name"": ""Sneha Verma"", ""phone"": ""+91-6227188776"", ""relation"": ""embassy""}]",2026-08-24 05:00:00,2026-08-29 19:00:00,26.18501,91.750707,2026-08-29 06:38:01,49.2,1,active,2026-08-04 13:00:00,inactivity,Meghalaya Loop
301,STS-6188376701DD,Manish Iyer,Indian,aadhaar,XXXX-XXXX-9584,+91-6406985055,"[{""name"": ""Hotel Rajmahal (stay 1)"", ""lat"": 25.276045, ""lng"": 91.685728}, {""name"": ""Nohkalikai Falls"", ""lat"": 25.276, ""lng"": 91.6857}, {""name"": ""Radisson Blu Guwahati (stay 2)"", ""lat"": 25.198803, ""lng"": 91.971656}, {""name"": ""Mawlynnong Village"", ""lat"": 25.2, ""lng"": 91.9167}, {""name"": ""Dawki / Umngot River"", ""lat"": 25.19, ""lng"": 92.02}, {""name"": ""En route to Dawki / Umngot River"", ""lat"": 25.198, ""lng"": 91.93736}, {""name"": ""En route to Dawki / Umngot River"", ""lat"": 25.196, ""lng"": 91.95802}, {""name"": ""En route to Dawki / Umngot River"", ""lat"": 25.194, ""lng"": 91.97868}, {""name"": ""En route to Dawki / Umngot River"", ""lat"": 25.192, ""lng"": 91.99934}, {""name"": ""En route to Mawlynnong Village"", ""lat"": 25.199202, ""lng"": 91.953337}, {""name"": ""En route to Mawlynnong Village"", ""lat"": 25.199601, ""lng"": 91.935019}, {""name"": ""En route to Radisson Blu Guwahati (stay 2)"", ""lat"": 25.194402, ""lng"": 91.995828}]","[{""name"": ""Junmoni Gogoi"", ""phone"": ""+91-8696959619"", ""relation"": ""family""}, {""name"": ""Aarav Ghosh"", ""phone"": ""+91-7974629108"", ""relation"": ""spouse""}, {""name"": ""Brahmaputra Jungle Resort Front Desk"", ""phone"": ""+91-7659992782"", ""relation"": ""hotel""}]",2026-08-09 07:15:00,2026-08-14 10:15:00,25.19917,91.971379,2026-08-14 06:46:39,81.7,1,active,2026-08-08 18:15:00,normal,Meghalaya Loop
302,STS-A93EF230ECB0,Divya Baishya,Indian,passport,Z4312036,+91-6563376582,"[{""name"": ""Diphlu River Lodge, Kaziranga (stay 1)"", ""lat"": 26.189662, ""lng"": 91.750234}, {""name"": ""Brahmaputra Riverfront"", ""lat"": 26.1905, ""lng"": 91.748}, {""name"": ""Nehru Park"", ""lat"": 26.1857, ""lng"": 91.7477}, {""name"": ""Fancy Bazaar"", ""lat"": 26.1836, ""lng"": 91.7434}, {""name"": ""Umananda Island"", ""lat"": 26.1964, ""lng"": 91.7453}, {""name"": ""Gandhi Mandap, Sarania Hill"", ""lat"": 26.175, ""lng"": 91.758}, {""name"": ""En route to Gandhi Mandap, Sarania Hill"", ""lat"": 26.1857, ""lng"": 91.75165}]","[{""name"": ""Bishal Ghosh"", ""phone"": ""+91-8004290669"", ""relation"": ""family""}, {""name"": ""Anurag Reddy"", ""phone"": ""+91-7080522948"", ""relation"": ""spouse""}]",2026-09-05 07:00:00,2026-09-09 11:00:00,,,,100.0,1,active,2026-08-26 18:00:00,night_wanderer,Guwahati City Break
303,STS-C2001F5675CA,Pranjal Mishra,Indian,passport,Z7225555,+91-8385237894,"[{""name"": ""Radisson Blu Guwahati (stay 1)"", ""lat"": 26.174576, ""lng"": 91.757326}, {""name"": ""Uzan Bazar Ghat"", ""lat"": 26.19, ""lng"": 91.759}, {""name"": ""Paltan Bazaar"", ""lat"": 26.1817, ""lng"": 91.7503}, {""name"": ""Pan Bazaar"", ""lat"": 26.1856, ""lng"": 91.7455}, {""name"": ""Fancy Bazaar"", ""lat"": 26.1836, ""lng"": 91.7434}, {""name"": ""Srimanta Sankaradeva Kalakshetra"", ""lat"": 26.144, ""lng"": 91.8058}, {""name"": ""Hotel Polo Towers, Shillong (stay 2)"", ""lat"": 26.165449, ""lng"": 91.567107}, {""name"": ""Sualkuchi Silk Village"", ""lat"": 26.1667, ""lng"": 91.5667}, {""name"": ""En route to Srimanta Sankaradeva Kalakshetra"", ""lat"": 26.1737, ""lng"": 91.759}, {""name"": ""En route to Srimanta Sankaradeva Kalakshetra"", ""lat"": 26.1638, ""lng"": 91.7746}, {""name"": ""En route to Srimanta Sankaradeva Kalakshetra"", ""lat"": 26.1539, ""lng"": 91.7902}, {""name"": ""En route to Radisson Blu Guwahati (stay 1)"", ""lat"": 26.154192, ""lng"": 91.789642}, {""name"": ""En route to Radisson Blu Guwahati (stay 1)"", ""lat"": 26.164384, ""lng"": 91.773484}]","[{""name"": ""Sneha Mishra"", ""phone"": ""+91-9123411665"", ""relation"": ""family""}, {""name"": ""Nikhil Bhattacharya"", ""phone"": ""+91-7577198647"", ""relation"": ""spouse""}]",2026-07-31 06:15:00,2026-08-04 11:15:00,26.165691,91.56734,2026-08-04 06:50:22,82.8,1,active,2026-07-13 17:15:00,normal,Guwahati Market & Heritage Walk
304,STS-94A5A36AD0BF,Priya Kalita,Indian,aadhaar,XXXX-XXXX-9194,+91-6805591470,"[{""name"": ""Novotel Guwahati GS Road (stay 1)"", ""lat"": 25.198092, ""lng"": 91.96783}, {""name"": ""Mawlynnong Village"", ""lat"": 25.2, ""lng"": 91.9167}, {""name"": ""Dawki / Umngot River"", ""lat"": 25.19, ""lng"": 92.02}, {""name"": ""La Maison de Ananda, Majuli (stay 2)"", ""lat"": 25.57775, ""lng"": 91.89203}, {""name"": ""Shillong"", ""lat"": 25.5788, ""lng"": 91.8933}, {""name"": ""En route to Dawki / Umngot River"", ""lat"": 25.198, ""lng"": 91.93736}, {""name"": ""En route to Dawki / Umngot River"", ""lat"": 25.196, ""lng"": 91.95802}, {""name"": ""En route to Dawki / Umngot River"", ""lat"": 25.194, ""lng"": 91.97868}, {""name"": ""En route to Dawki / Umngot River"", ""lat"": 25.192, ""lng"": 91.99934}, {""name"": ""En route to Novotel Guwahati GS Road (stay 1)"", ""lat"": 25.192697, ""lng"": 92.00261}, {""name"": ""En route to Novotel Guwahati GS Road (stay 1)"", ""lat"": 25.195395, ""lng"": 91.98522}, {""name"": ""En route to Mawlynnong Village"", ""lat"": 25.198728, ""lng"": 91.950787}, {""name"": ""En route to Mawlynnong Village"", ""lat"": 25.199364, ""lng"": 91.933743}]","[{""name"": ""Vikram Deka"", ""phone"": ""+91-9808017651"", ""relation"": ""family""}, {""name"": ""Manish Deka"", ""phone"": ""+91-9840356972"", ""relation"": ""spouse""}, {""name"": ""Aditya Nath"", ""phone"": ""+91-9722818050"", ""relation"": ""employer""}]",2026-08-28 08:30:00,2026-09-04 14:30:00,25.577654,91.891652,2026-09-04 06:30:55,78.5,1,active,2026-08-17 15:30:00,route_deviation,Meghalaya Loop
305,STS-51FB71D391B6,Ishita Phukan,Indian,aadhaar,XXXX-XXXX-7907,+91-6897706359,"[{""name"": ""Hotel Nandan (stay 1)"", ""lat"": 25.293305, ""lng"": 91.6748}, {""name"": ""Cherrapunji (Sohra)"", ""lat"": 25.2912, ""lng"": 91.6783}, {""name"": ""Radisson Blu Guwahati (stay 2)"", ""lat"": 25.19591, ""lng"": 91.970998}, {""name"": ""Mawlynnong Village"", ""lat"": 25.2, ""lng"": 91.9167}, {""name"": ""Dawki / Umngot River"", ""lat"": 25.19, ""lng"": 92.02}, {""name"": ""Vivanta Guwahati (stay 3)"", ""lat"": 26.186115, ""lng"": 91.754166}, {""name"": ""Guwahati Railway Station"", ""lat"": 26.1824, ""lng"": 91.7513}, {""name"": ""En route to Dawki / Umngot River"", ""lat"": 25.198, ""lng"": 91.93736}, {""name"": ""En route to Dawki / Umngot River"", ""lat"": 25.196, ""lng"": 91.95802}, {""name"": ""En route to Dawki / Umngot River"", ""lat"": 25.194, ""lng"": 91.97868}, {""name"": ""En route to Dawki / Umngot River"", ""lat"": 25.192, ""lng"": 91.99934}, {""name"": ""En route to Mawlynnong Village"", ""lat"": 25.197273, ""lng"": 91.952899}, {""name"": ""En route to Mawlynnong Village"", ""lat"": 25.198637, ""lng"": 91.934799}, {""name"": ""En route to Radisson Blu Guwahati (stay 2)"", ""lat"": 25.192955, ""lng"": 91.995499}]","[{""name"": ""Parag Kumar"", ""phone"": ""+91-8313045486"", ""relation"": ""family""}, {""name"": ""Kabir Singh"", ""phone"": ""+91-6325259212"", ""relation"": ""spouse""}]",2026-08-20 07:00:00,2026-08-30 11:00:00,26.186253,91.753894,2026-08-30 06:36:57,80.6,1,active,2026-08-13 10:00:00,normal,Meghalaya Loop
306,STS-29E5D3463339,Arjun Bora,Indian,aadhaar,XXXX-XXXX-7861,+91-8467838472,"[{""name"": ""Hotel Polo Towers, Shillong (stay 1)"", ""lat"": 26.1778, ""lng"": 91.737829}, {""name"": ""Assam State Museum"", ""lat"": 26.1857, ""lng"": 91.7481}, {""name"": ""Dighalipukhuri"", ""lat"": 26.1861, ""lng"": 91.7503}, {""name"": ""Kamakhya Temple"", ""lat"": 26.1664, ""lng"": 91.7055}, {""name"": ""En route to Kamakhya Temple"", ""lat"": 26.17625, ""lng"": 91.7279}, {""name"": ""En route to Hotel Polo Towers, Shillong (stay 1)"", ""lat"": 26.1721, ""lng"": 91.721665}]","[{""name"": ""Kavya Nath"", ""phone"": ""+91-7679789062"", ""relation"": ""family""}, {""name"": ""Debojit Medhi"", ""phone"": ""+91-6489609256"", ""relation"": ""spouse""}]",2026-09-08 10:00:00,2026-09-13 16:00:00,,,,100.0,1,active,2026-08-25 10:00:00,device_fall,Guwahati City Break
307,STS-AD1F7AB75295,Jayanta Gogoi,Indian,aadhaar,XXXX-XXXX-2227,+91-7853161020,"[{""name"": ""Radisson Blu Guwahati (stay 1)"", ""lat"": 25.201179, ""lng"": 91.919228}, {""name"": ""Mawlynnong Village"", ""lat"": 25.2, ""lng"": 91.9167}, {""name"": ""Hotel Polo Towers, Shillong (stay 2)"", ""lat"": 25.580909, ""lng"": 91.896935}, {""name"": ""Shillong"", ""lat"": 25.5788, ""lng"": 91.8933}, {""name"": ""Hotel Rajmahal (stay 3)"", ""lat"": 26.18609, ""lng"": 91.749964}, {""name"": ""Guwahati Railway Station"", ""lat"": 26.1824, ""lng"": 91.7513}]","[{""name"": ""Junmoni Barua"", ""phone"": ""+91-7459026810"", ""relation"": ""family""}]",2026-09-05 07:00:00,2026-09-10 21:00:00,25.201204,91.919059,2026-09-05 18:30:58,75.8,1,active,2026-08-30 19:00:00,inactivity,Meghalaya Loop
308,STS-83CB9DD2FB82,Nikhil Gogoi,Indian,aadhaar,XXXX-XXXX-9004,+91-6702376112,"[{""name"": ""Hotel Dynasty, Lakhtokia (stay 1)"", ""lat"": 26.160843, ""lng"": 91.760164}, {""name"": ""Kamakhya Temple"", ""lat"": 26.1664, ""lng"": 91.7055}, {""name"": ""Umananda Island"", ""lat"": 26.1964, ""lng"": 91.7453}, {""name"": ""Navagraha Temple"", ""lat"": 26.1749, ""lng"": 91.7789}, {""name"": ""Basistha Temple"", ""lat"": 26.1132, ""lng"": 91.797}, {""name"": ""Ygdrasill Bamboo Resort, Cherrapunji (stay 2)"", ""lat"": 26.367155, ""lng"": 91.63356}, {""name"": ""Madan Kamdev Ruins"", ""lat"": 26.3667, ""lng"": 91.6333}, {""name"": ""En route to Basistha Temple"", ""lat"": 26.154333, ""lng"": 91.784933}, {""name"": ""En route to Basistha Temple"", ""lat"": 26.133767, ""lng"": 91.790967}, {""name"": ""En route to Hotel Dynasty, Lakhtokia (stay 1)"", ""lat"": 26.129081, ""lng"": 91.784721}, {""name"": ""En route to Hotel Dynasty, Lakhtokia (stay 1)"", ""lat"": 26.144962, ""lng"": 91.772443}, {""name"": ""En route to Kamakhya Temple"", ""lat"": 26.162695, ""lng"": 91.741943}, {""name"": ""En route to Kamakhya Temple"", ""lat"": 26.164548, ""lng"": 91.723721}, {""name"": ""En route to Umananda Island"", ""lat"": 26.1764, ""lng"": 91.718767}, {""name"": ""En route to Umananda Island"", ""lat"": 26.1864, ""lng"": 91.732033}, {""name"": ""En route to Navagraha Temple"", ""lat"": 26.18565, ""lng"": 91.7621}]","[{""name"": ""Anjali Rajkhowa"", ""phone"": ""+91-6346377817"", ""relation"": ""family""}]",2026-08-22 10:00:00,2026-08-26 23:00:00,26.367092,91.633455,2026-08-26 06:58:18,78.8,1,active,2026-08-11 10:00:00,normal,Guwahati Pilgrimage Circuit
309,STS-A375A25158E1,Junmoni Barua,Indian,passport,Z2344736,+91-9685739944,"[{""name"": ""Ri Kynjai, Umiam (stay 1)"", ""lat"": 26.16879, ""lng"": 91.76909}, {""name"": ""Srimanta Sankaradeva Kalakshetra"", ""lat"": 26.144, ""lng"": 91.8058}, {""name"": ""Paltan Bazaar"", ""lat"": 26.1817, ""lng"": 91.7503}, {""name"": ""Pan Bazaar"", ""lat"": 26.1856, ""lng"": 91.7455}, {""name"": ""Vivanta Guwahati (stay 2)"", ""lat"": 26.166069, ""lng"": 91.564815}, {""name"": ""Sualkuchi Silk Village"", ""lat"": 26.1667, ""lng"": 91.5667}, {""name"": ""En route to Paltan Bazaar"", ""lat"": 26.156567, ""lng"": 91.7873}, {""name"": ""En route to Paltan Bazaar"", ""lat"": 26.169133, ""lng"": 91.7688}, {""name"": ""En route to Srimanta Sankaradeva Kalakshetra"", ""lat"": 26.156395, ""lng"": 91.787445}, {""name"": ""En route to Ri Kynjai, Umiam (stay 1)"", ""lat"": 26.177195, ""lng"": 91.757295}]","[{""name"": ""Mridula Dutta"", ""phone"": ""+91-9622663133"", ""relation"": ""family""}, {""name"": ""Kabir Kumar"", ""phone"": ""+91-8794839771"", ""relation"": ""spouse""}]",2026-08-20 09:00:00,2026-08-23 18:00:00,26.165889,91.564935,2026-08-23 06:31:10,81.4,1,active,2026-08-12 14:00:00,normal,Guwahati Market & Heritage Walk
310,STS-7E4E68DC5B2C,Manish Deka,Indian,aadhaar,XXXX-XXXX-2755,+91-7047412628,"[{""name"": ""Ri Kynjai, Umiam (stay 1)"", ""lat"": 26.183796, ""lng"": 91.722842}, {""name"": ""Umananda Island"", ""lat"": 26.1964, ""lng"": 91.7453}, {""name"": ""Kamakhya Temple"", ""lat"": 26.1664, ""lng"": 91.7055}, {""name"": ""Vivanta Guwahati (stay 2)"", ""lat"": 26.251134, ""lng"": 91.517629}, {""name"": ""Hajo Pilgrimage Town"", ""lat"": 26.25, ""lng"": 91.5167}, {""name"": ""Brahmaputra Jungle Resort (stay 3)"", ""lat"": 26.366282, ""lng"": 91.630831}, {""name"": ""Madan Kamdev Ruins"", ""lat"": 26.3667, ""lng"": 91.6333}, {""name"": ""En route to Kamakhya Temple"", ""lat"": 26.1864, ""lng"": 91.732033}, {""name"": ""En route to Kamakhya Temple"", ""lat"": 26.1764, ""lng"": 91.718767}, {""name"": ""En route to Umananda Island"", ""lat"": 26.190098, ""lng"": 91.734071}, {""name"": ""En route to Ri Kynjai, Umiam (stay 1)"", ""lat"": 26.175098, ""lng"": 91.714171}]","[{""name"": ""Arjun Sharma"", ""phone"": ""+91-7630199868"", ""relation"": ""family""}, {""name"": ""Nikhil Rajkhowa"", ""phone"": ""+91-9549725329"", ""relation"": ""spouse""}]",2026-08-12 06:30:00,2026-08-18 08:30:00,26.366364,91.631127,2026-08-18 06:53:14,79.5,1,active,2026-08-01 23:30:00,geofence_intrusion,Guwahati Pilgrimage Circuit
311,STS-1EDCFDAF19AB,Kavya Ghosh,Indian,aadhaar,XXXX-XXXX-2743,+91-7048417547,"[{""name"": ""Ginger Guwahati (stay 1)"", ""lat"": 27.586646, ""lng"": 91.862498}, {""name"": ""Tawang Monastery"", ""lat"": 27.5861, ""lng"": 91.8594}, {""name"": ""Brahmaputra Jungle Resort (stay 2)"", ""lat"": 26.629857, ""lng"": 92.799248}, {""name"": ""Tezpur"", ""lat"": 26.6338, ""lng"": 92.8}, {""name"": ""Dolma Homestay, Tawang (stay 3)"", ""lat"": 26.186164, ""lng"": 91.747735}, {""name"": ""Guwahati Railway Station"", ""lat"": 26.1824, ""lng"": 91.7513}, {""name"": ""Hotel Rajmahal (stay 4)"", ""lat"": 27.544711, ""lng"": 93.829857}, {""name"": ""Ziro Valley"", ""lat"": 27.5448, ""lng"": 93.832}]","[{""name"": ""Bhaskar Bhattacharya"", ""phone"": ""+91-9445228058"", ""relation"": ""family""}, {""name"": ""Kavya Rajkhowa"", ""phone"": ""+91-6858600796"", ""relation"": ""spouse""}, {""name"": ""Siddharth Choudhury"", ""phone"": ""+91-8275840739"", ""relation"": ""friend""}]",2026-09-05 08:15:00,2026-09-15 16:15:00,27.586769,91.862401,2026-09-05 18:28:27,47.7,1,active,2026-08-15 18:15:00,normal,Arunachal High Himalaya
312,STS-696777D1984A,Nattapong Wongsawat,Thai,passport,AA1579399,+66-565474441,"[{""name"": ""Ginger Guwahati (stay 1)"", ""lat"": 26.179346, ""lng"": 91.742605}, {""name"": ""Fancy Bazaar"", ""lat"": 26.1836, ""lng"": 91.7434}, {""name"": ""Nehru Park"", ""lat"": 26.1857, ""lng"": 91.7477}, {""name"": ""Dighalipukhuri"", ""lat"": 26.1861, ""lng"": 91.7503}, {""name"": ""Brahmaputra Riverfront"", ""lat"": 26.1905, ""lng"": 91.748}, {""name"": ""Gandhi Mandap, Sarania Hill"", ""lat"": 26.175, ""lng"": 91.758}, {""name"": ""Kamakhya Temple"", ""lat"": 26.1664, ""lng"": 91.7055}, {""name"": ""En route to Kamakhya Temple"", ""lat"": 26.172133, ""lng"": 91.7405}, {""name"": ""En route to Kamakhya Temple"", ""lat"": 26.169267, ""lng"": 91.723}, {""name"": ""En route to Ginger Guwahati (stay 1)"", ""lat"": 26.172873, ""lng"": 91.724052}]","[{""name"": ""Somchai Srisuk"", ""phone"": ""+66-449563603"", ""relation"": ""family""}, {""name"": ""Somchai Srisuk"", ""phone"": ""+66-842709809"", ""relation"": ""spouse""}, {""name"": ""Anan Chaiyaporn"", ""phone"": ""+66-926156124"", ""relation"": ""parent""}]",2026-09-02 10:15:00,2026-09-07 18:15:00,26.179328,91.7429,2026-09-05 18:21:26,73.0,1,active,2026-08-31 22:15:00,normal,Guwahati City Break
313,STS-A8EF06857359,Chloe Campbell,Australian,passport,PA2266589,+61-989827141,"[{""name"": ""La Maison de Ananda, Majuli (stay 1)"", ""lat"": 26.63247, ""lng"": 92.802784}, {""name"": ""Tezpur"", ""lat"": 26.6338, ""lng"": 92.8}, {""name"": ""Vivanta Guwahati (stay 2)"", ""lat"": 26.578387, ""lng"": 93.168458}, {""name"": ""Kaziranga National Park"", ""lat"": 26.5775, ""lng"": 93.1711}, {""name"": ""Hotel Rajmahal (stay 3)"", ""lat"": 26.747298, ""lng"": 94.202469}, {""name"": ""Jorhat"", ""lat"": 26.7509, ""lng"": 94.2037}, {""name"": ""Hotel Nandan (stay 4)"", ""lat"": 26.951309, ""lng"": 94.168357}, {""name"": ""Majuli River Island"", ""lat"": 26.95, ""lng"": 94.17}, {""name"": ""Wild Mahseer, Balipara (stay 5)"", ""lat"": 26.985875, ""lng"": 94.640884}, {""name"": ""Sivasagar"", ""lat"": 26.9826, ""lng"": 94.6425}, {""name"": ""Diphlu River Lodge, Kaziranga (stay 6)"", ""lat"": 26.10353, ""lng"": 91.588733}, {""name"": ""LGB International Airport"", ""lat"": 26.1061, ""lng"": 91.5859}]","[{""name"": ""Chloe Campbell"", ""phone"": ""+61-169707915"", ""relation"": ""family""}, {""name"": ""Jack Campbell"", ""phone"": ""+61-875327377"", ""relation"": ""spouse""}]",2026-08-23 07:45:00,2026-09-02 09:45:00,26.103666,91.588815,2026-09-02 06:49:45,81.9,1,active,2026-08-22 05:45:00,normal,Upper Assam Wildlife Trail
314,STS-453B138E81F7,Grace Wright,British,passport,962167605,+44-3782514873,"[{""name"": ""Hotel Rajmahal (stay 1)"", ""lat"": 26.748817, ""lng"": 94.206338}, {""name"": ""Jorhat"", ""lat"": 26.7509, ""lng"": 94.2037}, {""name"": ""Ri Kynjai, Umiam (stay 2)"", ""lat"": 26.916495, ""lng"": 92.882634}, {""name"": ""Nameri National Park"", ""lat"": 26.92, ""lng"": 92.88}, {""name"": ""Vivanta Guwahati (stay 3)"", ""lat"": 26.636638, ""lng"": 92.799242}, {""name"": ""Tezpur"", ""lat"": 26.6338, ""lng"": 92.8}]","[{""name"": ""Alfie Edwards"", ""phone"": ""+44-6624934533"", ""relation"": ""family""}, {""name"": ""Grace Hughes"", ""phone"": ""+44-2799462976"", ""relation"": ""spouse""}, {""name"": ""Sophie Taylor"", ""phone"": ""+44-2011768421"", ""relation"": ""friend""}]",2026-09-02 06:45:00,2026-09-11 18:45:00,26.916601,92.882435,2026-09-05 18:14:11,72.7,1,active,2026-08-31 12:45:00,night_wanderer,Upper Assam Wildlife Trail
315,STS-D9B163AB7EC1,Kabir Bhattacharya,Indian,aadhaar,XXXX-XXXX-5916,+91-9303691549,"[{""name"": ""Kiranshree Portico (stay 1)"", ""lat"": 26.231144, ""lng"": 92.086712}, {""name"": ""Pobitora Wildlife Sanctuary"", ""lat"": 26.2333, ""lng"": 92.0833}, {""name"": ""Hotel Nandan (stay 2)"", ""lat"": 26.18086, ""lng"": 91.787505}, {""name"": ""Assam State Zoo & Botanical Garden"", ""lat"": 26.178, ""lng"": 91.786}, {""name"": ""Kiranshree Portico (stay 3)"", ""lat"": 26.087608, ""lng"": 91.591593}, {""name"": ""Accoland Water Park"", ""lat"": 26.09, ""lng"": 91.59}, {""name"": ""Dolma Homestay, Tawang (stay 4)"", ""lat"": 25.936465, ""lng"": 91.434151}, {""name"": ""Chandubi Lake"", ""lat"": 25.9333, ""lng"": 91.4333}]","[{""name"": ""Chandana Nath"", ""phone"": ""+91-6501039458"", ""relation"": ""family""}]",2026-09-09 09:15:00,2026-09-12 22:15:00,,,,100.0,1,active,2026-09-01 08:15:00,normal,Guwahati Nature & Wildlife
316,STS-126F984F69F5,Rohan Iyer,Indian,aadhaar,XXXX-XXXX-5730,+91-9346737254,"[{""name"": ""Hotel Nandan (stay 1)"", ""lat"": 26.978728, ""lng"": 94.640557}, {""name"": ""Sivasagar"", ""lat"": 26.9826, ""lng"": 94.6425}, {""name"": ""Wild Mahseer, Balipara (stay 2)"", ""lat"": 26.748339, ""lng"": 94.206149}, {""name"": ""Jorhat"", ""lat"": 26.7509, ""lng"": 94.2037}, {""name"": ""La Maison de Ananda, Majuli (stay 3)"", ""lat"": 26.573716, ""lng"": 93.167793}, {""name"": ""Kaziranga National Park"", ""lat"": 26.5775, ""lng"": 93.1711}, {""name"": ""Hotel Polo Towers, Shillong (stay 4)"", ""lat"": 26.637033, ""lng"": 92.799429}, {""name"": ""Tezpur"", ""lat"": 26.6338, ""lng"": 92.8}, {""name"": ""Novotel Guwahati GS Road (stay 5)"", ""lat"": 26.921647, ""lng"": 92.881556}, {""name"": ""Nameri National Park"", ""lat"": 26.92, ""lng"": 92.88}]","[{""name"": ""Aditya Rajkhowa"", ""phone"": ""+91-9218700671"", ""relation"": ""family""}, {""name"": ""Priya Ghosh"", ""phone"": ""+91-7596607355"", ""relation"": ""spouse""}, {""name"": ""Aarav Kalita"", ""phone"": ""+91-8528436120"", ""relation"": ""employer""}]",2026-08-02 10:30:00,2026-08-12 18:30:00,26.921309,92.881297,2026-08-12 06:46:02,78.5,1,active,2026-07-17 16:30:00,normal,Upper Assam Wildlife Trail
317,STS-D0AA02DCE57B,Vikram Hazarika,Indian,passport,Z7050322,+91-9066731050,"[{""name"": ""Hotel Polo Towers, Shillong (stay 1)"", ""lat"": 26.152741, ""lng"": 91.785513}, {""name"": ""Ganeshguri Junction"", ""lat"": 26.147, ""lng"": 91.79}, {""name"": ""Dispur Secretariat"", ""lat"": 26.142, ""lng"": 91.79}, {""name"": ""Six Mile"", ""lat"": 26.135, ""lng"": 91.805}, {""name"": ""Guwahati Railway Station"", ""lat"": 26.1824, ""lng"": 91.7513}, {""name"": ""Ygdrasill Bamboo Resort, Cherrapunji (stay 2)"", ""lat"": 26.108696, ""lng"": 91.584488}, {""name"": ""LGB International Airport"", ""lat"": 26.1061, ""lng"": 91.5859}, {""name"": ""En route to Guwahati Railway Station"", ""lat"": 26.14685, ""lng"": 91.791575}, {""name"": ""En route to Guwahati Railway Station"", ""lat"": 26.1587, ""lng"": 91.77815}, {""name"": ""En route to Guwahati Railway Station"", ""lat"": 26.17055, ""lng"": 91.764725}, {""name"": ""En route to Hotel Polo Towers, Shillong (stay 1)"", ""lat"": 26.167571, ""lng"": 91.768406}]","[{""name"": ""Junmoni Kalita"", ""phone"": ""+91-9484380851"", ""relation"": ""family""}, {""name"": ""Priya Bhattacharya"", ""phone"": ""+91-6300462164"", ""relation"": ""spouse""}, {""name"": ""Bornali Patel"", ""phone"": ""+91-8269531039"", ""relation"": ""friend""}, {""name"": ""Nikhil Das"", ""phone"": ""+91-8413426012"", ""relation"": ""colleague""}]",2026-08-30 08:30:00,2026-09-01 17:30:00,26.108521,91.584233,2026-09-01 06:57:23,80.3,1,active,2026-08-29 00:30:00,normal,Business / Transit Stay
318,STS-08AD04ADE37E,Sneha Saikia,Indian,aadhaar,XXXX-XXXX-7248,+91-8292329100,"[{""name"": ""Vivanta Guwahati (stay 1)"", ""lat"": 26.982764, ""lng"": 94.644775}, {""name"": ""Sivasagar"", ""lat"": 26.9826, ""lng"": 94.6425}, {""name"": ""Kiranshree Portico (stay 2)"", ""lat"": 26.754564, ""lng"": 94.207258}, {""name"": ""Jorhat"", ""lat"": 26.7509, ""lng"": 94.2037}, {""name"": ""Dolma Homestay, Tawang (stay 3)"", ""lat"": 26.576603, ""lng"": 93.167628}, {""name"": ""Kaziranga National Park"", ""lat"": 26.5775, ""lng"": 93.1711}, {""name"": ""Vivanta Guwahati (stay 4)"", ""lat"": 26.922094, ""lng"": 92.883235}, {""name"": ""Nameri National Park"", ""lat"": 26.92, ""lng"": 92.88}]","[{""name"": ""Jayanta Banerjee"", ""phone"": ""+91-7537078100"", ""relation"": ""family""}, {""name"": ""Gitanjali Verma"", ""phone"": ""+91-7531006046"", ""relation"": ""spouse""}]",2026-08-31 09:15:00,2026-09-06 15:15:00,26.921777,92.88355,2026-09-05 18:27:20,70.7,1,active,2026-08-29 12:15:00,normal,Upper Assam Wildlife Trail
319,STS-DC14385A2952,Pranjal Ghosh,Indian,aadhaar,XXXX-XXXX-9687,+91-8868391225,"[{""name"": ""Ri Kynjai, Umiam (stay 1)"", ""lat"": 26.18778, ""lng"": 91.74992}, {""name"": ""Umananda Island"", ""lat"": 26.1964, ""lng"": 91.7453}, {""name"": ""Pan Bazaar"", ""lat"": 26.1856, ""lng"": 91.7455}, {""name"": ""Assam State Museum"", ""lat"": 26.1857, ""lng"": 91.7481}, {""name"": ""Dighalipukhuri"", ""lat"": 26.1861, ""lng"": 91.7503}, {""name"": ""Guwahati Planetarium"", ""lat"": 26.1856, ""lng"": 91.7625}]","[{""name"": ""Kavya Iyer"", ""phone"": ""+91-6456168325"", ""relation"": ""family""}, {""name"": ""Tanvi Sen"", ""phone"": ""+91-9062511056"", ""relation"": ""spouse""}]",2026-08-31 10:30:00,2026-09-05 14:30:00,26.18772,91.749932,2026-09-05 06:43:43,79.3,1,active,2026-08-16 09:30:00,geofence_intrusion,Guwahati City Break
320,STS-147D07C6C10B,Dhruv Nath,Indian,voterid,TPH3099093,+91-6735463157,"[{""name"": ""Ygdrasill Bamboo Resort, Cherrapunji (stay 1)"", ""lat"": 26.160084, ""lng"": 91.77561}, {""name"": ""Ganeshguri Junction"", ""lat"": 26.147, ""lng"": 91.79}, {""name"": ""Dispur Secretariat"", ""lat"": 26.142, ""lng"": 91.79}, {""name"": ""Guwahati Railway Station"", ""lat"": 26.1824, ""lng"": 91.7513}, {""name"": ""En route to Guwahati Railway Station"", ""lat"": 26.155467, ""lng"": 91.7771}, {""name"": ""En route to Guwahati Railway Station"", ""lat"": 26.168933, ""lng"": 91.7642}, {""name"": ""En route to Ygdrasill Bamboo Resort, Cherrapunji (stay 1)"", ""lat"": 26.171242, ""lng"": 91.763455}]","[{""name"": ""Rituparna Barua"", ""phone"": ""+91-9609523804"", ""relation"": ""family""}]",2026-08-11 06:00:00,2026-08-12 19:00:00,26.160062,91.775939,2026-08-12 06:59:56,80.1,1,active,2026-07-23 05:00:00,normal,Business / Transit Stay
321,STS-ACFA8837F379,Mridula Reddy,Indian,aadhaar,XXXX-XXXX-3361,+91-7894724595,"[{""name"": ""Hotel Polo Towers, Shillong (stay 1)"", ""lat"": 26.630438, ""lng"": 92.801247}, {""name"": ""Tezpur"", ""lat"": 26.6338, ""lng"": 92.8}, {""name"": ""Kiranshree Portico (stay 2)"", ""lat"": 26.922443, ""lng"": 92.881299}, {""name"": ""Nameri National Park"", ""lat"": 26.92, ""lng"": 92.88}, {""name"": ""Dolma Homestay, Tawang (stay 3)"", ""lat"": 26.581396, ""lng"": 93.167804}, {""name"": ""Kaziranga National Park"", ""lat"": 26.5775, ""lng"": 93.1711}, {""name"": ""Hotel Polo Towers, Shillong (stay 4)"", ""lat"": 26.748202, ""lng"": 94.203872}, {""name"": ""Jorhat"", ""lat"": 26.7509, ""lng"": 94.2037}, {""name"": ""Ginger Guwahati (stay 5)"", ""lat"": 26.982979, ""lng"": 94.639093}, {""name"": ""Sivasagar"", ""lat"": 26.9826, ""lng"": 94.6425}]","[{""name"": ""Anurag Kalita"", ""phone"": ""+91-9287789661"", ""relation"": ""family""}, {""name"": ""Kabir Deka"", ""phone"": ""+91-7448304361"", ""relation"": ""spouse""}]",2026-08-13 09:15:00,2026-08-23 15:15:00,26.983243,94.639024,2026-08-23 06:37:11,78.2,0,active,2026-08-06 21:15:00,inactivity,Upper Assam Wildlife Trail
322,STS-A1061C6C998C,Jayanta Sharma,Indian,aadhaar,XXXX-XXXX-2093,+91-7941318871,"[{""name"": ""Ginger Guwahati (stay 1)"", ""lat"": 26.148679, ""lng"": 91.784125}, {""name"": ""Ganeshguri Junction"", ""lat"": 26.147, ""lng"": 91.79}, {""name"": ""Dispur Secretariat"", ""lat"": 26.142, ""lng"": 91.79}, {""name"": ""Six Mile"", ""lat"": 26.135, ""lng"": 91.805}, {""name"": ""Guwahati Railway Station"", ""lat"": 26.1824, ""lng"": 91.7513}, {""name"": ""Diphlu River Lodge, Kaziranga (stay 2)"", ""lat"": 26.103733, ""lng"": 91.58475}, {""name"": ""LGB International Airport"", ""lat"": 26.1061, ""lng"": 91.5859}, {""name"": ""En route to Guwahati Railway Station"", ""lat"": 26.14685, ""lng"": 91.791575}, {""name"": ""En route to Guwahati Railway Station"", ""lat"": 26.1587, ""lng"": 91.77815}, {""name"": ""En route to Guwahati Railway Station"", ""lat"": 26.17055, ""lng"": 91.764725}, {""name"": ""En route to Ginger Guwahati (stay 1)"", ""lat"": 26.16554, ""lng"": 91.767713}]","[{""name"": ""Debojit Kumar"", ""phone"": ""+91-8340809833"", ""relation"": ""family""}]",2026-07-29 07:45:00,2026-08-01 16:45:00,26.104037,91.584577,2026-08-01 06:36:26,80.3,0,active,2026-07-15 01:45:00,normal,Business / Transit Stay
323,STS-CD033CDFB03A,Camille Bernard,French,passport,123781103,+33-500107237,"[{""name"": ""Dolma Homestay, Tawang (stay 1)"", ""lat"": 26.10966, ""lng"": 91.589169}, {""name"": ""LGB International Airport"", ""lat"": 26.1061, ""lng"": 91.5859}, {""name"": ""Radisson Blu Guwahati (stay 2)"", ""lat"": 26.150994, ""lng"": 91.78728}, {""name"": ""Guwahati Railway Station"", ""lat"": 26.1824, ""lng"": 91.7513}, {""name"": ""Ganeshguri Junction"", ""lat"": 26.147, ""lng"": 91.79}, {""name"": ""Dispur Secretariat"", ""lat"": 26.142, ""lng"": 91.79}, {""name"": ""Six Mile"", ""lat"": 26.135, ""lng"": 91.805}, {""name"": ""En route to Ganeshguri Junction"", ""lat"": 26.1706, ""lng"": 91.7642}, {""name"": ""En route to Ganeshguri Junction"", ""lat"": 26.1588, ""lng"": 91.7771}, {""name"": ""En route to Guwahati Railway Station"", ""lat"": 26.161463, ""lng"": 91.775287}, {""name"": ""En route to Guwahati Railway Station"", ""lat"": 26.171931, ""lng"": 91.763293}, {""name"": ""En route to Radisson Blu Guwahati (stay 2)"", ""lat"": 26.142997, ""lng"": 91.79614}]","[{""name"": ""Manon Martin"", ""phone"": ""+33-422857400"", ""relation"": ""family""}, {""name"": ""Chloe Moreau"", ""phone"": ""+33-247135233"", ""relation"": ""spouse""}, {""name"": ""Louis Moreau"", ""phone"": ""+33-579102178"", ""relation"": ""friend""}]",2026-08-14 09:15:00,2026-08-15 22:15:00,26.109768,91.589561,2026-08-15 06:39:38,79.7,1,active,2026-08-06 01:15:00,normal,Business / Transit Stay
324,STS-C1007E2EE64B,Riya Verma,Indian,aadhaar,XXXX-XXXX-5740,+91-7443804476,"[{""name"": ""Ri Kynjai, Umiam (stay 1)"", ""lat"": 26.176293, ""lng"": 91.788737}, {""name"": ""Assam State Zoo & Botanical Garden"", ""lat"": 26.178, ""lng"": 91.786}, {""name"": ""Ygdrasill Bamboo Resort, Cherrapunji (stay 2)"", ""lat"": 26.102904, ""lng"": 91.622151}, {""name"": ""Deepor Beel Wildlife Sanctuary"", ""lat"": 26.12, ""lng"": 91.65}, {""name"": ""Accoland Water Park"", ""lat"": 26.09, ""lng"": 91.59}, {""name"": ""Ginger Guwahati (stay 3)"", ""lat"": 25.929331, ""lng"": 91.430355}, {""name"": ""Chandubi Lake"", ""lat"": 25.9333, ""lng"": 91.4333}, {""name"": ""Hotel Polo Towers, Shillong (stay 4)"", ""lat"": 26.234886, ""lng"": 92.0869}, {""name"": ""Pobitora Wildlife Sanctuary"", ""lat"": 26.2333, ""lng"": 92.0833}, {""name"": ""En route to Accoland Water Park"", ""lat"": 26.11, ""lng"": 91.63}, {""name"": ""En route to Accoland Water Park"", ""lat"": 26.1, ""lng"": 91.61}, {""name"": ""En route to Ygdrasill Bamboo Resort, Cherrapunji (stay 2)"", ""lat"": 26.096452, ""lng"": 91.606076}, {""name"": ""En route to Deepor Beel Wildlife Sanctuary"", ""lat"": 26.111452, ""lng"": 91.636076}]","[{""name"": ""Pooja Bhattacharya"", ""phone"": ""+91-6539294200"", ""relation"": ""family""}, {""name"": ""Pranjal Nair"", ""phone"": ""+91-9158857486"", ""relation"": ""spouse""}, {""name"": ""Rohan Ghosh"", ""phone"": ""+91-7802856316"", ""relation"": ""sibling""}]",2026-08-16 08:00:00,2026-08-18 15:00:00,25.929427,91.430058,2026-08-18 06:34:56,80.8,1,active,2026-07-27 17:00:00,route_deviation,Guwahati Nature & Wildlife
325,STS-56DD4A8DB32E,Jayanta Bora,Indian,aadhaar,XXXX-XXXX-6722,+91-9455426615,"[{""name"": ""Diphlu River Lodge, Kaziranga (stay 1)"", ""lat"": 23.82803, ""lng"": 91.288218}, {""name"": ""Agartala"", ""lat"": 23.8315, ""lng"": 91.2868}, {""name"": ""Hotel Nandan (stay 2)"", ""lat"": 23.730183, ""lng"": 92.716746}, {""name"": ""Aizawl"", ""lat"": 23.7271, ""lng"": 92.7176}, {""name"": ""Ginger Guwahati (stay 3)"", ""lat"": 24.819936, ""lng"": 93.938221}, {""name"": ""Imphal"", ""lat"": 24.817, ""lng"": 93.9368}, {""name"": ""Novotel Guwahati GS Road (stay 4)"", ""lat"": 25.674194, ""lng"": 94.10794}, {""name"": ""Kohima"", ""lat"": 25.6751, ""lng"": 94.1086}, {""name"": ""Hotel Rajmahal (stay 5)"", ""lat"": 26.574235, ""lng"": 93.172998}, {""name"": ""Kaziranga National Park"", ""lat"": 26.5775, ""lng"": 93.1711}, {""name"": ""Kiranshree Portico (stay 6)"", ""lat"": 27.327494, ""lng"": 88.610663}, {""name"": ""Gangtok"", ""lat"": 27.3314, ""lng"": 88.6138}]","[{""name"": ""Debojit Sen"", ""phone"": ""+91-6514773668"", ""relation"": ""family""}, {""name"": ""Junmoni Deka"", ""phone"": ""+91-9370944564"", ""relation"": ""spouse""}, {""name"": ""Sneha Deka"", ""phone"": ""+91-9321322912"", ""relation"": ""spouse""}]",2026-08-12 10:15:00,2026-08-24 00:15:00,27.327355,88.610531,2026-08-23 06:47:23,81.6,1,active,2026-08-03 00:15:00,normal,Seven Sisters Grand Tour
326,STS-04C37579C83D,Bornali Verma,Indian,voterid,JVD3171609,+91-9472065966,"[{""name"": ""Vivanta Guwahati (stay 1)"", ""lat"": 26.16288, ""lng"": 91.759267}, {""name"": ""Navagraha Temple"", ""lat"": 26.1749, ""lng"": 91.7789}, {""name"": ""Umananda Island"", ""lat"": 26.1964, ""lng"": 91.7453}, {""name"": ""Kamakhya Temple"", ""lat"": 26.1664, ""lng"": 91.7055}, {""name"": ""Basistha Temple"", ""lat"": 26.1132, ""lng"": 91.797}, {""name"": ""Diphlu River Lodge, Kaziranga (stay 2)"", ""lat"": 26.246037, ""lng"": 91.519785}, {""name"": ""Hajo Pilgrimage Town"", ""lat"": 26.25, ""lng"": 91.5167}, {""name"": ""Brahmaputra Jungle Resort (stay 3)"", ""lat"": 26.365244, ""lng"": 91.63231}, {""name"": ""Madan Kamdev Ruins"", ""lat"": 26.3667, ""lng"": 91.6333}, {""name"": ""En route to Basistha Temple"", ""lat"": 26.15576, ""lng"": 91.7238}, {""name"": ""En route to Basistha Temple"", ""lat"": 26.14512, ""lng"": 91.7421}, {""name"": ""En route to Basistha Temple"", ""lat"": 26.13448, ""lng"": 91.7604}, {""name"": ""En route to Basistha Temple"", ""lat"": 26.12384, ""lng"": 91.7787}, {""name"": ""En route to Vivanta Guwahati (stay 1)"", ""lat"": 26.12976, ""lng"": 91.784422}, {""name"": ""En route to Vivanta Guwahati (stay 1)"", ""lat"": 26.14632, ""lng"": 91.771845}, {""name"": ""En route to Kamakhya Temple"", ""lat"": 26.1864, ""lng"": 91.732033}, {""name"": ""En route to Kamakhya Temple"", ""lat"": 26.1764, ""lng"": 91.718767}, {""name"": ""En route to Umananda Island"", ""lat"": 26.18565, ""lng"": 91.7621}]","[{""name"": ""Rupam Das"", ""phone"": ""+91-6024996018"", ""relation"": ""family""}, {""name"": ""Ishita Nair"", ""phone"": ""+91-8018821180"", ""relation"": ""spouse""}]",2026-08-11 07:45:00,2026-08-16 19:45:00,26.365211,91.632305,2026-08-16 06:37:42,78.7,1,active,2026-08-04 16:45:00,normal,Guwahati Pilgrimage Circuit
327,STS-26007B06CEED,Nikhil Rajkhowa,Indian,voterid,HJW6869163,+91-8067084634,"[{""name"": ""Diphlu River Lodge, Kaziranga (stay 1)"", ""lat"": 25.673887, ""lng"": 94.107665}, {""name"": ""Kohima"", ""lat"": 25.6751, ""lng"": 94.1086}, {""name"": ""Radisson Blu Guwahati (stay 2)"", ""lat"": 24.817732, ""lng"": 93.935196}, {""name"": ""Imphal"", ""lat"": 24.817, ""lng"": 93.9368}, {""name"": ""Hotel Polo Towers, Shillong (stay 3)"", ""lat"": 25.580074, ""lng"": 91.892201}, {""name"": ""Shillong"", ""lat"": 25.5788, ""lng"": 91.8933}, {""name"": ""Brahmaputra Jungle Resort (stay 4)"", ""lat"": 26.106443, ""lng"": 91.583252}, {""name"": ""LGB International Airport"", ""lat"": 26.1061, ""lng"": 91.5859}, {""name"": ""Radisson Blu Guwahati (stay 5)"", ""lat"": 23.832667, ""lng"": 91.286683}, {""name"": ""Agartala"", ""lat"": 23.8315, ""lng"": 91.2868}, {""name"": ""La Maison de Ananda, Majuli (stay 6)"", ""lat"": 27.330302, ""lng"": 88.610195}, {""name"": ""Gangtok"", ""lat"": 27.3314, ""lng"": 88.6138}]","[{""name"": ""Vikram Phukan"", ""phone"": ""+91-8182801487"", ""relation"": ""family""}, {""name"": ""Rahul Mishra"", ""phone"": ""+91-9671194620"", ""relation"": ""spouse""}]",2026-08-22 06:15:00,2026-09-04 16:15:00,27.330187,88.610036,2026-09-04 06:57:53,82.7,1,active,2026-08-05 06:15:00,abduction_pattern,Seven Sisters Grand Tour
328,STS-590766D8612A,Kavya Singh,Indian,aadhaar,XXXX-XXXX-6734,+91-6705824427,"[{""name"": ""Hotel Dynasty, Lakhtokia (stay 1)"", ""lat"": 26.179297, ""lng"": 91.782862}, {""name"": ""Assam State Zoo & Botanical Garden"", ""lat"": 26.178, ""lng"": 91.786}, {""name"": ""Novotel Guwahati GS Road (stay 2)"", ""lat"": 26.08649, ""lng"": 91.58872}, {""name"": ""Accoland Water Park"", ""lat"": 26.09, ""lng"": 91.59}, {""name"": ""Diphlu River Lodge, Kaziranga (stay 3)"", ""lat"": 25.929345, ""lng"": 91.436136}, {""name"": ""Chandubi Lake"", ""lat"": 25.9333, ""lng"": 91.4333}]","[{""name"": ""Rituparna Dutta"", ""phone"": ""+91-7180633732"", ""relation"": ""family""}, {""name"": ""Ananya Kumar"", ""phone"": ""+91-7038272525"", ""relation"": ""spouse""}, {""name"": ""Simanta Ghosh"", ""phone"": ""+91-6569299854"", ""relation"": ""parent""}]",2026-09-04 10:30:00,2026-09-09 15:30:00,26.086809,91.588949,2026-09-05 18:36:38,76.3,1,active,2026-08-13 21:30:00,normal,Guwahati Nature & Wildlife
329,STS-AA58B3FEB52F,James Wilson,American,passport,749435062,+1-3963235441,"[{""name"": ""Ginger Guwahati (stay 1)"", ""lat"": 26.177822, ""lng"": 91.722053}, {""name"": ""Umananda Island"", ""lat"": 26.1964, ""lng"": 91.7453}, {""name"": ""Kamakhya Temple"", ""lat"": 26.1664, ""lng"": 91.7055}, {""name"": ""Vivanta Guwahati (stay 2)"", ""lat"": 26.367198, ""lng"": 91.637017}, {""name"": ""Madan Kamdev Ruins"", ""lat"": 26.3667, ""lng"": 91.6333}, {""name"": ""En route to Kamakhya Temple"", ""lat"": 26.1864, ""lng"": 91.732033}, {""name"": ""En route to Kamakhya Temple"", ""lat"": 26.1764, ""lng"": 91.718767}, {""name"": ""En route to Umananda Island"", ""lat"": 26.187111, ""lng"": 91.733677}]","[{""name"": ""Michael Rodriguez"", ""phone"": ""+1-4989760569"", ""relation"": ""family""}, {""name"": ""Sarah Wilson"", ""phone"": ""+1-3274180374"", ""relation"": ""spouse""}, {""name"": ""American Consulate, Kolkata"", ""phone"": ""+91-7942179840"", ""relation"": ""embassy""}, {""name"": ""Jessica Garcia"", ""phone"": ""+1-6819571636"", ""relation"": ""colleague""}]",2026-09-01 09:15:00,2026-09-05 23:15:00,26.36687,91.637011,2026-09-05 06:30:48,79.0,1,active,2026-08-17 16:15:00,normal,Guwahati Pilgrimage Circuit
330,STS-449579DE60BE,Ananya Phukan,Indian,aadhaar,XXXX-XXXX-4484,+91-7982121707,"[{""name"": ""Hotel Nandan (stay 1)"", ""lat"": 26.108042, ""lng"": 91.584374}, {""name"": ""LGB International Airport"", ""lat"": 26.1061, ""lng"": 91.5859}, {""name"": ""Vivanta Guwahati (stay 2)"", ""lat"": 25.674369, ""lng"": 94.110704}, {""name"": ""Kohima"", ""lat"": 25.6751, ""lng"": 94.1086}, {""name"": ""Ri Kynjai, Umiam (stay 3)"", ""lat"": 23.723471, ""lng"": 92.718439}, {""name"": ""Aizawl"", ""lat"": 23.7271, ""lng"": 92.7176}]","[{""name"": ""Sneha Iyer"", ""phone"": ""+91-8471985031"", ""relation"": ""family""}, {""name"": ""Bishal Das"", ""phone"": ""+91-9986147132"", ""relation"": ""spouse""}, {""name"": ""Gitanjali Patel"", ""phone"": ""+91-6393566577"", ""relation"": ""tour_operator""}]",2026-08-11 06:45:00,2026-08-21 14:45:00,23.723774,92.71878,2026-08-21 06:31:54,84.8,1,active,2026-07-24 15:45:00,normal,Seven Sisters Grand Tour
331,STS-AA48D5CD71FF,Aditya Choudhury,Indian,aadhaar,XXXX-XXXX-4484,+91-9783528770,"[{""name"": ""Novotel Guwahati GS Road (stay 1)"", ""lat"": 26.573527, ""lng"": 93.173141}, {""name"": ""Kaziranga National Park"", ""lat"": 26.5775, ""lng"": 93.1711}, {""name"": ""La Maison de Ananda, Majuli (stay 2)"", ""lat"": 25.673484, ""lng"": 94.108264}, {""name"": ""Kohima"", ""lat"": 25.6751, ""lng"": 94.1086}, {""name"": ""Novotel Guwahati GS Road (stay 3)"", ""lat"": 25.577193, ""lng"": 91.894846}, {""name"": ""Shillong"", ""lat"": 25.5788, ""lng"": 91.8933}, {""name"": ""Dolma Homestay, Tawang (stay 4)"", ""lat"": 23.830998, ""lng"": 91.289104}, {""name"": ""Agartala"", ""lat"": 23.8315, ""lng"": 91.2868}]","[{""name"": ""Rupam Bhattacharya"", ""phone"": ""+91-8543967118"", ""relation"": ""family""}, {""name"": ""Nikhil Hazarika"", ""phone"": ""+91-7028806243"", ""relation"": ""spouse""}]",2026-07-29 05:15:00,2026-08-11 12:15:00,23.831029,91.289488,2026-08-11 06:34:52,79.2,1,active,2026-07-12 09:15:00,high_speed_transit,Seven Sisters Grand Tour
332,STS-99C5C3D9B57F,Simanta Sen,Indian,passport,Z4150945,+91-6702643880,"[{""name"": ""Brahmaputra Jungle Resort (stay 1)"", ""lat"": 26.186129, ""lng"": 91.749901}, {""name"": ""Fancy Bazaar"", ""lat"": 26.1836, ""lng"": 91.7434}, {""name"": ""Assam State Museum"", ""lat"": 26.1857, ""lng"": 91.7481}, {""name"": ""Dighalipukhuri"", ""lat"": 26.1861, ""lng"": 91.7503}]","[{""name"": ""Bornali Patel"", ""phone"": ""+91-7819738001"", ""relation"": ""family""}, {""name"": ""Rituparna Gogoi"", ""phone"": ""+91-9739410024"", ""relation"": ""spouse""}, {""name"": ""Nikhil Barua"", ""phone"": ""+91-8834619486"", ""relation"": ""colleague""}]",2026-08-05 07:15:00,2026-08-10 21:15:00,26.186248,91.74995,2026-08-10 07:01:22,79.6,0,active,2026-07-24 17:15:00,inactivity,Guwahati City Break
333,STS-A69D4D290E91,Anjana Adhikari,Nepali,passport,NP6995648,+977-3027679975,"[{""name"": ""Radisson Blu Guwahati (stay 1)"", ""lat"": 25.574877, ""lng"": 91.894569}, {""name"": ""Shillong"", ""lat"": 25.5788, ""lng"": 91.8933}, {""name"": ""Radisson Blu Guwahati (stay 2)"", ""lat"": 26.574385, ""lng"": 93.167183}, {""name"": ""Kaziranga National Park"", ""lat"": 26.5775, ""lng"": 93.1711}, {""name"": ""La Maison de Ananda, Majuli (stay 3)"", ""lat"": 25.671283, ""lng"": 94.108404}, {""name"": ""Kohima"", ""lat"": 25.6751, ""lng"": 94.1086}, {""name"": ""Hotel Rajmahal (stay 4)"", ""lat"": 23.727312, ""lng"": 92.720317}, {""name"": ""Aizawl"", ""lat"": 23.7271, ""lng"": 92.7176}, {""name"": ""Dolma Homestay, Tawang (stay 5)"", ""lat"": 27.330502, ""lng"": 88.617477}, {""name"": ""Gangtok"", ""lat"": 27.3314, ""lng"": 88.6138}]","[{""name"": ""Anjana Magar"", ""phone"": ""+977-7640738439"", ""relation"": ""family""}, {""name"": ""Sunita Rai"", ""phone"": ""+977-8898114607"", ""relation"": ""spouse""}]",2026-07-26 09:45:00,2026-08-09 18:45:00,27.330888,88.61715,2026-08-09 06:35:07,83.6,1,active,2026-07-09 15:45:00,normal,Seven Sisters Grand Tour
334,STS-7B1BE37C9ED2,Kasun Silva,Sri Lankan,passport,N9162434,+94-552119371,"[{""name"": ""Brahmaputra Jungle Resort (stay 1)"", ""lat"": 25.192881, ""lng"": 92.018878}, {""name"": ""Dawki / Umngot River"", ""lat"": 25.19, ""lng"": 92.02}, {""name"": ""Vivanta Guwahati (stay 2)"", ""lat"": 25.286043, ""lng"": 91.6818}, {""name"": ""Nohkalikai Falls"", ""lat"": 25.276, ""lng"": 91.6857}, {""name"": ""Cherrapunji (Sohra)"", ""lat"": 25.2912, ""lng"": 91.6783}, {""name"": ""La Maison de Ananda, Majuli (stay 3)"", ""lat"": 25.580565, ""lng"": 91.896464}, {""name"": ""Shillong"", ""lat"": 25.5788, ""lng"": 91.8933}]","[{""name"": ""Kasun Silva"", ""phone"": ""+94-940140297"", ""relation"": ""family""}, {""name"": ""Chamara Fernando"", ""phone"": ""+94-795489122"", ""relation"": ""spouse""}]",2026-09-03 08:45:00,2026-09-08 10:45:00,25.580172,91.896159,2026-09-05 18:22:32,70.4,1,active,2026-08-16 13:45:00,normal,Meghalaya Loop
335,STS-08708990D2EC,Rahul Sen,Indian,passport,Z1960461,+91-9914913514,"[{""name"": ""Brahmaputra Jungle Resort (stay 1)"", ""lat"": 26.948215, ""lng"": 94.171906}, {""name"": ""Majuli River Island"", ""lat"": 26.95, ""lng"": 94.17}, {""name"": ""Brahmaputra Jungle Resort (stay 2)"", ""lat"": 26.751398, ""lng"": 94.206838}, {""name"": ""Jorhat"", ""lat"": 26.7509, ""lng"": 94.2037}, {""name"": ""Vivanta Guwahati (stay 3)"", ""lat"": 26.982325, ""lng"": 94.640207}, {""name"": ""Sivasagar"", ""lat"": 26.9826, ""lng"": 94.6425}, {""name"": ""Wild Mahseer, Balipara (stay 4)"", ""lat"": 26.579579, ""lng"": 93.174596}, {""name"": ""Kaziranga National Park"", ""lat"": 26.5775, ""lng"": 93.1711}, {""name"": ""Novotel Guwahati GS Road (stay 5)"", ""lat"": 26.922753, ""lng"": 92.878337}, {""name"": ""Nameri National Park"", ""lat"": 26.92, ""lng"": 92.88}]","[{""name"": ""Simanta Phukan"", ""phone"": ""+91-7416612305"", ""relation"": ""family""}, {""name"": ""Kabir Bhattacharya"", ""phone"": ""+91-6949760804"", ""relation"": ""spouse""}]",2026-08-12 11:15:00,2026-08-20 14:15:00,26.922811,92.878528,2026-08-20 06:45:47,79.0,1,active,2026-07-27 18:15:00,geofence_intrusion,Upper Assam Wildlife Trail
336,STS-169EA2B646C7,George Baker,British,passport,564674133,+44-5920803085,"[{""name"": ""Brahmaputra Jungle Resort (stay 1)"", ""lat"": 25.579814, ""lng"": 91.891604}, {""name"": ""Shillong"", ""lat"": 25.5788, ""lng"": 91.8933}, {""name"": ""Dolma Homestay, Tawang (stay 2)"", ""lat"": 26.108083, ""lng"": 91.589619}, {""name"": ""LGB International Airport"", ""lat"": 26.1061, ""lng"": 91.5859}, {""name"": ""Ri Kynjai, Umiam (stay 3)"", ""lat"": 26.574263, ""lng"": 93.174105}, {""name"": ""Kaziranga National Park"", ""lat"": 26.5775, ""lng"": 93.1711}, {""name"": ""Ginger Guwahati (stay 4)"", ""lat"": 24.820876, ""lng"": 93.933747}, {""name"": ""Imphal"", ""lat"": 24.817, ""lng"": 93.9368}, {""name"": ""Brahmaputra Jungle Resort (stay 5)"", ""lat"": 23.827766, ""lng"": 91.284254}, {""name"": ""Agartala"", ""lat"": 23.8315, ""lng"": 91.2868}]","[{""name"": ""Thomas Hall"", ""phone"": ""+44-6438973215"", ""relation"": ""family""}]",2026-08-07 10:30:00,2026-08-19 17:30:00,23.827486,91.283997,2026-08-19 06:34:49,78.0,1,active,2026-08-01 10:30:00,normal,Seven Sisters Grand Tour
337,STS-5E8187DB77A8,Arjun Saikia,Indian,passport,Z7788031,+91-7561897452,"[{""name"": ""Dolma Homestay, Tawang (stay 1)"", ""lat"": 26.230571, ""lng"": 92.081827}, {""name"": ""Pobitora Wildlife Sanctuary"", ""lat"": 26.2333, ""lng"": 92.0833}, {""name"": ""Hotel Nandan (stay 2)"", ""lat"": 26.18191, ""lng"": 91.782613}, {""name"": ""Assam State Zoo & Botanical Garden"", ""lat"": 26.178, ""lng"": 91.786}, {""name"": ""Hotel Nandan (stay 3)"", ""lat"": 26.117266, ""lng"": 91.65211}, {""name"": ""Deepor Beel Wildlife Sanctuary"", ""lat"": 26.12, ""lng"": 91.65}]","[{""name"": ""Aditya Phukan"", ""phone"": ""+91-6127942628"", ""relation"": ""family""}, {""name"": ""Rohan Barua"", ""phone"": ""+91-8399279402"", ""relation"": ""spouse""}, {""name"": ""Meera Banerjee"", ""phone"": ""+91-8934766951"", ""relation"": ""parent""}]",2026-08-14 10:45:00,2026-08-19 14:45:00,26.117574,91.652387,2026-08-19 06:50:41,42.5,1,active,2026-08-08 04:45:00,normal,Guwahati Nature & Wildlife
338,STS-C8A2174C4479,Riya Choudhury,Indian,voterid,YQM1339740,+91-9823214070,"[{""name"": ""Vivanta Guwahati (stay 1)"", ""lat"": 26.158484, ""lng"": 91.784763}, {""name"": ""Guwahati Railway Station"", ""lat"": 26.1824, ""lng"": 91.7513}, {""name"": ""Ganeshguri Junction"", ""lat"": 26.147, ""lng"": 91.79}, {""name"": ""Six Mile"", ""lat"": 26.135, ""lng"": 91.805}, {""name"": ""Dolma Homestay, Tawang (stay 2)"", ""lat"": 26.107091, ""lng"": 91.587565}, {""name"": ""LGB International Airport"", ""lat"": 26.1061, ""lng"": 91.5859}, {""name"": ""En route to Ganeshguri Junction"", ""lat"": 26.1706, ""lng"": 91.7642}, {""name"": ""En route to Ganeshguri Junction"", ""lat"": 26.1588, ""lng"": 91.7771}, {""name"": ""En route to Guwahati Railway Station"", ""lat"": 26.170442, ""lng"": 91.768032}, {""name"": ""En route to Vivanta Guwahati (stay 1)"", ""lat"": 26.146742, ""lng"": 91.794882}]","[{""name"": ""Nabanita Das"", ""phone"": ""+91-6040916504"", ""relation"": ""family""}]",2026-08-15 09:15:00,2026-08-16 23:15:00,26.158863,91.785026,2026-08-16 06:48:34,80.8,1,active,2026-07-28 19:15:00,normal,Business / Transit Stay
339,STS-F2B458EAD7C9,Mahmuda Ahmed,Bangladeshi,passport,BX6853275,+880-1525291462,"[{""name"": ""Brahmaputra Jungle Resort (stay 1)"", ""lat"": 26.108469, ""lng"": 91.587639}, {""name"": ""LGB International Airport"", ""lat"": 26.1061, ""lng"": 91.5859}, {""name"": ""Vivanta Guwahati (stay 2)"", ""lat"": 26.952925, ""lng"": 94.171131}, {""name"": ""Majuli River Island"", ""lat"": 26.95, ""lng"": 94.17}, {""name"": ""Radisson Blu Guwahati (stay 3)"", ""lat"": 26.981686, ""lng"": 94.645241}, {""name"": ""Sivasagar"", ""lat"": 26.9826, ""lng"": 94.6425}]","[{""name"": ""Ayesha Ahmed"", ""phone"": ""+880-4798619205"", ""relation"": ""family""}, {""name"": ""Karim Hossain"", ""phone"": ""+880-9486076090"", ""relation"": ""spouse""}, {""name"": ""Radisson Blu Guwahati Front Desk"", ""phone"": ""+91-8228182290"", ""relation"": ""hotel""}]",2026-08-07 05:00:00,2026-08-16 14:00:00,26.981319,94.6454,2026-08-16 06:43:56,80.8,1,active,2026-07-27 02:00:00,normal,Upper Assam Wildlife Trail
340,STS-271D2EDA7D6C,Vikram Kalita,Indian,aadhaar,XXXX-XXXX-6940,+91-7416842255,"[{""name"": ""Ri Kynjai, Umiam (stay 1)"", ""lat"": 26.177427, ""lng"": 91.782685}, {""name"": ""Assam State Zoo & Botanical Garden"", ""lat"": 26.178, ""lng"": 91.786}, {""name"": ""Dolma Homestay, Tawang (stay 2)"", ""lat"": 26.106747, ""lng"": 91.620333}, {""name"": ""Deepor Beel Wildlife Sanctuary"", ""lat"": 26.12, ""lng"": 91.65}, {""name"": ""Accoland Water Park"", ""lat"": 26.09, ""lng"": 91.59}, {""name"": ""Diphlu River Lodge, Kaziranga (stay 3)"", ""lat"": 25.932661, ""lng"": 91.431411}, {""name"": ""Chandubi Lake"", ""lat"": 25.9333, ""lng"": 91.4333}, {""name"": ""Diphlu River Lodge, Kaziranga (stay 4)"", ""lat"": 26.23419, ""lng"": 92.083759}, {""name"": ""Pobitora Wildlife Sanctuary"", ""lat"": 26.2333, ""lng"": 92.0833}, {""name"": ""En route to Accoland Water Park"", ""lat"": 26.11, ""lng"": 91.63}, {""name"": ""En route to Accoland Water Park"", ""lat"": 26.1, ""lng"": 91.61}, {""name"": ""En route to Dolma Homestay, Tawang (stay 2)"", ""lat"": 26.098374, ""lng"": 91.605166}, {""name"": ""En route to Deepor Beel Wildlife Sanctuary"", ""lat"": 26.113374, ""lng"": 91.635166}]","[{""name"": ""Parag Verma"", ""phone"": ""+91-6547867478"", ""relation"": ""family""}, {""name"": ""Parag Sen"", ""phone"": ""+91-6192283458"", ""relation"": ""spouse""}]",2026-08-12 11:45:00,2026-08-15 23:45:00,25.932356,91.43144,2026-08-15 06:52:20,80.1,1,active,2026-07-30 03:45:00,normal,Guwahati Nature & Wildlife
341,STS-F67D953E9883,Anurag Reddy,Indian,passport,Z6300965,+91-8310792059,"[{""name"": ""Ygdrasill Bamboo Resort, Cherrapunji (stay 1)"", ""lat"": 26.579649, ""lng"": 93.17234}, {""name"": ""Kaziranga National Park"", ""lat"": 26.5775, ""lng"": 93.1711}, {""name"": ""Vivanta Guwahati (stay 2)"", ""lat"": 26.633329, ""lng"": 92.797818}, {""name"": ""Tezpur"", ""lat"": 26.6338, ""lng"": 92.8}, {""name"": ""Novotel Guwahati GS Road (stay 3)"", ""lat"": 26.918566, ""lng"": 92.877974}, {""name"": ""Nameri National Park"", ""lat"": 26.92, ""lng"": 92.88}, {""name"": ""Dolma Homestay, Tawang (stay 4)"", ""lat"": 26.950956, ""lng"": 94.172831}, {""name"": ""Majuli River Island"", ""lat"": 26.95, ""lng"": 94.17}, {""name"": ""Hotel Dynasty, Lakhtokia (stay 5)"", ""lat"": 26.983752, ""lng"": 94.644942}, {""name"": ""Sivasagar"", ""lat"": 26.9826, ""lng"": 94.6425}]","[{""name"": ""Rahul Medhi"", ""phone"": ""+91-6388529985"", ""relation"": ""family""}, {""name"": ""Rahul Saikia"", ""phone"": ""+91-7499317238"", ""relation"": ""spouse""}]",2026-08-27 07:45:00,2026-09-08 21:45:00,26.983598,94.645137,2026-09-05 18:37:03,71.5,1,active,2026-08-08 09:45:00,inactivity,Upper Assam Wildlife Trail
342,STS-8E68541903E6,Nikhil Saikia,Indian,passport,Z8029400,+91-7818156524,"[{""name"": ""Kiranshree Portico (stay 1)"", ""lat"": 26.634978, ""lng"": 92.801417}, {""name"": ""Tezpur"", ""lat"": 26.6338, ""lng"": 92.8}, {""name"": ""Ygdrasill Bamboo Resort, Cherrapunji (stay 2)"", ""lat"": 26.18571, ""lng"": 91.752065}, {""name"": ""Guwahati Railway Station"", ""lat"": 26.1824, ""lng"": 91.7513}, {""name"": ""Hotel Dynasty, Lakhtokia (stay 3)"", ""lat"": 27.586679, ""lng"": 91.855674}, {""name"": ""Tawang Monastery"", ""lat"": 27.5861, ""lng"": 91.8594}, {""name"": ""La Maison de Ananda, Majuli (stay 4)"", ""lat"": 27.547282, ""lng"": 93.829573}, {""name"": ""Ziro Valley"", ""lat"": 27.5448, ""lng"": 93.832}]","[{""name"": ""Rupam Phukan"", ""phone"": ""+91-6705344398"", ""relation"": ""family""}, {""name"": ""Priya Reddy"", ""phone"": ""+91-6200955254"", ""relation"": ""spouse""}]",2026-09-05 05:45:00,2026-09-15 19:45:00,26.635159,92.801055,2026-09-05 18:23:59,76.3,1,active,2026-09-03 01:45:00,normal,Arunachal High Himalaya
343,STS-874ADB3C6969,Mridula Rajkhowa,Indian,aadhaar,XXXX-XXXX-4234,+91-6209380392,"[{""name"": ""Hotel Rajmahal (stay 1)"", ""lat"": 25.577527, ""lng"": 91.895978}, {""name"": ""Shillong"", ""lat"": 25.5788, ""lng"": 91.8933}, {""name"": ""Radisson Blu Guwahati (stay 2)"", ""lat"": 26.103954, ""lng"": 91.588219}, {""name"": ""LGB International Airport"", ""lat"": 26.1061, ""lng"": 91.5859}, {""name"": ""Hotel Nandan (stay 3)"", ""lat"": 27.333584, ""lng"": 88.611154}, {""name"": ""Gangtok"", ""lat"": 27.3314, ""lng"": 88.6138}]","[{""name"": ""Bornali Nath"", ""phone"": ""+91-8445275090"", ""relation"": ""family""}, {""name"": ""Ishita Deka"", ""phone"": ""+91-6288461089"", ""relation"": ""spouse""}]",2026-08-18 07:30:00,2026-08-31 19:30:00,27.333439,88.611485,2026-08-31 06:38:00,82.8,1,active,2026-08-12 08:30:00,night_wanderer,Seven Sisters Grand Tour
344,STS-C34AE0D791B8,Aarav Dutta,Indian,aadhaar,XXXX-XXXX-3351,+91-8650193397,"[{""name"": ""La Maison de Ananda, Majuli (stay 1)"", ""lat"": 26.186241, ""lng"": 91.750305}, {""name"": ""Guwahati Railway Station"", ""lat"": 26.1824, ""lng"": 91.7513}, {""name"": ""Diphlu River Lodge, Kaziranga (stay 2)"", ""lat"": 26.63101, ""lng"": 92.796761}, {""name"": ""Tezpur"", ""lat"": 26.6338, ""lng"": 92.8}, {""name"": ""Dolma Homestay, Tawang (stay 3)"", ""lat"": 27.589217, ""lng"": 91.858733}, {""name"": ""Tawang Monastery"", ""lat"": 27.5861, ""lng"": 91.8594}, {""name"": ""Hotel Dynasty, Lakhtokia (stay 4)"", ""lat"": 27.545024, ""lng"": 93.830357}, {""name"": ""Ziro Valley"", ""lat"": 27.5448, ""lng"": 93.832}]","[{""name"": ""Riya Dutta"", ""phone"": ""+91-6961686665"", ""relation"": ""family""}, {""name"": ""Manish Nair"", ""phone"": ""+91-6321597527"", ""relation"": ""spouse""}, {""name"": ""Hemanta Mishra"", ""phone"": ""+91-6465224934"", ""relation"": ""tour_operator""}]",2026-08-28 10:15:00,2026-09-09 15:15:00,27.544965,93.830673,2026-09-05 18:27:39,75.5,1,active,2026-08-23 07:15:00,inactivity,Arunachal High Himalaya
345,STS-113B0639F386,Jack Hall,British,passport,165646895,+44-5483028887,"[{""name"": ""La Maison de Ananda, Majuli (stay 1)"", ""lat"": 26.186099, ""lng"": 91.754174}, {""name"": ""Guwahati Planetarium"", ""lat"": 26.1856, ""lng"": 91.7625}, {""name"": ""Dighalipukhuri"", ""lat"": 26.1861, ""lng"": 91.7503}, {""name"": ""Assam State Museum"", ""lat"": 26.1857, ""lng"": 91.7481}, {""name"": ""Pan Bazaar"", ""lat"": 26.1856, ""lng"": 91.7455}, {""name"": ""Brahmaputra Riverfront"", ""lat"": 26.1905, ""lng"": 91.748}]","[{""name"": ""Sophie Turner"", ""phone"": ""+44-5133501879"", ""relation"": ""family""}, {""name"": ""Isla Walker"", ""phone"": ""+44-4123833841"", ""relation"": ""spouse""}, {""name"": ""Isla Edwards"", ""phone"": ""+44-4374062618"", ""relation"": ""tour_operator""}, {""name"": ""Ygdrasill Bamboo Resort, Cherrapunji Front Desk"", ""phone"": ""+91-9125682766"", ""relation"": ""hotel""}]",2026-08-27 05:30:00,2026-08-30 14:30:00,26.186491,91.754565,2026-08-30 06:54:47,79.7,1,active,2026-08-26 21:30:00,inactivity,Guwahati City Break
346,STS-39CD1BEBCBF9,Gitanjali Rajkhowa,Indian,aadhaar,XXXX-XXXX-6153,+91-9489328561,"[{""name"": ""Hotel Dynasty, Lakhtokia (stay 1)"", ""lat"": 26.580143, ""lng"": 93.167879}, {""name"": ""Kaziranga National Park"", ""lat"": 26.5775, ""lng"": 93.1711}, {""name"": ""Kiranshree Portico (stay 2)"", ""lat"": 26.634649, ""lng"": 92.797287}, {""name"": ""Tezpur"", ""lat"": 26.6338, ""lng"": 92.8}, {""name"": ""La Maison de Ananda, Majuli (stay 3)"", ""lat"": 26.105261, ""lng"": 91.586078}, {""name"": ""LGB International Airport"", ""lat"": 26.1061, ""lng"": 91.5859}, {""name"": ""Ri Kynjai, Umiam (stay 4)"", ""lat"": 26.74971, ""lng"": 94.206931}, {""name"": ""Jorhat"", ""lat"": 26.7509, ""lng"": 94.2037}]","[{""name"": ""Bishal Bora"", ""phone"": ""+91-8518157470"", ""relation"": ""family""}, {""name"": ""Utpal Singh"", ""phone"": ""+91-7236671718"", ""relation"": ""spouse""}]",2026-08-08 11:15:00,2026-08-18 15:15:00,26.74955,94.20658,2026-08-18 06:30:51,79.9,0,active,2026-08-04 21:15:00,normal,Upper Assam Wildlife Trail
347,STS-D94726A39B9F,Rituparna Iyer,Indian,pan,HBSGU9839M,+91-9451703114,"[{""name"": ""Vivanta Guwahati (stay 1)"", ""lat"": 26.105477, ""lng"": 91.588119}, {""name"": ""LGB International Airport"", ""lat"": 26.1061, ""lng"": 91.5859}, {""name"": ""Hotel Polo Towers, Shillong (stay 2)"", ""lat"": 26.922449, ""lng"": 92.882906}, {""name"": ""Nameri National Park"", ""lat"": 26.92, ""lng"": 92.88}, {""name"": ""Brahmaputra Jungle Resort (stay 3)"", ""lat"": 26.579902, ""lng"": 93.1673}, {""name"": ""Kaziranga National Park"", ""lat"": 26.5775, ""lng"": 93.1711}, {""name"": ""Novotel Guwahati GS Road (stay 4)"", ""lat"": 26.751167, ""lng"": 94.203467}, {""name"": ""Jorhat"", ""lat"": 26.7509, ""lng"": 94.2037}]","[{""name"": ""Tanvi Deka"", ""phone"": ""+91-7190352192"", ""relation"": ""family""}, {""name"": ""Bishal Sharma"", ""phone"": ""+91-6585855774"", ""relation"": ""spouse""}]",2026-07-25 11:30:00,2026-08-01 16:30:00,26.751385,94.203142,2026-08-01 06:37:03,79.3,1,active,2026-07-13 05:30:00,normal,Upper Assam Wildlife Trail
348,STS-762A6CC37AD6,Divya Saikia,Indian,passport,Z5557302,+91-8079670361,"[{""name"": ""Ri Kynjai, Umiam (stay 1)"", ""lat"": 26.158819, ""lng"": 91.759888}, {""name"": ""Kamakhya Temple"", ""lat"": 26.1664, ""lng"": 91.7055}, {""name"": ""Umananda Island"", ""lat"": 26.1964, ""lng"": 91.7453}, {""name"": ""Navagraha Temple"", ""lat"": 26.1749, ""lng"": 91.7789}, {""name"": ""Basistha Temple"", ""lat"": 26.1132, ""lng"": 91.797}, {""name"": ""Brahmaputra Jungle Resort (stay 2)"", ""lat"": 26.246127, ""lng"": 91.520022}, {""name"": ""Hajo Pilgrimage Town"", ""lat"": 26.25, ""lng"": 91.5167}, {""name"": ""Novotel Guwahati GS Road (stay 3)"", ""lat"": 26.365474, ""lng"": 91.635559}, {""name"": ""Madan Kamdev Ruins"", ""lat"": 26.3667, ""lng"": 91.6333}, {""name"": ""En route to Basistha Temple"", ""lat"": 26.154333, ""lng"": 91.784933}, {""name"": ""En route to Basistha Temple"", ""lat"": 26.133767, ""lng"": 91.790967}, {""name"": ""En route to Ri Kynjai, Umiam (stay 1)"", ""lat"": 26.128406, ""lng"": 91.784629}, {""name"": ""En route to Ri Kynjai, Umiam (stay 1)"", ""lat"": 26.143613, ""lng"": 91.772259}, {""name"": ""En route to Kamakhya Temple"", ""lat"": 26.161346, ""lng"": 91.741759}, {""name"": ""En route to Kamakhya Temple"", ""lat"": 26.163873, ""lng"": 91.723629}, {""name"": ""En route to Umananda Island"", ""lat"": 26.1764, ""lng"": 91.718767}, {""name"": ""En route to Umananda Island"", ""lat"": 26.1864, ""lng"": 91.732033}, {""name"": ""En route to Navagraha Temple"", ""lat"": 26.18565, ""lng"": 91.7621}]","[{""name"": ""Kavya Saikia"", ""phone"": ""+91-7207891296"", ""relation"": ""family""}, {""name"": ""Aditya Nair"", ""phone"": ""+91-7305519703"", ""relation"": ""spouse""}, {""name"": ""Gitanjali Nair"", ""phone"": ""+91-9146151550"", ""relation"": ""spouse""}, {""name"": ""Ishita Phukan"", ""phone"": ""+91-7463717835"", ""relation"": ""embassy""}]",2026-07-28 07:00:00,2026-08-01 19:00:00,26.365471,91.635869,2026-08-01 06:56:41,79.7,1,active,2026-07-12 02:00:00,normal,Guwahati Pilgrimage Circuit
349,STS-86E85788A060,Liam Campbell,Australian,passport,PA7244850,+61-505319767,"[{""name"": ""Diphlu River Lodge, Kaziranga (stay 1)"", ""lat"": 26.104494, ""lng"": 91.586925}, {""name"": ""LGB International Airport"", ""lat"": 26.1061, ""lng"": 91.5859}, {""name"": ""Hotel Polo Towers, Shillong (stay 2)"", ""lat"": 26.632854, ""lng"": 92.799304}, {""name"": ""Tezpur"", ""lat"": 26.6338, ""lng"": 92.8}, {""name"": ""Hotel Nandan (stay 3)"", ""lat"": 26.57972, ""lng"": 93.173617}, {""name"": ""Kaziranga National Park"", ""lat"": 26.5775, ""lng"": 93.1711}, {""name"": ""Kiranshree Portico (stay 4)"", ""lat"": 26.747682, ""lng"": 94.207271}, {""name"": ""Jorhat"", ""lat"": 26.7509, ""lng"": 94.2037}, {""name"": ""Vivanta Guwahati (stay 5)"", ""lat"": 26.981931, ""lng"": 94.639033}, {""name"": ""Sivasagar"", ""lat"": 26.9826, ""lng"": 94.6425}]","[{""name"": ""Noah Thompson"", ""phone"": ""+61-322970971"", ""relation"": ""family""}, {""name"": ""Cooper Harris"", ""phone"": ""+61-578594507"", ""relation"": ""spouse""}]",2026-08-23 08:45:00,2026-09-02 20:45:00,26.981644,94.639019,2026-09-02 06:53:27,80.0,1,active,2026-08-04 02:45:00,normal,Upper Assam Wildlife Trail
350,STS-2CB8B6492EC8,Nabanita Saikia,Indian,aadhaar,XXXX-XXXX-2718,+91-9088333261,"[{""name"": ""Vivanta Guwahati (stay 1)"", ""lat"": 25.196412, ""lng"": 91.964391}, {""name"": ""Mawlynnong Village"", ""lat"": 25.2, ""lng"": 91.9167}, {""name"": ""Dawki / Umngot River"", ""lat"": 25.19, ""lng"": 92.02}, {""name"": ""Radisson Blu Guwahati (stay 2)"", ""lat"": 25.288, ""lng"": 91.681634}, {""name"": ""Cherrapunji (Sohra)"", ""lat"": 25.2912, ""lng"": 91.6783}, {""name"": ""Radisson Blu Guwahati (stay 3)"", ""lat"": 25.616811, ""lng"": 91.893491}, {""name"": ""Shillong"", ""lat"": 25.5788, ""lng"": 91.8933}, {""name"": ""Umiam Lake"", ""lat"": 25.657, ""lng"": 91.889}, {""name"": ""Hotel Rajmahal (stay 4)"", ""lat"": 26.185227, ""lng"": 91.752634}, {""name"": ""Guwahati Railway Station"", ""lat"": 26.1824, ""lng"": 91.7513}, {""name"": ""En route to Dawki / Umngot River"", ""lat"": 25.198, ""lng"": 91.93736}, {""name"": ""En route to Dawki / Umngot River"", ""lat"": 25.196, ""lng"": 91.95802}, {""name"": ""En route to Dawki / Umngot River"", ""lat"": 25.194, ""lng"": 91.97868}, {""name"": ""En route to Dawki / Umngot River"", ""lat"": 25.192, ""lng"": 91.99934}, {""name"": ""En route to Umiam Lake"", ""lat"": 25.59835, ""lng"": 91.892225}, {""name"": ""En route to Umiam Lake"", ""lat"": 25.6179, ""lng"": 91.89115}, {""name"": ""En route to Umiam Lake"", ""lat"": 25.63745, ""lng"": 91.890075}, {""name"": ""En route to Vivanta Guwahati (stay 1)"", ""lat"": 25.192137, ""lng"": 92.001464}, {""name"": ""En route to Vivanta Guwahati (stay 1)"", ""lat"": 25.194275, ""lng"": 91.982927}, {""name"": ""En route to Mawlynnong Village"", ""lat"": 25.198206, ""lng"": 91.940546}, {""name"": ""En route to Radisson Blu Guwahati (stay 3)"", ""lat"": 25.636905, ""lng"": 91.891245}, {""name"": ""En route to Shillong"", ""lat"": 25.597805, ""lng"": 91.893395}]","[{""name"": ""Ananya Mishra"", ""phone"": ""+91-6184103086"", ""relation"": ""family""}, {""name"": ""Rahul Sharma"", ""phone"": ""+91-6267156187"", ""relation"": ""spouse""}]",2026-07-24 10:00:00,2026-08-04 00:00:00,26.185391,91.752867,2026-08-03 06:46:16,79.3,1,active,2026-07-12 16:00:00,abduction_pattern,Meghalaya Loop
351,STS-5D13073945F1,Ananya Baishya,Indian,aadhaar,XXXX-XXXX-7724,+91-7400337898,"[{""name"": ""La Maison de Ananda, Majuli (stay 1)"", ""lat"": 26.252235, ""lng"": 91.515655}, {""name"": ""Hajo Pilgrimage Town"", ""lat"": 26.25, ""lng"": 91.5167}, {""name"": ""Novotel Guwahati GS Road (stay 2)"", ""lat"": 26.362845, ""lng"": 91.630465}, {""name"": ""Madan Kamdev Ruins"", ""lat"": 26.3667, ""lng"": 91.6333}, {""name"": ""Ygdrasill Bamboo Resort, Cherrapunji (stay 3)"", ""lat"": 26.159124, ""lng"": 91.775128}, {""name"": ""Umananda Island"", ""lat"": 26.1964, ""lng"": 91.7453}, {""name"": ""Navagraha Temple"", ""lat"": 26.1749, ""lng"": 91.7789}, {""name"": ""Basistha Temple"", ""lat"": 26.1132, ""lng"": 91.797}, {""name"": ""En route to Basistha Temple"", ""lat"": 26.154333, ""lng"": 91.784933}, {""name"": ""En route to Basistha Temple"", ""lat"": 26.133767, ""lng"": 91.790967}, {""name"": ""En route to Ygdrasill Bamboo Resort, Cherrapunji (stay 3)"", ""lat"": 26.128508, ""lng"": 91.789709}, {""name"": ""En route to Ygdrasill Bamboo Resort, Cherrapunji (stay 3)"", ""lat"": 26.143816, ""lng"": 91.782419}, {""name"": ""En route to Umananda Island"", ""lat"": 26.171549, ""lng"": 91.765185}, {""name"": ""En route to Umananda Island"", ""lat"": 26.183975, ""lng"": 91.755243}, {""name"": ""En route to Navagraha Temple"", ""lat"": 26.18565, ""lng"": 91.7621}]","[{""name"": ""Siddharth Verma"", ""phone"": ""+91-6212029078"", ""relation"": ""family""}, {""name"": ""Vikram Bora"", ""phone"": ""+91-6341543023"", ""relation"": ""spouse""}, {""name"": ""Rupam Banerjee"", ""phone"": ""+91-8463583899"", ""relation"": ""friend""}]",2026-09-06 06:15:00,2026-09-09 17:15:00,,,,100.0,1,active,2026-08-27 22:15:00,normal,Guwahati Pilgrimage Circuit
352,STS-9367E632AC88,David Davis,American,passport,619568208,+1-6121677040,"[{""name"": ""Hotel Dynasty, Lakhtokia (stay 1)"", ""lat"": 26.185878, ""lng"": 91.748403}, {""name"": ""Guwahati Railway Station"", ""lat"": 26.1824, ""lng"": 91.7513}, {""name"": ""Hotel Nandan (stay 2)"", ""lat"": 26.630925, ""lng"": 92.800783}, {""name"": ""Tezpur"", ""lat"": 26.6338, ""lng"": 92.8}, {""name"": ""Dolma Homestay, Tawang (stay 3)"", ""lat"": 27.58371, ""lng"": 91.857873}, {""name"": ""Tawang Monastery"", ""lat"": 27.5861, ""lng"": 91.8594}, {""name"": ""Hotel Rajmahal (stay 4)"", ""lat"": 27.54639, ""lng"": 93.83312}, {""name"": ""Ziro Valley"", ""lat"": 27.5448, ""lng"": 93.832}]","[{""name"": ""Michael Davis"", ""phone"": ""+1-7556083269"", ""relation"": ""family""}, {""name"": ""Ethan Wilson"", ""phone"": ""+1-1114879673"", ""relation"": ""spouse""}]",2026-08-11 09:00:00,2026-08-24 11:00:00,27.546393,93.833408,2026-08-24 06:52:08,82.2,1,active,2026-07-31 12:00:00,normal,Arunachal High Himalaya
353,STS-2C7935802DAF,Hemanta Gogoi,Indian,aadhaar,XXXX-XXXX-8217,+91-9545427893,"[{""name"": ""Wild Mahseer, Balipara (stay 1)"", ""lat"": 26.176757, ""lng"": 91.740278}, {""name"": ""Gandhi Mandap, Sarania Hill"", ""lat"": 26.175, ""lng"": 91.758}, {""name"": ""Assam State Museum"", ""lat"": 26.1857, ""lng"": 91.7481}, {""name"": ""Nehru Park"", ""lat"": 26.1857, ""lng"": 91.7477}, {""name"": ""Brahmaputra Riverfront"", ""lat"": 26.1905, ""lng"": 91.748}, {""name"": ""Kamakhya Temple"", ""lat"": 26.1664, ""lng"": 91.7055}, {""name"": ""En route to Kamakhya Temple"", ""lat"": 26.182467, ""lng"": 91.733833}, {""name"": ""En route to Kamakhya Temple"", ""lat"": 26.174433, ""lng"": 91.719667}, {""name"": ""En route to Wild Mahseer, Balipara (stay 1)"", ""lat"": 26.171578, ""lng"": 91.722889}]","[{""name"": ""Divya Bora"", ""phone"": ""+91-7778459677"", ""relation"": ""family""}]",2026-07-24 10:00:00,2026-07-27 18:00:00,26.17661,91.740143,2026-07-27 06:54:37,79.8,1,active,2026-07-13 18:00:00,night_wanderer,Guwahati City Break
354,STS-0CD8DC6EDFEC,Alfie Baker,British,passport,981630312,+44-7422319682,"[{""name"": ""Hotel Rajmahal (stay 1)"", ""lat"": 25.186921, ""lng"": 92.018973}, {""name"": ""Dawki / Umngot River"", ""lat"": 25.19, ""lng"": 92.02}, {""name"": ""Diphlu River Lodge, Kaziranga (stay 2)"", ""lat"": 25.287475, ""lng"": 91.683108}, {""name"": ""Nohkalikai Falls"", ""lat"": 25.276, ""lng"": 91.6857}, {""name"": ""Cherrapunji (Sohra)"", ""lat"": 25.2912, ""lng"": 91.6783}]","[{""name"": ""Sophie Green"", ""phone"": ""+44-4137589996"", ""relation"": ""family""}, {""name"": ""Thomas Baker"", ""phone"": ""+44-9109701347"", ""relation"": ""spouse""}]",2026-08-15 10:00:00,2026-08-23 16:00:00,25.287631,91.683415,2026-08-23 06:45:48,77.6,1,active,2026-07-28 20:00:00,abduction_pattern,Meghalaya Loop
355,STS-0140254B416B,Pranjal Ghosh,Indian,aadhaar,XXXX-XXXX-5530,+91-9136344216,"[{""name"": ""Brahmaputra Jungle Resort (stay 1)"", ""lat"": 26.578289, ""lng"": 93.172953}, {""name"": ""Kaziranga National Park"", ""lat"": 26.5775, ""lng"": 93.1711}, {""name"": ""Vivanta Guwahati (stay 2)"", ""lat"": 26.920166, ""lng"": 92.881816}, {""name"": ""Nameri National Park"", ""lat"": 26.92, ""lng"": 92.88}, {""name"": ""Diphlu River Lodge, Kaziranga (stay 3)"", ""lat"": 26.953701, ""lng"": 94.172478}, {""name"": ""Majuli River Island"", ""lat"": 26.95, ""lng"": 94.17}, {""name"": ""Ri Kynjai, Umiam (stay 4)"", ""lat"": 26.753764, ""lng"": 94.205552}, {""name"": ""Jorhat"", ""lat"": 26.7509, ""lng"": 94.2037}, {""name"": ""Ri Kynjai, Umiam (stay 5)"", ""lat"": 26.984913, ""lng"": 94.643094}, {""name"": ""Sivasagar"", ""lat"": 26.9826, ""lng"": 94.6425}, {""name"": ""Hotel Dynasty, Lakhtokia (stay 6)"", ""lat"": 26.107031, ""lng"": 91.584891}, {""name"": ""LGB International Airport"", ""lat"": 26.1061, ""lng"": 91.5859}]","[{""name"": ""Rituparna Baishya"", ""phone"": ""+91-7824543278"", ""relation"": ""family""}, {""name"": ""Pranjal Dutta"", ""phone"": ""+91-8477901977"", ""relation"": ""spouse""}]",2026-07-26 08:45:00,2026-08-05 14:45:00,26.10714,91.584561,2026-08-05 06:42:45,80.9,1,active,2026-07-09 16:45:00,geofence_intrusion,Upper Assam Wildlife Trail
356,STS-EF747181D3BA,Aarav Choudhury,Indian,voterid,RXU1435256,+91-8331602604,"[{""name"": ""Ri Kynjai, Umiam (stay 1)"", ""lat"": 26.636, ""lng"": 92.802507}, {""name"": ""Tezpur"", ""lat"": 26.6338, ""lng"": 92.8}, {""name"": ""Hotel Polo Towers, Shillong (stay 2)"", ""lat"": 26.186313, ""lng"": 91.747764}, {""name"": ""Guwahati Railway Station"", ""lat"": 26.1824, ""lng"": 91.7513}, {""name"": ""Dolma Homestay, Tawang (stay 3)"", ""lat"": 27.588141, ""lng"": 91.855401}, {""name"": ""Tawang Monastery"", ""lat"": 27.5861, ""lng"": 91.8594}, {""name"": ""Ygdrasill Bamboo Resort, Cherrapunji (stay 4)"", ""lat"": 27.54668, ""lng"": 93.835701}, {""name"": ""Ziro Valley"", ""lat"": 27.5448, ""lng"": 93.832}]","[{""name"": ""Anjali Sharma"", ""phone"": ""+91-6442222297"", ""relation"": ""family""}, {""name"": ""Mridula Sen"", ""phone"": ""+91-9479702345"", ""relation"": ""spouse""}]",2026-08-22 11:00:00,2026-09-05 23:00:00,27.546534,93.835638,2026-09-05 06:49:18,82.6,1,missing,2026-08-07 16:00:00,missing_person,Arunachal High Himalaya
357,STS-8B01BA434EE1,Shakib Hossain,Bangladeshi,passport,BX7955417,+880-5158972756,"[{""name"": ""Vivanta Guwahati (stay 1)"", ""lat"": 26.180675, ""lng"": 91.761605}, {""name"": ""Srimanta Sankaradeva Kalakshetra"", ""lat"": 26.144, ""lng"": 91.8058}, {""name"": ""Uzan Bazar Ghat"", ""lat"": 26.19, ""lng"": 91.759}, {""name"": ""Paltan Bazaar"", ""lat"": 26.1817, ""lng"": 91.7503}, {""name"": ""Pan Bazaar"", ""lat"": 26.1856, ""lng"": 91.7455}, {""name"": ""Fancy Bazaar"", ""lat"": 26.1836, ""lng"": 91.7434}, {""name"": ""Hotel Polo Towers, Shillong (stay 2)"", ""lat"": 26.167228, ""lng"": 91.569821}, {""name"": ""Sualkuchi Silk Village"", ""lat"": 26.1667, ""lng"": 91.5667}, {""name"": ""En route to Uzan Bazar Ghat"", ""lat"": 26.159333, ""lng"": 91.7902}, {""name"": ""En route to Uzan Bazar Ghat"", ""lat"": 26.174667, ""lng"": 91.7746}, {""name"": ""En route to Srimanta Sankaradeva Kalakshetra"", ""lat"": 26.16845, ""lng"": 91.776337}, {""name"": ""En route to Srimanta Sankaradeva Kalakshetra"", ""lat"": 26.156225, ""lng"": 91.791068}]","[{""name"": ""Rahim Begum"", ""phone"": ""+880-6006413543"", ""relation"": ""family""}, {""name"": ""Mahmuda Islam"", ""phone"": ""+880-6976477496"", ""relation"": ""spouse""}]",2026-07-24 07:00:00,2026-07-27 20:00:00,26.167231,91.569925,2026-07-27 06:30:35,82.9,1,active,2026-07-14 18:00:00,normal,Guwahati Market & Heritage Walk
358,STS-2ABEF23B6FA2,Vikram Ghosh,Indian,pan,EWUGV8603X,+91-6869531002,"[{""name"": ""Hotel Rajmahal (stay 1)"", ""lat"": 26.151961, ""lng"": 91.780292}, {""name"": ""Ganeshguri Junction"", ""lat"": 26.147, ""lng"": 91.79}, {""name"": ""Dispur Secretariat"", ""lat"": 26.142, ""lng"": 91.79}, {""name"": ""Six Mile"", ""lat"": 26.135, ""lng"": 91.805}, {""name"": ""Guwahati Railway Station"", ""lat"": 26.1824, ""lng"": 91.7513}, {""name"": ""Diphlu River Lodge, Kaziranga (stay 2)"", ""lat"": 26.105221, ""lng"": 91.582567}, {""name"": ""LGB International Airport"", ""lat"": 26.1061, ""lng"": 91.5859}, {""name"": ""En route to Guwahati Railway Station"", ""lat"": 26.14685, ""lng"": 91.791575}, {""name"": ""En route to Guwahati Railway Station"", ""lat"": 26.1587, ""lng"": 91.77815}, {""name"": ""En route to Guwahati Railway Station"", ""lat"": 26.17055, ""lng"": 91.764725}, {""name"": ""En route to Hotel Rajmahal (stay 1)"", ""lat"": 26.167181, ""lng"": 91.765796}]","[{""name"": ""Anjali Verma"", ""phone"": ""+91-8894335534"", ""relation"": ""family""}, {""name"": ""Vikram Reddy"", ""phone"": ""+91-7031021958"", ""relation"": ""spouse""}]",2026-08-14 08:45:00,2026-08-15 19:45:00,26.152036,91.77991,2026-08-15 06:49:34,81.5,1,active,2026-08-10 06:45:00,normal,Business / Transit Stay
359,STS-1AD0C9C00EB4,Rupam Gogoi,Indian,aadhaar,XXXX-XXXX-2322,+91-8027734591,"[{""name"": ""Diphlu River Lodge, Kaziranga (stay 1)"", ""lat"": 27.544206, ""lng"": 93.830099}, {""name"": ""Ziro Valley"", ""lat"": 27.5448, ""lng"": 93.832}, {""name"": ""Kiranshree Portico (stay 2)"", ""lat"": 26.636809, ""lng"": 92.798296}, {""name"": ""Tezpur"", ""lat"": 26.6338, ""lng"": 92.8}, {""name"": ""La Maison de Ananda, Majuli (stay 3)"", ""lat"": 27.586752, ""lng"": 91.85993}, {""name"": ""Tawang Monastery"", ""lat"": 27.5861, ""lng"": 91.8594}]","[{""name"": ""Mridula Dutta"", ""phone"": ""+91-8598220264"", ""relation"": ""family""}]",2026-08-03 07:15:00,2026-08-15 12:15:00,27.586565,91.860114,2026-08-15 06:50:39,55.3,1,active,2026-07-24 19:15:00,normal,Arunachal High Himalaya
360,STS-A7F6AC4C3942,Dhruv Nair,Indian,aadhaar,XXXX-XXXX-9633,+91-8609850050,"[{""name"": ""Hotel Nandan (stay 1)"", ""lat"": 26.16773, ""lng"": 91.56556}, {""name"": ""Sualkuchi Silk Village"", ""lat"": 26.1667, ""lng"": 91.5667}, {""name"": ""Hotel Dynasty, Lakhtokia (stay 2)"", ""lat"": 26.187372, ""lng"": 91.750671}, {""name"": ""Pan Bazaar"", ""lat"": 26.1856, ""lng"": 91.7455}, {""name"": ""Uzan Bazar Ghat"", ""lat"": 26.19, ""lng"": 91.759}]","[{""name"": ""Meera Verma"", ""phone"": ""+91-9481751988"", ""relation"": ""family""}, {""name"": ""Junmoni Deka"", ""phone"": ""+91-8909083737"", ""relation"": ""spouse""}, {""name"": ""Divya Barua"", ""phone"": ""+91-7809830811"", ""relation"": ""family""}]",2026-08-14 09:00:00,2026-08-18 20:00:00,26.187419,91.750823,2026-08-18 06:35:00,80.7,1,active,2026-07-24 16:00:00,route_deviation,Guwahati Market & Heritage Walk
361,STS-573B9B3A3891,Grace Walker,British,passport,758824116,+44-6332812368,"[{""name"": ""Radisson Blu Guwahati (stay 1)"", ""lat"": 26.162025, ""lng"": 91.758333}, {""name"": ""Navagraha Temple"", ""lat"": 26.1749, ""lng"": 91.7789}, {""name"": ""Umananda Island"", ""lat"": 26.1964, ""lng"": 91.7453}, {""name"": ""Kamakhya Temple"", ""lat"": 26.1664, ""lng"": 91.7055}, {""name"": ""Basistha Temple"", ""lat"": 26.1132, ""lng"": 91.797}, {""name"": ""Hotel Polo Towers, Shillong (stay 2)"", ""lat"": 26.367476, ""lng"": 91.630994}, {""name"": ""Madan Kamdev Ruins"", ""lat"": 26.3667, ""lng"": 91.6333}, {""name"": ""En route to Basistha Temple"", ""lat"": 26.15576, ""lng"": 91.7238}, {""name"": ""En route to Basistha Temple"", ""lat"": 26.14512, ""lng"": 91.7421}, {""name"": ""En route to Basistha Temple"", ""lat"": 26.13448, ""lng"": 91.7604}, {""name"": ""En route to Basistha Temple"", ""lat"": 26.12384, ""lng"": 91.7787}, {""name"": ""En route to Radisson Blu Guwahati (stay 1)"", ""lat"": 26.129475, ""lng"": 91.784111}, {""name"": ""En route to Radisson Blu Guwahati (stay 1)"", ""lat"": 26.14575, ""lng"": 91.771222}, {""name"": ""En route to Kamakhya Temple"", ""lat"": 26.1864, ""lng"": 91.732033}, {""name"": ""En route to Kamakhya Temple"", ""lat"": 26.1764, ""lng"": 91.718767}, {""name"": ""En route to Umananda Island"", ""lat"": 26.18565, ""lng"": 91.7621}, {""name"": ""En route to Navagraha Temple"", ""lat"": 26.168463, ""lng"": 91.768616}]","[{""name"": ""Amelia Taylor"", ""phone"": ""+44-7160880881"", ""relation"": ""family""}, {""name"": ""Thomas Edwards"", ""phone"": ""+44-3174423040"", ""relation"": ""spouse""}]",2026-08-18 05:00:00,2026-08-22 14:00:00,26.367526,91.631204,2026-08-22 07:01:52,79.3,1,active,2026-07-29 17:00:00,inactivity,Guwahati Pilgrimage Circuit
362,STS-5B1E1B8CC1F1,Ananya Reddy,Indian,aadhaar,XXXX-XXXX-2766,+91-8911599477,"[{""name"": ""Dolma Homestay, Tawang (stay 1)"", ""lat"": 26.918961, ""lng"": 92.87973}, {""name"": ""Nameri National Park"", ""lat"": 26.92, ""lng"": 92.88}, {""name"": ""La Maison de Ananda, Majuli (stay 2)"", ""lat"": 26.581366, ""lng"": 93.167754}, {""name"": ""Kaziranga National Park"", ""lat"": 26.5775, ""lng"": 93.1711}, {""name"": ""La Maison de Ananda, Majuli (stay 3)"", ""lat"": 26.747316, ""lng"": 94.201979}, {""name"": ""Jorhat"", ""lat"": 26.7509, ""lng"": 94.2037}, {""name"": ""Ri Kynjai, Umiam (stay 4)"", ""lat"": 26.951168, ""lng"": 94.169852}, {""name"": ""Majuli River Island"", ""lat"": 26.95, ""lng"": 94.17}, {""name"": ""Hotel Rajmahal (stay 5)"", ""lat"": 26.105754, ""lng"": 91.587514}, {""name"": ""LGB International Airport"", ""lat"": 26.1061, ""lng"": 91.5859}]","[{""name"": ""Rahul Saikia"", ""phone"": ""+91-7748305615"", ""relation"": ""family""}, {""name"": ""Manish Gogoi"", ""phone"": ""+91-6804724873"", ""relation"": ""spouse""}]",2026-08-06 05:15:00,2026-08-18 07:15:00,26.105897,91.58774,2026-08-18 06:43:59,80.1,1,active,2026-07-15 18:15:00,normal,Upper Assam Wildlife Trail
363,STS-85242E77A5D2,Debojit Saikia,Indian,pan,DEDGJ8156A,+91-9920975286,"[{""name"": ""Hotel Rajmahal (stay 1)"", ""lat"": 25.934869, ""lng"": 91.431233}, {""name"": ""Chandubi Lake"", ""lat"": 25.9333, ""lng"": 91.4333}, {""name"": ""Hotel Polo Towers, Shillong (stay 2)"", ""lat"": 26.091502, ""lng"": 91.58622}, {""name"": ""Accoland Water Park"", ""lat"": 26.09, ""lng"": 91.59}, {""name"": ""Ginger Guwahati (stay 3)"", ""lat"": 26.176155, ""lng"": 91.785244}, {""name"": ""Assam State Zoo & Botanical Garden"", ""lat"": 26.178, ""lng"": 91.786}, {""name"": ""Brahmaputra Jungle Resort (stay 4)"", ""lat"": 26.233478, ""lng"": 92.084583}, {""name"": ""Pobitora Wildlife Sanctuary"", ""lat"": 26.2333, ""lng"": 92.0833}]","[{""name"": ""Sneha Banerjee"", ""phone"": ""+91-8429336228"", ""relation"": ""family""}, {""name"": ""Anurag Nair"", ""phone"": ""+91-7294631556"", ""relation"": ""spouse""}, {""name"": ""Hotel Rajmahal Front Desk"", ""phone"": ""+91-8462139756"", ""relation"": ""hotel""}]",2026-08-15 11:15:00,2026-08-18 14:15:00,26.176293,91.785607,2026-08-18 06:32:42,80.5,1,active,2026-08-10 21:15:00,geofence_intrusion,Guwahati Nature & Wildlife
364,STS-72072001160F,Utpal Hazarika,Indian,aadhaar,XXXX-XXXX-2857,+91-9279036028,"[{""name"": ""Diphlu River Lodge, Kaziranga (stay 1)"", ""lat"": 25.19161, ""lng"": 91.965964}, {""name"": ""Mawlynnong Village"", ""lat"": 25.2, ""lng"": 91.9167}, {""name"": ""Dawki / Umngot River"", ""lat"": 25.19, ""lng"": 92.02}, {""name"": ""Kiranshree Portico (stay 2)"", ""lat"": 25.294617, ""lng"": 91.674377}, {""name"": ""Cherrapunji (Sohra)"", ""lat"": 25.2912, ""lng"": 91.6783}, {""name"": ""Wild Mahseer, Balipara (stay 3)"", ""lat"": 25.575501, ""lng"": 91.893452}, {""name"": ""Shillong"", ""lat"": 25.5788, ""lng"": 91.8933}, {""name"": ""En route to Dawki / Umngot River"", ""lat"": 25.198, ""lng"": 91.93736}, {""name"": ""En route to Dawki / Umngot River"", ""lat"": 25.196, ""lng"": 91.95802}, {""name"": ""En route to Dawki / Umngot River"", ""lat"": 25.194, ""lng"": 91.97868}, {""name"": ""En route to Dawki / Umngot River"", ""lat"": 25.192, ""lng"": 91.99934}, {""name"": ""En route to Diphlu River Lodge, Kaziranga (stay 1)"", ""lat"": 25.190537, ""lng"": 92.001988}, {""name"": ""En route to Diphlu River Lodge, Kaziranga (stay 1)"", ""lat"": 25.191073, ""lng"": 91.983976}, {""name"": ""En route to Mawlynnong Village"", ""lat"": 25.194407, ""lng"": 91.949543}, {""name"": ""En route to Mawlynnong Village"", ""lat"": 25.197203, ""lng"": 91.933121}]","[{""name"": ""Aditya Iyer"", ""phone"": ""+91-8151701231"", ""relation"": ""family""}, {""name"": ""Priya Saikia"", ""phone"": ""+91-6125153898"", ""relation"": ""spouse""}, {""name"": ""Simanta Baishya"", ""phone"": ""+91-6690190349"", ""relation"": ""employer""}]",2026-08-10 06:30:00,2026-08-20 18:30:00,25.575155,91.893173,2026-08-20 06:59:58,78.3,1,active,2026-08-08 12:30:00,inactivity,Meghalaya Loop
365,STS-18F4E2A85F6C,Tanvir Uddin,Bangladeshi,passport,BX3577388,+880-7900037712,"[{""name"": ""Hotel Polo Towers, Shillong (stay 1)"", ""lat"": 26.148971, ""lng"": 91.781027}, {""name"": ""Guwahati Railway Station"", ""lat"": 26.1824, ""lng"": 91.7513}, {""name"": ""Ganeshguri Junction"", ""lat"": 26.147, ""lng"": 91.79}, {""name"": ""Dispur Secretariat"", ""lat"": 26.142, ""lng"": 91.79}, {""name"": ""Six Mile"", ""lat"": 26.135, ""lng"": 91.805}, {""name"": ""Ri Kynjai, Umiam (stay 2)"", ""lat"": 26.10658, ""lng"": 91.589839}, {""name"": ""LGB International Airport"", ""lat"": 26.1061, ""lng"": 91.5859}, {""name"": ""En route to Ganeshguri Junction"", ""lat"": 26.1706, ""lng"": 91.7642}, {""name"": ""En route to Ganeshguri Junction"", ""lat"": 26.1588, ""lng"": 91.7771}, {""name"": ""En route to Guwahati Railway Station"", ""lat"": 26.165686, ""lng"": 91.766164}, {""name"": ""En route to Hotel Polo Towers, Shillong (stay 1)"", ""lat"": 26.141986, ""lng"": 91.793014}]","[{""name"": ""Shakib Islam"", ""phone"": ""+880-5520004523"", ""relation"": ""family""}, {""name"": ""Ayesha Begum"", ""phone"": ""+880-9758449085"", ""relation"": ""spouse""}, {""name"": ""Imran Alam"", ""phone"": ""+880-7888760502"", ""relation"": ""family""}]",2026-08-28 10:45:00,2026-08-31 22:45:00,26.106449,91.589584,2026-08-31 06:34:49,81.1,1,active,2026-08-18 03:45:00,normal,Business / Transit Stay
366,STS-24BC6768D4F2,Rahim Chowdhury,Bangladeshi,passport,BX0737948,+880-6714801908,"[{""name"": ""Hotel Dynasty, Lakhtokia (stay 1)"", ""lat"": 26.181543, ""lng"": 91.736793}, {""name"": ""Brahmaputra Riverfront"", ""lat"": 26.1905, ""lng"": 91.748}, {""name"": ""Assam State Museum"", ""lat"": 26.1857, ""lng"": 91.7481}, {""name"": ""Dighalipukhuri"", ""lat"": 26.1861, ""lng"": 91.7503}, {""name"": ""Pan Bazaar"", ""lat"": 26.1856, ""lng"": 91.7455}, {""name"": ""Fancy Bazaar"", ""lat"": 26.1836, ""lng"": 91.7434}, {""name"": ""Kamakhya Temple"", ""lat"": 26.1664, ""lng"": 91.7055}, {""name"": ""En route to Kamakhya Temple"", ""lat"": 26.175, ""lng"": 91.72445}, {""name"": ""En route to Hotel Dynasty, Lakhtokia (stay 1)"", ""lat"": 26.173972, ""lng"": 91.721147}]","[{""name"": ""Tanvir Rahman"", ""phone"": ""+880-9219450842"", ""relation"": ""family""}, {""name"": ""Sabina Khan"", ""phone"": ""+880-9903446871"", ""relation"": ""spouse""}, {""name"": ""Brahmaputra Jungle Resort Front Desk"", ""phone"": ""+91-6000737829"", ""relation"": ""hotel""}]",2026-08-06 09:45:00,2026-08-08 17:45:00,26.181419,91.736712,2026-08-08 06:39:59,80.1,1,sos,2026-07-16 09:45:00,sos_panic,Guwahati City Break
367,STS-8E29C75FB8F1,Jayanta Das,Indian,passport,Z3772644,+91-7697292424,"[{""name"": ""Ri Kynjai, Umiam (stay 1)"", ""lat"": 26.150444, ""lng"": 91.782482}, {""name"": ""Six Mile"", ""lat"": 26.135, ""lng"": 91.805}, {""name"": ""Dispur Secretariat"", ""lat"": 26.142, ""lng"": 91.79}, {""name"": ""Ganeshguri Junction"", ""lat"": 26.147, ""lng"": 91.79}, {""name"": ""Guwahati Railway Station"", ""lat"": 26.1824, ""lng"": 91.7513}, {""name"": ""La Maison de Ananda, Majuli (stay 2)"", ""lat"": 26.105382, ""lng"": 91.586298}, {""name"": ""LGB International Airport"", ""lat"": 26.1061, ""lng"": 91.5859}, {""name"": ""En route to Guwahati Railway Station"", ""lat"": 26.1588, ""lng"": 91.7771}, {""name"": ""En route to Guwahati Railway Station"", ""lat"": 26.1706, ""lng"": 91.7642}, {""name"": ""En route to Ri Kynjai, Umiam (stay 1)"", ""lat"": 26.166422, ""lng"": 91.766891}, {""name"": ""En route to Six Mile"", ""lat"": 26.142722, ""lng"": 91.793741}]","[{""name"": ""Bishal Bora"", ""phone"": ""+91-9900469728"", ""relation"": ""family""}, {""name"": ""Aarav Baishya"", ""phone"": ""+91-7096404674"", ""relation"": ""spouse""}, {""name"": ""Dhruv Patel"", ""phone"": ""+91-9582569182"", ""relation"": ""tour_operator""}, {""name"": ""Bishal Saikia"", ""phone"": ""+91-8685306963"", ""relation"": ""employer""}]",2026-08-13 06:30:00,2026-08-16 11:30:00,26.10515,91.586626,2026-08-16 07:01:58,80.5,1,active,2026-07-27 00:30:00,normal,Business / Transit Stay
368,STS-226DB31B118F,Priya Nath,Indian,passport,Z9527177,+91-9389946311,"[{""name"": ""Ginger Guwahati (stay 1)"", ""lat"": 26.946392, ""lng"": 94.167492}, {""name"": ""Majuli River Island"", ""lat"": 26.95, ""lng"": 94.17}, {""name"": ""Novotel Guwahati GS Road (stay 2)"", ""lat"": 26.750663, ""lng"": 94.200522}, {""name"": ""Jorhat"", ""lat"": 26.7509, ""lng"": 94.2037}, {""name"": ""Kiranshree Portico (stay 3)"", ""lat"": 26.581332, ""lng"": 93.174184}, {""name"": ""Kaziranga National Park"", ""lat"": 26.5775, ""lng"": 93.1711}]","[{""name"": ""Jayanta Rajkhowa"", ""phone"": ""+91-7423213842"", ""relation"": ""family""}, {""name"": ""Divya Kumar"", ""phone"": ""+91-9951105321"", ""relation"": ""spouse""}, {""name"": ""Parag Gogoi"", ""phone"": ""+91-6753711183"", ""relation"": ""colleague""}, {""name"": ""Ananya Nair"", ""phone"": ""+91-7085547495"", ""relation"": ""employer""}]",2026-08-19 08:15:00,2026-08-28 11:15:00,26.581538,93.174296,2026-08-28 06:53:25,40.0,1,sos,2026-08-01 15:15:00,sos_panic,Upper Assam Wildlife Trail
369,STS-B44FB9F7BA0E,Rituparna Medhi,Indian,aadhaar,XXXX-XXXX-8224,+91-7633793813,"[{""name"": ""Diphlu River Lodge, Kaziranga (stay 1)"", ""lat"": 26.63686, ""lng"": 92.797768}, {""name"": ""Tezpur"", ""lat"": 26.6338, ""lng"": 92.8}, {""name"": ""Hotel Polo Towers, Shillong (stay 2)"", ""lat"": 26.581134, ""lng"": 93.17358}, {""name"": ""Kaziranga National Park"", ""lat"": 26.5775, ""lng"": 93.1711}, {""name"": ""Hotel Polo Towers, Shillong (stay 3)"", ""lat"": 26.978676, ""lng"": 94.642912}, {""name"": ""Sivasagar"", ""lat"": 26.9826, ""lng"": 94.6425}]","[{""name"": ""Priya Mishra"", ""phone"": ""+91-9482244449"", ""relation"": ""family""}, {""name"": ""Siddharth Mishra"", ""phone"": ""+91-7319540667"", ""relation"": ""spouse""}, {""name"": ""Hemanta Patel"", ""phone"": ""+91-8251885527"", ""relation"": ""embassy""}]",2026-08-30 08:00:00,2026-09-07 22:00:00,26.978808,94.643244,2026-09-05 18:10:58,70.6,1,active,2026-08-24 12:00:00,normal,Upper Assam Wildlife Trail
370,STS-623041650AAC,Priya Ghosh,Indian,aadhaar,XXXX-XXXX-5156,+91-8168276355,"[{""name"": ""Ri Kynjai, Umiam (stay 1)"", ""lat"": 26.159796, ""lng"": 91.759895}, {""name"": ""Umananda Island"", ""lat"": 26.1964, ""lng"": 91.7453}, {""name"": ""Navagraha Temple"", ""lat"": 26.1749, ""lng"": 91.7789}, {""name"": ""Basistha Temple"", ""lat"": 26.1132, ""lng"": 91.797}, {""name"": ""Kamakhya Temple"", ""lat"": 26.1664, ""lng"": 91.7055}, {""name"": ""Vivanta Guwahati (stay 2)"", ""lat"": 26.250239, ""lng"": 91.515335}, {""name"": ""Hajo Pilgrimage Town"", ""lat"": 26.25, ""lng"": 91.5167}, {""name"": ""Radisson Blu Guwahati (stay 3)"", ""lat"": 26.367899, ""lng"": 91.631903}, {""name"": ""Madan Kamdev Ruins"", ""lat"": 26.3667, ""lng"": 91.6333}, {""name"": ""En route to Kamakhya Temple"", ""lat"": 26.12384, ""lng"": 91.7787}, {""name"": ""En route to Kamakhya Temple"", ""lat"": 26.13448, ""lng"": 91.7604}, {""name"": ""En route to Kamakhya Temple"", ""lat"": 26.14512, ""lng"": 91.7421}, {""name"": ""En route to Kamakhya Temple"", ""lat"": 26.15576, ""lng"": 91.7238}, {""name"": ""En route to Basistha Temple"", ""lat"": 26.154333, ""lng"": 91.784933}, {""name"": ""En route to Basistha Temple"", ""lat"": 26.133767, ""lng"": 91.790967}, {""name"": ""En route to Ri Kynjai, Umiam (stay 1)"", ""lat"": 26.164199, ""lng"": 91.723632}, {""name"": ""En route to Ri Kynjai, Umiam (stay 1)"", ""lat"": 26.161997, ""lng"": 91.741763}, {""name"": ""En route to Umananda Island"", ""lat"": 26.178098, ""lng"": 91.752598}, {""name"": ""En route to Navagraha Temple"", ""lat"": 26.18565, ""lng"": 91.7621}]","[{""name"": ""Arjun Banerjee"", ""phone"": ""+91-9116324712"", ""relation"": ""family""}, {""name"": ""Vikram Hazarika"", ""phone"": ""+91-9998294109"", ""relation"": ""spouse""}, {""name"": ""Vikram Saikia"", ""phone"": ""+91-6416398821"", ""relation"": ""embassy""}]",2026-08-19 06:15:00,2026-08-25 14:15:00,26.368101,91.631744,2026-08-25 06:44:00,80.8,0,active,2026-08-09 03:15:00,high_speed_transit,Guwahati Pilgrimage Circuit
371,STS-F0CF3FF3DFD4,Anurag Nair,Indian,aadhaar,XXXX-XXXX-1792,+91-6459379391,"[{""name"": ""La Maison de Ananda, Majuli (stay 1)"", ""lat"": 26.176077, ""lng"": 91.787678}, {""name"": ""Assam State Zoo & Botanical Garden"", ""lat"": 26.178, ""lng"": 91.786}, {""name"": ""Novotel Guwahati GS Road (stay 2)"", ""lat"": 26.090306, ""lng"": 91.593441}, {""name"": ""Accoland Water Park"", ""lat"": 26.09, ""lng"": 91.59}, {""name"": ""Radisson Blu Guwahati (stay 3)"", ""lat"": 25.931794, ""lng"": 91.430616}, {""name"": ""Chandubi Lake"", ""lat"": 25.9333, ""lng"": 91.4333}]","[{""name"": ""Tanvi Saikia"", ""phone"": ""+91-9550182103"", ""relation"": ""family""}, {""name"": ""Kavya Kumar"", ""phone"": ""+91-8799234459"", ""relation"": ""spouse""}, {""name"": ""Aditya Barua"", ""phone"": ""+91-8673932422"", ""relation"": ""spouse""}]",2026-09-04 07:45:00,2026-09-07 20:45:00,26.090155,91.593722,2026-09-05 18:21:19,76.1,1,active,2026-08-25 07:45:00,normal,Guwahati Nature & Wildlife
372,STS-B26E664B1EC9,Ananya Phukan,Indian,aadhaar,XXXX-XXXX-6919,+91-9546994739,"[{""name"": ""Ygdrasill Bamboo Resort, Cherrapunji (stay 1)"", ""lat"": 26.370121, ""lng"": 91.632839}, {""name"": ""Madan Kamdev Ruins"", ""lat"": 26.3667, ""lng"": 91.6333}, {""name"": ""Diphlu River Lodge, Kaziranga (stay 2)"", ""lat"": 26.2473, ""lng"": 91.516125}, {""name"": ""Hajo Pilgrimage Town"", ""lat"": 26.25, ""lng"": 91.5167}, {""name"": ""Ri Kynjai, Umiam (stay 3)"", ""lat"": 26.162667, ""lng"": 91.758534}, {""name"": ""Kamakhya Temple"", ""lat"": 26.1664, ""lng"": 91.7055}, {""name"": ""Umananda Island"", ""lat"": 26.1964, ""lng"": 91.7453}, {""name"": ""Navagraha Temple"", ""lat"": 26.1749, ""lng"": 91.7789}, {""name"": ""Basistha Temple"", ""lat"": 26.1132, ""lng"": 91.797}, {""name"": ""En route to Basistha Temple"", ""lat"": 26.154333, ""lng"": 91.784933}, {""name"": ""En route to Basistha Temple"", ""lat"": 26.133767, ""lng"": 91.790967}, {""name"": ""En route to Ri Kynjai, Umiam (stay 3)"", ""lat"": 26.129689, ""lng"": 91.784178}, {""name"": ""En route to Ri Kynjai, Umiam (stay 3)"", ""lat"": 26.146178, ""lng"": 91.771356}, {""name"": ""En route to Kamakhya Temple"", ""lat"": 26.163911, ""lng"": 91.740856}, {""name"": ""En route to Kamakhya Temple"", ""lat"": 26.165156, ""lng"": 91.723178}, {""name"": ""En route to Umananda Island"", ""lat"": 26.1764, ""lng"": 91.718767}, {""name"": ""En route to Umananda Island"", ""lat"": 26.1864, ""lng"": 91.732033}, {""name"": ""En route to Navagraha Temple"", ""lat"": 26.18565, ""lng"": 91.7621}]","[{""name"": ""Rituparna Dutta"", ""phone"": ""+91-9433584435"", ""relation"": ""family""}, {""name"": ""Sneha Barua"", ""phone"": ""+91-6476244957"", ""relation"": ""spouse""}]",2026-09-06 09:00:00,2026-09-12 13:00:00,,,,100.0,1,active,2026-08-18 18:00:00,normal,Guwahati Pilgrimage Circuit
373,STS-A259C874EF9A,Mia Harris,Australian,passport,PA4521101,+61-862916701,"[{""name"": ""Wild Mahseer, Balipara (stay 1)"", ""lat"": 26.17306, ""lng"": 91.760771}, {""name"": ""Fancy Bazaar"", ""lat"": 26.1836, ""lng"": 91.7434}, {""name"": ""Pan Bazaar"", ""lat"": 26.1856, ""lng"": 91.7455}, {""name"": ""Paltan Bazaar"", ""lat"": 26.1817, ""lng"": 91.7503}, {""name"": ""Uzan Bazar Ghat"", ""lat"": 26.19, ""lng"": 91.759}, {""name"": ""Srimanta Sankaradeva Kalakshetra"", ""lat"": 26.144, ""lng"": 91.8058}, {""name"": ""La Maison de Ananda, Majuli (stay 2)"", ""lat"": 26.166919, ""lng"": 91.570596}, {""name"": ""Sualkuchi Silk Village"", ""lat"": 26.1667, ""lng"": 91.5667}, {""name"": ""En route to Srimanta Sankaradeva Kalakshetra"", ""lat"": 26.174667, ""lng"": 91.7746}, {""name"": ""En route to Srimanta Sankaradeva Kalakshetra"", ""lat"": 26.159333, ""lng"": 91.7902}, {""name"": ""En route to Wild Mahseer, Balipara (stay 1)"", ""lat"": 26.153687, ""lng"": 91.79079}, {""name"": ""En route to Wild Mahseer, Balipara (stay 1)"", ""lat"": 26.163373, ""lng"": 91.775781}]","[{""name"": ""Cooper Anderson"", ""phone"": ""+61-708668853"", ""relation"": ""family""}, {""name"": ""Noah White"", ""phone"": ""+61-386210564"", ""relation"": ""spouse""}]",2026-08-11 08:15:00,2026-08-14 18:15:00,26.167069,91.570995,2026-08-14 06:57:17,81.8,1,active,2026-08-04 23:15:00,normal,Guwahati Market & Heritage Walk
374,STS-4BD68DF8D862,Bhaskar Mishra,Indian,aadhaar,XXXX-XXXX-5669,+91-6383197060,"[{""name"": ""Radisson Blu Guwahati (stay 1)"", ""lat"": 26.107226, ""lng"": 91.588426}, {""name"": ""LGB International Airport"", ""lat"": 26.1061, ""lng"": 91.5859}, {""name"": ""Hotel Polo Towers, Shillong (stay 2)"", ""lat"": 26.918171, ""lng"": 92.877864}, {""name"": ""Nameri National Park"", ""lat"": 26.92, ""lng"": 92.88}, {""name"": ""Kiranshree Portico (stay 3)"", ""lat"": 26.749041, ""lng"": 94.20399}, {""name"": ""Jorhat"", ""lat"": 26.7509, ""lng"": 94.2037}, {""name"": ""Hotel Polo Towers, Shillong (stay 4)"", ""lat"": 26.981985, ""lng"": 94.64617}, {""name"": ""Sivasagar"", ""lat"": 26.9826, ""lng"": 94.6425}]","[{""name"": ""Gitanjali Ghosh"", ""phone"": ""+91-8450395558"", ""relation"": ""family""}, {""name"": ""Arjun Saikia"", ""phone"": ""+91-8436443709"", ""relation"": ""spouse""}, {""name"": ""Gitanjali Baishya"", ""phone"": ""+91-7658638101"", ""relation"": ""spouse""}]",2026-08-05 08:30:00,2026-08-15 15:30:00,26.981786,94.646461,2026-08-15 06:45:31,78.6,1,active,2026-07-20 11:30:00,normal,Upper Assam Wildlife Trail
375,STS-6C945E32509A,Daan Bakker,Dutch,passport,NX2493861,+31-748109431,"[{""name"": ""Brahmaputra Jungle Resort (stay 1)"", ""lat"": 27.548175, ""lng"": 93.828899}, {""name"": ""Ziro Valley"", ""lat"": 27.5448, ""lng"": 93.832}, {""name"": ""Ginger Guwahati (stay 2)"", ""lat"": 26.637325, ""lng"": 92.796938}, {""name"": ""Tezpur"", ""lat"": 26.6338, ""lng"": 92.8}, {""name"": ""Ginger Guwahati (stay 3)"", ""lat"": 26.186035, ""lng"": 91.755143}, {""name"": ""Guwahati Railway Station"", ""lat"": 26.1824, ""lng"": 91.7513}, {""name"": ""Ginger Guwahati (stay 4)"", ""lat"": 27.589796, ""lng"": 91.856676}, {""name"": ""Tawang Monastery"", ""lat"": 27.5861, ""lng"": 91.8594}]","[{""name"": ""Daan De Vries"", ""phone"": ""+31-323131675"", ""relation"": ""family""}]",2026-09-06 08:00:00,2026-09-18 12:00:00,,,,100.0,1,active,2026-08-15 23:00:00,sos_panic,Arunachal High Himalaya
376,STS-69BD995AA0C6,Siddharth Phukan,Indian,aadhaar,XXXX-XXXX-6678,+91-6936918152,"[{""name"": ""Novotel Guwahati GS Road (stay 1)"", ""lat"": 25.616679, ""lng"": 91.891859}, {""name"": ""Umiam Lake"", ""lat"": 25.657, ""lng"": 91.889}, {""name"": ""Shillong"", ""lat"": 25.5788, ""lng"": 91.8933}, {""name"": ""Vivanta Guwahati (stay 2)"", ""lat"": 26.186394, ""lng"": 91.753073}, {""name"": ""Guwahati Railway Station"", ""lat"": 26.1824, ""lng"": 91.7513}, {""name"": ""En route to Shillong"", ""lat"": 25.63745, ""lng"": 91.890075}, {""name"": ""En route to Shillong"", ""lat"": 25.6179, ""lng"": 91.89115}, {""name"": ""En route to Shillong"", ""lat"": 25.59835, ""lng"": 91.892225}, {""name"": ""En route to Umiam Lake"", ""lat"": 25.63684, ""lng"": 91.890429}, {""name"": ""En route to Novotel Guwahati GS Road (stay 1)"", ""lat"": 25.59774, ""lng"": 91.892579}]","[{""name"": ""Hemanta Nair"", ""phone"": ""+91-6416203551"", ""relation"": ""family""}, {""name"": ""Anurag Medhi"", ""phone"": ""+91-6912651108"", ""relation"": ""spouse""}]",2026-08-03 09:00:00,2026-08-08 16:00:00,26.186216,91.75309,2026-08-08 06:42:13,79.8,1,active,2026-07-16 10:00:00,geofence_intrusion,Meghalaya Loop
377,STS-F90AF13717F1,Pooja Sharma,Indian,aadhaar,XXXX-XXXX-7800,+91-8076531387,"[{""name"": ""La Maison de Ananda, Majuli (stay 1)"", ""lat"": 26.573607, ""lng"": 93.167384}, {""name"": ""Kaziranga National Park"", ""lat"": 26.5775, ""lng"": 93.1711}, {""name"": ""Novotel Guwahati GS Road (stay 2)"", ""lat"": 25.675442, ""lng"": 94.105279}, {""name"": ""Kohima"", ""lat"": 25.6751, ""lng"": 94.1086}, {""name"": ""Hotel Dynasty, Lakhtokia (stay 3)"", ""lat"": 24.818792, ""lng"": 93.937246}, {""name"": ""Imphal"", ""lat"": 24.817, ""lng"": 93.9368}, {""name"": ""Hotel Nandan (stay 4)"", ""lat"": 23.728741, ""lng"": 92.72021}, {""name"": ""Aizawl"", ""lat"": 23.7271, ""lng"": 92.7176}, {""name"": ""Novotel Guwahati GS Road (stay 5)"", ""lat"": 23.828871, ""lng"": 91.285955}, {""name"": ""Agartala"", ""lat"": 23.8315, ""lng"": 91.2868}, {""name"": ""Kiranshree Portico (stay 6)"", ""lat"": 26.109673, ""lng"": 91.588075}, {""name"": ""LGB International Airport"", ""lat"": 26.1061, ""lng"": 91.5859}]","[{""name"": ""Pooja Saikia"", ""phone"": ""+91-9202060526"", ""relation"": ""family""}]",2026-08-29 07:15:00,2026-09-12 17:15:00,26.109792,91.587794,2026-09-05 18:33:33,74.2,0,active,2026-08-28 01:15:00,route_deviation,Seven Sisters Grand Tour
378,STS-1A83FA1C09BE,Debojit Reddy,Indian,aadhaar,XXXX-XXXX-6066,+91-9026516539,"[{""name"": ""Dolma Homestay, Tawang (stay 1)"", ""lat"": 26.150291, ""lng"": 91.781905}, {""name"": ""Six Mile"", ""lat"": 26.135, ""lng"": 91.805}, {""name"": ""Dispur Secretariat"", ""lat"": 26.142, ""lng"": 91.79}, {""name"": ""Ganeshguri Junction"", ""lat"": 26.147, ""lng"": 91.79}, {""name"": ""Guwahati Railway Station"", ""lat"": 26.1824, ""lng"": 91.7513}, {""name"": ""Novotel Guwahati GS Road (stay 2)"", ""lat"": 26.108807, ""lng"": 91.58857}, {""name"": ""LGB International Airport"", ""lat"": 26.1061, ""lng"": 91.5859}, {""name"": ""En route to Guwahati Railway Station"", ""lat"": 26.1588, ""lng"": 91.7771}, {""name"": ""En route to Guwahati Railway Station"", ""lat"": 26.1706, ""lng"": 91.7642}, {""name"": ""En route to Dolma Homestay, Tawang (stay 1)"", ""lat"": 26.166345, ""lng"": 91.766603}, {""name"": ""En route to Six Mile"", ""lat"": 26.142646, ""lng"": 91.793453}]","[{""name"": ""Rituparna Nath"", ""phone"": ""+91-9411664612"", ""relation"": ""family""}, {""name"": ""Tanvi Phukan"", ""phone"": ""+91-6436851285"", ""relation"": ""spouse""}, {""name"": ""Nikhil Singh"", ""phone"": ""+91-9857888808"", ""relation"": ""embassy""}]",2026-08-23 08:45:00,2026-08-24 22:45:00,26.150062,91.781869,2026-08-24 06:41:40,80.1,1,active,2026-08-03 00:45:00,normal,Business / Transit Stay
379,STS-A0577D515144,Nabanita Dutta,Indian,aadhaar,XXXX-XXXX-9341,+91-6033891731,"[{""name"": ""Diphlu River Lodge, Kaziranga (stay 1)"", ""lat"": 25.578978, ""lng"": 91.892543}, {""name"": ""Shillong"", ""lat"": 25.5788, ""lng"": 91.8933}, {""name"": ""Vivanta Guwahati (stay 2)"", ""lat"": 25.276222, ""lng"": 91.686515}, {""name"": ""Nohkalikai Falls"", ""lat"": 25.276, ""lng"": 91.6857}, {""name"": ""Ygdrasill Bamboo Resort, Cherrapunji (stay 3)"", ""lat"": 26.183733, ""lng"": 91.755274}, {""name"": ""Guwahati Railway Station"", ""lat"": 26.1824, ""lng"": 91.7513}]","[{""name"": ""Anurag Sen"", ""phone"": ""+91-6903466300"", ""relation"": ""family""}, {""name"": ""Bhaskar Bhattacharya"", ""phone"": ""+91-7143997844"", ""relation"": ""spouse""}]",2026-08-28 07:15:00,2026-09-06 18:15:00,26.184094,91.755459,2026-09-05 18:32:25,71.0,0,active,2026-08-08 12:15:00,geofence_intrusion,Meghalaya Loop
380,STS-2469B1F192F8,Rahim Uddin,Bangladeshi,passport,BX6155500,+880-4946093917,"[{""name"": ""Hotel Dynasty, Lakhtokia (stay 1)"", ""lat"": 27.588171, ""lng"": 91.859941}, {""name"": ""Tawang Monastery"", ""lat"": 27.5861, ""lng"": 91.8594}, {""name"": ""Diphlu River Lodge, Kaziranga (stay 2)"", ""lat"": 26.636575, ""lng"": 92.802488}, {""name"": ""Tezpur"", ""lat"": 26.6338, ""lng"": 92.8}, {""name"": ""Vivanta Guwahati (stay 3)"", ""lat"": 26.185263, ""lng"": 91.747467}, {""name"": ""Guwahati Railway Station"", ""lat"": 26.1824, ""lng"": 91.7513}, {""name"": ""Vivanta Guwahati (stay 4)"", ""lat"": 27.542653, ""lng"": 93.831022}, {""name"": ""Ziro Valley"", ""lat"": 27.5448, ""lng"": 93.832}]","[{""name"": ""Tanvir Chowdhury"", ""phone"": ""+880-3817782364"", ""relation"": ""family""}, {""name"": ""Sabina Begum"", ""phone"": ""+880-3364867377"", ""relation"": ""spouse""}, {""name"": ""Imran Ahmed"", ""phone"": ""+880-3772757970"", ""relation"": ""parent""}, {""name"": ""Rahim Islam"", ""phone"": ""+880-2138263254"", ""relation"": ""parent""}]",2026-08-17 06:30:00,2026-08-27 09:30:00,27.542931,93.830681,2026-08-27 06:54:43,82.8,1,active,2026-08-14 03:30:00,normal,Arunachal High Himalaya
381,STS-55C25E70F9CA,Divya Baishya,Indian,aadhaar,XXXX-XXXX-2645,+91-6312977510,"[{""name"": ""Radisson Blu Guwahati (stay 1)"", ""lat"": 26.185955, ""lng"": 91.751267}, {""name"": ""Guwahati Railway Station"", ""lat"": 26.1824, ""lng"": 91.7513}, {""name"": ""Vivanta Guwahati (stay 2)"", ""lat"": 26.632829, ""lng"": 92.800218}, {""name"": ""Tezpur"", ""lat"": 26.6338, ""lng"": 92.8}, {""name"": ""Radisson Blu Guwahati (stay 3)"", ""lat"": 27.54747, ""lng"": 93.83499}, {""name"": ""Ziro Valley"", ""lat"": 27.5448, ""lng"": 93.832}]","[{""name"": ""Dhruv Kalita"", ""phone"": ""+91-7329350323"", ""relation"": ""family""}, {""name"": ""Meera Reddy"", ""phone"": ""+91-7891868113"", ""relation"": ""spouse""}]",2026-08-21 05:00:00,2026-09-04 13:00:00,27.547851,93.834857,2026-09-04 06:43:39,83.4,1,active,2026-08-16 23:00:00,normal,Arunachal High Himalaya
382,STS-E82331FEF547,Meera Bhattacharya,Indian,voterid,CKM5695492,+91-8963263285,"[{""name"": ""Radisson Blu Guwahati (stay 1)"", ""lat"": 26.108126, ""lng"": 91.583985}, {""name"": ""LGB International Airport"", ""lat"": 26.1061, ""lng"": 91.5859}, {""name"": ""Ygdrasill Bamboo Resort, Cherrapunji (stay 2)"", ""lat"": 26.151386, ""lng"": 91.786573}, {""name"": ""Guwahati Railway Station"", ""lat"": 26.1824, ""lng"": 91.7513}, {""name"": ""Ganeshguri Junction"", ""lat"": 26.147, ""lng"": 91.79}, {""name"": ""Dispur Secretariat"", ""lat"": 26.142, ""lng"": 91.79}, {""name"": ""Six Mile"", ""lat"": 26.135, ""lng"": 91.805}, {""name"": ""En route to Ganeshguri Junction"", ""lat"": 26.1706, ""lng"": 91.7642}, {""name"": ""En route to Ganeshguri Junction"", ""lat"": 26.1588, ""lng"": 91.7771}, {""name"": ""En route to Guwahati Railway Station"", ""lat"": 26.166893, ""lng"": 91.768936}, {""name"": ""En route to Ygdrasill Bamboo Resort, Cherrapunji (stay 2)"", ""lat"": 26.143193, ""lng"": 91.795787}]","[{""name"": ""Tanvi Das"", ""phone"": ""+91-9449991078"", ""relation"": ""family""}, {""name"": ""Bishal Singh"", ""phone"": ""+91-6381591871"", ""relation"": ""spouse""}, {""name"": ""Gitanjali Iyer"", ""phone"": ""+91-7013445891"", ""relation"": ""parent""}, {""name"": ""Pooja Iyer"", ""phone"": ""+91-6515024520"", ""relation"": ""embassy""}]",2026-07-30 05:45:00,2026-08-01 18:45:00,26.15123,91.786828,2026-08-01 06:54:04,80.2,1,active,2026-07-20 21:45:00,sos_panic,Business / Transit Stay
383,STS-95D8DCCDDE6E,Simanta Patel,Indian,passport,Z9875051,+91-7920126115,"[{""name"": ""Hotel Polo Towers, Shillong (stay 1)"", ""lat"": 26.177448, ""lng"": 91.723256}, {""name"": ""Kamakhya Temple"", ""lat"": 26.1664, ""lng"": 91.7055}, {""name"": ""Umananda Island"", ""lat"": 26.1964, ""lng"": 91.7453}, {""name"": ""Hotel Polo Towers, Shillong (stay 2)"", ""lat"": 26.364624, ""lng"": 91.629799}, {""name"": ""Madan Kamdev Ruins"", ""lat"": 26.3667, ""lng"": 91.6333}, {""name"": ""Hotel Nandan (stay 3)"", ""lat"": 26.25388, ""lng"": 91.514811}, {""name"": ""Hajo Pilgrimage Town"", ""lat"": 26.25, ""lng"": 91.5167}, {""name"": ""En route to Umananda Island"", ""lat"": 26.1764, ""lng"": 91.718767}, {""name"": ""En route to Umananda Island"", ""lat"": 26.1864, ""lng"": 91.732033}, {""name"": ""En route to Hotel Polo Towers, Shillong (stay 1)"", ""lat"": 26.186924, ""lng"": 91.734278}]","[{""name"": ""Rahul Nath"", ""phone"": ""+91-7397773124"", ""relation"": ""family""}, {""name"": ""Kabir Phukan"", ""phone"": ""+91-6427928146"", ""relation"": ""spouse""}, {""name"": ""Mridula Nath"", ""phone"": ""+91-7962396901"", ""relation"": ""colleague""}]",2026-08-08 11:00:00,2026-08-13 22:00:00,26.254053,91.514481,2026-08-13 06:48:32,81.2,1,active,2026-08-03 23:00:00,geofence_intrusion,Guwahati Pilgrimage Circuit
384,STS-343E8D26287A,Alfie Hughes,British,passport,665806162,+44-7075160282,"[{""name"": ""Hotel Polo Towers, Shillong (stay 1)"", ""lat"": 26.174123, ""lng"": 91.789778}, {""name"": ""Assam State Zoo & Botanical Garden"", ""lat"": 26.178, ""lng"": 91.786}, {""name"": ""Radisson Blu Guwahati (stay 2)"", ""lat"": 26.088075, ""lng"": 91.590485}, {""name"": ""Accoland Water Park"", ""lat"": 26.09, ""lng"": 91.59}, {""name"": ""Radisson Blu Guwahati (stay 3)"", ""lat"": 26.22972, ""lng"": 92.083714}, {""name"": ""Pobitora Wildlife Sanctuary"", ""lat"": 26.2333, ""lng"": 92.0833}]","[{""name"": ""Grace Green"", ""phone"": ""+44-8863997848"", ""relation"": ""family""}, {""name"": ""Harry Baker"", ""phone"": ""+44-8392583618"", ""relation"": ""spouse""}]",2026-08-05 07:00:00,2026-08-10 16:00:00,26.229921,92.08395,2026-08-10 07:00:24,81.3,1,active,2026-08-02 22:00:00,normal,Guwahati Nature & Wildlife
385,STS-B973A350B5CB,Divya Barua,Indian,passport,Z6133263,+91-8492847792,"[{""name"": ""Vivanta Guwahati (stay 1)"", ""lat"": 26.180949, ""lng"": 91.739006}, {""name"": ""Assam State Museum"", ""lat"": 26.1857, ""lng"": 91.7481}, {""name"": ""Nehru Park"", ""lat"": 26.1857, ""lng"": 91.7477}, {""name"": ""Pan Bazaar"", ""lat"": 26.1856, ""lng"": 91.7455}, {""name"": ""Brahmaputra Riverfront"", ""lat"": 26.1905, ""lng"": 91.748}, {""name"": ""Gandhi Mandap, Sarania Hill"", ""lat"": 26.175, ""lng"": 91.758}, {""name"": ""Kamakhya Temple"", ""lat"": 26.1664, ""lng"": 91.7055}, {""name"": ""En route to Kamakhya Temple"", ""lat"": 26.172133, ""lng"": 91.7405}, {""name"": ""En route to Kamakhya Temple"", ""lat"": 26.169267, ""lng"": 91.723}, {""name"": ""En route to Vivanta Guwahati (stay 1)"", ""lat"": 26.173674, ""lng"": 91.722253}]","[{""name"": ""Mridula Kalita"", ""phone"": ""+91-6310786952"", ""relation"": ""family""}, {""name"": ""Vikram Iyer"", ""phone"": ""+91-7984010821"", ""relation"": ""spouse""}, {""name"": ""Junmoni Singh"", ""phone"": ""+91-9713256960"", ""relation"": ""tour_operator""}]",2026-08-13 11:45:00,2026-08-15 21:45:00,26.181197,91.738994,2026-08-15 06:45:35,81.5,1,active,2026-07-27 02:45:00,night_wanderer,Guwahati City Break
386,STS-36A95C944261,Junmoni Das,Indian,aadhaar,XXXX-XXXX-7847,+91-9244429859,"[{""name"": ""Kiranshree Portico (stay 1)"", ""lat"": 26.580153, ""lng"": 93.171573}, {""name"": ""Kaziranga National Park"", ""lat"": 26.5775, ""lng"": 93.1711}, {""name"": ""Novotel Guwahati GS Road (stay 2)"", ""lat"": 25.676578, ""lng"": 94.106396}, {""name"": ""Kohima"", ""lat"": 25.6751, ""lng"": 94.1086}, {""name"": ""Kiranshree Portico (stay 3)"", ""lat"": 24.820505, ""lng"": 93.935705}, {""name"": ""Imphal"", ""lat"": 24.817, ""lng"": 93.9368}, {""name"": ""La Maison de Ananda, Majuli (stay 4)"", ""lat"": 23.729932, ""lng"": 92.716456}, {""name"": ""Aizawl"", ""lat"": 23.7271, ""lng"": 92.7176}, {""name"": ""Dolma Homestay, Tawang (stay 5)"", ""lat"": 23.828878, ""lng"": 91.284547}, {""name"": ""Agartala"", ""lat"": 23.8315, ""lng"": 91.2868}, {""name"": ""Hotel Polo Towers, Shillong (stay 6)"", ""lat"": 25.578605, ""lng"": 91.896069}, {""name"": ""Shillong"", ""lat"": 25.5788, ""lng"": 91.8933}]","[{""name"": ""Riya Choudhury"", ""phone"": ""+91-7846557353"", ""relation"": ""family""}, {""name"": ""Meera Rajkhowa"", ""phone"": ""+91-9920676168"", ""relation"": ""spouse""}, {""name"": ""Ri Kynjai, Umiam Front Desk"", ""phone"": ""+91-9325324694"", ""relation"": ""hotel""}]",2026-07-27 11:30:00,2026-08-14 16:30:00,25.578365,91.895885,2026-08-14 06:51:09,79.9,1,active,2026-07-23 16:30:00,high_speed_transit,Seven Sisters Grand Tour
387,STS-099A70938614,Debojit Medhi,Indian,aadhaar,XXXX-XXXX-5241,+91-8259050733,"[{""name"": ""Radisson Blu Guwahati (stay 1)"", ""lat"": 25.931244, ""lng"": 91.429845}, {""name"": ""Chandubi Lake"", ""lat"": 25.9333, ""lng"": 91.4333}, {""name"": ""Dolma Homestay, Tawang (stay 2)"", ""lat"": 26.107493, ""lng"": 91.623975}, {""name"": ""Accoland Water Park"", ""lat"": 26.09, ""lng"": 91.59}, {""name"": ""Deepor Beel Wildlife Sanctuary"", ""lat"": 26.12, ""lng"": 91.65}, {""name"": ""Hotel Dynasty, Lakhtokia (stay 3)"", ""lat"": 26.174848, ""lng"": 91.783736}, {""name"": ""Assam State Zoo & Botanical Garden"", ""lat"": 26.178, ""lng"": 91.786}, {""name"": ""Diphlu River Lodge, Kaziranga (stay 4)"", ""lat"": 26.231992, ""lng"": 92.082011}, {""name"": ""Pobitora Wildlife Sanctuary"", ""lat"": 26.2333, ""lng"": 92.0833}, {""name"": ""En route to Deepor Beel Wildlife Sanctuary"", ""lat"": 26.1, ""lng"": 91.61}, {""name"": ""En route to Deepor Beel Wildlife Sanctuary"", ""lat"": 26.11, ""lng"": 91.63}, {""name"": ""En route to Accoland Water Park"", ""lat"": 26.098747, ""lng"": 91.606988}, {""name"": ""En route to Dolma Homestay, Tawang (stay 2)"", ""lat"": 26.113747, ""lng"": 91.636988}]","[{""name"": ""Utpal Nath"", ""phone"": ""+91-9015758685"", ""relation"": ""family""}, {""name"": ""Rupam Barua"", ""phone"": ""+91-9650812032"", ""relation"": ""spouse""}, {""name"": ""Bhaskar Sharma"", ""phone"": ""+91-6172832655"", ""relation"": ""friend""}]",2026-07-24 07:00:00,2026-07-28 11:00:00,26.231633,92.082057,2026-07-28 06:45:53,83.1,1,active,2026-07-05 16:00:00,geofence_intrusion,Guwahati Nature & Wildlife
388,STS-88AE793F4A39,Johan Botha,South African,passport,A07360304,+27-868880633,"[{""name"": ""Ygdrasill Bamboo Resort, Cherrapunji (stay 1)"", ""lat"": 27.327966, ""lng"": 88.617133}, {""name"": ""Gangtok"", ""lat"": 27.3314, ""lng"": 88.6138}, {""name"": ""Radisson Blu Guwahati (stay 2)"", ""lat"": 26.108609, ""lng"": 91.588158}, {""name"": ""LGB International Airport"", ""lat"": 26.1061, ""lng"": 91.5859}, {""name"": ""Ginger Guwahati (stay 3)"", ""lat"": 26.574606, ""lng"": 93.169855}, {""name"": ""Kaziranga National Park"", ""lat"": 26.5775, ""lng"": 93.1711}, {""name"": ""Dolma Homestay, Tawang (stay 4)"", ""lat"": 25.673533, ""lng"": 94.107825}, {""name"": ""Kohima"", ""lat"": 25.6751, ""lng"": 94.1086}, {""name"": ""Vivanta Guwahati (stay 5)"", ""lat"": 23.83412, ""lng"": 91.285634}, {""name"": ""Agartala"", ""lat"": 23.8315, ""lng"": 91.2868}]","[{""name"": ""Sipho Mokoena"", ""phone"": ""+27-238229854"", ""relation"": ""family""}, {""name"": ""Sipho Botha"", ""phone"": ""+27-696774285"", ""relation"": ""spouse""}, {""name"": ""Johan Botha"", ""phone"": ""+27-810369502"", ""relation"": ""sibling""}]",2026-08-19 10:00:00,2026-09-01 21:00:00,23.833808,91.285545,2026-09-01 06:36:53,79.6,0,active,2026-08-08 20:00:00,normal,Seven Sisters Grand Tour
389,STS-254F8C6CC11D,Logan Bouchard,Canadian,passport,HJ854033,+1-4616098720,"[{""name"": ""La Maison de Ananda, Majuli (stay 1)"", ""lat"": 26.103624, ""lng"": 91.58197}, {""name"": ""LGB International Airport"", ""lat"": 26.1061, ""lng"": 91.5859}, {""name"": ""Ygdrasill Bamboo Resort, Cherrapunji (stay 2)"", ""lat"": 26.922387, ""lng"": 92.883433}, {""name"": ""Nameri National Park"", ""lat"": 26.92, ""lng"": 92.88}, {""name"": ""Diphlu River Lodge, Kaziranga (stay 3)"", ""lat"": 26.574448, ""lng"": 93.168743}, {""name"": ""Kaziranga National Park"", ""lat"": 26.5775, ""lng"": 93.1711}]","[{""name"": ""Hannah Bouchard"", ""phone"": ""+1-8956274811"", ""relation"": ""family""}, {""name"": ""Emma Morin"", ""phone"": ""+1-3953954973"", ""relation"": ""spouse""}, {""name"": ""Diphlu River Lodge, Kaziranga Front Desk"", ""phone"": ""+91-8031438281"", ""relation"": ""hotel""}, {""name"": ""Hannah Gagnon"", ""phone"": ""+1-7141152159"", ""relation"": ""colleague""}]",2026-08-11 09:15:00,2026-08-18 11:15:00,26.57458,93.168456,2026-08-18 07:03:30,40.0,1,active,2026-07-29 03:15:00,normal,Upper Assam Wildlife Trail
390,STS-810FE66E2EC3,Dhruv Das,Indian,aadhaar,XXXX-XXXX-3857,+91-9080254248,"[{""name"": ""Ri Kynjai, Umiam (stay 1)"", ""lat"": 26.182533, ""lng"": 91.738553}, {""name"": ""Dighalipukhuri"", ""lat"": 26.1861, ""lng"": 91.7503}, {""name"": ""Assam State Museum"", ""lat"": 26.1857, ""lng"": 91.7481}, {""name"": ""Umananda Island"", ""lat"": 26.1964, ""lng"": 91.7453}, {""name"": ""Kamakhya Temple"", ""lat"": 26.1664, ""lng"": 91.7055}, {""name"": ""En route to Kamakhya Temple"", ""lat"": 26.1864, ""lng"": 91.732033}, {""name"": ""En route to Kamakhya Temple"", ""lat"": 26.1764, ""lng"": 91.718767}, {""name"": ""En route to Ri Kynjai, Umiam (stay 1)"", ""lat"": 26.174467, ""lng"": 91.722026}]","[{""name"": ""Utpal Medhi"", ""phone"": ""+91-7521504951"", ""relation"": ""family""}]",2026-08-17 10:00:00,2026-08-20 13:00:00,26.182247,91.738337,2026-08-20 06:33:14,80.5,1,active,2026-08-10 16:00:00,normal,Guwahati City Break
391,STS-C5CC0706DFA2,Hemanta Bhattacharya,Indian,voterid,HZR9044237,+91-9526220991,"[{""name"": ""Diphlu River Lodge, Kaziranga (stay 1)"", ""lat"": 26.179851, ""lng"": 91.759415}, {""name"": ""Pan Bazaar"", ""lat"": 26.1856, ""lng"": 91.7455}, {""name"": ""Fancy Bazaar"", ""lat"": 26.1836, ""lng"": 91.7434}, {""name"": ""Paltan Bazaar"", ""lat"": 26.1817, ""lng"": 91.7503}, {""name"": ""Uzan Bazar Ghat"", ""lat"": 26.19, ""lng"": 91.759}, {""name"": ""Srimanta Sankaradeva Kalakshetra"", ""lat"": 26.144, ""lng"": 91.8058}, {""name"": ""Kiranshree Portico (stay 2)"", ""lat"": 26.162738, ""lng"": 91.567076}, {""name"": ""Sualkuchi Silk Village"", ""lat"": 26.1667, ""lng"": 91.5667}, {""name"": ""En route to Srimanta Sankaradeva Kalakshetra"", ""lat"": 26.174667, ""lng"": 91.7746}, {""name"": ""En route to Srimanta Sankaradeva Kalakshetra"", ""lat"": 26.159333, ""lng"": 91.7902}, {""name"": ""En route to Diphlu River Lodge, Kaziranga (stay 1)"", ""lat"": 26.15595, ""lng"": 91.790338}, {""name"": ""En route to Diphlu River Lodge, Kaziranga (stay 1)"", ""lat"": 26.167901, ""lng"": 91.774877}]","[{""name"": ""Rupam Mishra"", ""phone"": ""+91-6730260032"", ""relation"": ""family""}, {""name"": ""Hemanta Baishya"", ""phone"": ""+91-8144281360"", ""relation"": ""spouse""}]",2026-08-28 08:30:00,2026-08-30 15:30:00,26.16266,91.567358,2026-08-30 07:00:17,82.1,0,active,2026-08-12 12:30:00,high_speed_transit,Guwahati Market & Heritage Walk
392,STS-48F2F0C89F1D,Chandana Saikia,Indian,passport,Z8896554,+91-6356898154,"[{""name"": ""Hotel Nandan (stay 1)"", ""lat"": 26.166533, ""lng"": 91.760429}, {""name"": ""Basistha Temple"", ""lat"": 26.1132, ""lng"": 91.797}, {""name"": ""Navagraha Temple"", ""lat"": 26.1749, ""lng"": 91.7789}, {""name"": ""Umananda Island"", ""lat"": 26.1964, ""lng"": 91.7453}, {""name"": ""Kamakhya Temple"", ""lat"": 26.1664, ""lng"": 91.7055}, {""name"": ""Vivanta Guwahati (stay 2)"", ""lat"": 26.366091, ""lng"": 91.636182}, {""name"": ""Madan Kamdev Ruins"", ""lat"": 26.3667, ""lng"": 91.6333}, {""name"": ""En route to Navagraha Temple"", ""lat"": 26.133767, ""lng"": 91.790967}, {""name"": ""En route to Navagraha Temple"", ""lat"": 26.154333, ""lng"": 91.784933}, {""name"": ""En route to Basistha Temple"", ""lat"": 26.148755, ""lng"": 91.772619}, {""name"": ""En route to Basistha Temple"", ""lat"": 26.130978, ""lng"": 91.78481}, {""name"": ""En route to Hotel Nandan (stay 1)"", ""lat"": 26.166444, ""lng"": 91.72381}, {""name"": ""En route to Hotel Nandan (stay 1)"", ""lat"": 26.166489, ""lng"": 91.742119}, {""name"": ""En route to Kamakhya Temple"", ""lat"": 26.1864, ""lng"": 91.732033}, {""name"": ""En route to Kamakhya Temple"", ""lat"": 26.1764, ""lng"": 91.718767}, {""name"": ""En route to Umananda Island"", ""lat"": 26.18565, ""lng"": 91.7621}]","[{""name"": ""Siddharth Nair"", ""phone"": ""+91-6259983034"", ""relation"": ""family""}]",2026-08-12 10:15:00,2026-08-17 23:15:00,26.366257,91.636097,2026-08-17 06:54:47,79.8,1,active,2026-07-31 02:15:00,normal,Guwahati Pilgrimage Circuit
393,STS-125D2BDB2EB5,Chandana Sharma,Indian,passport,Z7374323,+91-7509687132,"[{""name"": ""Hotel Nandan (stay 1)"", ""lat"": 26.364571, ""lng"": 91.629368}, {""name"": ""Madan Kamdev Ruins"", ""lat"": 26.3667, ""lng"": 91.6333}, {""name"": ""Brahmaputra Jungle Resort (stay 2)"", ""lat"": 26.248793, ""lng"": 91.51635}, {""name"": ""Hajo Pilgrimage Town"", ""lat"": 26.25, ""lng"": 91.5167}, {""name"": ""Radisson Blu Guwahati (stay 3)"", ""lat"": 26.179995, ""lng"": 91.722568}, {""name"": ""Kamakhya Temple"", ""lat"": 26.1664, ""lng"": 91.7055}, {""name"": ""Umananda Island"", ""lat"": 26.1964, ""lng"": 91.7453}, {""name"": ""En route to Umananda Island"", ""lat"": 26.1764, ""lng"": 91.718767}, {""name"": ""En route to Umananda Island"", ""lat"": 26.1864, ""lng"": 91.732033}, {""name"": ""En route to Radisson Blu Guwahati (stay 3)"", ""lat"": 26.188198, ""lng"": 91.733934}]","[{""name"": ""Junmoni Banerjee"", ""phone"": ""+91-7046095881"", ""relation"": ""family""}, {""name"": ""Hemanta Bhattacharya"", ""phone"": ""+91-9301323604"", ""relation"": ""spouse""}, {""name"": ""Bishal Phukan"", ""phone"": ""+91-7790835479"", ""relation"": ""sibling""}]",2026-09-07 07:15:00,2026-09-13 19:15:00,,,,100.0,1,active,2026-08-21 09:15:00,normal,Guwahati Pilgrimage Circuit
394,STS-81B6AF866BDC,Rahim Islam,Bangladeshi,passport,BX2743937,+880-7851885800,"[{""name"": ""Ginger Guwahati (stay 1)"", ""lat"": 26.153337, ""lng"": 91.78049}, {""name"": ""Six Mile"", ""lat"": 26.135, ""lng"": 91.805}, {""name"": ""Dispur Secretariat"", ""lat"": 26.142, ""lng"": 91.79}, {""name"": ""Ganeshguri Junction"", ""lat"": 26.147, ""lng"": 91.79}, {""name"": ""Guwahati Railway Station"", ""lat"": 26.1824, ""lng"": 91.7513}, {""name"": ""Dolma Homestay, Tawang (stay 2)"", ""lat"": 26.104914, ""lng"": 91.582891}, {""name"": ""LGB International Airport"", ""lat"": 26.1061, ""lng"": 91.5859}, {""name"": ""En route to Guwahati Railway Station"", ""lat"": 26.1588, ""lng"": 91.7771}, {""name"": ""En route to Guwahati Railway Station"", ""lat"": 26.1706, ""lng"": 91.7642}, {""name"": ""En route to Ginger Guwahati (stay 1)"", ""lat"": 26.167869, ""lng"": 91.765895}, {""name"": ""En route to Six Mile"", ""lat"": 26.144168, ""lng"": 91.792745}]","[{""name"": ""Karim Sarkar"", ""phone"": ""+880-4146359213"", ""relation"": ""family""}, {""name"": ""Imran Uddin"", ""phone"": ""+880-4665962847"", ""relation"": ""spouse""}]",2026-08-05 06:15:00,2026-08-08 15:15:00,26.105091,91.582582,2026-08-08 06:47:20,80.9,1,active,2026-08-01 17:15:00,normal,Business / Transit Stay
395,STS-6A42A39C7BA9,Pranjal Sen,Indian,aadhaar,XXXX-XXXX-2993,+91-7051432912,"[{""name"": ""Vivanta Guwahati (stay 1)"", ""lat"": 26.185214, ""lng"": 91.750082}, {""name"": ""Paltan Bazaar"", ""lat"": 26.1817, ""lng"": 91.7503}, {""name"": ""Pan Bazaar"", ""lat"": 26.1856, ""lng"": 91.7455}, {""name"": ""Fancy Bazaar"", ""lat"": 26.1836, ""lng"": 91.7434}, {""name"": ""Diphlu River Lodge, Kaziranga (stay 2)"", ""lat"": 26.167054, ""lng"": 91.566948}, {""name"": ""Sualkuchi Silk Village"", ""lat"": 26.1667, ""lng"": 91.5667}]","[{""name"": ""Priya Sharma"", ""phone"": ""+91-7735964327"", ""relation"": ""family""}, {""name"": ""Junmoni Baishya"", ""phone"": ""+91-8429814236"", ""relation"": ""spouse""}]",2026-08-12 05:30:00,2026-08-16 12:30:00,26.167103,91.566586,2026-08-16 06:35:45,82.8,0,active,2026-08-08 16:30:00,normal,Guwahati Market & Heritage Walk
396,STS-BC3A94A45D54,Tanvir Islam,Bangladeshi,passport,BX6547801,+880-4384436062,"[{""name"": ""Dolma Homestay, Tawang (stay 1)"", ""lat"": 23.828473, ""lng"": 91.283183}, {""name"": ""Agartala"", ""lat"": 23.8315, ""lng"": 91.2868}, {""name"": ""Radisson Blu Guwahati (stay 2)"", ""lat"": 23.723798, ""lng"": 92.714172}, {""name"": ""Aizawl"", ""lat"": 23.7271, ""lng"": 92.7176}, {""name"": ""Dolma Homestay, Tawang (stay 3)"", ""lat"": 25.575976, ""lng"": 91.890615}, {""name"": ""Shillong"", ""lat"": 25.5788, ""lng"": 91.8933}, {""name"": ""Hotel Polo Towers, Shillong (stay 4)"", ""lat"": 26.102317, ""lng"": 91.586165}, {""name"": ""LGB International Airport"", ""lat"": 26.1061, ""lng"": 91.5859}, {""name"": ""Hotel Rajmahal (stay 5)"", ""lat"": 26.579478, ""lng"": 93.168164}, {""name"": ""Kaziranga National Park"", ""lat"": 26.5775, ""lng"": 93.1711}, {""name"": ""La Maison de Ananda, Majuli (stay 6)"", ""lat"": 27.327767, ""lng"": 88.612401}, {""name"": ""Gangtok"", ""lat"": 27.3314, ""lng"": 88.6138}]","[{""name"": ""Rahim Rahman"", ""phone"": ""+880-1746393512"", ""relation"": ""family""}, {""name"": ""Karim Ahmed"", ""phone"": ""+880-6924735126"", ""relation"": ""spouse""}]",2026-07-27 11:15:00,2026-08-13 00:15:00,27.327373,88.612078,2026-08-12 06:48:58,83.3,1,active,2026-07-14 20:15:00,geofence_intrusion,Seven Sisters Grand Tour
397,STS-DEB04E45F150,Dhruv Gogoi,Indian,aadhaar,XXXX-XXXX-6602,+91-8457036495,"[{""name"": ""Wild Mahseer, Balipara (stay 1)"", ""lat"": 26.750028, ""lng"": 94.206514}, {""name"": ""Jorhat"", ""lat"": 26.7509, ""lng"": 94.2037}, {""name"": ""Wild Mahseer, Balipara (stay 2)"", ""lat"": 26.985486, ""lng"": 94.640356}, {""name"": ""Sivasagar"", ""lat"": 26.9826, ""lng"": 94.6425}, {""name"": ""Hotel Polo Towers, Shillong (stay 3)"", ""lat"": 26.579224, ""lng"": 93.171207}, {""name"": ""Kaziranga National Park"", ""lat"": 26.5775, ""lng"": 93.1711}, {""name"": ""La Maison de Ananda, Majuli (stay 4)"", ""lat"": 26.635732, ""lng"": 92.799089}, {""name"": ""Tezpur"", ""lat"": 26.6338, ""lng"": 92.8}, {""name"": ""Dolma Homestay, Tawang (stay 5)"", ""lat"": 26.922568, ""lng"": 92.876104}, {""name"": ""Nameri National Park"", ""lat"": 26.92, ""lng"": 92.88}, {""name"": ""Radisson Blu Guwahati (stay 6)"", ""lat"": 26.104164, ""lng"": 91.589535}, {""name"": ""LGB International Airport"", ""lat"": 26.1061, ""lng"": 91.5859}]","[{""name"": ""Bhaskar Singh"", ""phone"": ""+91-9208566068"", ""relation"": ""family""}, {""name"": ""Nabanita Phukan"", ""phone"": ""+91-7066174364"", ""relation"": ""spouse""}, {""name"": ""Anurag Ghosh"", ""phone"": ""+91-9012065987"", ""relation"": ""tour_operator""}]",2026-09-08 07:30:00,2026-09-15 14:30:00,,,,100.0,1,active,2026-09-03 02:30:00,geofence_intrusion,Upper Assam Wildlife Trail
398,STS-4551B8B3B4FF,Aditya Reddy,Indian,passport,Z5483540,+91-8637187484,"[{""name"": ""Hotel Rajmahal (stay 1)"", ""lat"": 26.090272, ""lng"": 91.593898}, {""name"": ""Accoland Water Park"", ""lat"": 26.09, ""lng"": 91.59}, {""name"": ""Kiranshree Portico (stay 2)"", ""lat"": 26.175174, ""lng"": 91.785284}, {""name"": ""Assam State Zoo & Botanical Garden"", ""lat"": 26.178, ""lng"": 91.786}, {""name"": ""Vivanta Guwahati (stay 3)"", ""lat"": 25.934414, ""lng"": 91.43569}, {""name"": ""Chandubi Lake"", ""lat"": 25.9333, ""lng"": 91.4333}]","[{""name"": ""Ananya Baishya"", ""phone"": ""+91-7149619265"", ""relation"": ""family""}, {""name"": ""Utpal Bhattacharya"", ""phone"": ""+91-7880834210"", ""relation"": ""spouse""}]",2026-08-16 09:15:00,2026-08-18 11:15:00,26.175174,91.785013,2026-08-18 07:01:06,79.2,1,active,2026-08-08 05:15:00,high_speed_transit,Guwahati Nature & Wildlife
399,STS-052026878168,Pranjal Nair,Indian,aadhaar,XXXX-XXXX-3914,+91-6341981061,"[{""name"": ""Ginger Guwahati (stay 1)"", ""lat"": 26.175609, ""lng"": 91.761205}, {""name"": ""Paltan Bazaar"", ""lat"": 26.1817, ""lng"": 91.7503}, {""name"": ""Pan Bazaar"", ""lat"": 26.1856, ""lng"": 91.7455}, {""name"": ""Uzan Bazar Ghat"", ""lat"": 26.19, ""lng"": 91.759}, {""name"": ""Srimanta Sankaradeva Kalakshetra"", ""lat"": 26.144, ""lng"": 91.8058}, {""name"": ""Dolma Homestay, Tawang (stay 2)"", ""lat"": 26.166125, ""lng"": 91.566576}, {""name"": ""Sualkuchi Silk Village"", ""lat"": 26.1667, ""lng"": 91.5667}, {""name"": ""En route to Srimanta Sankaradeva Kalakshetra"", ""lat"": 26.174667, ""lng"": 91.7746}, {""name"": ""En route to Srimanta Sankaradeva Kalakshetra"", ""lat"": 26.159333, ""lng"": 91.7902}, {""name"": ""En route to Ginger Guwahati (stay 1)"", ""lat"": 26.154536, ""lng"": 91.790935}, {""name"": ""En route to Ginger Guwahati (stay 1)"", ""lat"": 26.165073, ""lng"": 91.77607}]","[{""name"": ""Priya Mishra"", ""phone"": ""+91-8819424635"", ""relation"": ""family""}, {""name"": ""Kabir Barua"", ""phone"": ""+91-9436671529"", ""relation"": ""spouse""}]",2026-07-28 06:30:00,2026-07-31 12:30:00,26.165803,91.566431,2026-07-31 06:30:26,82.7,1,active,2026-07-23 19:30:00,normal,Guwahati Market & Heritage Walk
400,STS-D6C6BEDCB2B3,Junmoni Phukan,Indian,aadhaar,XXXX-XXXX-3802,+91-6583495798,"[{""name"": ""Ygdrasill Bamboo Resort, Cherrapunji (stay 1)"", ""lat"": 26.107081, ""lng"": 91.58407}, {""name"": ""LGB International Airport"", ""lat"": 26.1061, ""lng"": 91.5859}, {""name"": ""Hotel Rajmahal (stay 2)"", ""lat"": 26.576778, ""lng"": 93.168521}, {""name"": ""Kaziranga National Park"", ""lat"": 26.5775, ""lng"": 93.1711}, {""name"": ""Radisson Blu Guwahati (stay 3)"", ""lat"": 26.951848, ""lng"": 94.167615}, {""name"": ""Majuli River Island"", ""lat"": 26.95, ""lng"": 94.17}]","[{""name"": ""Divya Das"", ""phone"": ""+91-7070273706"", ""relation"": ""family""}]",2026-08-14 06:30:00,2026-08-22 11:30:00,26.951956,94.167707,2026-08-22 06:37:32,79.5,1,active,2026-07-26 02:30:00,normal,Upper Assam Wildlife Trail
401,STS-E75511D8CE30,Sneha Kumar,Indian,aadhaar,XXXX-XXXX-9543,+91-6649419598,"[{""name"": ""Hotel Nandan (stay 1)"", ""lat"": 26.107311, ""lng"": 91.589026}, {""name"": ""LGB International Airport"", ""lat"": 26.1061, ""lng"": 91.5859}, {""name"": ""Novotel Guwahati GS Road (stay 2)"", ""lat"": 26.149931, ""lng"": 91.784303}, {""name"": ""Guwahati Railway Station"", ""lat"": 26.1824, ""lng"": 91.7513}, {""name"": ""Ganeshguri Junction"", ""lat"": 26.147, ""lng"": 91.79}, {""name"": ""Dispur Secretariat"", ""lat"": 26.142, ""lng"": 91.79}, {""name"": ""Six Mile"", ""lat"": 26.135, ""lng"": 91.805}, {""name"": ""En route to Ganeshguri Junction"", ""lat"": 26.1706, ""lng"": 91.7642}, {""name"": ""En route to Ganeshguri Junction"", ""lat"": 26.1588, ""lng"": 91.7771}, {""name"": ""En route to Guwahati Railway Station"", ""lat"": 26.166165, ""lng"": 91.767801}, {""name"": ""En route to Novotel Guwahati GS Road (stay 2)"", ""lat"": 26.142466, ""lng"": 91.794652}]","[{""name"": ""Sneha Medhi"", ""phone"": ""+91-7858964520"", ""relation"": ""family""}, {""name"": ""Hemanta Baishya"", ""phone"": ""+91-9706120882"", ""relation"": ""spouse""}, {""name"": ""Utpal Bora"", ""phone"": ""+91-6722430455"", ""relation"": ""tour_operator""}, {""name"": ""Rohan Kumar"", ""phone"": ""+91-8523542123"", ""relation"": ""colleague""}]",2026-07-29 08:15:00,2026-07-31 17:15:00,26.150165,91.784151,2026-07-31 06:33:11,81.9,1,active,2026-07-07 18:15:00,normal,Business / Transit Stay
402,STS-8CE26CBF15C0,Kavya Iyer,Indian,aadhaar,XXXX-XXXX-1345,+91-9124287301,"[{""name"": ""Brahmaputra Jungle Resort (stay 1)"", ""lat"": 26.143584, ""lng"": 91.79674}, {""name"": ""Six Mile"", ""lat"": 26.135, ""lng"": 91.805}, {""name"": ""Dispur Secretariat"", ""lat"": 26.142, ""lng"": 91.79}, {""name"": ""Ganeshguri Junction"", ""lat"": 26.147, ""lng"": 91.79}, {""name"": ""Hotel Polo Towers, Shillong (stay 2)"", ""lat"": 26.108146, ""lng"": 91.587738}, {""name"": ""LGB International Airport"", ""lat"": 26.1061, ""lng"": 91.5859}]","[{""name"": ""Bornali Banerjee"", ""phone"": ""+91-8645688657"", ""relation"": ""family""}, {""name"": ""Junmoni Hazarika"", ""phone"": ""+91-9819656866"", ""relation"": ""spouse""}]",2026-09-02 07:15:00,2026-09-05 14:15:00,26.107925,91.588015,2026-09-05 06:50:20,80.6,1,active,2026-08-17 05:15:00,normal,Business / Transit Stay
403,STS-AD94CEEBDDFF,Kabir Verma,Indian,pan,ENZRH1577F,+91-8760837929,"[{""name"": ""Hotel Dynasty, Lakhtokia (stay 1)"", ""lat"": 26.149586, ""lng"": 91.778836}, {""name"": ""Dispur Secretariat"", ""lat"": 26.142, ""lng"": 91.79}, {""name"": ""Six Mile"", ""lat"": 26.135, ""lng"": 91.805}, {""name"": ""Guwahati Railway Station"", ""lat"": 26.1824, ""lng"": 91.7513}, {""name"": ""Ygdrasill Bamboo Resort, Cherrapunji (stay 2)"", ""lat"": 26.103204, ""lng"": 91.588684}, {""name"": ""LGB International Airport"", ""lat"": 26.1061, ""lng"": 91.5859}, {""name"": ""En route to Guwahati Railway Station"", ""lat"": 26.14685, ""lng"": 91.791575}, {""name"": ""En route to Guwahati Railway Station"", ""lat"": 26.1587, ""lng"": 91.77815}, {""name"": ""En route to Guwahati Railway Station"", ""lat"": 26.17055, ""lng"": 91.764725}, {""name"": ""En route to Hotel Dynasty, Lakhtokia (stay 1)"", ""lat"": 26.165993, ""lng"": 91.765068}]","[{""name"": ""Parag Hazarika"", ""phone"": ""+91-9307951650"", ""relation"": ""family""}]",2026-08-21 08:00:00,2026-08-22 17:00:00,26.149924,91.778461,2026-08-22 06:46:06,79.4,1,missing,2026-08-16 15:00:00,missing_person,Business / Transit Stay
404,STS-467808728756,Anjali Medhi,Indian,aadhaar,XXXX-XXXX-2103,+91-7614761541,"[{""name"": ""Ri Kynjai, Umiam (stay 1)"", ""lat"": 26.637011, ""lng"": 92.799703}, {""name"": ""Tezpur"", ""lat"": 26.6338, ""lng"": 92.8}, {""name"": ""Novotel Guwahati GS Road (stay 2)"", ""lat"": 26.186309, ""lng"": 91.750128}, {""name"": ""Guwahati Railway Station"", ""lat"": 26.1824, ""lng"": 91.7513}, {""name"": ""Novotel Guwahati GS Road (stay 3)"", ""lat"": 27.586172, ""lng"": 91.861054}, {""name"": ""Tawang Monastery"", ""lat"": 27.5861, ""lng"": 91.8594}, {""name"": ""Diphlu River Lodge, Kaziranga (stay 4)"", ""lat"": 27.544707, ""lng"": 93.835254}, {""name"": ""Ziro Valley"", ""lat"": 27.5448, ""lng"": 93.832}]","[{""name"": ""Simanta Bora"", ""phone"": ""+91-8302924137"", ""relation"": ""family""}, {""name"": ""Rituparna Hazarika"", ""phone"": ""+91-8510873761"", ""relation"": ""spouse""}, {""name"": ""Aarav Ghosh"", ""phone"": ""+91-6825089629"", ""relation"": ""family""}, {""name"": ""Pooja Barua"", ""phone"": ""+91-7380346387"", ""relation"": ""colleague""}]",2026-08-27 10:15:00,2026-09-09 17:15:00,27.544376,93.835124,2026-09-05 18:12:27,75.4,0,active,2026-08-26 07:15:00,normal,Arunachal High Himalaya
405,STS-FD2F74A3D1D3,Gitanjali Baishya,Indian,aadhaar,XXXX-XXXX-4733,+91-8185137009,"[{""name"": ""Hotel Rajmahal (stay 1)"", ""lat"": 26.149763, ""lng"": 91.786815}, {""name"": ""Ganeshguri Junction"", ""lat"": 26.147, ""lng"": 91.79}, {""name"": ""Dispur Secretariat"", ""lat"": 26.142, ""lng"": 91.79}, {""name"": ""Six Mile"", ""lat"": 26.135, ""lng"": 91.805}, {""name"": ""Guwahati Railway Station"", ""lat"": 26.1824, ""lng"": 91.7513}, {""name"": ""Hotel Dynasty, Lakhtokia (stay 2)"", ""lat"": 26.108256, ""lng"": 91.586285}, {""name"": ""LGB International Airport"", ""lat"": 26.1061, ""lng"": 91.5859}, {""name"": ""En route to Guwahati Railway Station"", ""lat"": 26.14685, ""lng"": 91.791575}, {""name"": ""En route to Guwahati Railway Station"", ""lat"": 26.1587, ""lng"": 91.77815}, {""name"": ""En route to Guwahati Railway Station"", ""lat"": 26.17055, ""lng"": 91.764725}, {""name"": ""En route to Hotel Rajmahal (stay 1)"", ""lat"": 26.171521, ""lng"": 91.763138}, {""name"": ""En route to Hotel Rajmahal (stay 1)"", ""lat"": 26.160642, ""lng"": 91.774977}]","[{""name"": ""Arjun Mishra"", ""phone"": ""+91-8054932936"", ""relation"": ""family""}]",2026-09-04 11:15:00,2026-09-06 22:15:00,26.150131,91.786636,2026-09-05 06:33:23,81.2,1,active,2026-08-16 13:15:00,night_wanderer,Business / Transit Stay
406,STS-CD6D6A98958E,Rohan Barua,Indian,passport,Z6277696,+91-6130414546,"[{""name"": ""Ygdrasill Bamboo Resort, Cherrapunji (stay 1)"", ""lat"": 25.655316, ""lng"": 91.885728}, {""name"": ""Umiam Lake"", ""lat"": 25.657, ""lng"": 91.889}, {""name"": ""Hotel Nandan (stay 2)"", ""lat"": 25.198436, ""lng"": 91.917252}, {""name"": ""Mawlynnong Village"", ""lat"": 25.2, ""lng"": 91.9167}, {""name"": ""Wild Mahseer, Balipara (stay 3)"", ""lat"": 26.18591, ""lng"": 91.749127}, {""name"": ""Guwahati Railway Station"", ""lat"": 26.1824, ""lng"": 91.7513}]","[{""name"": ""Hemanta Das"", ""phone"": ""+91-6472594996"", ""relation"": ""family""}, {""name"": ""Kavya Singh"", ""phone"": ""+91-8103202958"", ""relation"": ""spouse""}, {""name"": ""Mridula Iyer"", ""phone"": ""+91-6909025112"", ""relation"": ""friend""}, {""name"": ""Rohan Iyer"", ""phone"": ""+91-7760634623"", ""relation"": ""tour_operator""}]",2026-07-26 07:15:00,2026-08-03 20:15:00,26.186012,91.749254,2026-08-03 06:39:04,81.5,1,active,2026-07-10 22:15:00,normal,Meghalaya Loop
407,STS-C573ABE93231,Nabanita Nath,Indian,passport,Z0195831,+91-7549140722,"[{""name"": ""Hotel Nandan (stay 1)"", ""lat"": 26.18548, ""lng"": 91.747704}, {""name"": ""Guwahati Railway Station"", ""lat"": 26.1824, ""lng"": 91.7513}, {""name"": ""Hotel Rajmahal (stay 2)"", ""lat"": 26.634326, ""lng"": 92.799494}, {""name"": ""Tezpur"", ""lat"": 26.6338, ""lng"": 92.8}, {""name"": ""Hotel Nandan (stay 3)"", ""lat"": 27.587586, ""lng"": 91.856538}, {""name"": ""Tawang Monastery"", ""lat"": 27.5861, ""lng"": 91.8594}, {""name"": ""Dolma Homestay, Tawang (stay 4)"", ""lat"": 27.545604, ""lng"": 93.832839}, {""name"": ""Ziro Valley"", ""lat"": 27.5448, ""lng"": 93.832}]","[{""name"": ""Rohan Medhi"", ""phone"": ""+91-6941406585"", ""relation"": ""family""}, {""name"": ""Bishal Das"", ""phone"": ""+91-9818716712"", ""relation"": ""spouse""}, {""name"": ""Vikram Dutta"", ""phone"": ""+91-9473977778"", ""relation"": ""colleague""}, {""name"": ""Kavya Choudhury"", ""phone"": ""+91-8242554918"", ""relation"": ""embassy""}]",2026-08-16 08:45:00,2026-08-29 21:45:00,27.545319,93.833064,2026-08-29 06:43:46,82.3,1,active,2026-07-30 20:45:00,normal,Arunachal High Himalaya
408,STS-7F599C01AE72,Hemanta Nath,Indian,voterid,GAZ8334915,+91-7576244865,"[{""name"": ""Hotel Dynasty, Lakhtokia (stay 1)"", ""lat"": 26.171919, ""lng"": 91.764478}, {""name"": ""Srimanta Sankaradeva Kalakshetra"", ""lat"": 26.144, ""lng"": 91.8058}, {""name"": ""Uzan Bazar Ghat"", ""lat"": 26.19, ""lng"": 91.759}, {""name"": ""Paltan Bazaar"", ""lat"": 26.1817, ""lng"": 91.7503}, {""name"": ""Pan Bazaar"", ""lat"": 26.1856, ""lng"": 91.7455}, {""name"": ""En route to Uzan Bazar Ghat"", ""lat"": 26.159333, ""lng"": 91.7902}, {""name"": ""En route to Uzan Bazar Ghat"", ""lat"": 26.174667, ""lng"": 91.7746}, {""name"": ""En route to Srimanta Sankaradeva Kalakshetra"", ""lat"": 26.162613, ""lng"": 91.778252}, {""name"": ""En route to Srimanta Sankaradeva Kalakshetra"", ""lat"": 26.153306, ""lng"": 91.792026}]","[{""name"": ""Vikram Phukan"", ""phone"": ""+91-9496813733"", ""relation"": ""family""}, {""name"": ""Aarav Ghosh"", ""phone"": ""+91-8324810250"", ""relation"": ""spouse""}, {""name"": ""Sneha Medhi"", ""phone"": ""+91-9699583489"", ""relation"": ""employer""}]",2026-07-23 10:45:00,2026-07-25 17:45:00,26.172099,91.764369,2026-07-25 06:43:45,39.7,1,active,2026-07-10 20:45:00,normal,Guwahati Market & Heritage Walk
409,STS-AF9A6C67DA0D,Debojit Choudhury,Indian,passport,Z6238940,+91-8327395515,"[{""name"": ""Ginger Guwahati (stay 1)"", ""lat"": 26.183424, ""lng"": 91.73579}, {""name"": ""Pan Bazaar"", ""lat"": 26.1856, ""lng"": 91.7455}, {""name"": ""Assam State Museum"", ""lat"": 26.1857, ""lng"": 91.7481}, {""name"": ""Fancy Bazaar"", ""lat"": 26.1836, ""lng"": 91.7434}, {""name"": ""Umananda Island"", ""lat"": 26.1964, ""lng"": 91.7453}, {""name"": ""Kamakhya Temple"", ""lat"": 26.1664, ""lng"": 91.7055}, {""name"": ""En route to Kamakhya Temple"", ""lat"": 26.1864, ""lng"": 91.732033}, {""name"": ""En route to Kamakhya Temple"", ""lat"": 26.1764, ""lng"": 91.718767}, {""name"": ""En route to Ginger Guwahati (stay 1)"", ""lat"": 26.174912, ""lng"": 91.720645}]","[{""name"": ""Debojit Barua"", ""phone"": ""+91-8755587327"", ""relation"": ""family""}, {""name"": ""Priya Phukan"", ""phone"": ""+91-8262349501"", ""relation"": ""spouse""}, {""name"": ""Gitanjali Gogoi"", ""phone"": ""+91-8205636458"", ""relation"": ""spouse""}]",2026-09-09 09:45:00,2026-09-12 11:45:00,,,,100.0,1,active,2026-09-02 12:45:00,normal,Guwahati City Break
410,STS-12824243D603,Junmoni Saikia,Indian,aadhaar,XXXX-XXXX-4870,+91-7753478654,"[{""name"": ""Ygdrasill Bamboo Resort, Cherrapunji (stay 1)"", ""lat"": 26.185851, ""lng"": 91.7488}, {""name"": ""Uzan Bazar Ghat"", ""lat"": 26.19, ""lng"": 91.759}, {""name"": ""Paltan Bazaar"", ""lat"": 26.1817, ""lng"": 91.7503}, {""name"": ""Fancy Bazaar"", ""lat"": 26.1836, ""lng"": 91.7434}, {""name"": ""Diphlu River Lodge, Kaziranga (stay 2)"", ""lat"": 26.165877, ""lng"": 91.563786}, {""name"": ""Sualkuchi Silk Village"", ""lat"": 26.1667, ""lng"": 91.5667}]","[{""name"": ""Sneha Kumar"", ""phone"": ""+91-8788535843"", ""relation"": ""family""}, {""name"": ""Utpal Sen"", ""phone"": ""+91-7520868821"", ""relation"": ""spouse""}, {""name"": ""Dhruv Kumar"", ""phone"": ""+91-8004003153"", ""relation"": ""spouse""}]",2026-08-31 07:30:00,2026-09-03 20:30:00,26.165715,91.563815,2026-09-03 06:45:03,81.5,1,active,2026-08-10 23:30:00,normal,Guwahati Market & Heritage Walk
411,STS-8DA6C11515CC,Anjali Rajkhowa,Indian,aadhaar,XXXX-XXXX-6566,+91-6963191410,"[{""name"": ""Hotel Rajmahal (stay 1)"", ""lat"": 26.183842, ""lng"": 91.760403}, {""name"": ""Gandhi Mandap, Sarania Hill"", ""lat"": 26.175, ""lng"": 91.758}, {""name"": ""Guwahati Planetarium"", ""lat"": 26.1856, ""lng"": 91.7625}, {""name"": ""Dighalipukhuri"", ""lat"": 26.1861, ""lng"": 91.7503}]","[{""name"": ""Junmoni Nath"", ""phone"": ""+91-7848516065"", ""relation"": ""family""}, {""name"": ""Pooja Hazarika"", ""phone"": ""+91-8349764439"", ""relation"": ""spouse""}]",2026-08-17 06:45:00,2026-08-21 18:45:00,26.18371,91.760674,2026-08-21 06:40:56,80.8,1,active,2026-08-16 23:45:00,geofence_intrusion,Guwahati City Break
412,STS-331ACEFDCD9B,Karim Begum,Bangladeshi,passport,BX5830498,+880-7043606131,"[{""name"": ""Diphlu River Lodge, Kaziranga (stay 1)"", ""lat"": 26.102259, ""lng"": 91.618699}, {""name"": ""Accoland Water Park"", ""lat"": 26.09, ""lng"": 91.59}, {""name"": ""Deepor Beel Wildlife Sanctuary"", ""lat"": 26.12, ""lng"": 91.65}, {""name"": ""Hotel Rajmahal (stay 2)"", ""lat"": 26.236773, ""lng"": 92.085845}, {""name"": ""Pobitora Wildlife Sanctuary"", ""lat"": 26.2333, ""lng"": 92.0833}, {""name"": ""En route to Deepor Beel Wildlife Sanctuary"", ""lat"": 26.1, ""lng"": 91.61}, {""name"": ""En route to Deepor Beel Wildlife Sanctuary"", ""lat"": 26.11, ""lng"": 91.63}, {""name"": ""En route to Diphlu River Lodge, Kaziranga (stay 1)"", ""lat"": 26.11113, ""lng"": 91.63435}, {""name"": ""En route to Accoland Water Park"", ""lat"": 26.096129, ""lng"": 91.60435}]","[{""name"": ""Nusrat Rahman"", ""phone"": ""+880-2006628169"", ""relation"": ""family""}]",2026-07-28 05:00:00,2026-07-30 19:00:00,26.236963,92.085922,2026-07-30 06:33:09,81.2,1,active,2026-07-24 20:00:00,inactivity,Guwahati Nature & Wildlife
413,STS-8A6ADADC5DE8,Rupam Saikia,Indian,aadhaar,XXXX-XXXX-1741,+91-7306151439,"[{""name"": ""Dolma Homestay, Tawang (stay 1)"", ""lat"": 26.16416, ""lng"": 91.774123}, {""name"": ""Umananda Island"", ""lat"": 26.1964, ""lng"": 91.7453}, {""name"": ""Navagraha Temple"", ""lat"": 26.1749, ""lng"": 91.7789}, {""name"": ""Basistha Temple"", ""lat"": 26.1132, ""lng"": 91.797}, {""name"": ""Ginger Guwahati (stay 2)"", ""lat"": 26.253888, ""lng"": 91.520211}, {""name"": ""Hajo Pilgrimage Town"", ""lat"": 26.25, ""lng"": 91.5167}, {""name"": ""Ygdrasill Bamboo Resort, Cherrapunji (stay 3)"", ""lat"": 26.37048, ""lng"": 91.637217}, {""name"": ""Madan Kamdev Ruins"", ""lat"": 26.3667, ""lng"": 91.6333}, {""name"": ""En route to Basistha Temple"", ""lat"": 26.154333, ""lng"": 91.784933}, {""name"": ""En route to Basistha Temple"", ""lat"": 26.133767, ""lng"": 91.790967}, {""name"": ""En route to Dolma Homestay, Tawang (stay 1)"", ""lat"": 26.130187, ""lng"": 91.789374}, {""name"": ""En route to Dolma Homestay, Tawang (stay 1)"", ""lat"": 26.147173, ""lng"": 91.781749}, {""name"": ""En route to Umananda Island"", ""lat"": 26.18028, ""lng"": 91.759712}, {""name"": ""En route to Navagraha Temple"", ""lat"": 26.18565, ""lng"": 91.7621}]","[{""name"": ""Kabir Nath"", ""phone"": ""+91-9957954653"", ""relation"": ""family""}, {""name"": ""Hemanta Phukan"", ""phone"": ""+91-7659742556"", ""relation"": ""spouse""}]",2026-08-10 07:45:00,2026-08-16 20:45:00,26.370377,91.637076,2026-08-16 06:46:52,81.0,1,active,2026-07-29 13:45:00,night_wanderer,Guwahati Pilgrimage Circuit
414,STS-928BD5A7ABD1,Siddharth Verma,Indian,aadhaar,XXXX-XXXX-2369,+91-9797027776,"[{""name"": ""Hotel Rajmahal (stay 1)"", ""lat"": 25.935414, ""lng"": 91.433459}, {""name"": ""Chandubi Lake"", ""lat"": 25.9333, ""lng"": 91.4333}, {""name"": ""Vivanta Guwahati (stay 2)"", ""lat"": 26.101344, ""lng"": 91.618049}, {""name"": ""Accoland Water Park"", ""lat"": 26.09, ""lng"": 91.59}, {""name"": ""Deepor Beel Wildlife Sanctuary"", ""lat"": 26.12, ""lng"": 91.65}, {""name"": ""Hotel Rajmahal (stay 3)"", ""lat"": 26.232955, ""lng"": 92.080454}, {""name"": ""Pobitora Wildlife Sanctuary"", ""lat"": 26.2333, ""lng"": 92.0833}, {""name"": ""En route to Deepor Beel Wildlife Sanctuary"", ""lat"": 26.1, ""lng"": 91.61}, {""name"": ""En route to Deepor Beel Wildlife Sanctuary"", ""lat"": 26.11, ""lng"": 91.63}, {""name"": ""En route to Vivanta Guwahati (stay 2)"", ""lat"": 26.110672, ""lng"": 91.634025}, {""name"": ""En route to Accoland Water Park"", ""lat"": 26.095672, ""lng"": 91.604025}]","[{""name"": ""Tanvi Phukan"", ""phone"": ""+91-8773511024"", ""relation"": ""family""}, {""name"": ""Bhaskar Bhattacharya"", ""phone"": ""+91-7107382784"", ""relation"": ""spouse""}, {""name"": ""Wild Mahseer, Balipara Front Desk"", ""phone"": ""+91-7805073778"", ""relation"": ""hotel""}]",2026-08-05 07:45:00,2026-08-08 14:45:00,26.233173,92.08029,2026-08-08 06:43:48,83.9,0,active,2026-07-15 20:45:00,normal,Guwahati Nature & Wildlife
415,STS-072172F0F592,Hemanta Verma,Indian,aadhaar,XXXX-XXXX-5836,+91-7907512393,"[{""name"": ""Brahmaputra Jungle Resort (stay 1)"", ""lat"": 26.188196, ""lng"": 91.748622}, {""name"": ""Umananda Island"", ""lat"": 26.1964, ""lng"": 91.7453}, {""name"": ""Pan Bazaar"", ""lat"": 26.1856, ""lng"": 91.7455}, {""name"": ""Dighalipukhuri"", ""lat"": 26.1861, ""lng"": 91.7503}, {""name"": ""Gandhi Mandap, Sarania Hill"", ""lat"": 26.175, ""lng"": 91.758}]","[{""name"": ""Vikram Iyer"", ""phone"": ""+91-9825974142"", ""relation"": ""family""}, {""name"": ""Nikhil Barua"", ""phone"": ""+91-7926439866"", ""relation"": ""spouse""}, {""name"": ""Aditya Iyer"", ""phone"": ""+91-7977836514"", ""relation"": ""colleague""}]",2026-07-24 09:30:00,2026-07-27 19:30:00,26.187977,91.748498,2026-07-27 06:35:31,80.9,1,active,2026-07-09 17:30:00,normal,Guwahati City Break
416,STS-D9BAF0D22DE4,Mridula Bora,Indian,aadhaar,XXXX-XXXX-3267,+91-7311971061,"[{""name"": ""Ri Kynjai, Umiam (stay 1)"", ""lat"": 26.181298, ""lng"": 91.728812}, {""name"": ""Fancy Bazaar"", ""lat"": 26.1836, ""lng"": 91.7434}, {""name"": ""Assam State Museum"", ""lat"": 26.1857, ""lng"": 91.7481}, {""name"": ""Kamakhya Temple"", ""lat"": 26.1664, ""lng"": 91.7055}, {""name"": ""En route to Kamakhya Temple"", ""lat"": 26.17605, ""lng"": 91.7268}, {""name"": ""En route to Ri Kynjai, Umiam (stay 1)"", ""lat"": 26.173849, ""lng"": 91.717156}]","[{""name"": ""Divya Singh"", ""phone"": ""+91-9012109600"", ""relation"": ""family""}]",2026-08-23 05:00:00,2026-08-25 14:00:00,26.18111,91.728918,2026-08-25 06:32:24,80.3,1,active,2026-08-08 08:00:00,normal,Guwahati City Break
417,STS-47AB0435C139,Arjun Bhattacharya,Indian,aadhaar,XXXX-XXXX-5919,+91-7123262438,"[{""name"": ""Hotel Polo Towers, Shillong (stay 1)"", ""lat"": 26.168759, ""lng"": 91.567629}, {""name"": ""Sualkuchi Silk Village"", ""lat"": 26.1667, ""lng"": 91.5667}, {""name"": ""Hotel Polo Towers, Shillong (stay 2)"", ""lat"": 26.173144, ""lng"": 91.761997}, {""name"": ""Fancy Bazaar"", ""lat"": 26.1836, ""lng"": 91.7434}, {""name"": ""Pan Bazaar"", ""lat"": 26.1856, ""lng"": 91.7455}, {""name"": ""Paltan Bazaar"", ""lat"": 26.1817, ""lng"": 91.7503}, {""name"": ""Uzan Bazar Ghat"", ""lat"": 26.19, ""lng"": 91.759}, {""name"": ""Srimanta Sankaradeva Kalakshetra"", ""lat"": 26.144, ""lng"": 91.8058}, {""name"": ""En route to Srimanta Sankaradeva Kalakshetra"", ""lat"": 26.174667, ""lng"": 91.7746}, {""name"": ""En route to Srimanta Sankaradeva Kalakshetra"", ""lat"": 26.159333, ""lng"": 91.7902}, {""name"": ""En route to Hotel Polo Towers, Shillong (stay 2)"", ""lat"": 26.153715, ""lng"": 91.791199}, {""name"": ""En route to Hotel Polo Towers, Shillong (stay 2)"", ""lat"": 26.163429, ""lng"": 91.776598}]","[{""name"": ""Divya Reddy"", ""phone"": ""+91-7673832060"", ""relation"": ""family""}, {""name"": ""Nikhil Dutta"", ""phone"": ""+91-8603950658"", ""relation"": ""spouse""}]",2026-08-21 07:00:00,2026-08-25 21:00:00,26.173213,91.761943,2026-08-25 06:50:15,81.2,0,active,2026-08-10 18:00:00,normal,Guwahati Market & Heritage Walk
418,STS-0F80B640D186,Emily Johnson,American,passport,303947482,+1-4122731955,"[{""name"": ""Hotel Polo Towers, Shillong (stay 1)"", ""lat"": 26.188155, ""lng"": 91.754136}, {""name"": ""Pan Bazaar"", ""lat"": 26.1856, ""lng"": 91.7455}, {""name"": ""Brahmaputra Riverfront"", ""lat"": 26.1905, ""lng"": 91.748}, {""name"": ""Umananda Island"", ""lat"": 26.1964, ""lng"": 91.7453}, {""name"": ""Guwahati Planetarium"", ""lat"": 26.1856, ""lng"": 91.7625}, {""name"": ""Gandhi Mandap, Sarania Hill"", ""lat"": 26.175, ""lng"": 91.758}]","[{""name"": ""Ethan Davis"", ""phone"": ""+1-4995828645"", ""relation"": ""family""}]",2026-08-04 05:15:00,2026-08-06 14:15:00,26.18808,91.753893,2026-08-06 06:47:04,81.8,1,active,2026-07-28 04:15:00,normal,Guwahati City Break
419,STS-10E8D01AFE4D,Elena Lopez,Spanish,passport,XD623073,+34-468341906,"[{""name"": ""Kiranshree Portico (stay 1)"", ""lat"": 27.541589, ""lng"": 93.829587}, {""name"": ""Ziro Valley"", ""lat"": 27.5448, ""lng"": 93.832}, {""name"": ""La Maison de Ananda, Majuli (stay 2)"", ""lat"": 26.632065, ""lng"": 92.801848}, {""name"": ""Tezpur"", ""lat"": 26.6338, ""lng"": 92.8}, {""name"": ""Hotel Rajmahal (stay 3)"", ""lat"": 26.186275, ""lng"": 91.751475}, {""name"": ""Guwahati Railway Station"", ""lat"": 26.1824, ""lng"": 91.7513}, {""name"": ""Wild Mahseer, Balipara (stay 4)"", ""lat"": 27.58999, ""lng"": 91.858179}, {""name"": ""Tawang Monastery"", ""lat"": 27.5861, ""lng"": 91.8594}]","[{""name"": ""Javier Perez"", ""phone"": ""+34-704758926"", ""relation"": ""family""}, {""name"": ""Pablo Gomez"", ""phone"": ""+34-719570991"", ""relation"": ""spouse""}]",2026-08-11 06:45:00,2026-08-19 20:45:00,27.589674,91.857848,2026-08-19 06:42:58,53.8,1,active,2026-07-30 07:45:00,normal,Arunachal High Himalaya
420,STS-AE0122F17EEE,Siddharth Nair,Indian,aadhaar,XXXX-XXXX-9578,+91-6349063602,"[{""name"": ""Wild Mahseer, Balipara (stay 1)"", ""lat"": 26.749225, ""lng"": 94.201432}, {""name"": ""Jorhat"", ""lat"": 26.7509, ""lng"": 94.2037}, {""name"": ""Ginger Guwahati (stay 2)"", ""lat"": 26.952448, ""lng"": 94.171276}, {""name"": ""Majuli River Island"", ""lat"": 26.95, ""lng"": 94.17}, {""name"": ""Wild Mahseer, Balipara (stay 3)"", ""lat"": 26.981416, ""lng"": 94.639849}, {""name"": ""Sivasagar"", ""lat"": 26.9826, ""lng"": 94.6425}, {""name"": ""Radisson Blu Guwahati (stay 4)"", ""lat"": 26.575764, ""lng"": 93.168703}, {""name"": ""Kaziranga National Park"", ""lat"": 26.5775, ""lng"": 93.1711}, {""name"": ""Diphlu River Lodge, Kaziranga (stay 5)"", ""lat"": 26.637365, ""lng"": 92.797024}, {""name"": ""Tezpur"", ""lat"": 26.6338, ""lng"": 92.8}, {""name"": ""Radisson Blu Guwahati (stay 6)"", ""lat"": 26.107804, ""lng"": 91.582511}, {""name"": ""LGB International Airport"", ""lat"": 26.1061, ""lng"": 91.5859}]","[{""name"": ""Manish Bhattacharya"", ""phone"": ""+91-8833315783"", ""relation"": ""family""}, {""name"": ""Aarav Hazarika"", ""phone"": ""+91-8461110737"", ""relation"": ""spouse""}]",2026-08-01 07:30:00,2026-08-12 20:30:00,26.107517,91.582594,2026-08-12 06:35:10,81.6,1,active,2026-07-23 21:30:00,route_deviation,Upper Assam Wildlife Trail
421,STS-B2D6A5B34711,Mridula Deka,Indian,aadhaar,XXXX-XXXX-5450,+91-8147416911,"[{""name"": ""Ygdrasill Bamboo Resort, Cherrapunji (stay 1)"", ""lat"": 26.108714, ""lng"": 91.620854}, {""name"": ""Deepor Beel Wildlife Sanctuary"", ""lat"": 26.12, ""lng"": 91.65}, {""name"": ""Accoland Water Park"", ""lat"": 26.09, ""lng"": 91.59}, {""name"": ""Radisson Blu Guwahati (stay 2)"", ""lat"": 26.175368, ""lng"": 91.782386}, {""name"": ""Assam State Zoo & Botanical Garden"", ""lat"": 26.178, ""lng"": 91.786}, {""name"": ""Hotel Polo Towers, Shillong (stay 3)"", ""lat"": 26.235427, ""lng"": 92.085569}, {""name"": ""Pobitora Wildlife Sanctuary"", ""lat"": 26.2333, ""lng"": 92.0833}, {""name"": ""Hotel Polo Towers, Shillong (stay 4)"", ""lat"": 25.933609, ""lng"": 91.429984}, {""name"": ""Chandubi Lake"", ""lat"": 25.9333, ""lng"": 91.4333}, {""name"": ""En route to Accoland Water Park"", ""lat"": 26.11, ""lng"": 91.63}, {""name"": ""En route to Accoland Water Park"", ""lat"": 26.1, ""lng"": 91.61}, {""name"": ""En route to Ygdrasill Bamboo Resort, Cherrapunji (stay 1)"", ""lat"": 26.099357, ""lng"": 91.605427}, {""name"": ""En route to Deepor Beel Wildlife Sanctuary"", ""lat"": 26.114357, ""lng"": 91.635427}]","[{""name"": ""Rupam Nath"", ""phone"": ""+91-6321669515"", ""relation"": ""family""}, {""name"": ""Parag Das"", ""phone"": ""+91-9391154748"", ""relation"": ""spouse""}]",2026-08-21 05:00:00,2026-08-23 18:00:00,26.235822,92.085325,2026-08-23 06:45:06,81.5,1,active,2026-08-06 02:00:00,normal,Guwahati Nature & Wildlife
422,STS-68A9A85A849B,Vikram Kumar,Indian,passport,Z6812401,+91-9901733724,"[{""name"": ""Hotel Nandan (stay 1)"", ""lat"": 26.175546, ""lng"": 91.786706}, {""name"": ""Assam State Zoo & Botanical Garden"", ""lat"": 26.178, ""lng"": 91.786}, {""name"": ""Ginger Guwahati (stay 2)"", ""lat"": 26.229744, ""lng"": 92.085935}, {""name"": ""Pobitora Wildlife Sanctuary"", ""lat"": 26.2333, ""lng"": 92.0833}, {""name"": ""La Maison de Ananda, Majuli (stay 3)"", ""lat"": 25.933445, ""lng"": 91.435959}, {""name"": ""Chandubi Lake"", ""lat"": 25.9333, ""lng"": 91.4333}]","[{""name"": ""Rahul Rajkhowa"", ""phone"": ""+91-8221403533"", ""relation"": ""family""}]",2026-09-06 10:30:00,2026-09-08 17:30:00,,,,100.0,1,active,2026-08-28 01:30:00,abduction_pattern,Guwahati Nature & Wildlife
423,STS-5FDF4B444FED,Jayanta Saikia,Indian,passport,Z4343908,+91-6377995710,"[{""name"": ""Ygdrasill Bamboo Resort, Cherrapunji (stay 1)"", ""lat"": 26.185626, ""lng"": 91.750407}, {""name"": ""Guwahati Railway Station"", ""lat"": 26.1824, ""lng"": 91.7513}, {""name"": ""Vivanta Guwahati (stay 2)"", ""lat"": 25.293474, ""lng"": 91.677997}, {""name"": ""Cherrapunji (Sohra)"", ""lat"": 25.2912, ""lng"": 91.6783}, {""name"": ""Dolma Homestay, Tawang (stay 3)"", ""lat"": 25.191584, ""lng"": 92.019273}, {""name"": ""Dawki / Umngot River"", ""lat"": 25.19, ""lng"": 92.02}]","[{""name"": ""Bishal Gogoi"", ""phone"": ""+91-8369441756"", ""relation"": ""family""}, {""name"": ""Nabanita Banerjee"", ""phone"": ""+91-6251064838"", ""relation"": ""spouse""}]",2026-08-17 06:45:00,2026-08-24 20:45:00,25.191333,92.019612,2026-08-24 06:39:24,38.6,1,active,2026-08-07 13:45:00,geofence_intrusion,Meghalaya Loop
424,STS-C831E737B914,Kabir Ghosh,Indian,aadhaar,XXXX-XXXX-8420,+91-9692279743,"[{""name"": ""Brahmaputra Jungle Resort (stay 1)"", ""lat"": 24.813558, ""lng"": 93.938048}, {""name"": ""Imphal"", ""lat"": 24.817, ""lng"": 93.9368}, {""name"": ""Ginger Guwahati (stay 2)"", ""lat"": 25.578556, ""lng"": 91.889998}, {""name"": ""Shillong"", ""lat"": 25.5788, ""lng"": 91.8933}, {""name"": ""Radisson Blu Guwahati (stay 3)"", ""lat"": 27.333244, ""lng"": 88.611842}, {""name"": ""Gangtok"", ""lat"": 27.3314, ""lng"": 88.6138}]","[{""name"": ""Manish Deka"", ""phone"": ""+91-7147083858"", ""relation"": ""family""}, {""name"": ""Aditya Medhi"", ""phone"": ""+91-7896393647"", ""relation"": ""spouse""}]",2026-07-30 08:00:00,2026-08-17 18:00:00,27.33343,88.61206,2026-08-17 06:50:36,83.3,1,active,2026-07-22 19:00:00,sos_panic,Seven Sisters Grand Tour
425,STS-28DA4162FB79,Rupam Saikia,Indian,voterid,RDJ5169076,+91-8465032981,"[{""name"": ""Vivanta Guwahati (stay 1)"", ""lat"": 26.107516, ""lng"": 91.618167}, {""name"": ""Deepor Beel Wildlife Sanctuary"", ""lat"": 26.12, ""lng"": 91.65}, {""name"": ""Accoland Water Park"", ""lat"": 26.09, ""lng"": 91.59}, {""name"": ""Ri Kynjai, Umiam (stay 2)"", ""lat"": 26.174735, ""lng"": 91.789599}, {""name"": ""Assam State Zoo & Botanical Garden"", ""lat"": 26.178, ""lng"": 91.786}, {""name"": ""Hotel Rajmahal (stay 3)"", ""lat"": 26.236205, ""lng"": 92.082933}, {""name"": ""Pobitora Wildlife Sanctuary"", ""lat"": 26.2333, ""lng"": 92.0833}, {""name"": ""Hotel Polo Towers, Shillong (stay 4)"", ""lat"": 25.93604, ""lng"": 91.436858}, {""name"": ""Chandubi Lake"", ""lat"": 25.9333, ""lng"": 91.4333}, {""name"": ""En route to Accoland Water Park"", ""lat"": 26.11, ""lng"": 91.63}, {""name"": ""En route to Accoland Water Park"", ""lat"": 26.1, ""lng"": 91.61}, {""name"": ""En route to Deepor Beel Wildlife Sanctuary"", ""lat"": 26.113758, ""lng"": 91.634084}, {""name"": ""En route to Vivanta Guwahati (stay 1)"", ""lat"": 26.098758, ""lng"": 91.604084}]","[{""name"": ""Riya Nair"", ""phone"": ""+91-8028625445"", ""relation"": ""family""}, {""name"": ""Kabir Nair"", ""phone"": ""+91-6180586982"", ""relation"": ""spouse""}, {""name"": ""Parag Iyer"", ""phone"": ""+91-8426877619"", ""relation"": ""embassy""}]",2026-08-30 08:15:00,2026-09-04 13:15:00,25.935754,91.43705,2026-09-04 06:52:18,80.7,1,active,2026-08-27 05:15:00,inactivity,Guwahati Nature & Wildlife
426,STS-32811EC6C2ED,Nikhil Nath,Indian,aadhaar,XXXX-XXXX-4108,+91-6133030053,"[{""name"": ""Ginger Guwahati (stay 1)"", ""lat"": 27.545186, ""lng"": 93.830037}, {""name"": ""Ziro Valley"", ""lat"": 27.5448, ""lng"": 93.832}, {""name"": ""Wild Mahseer, Balipara (stay 2)"", ""lat"": 26.63642, ""lng"": 92.801401}, {""name"": ""Tezpur"", ""lat"": 26.6338, ""lng"": 92.8}, {""name"": ""Radisson Blu Guwahati (stay 3)"", ""lat"": 26.185817, ""lng"": 91.747648}, {""name"": ""Guwahati Railway Station"", ""lat"": 26.1824, ""lng"": 91.7513}, {""name"": ""Hotel Nandan (stay 4)"", ""lat"": 27.58902, ""lng"": 91.862582}, {""name"": ""Tawang Monastery"", ""lat"": 27.5861, ""lng"": 91.8594}]","[{""name"": ""Kabir Bhattacharya"", ""phone"": ""+91-8154263273"", ""relation"": ""family""}, {""name"": ""Kavya Kumar"", ""phone"": ""+91-8091176526"", ""relation"": ""spouse""}, {""name"": ""Ananya Sen"", ""phone"": ""+91-9599301261"", ""relation"": ""spouse""}, {""name"": ""Anjali Singh"", ""phone"": ""+91-9206790854"", ""relation"": ""colleague""}]",2026-08-01 11:15:00,2026-08-11 20:15:00,27.589141,91.862704,2026-08-11 06:32:47,53.1,1,active,2026-07-13 22:15:00,geofence_intrusion,Arunachal High Himalaya
427,STS-E1CF9709E051,Pranjal Nath,Indian,aadhaar,XXXX-XXXX-5333,+91-7497550012,"[{""name"": ""Hotel Polo Towers, Shillong (stay 1)"", ""lat"": 26.187887, ""lng"": 91.750145}, {""name"": ""Fancy Bazaar"", ""lat"": 26.1836, ""lng"": 91.7434}, {""name"": ""Pan Bazaar"", ""lat"": 26.1856, ""lng"": 91.7455}, {""name"": ""Nehru Park"", ""lat"": 26.1857, ""lng"": 91.7477}, {""name"": ""Assam State Museum"", ""lat"": 26.1857, ""lng"": 91.7481}, {""name"": ""Dighalipukhuri"", ""lat"": 26.1861, ""lng"": 91.7503}, {""name"": ""Guwahati Planetarium"", ""lat"": 26.1856, ""lng"": 91.7625}]","[{""name"": ""Chandana Iyer"", ""phone"": ""+91-6549405460"", ""relation"": ""family""}, {""name"": ""Ananya Mishra"", ""phone"": ""+91-9066527858"", ""relation"": ""spouse""}, {""name"": ""Brahmaputra Jungle Resort Front Desk"", ""phone"": ""+91-6146216702"", ""relation"": ""hotel""}, {""name"": ""Chandana Singh"", ""phone"": ""+91-9809624466"", ""relation"": ""spouse""}]",2026-09-02 06:30:00,2026-09-06 16:30:00,26.187681,91.749756,2026-09-05 18:33:31,73.6,1,active,2026-08-23 14:30:00,normal,Guwahati City Break
428,STS-7ECA2210C3B6,Divya Sen,Indian,aadhaar,XXXX-XXXX-2026,+91-6768475632,"[{""name"": ""Novotel Guwahati GS Road (stay 1)"", ""lat"": 26.947764, ""lng"": 94.170528}, {""name"": ""Majuli River Island"", ""lat"": 26.95, ""lng"": 94.17}, {""name"": ""Vivanta Guwahati (stay 2)"", ""lat"": 26.749759, ""lng"": 94.20616}, {""name"": ""Jorhat"", ""lat"": 26.7509, ""lng"": 94.2037}, {""name"": ""Kiranshree Portico (stay 3)"", ""lat"": 26.577281, ""lng"": 93.172125}, {""name"": ""Kaziranga National Park"", ""lat"": 26.5775, ""lng"": 93.1711}, {""name"": ""Radisson Blu Guwahati (stay 4)"", ""lat"": 26.923719, ""lng"": 92.88109}, {""name"": ""Nameri National Park"", ""lat"": 26.92, ""lng"": 92.88}, {""name"": ""Wild Mahseer, Balipara (stay 5)"", ""lat"": 26.102389, ""lng"": 91.587342}, {""name"": ""LGB International Airport"", ""lat"": 26.1061, ""lng"": 91.5859}]","[{""name"": ""Bishal Phukan"", ""phone"": ""+91-7319950895"", ""relation"": ""family""}, {""name"": ""Pranjal Kalita"", ""phone"": ""+91-6072749592"", ""relation"": ""spouse""}]",2026-08-28 08:00:00,2026-09-08 14:00:00,26.102219,91.58762,2026-09-05 18:27:07,73.6,1,active,2026-08-06 18:00:00,normal,Upper Assam Wildlife Trail
429,STS-8F8C7E2BAA5E,Chandana Dutta,Indian,aadhaar,XXXX-XXXX-3654,+91-9687437382,"[{""name"": ""Diphlu River Lodge, Kaziranga (stay 1)"", ""lat"": 26.57992, ""lng"": 93.173823}, {""name"": ""Kaziranga National Park"", ""lat"": 26.5775, ""lng"": 93.1711}, {""name"": ""Hotel Rajmahal (stay 2)"", ""lat"": 26.921814, ""lng"": 92.881501}, {""name"": ""Nameri National Park"", ""lat"": 26.92, ""lng"": 92.88}, {""name"": ""Radisson Blu Guwahati (stay 3)"", ""lat"": 26.951332, ""lng"": 94.172615}, {""name"": ""Majuli River Island"", ""lat"": 26.95, ""lng"": 94.17}, {""name"": ""Dolma Homestay, Tawang (stay 4)"", ""lat"": 26.107769, ""lng"": 91.58373}, {""name"": ""LGB International Airport"", ""lat"": 26.1061, ""lng"": 91.5859}]","[{""name"": ""Priya Das"", ""phone"": ""+91-9889141552"", ""relation"": ""family""}, {""name"": ""Hemanta Barua"", ""phone"": ""+91-9200300490"", ""relation"": ""spouse""}, {""name"": ""Mridula Phukan"", ""phone"": ""+91-9209192193"", ""relation"": ""tour_operator""}]",2026-08-04 06:45:00,2026-08-10 18:45:00,26.107591,91.583626,2026-08-10 06:35:10,81.6,1,active,2026-07-27 05:45:00,inactivity,Upper Assam Wildlife Trail
430,STS-C6F5BBE9C23A,Lena Schmidt,German,passport,C13179957,+49-8731400642,"[{""name"": ""Dolma Homestay, Tawang (stay 1)"", ""lat"": 25.24673, ""lng"": 91.713975}, {""name"": ""Living Root Bridge, Nongriat"", ""lat"": 25.247, ""lng"": 91.715}, {""name"": ""Kiranshree Portico (stay 2)"", ""lat"": 25.193368, ""lng"": 91.971947}, {""name"": ""Mawlynnong Village"", ""lat"": 25.2, ""lng"": 91.9167}, {""name"": ""Dawki / Umngot River"", ""lat"": 25.19, ""lng"": 92.02}, {""name"": ""Diphlu River Lodge, Kaziranga (stay 3)"", ""lat"": 25.658713, ""lng"": 91.885423}, {""name"": ""Umiam Lake"", ""lat"": 25.657, ""lng"": 91.889}, {""name"": ""Ri Kynjai, Umiam (stay 4)"", ""lat"": 26.184994, ""lng"": 91.755168}, {""name"": ""Guwahati Railway Station"", ""lat"": 26.1824, ""lng"": 91.7513}, {""name"": ""En route to Dawki / Umngot River"", ""lat"": 25.198, ""lng"": 91.93736}, {""name"": ""En route to Dawki / Umngot River"", ""lat"": 25.196, ""lng"": 91.95802}, {""name"": ""En route to Dawki / Umngot River"", ""lat"": 25.194, ""lng"": 91.97868}, {""name"": ""En route to Dawki / Umngot River"", ""lat"": 25.192, ""lng"": 91.99934}, {""name"": ""En route to Mawlynnong Village"", ""lat"": 25.195579, ""lng"": 91.953531}, {""name"": ""En route to Mawlynnong Village"", ""lat"": 25.197789, ""lng"": 91.935116}, {""name"": ""En route to Kiranshree Portico (stay 2)"", ""lat"": 25.191684, ""lng"": 91.995973}]","[{""name"": ""Marie Muller"", ""phone"": ""+49-7438535283"", ""relation"": ""family""}, {""name"": ""Hannah Muller"", ""phone"": ""+49-3065060585"", ""relation"": ""spouse""}, {""name"": ""Marie Schmidt"", ""phone"": ""+49-9963278969"", ""relation"": ""tour_operator""}, {""name"": ""Jonas Weber"", ""phone"": ""+49-3548635540"", ""relation"": ""spouse""}]",2026-08-03 10:15:00,2026-08-10 18:15:00,26.185013,91.754847,2026-08-10 06:40:15,80.4,1,active,2026-07-18 06:15:00,geofence_intrusion,Meghalaya Loop
431,STS-85C168B44F71,Gitanjali Kalita,Indian,aadhaar,XXXX-XXXX-4805,+91-6015515047,"[{""name"": ""Ri Kynjai, Umiam (stay 1)"", ""lat"": 26.159806, ""lng"": 91.758601}, {""name"": ""Navagraha Temple"", ""lat"": 26.1749, ""lng"": 91.7789}, {""name"": ""Umananda Island"", ""lat"": 26.1964, ""lng"": 91.7453}, {""name"": ""Kamakhya Temple"", ""lat"": 26.1664, ""lng"": 91.7055}, {""name"": ""Basistha Temple"", ""lat"": 26.1132, ""lng"": 91.797}, {""name"": ""Novotel Guwahati GS Road (stay 2)"", ""lat"": 26.249146, ""lng"": 91.520573}, {""name"": ""Hajo Pilgrimage Town"", ""lat"": 26.25, ""lng"": 91.5167}, {""name"": ""Kiranshree Portico (stay 3)"", ""lat"": 26.369412, ""lng"": 91.632107}, {""name"": ""Madan Kamdev Ruins"", ""lat"": 26.3667, ""lng"": 91.6333}, {""name"": ""En route to Basistha Temple"", ""lat"": 26.15576, ""lng"": 91.7238}, {""name"": ""En route to Basistha Temple"", ""lat"": 26.14512, ""lng"": 91.7421}, {""name"": ""En route to Basistha Temple"", ""lat"": 26.13448, ""lng"": 91.7604}, {""name"": ""En route to Basistha Temple"", ""lat"": 26.12384, ""lng"": 91.7787}, {""name"": ""En route to Ri Kynjai, Umiam (stay 1)"", ""lat"": 26.128735, ""lng"": 91.7842}, {""name"": ""En route to Ri Kynjai, Umiam (stay 1)"", ""lat"": 26.144271, ""lng"": 91.771401}, {""name"": ""En route to Kamakhya Temple"", ""lat"": 26.1864, ""lng"": 91.732033}, {""name"": ""En route to Kamakhya Temple"", ""lat"": 26.1764, ""lng"": 91.718767}, {""name"": ""En route to Umananda Island"", ""lat"": 26.18565, ""lng"": 91.7621}, {""name"": ""En route to Navagraha Temple"", ""lat"": 26.167353, ""lng"": 91.76875}]","[{""name"": ""Priya Medhi"", ""phone"": ""+91-8954781515"", ""relation"": ""family""}, {""name"": ""Bornali Dutta"", ""phone"": ""+91-8319069324"", ""relation"": ""spouse""}]",2026-08-02 09:15:00,2026-08-05 15:15:00,26.369651,91.631966,2026-08-05 06:49:27,80.7,1,sos,2026-07-28 12:15:00,sos_panic,Guwahati Pilgrimage Circuit
432,STS-33516B229CA2,Rituparna Kalita,Indian,aadhaar,XXXX-XXXX-7693,+91-7290572881,"[{""name"": ""Ri Kynjai, Umiam (stay 1)"", ""lat"": 26.173858, ""lng"": 91.760687}, {""name"": ""Fancy Bazaar"", ""lat"": 26.1836, ""lng"": 91.7434}, {""name"": ""Pan Bazaar"", ""lat"": 26.1856, ""lng"": 91.7455}, {""name"": ""Paltan Bazaar"", ""lat"": 26.1817, ""lng"": 91.7503}, {""name"": ""Uzan Bazar Ghat"", ""lat"": 26.19, ""lng"": 91.759}, {""name"": ""Srimanta Sankaradeva Kalakshetra"", ""lat"": 26.144, ""lng"": 91.8058}, {""name"": ""Novotel Guwahati GS Road (stay 2)"", ""lat"": 26.169621, ""lng"": 91.568119}, {""name"": ""Sualkuchi Silk Village"", ""lat"": 26.1667, ""lng"": 91.5667}, {""name"": ""En route to Srimanta Sankaradeva Kalakshetra"", ""lat"": 26.174667, ""lng"": 91.7746}, {""name"": ""En route to Srimanta Sankaradeva Kalakshetra"", ""lat"": 26.159333, ""lng"": 91.7902}, {""name"": ""En route to Ri Kynjai, Umiam (stay 1)"", ""lat"": 26.153953, ""lng"": 91.790762}, {""name"": ""En route to Ri Kynjai, Umiam (stay 1)"", ""lat"": 26.163905, ""lng"": 91.775725}]","[{""name"": ""Arjun Baishya"", ""phone"": ""+91-7879145638"", ""relation"": ""family""}, {""name"": ""Arjun Patel"", ""phone"": ""+91-8134931418"", ""relation"": ""spouse""}]",2026-09-02 11:45:00,2026-09-05 00:45:00,26.169673,91.568021,2026-09-04 06:36:57,81.2,0,active,2026-08-13 11:45:00,normal,Guwahati Market & Heritage Walk
433,STS-89453FEC3889,Sarah Smith,American,passport,647150223,+1-1826194871,"[{""name"": ""Wild Mahseer, Balipara (stay 1)"", ""lat"": 26.106623, ""lng"": 91.588002}, {""name"": ""LGB International Airport"", ""lat"": 26.1061, ""lng"": 91.5859}, {""name"": ""La Maison de Ananda, Majuli (stay 2)"", ""lat"": 26.157202, ""lng"": 91.780566}, {""name"": ""Guwahati Railway Station"", ""lat"": 26.1824, ""lng"": 91.7513}, {""name"": ""Ganeshguri Junction"", ""lat"": 26.147, ""lng"": 91.79}, {""name"": ""Six Mile"", ""lat"": 26.135, ""lng"": 91.805}, {""name"": ""En route to Ganeshguri Junction"", ""lat"": 26.1706, ""lng"": 91.7642}, {""name"": ""En route to Ganeshguri Junction"", ""lat"": 26.1588, ""lng"": 91.7771}, {""name"": ""En route to Guwahati Railway Station"", ""lat"": 26.169801, ""lng"": 91.765933}, {""name"": ""En route to La Maison de Ananda, Majuli (stay 2)"", ""lat"": 26.146101, ""lng"": 91.792783}]","[{""name"": ""David Williams"", ""phone"": ""+1-2706568315"", ""relation"": ""family""}, {""name"": ""Christopher Johnson"", ""phone"": ""+1-6483618753"", ""relation"": ""spouse""}]",2026-08-01 07:45:00,2026-08-03 20:45:00,26.157293,91.78052,2026-08-03 06:39:02,81.1,0,active,2026-07-22 11:45:00,normal,Business / Transit Stay
434,STS-673D8C2B0098,Sarah Brown,American,passport,358548731,+1-3376579466,"[{""name"": ""Hotel Dynasty, Lakhtokia (stay 1)"", ""lat"": 26.103713, ""lng"": 91.582496}, {""name"": ""LGB International Airport"", ""lat"": 26.1061, ""lng"": 91.5859}, {""name"": ""Ygdrasill Bamboo Resort, Cherrapunji (stay 2)"", ""lat"": 26.578246, ""lng"": 93.174285}, {""name"": ""Kaziranga National Park"", ""lat"": 26.5775, ""lng"": 93.1711}, {""name"": ""Kiranshree Portico (stay 3)"", ""lat"": 24.820019, ""lng"": 93.93728}, {""name"": ""Imphal"", ""lat"": 24.817, ""lng"": 93.9368}, {""name"": ""Diphlu River Lodge, Kaziranga (stay 4)"", ""lat"": 23.728784, ""lng"": 92.717126}, {""name"": ""Aizawl"", ""lat"": 23.7271, ""lng"": 92.7176}]","[{""name"": ""Ethan Wilson"", ""phone"": ""+1-1412423655"", ""relation"": ""family""}, {""name"": ""David Miller"", ""phone"": ""+1-4641358732"", ""relation"": ""spouse""}]",2026-08-23 11:00:00,2026-09-06 01:00:00,23.729007,92.717254,2026-09-05 06:47:17,83.0,1,active,2026-08-20 22:00:00,normal,Seven Sisters Grand Tour
435,STS-C06A75497E20,Jayanta Bhattacharya,Indian,aadhaar,XXXX-XXXX-4252,+91-6933618659,"[{""name"": ""Hotel Nandan (stay 1)"", ""lat"": 26.749674, ""lng"": 94.200282}, {""name"": ""Jorhat"", ""lat"": 26.7509, ""lng"": 94.2037}, {""name"": ""Dolma Homestay, Tawang (stay 2)"", ""lat"": 26.95287, ""lng"": 94.172088}, {""name"": ""Majuli River Island"", ""lat"": 26.95, ""lng"": 94.17}, {""name"": ""Ri Kynjai, Umiam (stay 3)"", ""lat"": 26.986362, ""lng"": 94.643332}, {""name"": ""Sivasagar"", ""lat"": 26.9826, ""lng"": 94.6425}, {""name"": ""Dolma Homestay, Tawang (stay 4)"", ""lat"": 26.5799, ""lng"": 93.173525}, {""name"": ""Kaziranga National Park"", ""lat"": 26.5775, ""lng"": 93.1711}, {""name"": ""Diphlu River Lodge, Kaziranga (stay 5)"", ""lat"": 26.634994, ""lng"": 92.797679}, {""name"": ""Tezpur"", ""lat"": 26.6338, ""lng"": 92.8}, {""name"": ""Dolma Homestay, Tawang (stay 6)"", ""lat"": 26.922644, ""lng"": 92.877707}, {""name"": ""Nameri National Park"", ""lat"": 26.92, ""lng"": 92.88}]","[{""name"": ""Parag Baishya"", ""phone"": ""+91-7610428776"", ""relation"": ""family""}]",2026-08-16 05:00:00,2026-08-23 16:00:00,26.922287,92.877864,2026-08-23 06:59:34,78.8,0,active,2026-08-12 01:00:00,normal,Upper Assam Wildlife Trail
436,STS-6AA79B3A79C0,Parag Hazarika,Indian,passport,Z4537464,+91-8026057956,"[{""name"": ""Hotel Polo Towers, Shillong (stay 1)"", ""lat"": 26.185443, ""lng"": 91.754732}, {""name"": ""Guwahati Railway Station"", ""lat"": 26.1824, ""lng"": 91.7513}, {""name"": ""Ygdrasill Bamboo Resort, Cherrapunji (stay 2)"", ""lat"": 25.576798, ""lng"": 91.890299}, {""name"": ""Shillong"", ""lat"": 25.5788, ""lng"": 91.8933}, {""name"": ""Diphlu River Lodge, Kaziranga (stay 3)"", ""lat"": 25.250088, ""lng"": 91.716471}, {""name"": ""Living Root Bridge, Nongriat"", ""lat"": 25.247, ""lng"": 91.715}]","[{""name"": ""Gitanjali Bhattacharya"", ""phone"": ""+91-8875785538"", ""relation"": ""family""}, {""name"": ""Divya Gogoi"", ""phone"": ""+91-8456739488"", ""relation"": ""spouse""}, {""name"": ""Pranjal Medhi"", ""phone"": ""+91-6501136878"", ""relation"": ""parent""}, {""name"": ""Bhaskar Reddy"", ""phone"": ""+91-6700000059"", ""relation"": ""sibling""}]",2026-08-13 11:30:00,2026-08-22 15:30:00,25.249933,91.716275,2026-08-22 06:30:07,76.8,1,active,2026-08-12 08:30:00,normal,Meghalaya Loop
437,STS-0DB1D22BC3BD,Bishal Saikia,Indian,passport,Z1325515,+91-9169721829,"[{""name"": ""La Maison de Ananda, Majuli (stay 1)"", ""lat"": 25.675867, ""lng"": 94.105837}, {""name"": ""Kohima"", ""lat"": 25.6751, ""lng"": 94.1086}, {""name"": ""Brahmaputra Jungle Resort (stay 2)"", ""lat"": 23.727104, ""lng"": 92.718485}, {""name"": ""Aizawl"", ""lat"": 23.7271, ""lng"": 92.7176}, {""name"": ""Ygdrasill Bamboo Resort, Cherrapunji (stay 3)"", ""lat"": 23.832921, ""lng"": 91.283066}, {""name"": ""Agartala"", ""lat"": 23.8315, ""lng"": 91.2868}, {""name"": ""Radisson Blu Guwahati (stay 4)"", ""lat"": 27.334135, ""lng"": 88.61743}, {""name"": ""Gangtok"", ""lat"": 27.3314, ""lng"": 88.6138}]","[{""name"": ""Bishal Das"", ""phone"": ""+91-8140113567"", ""relation"": ""family""}, {""name"": ""Rituparna Banerjee"", ""phone"": ""+91-6852614113"", ""relation"": ""spouse""}, {""name"": ""Ishita Medhi"", ""phone"": ""+91-9056400746"", ""relation"": ""colleague""}]",2026-07-29 07:15:00,2026-08-10 13:15:00,27.334164,88.617174,2026-08-10 06:43:16,81.1,1,active,2026-07-08 02:15:00,normal,Seven Sisters Grand Tour
438,STS-BD3E581EB397,Aarav Nath,Indian,aadhaar,XXXX-XXXX-9139,+91-9401463594,"[{""name"": ""Hotel Dynasty, Lakhtokia (stay 1)"", ""lat"": 26.982426, ""lng"": 94.641466}, {""name"": ""Sivasagar"", ""lat"": 26.9826, ""lng"": 94.6425}, {""name"": ""Wild Mahseer, Balipara (stay 2)"", ""lat"": 26.577777, ""lng"": 93.16942}, {""name"": ""Kaziranga National Park"", ""lat"": 26.5775, ""lng"": 93.1711}, {""name"": ""La Maison de Ananda, Majuli (stay 3)"", ""lat"": 26.634194, ""lng"": 92.799946}, {""name"": ""Tezpur"", ""lat"": 26.6338, ""lng"": 92.8}, {""name"": ""Ri Kynjai, Umiam (stay 4)"", ""lat"": 26.920585, ""lng"": 92.882973}, {""name"": ""Nameri National Park"", ""lat"": 26.92, ""lng"": 92.88}, {""name"": ""Radisson Blu Guwahati (stay 5)"", ""lat"": 26.108244, ""lng"": 91.586082}, {""name"": ""LGB International Airport"", ""lat"": 26.1061, ""lng"": 91.5859}]","[{""name"": ""Ananya Verma"", ""phone"": ""+91-7000998064"", ""relation"": ""family""}, {""name"": ""Arjun Ghosh"", ""phone"": ""+91-7952950561"", ""relation"": ""spouse""}]",2026-08-20 05:00:00,2026-08-28 17:00:00,26.108568,91.586224,2026-08-28 06:38:22,81.5,1,active,2026-08-14 11:00:00,route_deviation,Upper Assam Wildlife Trail
439,STS-67E2FF0BA479,Nabanita Banerjee,Indian,aadhaar,XXXX-XXXX-1833,+91-8965452407,"[{""name"": ""Vivanta Guwahati (stay 1)"", ""lat"": 26.104697, ""lng"": 91.584401}, {""name"": ""LGB International Airport"", ""lat"": 26.1061, ""lng"": 91.5859}, {""name"": ""Ri Kynjai, Umiam (stay 2)"", ""lat"": 26.14359, ""lng"": 91.798052}, {""name"": ""Dispur Secretariat"", ""lat"": 26.142, ""lng"": 91.79}, {""name"": ""Ganeshguri Junction"", ""lat"": 26.147, ""lng"": 91.79}, {""name"": ""Six Mile"", ""lat"": 26.135, ""lng"": 91.805}]","[{""name"": ""Rupam Nair"", ""phone"": ""+91-6962210821"", ""relation"": ""family""}, {""name"": ""Sneha Verma"", ""phone"": ""+91-7644274229"", ""relation"": ""spouse""}]",2026-08-11 09:45:00,2026-08-14 14:45:00,26.14381,91.798413,2026-08-14 06:55:44,79.7,0,active,2026-08-02 09:45:00,normal,Business / Transit Stay
440,STS-6257AD2D6945,Rupam Mishra,Indian,aadhaar,XXXX-XXXX-9022,+91-8924444792,"[{""name"": ""Hotel Nandan (stay 1)"", ""lat"": 26.151062, ""lng"": 91.785041}, {""name"": ""Guwahati Railway Station"", ""lat"": 26.1824, ""lng"": 91.7513}, {""name"": ""Ganeshguri Junction"", ""lat"": 26.147, ""lng"": 91.79}, {""name"": ""Dispur Secretariat"", ""lat"": 26.142, ""lng"": 91.79}, {""name"": ""Six Mile"", ""lat"": 26.135, ""lng"": 91.805}, {""name"": ""En route to Ganeshguri Junction"", ""lat"": 26.1706, ""lng"": 91.7642}, {""name"": ""En route to Ganeshguri Junction"", ""lat"": 26.1588, ""lng"": 91.7771}, {""name"": ""En route to Guwahati Railway Station"", ""lat"": 26.166731, ""lng"": 91.76817}, {""name"": ""En route to Hotel Nandan (stay 1)"", ""lat"": 26.143031, ""lng"": 91.795021}]","[{""name"": ""Priya Gogoi"", ""phone"": ""+91-8759924787"", ""relation"": ""family""}]",2026-08-02 09:15:00,2026-08-03 22:15:00,26.151175,91.784936,2026-08-03 06:53:16,79.8,0,active,2026-07-28 06:15:00,normal,Business / Transit Stay
441,STS-5576E0C2F492,Pranjal Iyer,Indian,passport,Z3850104,+91-8604726930,"[{""name"": ""La Maison de Ananda, Majuli (stay 1)"", ""lat"": 26.179072, ""lng"": 91.740865}, {""name"": ""Pan Bazaar"", ""lat"": 26.1856, ""lng"": 91.7455}, {""name"": ""Fancy Bazaar"", ""lat"": 26.1836, ""lng"": 91.7434}, {""name"": ""Dighalipukhuri"", ""lat"": 26.1861, ""lng"": 91.7503}, {""name"": ""Brahmaputra Riverfront"", ""lat"": 26.1905, ""lng"": 91.748}, {""name"": ""Guwahati Planetarium"", ""lat"": 26.1856, ""lng"": 91.7625}, {""name"": ""Kamakhya Temple"", ""lat"": 26.1664, ""lng"": 91.7055}, {""name"": ""En route to Kamakhya Temple"", ""lat"": 26.1792, ""lng"": 91.7435}, {""name"": ""En route to Kamakhya Temple"", ""lat"": 26.1728, ""lng"": 91.7245}, {""name"": ""En route to La Maison de Ananda, Majuli (stay 1)"", ""lat"": 26.172736, ""lng"": 91.723183}]","[{""name"": ""Siddharth Nair"", ""phone"": ""+91-9153224932"", ""relation"": ""family""}]",2026-08-28 11:00:00,2026-08-31 23:00:00,26.179141,91.740563,2026-08-31 06:54:30,80.0,1,active,2026-08-24 19:00:00,geofence_intrusion,Guwahati City Break
442,STS-0B6E2906B0AB,Tanvi Deka,Indian,aadhaar,XXXX-XXXX-7677,+91-8416408589,"[{""name"": ""Hotel Nandan (stay 1)"", ""lat"": 26.157783, ""lng"": 91.782565}, {""name"": ""Guwahati Railway Station"", ""lat"": 26.1824, ""lng"": 91.7513}, {""name"": ""Ganeshguri Junction"", ""lat"": 26.147, ""lng"": 91.79}, {""name"": ""Six Mile"", ""lat"": 26.135, ""lng"": 91.805}, {""name"": ""Hotel Nandan (stay 2)"", ""lat"": 26.104584, ""lng"": 91.589643}, {""name"": ""LGB International Airport"", ""lat"": 26.1061, ""lng"": 91.5859}, {""name"": ""En route to Ganeshguri Junction"", ""lat"": 26.1706, ""lng"": 91.7642}, {""name"": ""En route to Ganeshguri Junction"", ""lat"": 26.1588, ""lng"": 91.7771}, {""name"": ""En route to Guwahati Railway Station"", ""lat"": 26.170091, ""lng"": 91.766932}, {""name"": ""En route to Hotel Nandan (stay 1)"", ""lat"": 26.146392, ""lng"": 91.793783}]","[{""name"": ""Utpal Sharma"", ""phone"": ""+91-8036446835"", ""relation"": ""family""}, {""name"": ""Nikhil Baishya"", ""phone"": ""+91-8971990236"", ""relation"": ""spouse""}, {""name"": ""Gitanjali Barua"", ""phone"": ""+91-9469594230"", ""relation"": ""spouse""}]",2026-09-04 11:30:00,2026-09-07 19:30:00,26.104704,91.589685,2026-09-05 18:26:25,71.6,1,active,2026-08-16 11:30:00,device_fall,Business / Transit Stay
443,STS-D844E43AF5E8,Emily Jones,American,passport,038236071,+1-2022307005,"[{""name"": ""Wild Mahseer, Balipara (stay 1)"", ""lat"": 26.173481, ""lng"": 91.761295}, {""name"": ""Pan Bazaar"", ""lat"": 26.1856, ""lng"": 91.7455}, {""name"": ""Paltan Bazaar"", ""lat"": 26.1817, ""lng"": 91.7503}, {""name"": ""Uzan Bazar Ghat"", ""lat"": 26.19, ""lng"": 91.759}, {""name"": ""Srimanta Sankaradeva Kalakshetra"", ""lat"": 26.144, ""lng"": 91.8058}, {""name"": ""Hotel Rajmahal (stay 2)"", ""lat"": 26.167481, ""lng"": 91.564765}, {""name"": ""Sualkuchi Silk Village"", ""lat"": 26.1667, ""lng"": 91.5667}, {""name"": ""En route to Srimanta Sankaradeva Kalakshetra"", ""lat"": 26.174667, ""lng"": 91.7746}, {""name"": ""En route to Srimanta Sankaradeva Kalakshetra"", ""lat"": 26.159333, ""lng"": 91.7902}, {""name"": ""En route to Wild Mahseer, Balipara (stay 1)"", ""lat"": 26.153827, ""lng"": 91.790965}, {""name"": ""En route to Wild Mahseer, Balipara (stay 1)"", ""lat"": 26.163654, ""lng"": 91.77613}]","[{""name"": ""Ethan Rodriguez"", ""phone"": ""+1-7081447898"", ""relation"": ""family""}]",2026-08-07 05:30:00,2026-08-11 14:30:00,26.167764,91.564431,2026-08-11 06:45:59,81.5,1,active,2026-07-25 04:30:00,normal,Guwahati Market & Heritage Walk
444,STS-5C61FE6656A1,Dhruv Baishya,Indian,aadhaar,XXXX-XXXX-4246,+91-9206523217,"[{""name"": ""Novotel Guwahati GS Road (stay 1)"", ""lat"": 26.190166, ""lng"": 91.75086}, {""name"": ""Nehru Park"", ""lat"": 26.1857, ""lng"": 91.7477}, {""name"": ""Dighalipukhuri"", ""lat"": 26.1861, ""lng"": 91.7503}, {""name"": ""Brahmaputra Riverfront"", ""lat"": 26.1905, ""lng"": 91.748}, {""name"": ""Fancy Bazaar"", ""lat"": 26.1836, ""lng"": 91.7434}]","[{""name"": ""Rituparna Kumar"", ""phone"": ""+91-6348619317"", ""relation"": ""family""}]",2026-07-31 09:45:00,2026-08-02 12:45:00,26.189917,91.750887,2026-08-02 06:59:33,80.3,1,active,2026-07-13 04:45:00,normal,Guwahati City Break
445,STS-88000499034E,Hannah Schneider,German,passport,C90031660,+49-2869917787,"[{""name"": ""Kiranshree Portico (stay 1)"", ""lat"": 26.155408, ""lng"": 91.749773}, {""name"": ""Basistha Temple"", ""lat"": 26.1132, ""lng"": 91.797}, {""name"": ""Umananda Island"", ""lat"": 26.1964, ""lng"": 91.7453}, {""name"": ""Kamakhya Temple"", ""lat"": 26.1664, ""lng"": 91.7055}, {""name"": ""Vivanta Guwahati (stay 2)"", ""lat"": 26.36727, ""lng"": 91.635883}, {""name"": ""Madan Kamdev Ruins"", ""lat"": 26.3667, ""lng"": 91.6333}, {""name"": ""En route to Umananda Island"", ""lat"": 26.12984, ""lng"": 91.78666}, {""name"": ""En route to Umananda Island"", ""lat"": 26.14648, ""lng"": 91.77632}, {""name"": ""En route to Umananda Island"", ""lat"": 26.16312, ""lng"": 91.76598}, {""name"": ""En route to Umananda Island"", ""lat"": 26.17976, ""lng"": 91.75564}, {""name"": ""En route to Basistha Temple"", ""lat"": 26.141339, ""lng"": 91.765515}, {""name"": ""En route to Basistha Temple"", ""lat"": 26.127269, ""lng"": 91.781258}, {""name"": ""En route to Kamakhya Temple"", ""lat"": 26.1864, ""lng"": 91.732033}, {""name"": ""En route to Kamakhya Temple"", ""lat"": 26.1764, ""lng"": 91.718767}, {""name"": ""En route to Kiranshree Portico (stay 1)"", ""lat"": 26.160904, ""lng"": 91.727637}]","[{""name"": ""Lena Schmidt"", ""phone"": ""+49-3101654465"", ""relation"": ""family""}]",2026-08-13 10:00:00,2026-08-18 19:00:00,26.367197,91.635908,2026-08-18 06:46:16,78.4,1,active,2026-08-13 06:00:00,normal,Guwahati Pilgrimage Circuit
446,STS-84441FFD17B6,Gitanjali Sharma,Indian,aadhaar,XXXX-XXXX-6118,+91-8536154063,"[{""name"": ""Dolma Homestay, Tawang (stay 1)"", ""lat"": 26.152386, ""lng"": 91.780082}, {""name"": ""Six Mile"", ""lat"": 26.135, ""lng"": 91.805}, {""name"": ""Dispur Secretariat"", ""lat"": 26.142, ""lng"": 91.79}, {""name"": ""Ganeshguri Junction"", ""lat"": 26.147, ""lng"": 91.79}, {""name"": ""Guwahati Railway Station"", ""lat"": 26.1824, ""lng"": 91.7513}, {""name"": ""Brahmaputra Jungle Resort (stay 2)"", ""lat"": 26.107834, ""lng"": 91.582191}, {""name"": ""LGB International Airport"", ""lat"": 26.1061, ""lng"": 91.5859}, {""name"": ""En route to Guwahati Railway Station"", ""lat"": 26.1588, ""lng"": 91.7771}, {""name"": ""En route to Guwahati Railway Station"", ""lat"": 26.1706, ""lng"": 91.7642}, {""name"": ""En route to Dolma Homestay, Tawang (stay 1)"", ""lat"": 26.167393, ""lng"": 91.765691}, {""name"": ""En route to Six Mile"", ""lat"": 26.143693, ""lng"": 91.792541}]","[{""name"": ""Divya Singh"", ""phone"": ""+91-6379799823"", ""relation"": ""family""}, {""name"": ""Nabanita Bhattacharya"", ""phone"": ""+91-7354278642"", ""relation"": ""spouse""}]",2026-07-28 11:45:00,2026-07-31 23:45:00,26.107736,91.582143,2026-07-31 06:48:04,80.7,1,active,2026-07-27 10:45:00,high_speed_transit,Business / Transit Stay
447,STS-FE9D5466259D,Manish Singh,Indian,aadhaar,XXXX-XXXX-6200,+91-8029108867,"[{""name"": ""Hotel Rajmahal (stay 1)"", ""lat"": 25.933053, ""lng"": 91.431057}, {""name"": ""Chandubi Lake"", ""lat"": 25.9333, ""lng"": 91.4333}, {""name"": ""Dolma Homestay, Tawang (stay 2)"", ""lat"": 26.102691, ""lng"": 91.622334}, {""name"": ""Accoland Water Park"", ""lat"": 26.09, ""lng"": 91.59}, {""name"": ""Deepor Beel Wildlife Sanctuary"", ""lat"": 26.12, ""lng"": 91.65}, {""name"": ""Ygdrasill Bamboo Resort, Cherrapunji (stay 3)"", ""lat"": 26.237186, ""lng"": 92.084134}, {""name"": ""Pobitora Wildlife Sanctuary"", ""lat"": 26.2333, ""lng"": 92.0833}, {""name"": ""En route to Deepor Beel Wildlife Sanctuary"", ""lat"": 26.1, ""lng"": 91.61}, {""name"": ""En route to Deepor Beel Wildlife Sanctuary"", ""lat"": 26.11, ""lng"": 91.63}, {""name"": ""En route to Accoland Water Park"", ""lat"": 26.096345, ""lng"": 91.606167}, {""name"": ""En route to Dolma Homestay, Tawang (stay 2)"", ""lat"": 26.111345, ""lng"": 91.636167}]","[{""name"": ""Pranjal Kalita"", ""phone"": ""+91-7809381952"", ""relation"": ""family""}, {""name"": ""Bornali Das"", ""phone"": ""+91-9610502964"", ""relation"": ""spouse""}, {""name"": ""Pranjal Reddy"", ""phone"": ""+91-7774830373"", ""relation"": ""friend""}]",2026-08-12 05:30:00,2026-08-16 09:30:00,26.237084,92.084253,2026-08-16 06:39:13,83.5,1,active,2026-08-03 17:30:00,normal,Guwahati Nature & Wildlife
448,STS-C4BF7ADE46BA,Sneha Barua,Indian,passport,Z9024567,+91-7063507515,"[{""name"": ""Dolma Homestay, Tawang (stay 1)"", ""lat"": 26.150004, ""lng"": 91.783251}, {""name"": ""Dispur Secretariat"", ""lat"": 26.142, ""lng"": 91.79}, {""name"": ""Six Mile"", ""lat"": 26.135, ""lng"": 91.805}, {""name"": ""Guwahati Railway Station"", ""lat"": 26.1824, ""lng"": 91.7513}, {""name"": ""La Maison de Ananda, Majuli (stay 2)"", ""lat"": 26.106778, ""lng"": 91.584026}, {""name"": ""LGB International Airport"", ""lat"": 26.1061, ""lng"": 91.5859}, {""name"": ""En route to Guwahati Railway Station"", ""lat"": 26.14685, ""lng"": 91.791575}, {""name"": ""En route to Guwahati Railway Station"", ""lat"": 26.1587, ""lng"": 91.77815}, {""name"": ""En route to Guwahati Railway Station"", ""lat"": 26.17055, ""lng"": 91.764725}, {""name"": ""En route to Dolma Homestay, Tawang (stay 1)"", ""lat"": 26.166202, ""lng"": 91.767276}]","[{""name"": ""Junmoni Bora"", ""phone"": ""+91-7521326420"", ""relation"": ""family""}, {""name"": ""Vikram Rajkhowa"", ""phone"": ""+91-7860918964"", ""relation"": ""spouse""}]",2026-08-01 06:15:00,2026-08-03 17:15:00,26.106392,91.584223,2026-08-03 06:40:15,82.0,1,active,2026-07-26 10:15:00,normal,Business / Transit Stay
449,STS-E53DA70FEEB8,Rahul Nair,Indian,aadhaar,XXXX-XXXX-2235,+91-8254997022,"[{""name"": ""Ygdrasill Bamboo Resort, Cherrapunji (stay 1)"", ""lat"": 26.246401, ""lng"": 91.51981}, {""name"": ""Hajo Pilgrimage Town"", ""lat"": 26.25, ""lng"": 91.5167}, {""name"": ""Kiranshree Portico (stay 2)"", ""lat"": 26.365066, ""lng"": 91.631632}, {""name"": ""Madan Kamdev Ruins"", ""lat"": 26.3667, ""lng"": 91.6333}, {""name"": ""Hotel Rajmahal (stay 3)"", ""lat"": 26.154064, ""lng"": 91.757535}, {""name"": ""Kamakhya Temple"", ""lat"": 26.1664, ""lng"": 91.7055}, {""name"": ""Navagraha Temple"", ""lat"": 26.1749, ""lng"": 91.7789}, {""name"": ""Basistha Temple"", ""lat"": 26.1132, ""lng"": 91.797}, {""name"": ""En route to Navagraha Temple"", ""lat"": 26.169233, ""lng"": 91.729967}, {""name"": ""En route to Navagraha Temple"", ""lat"": 26.172067, ""lng"": 91.754433}, {""name"": ""En route to Basistha Temple"", ""lat"": 26.154333, ""lng"": 91.784933}, {""name"": ""En route to Basistha Temple"", ""lat"": 26.133767, ""lng"": 91.790967}, {""name"": ""En route to Hotel Rajmahal (stay 3)"", ""lat"": 26.126821, ""lng"": 91.783845}, {""name"": ""En route to Hotel Rajmahal (stay 3)"", ""lat"": 26.140443, ""lng"": 91.77069}, {""name"": ""En route to Kamakhya Temple"", ""lat"": 26.158176, ""lng"": 91.74019}, {""name"": ""En route to Kamakhya Temple"", ""lat"": 26.162288, ""lng"": 91.722845}]","[{""name"": ""Ananya Reddy"", ""phone"": ""+91-7426291968"", ""relation"": ""family""}]",2026-08-09 08:30:00,2026-08-13 16:30:00,26.153866,91.757621,2026-08-13 07:05:15,79.6,1,active,2026-08-02 16:30:00,route_deviation,Guwahati Pilgrimage Circuit
450,STS-F24158296290,Rituparna Verma,Indian,aadhaar,XXXX-XXXX-7475,+91-8356364432,"[{""name"": ""Vivanta Guwahati (stay 1)"", ""lat"": 26.102236, ""lng"": 91.583467}, {""name"": ""LGB International Airport"", ""lat"": 26.1061, ""lng"": 91.5859}, {""name"": ""Hotel Dynasty, Lakhtokia (stay 2)"", ""lat"": 26.155398, ""lng"": 91.782734}, {""name"": ""Guwahati Railway Station"", ""lat"": 26.1824, ""lng"": 91.7513}, {""name"": ""Ganeshguri Junction"", ""lat"": 26.147, ""lng"": 91.79}, {""name"": ""Dispur Secretariat"", ""lat"": 26.142, ""lng"": 91.79}, {""name"": ""Six Mile"", ""lat"": 26.135, ""lng"": 91.805}, {""name"": ""En route to Ganeshguri Junction"", ""lat"": 26.1706, ""lng"": 91.7642}, {""name"": ""En route to Ganeshguri Junction"", ""lat"": 26.1588, ""lng"": 91.7771}, {""name"": ""En route to Guwahati Railway Station"", ""lat"": 26.168899, ""lng"": 91.767017}, {""name"": ""En route to Hotel Dynasty, Lakhtokia (stay 2)"", ""lat"": 26.145199, ""lng"": 91.793867}]","[{""name"": ""Pooja Bhattacharya"", ""phone"": ""+91-6514129393"", ""relation"": ""family""}, {""name"": ""Utpal Ghosh"", ""phone"": ""+91-7415696947"", ""relation"": ""spouse""}]",2026-07-29 08:00:00,2026-08-01 17:00:00,26.155518,91.782805,2026-08-01 06:37:30,80.4,1,active,2026-07-22 05:00:00,normal,Business / Transit Stay
451,STS-4DBEE800294F,George Hall,British,passport,941620516,+44-8441729995,"[{""name"": ""Radisson Blu Guwahati (stay 1)"", ""lat"": 26.176302, ""lng"": 91.734051}, {""name"": ""Guwahati Planetarium"", ""lat"": 26.1856, ""lng"": 91.7625}, {""name"": ""Fancy Bazaar"", ""lat"": 26.1836, ""lng"": 91.7434}, {""name"": ""Kamakhya Temple"", ""lat"": 26.1664, ""lng"": 91.7055}, {""name"": ""En route to Kamakhya Temple"", ""lat"": 26.175, ""lng"": 91.72445}, {""name"": ""En route to Radisson Blu Guwahati (stay 1)"", ""lat"": 26.171351, ""lng"": 91.719775}, {""name"": ""En route to Guwahati Planetarium"", ""lat"": 26.180951, ""lng"": 91.748276}]","[{""name"": ""Charlotte Clarke"", ""phone"": ""+44-1881842687"", ""relation"": ""family""}, {""name"": ""Alfie Baker"", ""phone"": ""+44-1828142611"", ""relation"": ""spouse""}, {""name"": ""Isla Hall"", ""phone"": ""+44-6045335288"", ""relation"": ""sibling""}]",2026-08-09 05:15:00,2026-08-14 07:15:00,26.175916,91.734023,2026-08-14 06:56:14,79.5,0,active,2026-07-31 03:15:00,inactivity,Guwahati City Break
452,STS-BD8D5B0FA59C,Hemanta Gogoi,Indian,aadhaar,XXXX-XXXX-1360,+91-6473995148,"[{""name"": ""Ri Kynjai, Umiam (stay 1)"", ""lat"": 26.63519, ""lng"": 92.799191}, {""name"": ""Tezpur"", ""lat"": 26.6338, ""lng"": 92.8}, {""name"": ""Diphlu River Lodge, Kaziranga (stay 2)"", ""lat"": 26.186213, ""lng"": 91.751913}, {""name"": ""Guwahati Railway Station"", ""lat"": 26.1824, ""lng"": 91.7513}, {""name"": ""Hotel Polo Towers, Shillong (stay 3)"", ""lat"": 27.588394, ""lng"": 91.858902}, {""name"": ""Tawang Monastery"", ""lat"": 27.5861, ""lng"": 91.8594}, {""name"": ""Diphlu River Lodge, Kaziranga (stay 4)"", ""lat"": 27.544419, ""lng"": 93.833732}, {""name"": ""Ziro Valley"", ""lat"": 27.5448, ""lng"": 93.832}]","[{""name"": ""Aditya Bora"", ""phone"": ""+91-9409717198"", ""relation"": ""family""}, {""name"": ""Junmoni Mishra"", ""phone"": ""+91-8237132273"", ""relation"": ""spouse""}, {""name"": ""Anurag Ghosh"", ""phone"": ""+91-8149846095"", ""relation"": ""parent""}, {""name"": ""Mridula Iyer"", ""phone"": ""+91-8132782824"", ""relation"": ""friend""}]",2026-07-28 08:45:00,2026-08-07 21:45:00,27.544252,93.833363,2026-08-07 06:39:35,81.2,1,active,2026-07-20 03:45:00,normal,Arunachal High Himalaya
453,STS-5AA4EC17BB41,Hemanta Dutta,Indian,aadhaar,XXXX-XXXX-8226,+91-8880013911,"[{""name"": ""Dolma Homestay, Tawang (stay 1)"", ""lat"": 26.181926, ""lng"": 91.788762}, {""name"": ""Assam State Zoo & Botanical Garden"", ""lat"": 26.178, ""lng"": 91.786}, {""name"": ""Vivanta Guwahati (stay 2)"", ""lat"": 26.107837, ""lng"": 91.618337}, {""name"": ""Deepor Beel Wildlife Sanctuary"", ""lat"": 26.12, ""lng"": 91.65}, {""name"": ""Accoland Water Park"", ""lat"": 26.09, ""lng"": 91.59}, {""name"": ""Brahmaputra Jungle Resort (stay 3)"", ""lat"": 25.9309, ""lng"": 91.430349}, {""name"": ""Chandubi Lake"", ""lat"": 25.9333, ""lng"": 91.4333}, {""name"": ""Ri Kynjai, Umiam (stay 4)"", ""lat"": 26.229719, ""lng"": 92.08423}, {""name"": ""Pobitora Wildlife Sanctuary"", ""lat"": 26.2333, ""lng"": 92.0833}, {""name"": ""En route to Accoland Water Park"", ""lat"": 26.11, ""lng"": 91.63}, {""name"": ""En route to Accoland Water Park"", ""lat"": 26.1, ""lng"": 91.61}, {""name"": ""En route to Vivanta Guwahati (stay 2)"", ""lat"": 26.098918, ""lng"": 91.604169}, {""name"": ""En route to Deepor Beel Wildlife Sanctuary"", ""lat"": 26.113919, ""lng"": 91.634169}]","[{""name"": ""Vikram Kumar"", ""phone"": ""+91-7339058807"", ""relation"": ""family""}, {""name"": ""Kavya Medhi"", ""phone"": ""+91-7068688112"", ""relation"": ""spouse""}]",2026-07-27 10:15:00,2026-07-31 22:15:00,26.229631,92.084148,2026-07-31 06:52:22,83.0,1,active,2026-07-08 19:15:00,normal,Guwahati Nature & Wildlife
454,STS-36ABB249AE13,Pooja Reddy,Indian,passport,Z9682371,+91-9533276475,"[{""name"": ""Wild Mahseer, Balipara (stay 1)"", ""lat"": 26.186009, ""lng"": 91.75065}, {""name"": ""Guwahati Railway Station"", ""lat"": 26.1824, ""lng"": 91.7513}, {""name"": ""Hotel Rajmahal (stay 2)"", ""lat"": 26.630545, ""lng"": 92.800429}, {""name"": ""Tezpur"", ""lat"": 26.6338, ""lng"": 92.8}, {""name"": ""Ygdrasill Bamboo Resort, Cherrapunji (stay 3)"", ""lat"": 27.585544, ""lng"": 91.857644}, {""name"": ""Tawang Monastery"", ""lat"": 27.5861, ""lng"": 91.8594}, {""name"": ""Diphlu River Lodge, Kaziranga (stay 4)"", ""lat"": 27.544484, ""lng"": 93.83273}, {""name"": ""Ziro Valley"", ""lat"": 27.5448, ""lng"": 93.832}]","[{""name"": ""Aditya Bora"", ""phone"": ""+91-7517489741"", ""relation"": ""family""}, {""name"": ""Kabir Bora"", ""phone"": ""+91-8090594576"", ""relation"": ""spouse""}, {""name"": ""Bishal Iyer"", ""phone"": ""+91-8943328088"", ""relation"": ""spouse""}]",2026-08-07 08:30:00,2026-08-15 22:30:00,27.54479,93.83262,2026-08-15 06:55:30,82.5,1,active,2026-07-30 06:30:00,high_speed_transit,Arunachal High Himalaya
455,STS-C635C3308CA2,Utpal Reddy,Indian,aadhaar,XXXX-XXXX-2227,+91-8318783266,"[{""name"": ""Ygdrasill Bamboo Resort, Cherrapunji (stay 1)"", ""lat"": 25.262098, ""lng"": 91.698111}, {""name"": ""Living Root Bridge, Nongriat"", ""lat"": 25.247, ""lng"": 91.715}, {""name"": ""Nohkalikai Falls"", ""lat"": 25.276, ""lng"": 91.6857}, {""name"": ""Hotel Polo Towers, Shillong (stay 2)"", ""lat"": 25.658327, ""lng"": 91.890707}, {""name"": ""Umiam Lake"", ""lat"": 25.657, ""lng"": 91.889}, {""name"": ""En route to Nohkalikai Falls"", ""lat"": 25.2615, ""lng"": 91.70035}]","[{""name"": ""Arjun Gogoi"", ""phone"": ""+91-9492020730"", ""relation"": ""family""}]",2026-08-26 07:30:00,2026-09-03 10:30:00,25.658331,91.890995,2026-09-03 06:55:00,64.4,1,active,2026-08-25 02:30:00,geofence_intrusion,Meghalaya Loop
456,STS-38D9BB2C4F55,Kavya Deka,Indian,aadhaar,XXXX-XXXX-5181,+91-8183020250,"[{""name"": ""Dolma Homestay, Tawang (stay 1)"", ""lat"": 26.176418, ""lng"": 91.761627}, {""name"": ""Srimanta Sankaradeva Kalakshetra"", ""lat"": 26.144, ""lng"": 91.8058}, {""name"": ""Uzan Bazar Ghat"", ""lat"": 26.19, ""lng"": 91.759}, {""name"": ""Pan Bazaar"", ""lat"": 26.1856, ""lng"": 91.7455}, {""name"": ""Fancy Bazaar"", ""lat"": 26.1836, ""lng"": 91.7434}, {""name"": ""Ginger Guwahati (stay 2)"", ""lat"": 26.170355, ""lng"": 91.566085}, {""name"": ""Sualkuchi Silk Village"", ""lat"": 26.1667, ""lng"": 91.5667}, {""name"": ""En route to Uzan Bazar Ghat"", ""lat"": 26.159333, ""lng"": 91.7902}, {""name"": ""En route to Uzan Bazar Ghat"", ""lat"": 26.174667, ""lng"": 91.7746}, {""name"": ""En route to Srimanta Sankaradeva Kalakshetra"", ""lat"": 26.165612, ""lng"": 91.776351}, {""name"": ""En route to Srimanta Sankaradeva Kalakshetra"", ""lat"": 26.154806, ""lng"": 91.791076}]","[{""name"": ""Siddharth Bora"", ""phone"": ""+91-9536533095"", ""relation"": ""family""}, {""name"": ""Bhaskar Deka"", ""phone"": ""+91-6823601413"", ""relation"": ""spouse""}]",2026-08-22 10:30:00,2026-08-24 23:30:00,26.170667,91.566391,2026-08-24 06:47:58,81.6,1,active,2026-08-02 17:30:00,normal,Guwahati Market & Heritage Walk
457,STS-A674DAB880D0,Junmoni Verma,Indian,aadhaar,XXXX-XXXX-1059,+91-9067238830,"[{""name"": ""La Maison de Ananda, Majuli (stay 1)"", ""lat"": 26.747874, ""lng"": 94.201128}, {""name"": ""Jorhat"", ""lat"": 26.7509, ""lng"": 94.2037}, {""name"": ""La Maison de Ananda, Majuli (stay 2)"", ""lat"": 26.576826, ""lng"": 93.167613}, {""name"": ""Kaziranga National Park"", ""lat"": 26.5775, ""lng"": 93.1711}, {""name"": ""Dolma Homestay, Tawang (stay 3)"", ""lat"": 26.63152, ""lng"": 92.803043}, {""name"": ""Tezpur"", ""lat"": 26.6338, ""lng"": 92.8}]","[{""name"": ""Hemanta Sen"", ""phone"": ""+91-7386292104"", ""relation"": ""family""}, {""name"": ""Vikram Mishra"", ""phone"": ""+91-6000854032"", ""relation"": ""spouse""}, {""name"": ""Vikram Reddy"", ""phone"": ""+91-8811039913"", ""relation"": ""spouse""}, {""name"": ""Utpal Bora"", ""phone"": ""+91-7752897580"", ""relation"": ""colleague""}]",2026-07-26 06:45:00,2026-08-02 14:45:00,26.631462,92.802825,2026-08-02 06:49:06,84.9,1,active,2026-07-13 19:45:00,normal,Upper Assam Wildlife Trail
458,STS-96DA86EFC081,Rupam Medhi,Indian,aadhaar,XXXX-XXXX-2475,+91-9219132293,"[{""name"": ""Brahmaputra Jungle Resort (stay 1)"", ""lat"": 26.230201, ""lng"": 92.084863}, {""name"": ""Pobitora Wildlife Sanctuary"", ""lat"": 26.2333, ""lng"": 92.0833}, {""name"": ""Novotel Guwahati GS Road (stay 2)"", ""lat"": 26.092933, ""lng"": 91.591702}, {""name"": ""Accoland Water Park"", ""lat"": 26.09, ""lng"": 91.59}, {""name"": ""Wild Mahseer, Balipara (stay 3)"", ""lat"": 25.936976, ""lng"": 91.430321}, {""name"": ""Chandubi Lake"", ""lat"": 25.9333, ""lng"": 91.4333}]","[{""name"": ""Jayanta Bora"", ""phone"": ""+91-8952037154"", ""relation"": ""family""}, {""name"": ""Debojit Phukan"", ""phone"": ""+91-7610365783"", ""relation"": ""spouse""}, {""name"": ""Manish Sharma"", ""phone"": ""+91-9557625233"", ""relation"": ""employer""}]",2026-09-01 09:00:00,2026-09-04 16:00:00,25.936964,91.430526,2026-09-04 06:45:12,79.2,1,active,2026-08-27 00:00:00,route_deviation,Guwahati Nature & Wildlife
459,STS-32822D8A714C,Ethan Miller,American,passport,796772513,+1-9303683649,"[{""name"": ""Diphlu River Lodge, Kaziranga (stay 1)"", ""lat"": 26.185511, ""lng"": 91.750246}, {""name"": ""Guwahati Railway Station"", ""lat"": 26.1824, ""lng"": 91.7513}, {""name"": ""Ri Kynjai, Umiam (stay 2)"", ""lat"": 26.637038, ""lng"": 92.798075}, {""name"": ""Tezpur"", ""lat"": 26.6338, ""lng"": 92.8}, {""name"": ""Ygdrasill Bamboo Resort, Cherrapunji (stay 3)"", ""lat"": 27.587804, ""lng"": 91.859261}, {""name"": ""Tawang Monastery"", ""lat"": 27.5861, ""lng"": 91.8594}, {""name"": ""Novotel Guwahati GS Road (stay 4)"", ""lat"": 27.545679, ""lng"": 93.833055}, {""name"": ""Ziro Valley"", ""lat"": 27.5448, ""lng"": 93.832}]","[{""name"": ""Ashley Brown"", ""phone"": ""+1-3200476594"", ""relation"": ""family""}, {""name"": ""Ashley Jones"", ""phone"": ""+1-7696922587"", ""relation"": ""spouse""}, {""name"": ""Christopher Johnson"", ""phone"": ""+1-5729716081"", ""relation"": ""tour_operator""}, {""name"": ""Olivia Garcia"", ""phone"": ""+1-1112245031"", ""relation"": ""parent""}]",2026-09-09 05:00:00,2026-09-17 18:00:00,,,,100.0,1,active,2026-08-25 07:00:00,normal,Arunachal High Himalaya
460,STS-DD0AE74733ED,Ashley Garcia,American,passport,174339049,+1-6147619508,"[{""name"": ""Diphlu River Lodge, Kaziranga (stay 1)"", ""lat"": 25.672381, ""lng"": 94.107245}, {""name"": ""Kohima"", ""lat"": 25.6751, ""lng"": 94.1086}, {""name"": ""Hotel Rajmahal (stay 2)"", ""lat"": 26.102559, ""lng"": 91.583317}, {""name"": ""LGB International Airport"", ""lat"": 26.1061, ""lng"": 91.5859}, {""name"": ""Ginger Guwahati (stay 3)"", ""lat"": 27.332471, ""lng"": 88.613275}, {""name"": ""Gangtok"", ""lat"": 27.3314, ""lng"": 88.6138}]","[{""name"": ""Ashley Garcia"", ""phone"": ""+1-1586210459"", ""relation"": ""family""}, {""name"": ""Sarah Miller"", ""phone"": ""+1-6207059592"", ""relation"": ""spouse""}]",2026-08-29 07:15:00,2026-09-12 11:15:00,27.332789,88.612987,2026-09-05 18:31:47,75.6,1,active,2026-08-07 19:15:00,normal,Seven Sisters Grand Tour
461,STS-B63DC782B1A3,Dhruv Nair,Indian,voterid,XSY5350465,+91-9028766957,"[{""name"": ""Ginger Guwahati (stay 1)"", ""lat"": 25.672503, ""lng"": 94.108373}, {""name"": ""Kohima"", ""lat"": 25.6751, ""lng"": 94.1086}, {""name"": ""Ri Kynjai, Umiam (stay 2)"", ""lat"": 24.818598, ""lng"": 93.938191}, {""name"": ""Imphal"", ""lat"": 24.817, ""lng"": 93.9368}, {""name"": ""Diphlu River Lodge, Kaziranga (stay 3)"", ""lat"": 23.828539, ""lng"": 91.285017}, {""name"": ""Agartala"", ""lat"": 23.8315, ""lng"": 91.2868}]","[{""name"": ""Rituparna Sharma"", ""phone"": ""+91-7904435273"", ""relation"": ""family""}, {""name"": ""Gitanjali Deka"", ""phone"": ""+91-8127577796"", ""relation"": ""spouse""}]",2026-08-29 05:30:00,2026-09-11 18:30:00,23.828781,91.285163,2026-09-05 18:04:56,69.6,1,active,2026-08-21 14:30:00,normal,Seven Sisters Grand Tour
462,STS-8C5126BF6CE5,Utpal Bora,Indian,aadhaar,XXXX-XXXX-9157,+91-7545468283,"[{""name"": ""Ginger Guwahati (stay 1)"", ""lat"": 26.155024, ""lng"": 91.781133}, {""name"": ""Dispur Secretariat"", ""lat"": 26.142, ""lng"": 91.79}, {""name"": ""Ganeshguri Junction"", ""lat"": 26.147, ""lng"": 91.79}, {""name"": ""Six Mile"", ""lat"": 26.135, ""lng"": 91.805}, {""name"": ""Guwahati Railway Station"", ""lat"": 26.1824, ""lng"": 91.7513}, {""name"": ""Hotel Nandan (stay 2)"", ""lat"": 26.108929, ""lng"": 91.587358}, {""name"": ""LGB International Airport"", ""lat"": 26.1061, ""lng"": 91.5859}, {""name"": ""En route to Guwahati Railway Station"", ""lat"": 26.14685, ""lng"": 91.791575}, {""name"": ""En route to Guwahati Railway Station"", ""lat"": 26.1587, ""lng"": 91.77815}, {""name"": ""En route to Guwahati Railway Station"", ""lat"": 26.17055, ""lng"": 91.764725}, {""name"": ""En route to Ginger Guwahati (stay 1)"", ""lat"": 26.168712, ""lng"": 91.766216}]","[{""name"": ""Tanvi Singh"", ""phone"": ""+91-9751302093"", ""relation"": ""family""}, {""name"": ""Aditya Sharma"", ""phone"": ""+91-6984204405"", ""relation"": ""spouse""}, {""name"": ""Wild Mahseer, Balipara Front Desk"", ""phone"": ""+91-9910535707"", ""relation"": ""hotel""}]",2026-08-13 08:30:00,2026-08-14 11:30:00,26.154963,91.78118,2026-08-14 06:42:59,79.9,1,active,2026-08-01 04:30:00,high_speed_transit,Business / Transit Stay
463,STS-99487E404A70,Bornali Mishra,Indian,aadhaar,XXXX-XXXX-4050,+91-9002597705,"[{""name"": ""Hotel Dynasty, Lakhtokia (stay 1)"", ""lat"": 26.188193, ""lng"": 91.747888}, {""name"": ""Uzan Bazar Ghat"", ""lat"": 26.19, ""lng"": 91.759}, {""name"": ""Paltan Bazaar"", ""lat"": 26.1817, ""lng"": 91.7503}, {""name"": ""Fancy Bazaar"", ""lat"": 26.1836, ""lng"": 91.7434}]","[{""name"": ""Utpal Sharma"", ""phone"": ""+91-9658279173"", ""relation"": ""family""}, {""name"": ""Debojit Das"", ""phone"": ""+91-7543630330"", ""relation"": ""spouse""}]",2026-08-20 05:45:00,2026-08-24 18:45:00,26.187822,91.747714,2026-08-24 06:40:34,79.5,1,active,2026-07-30 19:45:00,sos_panic,Guwahati Market & Heritage Walk
464,STS-BB6FE1A4E2DC,Riya Hazarika,Indian,aadhaar,XXXX-XXXX-2749,+91-7735071660,"[{""name"": ""Ginger Guwahati (stay 1)"", ""lat"": 26.107542, ""lng"": 91.622215}, {""name"": ""Deepor Beel Wildlife Sanctuary"", ""lat"": 26.12, ""lng"": 91.65}, {""name"": ""Accoland Water Park"", ""lat"": 26.09, ""lng"": 91.59}, {""name"": ""Ri Kynjai, Umiam (stay 2)"", ""lat"": 26.181717, ""lng"": 91.788253}, {""name"": ""Assam State Zoo & Botanical Garden"", ""lat"": 26.178, ""lng"": 91.786}, {""name"": ""Diphlu River Lodge, Kaziranga (stay 3)"", ""lat"": 26.233181, ""lng"": 92.080343}, {""name"": ""Pobitora Wildlife Sanctuary"", ""lat"": 26.2333, ""lng"": 92.0833}, {""name"": ""En route to Accoland Water Park"", ""lat"": 26.11, ""lng"": 91.63}, {""name"": ""En route to Accoland Water Park"", ""lat"": 26.1, ""lng"": 91.61}, {""name"": ""En route to Ginger Guwahati (stay 1)"", ""lat"": 26.098771, ""lng"": 91.606108}, {""name"": ""En route to Deepor Beel Wildlife Sanctuary"", ""lat"": 26.113771, ""lng"": 91.636108}]","[{""name"": ""Junmoni Medhi"", ""phone"": ""+91-7593816753"", ""relation"": ""family""}, {""name"": ""Ishita Nair"", ""phone"": ""+91-9312195517"", ""relation"": ""spouse""}, {""name"": ""Simanta Verma"", ""phone"": ""+91-7098773959"", ""relation"": ""employer""}]",2026-07-23 07:15:00,2026-07-28 20:15:00,26.232789,92.080034,2026-07-28 06:31:28,83.9,1,active,2026-07-14 01:15:00,normal,Guwahati Nature & Wildlife
465,STS-7FBA6B9E27DE,Hemanta Iyer,Indian,aadhaar,XXXX-XXXX-5946,+91-9263260313,"[{""name"": ""La Maison de Ananda, Majuli (stay 1)"", ""lat"": 26.182795, ""lng"": 91.756688}, {""name"": ""Guwahati Planetarium"", ""lat"": 26.1856, ""lng"": 91.7625}, {""name"": ""Gandhi Mandap, Sarania Hill"", ""lat"": 26.175, ""lng"": 91.758}, {""name"": ""Assam State Museum"", ""lat"": 26.1857, ""lng"": 91.7481}, {""name"": ""Fancy Bazaar"", ""lat"": 26.1836, ""lng"": 91.7434}]","[{""name"": ""Rituparna Choudhury"", ""phone"": ""+91-9561626483"", ""relation"": ""family""}, {""name"": ""Kabir Banerjee"", ""phone"": ""+91-7673218776"", ""relation"": ""spouse""}]",2026-08-14 07:30:00,2026-08-19 14:30:00,26.182684,91.756416,2026-08-19 07:01:17,79.5,1,active,2026-07-29 15:30:00,night_wanderer,Guwahati City Break
466,STS-B3250A00E1B1,Ishita Singh,Indian,aadhaar,XXXX-XXXX-2432,+91-8599501911,"[{""name"": ""Diphlu River Lodge, Kaziranga (stay 1)"", ""lat"": 26.137478, ""lng"": 91.794413}, {""name"": ""Dispur Secretariat"", ""lat"": 26.142, ""lng"": 91.79}, {""name"": ""Six Mile"", ""lat"": 26.135, ""lng"": 91.805}, {""name"": ""Hotel Polo Towers, Shillong (stay 2)"", ""lat"": 26.10528, ""lng"": 91.58514}, {""name"": ""LGB International Airport"", ""lat"": 26.1061, ""lng"": 91.5859}]","[{""name"": ""Sneha Hazarika"", ""phone"": ""+91-9027324241"", ""relation"": ""family""}, {""name"": ""Anurag Singh"", ""phone"": ""+91-6583422171"", ""relation"": ""spouse""}]",2026-09-07 09:30:00,2026-09-10 20:30:00,,,,100.0,0,active,2026-08-25 02:30:00,normal,Business / Transit Stay
467,STS-6433BC1F34A2,Aarav Medhi,Indian,aadhaar,XXXX-XXXX-6111,+91-8092974937,"[{""name"": ""Radisson Blu Guwahati (stay 1)"", ""lat"": 26.144498, ""lng"": 91.791602}, {""name"": ""Navagraha Temple"", ""lat"": 26.1749, ""lng"": 91.7789}, {""name"": ""Basistha Temple"", ""lat"": 26.1132, ""lng"": 91.797}, {""name"": ""Vivanta Guwahati (stay 2)"", ""lat"": 26.24671, ""lng"": 91.516247}, {""name"": ""Hajo Pilgrimage Town"", ""lat"": 26.25, ""lng"": 91.5167}, {""name"": ""En route to Basistha Temple"", ""lat"": 26.154333, ""lng"": 91.784933}, {""name"": ""En route to Basistha Temple"", ""lat"": 26.133767, ""lng"": 91.790967}, {""name"": ""En route to Navagraha Temple"", ""lat"": 26.159699, ""lng"": 91.785251}, {""name"": ""En route to Radisson Blu Guwahati (stay 1)"", ""lat"": 26.128849, ""lng"": 91.794301}]","[{""name"": ""Bornali Choudhury"", ""phone"": ""+91-8885791050"", ""relation"": ""family""}, {""name"": ""Rupam Deka"", ""phone"": ""+91-6748939562"", ""relation"": ""spouse""}]",2026-07-22 05:00:00,2026-07-25 17:00:00,26.246644,91.516178,2026-07-25 06:32:23,83.4,1,active,2026-07-11 17:00:00,route_deviation,Guwahati Pilgrimage Circuit
468,STS-1FBCD20B16E5,Chandana Hazarika,Indian,aadhaar,XXXX-XXXX-5123,+91-6420125835,"[{""name"": ""Vivanta Guwahati (stay 1)"", ""lat"": 26.177428, ""lng"": 91.728339}, {""name"": ""Kamakhya Temple"", ""lat"": 26.1664, ""lng"": 91.7055}, {""name"": ""Umananda Island"", ""lat"": 26.1964, ""lng"": 91.7453}, {""name"": ""Novotel Guwahati GS Road (stay 2)"", ""lat"": 26.246536, ""lng"": 91.514297}, {""name"": ""Hajo Pilgrimage Town"", ""lat"": 26.25, ""lng"": 91.5167}, {""name"": ""En route to Umananda Island"", ""lat"": 26.1764, ""lng"": 91.718767}, {""name"": ""En route to Umananda Island"", ""lat"": 26.1864, ""lng"": 91.732033}, {""name"": ""En route to Vivanta Guwahati (stay 1)"", ""lat"": 26.186914, ""lng"": 91.736819}, {""name"": ""En route to Kamakhya Temple"", ""lat"": 26.171914, ""lng"": 91.71692}]","[{""name"": ""Bornali Hazarika"", ""phone"": ""+91-9055884288"", ""relation"": ""family""}, {""name"": ""Nabanita Ghosh"", ""phone"": ""+91-6279663810"", ""relation"": ""spouse""}]",2026-08-22 07:45:00,2026-08-27 14:45:00,26.246267,91.513937,2026-08-27 06:38:09,82.2,1,active,2026-08-01 18:45:00,normal,Guwahati Pilgrimage Circuit
469,STS-A5C71DB99083,Ishara Fernando,Sri Lankan,passport,N5789328,+94-968021228,"[{""name"": ""La Maison de Ananda, Majuli (stay 1)"", ""lat"": 26.17953, ""lng"": 91.743803}, {""name"": ""Kamakhya Temple"", ""lat"": 26.1664, ""lng"": 91.7055}, {""name"": ""Fancy Bazaar"", ""lat"": 26.1836, ""lng"": 91.7434}, {""name"": ""Pan Bazaar"", ""lat"": 26.1856, ""lng"": 91.7455}, {""name"": ""Nehru Park"", ""lat"": 26.1857, ""lng"": 91.7477}, {""name"": ""Dighalipukhuri"", ""lat"": 26.1861, ""lng"": 91.7503}, {""name"": ""Brahmaputra Riverfront"", ""lat"": 26.1905, ""lng"": 91.748}, {""name"": ""En route to Fancy Bazaar"", ""lat"": 26.175, ""lng"": 91.72445}, {""name"": ""En route to Kamakhya Temple"", ""lat"": 26.172965, ""lng"": 91.724651}]","[{""name"": ""Ishara Bandara"", ""phone"": ""+94-582678664"", ""relation"": ""family""}, {""name"": ""Chamara Silva"", ""phone"": ""+94-894029972"", ""relation"": ""spouse""}, {""name"": ""Novotel Guwahati GS Road Front Desk"", ""phone"": ""+91-7213449612"", ""relation"": ""hotel""}]",2026-07-22 06:30:00,2026-07-26 20:30:00,26.179221,91.744049,2026-07-26 07:01:53,79.2,1,active,2026-06-30 14:30:00,abduction_pattern,Guwahati City Break
470,STS-3DC2616DEBBE,Sneha Sharma,Indian,aadhaar,XXXX-XXXX-9786,+91-9390990786,"[{""name"": ""Radisson Blu Guwahati (stay 1)"", ""lat"": 26.185807, ""lng"": 91.750253}, {""name"": ""Guwahati Railway Station"", ""lat"": 26.1824, ""lng"": 91.7513}, {""name"": ""Ygdrasill Bamboo Resort, Cherrapunji (stay 2)"", ""lat"": 25.653082, ""lng"": 91.886275}, {""name"": ""Umiam Lake"", ""lat"": 25.657, ""lng"": 91.889}, {""name"": ""Hotel Rajmahal (stay 3)"", ""lat"": 25.2686, ""lng"": 91.700064}, {""name"": ""Cherrapunji (Sohra)"", ""lat"": 25.2912, ""lng"": 91.6783}, {""name"": ""Living Root Bridge, Nongriat"", ""lat"": 25.247, ""lng"": 91.715}, {""name"": ""Diphlu River Lodge, Kaziranga (stay 4)"", ""lat"": 25.199396, ""lng"": 91.914359}, {""name"": ""Mawlynnong Village"", ""lat"": 25.2, ""lng"": 91.9167}, {""name"": ""En route to Living Root Bridge, Nongriat"", ""lat"": 25.276467, ""lng"": 91.690533}, {""name"": ""En route to Living Root Bridge, Nongriat"", ""lat"": 25.261733, ""lng"": 91.702767}, {""name"": ""En route to Cherrapunji (Sohra)"", ""lat"": 25.2799, ""lng"": 91.689182}, {""name"": ""En route to Hotel Rajmahal (stay 3)"", ""lat"": 25.2578, ""lng"": 91.707532}]","[{""name"": ""Rahul Iyer"", ""phone"": ""+91-9424754647"", ""relation"": ""family""}, {""name"": ""Hemanta Sen"", ""phone"": ""+91-7185040442"", ""relation"": ""spouse""}, {""name"": ""Junmoni Sen"", ""phone"": ""+91-9750903358"", ""relation"": ""sibling""}]",2026-08-29 10:30:00,2026-09-03 21:30:00,25.199099,91.914537,2026-09-04 06:34:58,81.4,1,active,2026-08-22 10:30:00,night_wanderer,Meghalaya Loop
471,STS-729299D31C44,Marcus Ong,Singaporean,passport,K4565199,+65-79198403,"[{""name"": ""Dolma Homestay, Tawang (stay 1)"", ""lat"": 26.916592, ""lng"": 92.878205}, {""name"": ""Nameri National Park"", ""lat"": 26.92, ""lng"": 92.88}, {""name"": ""Wild Mahseer, Balipara (stay 2)"", ""lat"": 26.635252, ""lng"": 92.80248}, {""name"": ""Tezpur"", ""lat"": 26.6338, ""lng"": 92.8}, {""name"": ""Ginger Guwahati (stay 3)"", ""lat"": 26.106552, ""lng"": 91.583605}, {""name"": ""LGB International Airport"", ""lat"": 26.1061, ""lng"": 91.5859}]","[{""name"": ""Marcus Goh"", ""phone"": ""+65-61855102"", ""relation"": ""family""}]",2026-07-22 10:45:00,2026-08-03 17:45:00,26.106912,91.583883,2026-08-03 06:40:33,82.2,1,active,2026-07-20 04:45:00,normal,Upper Assam Wildlife Trail
472,STS-9FA36F6AF3CC,Aarav Das,Indian,voterid,FMP4807490,+91-8427458727,"[{""name"": ""Ygdrasill Bamboo Resort, Cherrapunji (stay 1)"", ""lat"": 26.170939, ""lng"": 91.764294}, {""name"": ""Pan Bazaar"", ""lat"": 26.1856, ""lng"": 91.7455}, {""name"": ""Fancy Bazaar"", ""lat"": 26.1836, ""lng"": 91.7434}, {""name"": ""Srimanta Sankaradeva Kalakshetra"", ""lat"": 26.144, ""lng"": 91.8058}, {""name"": ""En route to Srimanta Sankaradeva Kalakshetra"", ""lat"": 26.1737, ""lng"": 91.759}, {""name"": ""En route to Srimanta Sankaradeva Kalakshetra"", ""lat"": 26.1638, ""lng"": 91.7746}, {""name"": ""En route to Srimanta Sankaradeva Kalakshetra"", ""lat"": 26.1539, ""lng"": 91.7902}, {""name"": ""En route to Ygdrasill Bamboo Resort, Cherrapunji (stay 1)"", ""lat"": 26.15298, ""lng"": 91.791965}, {""name"": ""En route to Ygdrasill Bamboo Resort, Cherrapunji (stay 1)"", ""lat"": 26.161959, ""lng"": 91.778129}]","[{""name"": ""Aarav Choudhury"", ""phone"": ""+91-6068361186"", ""relation"": ""family""}, {""name"": ""Nabanita Sharma"", ""phone"": ""+91-8368497235"", ""relation"": ""spouse""}]",2026-08-23 09:45:00,2026-08-27 13:45:00,26.170885,91.763978,2026-08-27 06:54:34,80.5,1,active,2026-08-05 23:45:00,night_wanderer,Guwahati Market & Heritage Walk
473,STS-262C8B5761DE,Kabir Ghosh,Indian,aadhaar,XXXX-XXXX-1656,+91-9224515319,"[{""name"": ""Diphlu River Lodge, Kaziranga (stay 1)"", ""lat"": 26.188595, ""lng"": 91.748776}, {""name"": ""Assam State Museum"", ""lat"": 26.1857, ""lng"": 91.7481}, {""name"": ""Dighalipukhuri"", ""lat"": 26.1861, ""lng"": 91.7503}, {""name"": ""Pan Bazaar"", ""lat"": 26.1856, ""lng"": 91.7455}, {""name"": ""Fancy Bazaar"", ""lat"": 26.1836, ""lng"": 91.7434}, {""name"": ""Umananda Island"", ""lat"": 26.1964, ""lng"": 91.7453}, {""name"": ""Gandhi Mandap, Sarania Hill"", ""lat"": 26.175, ""lng"": 91.758}, {""name"": ""En route to Gandhi Mandap, Sarania Hill"", ""lat"": 26.1857, ""lng"": 91.75165}]","[{""name"": ""Bhaskar Deka"", ""phone"": ""+91-9340510213"", ""relation"": ""family""}, {""name"": ""Hemanta Rajkhowa"", ""phone"": ""+91-8284134053"", ""relation"": ""spouse""}, {""name"": ""Arjun Baishya"", ""phone"": ""+91-8407955319"", ""relation"": ""colleague""}]",2026-08-12 07:30:00,2026-08-17 15:30:00,26.188373,91.748436,2026-08-17 06:34:25,81.3,1,active,2026-08-08 07:30:00,night_wanderer,Guwahati City Break
474,STS-213F96F7CFB7,Priya Rajkhowa,Indian,voterid,QBJ8211967,+91-7437300046,"[{""name"": ""Hotel Rajmahal (stay 1)"", ""lat"": 26.18925, ""lng"": 91.747223}, {""name"": ""Fancy Bazaar"", ""lat"": 26.1836, ""lng"": 91.7434}, {""name"": ""Assam State Museum"", ""lat"": 26.1857, ""lng"": 91.7481}, {""name"": ""Dighalipukhuri"", ""lat"": 26.1861, ""lng"": 91.7503}, {""name"": ""Brahmaputra Riverfront"", ""lat"": 26.1905, ""lng"": 91.748}, {""name"": ""Umananda Island"", ""lat"": 26.1964, ""lng"": 91.7453}, {""name"": ""Gandhi Mandap, Sarania Hill"", ""lat"": 26.175, ""lng"": 91.758}, {""name"": ""En route to Gandhi Mandap, Sarania Hill"", ""lat"": 26.1857, ""lng"": 91.75165}]","[{""name"": ""Arjun Iyer"", ""phone"": ""+91-9864751893"", ""relation"": ""family""}, {""name"": ""Debojit Das"", ""phone"": ""+91-7938682748"", ""relation"": ""spouse""}, {""name"": ""Debojit Das"", ""phone"": ""+91-9191306050"", ""relation"": ""employer""}]",2026-08-24 06:30:00,2026-08-29 12:30:00,26.189172,91.747206,2026-08-29 06:44:02,79.5,1,active,2026-08-05 08:30:00,route_deviation,Guwahati City Break
475,STS-A8054BA983EE,Hugo Girard,French,passport,504836046,+33-786296416,"[{""name"": ""Radisson Blu Guwahati (stay 1)"", ""lat"": 26.105541, ""lng"": 91.62155}, {""name"": ""Accoland Water Park"", ""lat"": 26.09, ""lng"": 91.59}, {""name"": ""Deepor Beel Wildlife Sanctuary"", ""lat"": 26.12, ""lng"": 91.65}, {""name"": ""Dolma Homestay, Tawang (stay 2)"", ""lat"": 26.176233, ""lng"": 91.783641}, {""name"": ""Assam State Zoo & Botanical Garden"", ""lat"": 26.178, ""lng"": 91.786}, {""name"": ""Ri Kynjai, Umiam (stay 3)"", ""lat"": 26.22985, ""lng"": 92.084542}, {""name"": ""Pobitora Wildlife Sanctuary"", ""lat"": 26.2333, ""lng"": 92.0833}, {""name"": ""Dolma Homestay, Tawang (stay 4)"", ""lat"": 25.93663, ""lng"": 91.43717}, {""name"": ""Chandubi Lake"", ""lat"": 25.9333, ""lng"": 91.4333}, {""name"": ""En route to Deepor Beel Wildlife Sanctuary"", ""lat"": 26.1, ""lng"": 91.61}, {""name"": ""En route to Deepor Beel Wildlife Sanctuary"", ""lat"": 26.11, ""lng"": 91.63}, {""name"": ""En route to Accoland Water Park"", ""lat"": 26.09777, ""lng"": 91.605775}, {""name"": ""En route to Radisson Blu Guwahati (stay 1)"", ""lat"": 26.11277, ""lng"": 91.635775}]","[{""name"": ""Camille Bernard"", ""phone"": ""+33-496581152"", ""relation"": ""family""}, {""name"": ""Antoine Dubois"", ""phone"": ""+33-385007530"", ""relation"": ""spouse""}, {""name"": ""Camille Girard"", ""phone"": ""+33-923439065"", ""relation"": ""tour_operator""}, {""name"": ""Camille Martin"", ""phone"": ""+33-192761337"", ""relation"": ""employer""}]",2026-09-04 07:45:00,2026-09-08 10:45:00,26.229659,92.084852,2026-09-05 18:10:30,75.8,1,active,2026-09-03 07:45:00,geofence_intrusion,Guwahati Nature & Wildlife
476,STS-EE15B131B3D5,Carmen Gomez,Spanish,passport,XD985128,+34-603998745,"[{""name"": ""Hotel Rajmahal (stay 1)"", ""lat"": 25.267714, ""lng"": 91.696718}, {""name"": ""Nohkalikai Falls"", ""lat"": 25.276, ""lng"": 91.6857}, {""name"": ""Cherrapunji (Sohra)"", ""lat"": 25.2912, ""lng"": 91.6783}, {""name"": ""Living Root Bridge, Nongriat"", ""lat"": 25.247, ""lng"": 91.715}, {""name"": ""Hotel Nandan (stay 2)"", ""lat"": 25.618703, ""lng"": 91.890386}, {""name"": ""Shillong"", ""lat"": 25.5788, ""lng"": 91.8933}, {""name"": ""Umiam Lake"", ""lat"": 25.657, ""lng"": 91.889}, {""name"": ""En route to Umiam Lake"", ""lat"": 25.59835, ""lng"": 91.892225}, {""name"": ""En route to Umiam Lake"", ""lat"": 25.6179, ""lng"": 91.89115}, {""name"": ""En route to Umiam Lake"", ""lat"": 25.63745, ""lng"": 91.890075}, {""name"": ""En route to Living Root Bridge, Nongriat"", ""lat"": 25.276467, ""lng"": 91.690533}, {""name"": ""En route to Living Root Bridge, Nongriat"", ""lat"": 25.261733, ""lng"": 91.702767}, {""name"": ""En route to Shillong"", ""lat"": 25.598751, ""lng"": 91.891843}, {""name"": ""En route to Hotel Nandan (stay 2)"", ""lat"": 25.637852, ""lng"": 91.889693}, {""name"": ""En route to Hotel Rajmahal (stay 1)"", ""lat"": 25.257357, ""lng"": 91.705859}]","[{""name"": ""Diego Lopez"", ""phone"": ""+34-319588410"", ""relation"": ""family""}, {""name"": ""Javier Lopez"", ""phone"": ""+34-890052976"", ""relation"": ""spouse""}]",2026-08-30 06:45:00,2026-09-06 11:45:00,25.618394,91.890228,2026-09-05 18:20:49,70.3,1,active,2026-08-23 19:45:00,normal,Meghalaya Loop
477,STS-D33C6290D420,Manish Iyer,Indian,aadhaar,XXXX-XXXX-7252,+91-7749866284,"[{""name"": ""Dolma Homestay, Tawang (stay 1)"", ""lat"": 26.154617, ""lng"": 91.773786}, {""name"": ""Guwahati Railway Station"", ""lat"": 26.1824, ""lng"": 91.7513}, {""name"": ""Ganeshguri Junction"", ""lat"": 26.147, ""lng"": 91.79}, {""name"": ""Dispur Secretariat"", ""lat"": 26.142, ""lng"": 91.79}, {""name"": ""En route to Ganeshguri Junction"", ""lat"": 26.1706, ""lng"": 91.7642}, {""name"": ""En route to Ganeshguri Junction"", ""lat"": 26.1588, ""lng"": 91.7771}, {""name"": ""En route to Guwahati Railway Station"", ""lat"": 26.168509, ""lng"": 91.762543}]","[{""name"": ""Ishita Verma"", ""phone"": ""+91-7208657928"", ""relation"": ""family""}, {""name"": ""Utpal Saikia"", ""phone"": ""+91-7896931479"", ""relation"": ""spouse""}]",2026-08-04 11:15:00,2026-08-07 20:15:00,26.154444,91.773434,2026-08-07 06:34:20,81.4,0,active,2026-08-01 13:15:00,normal,Business / Transit Stay
478,STS-C848CAE27AE7,Chandana Gogoi,Indian,passport,Z8394952,+91-6741684512,"[{""name"": ""Ri Kynjai, Umiam (stay 1)"", ""lat"": 26.985722, ""lng"": 94.644492}, {""name"": ""Sivasagar"", ""lat"": 26.9826, ""lng"": 94.6425}, {""name"": ""Ri Kynjai, Umiam (stay 2)"", ""lat"": 26.951882, ""lng"": 94.171622}, {""name"": ""Majuli River Island"", ""lat"": 26.95, ""lng"": 94.17}, {""name"": ""Hotel Nandan (stay 3)"", ""lat"": 26.632436, ""lng"": 92.801941}, {""name"": ""Tezpur"", ""lat"": 26.6338, ""lng"": 92.8}, {""name"": ""Wild Mahseer, Balipara (stay 4)"", ""lat"": 26.103534, ""lng"": 91.58639}, {""name"": ""LGB International Airport"", ""lat"": 26.1061, ""lng"": 91.5859}]","[{""name"": ""Jayanta Patel"", ""phone"": ""+91-7966176286"", ""relation"": ""family""}]",2026-07-24 10:00:00,2026-08-05 19:00:00,26.103542,91.586279,2026-08-05 06:35:52,82.3,1,active,2026-07-13 03:00:00,normal,Upper Assam Wildlife Trail
479,STS-412867B6FB9F,Xin Yi Lee,Singaporean,passport,K9596009,+65-35273849,"[{""name"": ""Hotel Polo Towers, Shillong (stay 1)"", ""lat"": 26.187458, ""lng"": 91.744988}, {""name"": ""Fancy Bazaar"", ""lat"": 26.1836, ""lng"": 91.7434}, {""name"": ""Nehru Park"", ""lat"": 26.1857, ""lng"": 91.7477}, {""name"": ""Assam State Museum"", ""lat"": 26.1857, ""lng"": 91.7481}, {""name"": ""Umananda Island"", ""lat"": 26.1964, ""lng"": 91.7453}, {""name"": ""Guwahati Planetarium"", ""lat"": 26.1856, ""lng"": 91.7625}, {""name"": ""Kamakhya Temple"", ""lat"": 26.1664, ""lng"": 91.7055}, {""name"": ""En route to Kamakhya Temple"", ""lat"": 26.1792, ""lng"": 91.7435}, {""name"": ""En route to Kamakhya Temple"", ""lat"": 26.1728, ""lng"": 91.7245}, {""name"": ""En route to Hotel Polo Towers, Shillong (stay 1)"", ""lat"": 26.176929, ""lng"": 91.725244}]","[{""name"": ""Ryan Ong"", ""phone"": ""+65-86960890"", ""relation"": ""family""}, {""name"": ""Ryan Lim"", ""phone"": ""+65-36102711"", ""relation"": ""spouse""}]",2026-07-30 06:30:00,2026-08-01 10:30:00,26.187386,91.744668,2026-08-01 06:42:28,81.4,1,active,2026-07-11 07:30:00,abduction_pattern,Guwahati City Break
480,STS-FA028799726C,Nabanita Hazarika,Indian,aadhaar,XXXX-XXXX-2689,+91-9065445513,"[{""name"": ""Ygdrasill Bamboo Resort, Cherrapunji (stay 1)"", ""lat"": 26.178922, ""lng"": 91.784427}, {""name"": ""Assam State Zoo & Botanical Garden"", ""lat"": 26.178, ""lng"": 91.786}, {""name"": ""Wild Mahseer, Balipara (stay 2)"", ""lat"": 26.104347, ""lng"": 91.616152}, {""name"": ""Deepor Beel Wildlife Sanctuary"", ""lat"": 26.12, ""lng"": 91.65}, {""name"": ""Accoland Water Park"", ""lat"": 26.09, ""lng"": 91.59}, {""name"": ""Brahmaputra Jungle Resort (stay 3)"", ""lat"": 25.931311, ""lng"": 91.430429}, {""name"": ""Chandubi Lake"", ""lat"": 25.9333, ""lng"": 91.4333}, {""name"": ""La Maison de Ananda, Majuli (stay 4)"", ""lat"": 26.230942, ""lng"": 92.081698}, {""name"": ""Pobitora Wildlife Sanctuary"", ""lat"": 26.2333, ""lng"": 92.0833}, {""name"": ""En route to Accoland Water Park"", ""lat"": 26.11, ""lng"": 91.63}, {""name"": ""En route to Accoland Water Park"", ""lat"": 26.1, ""lng"": 91.61}, {""name"": ""En route to Deepor Beel Wildlife Sanctuary"", ""lat"": 26.112174, ""lng"": 91.633076}, {""name"": ""En route to Wild Mahseer, Balipara (stay 2)"", ""lat"": 26.097174, ""lng"": 91.603076}]","[{""name"": ""Dhruv Sharma"", ""phone"": ""+91-9755049218"", ""relation"": ""family""}]",2026-09-07 07:30:00,2026-09-12 09:30:00,,,,100.0,1,active,2026-09-04 10:30:00,normal,Guwahati Nature & Wildlife
481,STS-A14D001F7F12,Simanta Banerjee,Indian,voterid,EZB8425280,+91-8711259852,"[{""name"": ""Hotel Polo Towers, Shillong (stay 1)"", ""lat"": 26.185596, ""lng"": 91.748892}, {""name"": ""Guwahati Railway Station"", ""lat"": 26.1824, ""lng"": 91.7513}, {""name"": ""Hotel Polo Towers, Shillong (stay 2)"", ""lat"": 26.635328, ""lng"": 92.797076}, {""name"": ""Tezpur"", ""lat"": 26.6338, ""lng"": 92.8}, {""name"": ""Ginger Guwahati (stay 3)"", ""lat"": 27.547116, ""lng"": 93.83122}, {""name"": ""Ziro Valley"", ""lat"": 27.5448, ""lng"": 93.832}]","[{""name"": ""Pooja Bora"", ""phone"": ""+91-9419409222"", ""relation"": ""family""}, {""name"": ""Siddharth Medhi"", ""phone"": ""+91-7669572542"", ""relation"": ""spouse""}]",2026-08-12 07:30:00,2026-08-19 09:30:00,27.547162,93.831184,2026-08-19 06:41:09,83.3,1,active,2026-08-07 12:30:00,normal,Arunachal High Himalaya
482,STS-C01D198BC1BF,Kabir Rajkhowa,Indian,aadhaar,XXXX-XXXX-8132,+91-9851450623,"[{""name"": ""Ri Kynjai, Umiam (stay 1)"", ""lat"": 26.170138, ""lng"": 91.567362}, {""name"": ""Sualkuchi Silk Village"", ""lat"": 26.1667, ""lng"": 91.5667}, {""name"": ""Hotel Polo Towers, Shillong (stay 2)"", ""lat"": 26.1717, ""lng"": 91.765938}, {""name"": ""Fancy Bazaar"", ""lat"": 26.1836, ""lng"": 91.7434}, {""name"": ""Paltan Bazaar"", ""lat"": 26.1817, ""lng"": 91.7503}, {""name"": ""Uzan Bazar Ghat"", ""lat"": 26.19, ""lng"": 91.759}, {""name"": ""Srimanta Sankaradeva Kalakshetra"", ""lat"": 26.144, ""lng"": 91.8058}, {""name"": ""En route to Srimanta Sankaradeva Kalakshetra"", ""lat"": 26.174667, ""lng"": 91.7746}, {""name"": ""En route to Srimanta Sankaradeva Kalakshetra"", ""lat"": 26.159333, ""lng"": 91.7902}, {""name"": ""En route to Hotel Polo Towers, Shillong (stay 2)"", ""lat"": 26.153233, ""lng"": 91.792513}, {""name"": ""En route to Hotel Polo Towers, Shillong (stay 2)"", ""lat"": 26.162467, ""lng"": 91.779225}, {""name"": ""En route to Fancy Bazaar"", ""lat"": 26.17765, ""lng"": 91.754669}]","[{""name"": ""Chandana Iyer"", ""phone"": ""+91-7897490626"", ""relation"": ""family""}, {""name"": ""Tanvi Banerjee"", ""phone"": ""+91-8918632753"", ""relation"": ""spouse""}]",2026-09-09 11:45:00,2026-09-12 18:45:00,,,,100.0,1,active,2026-09-06 14:45:00,normal,Guwahati Market & Heritage Walk
483,STS-1763630EFBF1,Kavya Bhattacharya,Indian,aadhaar,XXXX-XXXX-8333,+91-6970464504,"[{""name"": ""Diphlu River Lodge, Kaziranga (stay 1)"", ""lat"": 26.136189, ""lng"": 91.753278}, {""name"": ""Kamakhya Temple"", ""lat"": 26.1664, ""lng"": 91.7055}, {""name"": ""Basistha Temple"", ""lat"": 26.1132, ""lng"": 91.797}, {""name"": ""Hotel Rajmahal (stay 2)"", ""lat"": 26.250661, ""lng"": 91.514024}, {""name"": ""Hajo Pilgrimage Town"", ""lat"": 26.25, ""lng"": 91.5167}, {""name"": ""Dolma Homestay, Tawang (stay 3)"", ""lat"": 26.366117, ""lng"": 91.634484}, {""name"": ""Madan Kamdev Ruins"", ""lat"": 26.3667, ""lng"": 91.6333}, {""name"": ""En route to Basistha Temple"", ""lat"": 26.15576, ""lng"": 91.7238}, {""name"": ""En route to Basistha Temple"", ""lat"": 26.14512, ""lng"": 91.7421}, {""name"": ""En route to Basistha Temple"", ""lat"": 26.13448, ""lng"": 91.7604}, {""name"": ""En route to Basistha Temple"", ""lat"": 26.12384, ""lng"": 91.7787}, {""name"": ""En route to Kamakhya Temple"", ""lat"": 26.146259, ""lng"": 91.737352}, {""name"": ""En route to Kamakhya Temple"", ""lat"": 26.15633, ""lng"": 91.721426}, {""name"": ""En route to Diphlu River Lodge, Kaziranga (stay 1)"", ""lat"": 26.120863, ""lng"": 91.782426}, {""name"": ""En route to Diphlu River Lodge, Kaziranga (stay 1)"", ""lat"": 26.128526, ""lng"": 91.767852}]","[{""name"": ""Aarav Iyer"", ""phone"": ""+91-9795381055"", ""relation"": ""family""}, {""name"": ""Pooja Bhattacharya"", ""phone"": ""+91-8841806663"", ""relation"": ""spouse""}, {""name"": ""Meera Reddy"", ""phone"": ""+91-8918376503"", ""relation"": ""embassy""}, {""name"": ""Anurag Bhattacharya"", ""phone"": ""+91-7628402668"", ""relation"": ""sibling""}]",2026-08-09 10:45:00,2026-08-15 16:45:00,26.366163,91.634326,2026-08-15 06:43:02,81.0,1,active,2026-08-08 11:45:00,inactivity,Guwahati Pilgrimage Circuit
484,STS-D281A47B36ED,Rahul Bora,Indian,aadhaar,XXXX-XXXX-8712,+91-6754889859,"[{""name"": ""Ri Kynjai, Umiam (stay 1)"", ""lat"": 26.180992, ""lng"": 91.78297}, {""name"": ""Assam State Zoo & Botanical Garden"", ""lat"": 26.178, ""lng"": 91.786}, {""name"": ""Hotel Rajmahal (stay 2)"", ""lat"": 26.105193, ""lng"": 91.621986}, {""name"": ""Deepor Beel Wildlife Sanctuary"", ""lat"": 26.12, ""lng"": 91.65}, {""name"": ""Accoland Water Park"", ""lat"": 26.09, ""lng"": 91.59}, {""name"": ""Vivanta Guwahati (stay 3)"", ""lat"": 25.936662, ""lng"": 91.437256}, {""name"": ""Chandubi Lake"", ""lat"": 25.9333, ""lng"": 91.4333}, {""name"": ""Hotel Polo Towers, Shillong (stay 4)"", ""lat"": 26.236623, ""lng"": 92.086831}, {""name"": ""Pobitora Wildlife Sanctuary"", ""lat"": 26.2333, ""lng"": 92.0833}, {""name"": ""En route to Accoland Water Park"", ""lat"": 26.11, ""lng"": 91.63}, {""name"": ""En route to Accoland Water Park"", ""lat"": 26.1, ""lng"": 91.61}, {""name"": ""En route to Hotel Rajmahal (stay 2)"", ""lat"": 26.097597, ""lng"": 91.605993}, {""name"": ""En route to Deepor Beel Wildlife Sanctuary"", ""lat"": 26.112597, ""lng"": 91.635993}]","[{""name"": ""Rahul Baishya"", ""phone"": ""+91-9883637653"", ""relation"": ""family""}, {""name"": ""Ishita Barua"", ""phone"": ""+91-9802024188"", ""relation"": ""spouse""}, {""name"": ""Anjali Phukan"", ""phone"": ""+91-8444309230"", ""relation"": ""employer""}, {""name"": ""Anurag Nath"", ""phone"": ""+91-8611959935"", ""relation"": ""family""}]",2026-07-24 07:15:00,2026-07-26 21:15:00,25.936372,91.43715,2026-07-26 06:35:58,79.3,1,active,2026-07-08 06:15:00,inactivity,Guwahati Nature & Wildlife
485,STS-6604DF476D51,Kabir Das,Indian,aadhaar,XXXX-XXXX-8753,+91-8835573412,"[{""name"": ""Wild Mahseer, Balipara (stay 1)"", ""lat"": 25.243644, ""lng"": 91.713223}, {""name"": ""Living Root Bridge, Nongriat"", ""lat"": 25.247, ""lng"": 91.715}, {""name"": ""Ginger Guwahati (stay 2)"", ""lat"": 25.575462, ""lng"": 91.896859}, {""name"": ""Shillong"", ""lat"": 25.5788, ""lng"": 91.8933}, {""name"": ""Ygdrasill Bamboo Resort, Cherrapunji (stay 3)"", ""lat"": 26.185278, ""lng"": 91.755242}, {""name"": ""Guwahati Railway Station"", ""lat"": 26.1824, ""lng"": 91.7513}]","[{""name"": ""Dhruv Iyer"", ""phone"": ""+91-7136851904"", ""relation"": ""family""}, {""name"": ""Tanvi Mishra"", ""phone"": ""+91-7038860185"", ""relation"": ""spouse""}, {""name"": ""Wild Mahseer, Balipara Front Desk"", ""phone"": ""+91-6032917059"", ""relation"": ""hotel""}, {""name"": ""Tanvi Barua"", ""phone"": ""+91-7431791272"", ""relation"": ""family""}]",2026-08-09 11:45:00,2026-08-18 16:45:00,26.1852,91.755565,2026-08-18 06:32:09,80.3,1,active,2026-08-07 11:45:00,normal,Meghalaya Loop
486,STS-2444335B24BD,Nabanita Kumar,Indian,aadhaar,XXXX-XXXX-8322,+91-8633744822,"[{""name"": ""Ygdrasill Bamboo Resort, Cherrapunji (stay 1)"", ""lat"": 26.152862, ""lng"": 91.782117}, {""name"": ""Dispur Secretariat"", ""lat"": 26.142, ""lng"": 91.79}, {""name"": ""Ganeshguri Junction"", ""lat"": 26.147, ""lng"": 91.79}, {""name"": ""Six Mile"", ""lat"": 26.135, ""lng"": 91.805}, {""name"": ""Guwahati Railway Station"", ""lat"": 26.1824, ""lng"": 91.7513}, {""name"": ""Hotel Nandan (stay 2)"", ""lat"": 26.106764, ""lng"": 91.588002}, {""name"": ""LGB International Airport"", ""lat"": 26.1061, ""lng"": 91.5859}, {""name"": ""En route to Guwahati Railway Station"", ""lat"": 26.14685, ""lng"": 91.791575}, {""name"": ""En route to Guwahati Railway Station"", ""lat"": 26.1587, ""lng"": 91.77815}, {""name"": ""En route to Guwahati Railway Station"", ""lat"": 26.17055, ""lng"": 91.764725}, {""name"": ""En route to Ygdrasill Bamboo Resort, Cherrapunji (stay 1)"", ""lat"": 26.167631, ""lng"": 91.766708}]","[{""name"": ""Rituparna Barua"", ""phone"": ""+91-6559021032"", ""relation"": ""family""}, {""name"": ""Riya Medhi"", ""phone"": ""+91-7156562996"", ""relation"": ""spouse""}]",2026-07-29 05:15:00,2026-07-30 15:15:00,26.152888,91.782197,2026-07-30 06:38:29,79.2,1,active,2026-07-23 13:15:00,night_wanderer,Business / Transit Stay
487,STS-B1296E3D06EA,Chandana Rajkhowa,Indian,aadhaar,XXXX-XXXX-7658,+91-8035043234,"[{""name"": ""Ri Kynjai, Umiam (stay 1)"", ""lat"": 26.233679, ""lng"": 92.085484}, {""name"": ""Pobitora Wildlife Sanctuary"", ""lat"": 26.2333, ""lng"": 92.0833}, {""name"": ""Dolma Homestay, Tawang (stay 2)"", ""lat"": 26.175694, ""lng"": 91.787413}, {""name"": ""Assam State Zoo & Botanical Garden"", ""lat"": 26.178, ""lng"": 91.786}, {""name"": ""Hotel Polo Towers, Shillong (stay 3)"", ""lat"": 26.108512, ""lng"": 91.622009}, {""name"": ""Deepor Beel Wildlife Sanctuary"", ""lat"": 26.12, ""lng"": 91.65}, {""name"": ""Accoland Water Park"", ""lat"": 26.09, ""lng"": 91.59}, {""name"": ""Diphlu River Lodge, Kaziranga (stay 4)"", ""lat"": 25.930262, ""lng"": 91.431764}, {""name"": ""Chandubi Lake"", ""lat"": 25.9333, ""lng"": 91.4333}, {""name"": ""En route to Accoland Water Park"", ""lat"": 26.11, ""lng"": 91.63}, {""name"": ""En route to Accoland Water Park"", ""lat"": 26.1, ""lng"": 91.61}, {""name"": ""En route to Hotel Polo Towers, Shillong (stay 3)"", ""lat"": 26.099256, ""lng"": 91.606005}, {""name"": ""En route to Deepor Beel Wildlife Sanctuary"", ""lat"": 26.114256, ""lng"": 91.636005}]","[{""name"": ""Sneha Kumar"", ""phone"": ""+91-9084307801"", ""relation"": ""family""}, {""name"": ""Arjun Choudhury"", ""phone"": ""+91-9757176158"", ""relation"": ""spouse""}]",2026-08-18 07:15:00,2026-08-21 19:15:00,26.108731,91.621808,2026-08-21 06:58:31,82.4,0,active,2026-08-14 06:15:00,normal,Guwahati Nature & Wildlife
488,STS-B4261FE33BBF,Sabina Uddin,Bangladeshi,passport,BX0471395,+880-5930399121,"[{""name"": ""Wild Mahseer, Balipara (stay 1)"", ""lat"": 26.10319, ""lng"": 91.61962}, {""name"": ""Deepor Beel Wildlife Sanctuary"", ""lat"": 26.12, ""lng"": 91.65}, {""name"": ""Accoland Water Park"", ""lat"": 26.09, ""lng"": 91.59}, {""name"": ""Dolma Homestay, Tawang (stay 2)"", ""lat"": 26.174443, ""lng"": 91.782233}, {""name"": ""Assam State Zoo & Botanical Garden"", ""lat"": 26.178, ""lng"": 91.786}, {""name"": ""Dolma Homestay, Tawang (stay 3)"", ""lat"": 26.235063, ""lng"": 92.086901}, {""name"": ""Pobitora Wildlife Sanctuary"", ""lat"": 26.2333, ""lng"": 92.0833}, {""name"": ""En route to Accoland Water Park"", ""lat"": 26.11, ""lng"": 91.63}, {""name"": ""En route to Accoland Water Park"", ""lat"": 26.1, ""lng"": 91.61}, {""name"": ""En route to Deepor Beel Wildlife Sanctuary"", ""lat"": 26.111595, ""lng"": 91.63481}, {""name"": ""En route to Wild Mahseer, Balipara (stay 1)"", ""lat"": 26.096595, ""lng"": 91.60481}]","[{""name"": ""Rumana Uddin"", ""phone"": ""+880-1207964298"", ""relation"": ""family""}, {""name"": ""Fatima Hossain"", ""phone"": ""+880-6427524098"", ""relation"": ""spouse""}, {""name"": ""Tanvir Alam"", ""phone"": ""+880-7910175757"", ""relation"": ""friend""}]",2026-08-02 11:30:00,2026-08-05 17:30:00,26.234718,92.086507,2026-08-05 06:48:27,81.5,1,active,2026-07-26 10:30:00,normal,Guwahati Nature & Wildlife
489,STS-0530919B4922,Shakib Alam,Bangladeshi,passport,BX7347900,+880-2261816427,"[{""name"": ""Wild Mahseer, Balipara (stay 1)"", ""lat"": 27.333991, ""lng"": 88.610931}, {""name"": ""Gangtok"", ""lat"": 27.3314, ""lng"": 88.6138}, {""name"": ""Brahmaputra Jungle Resort (stay 2)"", ""lat"": 25.577621, ""lng"": 91.895489}, {""name"": ""Shillong"", ""lat"": 25.5788, ""lng"": 91.8933}, {""name"": ""Ri Kynjai, Umiam (stay 3)"", ""lat"": 26.574377, ""lng"": 93.173739}, {""name"": ""Kaziranga National Park"", ""lat"": 26.5775, ""lng"": 93.1711}, {""name"": ""Vivanta Guwahati (stay 4)"", ""lat"": 24.817228, ""lng"": 93.935628}, {""name"": ""Imphal"", ""lat"": 24.817, ""lng"": 93.9368}, {""name"": ""Wild Mahseer, Balipara (stay 5)"", ""lat"": 23.72402, ""lng"": 92.717831}, {""name"": ""Aizawl"", ""lat"": 23.7271, ""lng"": 92.7176}, {""name"": ""Diphlu River Lodge, Kaziranga (stay 6)"", ""lat"": 23.834959, ""lng"": 91.287471}, {""name"": ""Agartala"", ""lat"": 23.8315, ""lng"": 91.2868}]","[{""name"": ""Nusrat Hossain"", ""phone"": ""+880-5022286719"", ""relation"": ""family""}, {""name"": ""Ayesha Hossain"", ""phone"": ""+880-8576925808"", ""relation"": ""spouse""}]",2026-08-02 09:15:00,2026-08-16 18:15:00,23.834587,91.287751,2026-08-16 06:35:11,78.8,1,active,2026-07-18 00:15:00,abduction_pattern,Seven Sisters Grand Tour
490,STS-C893569676DE,Jayanta Gogoi,Indian,aadhaar,XXXX-XXXX-8140,+91-6320294027,"[{""name"": ""Dolma Homestay, Tawang (stay 1)"", ""lat"": 25.267133, ""lng"": 91.697581}, {""name"": ""Living Root Bridge, Nongriat"", ""lat"": 25.247, ""lng"": 91.715}, {""name"": ""Cherrapunji (Sohra)"", ""lat"": 25.2912, ""lng"": 91.6783}, {""name"": ""Hotel Polo Towers, Shillong (stay 2)"", ""lat"": 25.191235, ""lng"": 91.967028}, {""name"": ""Mawlynnong Village"", ""lat"": 25.2, ""lng"": 91.9167}, {""name"": ""Dawki / Umngot River"", ""lat"": 25.19, ""lng"": 92.02}, {""name"": ""La Maison de Ananda, Majuli (stay 3)"", ""lat"": 25.621135, ""lng"": 91.888566}, {""name"": ""Shillong"", ""lat"": 25.5788, ""lng"": 91.8933}, {""name"": ""Umiam Lake"", ""lat"": 25.657, ""lng"": 91.889}, {""name"": ""En route to Dawki / Umngot River"", ""lat"": 25.198, ""lng"": 91.93736}, {""name"": ""En route to Dawki / Umngot River"", ""lat"": 25.196, ""lng"": 91.95802}, {""name"": ""En route to Dawki / Umngot River"", ""lat"": 25.194, ""lng"": 91.97868}, {""name"": ""En route to Dawki / Umngot River"", ""lat"": 25.192, ""lng"": 91.99934}, {""name"": ""En route to Umiam Lake"", ""lat"": 25.59835, ""lng"": 91.892225}, {""name"": ""En route to Umiam Lake"", ""lat"": 25.6179, ""lng"": 91.89115}, {""name"": ""En route to Umiam Lake"", ""lat"": 25.63745, ""lng"": 91.890075}, {""name"": ""En route to Cherrapunji (Sohra)"", ""lat"": 25.261733, ""lng"": 91.702767}, {""name"": ""En route to Cherrapunji (Sohra)"", ""lat"": 25.276467, ""lng"": 91.690533}, {""name"": ""En route to Hotel Polo Towers, Shillong (stay 2)"", ""lat"": 25.190412, ""lng"": 92.002343}, {""name"": ""En route to Hotel Polo Towers, Shillong (stay 2)"", ""lat"": 25.190823, ""lng"": 91.984685}, {""name"": ""En route to Mawlynnong Village"", ""lat"": 25.194157, ""lng"": 91.950252}, {""name"": ""En route to Mawlynnong Village"", ""lat"": 25.197078, ""lng"": 91.933476}, {""name"": ""En route to Shillong"", ""lat"": 25.599967, ""lng"": 91.890933}, {""name"": ""En route to La Maison de Ananda, Majuli (stay 3)"", ""lat"": 25.639067, ""lng"": 91.888783}, {""name"": ""En route to Dolma Homestay, Tawang (stay 1)"", ""lat"": 25.279167, ""lng"": 91.68794}, {""name"": ""En route to Living Root Bridge, Nongriat"", ""lat"": 25.257067, ""lng"": 91.70629}]","[{""name"": ""Junmoni Nath"", ""phone"": ""+91-9086247829"", ""relation"": ""family""}, {""name"": ""Aditya Deka"", ""phone"": ""+91-8929929461"", ""relation"": ""spouse""}, {""name"": ""Wild Mahseer, Balipara Front Desk"", ""phone"": ""+91-7341519784"", ""relation"": ""hotel""}]",2026-08-17 10:45:00,2026-08-23 12:45:00,25.621384,91.888806,2026-08-23 06:46:17,78.3,1,active,2026-07-26 18:45:00,normal,Meghalaya Loop
491,STS-DD3405824AB9,Bornali Verma,Indian,aadhaar,XXXX-XXXX-1979,+91-8341162518,"[{""name"": ""Vivanta Guwahati (stay 1)"", ""lat"": 26.162257, ""lng"": 91.781454}, {""name"": ""Guwahati Railway Station"", ""lat"": 26.1824, ""lng"": 91.7513}, {""name"": ""Six Mile"", ""lat"": 26.135, ""lng"": 91.805}, {""name"": ""Diphlu River Lodge, Kaziranga (stay 2)"", ""lat"": 26.108809, ""lng"": 91.584949}, {""name"": ""LGB International Airport"", ""lat"": 26.1061, ""lng"": 91.5859}, {""name"": ""En route to Six Mile"", ""lat"": 26.17055, ""lng"": 91.764725}, {""name"": ""En route to Six Mile"", ""lat"": 26.1587, ""lng"": 91.77815}, {""name"": ""En route to Six Mile"", ""lat"": 26.14685, ""lng"": 91.791575}, {""name"": ""En route to Vivanta Guwahati (stay 1)"", ""lat"": 26.148629, ""lng"": 91.793227}, {""name"": ""En route to Guwahati Railway Station"", ""lat"": 26.172328, ""lng"": 91.766377}]","[{""name"": ""Pooja Dutta"", ""phone"": ""+91-8754477445"", ""relation"": ""family""}, {""name"": ""Rohan Hazarika"", ""phone"": ""+91-6535035698"", ""relation"": ""spouse""}]",2026-08-30 09:30:00,2026-08-31 16:30:00,26.162231,91.781073,2026-08-31 06:49:19,79.0,1,active,2026-08-17 21:30:00,normal,Business / Transit Stay
492,STS-2E451DD57829,Sarita Shrestha,Nepali,passport,NP6479038,+977-9614103924,"[{""name"": ""Ri Kynjai, Umiam (stay 1)"", ""lat"": 26.101114, ""lng"": 91.617766}, {""name"": ""Deepor Beel Wildlife Sanctuary"", ""lat"": 26.12, ""lng"": 91.65}, {""name"": ""Accoland Water Park"", ""lat"": 26.09, ""lng"": 91.59}, {""name"": ""Wild Mahseer, Balipara (stay 2)"", ""lat"": 26.175108, ""lng"": 91.785281}, {""name"": ""Assam State Zoo & Botanical Garden"", ""lat"": 26.178, ""lng"": 91.786}, {""name"": ""Hotel Rajmahal (stay 3)"", ""lat"": 26.233734, ""lng"": 92.084374}, {""name"": ""Pobitora Wildlife Sanctuary"", ""lat"": 26.2333, ""lng"": 92.0833}, {""name"": ""Ygdrasill Bamboo Resort, Cherrapunji (stay 4)"", ""lat"": 25.931538, ""lng"": 91.432916}, {""name"": ""Chandubi Lake"", ""lat"": 25.9333, ""lng"": 91.4333}, {""name"": ""En route to Accoland Water Park"", ""lat"": 26.11, ""lng"": 91.63}, {""name"": ""En route to Accoland Water Park"", ""lat"": 26.1, ""lng"": 91.61}, {""name"": ""En route to Deepor Beel Wildlife Sanctuary"", ""lat"": 26.110557, ""lng"": 91.633883}, {""name"": ""En route to Ri Kynjai, Umiam (stay 1)"", ""lat"": 26.095557, ""lng"": 91.603883}]","[{""name"": ""Suman Magar"", ""phone"": ""+977-3432596691"", ""relation"": ""family""}, {""name"": ""Anjana Adhikari"", ""phone"": ""+977-8385051228"", ""relation"": ""spouse""}]",2026-08-14 05:00:00,2026-08-19 09:00:00,25.931613,91.432857,2026-08-19 06:54:56,78.9,1,active,2026-08-02 19:00:00,normal,Guwahati Nature & Wildlife
493,STS-965841A928DB,Meera Barua,Indian,aadhaar,XXXX-XXXX-8827,+91-9081848035,"[{""name"": ""Wild Mahseer, Balipara (stay 1)"", ""lat"": 25.202092, ""lng"": 91.91993}, {""name"": ""Mawlynnong Village"", ""lat"": 25.2, ""lng"": 91.9167}, {""name"": ""Ri Kynjai, Umiam (stay 2)"", ""lat"": 25.246617, ""lng"": 91.71261}, {""name"": ""Living Root Bridge, Nongriat"", ""lat"": 25.247, ""lng"": 91.715}, {""name"": ""Ygdrasill Bamboo Resort, Cherrapunji (stay 3)"", ""lat"": 25.581689, ""lng"": 91.894609}, {""name"": ""Shillong"", ""lat"": 25.5788, ""lng"": 91.8933}, {""name"": ""Kiranshree Portico (stay 4)"", ""lat"": 26.185349, ""lng"": 91.751041}, {""name"": ""Guwahati Railway Station"", ""lat"": 26.1824, ""lng"": 91.7513}]","[{""name"": ""Bhaskar Patel"", ""phone"": ""+91-9881581835"", ""relation"": ""family""}, {""name"": ""Siddharth Rajkhowa"", ""phone"": ""+91-6230691219"", ""relation"": ""spouse""}]",2026-07-25 05:30:00,2026-07-30 10:30:00,26.185052,91.750679,2026-07-30 07:08:04,47.6,1,active,2026-07-21 16:30:00,normal,Meghalaya Loop
494,STS-6236D42040F4,Logan Bouchard,Canadian,passport,HJ582605,+1-6240210601,"[{""name"": ""Ginger Guwahati (stay 1)"", ""lat"": 26.186125, ""lng"": 91.752356}, {""name"": ""Uzan Bazar Ghat"", ""lat"": 26.19, ""lng"": 91.759}, {""name"": ""Fancy Bazaar"", ""lat"": 26.1836, ""lng"": 91.7434}, {""name"": ""Wild Mahseer, Balipara (stay 2)"", ""lat"": 26.166936, ""lng"": 91.563471}, {""name"": ""Sualkuchi Silk Village"", ""lat"": 26.1667, ""lng"": 91.5667}]","[{""name"": ""Ava Bouchard"", ""phone"": ""+1-9251328225"", ""relation"": ""family""}, {""name"": ""Hannah Cote"", ""phone"": ""+1-1682311690"", ""relation"": ""spouse""}, {""name"": ""Canadian Consulate, Kolkata"", ""phone"": ""+91-8633026108"", ""relation"": ""embassy""}]",2026-08-25 05:15:00,2026-08-27 17:15:00,26.166661,91.563657,2026-08-27 07:00:45,81.2,1,active,2026-08-04 17:15:00,normal,Guwahati Market & Heritage Walk
495,STS-5013AF24C612,Utpal Ghosh,Indian,aadhaar,XXXX-XXXX-2730,+91-7721425049,"[{""name"": ""Ginger Guwahati (stay 1)"", ""lat"": 26.183482, ""lng"": 91.754809}, {""name"": ""Guwahati Railway Station"", ""lat"": 26.1824, ""lng"": 91.7513}, {""name"": ""Diphlu River Lodge, Kaziranga (stay 2)"", ""lat"": 26.633232, ""lng"": 92.796459}, {""name"": ""Tezpur"", ""lat"": 26.6338, ""lng"": 92.8}, {""name"": ""Wild Mahseer, Balipara (stay 3)"", ""lat"": 27.589245, ""lng"": 91.85567}, {""name"": ""Tawang Monastery"", ""lat"": 27.5861, ""lng"": 91.8594}, {""name"": ""Kiranshree Portico (stay 4)"", ""lat"": 27.547039, ""lng"": 93.832607}, {""name"": ""Ziro Valley"", ""lat"": 27.5448, ""lng"": 93.832}]","[{""name"": ""Parag Bhattacharya"", ""phone"": ""+91-7831105853"", ""relation"": ""family""}, {""name"": ""Siddharth Phukan"", ""phone"": ""+91-6046785406"", ""relation"": ""spouse""}, {""name"": ""Gitanjali Rajkhowa"", ""phone"": ""+91-6340844159"", ""relation"": ""tour_operator""}]",2026-08-22 05:30:00,2026-09-05 10:30:00,27.547292,93.832606,2026-09-05 06:53:18,81.3,1,active,2026-08-17 06:30:00,route_deviation,Arunachal High Himalaya
496,STS-C7DFE999B371,Luca Russo,Italian,passport,YA6771257,+39-2731663001,"[{""name"": ""Hotel Dynasty, Lakhtokia (stay 1)"", ""lat"": 25.618306, ""lng"": 91.892843}, {""name"": ""Umiam Lake"", ""lat"": 25.657, ""lng"": 91.889}, {""name"": ""Shillong"", ""lat"": 25.5788, ""lng"": 91.8933}, {""name"": ""Radisson Blu Guwahati (stay 2)"", ""lat"": 25.293354, ""lng"": 91.675109}, {""name"": ""Cherrapunji (Sohra)"", ""lat"": 25.2912, ""lng"": 91.6783}, {""name"": ""Wild Mahseer, Balipara (stay 3)"", ""lat"": 25.192608, ""lng"": 92.017626}, {""name"": ""Dawki / Umngot River"", ""lat"": 25.19, ""lng"": 92.02}, {""name"": ""En route to Shillong"", ""lat"": 25.63745, ""lng"": 91.890075}, {""name"": ""En route to Shillong"", ""lat"": 25.6179, ""lng"": 91.89115}, {""name"": ""En route to Shillong"", ""lat"": 25.59835, ""lng"": 91.892225}, {""name"": ""En route to Hotel Dynasty, Lakhtokia (stay 1)"", ""lat"": 25.598553, ""lng"": 91.893071}, {""name"": ""En route to Umiam Lake"", ""lat"": 25.637653, ""lng"": 91.890921}]","[{""name"": ""Luca Ferrari"", ""phone"": ""+39-8163166456"", ""relation"": ""family""}, {""name"": ""Luca Esposito"", ""phone"": ""+39-8680026910"", ""relation"": ""spouse""}]",2026-08-24 05:00:00,2026-09-03 12:00:00,25.192995,92.017517,2026-09-03 06:41:31,38.9,1,active,2026-08-09 18:00:00,normal,Meghalaya Loop
497,STS-F7D18F86A079,Sneha Banerjee,Indian,aadhaar,XXXX-XXXX-3674,+91-8608965911,"[{""name"": ""Ygdrasill Bamboo Resort, Cherrapunji (stay 1)"", ""lat"": 25.272223, ""lng"": 91.700367}, {""name"": ""Cherrapunji (Sohra)"", ""lat"": 25.2912, ""lng"": 91.6783}, {""name"": ""Living Root Bridge, Nongriat"", ""lat"": 25.247, ""lng"": 91.715}, {""name"": ""Diphlu River Lodge, Kaziranga (stay 2)"", ""lat"": 25.202439, ""lng"": 91.91629}, {""name"": ""Mawlynnong Village"", ""lat"": 25.2, ""lng"": 91.9167}, {""name"": ""Wild Mahseer, Balipara (stay 3)"", ""lat"": 25.617669, ""lng"": 91.893356}, {""name"": ""Shillong"", ""lat"": 25.5788, ""lng"": 91.8933}, {""name"": ""Umiam Lake"", ""lat"": 25.657, ""lng"": 91.889}, {""name"": ""Novotel Guwahati GS Road (stay 4)"", ""lat"": 26.185748, ""lng"": 91.75143}, {""name"": ""Guwahati Railway Station"", ""lat"": 26.1824, ""lng"": 91.7513}, {""name"": ""En route to Umiam Lake"", ""lat"": 25.59835, ""lng"": 91.892225}, {""name"": ""En route to Umiam Lake"", ""lat"": 25.6179, ""lng"": 91.89115}, {""name"": ""En route to Umiam Lake"", ""lat"": 25.63745, ""lng"": 91.890075}, {""name"": ""En route to Living Root Bridge, Nongriat"", ""lat"": 25.276467, ""lng"": 91.690533}, {""name"": ""En route to Living Root Bridge, Nongriat"", ""lat"": 25.261733, ""lng"": 91.702767}, {""name"": ""En route to Wild Mahseer, Balipara (stay 3)"", ""lat"": 25.637335, ""lng"": 91.891178}, {""name"": ""En route to Shillong"", ""lat"": 25.598235, ""lng"": 91.893328}, {""name"": ""En route to Ygdrasill Bamboo Resort, Cherrapunji (stay 1)"", ""lat"": 25.259611, ""lng"": 91.707684}, {""name"": ""En route to Cherrapunji (Sohra)"", ""lat"": 25.281712, ""lng"": 91.689334}]","[{""name"": ""Anjali Sen"", ""phone"": ""+91-9658963394"", ""relation"": ""family""}, {""name"": ""Chandana Kalita"", ""phone"": ""+91-9894212887"", ""relation"": ""spouse""}, {""name"": ""Bornali Rajkhowa"", ""phone"": ""+91-6296693064"", ""relation"": ""employer""}]",2026-09-04 08:30:00,2026-09-12 18:30:00,25.61761,91.893673,2026-09-05 18:36:04,72.1,1,active,2026-08-19 00:30:00,normal,Meghalaya Loop
498,STS-3E0B8B7E163E,Kavya Gogoi,Indian,aadhaar,XXXX-XXXX-9822,+91-8763063155,"[{""name"": ""Radisson Blu Guwahati (stay 1)"", ""lat"": 25.932236, ""lng"": 91.432222}, {""name"": ""Chandubi Lake"", ""lat"": 25.9333, ""lng"": 91.4333}, {""name"": ""Hotel Nandan (stay 2)"", ""lat"": 26.108778, ""lng"": 91.623451}, {""name"": ""Accoland Water Park"", ""lat"": 26.09, ""lng"": 91.59}, {""name"": ""Deepor Beel Wildlife Sanctuary"", ""lat"": 26.12, ""lng"": 91.65}, {""name"": ""Dolma Homestay, Tawang (stay 3)"", ""lat"": 26.174299, ""lng"": 91.78521}, {""name"": ""Assam State Zoo & Botanical Garden"", ""lat"": 26.178, ""lng"": 91.786}, {""name"": ""Novotel Guwahati GS Road (stay 4)"", ""lat"": 26.236437, ""lng"": 92.080793}, {""name"": ""Pobitora Wildlife Sanctuary"", ""lat"": 26.2333, ""lng"": 92.0833}, {""name"": ""En route to Deepor Beel Wildlife Sanctuary"", ""lat"": 26.1, ""lng"": 91.61}, {""name"": ""En route to Deepor Beel Wildlife Sanctuary"", ""lat"": 26.11, ""lng"": 91.63}, {""name"": ""En route to Accoland Water Park"", ""lat"": 26.099389, ""lng"": 91.606726}, {""name"": ""En route to Hotel Nandan (stay 2)"", ""lat"": 26.114389, ""lng"": 91.636726}]","[{""name"": ""Sneha Bhattacharya"", ""phone"": ""+91-8498546797"", ""relation"": ""family""}, {""name"": ""Simanta Deka"", ""phone"": ""+91-8546775817"", ""relation"": ""spouse""}, {""name"": ""Rupam Banerjee"", ""phone"": ""+91-9890592711"", ""relation"": ""parent""}]",2026-08-23 07:15:00,2026-08-26 16:15:00,26.17443,91.785244,2026-08-26 06:54:47,79.4,0,active,2026-08-19 09:15:00,normal,Guwahati Nature & Wildlife
499,STS-C695CF87D58A,Rahul Hazarika,Indian,aadhaar,XXXX-XXXX-2981,+91-8460107836,"[{""name"": ""Dolma Homestay, Tawang (stay 1)"", ""lat"": 26.101194, ""lng"": 91.616644}, {""name"": ""Deepor Beel Wildlife Sanctuary"", ""lat"": 26.12, ""lng"": 91.65}, {""name"": ""Accoland Water Park"", ""lat"": 26.09, ""lng"": 91.59}, {""name"": ""Ygdrasill Bamboo Resort, Cherrapunji (stay 2)"", ""lat"": 25.931334, ""lng"": 91.431648}, {""name"": ""Chandubi Lake"", ""lat"": 25.9333, ""lng"": 91.4333}, {""name"": ""Hotel Nandan (stay 3)"", ""lat"": 26.232259, ""lng"": 92.079567}, {""name"": ""Pobitora Wildlife Sanctuary"", ""lat"": 26.2333, ""lng"": 92.0833}, {""name"": ""En route to Accoland Water Park"", ""lat"": 26.11, ""lng"": 91.63}, {""name"": ""En route to Accoland Water Park"", ""lat"": 26.1, ""lng"": 91.61}, {""name"": ""En route to Deepor Beel Wildlife Sanctuary"", ""lat"": 26.110597, ""lng"": 91.633322}, {""name"": ""En route to Dolma Homestay, Tawang (stay 1)"", ""lat"": 26.095597, ""lng"": 91.603322}]","[{""name"": ""Divya Reddy"", ""phone"": ""+91-8937658640"", ""relation"": ""family""}]",2026-07-22 05:30:00,2026-07-25 11:30:00,26.232423,92.079848,2026-07-25 07:03:10,81.3,1,active,2026-07-10 12:30:00,normal,Guwahati Nature & Wildlife
500,STS-1738E40F5578,Grace Baker,British,passport,872277067,+44-6302439320,"[{""name"": ""Ri Kynjai, Umiam (stay 1)"", ""lat"": 26.15579, ""lng"": 91.781501}, {""name"": ""Ganeshguri Junction"", ""lat"": 26.147, ""lng"": 91.79}, {""name"": ""Six Mile"", ""lat"": 26.135, ""lng"": 91.805}, {""name"": ""Guwahati Railway Station"", ""lat"": 26.1824, ""lng"": 91.7513}, {""name"": ""En route to Guwahati Railway Station"", ""lat"": 26.14685, ""lng"": 91.791575}, {""name"": ""En route to Guwahati Railway Station"", ""lat"": 26.1587, ""lng"": 91.77815}, {""name"": ""En route to Guwahati Railway Station"", ""lat"": 26.17055, ""lng"": 91.764725}, {""name"": ""En route to Ri Kynjai, Umiam (stay 1)"", ""lat"": 26.169095, ""lng"": 91.766401}]","[{""name"": ""Sophie Taylor"", ""phone"": ""+44-5623852834"", ""relation"": ""family""}, {""name"": ""Grace Baker"", ""phone"": ""+44-1915869608"", ""relation"": ""spouse""}]",2026-08-08 09:45:00,2026-08-10 13:45:00,26.155645,91.781119,2026-08-10 06:38:00,81.3,0,active,2026-07-27 22:45:00,normal,Business / Transit Stay
501,STS-43716E4C5527,Aarav Nair,Indian,aadhaar,XXXX-XXXX-3311,+91-7479300574,"[{""name"": ""La Maison de Ananda, Majuli (stay 1)"", ""lat"": 26.178245, ""lng"": 91.743676}, {""name"": ""Pan Bazaar"", ""lat"": 26.1856, ""lng"": 91.7455}, {""name"": ""Assam State Museum"", ""lat"": 26.1857, ""lng"": 91.7481}, {""name"": ""Dighalipukhuri"", ""lat"": 26.1861, ""lng"": 91.7503}, {""name"": ""Brahmaputra Riverfront"", ""lat"": 26.1905, ""lng"": 91.748}, {""name"": ""Gandhi Mandap, Sarania Hill"", ""lat"": 26.175, ""lng"": 91.758}, {""name"": ""Kamakhya Temple"", ""lat"": 26.1664, ""lng"": 91.7055}, {""name"": ""En route to Kamakhya Temple"", ""lat"": 26.172133, ""lng"": 91.7405}, {""name"": ""En route to Kamakhya Temple"", ""lat"": 26.169267, ""lng"": 91.723}, {""name"": ""En route to La Maison de Ananda, Majuli (stay 1)"", ""lat"": 26.172322, ""lng"": 91.724588}]","[{""name"": ""Pooja Patel"", ""phone"": ""+91-8140013103"", ""relation"": ""family""}, {""name"": ""Aarav Choudhury"", ""phone"": ""+91-9752380556"", ""relation"": ""spouse""}]",2026-09-04 08:00:00,2026-09-09 14:00:00,26.178259,91.744032,2026-09-05 18:32:36,72.5,1,active,2026-08-24 18:00:00,route_deviation,Guwahati City Break
502,STS-8162987C9820,Hemanta Iyer,Indian,aadhaar,XXXX-XXXX-8034,+91-7196361826,"[{""name"": ""Vivanta Guwahati (stay 1)"", ""lat"": 26.177526, ""lng"": 91.746861}, {""name"": ""Kamakhya Temple"", ""lat"": 26.1664, ""lng"": 91.7055}, {""name"": ""Pan Bazaar"", ""lat"": 26.1856, ""lng"": 91.7455}, {""name"": ""Nehru Park"", ""lat"": 26.1857, ""lng"": 91.7477}, {""name"": ""Assam State Museum"", ""lat"": 26.1857, ""lng"": 91.7481}, {""name"": ""Guwahati Planetarium"", ""lat"": 26.1856, ""lng"": 91.7625}, {""name"": ""Gandhi Mandap, Sarania Hill"", ""lat"": 26.175, ""lng"": 91.758}, {""name"": ""En route to Pan Bazaar"", ""lat"": 26.176, ""lng"": 91.7255}, {""name"": ""En route to Kamakhya Temple"", ""lat"": 26.171963, ""lng"": 91.72618}]","[{""name"": ""Bhaskar Nair"", ""phone"": ""+91-7927307556"", ""relation"": ""family""}, {""name"": ""Kabir Das"", ""phone"": ""+91-9010061291"", ""relation"": ""spouse""}]",2026-08-08 05:00:00,2026-08-11 08:00:00,26.177165,91.747259,2026-08-11 06:31:51,80.9,1,active,2026-07-25 03:00:00,night_wanderer,Guwahati City Break
503,STS-604D55964748,Rohan Baishya,Indian,aadhaar,XXXX-XXXX-4335,+91-7611898650,"[{""name"": ""Novotel Guwahati GS Road (stay 1)"", ""lat"": 26.173483, ""lng"": 91.76119}, {""name"": ""Uzan Bazar Ghat"", ""lat"": 26.19, ""lng"": 91.759}, {""name"": ""Paltan Bazaar"", ""lat"": 26.1817, ""lng"": 91.7503}, {""name"": ""Fancy Bazaar"", ""lat"": 26.1836, ""lng"": 91.7434}, {""name"": ""Srimanta Sankaradeva Kalakshetra"", ""lat"": 26.144, ""lng"": 91.8058}, {""name"": ""Dolma Homestay, Tawang (stay 2)"", ""lat"": 26.166195, ""lng"": 91.565766}, {""name"": ""Sualkuchi Silk Village"", ""lat"": 26.1667, ""lng"": 91.5667}, {""name"": ""En route to Srimanta Sankaradeva Kalakshetra"", ""lat"": 26.1737, ""lng"": 91.759}, {""name"": ""En route to Srimanta Sankaradeva Kalakshetra"", ""lat"": 26.1638, ""lng"": 91.7746}, {""name"": ""En route to Srimanta Sankaradeva Kalakshetra"", ""lat"": 26.1539, ""lng"": 91.7902}, {""name"": ""En route to Novotel Guwahati GS Road (stay 1)"", ""lat"": 26.153828, ""lng"": 91.79093}, {""name"": ""En route to Novotel Guwahati GS Road (stay 1)"", ""lat"": 26.163655, ""lng"": 91.77606}]","[{""name"": ""Rituparna Nair"", ""phone"": ""+91-9685990224"", ""relation"": ""family""}, {""name"": ""Pranjal Phukan"", ""phone"": ""+91-8556322907"", ""relation"": ""spouse""}, {""name"": ""Rohan Patel"", ""phone"": ""+91-8665438829"", ""relation"": ""employer""}, {""name"": ""Anurag Choudhury"", ""phone"": ""+91-7556943067"", ""relation"": ""friend""}]",2026-08-25 11:45:00,2026-08-29 20:45:00,26.166588,91.565828,2026-08-29 07:02:48,81.4,1,active,2026-08-19 04:45:00,abduction_pattern,Guwahati Market & Heritage Walk
504,STS-65921A9CD0DE,Tanvi Kalita,Indian,aadhaar,XXXX-XXXX-4175,+91-8618821500,"[{""name"": ""Vivanta Guwahati (stay 1)"", ""lat"": 26.184084, ""lng"": 91.736064}, {""name"": ""Nehru Park"", ""lat"": 26.1857, ""lng"": 91.7477}, {""name"": ""Pan Bazaar"", ""lat"": 26.1856, ""lng"": 91.7455}, {""name"": ""Fancy Bazaar"", ""lat"": 26.1836, ""lng"": 91.7434}, {""name"": ""Dighalipukhuri"", ""lat"": 26.1861, ""lng"": 91.7503}, {""name"": ""Umananda Island"", ""lat"": 26.1964, ""lng"": 91.7453}, {""name"": ""Kamakhya Temple"", ""lat"": 26.1664, ""lng"": 91.7055}, {""name"": ""En route to Kamakhya Temple"", ""lat"": 26.1864, ""lng"": 91.732033}, {""name"": ""En route to Kamakhya Temple"", ""lat"": 26.1764, ""lng"": 91.718767}, {""name"": ""En route to Vivanta Guwahati (stay 1)"", ""lat"": 26.175242, ""lng"": 91.720782}]","[{""name"": ""Rituparna Verma"", ""phone"": ""+91-6188082908"", ""relation"": ""family""}, {""name"": ""Pooja Nair"", ""phone"": ""+91-9803132628"", ""relation"": ""spouse""}, {""name"": ""Pranjal Dutta"", ""phone"": ""+91-9144830522"", ""relation"": ""tour_operator""}]",2026-08-03 10:30:00,2026-08-06 22:30:00,26.184271,91.736235,2026-08-06 06:35:37,79.9,1,active,2026-07-31 04:30:00,normal,Guwahati City Break
505,STS-D4EE24F8EED7,Jessica Brown,American,passport,490438665,+1-9128827180,"[{""name"": ""Brahmaputra Jungle Resort (stay 1)"", ""lat"": 27.545807, ""lng"": 93.835361}, {""name"": ""Ziro Valley"", ""lat"": 27.5448, ""lng"": 93.832}, {""name"": ""Ri Kynjai, Umiam (stay 2)"", ""lat"": 26.633993, ""lng"": 92.80024}, {""name"": ""Tezpur"", ""lat"": 26.6338, ""lng"": 92.8}, {""name"": ""Ri Kynjai, Umiam (stay 3)"", ""lat"": 26.185546, ""lng"": 91.747645}, {""name"": ""Guwahati Railway Station"", ""lat"": 26.1824, ""lng"": 91.7513}, {""name"": ""Novotel Guwahati GS Road (stay 4)"", ""lat"": 27.589431, ""lng"": 91.858288}, {""name"": ""Tawang Monastery"", ""lat"": 27.5861, ""lng"": 91.8594}]","[{""name"": ""Jessica Smith"", ""phone"": ""+1-3614405461"", ""relation"": ""family""}, {""name"": ""Christopher Miller"", ""phone"": ""+1-5692810461"", ""relation"": ""spouse""}]",2026-08-08 05:45:00,2026-08-15 11:45:00,27.589075,91.85847,2026-08-15 06:39:21,54.1,1,active,2026-08-03 13:45:00,normal,Arunachal High Himalaya
506,STS-A25386F8EBD0,Imran Ahmed,Bangladeshi,passport,BX1830515,+880-1287073469,"[{""name"": ""La Maison de Ananda, Majuli (stay 1)"", ""lat"": 26.149592, ""lng"": 91.780368}, {""name"": ""Six Mile"", ""lat"": 26.135, ""lng"": 91.805}, {""name"": ""Dispur Secretariat"", ""lat"": 26.142, ""lng"": 91.79}, {""name"": ""Ganeshguri Junction"", ""lat"": 26.147, ""lng"": 91.79}, {""name"": ""Guwahati Railway Station"", ""lat"": 26.1824, ""lng"": 91.7513}, {""name"": ""Novotel Guwahati GS Road (stay 2)"", ""lat"": 26.109402, ""lng"": 91.584846}, {""name"": ""LGB International Airport"", ""lat"": 26.1061, ""lng"": 91.5859}, {""name"": ""En route to Guwahati Railway Station"", ""lat"": 26.1588, ""lng"": 91.7771}, {""name"": ""En route to Guwahati Railway Station"", ""lat"": 26.1706, ""lng"": 91.7642}, {""name"": ""En route to La Maison de Ananda, Majuli (stay 1)"", ""lat"": 26.165996, ""lng"": 91.765834}, {""name"": ""En route to Six Mile"", ""lat"": 26.142296, ""lng"": 91.792684}]","[{""name"": ""Rahim Uddin"", ""phone"": ""+880-1763057204"", ""relation"": ""family""}, {""name"": ""Jahid Sarkar"", ""phone"": ""+880-4698626872"", ""relation"": ""spouse""}, {""name"": ""Shakib Ahmed"", ""phone"": ""+880-3679333686"", ""relation"": ""friend""}, {""name"": ""Nusrat Rahman"", ""phone"": ""+880-9356055741"", ""relation"": ""spouse""}]",2026-09-04 10:00:00,2026-09-05 20:00:00,26.149527,91.780251,2026-09-05 06:53:48,80.0,1,active,2026-09-02 04:00:00,night_wanderer,Business / Transit Stay
507,STS-C2C1D7F097C8,Chandana Deka,Indian,aadhaar,XXXX-XXXX-1684,+91-9225554737,"[{""name"": ""Dolma Homestay, Tawang (stay 1)"", ""lat"": 26.156419, ""lng"": 91.78306}, {""name"": ""Guwahati Railway Station"", ""lat"": 26.1824, ""lng"": 91.7513}, {""name"": ""Dispur Secretariat"", ""lat"": 26.142, ""lng"": 91.79}, {""name"": ""Six Mile"", ""lat"": 26.135, ""lng"": 91.805}, {""name"": ""Ginger Guwahati (stay 2)"", ""lat"": 26.107832, ""lng"": 91.583123}, {""name"": ""LGB International Airport"", ""lat"": 26.1061, ""lng"": 91.5859}, {""name"": ""En route to Dispur Secretariat"", ""lat"": 26.168933, ""lng"": 91.7642}, {""name"": ""En route to Dispur Secretariat"", ""lat"": 26.155467, ""lng"": 91.7771}, {""name"": ""En route to Guwahati Railway Station"", ""lat"": 26.16941, ""lng"": 91.76718}, {""name"": ""En route to Dolma Homestay, Tawang (stay 1)"", ""lat"": 26.14571, ""lng"": 91.79403}]","[{""name"": ""Rahul Dutta"", ""phone"": ""+91-6332541191"", ""relation"": ""family""}, {""name"": ""Rupam Das"", ""phone"": ""+91-6282471687"", ""relation"": ""spouse""}]",2026-08-27 06:45:00,2026-08-30 15:45:00,26.107552,91.583357,2026-08-30 06:45:19,82.2,1,active,2026-08-16 08:45:00,normal,Business / Transit Stay
508,STS-84B8E0361E5F,Suman Shrestha,Nepali,passport,NP7206965,+977-4529559803,"[{""name"": ""Hotel Rajmahal (stay 1)"", ""lat"": 26.176768, ""lng"": 91.760055}, {""name"": ""Pan Bazaar"", ""lat"": 26.1856, ""lng"": 91.7455}, {""name"": ""Fancy Bazaar"", ""lat"": 26.1836, ""lng"": 91.7434}, {""name"": ""Paltan Bazaar"", ""lat"": 26.1817, ""lng"": 91.7503}, {""name"": ""Uzan Bazar Ghat"", ""lat"": 26.19, ""lng"": 91.759}, {""name"": ""Srimanta Sankaradeva Kalakshetra"", ""lat"": 26.144, ""lng"": 91.8058}, {""name"": ""Novotel Guwahati GS Road (stay 2)"", ""lat"": 26.166158, ""lng"": 91.567611}, {""name"": ""Sualkuchi Silk Village"", ""lat"": 26.1667, ""lng"": 91.5667}, {""name"": ""En route to Srimanta Sankaradeva Kalakshetra"", ""lat"": 26.174667, ""lng"": 91.7746}, {""name"": ""En route to Srimanta Sankaradeva Kalakshetra"", ""lat"": 26.159333, ""lng"": 91.7902}, {""name"": ""En route to Hotel Rajmahal (stay 1)"", ""lat"": 26.154923, ""lng"": 91.790552}, {""name"": ""En route to Hotel Rajmahal (stay 1)"", ""lat"": 26.165845, ""lng"": 91.775303}]","[{""name"": ""Sunita Shrestha"", ""phone"": ""+977-1884795282"", ""relation"": ""family""}]",2026-09-02 06:30:00,2026-09-04 09:30:00,26.165806,91.567269,2026-09-04 06:33:45,83.2,1,active,2026-08-20 09:30:00,normal,Guwahati Market & Heritage Walk
509,STS-C524A9CBD14D,Nabanita Sen,Indian,aadhaar,XXXX-XXXX-4444,+91-9820994874,"[{""name"": ""La Maison de Ananda, Majuli (stay 1)"", ""lat"": 25.196164, ""lng"": 91.970912}, {""name"": ""Dawki / Umngot River"", ""lat"": 25.19, ""lng"": 92.02}, {""name"": ""Mawlynnong Village"", ""lat"": 25.2, ""lng"": 91.9167}, {""name"": ""Hotel Rajmahal (stay 2)"", ""lat"": 25.267238, ""lng"": 91.695923}, {""name"": ""Living Root Bridge, Nongriat"", ""lat"": 25.247, ""lng"": 91.715}, {""name"": ""Cherrapunji (Sohra)"", ""lat"": 25.2912, ""lng"": 91.6783}, {""name"": ""Hotel Polo Towers, Shillong (stay 3)"", ""lat"": 25.653445, ""lng"": 91.891083}, {""name"": ""Umiam Lake"", ""lat"": 25.657, ""lng"": 91.889}, {""name"": ""En route to Mawlynnong Village"", ""lat"": 25.192, ""lng"": 91.99934}, {""name"": ""En route to Mawlynnong Village"", ""lat"": 25.194, ""lng"": 91.97868}, {""name"": ""En route to Mawlynnong Village"", ""lat"": 25.196, ""lng"": 91.95802}, {""name"": ""En route to Mawlynnong Village"", ""lat"": 25.198, ""lng"": 91.93736}, {""name"": ""En route to Cherrapunji (Sohra)"", ""lat"": 25.261733, ""lng"": 91.702767}, {""name"": ""En route to Cherrapunji (Sohra)"", ""lat"": 25.276467, ""lng"": 91.690533}, {""name"": ""En route to La Maison de Ananda, Majuli (stay 1)"", ""lat"": 25.198721, ""lng"": 91.934771}, {""name"": ""En route to La Maison de Ananda, Majuli (stay 1)"", ""lat"": 25.197443, ""lng"": 91.952841}, {""name"": ""En route to Dawki / Umngot River"", ""lat"": 25.193082, ""lng"": 91.995456}, {""name"": ""En route to Hotel Rajmahal (stay 2)"", ""lat"": 25.279219, ""lng"": 91.687111}, {""name"": ""En route to Living Root Bridge, Nongriat"", ""lat"": 25.257119, ""lng"": 91.705461}]","[{""name"": ""Mridula Sharma"", ""phone"": ""+91-6269836126"", ""relation"": ""family""}, {""name"": ""Nikhil Mishra"", ""phone"": ""+91-8271836229"", ""relation"": ""spouse""}, {""name"": ""Aditya Rajkhowa"", ""phone"": ""+91-6106430847"", ""relation"": ""embassy""}]",2026-08-26 05:00:00,2026-09-04 15:00:00,25.653836,91.891226,2026-09-04 06:36:59,63.9,1,active,2026-08-24 20:00:00,normal,Meghalaya Loop
510,STS-DAD824854384,Anjali Sen,Indian,aadhaar,XXXX-XXXX-8524,+91-7323179220,"[{""name"": ""Kiranshree Portico (stay 1)"", ""lat"": 26.630483, ""lng"": 92.800216}, {""name"": ""Tezpur"", ""lat"": 26.6338, ""lng"": 92.8}, {""name"": ""Vivanta Guwahati (stay 2)"", ""lat"": 26.185107, ""lng"": 91.754881}, {""name"": ""Guwahati Railway Station"", ""lat"": 26.1824, ""lng"": 91.7513}, {""name"": ""Hotel Rajmahal (stay 3)"", ""lat"": 27.583025, ""lng"": 91.855941}, {""name"": ""Tawang Monastery"", ""lat"": 27.5861, ""lng"": 91.8594}]","[{""name"": ""Kabir Dutta"", ""phone"": ""+91-6142928425"", ""relation"": ""family""}, {""name"": ""Kabir Gogoi"", ""phone"": ""+91-8333859779"", ""relation"": ""spouse""}, {""name"": ""Priya Banerjee"", ""phone"": ""+91-8476643811"", ""relation"": ""friend""}]",2026-08-08 11:15:00,2026-08-20 23:15:00,27.582776,91.855664,2026-08-20 06:35:48,53.9,1,active,2026-07-27 19:15:00,geofence_intrusion,Arunachal High Himalaya
511,STS-609ED0BCF42E,Fatima Islam,Bangladeshi,passport,BX7434632,+880-9159998197,"[{""name"": ""Hotel Nandan (stay 1)"", ""lat"": 26.749945, ""lng"": 94.202703}, {""name"": ""Jorhat"", ""lat"": 26.7509, ""lng"": 94.2037}, {""name"": ""Brahmaputra Jungle Resort (stay 2)"", ""lat"": 26.98315, ""lng"": 94.642011}, {""name"": ""Sivasagar"", ""lat"": 26.9826, ""lng"": 94.6425}, {""name"": ""Kiranshree Portico (stay 3)"", ""lat"": 26.917351, ""lng"": 92.879524}, {""name"": ""Nameri National Park"", ""lat"": 26.92, ""lng"": 92.88}, {""name"": ""Kiranshree Portico (stay 4)"", ""lat"": 26.634187, ""lng"": 92.798129}, {""name"": ""Tezpur"", ""lat"": 26.6338, ""lng"": 92.8}]","[{""name"": ""Nusrat Khan"", ""phone"": ""+880-5615964711"", ""relation"": ""family""}, {""name"": ""Rumana Alam"", ""phone"": ""+880-2483519508"", ""relation"": ""spouse""}, {""name"": ""Dolma Homestay, Tawang Front Desk"", ""phone"": ""+91-8764598404"", ""relation"": ""hotel""}, {""name"": ""Ayesha Rahman"", ""phone"": ""+880-8156360757"", ""relation"": ""tour_operator""}]",2026-09-09 11:45:00,2026-09-19 17:45:00,,,,100.0,1,active,2026-08-25 00:45:00,geofence_intrusion,Upper Assam Wildlife Trail
512,STS-E15B190F5C9D,Jayanta Iyer,Indian,aadhaar,XXXX-XXXX-3727,+91-7886605113,"[{""name"": ""Brahmaputra Jungle Resort (stay 1)"", ""lat"": 26.179199, ""lng"": 91.786045}, {""name"": ""Assam State Zoo & Botanical Garden"", ""lat"": 26.178, ""lng"": 91.786}, {""name"": ""Hotel Polo Towers, Shillong (stay 2)"", ""lat"": 26.105817, ""lng"": 91.616777}, {""name"": ""Deepor Beel Wildlife Sanctuary"", ""lat"": 26.12, ""lng"": 91.65}, {""name"": ""Accoland Water Park"", ""lat"": 26.09, ""lng"": 91.59}, {""name"": ""Novotel Guwahati GS Road (stay 3)"", ""lat"": 26.23026, ""lng"": 92.080459}, {""name"": ""Pobitora Wildlife Sanctuary"", ""lat"": 26.2333, ""lng"": 92.0833}, {""name"": ""En route to Accoland Water Park"", ""lat"": 26.11, ""lng"": 91.63}, {""name"": ""En route to Accoland Water Park"", ""lat"": 26.1, ""lng"": 91.61}, {""name"": ""En route to Deepor Beel Wildlife Sanctuary"", ""lat"": 26.112908, ""lng"": 91.633388}, {""name"": ""En route to Hotel Polo Towers, Shillong (stay 2)"", ""lat"": 26.097908, ""lng"": 91.603388}]","[{""name"": ""Rohan Nair"", ""phone"": ""+91-6249301106"", ""relation"": ""family""}, {""name"": ""Debojit Rajkhowa"", ""phone"": ""+91-6541430806"", ""relation"": ""spouse""}, {""name"": ""Priya Kalita"", ""phone"": ""+91-6425455220"", ""relation"": ""parent""}]",2026-07-28 05:15:00,2026-08-02 18:15:00,26.230293,92.080163,2026-08-02 06:59:15,81.6,1,active,2026-07-20 02:15:00,normal,Guwahati Nature & Wildlife
513,STS-408D79E61282,Dhruv Choudhury,Indian,aadhaar,XXXX-XXXX-9832,+91-9760366739,"[{""name"": ""Ginger Guwahati (stay 1)"", ""lat"": 26.17341, ""lng"": 91.761484}, {""name"": ""Srimanta Sankaradeva Kalakshetra"", ""lat"": 26.144, ""lng"": 91.8058}, {""name"": ""Uzan Bazar Ghat"", ""lat"": 26.19, ""lng"": 91.759}, {""name"": ""Paltan Bazaar"", ""lat"": 26.1817, ""lng"": 91.7503}, {""name"": ""Fancy Bazaar"", ""lat"": 26.1836, ""lng"": 91.7434}, {""name"": ""En route to Uzan Bazar Ghat"", ""lat"": 26.159333, ""lng"": 91.7902}, {""name"": ""En route to Uzan Bazar Ghat"", ""lat"": 26.174667, ""lng"": 91.7746}, {""name"": ""En route to Srimanta Sankaradeva Kalakshetra"", ""lat"": 26.163607, ""lng"": 91.776256}, {""name"": ""En route to Srimanta Sankaradeva Kalakshetra"", ""lat"": 26.153803, ""lng"": 91.791028}]","[{""name"": ""Rituparna Choudhury"", ""phone"": ""+91-9673429814"", ""relation"": ""family""}]",2026-09-03 07:45:00,2026-09-07 16:45:00,26.173403,91.761499,2026-09-05 18:20:35,72.9,1,active,2026-08-25 05:45:00,route_deviation,Guwahati Market & Heritage Walk
514,STS-E0D223898466,Tanvi Nair,Indian,aadhaar,XXXX-XXXX-6417,+91-9729154805,"[{""name"": ""Vivanta Guwahati (stay 1)"", ""lat"": 23.835192, ""lng"": 91.285954}, {""name"": ""Agartala"", ""lat"": 23.8315, ""lng"": 91.2868}, {""name"": ""La Maison de Ananda, Majuli (stay 2)"", ""lat"": 24.818381, ""lng"": 93.938225}, {""name"": ""Imphal"", ""lat"": 24.817, ""lng"": 93.9368}, {""name"": ""Brahmaputra Jungle Resort (stay 3)"", ""lat"": 26.576764, ""lng"": 93.172216}, {""name"": ""Kaziranga National Park"", ""lat"": 26.5775, ""lng"": 93.1711}]","[{""name"": ""Parag Das"", ""phone"": ""+91-7249361562"", ""relation"": ""family""}, {""name"": ""Anurag Kalita"", ""phone"": ""+91-8048574294"", ""relation"": ""spouse""}, {""name"": ""Utpal Kalita"", ""phone"": ""+91-9034453536"", ""relation"": ""embassy""}]",2026-08-02 11:30:00,2026-08-16 22:30:00,26.576886,93.172088,2026-08-16 06:59:45,40.0,1,active,2026-07-26 13:30:00,normal,Seven Sisters Grand Tour
515,STS-D776BEDC60D9,Priya Patel,Indian,aadhaar,XXXX-XXXX-1963,+91-9628418802,"[{""name"": ""Kiranshree Portico (stay 1)"", ""lat"": 26.179228, ""lng"": 91.742979}, {""name"": ""Paltan Bazaar"", ""lat"": 26.1817, ""lng"": 91.7503}, {""name"": ""Fancy Bazaar"", ""lat"": 26.1836, ""lng"": 91.7434}, {""name"": ""Ri Kynjai, Umiam (stay 2)"", ""lat"": 26.16367, ""lng"": 91.563894}, {""name"": ""Sualkuchi Silk Village"", ""lat"": 26.1667, ""lng"": 91.5667}]","[{""name"": ""Anjali Medhi"", ""phone"": ""+91-6394480146"", ""relation"": ""family""}, {""name"": ""Jayanta Sen"", ""phone"": ""+91-9519275288"", ""relation"": ""spouse""}]",2026-09-09 05:15:00,2026-09-12 09:15:00,,,,100.0,1,active,2026-08-24 04:15:00,normal,Guwahati Market & Heritage Walk
516,STS-45AF44867EC6,Pooja Hazarika,Indian,voterid,KLN7609155,+91-9252791947,"[{""name"": ""Hotel Polo Towers, Shillong (stay 1)"", ""lat"": 26.63736, ""lng"": 92.800436}, {""name"": ""Tezpur"", ""lat"": 26.6338, ""lng"": 92.8}, {""name"": ""Brahmaputra Jungle Resort (stay 2)"", ""lat"": 26.185805, ""lng"": 91.753602}, {""name"": ""Guwahati Railway Station"", ""lat"": 26.1824, ""lng"": 91.7513}, {""name"": ""Hotel Polo Towers, Shillong (stay 3)"", ""lat"": 27.587472, ""lng"": 91.856702}, {""name"": ""Tawang Monastery"", ""lat"": 27.5861, ""lng"": 91.8594}, {""name"": ""Wild Mahseer, Balipara (stay 4)"", ""lat"": 27.544529, ""lng"": 93.83504}, {""name"": ""Ziro Valley"", ""lat"": 27.5448, ""lng"": 93.832}]","[{""name"": ""Tanvi Sen"", ""phone"": ""+91-7576857721"", ""relation"": ""family""}, {""name"": ""Parag Deka"", ""phone"": ""+91-9786577033"", ""relation"": ""spouse""}]",2026-09-08 11:45:00,2026-09-20 16:45:00,,,,100.0,1,active,2026-09-03 19:45:00,night_wanderer,Arunachal High Himalaya
517,STS-BF6862F8F0E5,Rahim Khan,Bangladeshi,passport,BX5103468,+880-8573962289,"[{""name"": ""Ri Kynjai, Umiam (stay 1)"", ""lat"": 26.155404, ""lng"": 91.783411}, {""name"": ""Ganeshguri Junction"", ""lat"": 26.147, ""lng"": 91.79}, {""name"": ""Dispur Secretariat"", ""lat"": 26.142, ""lng"": 91.79}, {""name"": ""Six Mile"", ""lat"": 26.135, ""lng"": 91.805}, {""name"": ""Guwahati Railway Station"", ""lat"": 26.1824, ""lng"": 91.7513}, {""name"": ""La Maison de Ananda, Majuli (stay 2)"", ""lat"": 26.11, ""lng"": 91.582748}, {""name"": ""LGB International Airport"", ""lat"": 26.1061, ""lng"": 91.5859}, {""name"": ""En route to Guwahati Railway Station"", ""lat"": 26.14685, ""lng"": 91.791575}, {""name"": ""En route to Guwahati Railway Station"", ""lat"": 26.1587, ""lng"": 91.77815}, {""name"": ""En route to Guwahati Railway Station"", ""lat"": 26.17055, ""lng"": 91.764725}, {""name"": ""En route to Ri Kynjai, Umiam (stay 1)"", ""lat"": 26.168902, ""lng"": 91.767356}]","[{""name"": ""Nusrat Alam"", ""phone"": ""+880-1620162079"", ""relation"": ""family""}, {""name"": ""Fatima Alam"", ""phone"": ""+880-9351148282"", ""relation"": ""spouse""}, {""name"": ""Imran Alam"", ""phone"": ""+880-3943670816"", ""relation"": ""parent""}]",2026-07-24 06:45:00,2026-07-26 17:45:00,26.11005,91.582513,2026-07-26 06:34:31,80.9,1,active,2026-07-02 15:45:00,normal,Business / Transit Stay
518,STS-6734F942A3B5,Gitanjali Phukan,Indian,aadhaar,XXXX-XXXX-3046,+91-7661664783,"[{""name"": ""Brahmaputra Jungle Resort (stay 1)"", ""lat"": 26.58136, ""lng"": 93.169372}, {""name"": ""Kaziranga National Park"", ""lat"": 26.5775, ""lng"": 93.1711}, {""name"": ""Hotel Polo Towers, Shillong (stay 2)"", ""lat"": 25.675982, ""lng"": 94.111199}, {""name"": ""Kohima"", ""lat"": 25.6751, ""lng"": 94.1086}, {""name"": ""Diphlu River Lodge, Kaziranga (stay 3)"", ""lat"": 23.830707, ""lng"": 91.28648}, {""name"": ""Agartala"", ""lat"": 23.8315, ""lng"": 91.2868}]","[{""name"": ""Arjun Patel"", ""phone"": ""+91-6039370951"", ""relation"": ""family""}]",2026-08-27 08:45:00,2026-09-12 14:45:00,23.831088,91.286515,2026-09-05 18:34:58,71.1,1,active,2026-08-09 05:45:00,abduction_pattern,Seven Sisters Grand Tour
519,STS-FB5ACCAD495D,Kabir Deka,Indian,aadhaar,XXXX-XXXX-6211,+91-8687005401,"[{""name"": ""Ygdrasill Bamboo Resort, Cherrapunji (stay 1)"", ""lat"": 26.102332, ""lng"": 91.622861}, {""name"": ""Accoland Water Park"", ""lat"": 26.09, ""lng"": 91.59}, {""name"": ""Deepor Beel Wildlife Sanctuary"", ""lat"": 26.12, ""lng"": 91.65}, {""name"": ""Ri Kynjai, Umiam (stay 2)"", ""lat"": 26.181348, ""lng"": 91.782186}, {""name"": ""Assam State Zoo & Botanical Garden"", ""lat"": 26.178, ""lng"": 91.786}, {""name"": ""Novotel Guwahati GS Road (stay 3)"", ""lat"": 26.236843, ""lng"": 92.086501}, {""name"": ""Pobitora Wildlife Sanctuary"", ""lat"": 26.2333, ""lng"": 92.0833}, {""name"": ""Hotel Rajmahal (stay 4)"", ""lat"": 25.934746, ""lng"": 91.434921}, {""name"": ""Chandubi Lake"", ""lat"": 25.9333, ""lng"": 91.4333}, {""name"": ""En route to Deepor Beel Wildlife Sanctuary"", ""lat"": 26.1, ""lng"": 91.61}, {""name"": ""En route to Deepor Beel Wildlife Sanctuary"", ""lat"": 26.11, ""lng"": 91.63}, {""name"": ""En route to Accoland Water Park"", ""lat"": 26.096166, ""lng"": 91.606431}, {""name"": ""En route to Ygdrasill Bamboo Resort, Cherrapunji (stay 1)"", ""lat"": 26.111166, ""lng"": 91.636431}]","[{""name"": ""Priya Kalita"", ""phone"": ""+91-7934037412"", ""relation"": ""family""}, {""name"": ""Rituparna Mishra"", ""phone"": ""+91-8768008366"", ""relation"": ""spouse""}, {""name"": ""Rupam Baishya"", ""phone"": ""+91-9185655281"", ""relation"": ""family""}]",2026-07-28 11:00:00,2026-08-02 13:00:00,25.934895,91.434698,2026-08-03 06:47:13,79.7,1,active,2026-07-10 06:00:00,night_wanderer,Guwahati Nature & Wildlife
520,STS-946632EF4AFF,Mridula Banerjee,Indian,aadhaar,XXXX-XXXX-2865,+91-6927697039,"[{""name"": ""La Maison de Ananda, Majuli (stay 1)"", ""lat"": 26.251139, ""lng"": 91.51478}, {""name"": ""Hajo Pilgrimage Town"", ""lat"": 26.25, ""lng"": 91.5167}, {""name"": ""Brahmaputra Jungle Resort (stay 2)"", ""lat"": 26.166709, ""lng"": 91.759303}, {""name"": ""Kamakhya Temple"", ""lat"": 26.1664, ""lng"": 91.7055}, {""name"": ""Umananda Island"", ""lat"": 26.1964, ""lng"": 91.7453}, {""name"": ""Navagraha Temple"", ""lat"": 26.1749, ""lng"": 91.7789}, {""name"": ""Basistha Temple"", ""lat"": 26.1132, ""lng"": 91.797}, {""name"": ""En route to Basistha Temple"", ""lat"": 26.154333, ""lng"": 91.784933}, {""name"": ""En route to Basistha Temple"", ""lat"": 26.133767, ""lng"": 91.790967}, {""name"": ""En route to Brahmaputra Jungle Resort (stay 2)"", ""lat"": 26.131036, ""lng"": 91.784434}, {""name"": ""En route to Brahmaputra Jungle Resort (stay 2)"", ""lat"": 26.148873, ""lng"": 91.771869}, {""name"": ""En route to Kamakhya Temple"", ""lat"": 26.166606, ""lng"": 91.741369}, {""name"": ""En route to Kamakhya Temple"", ""lat"": 26.166503, ""lng"": 91.723434}, {""name"": ""En route to Umananda Island"", ""lat"": 26.1764, ""lng"": 91.718767}, {""name"": ""En route to Umananda Island"", ""lat"": 26.1864, ""lng"": 91.732033}, {""name"": ""En route to Navagraha Temple"", ""lat"": 26.18565, ""lng"": 91.7621}]","[{""name"": ""Rohan Sharma"", ""phone"": ""+91-8909016378"", ""relation"": ""family""}, {""name"": ""Riya Hazarika"", ""phone"": ""+91-9091646203"", ""relation"": ""spouse""}, {""name"": ""Bhaskar Choudhury"", ""phone"": ""+91-8385052616"", ""relation"": ""colleague""}]",2026-07-27 11:30:00,2026-08-02 13:30:00,26.166487,91.759358,2026-08-02 06:49:12,81.7,1,active,2026-07-24 05:30:00,sos_panic,Guwahati Pilgrimage Circuit
521,STS-30C6BE9DC70F,Priya Kumar,Indian,aadhaar,XXXX-XXXX-6577,+91-6768325337,"[{""name"": ""Hotel Rajmahal (stay 1)"", ""lat"": 26.178693, ""lng"": 91.754846}, {""name"": ""Guwahati Railway Station"", ""lat"": 26.1824, ""lng"": 91.7513}, {""name"": ""Kiranshree Portico (stay 2)"", ""lat"": 25.613907, ""lng"": 91.890776}, {""name"": ""Umiam Lake"", ""lat"": 25.657, ""lng"": 91.889}, {""name"": ""Shillong"", ""lat"": 25.5788, ""lng"": 91.8933}, {""name"": ""Ygdrasill Bamboo Resort, Cherrapunji (stay 3)"", ""lat"": 25.269861, ""lng"": 91.696598}, {""name"": ""Cherrapunji (Sohra)"", ""lat"": 25.2912, ""lng"": 91.6783}, {""name"": ""Living Root Bridge, Nongriat"", ""lat"": 25.247, ""lng"": 91.715}, {""name"": ""Kiranshree Portico (stay 4)"", ""lat"": 25.199362, ""lng"": 91.913648}, {""name"": ""Mawlynnong Village"", ""lat"": 25.2, ""lng"": 91.9167}, {""name"": ""En route to Shillong"", ""lat"": 25.63745, ""lng"": 91.890075}, {""name"": ""En route to Shillong"", ""lat"": 25.6179, ""lng"": 91.89115}, {""name"": ""En route to Shillong"", ""lat"": 25.59835, ""lng"": 91.892225}, {""name"": ""En route to Living Root Bridge, Nongriat"", ""lat"": 25.276467, ""lng"": 91.690533}, {""name"": ""En route to Living Root Bridge, Nongriat"", ""lat"": 25.261733, ""lng"": 91.702767}, {""name"": ""En route to Umiam Lake"", ""lat"": 25.635454, ""lng"": 91.889888}, {""name"": ""En route to Kiranshree Portico (stay 2)"", ""lat"": 25.596353, ""lng"": 91.892038}, {""name"": ""En route to Ygdrasill Bamboo Resort, Cherrapunji (stay 3)"", ""lat"": 25.25843, ""lng"": 91.705799}, {""name"": ""En route to Cherrapunji (Sohra)"", ""lat"": 25.28053, ""lng"": 91.687449}]","[{""name"": ""Gitanjali Sen"", ""phone"": ""+91-8837555530"", ""relation"": ""family""}, {""name"": ""Kavya Verma"", ""phone"": ""+91-6526658124"", ""relation"": ""spouse""}]",2026-07-31 10:30:00,2026-08-08 18:30:00,25.199526,91.913913,2026-08-08 06:55:07,83.3,0,active,2026-07-22 20:30:00,sos_panic,Meghalaya Loop
522,STS-302C4CB5157A,Simanta Sen,Indian,aadhaar,XXXX-XXXX-7579,+91-8417937278,"[{""name"": ""La Maison de Ananda, Majuli (stay 1)"", ""lat"": 26.156261, ""lng"": 91.747268}, {""name"": ""Kamakhya Temple"", ""lat"": 26.1664, ""lng"": 91.7055}, {""name"": ""Umananda Island"", ""lat"": 26.1964, ""lng"": 91.7453}, {""name"": ""Basistha Temple"", ""lat"": 26.1132, ""lng"": 91.797}, {""name"": ""Kiranshree Portico (stay 2)"", ""lat"": 26.368871, ""lng"": 91.6342}, {""name"": ""Madan Kamdev Ruins"", ""lat"": 26.3667, ""lng"": 91.6333}, {""name"": ""En route to Basistha Temple"", ""lat"": 26.17976, ""lng"": 91.75564}, {""name"": ""En route to Basistha Temple"", ""lat"": 26.16312, ""lng"": 91.76598}, {""name"": ""En route to Basistha Temple"", ""lat"": 26.14648, ""lng"": 91.77632}, {""name"": ""En route to Basistha Temple"", ""lat"": 26.12984, ""lng"": 91.78666}, {""name"": ""En route to La Maison de Ananda, Majuli (stay 1)"", ""lat"": 26.127554, ""lng"": 91.780423}, {""name"": ""En route to La Maison de Ananda, Majuli (stay 1)"", ""lat"": 26.141907, ""lng"": 91.763845}, {""name"": ""En route to Umananda Island"", ""lat"": 26.1764, ""lng"": 91.718767}, {""name"": ""En route to Umananda Island"", ""lat"": 26.1864, ""lng"": 91.732033}, {""name"": ""En route to Kamakhya Temple"", ""lat"": 26.16133, ""lng"": 91.726384}]","[{""name"": ""Nabanita Banerjee"", ""phone"": ""+91-8254225803"", ""relation"": ""family""}, {""name"": ""Anurag Banerjee"", ""phone"": ""+91-7789103603"", ""relation"": ""spouse""}]",2026-08-05 05:45:00,2026-08-11 07:45:00,26.368823,91.634402,2026-08-11 06:55:51,80.1,1,active,2026-07-20 10:45:00,normal,Guwahati Pilgrimage Circuit
523,STS-73FB93324EA9,Nikhil Bhattacharya,Indian,aadhaar,XXXX-XXXX-1446,+91-7971729360,"[{""name"": ""Novotel Guwahati GS Road (stay 1)"", ""lat"": 26.179399, ""lng"": 91.755115}, {""name"": ""Guwahati Railway Station"", ""lat"": 26.1824, ""lng"": 91.7513}, {""name"": ""Hotel Dynasty, Lakhtokia (stay 2)"", ""lat"": 26.634137, ""lng"": 92.801319}, {""name"": ""Tezpur"", ""lat"": 26.6338, ""lng"": 92.8}, {""name"": ""Ri Kynjai, Umiam (stay 3)"", ""lat"": 27.585587, ""lng"": 91.860418}, {""name"": ""Tawang Monastery"", ""lat"": 27.5861, ""lng"": 91.8594}, {""name"": ""Ri Kynjai, Umiam (stay 4)"", ""lat"": 27.547317, ""lng"": 93.833473}, {""name"": ""Ziro Valley"", ""lat"": 27.5448, ""lng"": 93.832}]","[{""name"": ""Arjun Reddy"", ""phone"": ""+91-7370624474"", ""relation"": ""family""}, {""name"": ""Rupam Phukan"", ""phone"": ""+91-9918203230"", ""relation"": ""spouse""}, {""name"": ""Kiranshree Portico Front Desk"", ""phone"": ""+91-8679797153"", ""relation"": ""hotel""}, {""name"": ""Simanta Saikia"", ""phone"": ""+91-7623350353"", ""relation"": ""employer""}]",2026-08-20 06:45:00,2026-09-02 16:45:00,27.547238,93.833125,2026-09-02 06:57:43,81.0,1,active,2026-08-10 13:45:00,normal,Arunachal High Himalaya
524,STS-B979CC019F72,Pranjal Medhi,Indian,aadhaar,XXXX-XXXX-9500,+91-8462890537,"[{""name"": ""La Maison de Ananda, Majuli (stay 1)"", ""lat"": 26.951309, ""lng"": 94.169669}, {""name"": ""Majuli River Island"", ""lat"": 26.95, ""lng"": 94.17}, {""name"": ""Hotel Dynasty, Lakhtokia (stay 2)"", ""lat"": 26.754844, ""lng"": 94.206515}, {""name"": ""Jorhat"", ""lat"": 26.7509, ""lng"": 94.2037}, {""name"": ""Novotel Guwahati GS Road (stay 3)"", ""lat"": 26.980867, ""lng"": 94.638711}, {""name"": ""Sivasagar"", ""lat"": 26.9826, ""lng"": 94.6425}, {""name"": ""La Maison de Ananda, Majuli (stay 4)"", ""lat"": 26.577255, ""lng"": 93.171843}, {""name"": ""Kaziranga National Park"", ""lat"": 26.5775, ""lng"": 93.1711}, {""name"": ""Diphlu River Lodge, Kaziranga (stay 5)"", ""lat"": 26.63464, ""lng"": 92.798162}, {""name"": ""Tezpur"", ""lat"": 26.6338, ""lng"": 92.8}, {""name"": ""Dolma Homestay, Tawang (stay 6)"", ""lat"": 26.917475, ""lng"": 92.878108}, {""name"": ""Nameri National Park"", ""lat"": 26.92, ""lng"": 92.88}]","[{""name"": ""Bishal Baishya"", ""phone"": ""+91-9670175052"", ""relation"": ""family""}]",2026-08-25 06:45:00,2026-09-01 13:45:00,26.917289,92.877994,2026-09-01 06:52:18,79.3,1,active,2026-08-23 23:45:00,night_wanderer,Upper Assam Wildlife Trail
525,STS-8DF044F2B21E,Lucia Perez,Spanish,passport,XD526653,+34-911185185,"[{""name"": ""Ygdrasill Bamboo Resort, Cherrapunji (stay 1)"", ""lat"": 26.102152, ""lng"": 91.587304}, {""name"": ""LGB International Airport"", ""lat"": 26.1061, ""lng"": 91.5859}, {""name"": ""Ri Kynjai, Umiam (stay 2)"", ""lat"": 26.578378, ""lng"": 93.169549}, {""name"": ""Kaziranga National Park"", ""lat"": 26.5775, ""lng"": 93.1711}, {""name"": ""Ri Kynjai, Umiam (stay 3)"", ""lat"": 26.752143, ""lng"": 94.207489}, {""name"": ""Jorhat"", ""lat"": 26.7509, ""lng"": 94.2037}]","[{""name"": ""Javier Sanchez"", ""phone"": ""+34-986944033"", ""relation"": ""family""}, {""name"": ""Elena Sanchez"", ""phone"": ""+34-831967044"", ""relation"": ""spouse""}, {""name"": ""Carmen Gomez"", ""phone"": ""+34-554928374"", ""relation"": ""colleague""}]",2026-09-06 06:00:00,2026-09-15 19:00:00,,,,100.0,1,active,2026-08-31 19:00:00,normal,Upper Assam Wildlife Trail
526,STS-260562796B3B,Jahid Alam,Bangladeshi,passport,BX0679003,+880-5202822764,"[{""name"": ""Ginger Guwahati (stay 1)"", ""lat"": 26.15942, ""lng"": 91.759193}, {""name"": ""Basistha Temple"", ""lat"": 26.1132, ""lng"": 91.797}, {""name"": ""Navagraha Temple"", ""lat"": 26.1749, ""lng"": 91.7789}, {""name"": ""Umananda Island"", ""lat"": 26.1964, ""lng"": 91.7453}, {""name"": ""Kamakhya Temple"", ""lat"": 26.1664, ""lng"": 91.7055}, {""name"": ""Ri Kynjai, Umiam (stay 2)"", ""lat"": 26.249657, ""lng"": 91.514125}, {""name"": ""Hajo Pilgrimage Town"", ""lat"": 26.25, ""lng"": 91.5167}, {""name"": ""La Maison de Ananda, Majuli (stay 3)"", ""lat"": 26.367652, ""lng"": 91.629331}, {""name"": ""Madan Kamdev Ruins"", ""lat"": 26.3667, ""lng"": 91.6333}, {""name"": ""En route to Navagraha Temple"", ""lat"": 26.133767, ""lng"": 91.790967}, {""name"": ""En route to Navagraha Temple"", ""lat"": 26.154333, ""lng"": 91.784933}, {""name"": ""En route to Basistha Temple"", ""lat"": 26.144013, ""lng"": 91.771795}, {""name"": ""En route to Basistha Temple"", ""lat"": 26.128607, ""lng"": 91.784398}, {""name"": ""En route to Ginger Guwahati (stay 1)"", ""lat"": 26.164073, ""lng"": 91.723398}, {""name"": ""En route to Ginger Guwahati (stay 1)"", ""lat"": 26.161747, ""lng"": 91.741295}, {""name"": ""En route to Kamakhya Temple"", ""lat"": 26.1864, ""lng"": 91.732033}, {""name"": ""En route to Kamakhya Temple"", ""lat"": 26.1764, ""lng"": 91.718767}, {""name"": ""En route to Umananda Island"", ""lat"": 26.18565, ""lng"": 91.7621}]","[{""name"": ""Rahim Uddin"", ""phone"": ""+880-3776454108"", ""relation"": ""family""}, {""name"": ""Sabina Chowdhury"", ""phone"": ""+880-6291655981"", ""relation"": ""spouse""}, {""name"": ""Tanvir Chowdhury"", ""phone"": ""+880-5452828542"", ""relation"": ""colleague""}, {""name"": ""Shakib Khan"", ""phone"": ""+880-5206154966"", ""relation"": ""colleague""}]",2026-08-23 07:30:00,2026-08-29 13:30:00,26.367472,91.629716,2026-08-29 06:39:33,80.0,1,active,2026-08-19 20:30:00,inactivity,Guwahati Pilgrimage Circuit
527,STS-65367BC7578E,Tashi Tshering,Bhutanese,passport,BT2484163,+975-69374674,"[{""name"": ""Hotel Nandan (stay 1)"", ""lat"": 26.159917, ""lng"": 91.776842}, {""name"": ""Navagraha Temple"", ""lat"": 26.1749, ""lng"": 91.7789}, {""name"": ""Umananda Island"", ""lat"": 26.1964, ""lng"": 91.7453}, {""name"": ""Basistha Temple"", ""lat"": 26.1132, ""lng"": 91.797}, {""name"": ""Ygdrasill Bamboo Resort, Cherrapunji (stay 2)"", ""lat"": 26.364086, ""lng"": 91.635339}, {""name"": ""Madan Kamdev Ruins"", ""lat"": 26.3667, ""lng"": 91.6333}, {""name"": ""En route to Basistha Temple"", ""lat"": 26.17976, ""lng"": 91.75564}, {""name"": ""En route to Basistha Temple"", ""lat"": 26.16312, ""lng"": 91.76598}, {""name"": ""En route to Basistha Temple"", ""lat"": 26.14648, ""lng"": 91.77632}, {""name"": ""En route to Basistha Temple"", ""lat"": 26.12984, ""lng"": 91.78666}, {""name"": ""En route to Hotel Nandan (stay 1)"", ""lat"": 26.128772, ""lng"": 91.790281}, {""name"": ""En route to Hotel Nandan (stay 1)"", ""lat"": 26.144345, ""lng"": 91.783561}, {""name"": ""En route to Umananda Island"", ""lat"": 26.18565, ""lng"": 91.7621}]","[{""name"": ""Tashi Tshering"", ""phone"": ""+975-73947360"", ""relation"": ""family""}, {""name"": ""Dorji Wangchuk"", ""phone"": ""+975-59073113"", ""relation"": ""spouse""}]",2026-07-22 11:15:00,2026-07-25 22:15:00,26.364028,91.635137,2026-07-25 06:55:18,78.7,1,active,2026-07-02 16:15:00,route_deviation,Guwahati Pilgrimage Circuit
528,STS-49F8AA4AE5F9,Gitanjali Ghosh,Indian,passport,Z7435467,+91-8578603661,"[{""name"": ""Wild Mahseer, Balipara (stay 1)"", ""lat"": 26.104241, ""lng"": 91.617661}, {""name"": ""Accoland Water Park"", ""lat"": 26.09, ""lng"": 91.59}, {""name"": ""Deepor Beel Wildlife Sanctuary"", ""lat"": 26.12, ""lng"": 91.65}, {""name"": ""Hotel Polo Towers, Shillong (stay 2)"", ""lat"": 26.1792, ""lng"": 91.789447}, {""name"": ""Assam State Zoo & Botanical Garden"", ""lat"": 26.178, ""lng"": 91.786}, {""name"": ""Hotel Rajmahal (stay 3)"", ""lat"": 26.230939, ""lng"": 92.080497}, {""name"": ""Pobitora Wildlife Sanctuary"", ""lat"": 26.2333, ""lng"": 92.0833}, {""name"": ""Ygdrasill Bamboo Resort, Cherrapunji (stay 4)"", ""lat"": 25.930534, ""lng"": 91.432006}, {""name"": ""Chandubi Lake"", ""lat"": 25.9333, ""lng"": 91.4333}, {""name"": ""En route to Deepor Beel Wildlife Sanctuary"", ""lat"": 26.1, ""lng"": 91.61}, {""name"": ""En route to Deepor Beel Wildlife Sanctuary"", ""lat"": 26.11, ""lng"": 91.63}, {""name"": ""En route to Wild Mahseer, Balipara (stay 1)"", ""lat"": 26.11212, ""lng"": 91.633831}, {""name"": ""En route to Accoland Water Park"", ""lat"": 26.09712, ""lng"": 91.603831}]","[{""name"": ""Riya Hazarika"", ""phone"": ""+91-8839905980"", ""relation"": ""family""}, {""name"": ""Bishal Verma"", ""phone"": ""+91-9998025905"", ""relation"": ""spouse""}]",2026-07-27 11:30:00,2026-07-29 15:30:00,26.230774,92.080193,2026-07-29 06:47:47,81.6,0,active,2026-07-07 01:30:00,normal,Guwahati Nature & Wildlife
529,STS-2E1F40B4F08B,Dhruv Nair,Indian,aadhaar,XXXX-XXXX-1416,+91-8739884245,"[{""name"": ""Hotel Nandan (stay 1)"", ""lat"": 26.176751, ""lng"": 91.760458}, {""name"": ""Uzan Bazar Ghat"", ""lat"": 26.19, ""lng"": 91.759}, {""name"": ""Paltan Bazaar"", ""lat"": 26.1817, ""lng"": 91.7503}, {""name"": ""Pan Bazaar"", ""lat"": 26.1856, ""lng"": 91.7455}, {""name"": ""Fancy Bazaar"", ""lat"": 26.1836, ""lng"": 91.7434}, {""name"": ""Srimanta Sankaradeva Kalakshetra"", ""lat"": 26.144, ""lng"": 91.8058}, {""name"": ""En route to Srimanta Sankaradeva Kalakshetra"", ""lat"": 26.1737, ""lng"": 91.759}, {""name"": ""En route to Srimanta Sankaradeva Kalakshetra"", ""lat"": 26.1638, ""lng"": 91.7746}, {""name"": ""En route to Srimanta Sankaradeva Kalakshetra"", ""lat"": 26.1539, ""lng"": 91.7902}, {""name"": ""En route to Hotel Nandan (stay 1)"", ""lat"": 26.154917, ""lng"": 91.790686}, {""name"": ""En route to Hotel Nandan (stay 1)"", ""lat"": 26.165834, ""lng"": 91.775572}]","[{""name"": ""Manish Deka"", ""phone"": ""+91-8953448674"", ""relation"": ""family""}, {""name"": ""Ishita Singh"", ""phone"": ""+91-9417365866"", ""relation"": ""spouse""}]",2026-08-20 06:30:00,2026-08-22 19:30:00,26.176959,91.76027,2026-08-22 06:59:06,80.3,1,active,2026-08-06 22:30:00,route_deviation,Guwahati Market & Heritage Walk
530,STS-5D52C0A65AB3,Nabanita Reddy,Indian,aadhaar,XXXX-XXXX-8627,+91-8489958366,"[{""name"": ""La Maison de Ananda, Majuli (stay 1)"", ""lat"": 26.247379, ""lng"": 91.519782}, {""name"": ""Hajo Pilgrimage Town"", ""lat"": 26.25, ""lng"": 91.5167}, {""name"": ""Hotel Rajmahal (stay 2)"", ""lat"": 26.370623, ""lng"": 91.636564}, {""name"": ""Madan Kamdev Ruins"", ""lat"": 26.3667, ""lng"": 91.6333}, {""name"": ""Radisson Blu Guwahati (stay 3)"", ""lat"": 26.159836, ""lng"": 91.771194}, {""name"": ""Umananda Island"", ""lat"": 26.1964, ""lng"": 91.7453}, {""name"": ""Navagraha Temple"", ""lat"": 26.1749, ""lng"": 91.7789}, {""name"": ""Basistha Temple"", ""lat"": 26.1132, ""lng"": 91.797}, {""name"": ""En route to Basistha Temple"", ""lat"": 26.154333, ""lng"": 91.784933}, {""name"": ""En route to Basistha Temple"", ""lat"": 26.133767, ""lng"": 91.790967}, {""name"": ""En route to Radisson Blu Guwahati (stay 3)"", ""lat"": 26.128745, ""lng"": 91.788398}, {""name"": ""En route to Radisson Blu Guwahati (stay 3)"", ""lat"": 26.144291, ""lng"": 91.779796}, {""name"": ""En route to Umananda Island"", ""lat"": 26.178118, ""lng"": 91.758247}, {""name"": ""En route to Navagraha Temple"", ""lat"": 26.18565, ""lng"": 91.7621}]","[{""name"": ""Arjun Kalita"", ""phone"": ""+91-8849744013"", ""relation"": ""family""}]",2026-07-30 10:45:00,2026-08-05 21:45:00,26.159534,91.770797,2026-08-05 06:51:20,80.7,1,active,2026-07-30 07:45:00,normal,Guwahati Pilgrimage Circuit
531,STS-E9D9B1AF20E8,Siddharth Mishra,Indian,aadhaar,XXXX-XXXX-6941,+91-7949623690,"[{""name"": ""Hotel Rajmahal (stay 1)"", ""lat"": 26.107466, ""lng"": 91.58868}, {""name"": ""LGB International Airport"", ""lat"": 26.1061, ""lng"": 91.5859}, {""name"": ""Kiranshree Portico (stay 2)"", ""lat"": 26.636717, ""lng"": 92.799816}, {""name"": ""Tezpur"", ""lat"": 26.6338, ""lng"": 92.8}, {""name"": ""Kiranshree Portico (stay 3)"", ""lat"": 26.573738, ""lng"": 93.17009}, {""name"": ""Kaziranga National Park"", ""lat"": 26.5775, ""lng"": 93.1711}, {""name"": ""Hotel Dynasty, Lakhtokia (stay 4)"", ""lat"": 26.951198, ""lng"": 94.170334}, {""name"": ""Majuli River Island"", ""lat"": 26.95, ""lng"": 94.17}, {""name"": ""Kiranshree Portico (stay 5)"", ""lat"": 26.980631, ""lng"": 94.640676}, {""name"": ""Sivasagar"", ""lat"": 26.9826, ""lng"": 94.6425}]","[{""name"": ""Rupam Kalita"", ""phone"": ""+91-9384877756"", ""relation"": ""family""}, {""name"": ""Bishal Bora"", ""phone"": ""+91-7911743321"", ""relation"": ""spouse""}, {""name"": ""Ananya Bhattacharya"", ""phone"": ""+91-9055878968"", ""relation"": ""parent""}]",2026-08-11 11:00:00,2026-08-22 23:00:00,26.980869,94.640665,2026-08-22 06:49:40,78.8,1,active,2026-08-10 09:00:00,normal,Upper Assam Wildlife Trail
532,STS-E44DC41D952F,Mridula Reddy,Indian,aadhaar,XXXX-XXXX-5010,+91-8447581522,"[{""name"": ""Brahmaputra Jungle Resort (stay 1)"", ""lat"": 26.179412, ""lng"": 91.755036}, {""name"": ""Guwahati Railway Station"", ""lat"": 26.1824, ""lng"": 91.7513}, {""name"": ""Ginger Guwahati (stay 2)"", ""lat"": 26.630669, ""lng"": 92.803888}, {""name"": ""Tezpur"", ""lat"": 26.6338, ""lng"": 92.8}, {""name"": ""Hotel Polo Towers, Shillong (stay 3)"", ""lat"": 27.587171, ""lng"": 91.858343}, {""name"": ""Tawang Monastery"", ""lat"": 27.5861, ""lng"": 91.8594}, {""name"": ""Ygdrasill Bamboo Resort, Cherrapunji (stay 4)"", ""lat"": 27.547403, ""lng"": 93.83162}, {""name"": ""Ziro Valley"", ""lat"": 27.5448, ""lng"": 93.832}]","[{""name"": ""Dhruv Banerjee"", ""phone"": ""+91-8421965822"", ""relation"": ""family""}, {""name"": ""Pranjal Banerjee"", ""phone"": ""+91-8424365813"", ""relation"": ""spouse""}, {""name"": ""Brahmaputra Jungle Resort Front Desk"", ""phone"": ""+91-8711297968"", ""relation"": ""hotel""}]",2026-09-02 06:30:00,2026-09-16 17:30:00,27.54749,93.831858,2026-09-05 18:27:55,73.8,1,active,2026-08-18 13:30:00,normal,Arunachal High Himalaya
533,STS-A96E51F66C00,Nabanita Phukan,Indian,aadhaar,XXXX-XXXX-8221,+91-8481075357,"[{""name"": ""Hotel Nandan (stay 1)"", ""lat"": 25.929809, ""lng"": 91.434393}, {""name"": ""Chandubi Lake"", ""lat"": 25.9333, ""lng"": 91.4333}, {""name"": ""Ygdrasill Bamboo Resort, Cherrapunji (stay 2)"", ""lat"": 26.106183, ""lng"": 91.618052}, {""name"": ""Accoland Water Park"", ""lat"": 26.09, ""lng"": 91.59}, {""name"": ""Deepor Beel Wildlife Sanctuary"", ""lat"": 26.12, ""lng"": 91.65}, {""name"": ""Hotel Dynasty, Lakhtokia (stay 3)"", ""lat"": 26.17514, ""lng"": 91.789424}, {""name"": ""Assam State Zoo & Botanical Garden"", ""lat"": 26.178, ""lng"": 91.786}, {""name"": ""Ygdrasill Bamboo Resort, Cherrapunji (stay 4)"", ""lat"": 26.230469, ""lng"": 92.082654}, {""name"": ""Pobitora Wildlife Sanctuary"", ""lat"": 26.2333, ""lng"": 92.0833}, {""name"": ""En route to Deepor Beel Wildlife Sanctuary"", ""lat"": 26.1, ""lng"": 91.61}, {""name"": ""En route to Deepor Beel Wildlife Sanctuary"", ""lat"": 26.11, ""lng"": 91.63}, {""name"": ""En route to Ygdrasill Bamboo Resort, Cherrapunji (stay 2)"", ""lat"": 26.113092, ""lng"": 91.634026}, {""name"": ""En route to Accoland Water Park"", ""lat"": 26.098092, ""lng"": 91.604026}]","[{""name"": ""Rahul Hazarika"", ""phone"": ""+91-8672394155"", ""relation"": ""family""}, {""name"": ""Jayanta Sen"", ""phone"": ""+91-6964399203"", ""relation"": ""spouse""}]",2026-08-07 08:45:00,2026-08-12 19:45:00,26.23083,92.082777,2026-08-12 06:36:50,84.1,0,active,2026-07-26 11:45:00,route_deviation,Guwahati Nature & Wildlife
534,STS-9C88ED8D5CBF,Manish Medhi,Indian,aadhaar,XXXX-XXXX-2016,+91-9336929529,"[{""name"": ""La Maison de Ananda, Majuli (stay 1)"", ""lat"": 26.189391, ""lng"": 91.749146}, {""name"": ""Brahmaputra Riverfront"", ""lat"": 26.1905, ""lng"": 91.748}, {""name"": ""Assam State Museum"", ""lat"": 26.1857, ""lng"": 91.7481}, {""name"": ""Dighalipukhuri"", ""lat"": 26.1861, ""lng"": 91.7503}, {""name"": ""Pan Bazaar"", ""lat"": 26.1856, ""lng"": 91.7455}, {""name"": ""Fancy Bazaar"", ""lat"": 26.1836, ""lng"": 91.7434}]","[{""name"": ""Utpal Gogoi"", ""phone"": ""+91-9648854935"", ""relation"": ""family""}, {""name"": ""Jayanta Das"", ""phone"": ""+91-7401256717"", ""relation"": ""spouse""}, {""name"": ""Kabir Gogoi"", ""phone"": ""+91-8643928848"", ""relation"": ""sibling""}]",2026-08-30 08:00:00,2026-09-02 15:00:00,26.189171,91.749174,2026-09-02 06:56:01,80.0,1,active,2026-08-29 02:00:00,abduction_pattern,Guwahati City Break
535,STS-9A4C7045EA35,Arjun Saikia,Indian,aadhaar,XXXX-XXXX-7470,+91-6248227115,"[{""name"": ""Novotel Guwahati GS Road (stay 1)"", ""lat"": 26.247782, ""lng"": 91.513305}, {""name"": ""Hajo Pilgrimage Town"", ""lat"": 26.25, ""lng"": 91.5167}, {""name"": ""Novotel Guwahati GS Road (stay 2)"", ""lat"": 26.370087, ""lng"": 91.634308}, {""name"": ""Madan Kamdev Ruins"", ""lat"": 26.3667, ""lng"": 91.6333}, {""name"": ""Hotel Dynasty, Lakhtokia (stay 3)"", ""lat"": 26.154899, ""lng"": 91.749093}, {""name"": ""Umananda Island"", ""lat"": 26.1964, ""lng"": 91.7453}, {""name"": ""Kamakhya Temple"", ""lat"": 26.1664, ""lng"": 91.7055}, {""name"": ""Basistha Temple"", ""lat"": 26.1132, ""lng"": 91.797}, {""name"": ""En route to Basistha Temple"", ""lat"": 26.15576, ""lng"": 91.7238}, {""name"": ""En route to Basistha Temple"", ""lat"": 26.14512, ""lng"": 91.7421}, {""name"": ""En route to Basistha Temple"", ""lat"": 26.13448, ""lng"": 91.7604}, {""name"": ""En route to Basistha Temple"", ""lat"": 26.12384, ""lng"": 91.7787}, {""name"": ""En route to Hotel Dynasty, Lakhtokia (stay 3)"", ""lat"": 26.1271, ""lng"": 91.781031}, {""name"": ""En route to Hotel Dynasty, Lakhtokia (stay 3)"", ""lat"": 26.140999, ""lng"": 91.765062}, {""name"": ""En route to Kamakhya Temple"", ""lat"": 26.1864, ""lng"": 91.732033}, {""name"": ""En route to Kamakhya Temple"", ""lat"": 26.1764, ""lng"": 91.718767}, {""name"": ""En route to Umananda Island"", ""lat"": 26.175649, ""lng"": 91.747197}]","[{""name"": ""Sneha Kumar"", ""phone"": ""+91-7084859915"", ""relation"": ""family""}, {""name"": ""Pranjal Singh"", ""phone"": ""+91-8281311180"", ""relation"": ""spouse""}, {""name"": ""Mridula Kumar"", ""phone"": ""+91-8465727766"", ""relation"": ""friend""}]",2026-08-17 05:00:00,2026-08-20 14:00:00,26.155096,91.749148,2026-08-20 06:35:20,80.8,0,active,2026-08-07 09:00:00,normal,Guwahati Pilgrimage Circuit
536,STS-31007A14BBFB,Manish Reddy,Indian,pan,JTYVY3242J,+91-8380916184,"[{""name"": ""Ginger Guwahati (stay 1)"", ""lat"": 26.148647, ""lng"": 91.787373}, {""name"": ""Guwahati Railway Station"", ""lat"": 26.1824, ""lng"": 91.7513}, {""name"": ""Ganeshguri Junction"", ""lat"": 26.147, ""lng"": 91.79}, {""name"": ""Dispur Secretariat"", ""lat"": 26.142, ""lng"": 91.79}, {""name"": ""Six Mile"", ""lat"": 26.135, ""lng"": 91.805}, {""name"": ""Hotel Nandan (stay 2)"", ""lat"": 26.108343, ""lng"": 91.585899}, {""name"": ""LGB International Airport"", ""lat"": 26.1061, ""lng"": 91.5859}, {""name"": ""En route to Ganeshguri Junction"", ""lat"": 26.1706, ""lng"": 91.7642}, {""name"": ""En route to Ganeshguri Junction"", ""lat"": 26.1588, ""lng"": 91.7771}, {""name"": ""En route to Guwahati Railway Station"", ""lat"": 26.159898, ""lng"": 91.775349}, {""name"": ""En route to Guwahati Railway Station"", ""lat"": 26.171149, ""lng"": 91.763324}]","[{""name"": ""Rupam Bora"", ""phone"": ""+91-8886608343"", ""relation"": ""family""}, {""name"": ""Meera Nath"", ""phone"": ""+91-9691338782"", ""relation"": ""spouse""}, {""name"": ""Chandana Kumar"", ""phone"": ""+91-9892260591"", ""relation"": ""embassy""}]",2026-09-01 09:00:00,2026-09-02 15:00:00,26.148527,91.787651,2026-09-02 06:34:18,79.6,1,active,2026-08-20 04:00:00,sos_panic,Business / Transit Stay
537,STS-8E5505D3E0E4,Rahul Saikia,Indian,aadhaar,XXXX-XXXX-2203,+91-6632580315,"[{""name"": ""Ginger Guwahati (stay 1)"", ""lat"": 26.185856, ""lng"": 91.753526}, {""name"": ""Guwahati Railway Station"", ""lat"": 26.1824, ""lng"": 91.7513}, {""name"": ""Ri Kynjai, Umiam (stay 2)"", ""lat"": 26.634094, ""lng"": 92.803917}, {""name"": ""Tezpur"", ""lat"": 26.6338, ""lng"": 92.8}, {""name"": ""Hotel Rajmahal (stay 3)"", ""lat"": 27.58329, ""lng"": 91.857137}, {""name"": ""Tawang Monastery"", ""lat"": 27.5861, ""lng"": 91.8594}, {""name"": ""Ginger Guwahati (stay 4)"", ""lat"": 27.546029, ""lng"": 93.832726}, {""name"": ""Ziro Valley"", ""lat"": 27.5448, ""lng"": 93.832}]","[{""name"": ""Ananya Nath"", ""phone"": ""+91-9547579494"", ""relation"": ""family""}, {""name"": ""Ananya Baishya"", ""phone"": ""+91-8574436493"", ""relation"": ""spouse""}, {""name"": ""Nabanita Nath"", ""phone"": ""+91-8494608712"", ""relation"": ""colleague""}]",2026-09-03 11:30:00,2026-09-16 21:30:00,26.634444,92.803898,2026-09-05 18:27:50,75.4,1,active,2026-08-21 04:30:00,night_wanderer,Arunachal High Himalaya
538,STS-A446AE6AFE6F,Tanvi Baishya,Indian,voterid,WMK7753530,+91-9999719631,"[{""name"": ""Ri Kynjai, Umiam (stay 1)"", ""lat"": 26.149078, ""lng"": 91.781624}, {""name"": ""Ganeshguri Junction"", ""lat"": 26.147, ""lng"": 91.79}, {""name"": ""Dispur Secretariat"", ""lat"": 26.142, ""lng"": 91.79}, {""name"": ""Six Mile"", ""lat"": 26.135, ""lng"": 91.805}, {""name"": ""Guwahati Railway Station"", ""lat"": 26.1824, ""lng"": 91.7513}, {""name"": ""Wild Mahseer, Balipara (stay 2)"", ""lat"": 26.105917, ""lng"": 91.58689}, {""name"": ""LGB International Airport"", ""lat"": 26.1061, ""lng"": 91.5859}, {""name"": ""En route to Guwahati Railway Station"", ""lat"": 26.14685, ""lng"": 91.791575}, {""name"": ""En route to Guwahati Railway Station"", ""lat"": 26.1587, ""lng"": 91.77815}, {""name"": ""En route to Guwahati Railway Station"", ""lat"": 26.17055, ""lng"": 91.764725}, {""name"": ""En route to Ri Kynjai, Umiam (stay 1)"", ""lat"": 26.165739, ""lng"": 91.766462}]","[{""name"": ""Vikram Patel"", ""phone"": ""+91-9484369376"", ""relation"": ""family""}, {""name"": ""Parag Verma"", ""phone"": ""+91-8395934065"", ""relation"": ""spouse""}]",2026-08-20 11:15:00,2026-08-23 18:15:00,26.106284,91.58707,2026-08-23 06:36:47,82.0,1,active,2026-08-17 15:15:00,normal,Business / Transit Stay
539,STS-D9665C9B7709,Dhruv Das,Indian,voterid,KFF8075132,+91-6031855754,"[{""name"": ""Ginger Guwahati (stay 1)"", ""lat"": 26.148467, ""lng"": 91.786526}, {""name"": ""Ganeshguri Junction"", ""lat"": 26.147, ""lng"": 91.79}, {""name"": ""Dispur Secretariat"", ""lat"": 26.142, ""lng"": 91.79}, {""name"": ""Six Mile"", ""lat"": 26.135, ""lng"": 91.805}, {""name"": ""Guwahati Railway Station"", ""lat"": 26.1824, ""lng"": 91.7513}, {""name"": ""En route to Guwahati Railway Station"", ""lat"": 26.14685, ""lng"": 91.791575}, {""name"": ""En route to Guwahati Railway Station"", ""lat"": 26.1587, ""lng"": 91.77815}, {""name"": ""En route to Guwahati Railway Station"", ""lat"": 26.17055, ""lng"": 91.764725}, {""name"": ""En route to Ginger Guwahati (stay 1)"", ""lat"": 26.171089, ""lng"": 91.763042}, {""name"": ""En route to Ginger Guwahati (stay 1)"", ""lat"": 26.159778, ""lng"": 91.774784}]","[{""name"": ""Anjali Deka"", ""phone"": ""+91-6275490978"", ""relation"": ""family""}, {""name"": ""Junmoni Banerjee"", ""phone"": ""+91-8038157079"", ""relation"": ""spouse""}, {""name"": ""Arjun Medhi"", ""phone"": ""+91-6168269520"", ""relation"": ""parent""}]",2026-07-25 10:15:00,2026-07-27 23:15:00,26.148688,91.786662,2026-07-27 07:00:26,79.4,1,active,2026-07-12 11:15:00,normal,Business / Transit Stay
540,STS-6AD781722016,Siddharth Kumar,Indian,aadhaar,XXXX-XXXX-9023,+91-8965556728,"[{""name"": ""Kiranshree Portico (stay 1)"", ""lat"": 26.251626, ""lng"": 91.517287}, {""name"": ""Hajo Pilgrimage Town"", ""lat"": 26.25, ""lng"": 91.5167}, {""name"": ""La Maison de Ananda, Majuli (stay 2)"", ""lat"": 26.1638, ""lng"": 91.758226}, {""name"": ""Kamakhya Temple"", ""lat"": 26.1664, ""lng"": 91.7055}, {""name"": ""Umananda Island"", ""lat"": 26.1964, ""lng"": 91.7453}, {""name"": ""Navagraha Temple"", ""lat"": 26.1749, ""lng"": 91.7789}, {""name"": ""Basistha Temple"", ""lat"": 26.1132, ""lng"": 91.797}, {""name"": ""En route to Basistha Temple"", ""lat"": 26.154333, ""lng"": 91.784933}, {""name"": ""En route to Basistha Temple"", ""lat"": 26.133767, ""lng"": 91.790967}, {""name"": ""En route to La Maison de Ananda, Majuli (stay 2)"", ""lat"": 26.130067, ""lng"": 91.784075}, {""name"": ""En route to La Maison de Ananda, Majuli (stay 2)"", ""lat"": 26.146933, ""lng"": 91.771151}, {""name"": ""En route to Kamakhya Temple"", ""lat"": 26.164667, ""lng"": 91.740651}, {""name"": ""En route to Kamakhya Temple"", ""lat"": 26.165533, ""lng"": 91.723075}, {""name"": ""En route to Umananda Island"", ""lat"": 26.1764, ""lng"": 91.718767}, {""name"": ""En route to Umananda Island"", ""lat"": 26.1864, ""lng"": 91.732033}, {""name"": ""En route to Navagraha Temple"", ""lat"": 26.18565, ""lng"": 91.7621}]","[{""name"": ""Anurag Saikia"", ""phone"": ""+91-7320488396"", ""relation"": ""family""}, {""name"": ""Jayanta Saikia"", ""phone"": ""+91-8875338362"", ""relation"": ""spouse""}, {""name"": ""Nabanita Das"", ""phone"": ""+91-7382061630"", ""relation"": ""sibling""}]",2026-07-29 06:30:00,2026-08-02 13:30:00,26.163696,91.758049,2026-08-02 06:40:52,80.1,1,active,2026-07-16 22:30:00,normal,Guwahati Pilgrimage Circuit
541,STS-6D14531A829C,Divya Barua,Indian,aadhaar,XXXX-XXXX-9461,+91-7200967653,"[{""name"": ""Wild Mahseer, Balipara (stay 1)"", ""lat"": 26.951491, ""lng"": 94.169175}, {""name"": ""Majuli River Island"", ""lat"": 26.95, ""lng"": 94.17}, {""name"": ""Ginger Guwahati (stay 2)"", ""lat"": 26.918154, ""lng"": 92.880976}, {""name"": ""Nameri National Park"", ""lat"": 26.92, ""lng"": 92.88}, {""name"": ""Wild Mahseer, Balipara (stay 3)"", ""lat"": 26.634328, ""lng"": 92.799271}, {""name"": ""Tezpur"", ""lat"": 26.6338, ""lng"": 92.8}]","[{""name"": ""Arjun Saikia"", ""phone"": ""+91-9305981187"", ""relation"": ""family""}]",2026-08-28 08:45:00,2026-09-04 22:45:00,26.634363,92.799345,2026-09-04 07:02:24,82.2,0,active,2026-08-13 22:45:00,high_speed_transit,Upper Assam Wildlife Trail
542,STS-23BD0EDC0EB4,Pooja Patel,Indian,passport,Z6832945,+91-6198897260,"[{""name"": ""La Maison de Ananda, Majuli (stay 1)"", ""lat"": 25.19652, ""lng"": 91.965551}, {""name"": ""Mawlynnong Village"", ""lat"": 25.2, ""lng"": 91.9167}, {""name"": ""Dawki / Umngot River"", ""lat"": 25.19, ""lng"": 92.02}, {""name"": ""Brahmaputra Jungle Resort (stay 2)"", ""lat"": 25.294918, ""lng"": 91.677345}, {""name"": ""Cherrapunji (Sohra)"", ""lat"": 25.2912, ""lng"": 91.6783}, {""name"": ""Hotel Dynasty, Lakhtokia (stay 3)"", ""lat"": 25.618094, ""lng"": 91.890745}, {""name"": ""Shillong"", ""lat"": 25.5788, ""lng"": 91.8933}, {""name"": ""Umiam Lake"", ""lat"": 25.657, ""lng"": 91.889}, {""name"": ""En route to Dawki / Umngot River"", ""lat"": 25.198, ""lng"": 91.93736}, {""name"": ""En route to Dawki / Umngot River"", ""lat"": 25.196, ""lng"": 91.95802}, {""name"": ""En route to Dawki / Umngot River"", ""lat"": 25.194, ""lng"": 91.97868}, {""name"": ""En route to Dawki / Umngot River"", ""lat"": 25.192, ""lng"": 91.99934}, {""name"": ""En route to Umiam Lake"", ""lat"": 25.59835, ""lng"": 91.892225}, {""name"": ""En route to Umiam Lake"", ""lat"": 25.6179, ""lng"": 91.89115}, {""name"": ""En route to Umiam Lake"", ""lat"": 25.63745, ""lng"": 91.890075}, {""name"": ""En route to La Maison de Ananda, Majuli (stay 1)"", ""lat"": 25.192173, ""lng"": 92.00185}, {""name"": ""En route to La Maison de Ananda, Majuli (stay 1)"", ""lat"": 25.194347, ""lng"": 91.983701}, {""name"": ""En route to Mawlynnong Village"", ""lat"": 25.19826, ""lng"": 91.941125}, {""name"": ""En route to Shillong"", ""lat"": 25.598447, ""lng"": 91.892022}, {""name"": ""En route to Hotel Dynasty, Lakhtokia (stay 3)"", ""lat"": 25.637547, ""lng"": 91.889872}]","[{""name"": ""Riya Bhattacharya"", ""phone"": ""+91-8769916361"", ""relation"": ""family""}]",2026-08-21 07:30:00,2026-08-26 19:30:00,25.617819,91.890721,2026-08-26 06:56:29,77.6,1,active,2026-08-08 00:30:00,normal,Meghalaya Loop
543,STS-B55FEA54C195,Rohan Barua,Indian,aadhaar,XXXX-XXXX-5704,+91-7873408371,"[{""name"": ""Hotel Rajmahal (stay 1)"", ""lat"": 26.175676, ""lng"": 91.733271}, {""name"": ""Kamakhya Temple"", ""lat"": 26.1664, ""lng"": 91.7055}, {""name"": ""Pan Bazaar"", ""lat"": 26.1856, ""lng"": 91.7455}, {""name"": ""Assam State Museum"", ""lat"": 26.1857, ""lng"": 91.7481}, {""name"": ""En route to Pan Bazaar"", ""lat"": 26.176, ""lng"": 91.7255}, {""name"": ""En route to Kamakhya Temple"", ""lat"": 26.171038, ""lng"": 91.719386}]","[{""name"": ""Rahul Sharma"", ""phone"": ""+91-9726772444"", ""relation"": ""family""}, {""name"": ""Sneha Nair"", ""phone"": ""+91-6579913441"", ""relation"": ""spouse""}, {""name"": ""Dhruv Banerjee"", ""phone"": ""+91-6273117373"", ""relation"": ""parent""}, {""name"": ""Ishita Bora"", ""phone"": ""+91-7824696805"", ""relation"": ""sibling""}]",2026-07-25 07:30:00,2026-07-29 14:30:00,26.175392,91.733524,2026-07-29 06:36:05,81.0,1,active,2026-07-16 18:30:00,normal,Guwahati City Break
544,STS-DF9CE7F1173F,Anurag Deka,Indian,voterid,GFS1515184,+91-9726995022,"[{""name"": ""Dolma Homestay, Tawang (stay 1)"", ""lat"": 26.101381, ""lng"": 91.619076}, {""name"": ""Deepor Beel Wildlife Sanctuary"", ""lat"": 26.12, ""lng"": 91.65}, {""name"": ""Accoland Water Park"", ""lat"": 26.09, ""lng"": 91.59}, {""name"": ""Ginger Guwahati (stay 2)"", ""lat"": 26.229872, ""lng"": 92.083109}, {""name"": ""Pobitora Wildlife Sanctuary"", ""lat"": 26.2333, ""lng"": 92.0833}, {""name"": ""En route to Accoland Water Park"", ""lat"": 26.11, ""lng"": 91.63}, {""name"": ""En route to Accoland Water Park"", ""lat"": 26.1, ""lng"": 91.61}, {""name"": ""En route to Deepor Beel Wildlife Sanctuary"", ""lat"": 26.110691, ""lng"": 91.634538}, {""name"": ""En route to Dolma Homestay, Tawang (stay 1)"", ""lat"": 26.09569, ""lng"": 91.604538}]","[{""name"": ""Riya Deka"", ""phone"": ""+91-7428749777"", ""relation"": ""family""}, {""name"": ""Bishal Kalita"", ""phone"": ""+91-9095119736"", ""relation"": ""spouse""}, {""name"": ""Siddharth Gogoi"", ""phone"": ""+91-9494806144"", ""relation"": ""colleague""}]",2026-08-10 05:15:00,2026-08-12 18:15:00,26.229879,92.082962,2026-08-13 06:37:52,83.4,1,active,2026-07-22 06:15:00,night_wanderer,Guwahati Nature & Wildlife
545,STS-8C51EC236B3D,Arjun Das,Indian,aadhaar,XXXX-XXXX-2464,+91-6160102888,"[{""name"": ""Kiranshree Portico (stay 1)"", ""lat"": 26.630634, ""lng"": 92.797745}, {""name"": ""Tezpur"", ""lat"": 26.6338, ""lng"": 92.8}, {""name"": ""Ri Kynjai, Umiam (stay 2)"", ""lat"": 26.748151, ""lng"": 94.202288}, {""name"": ""Jorhat"", ""lat"": 26.7509, ""lng"": 94.2037}, {""name"": ""Ri Kynjai, Umiam (stay 3)"", ""lat"": 26.985453, ""lng"": 94.643118}, {""name"": ""Sivasagar"", ""lat"": 26.9826, ""lng"": 94.6425}]","[{""name"": ""Debojit Nath"", ""phone"": ""+91-7836701980"", ""relation"": ""family""}, {""name"": ""Chandana Hazarika"", ""phone"": ""+91-8516716417"", ""relation"": ""spouse""}, {""name"": ""Pooja Phukan"", ""phone"": ""+91-6072027458"", ""relation"": ""tour_operator""}]",2026-07-30 08:45:00,2026-08-09 19:45:00,26.985685,94.643369,2026-08-09 06:41:48,80.9,1,active,2026-07-19 02:45:00,normal,Upper Assam Wildlife Trail
546,STS-A12986C54057,Bhaskar Kalita,Indian,passport,Z7242653,+91-6020362848,"[{""name"": ""Novotel Guwahati GS Road (stay 1)"", ""lat"": 26.149453, ""lng"": 91.787916}, {""name"": ""Dispur Secretariat"", ""lat"": 26.142, ""lng"": 91.79}, {""name"": ""Ganeshguri Junction"", ""lat"": 26.147, ""lng"": 91.79}, {""name"": ""Six Mile"", ""lat"": 26.135, ""lng"": 91.805}, {""name"": ""Guwahati Railway Station"", ""lat"": 26.1824, ""lng"": 91.7513}, {""name"": ""Vivanta Guwahati (stay 2)"", ""lat"": 26.108297, ""lng"": 91.586599}, {""name"": ""LGB International Airport"", ""lat"": 26.1061, ""lng"": 91.5859}, {""name"": ""En route to Guwahati Railway Station"", ""lat"": 26.14685, ""lng"": 91.791575}, {""name"": ""En route to Guwahati Railway Station"", ""lat"": 26.1587, ""lng"": 91.77815}, {""name"": ""En route to Guwahati Railway Station"", ""lat"": 26.17055, ""lng"": 91.764725}, {""name"": ""En route to Novotel Guwahati GS Road (stay 1)"", ""lat"": 26.171418, ""lng"": 91.763505}, {""name"": ""En route to Novotel Guwahati GS Road (stay 1)"", ""lat"": 26.160435, ""lng"": 91.775711}]","[{""name"": ""Jayanta Hazarika"", ""phone"": ""+91-8296603997"", ""relation"": ""family""}, {""name"": ""Gitanjali Sharma"", ""phone"": ""+91-9857223212"", ""relation"": ""spouse""}, {""name"": ""Anurag Bora"", ""phone"": ""+91-9443737594"", ""relation"": ""sibling""}]",2026-08-09 09:15:00,2026-08-10 17:15:00,26.149061,91.788137,2026-08-10 06:35:32,81.7,1,active,2026-08-07 20:15:00,normal,Business / Transit Stay
547,STS-DDCED1217E8E,Priya Bhattacharya,Indian,voterid,BAV4124981,+91-6872817401,"[{""name"": ""La Maison de Ananda, Majuli (stay 1)"", ""lat"": 26.253233, ""lng"": 91.520132}, {""name"": ""Hajo Pilgrimage Town"", ""lat"": 26.25, ""lng"": 91.5167}, {""name"": ""Wild Mahseer, Balipara (stay 2)"", ""lat"": 26.136132, ""lng"": 91.750252}, {""name"": ""Kamakhya Temple"", ""lat"": 26.1664, ""lng"": 91.7055}, {""name"": ""Basistha Temple"", ""lat"": 26.1132, ""lng"": 91.797}, {""name"": ""En route to Basistha Temple"", ""lat"": 26.15576, ""lng"": 91.7238}, {""name"": ""En route to Basistha Temple"", ""lat"": 26.14512, ""lng"": 91.7421}, {""name"": ""En route to Basistha Temple"", ""lat"": 26.13448, ""lng"": 91.7604}, {""name"": ""En route to Basistha Temple"", ""lat"": 26.12384, ""lng"": 91.7787}, {""name"": ""En route to Kamakhya Temple"", ""lat"": 26.146221, ""lng"": 91.735335}, {""name"": ""En route to Kamakhya Temple"", ""lat"": 26.156311, ""lng"": 91.720417}, {""name"": ""En route to Wild Mahseer, Balipara (stay 2)"", ""lat"": 26.120844, ""lng"": 91.781417}, {""name"": ""En route to Wild Mahseer, Balipara (stay 2)"", ""lat"": 26.128488, ""lng"": 91.765835}]","[{""name"": ""Riya Banerjee"", ""phone"": ""+91-9401303211"", ""relation"": ""family""}, {""name"": ""Jayanta Bora"", ""phone"": ""+91-9498414839"", ""relation"": ""spouse""}]",2026-07-31 06:30:00,2026-08-05 19:30:00,26.136397,91.750488,2026-08-05 06:44:13,79.6,1,active,2026-07-23 20:30:00,normal,Guwahati Pilgrimage Circuit
548,STS-E9722D7E7D1A,Parag Bhattacharya,Indian,aadhaar,XXXX-XXXX-3780,+91-6346659863,"[{""name"": ""Novotel Guwahati GS Road (stay 1)"", ""lat"": 26.175764, ""lng"": 91.789552}, {""name"": ""Assam State Zoo & Botanical Garden"", ""lat"": 26.178, ""lng"": 91.786}, {""name"": ""Diphlu River Lodge, Kaziranga (stay 2)"", ""lat"": 26.105601, ""lng"": 91.620053}, {""name"": ""Deepor Beel Wildlife Sanctuary"", ""lat"": 26.12, ""lng"": 91.65}, {""name"": ""Accoland Water Park"", ""lat"": 26.09, ""lng"": 91.59}, {""name"": ""Hotel Dynasty, Lakhtokia (stay 3)"", ""lat"": 25.933253, ""lng"": 91.430544}, {""name"": ""Chandubi Lake"", ""lat"": 25.9333, ""lng"": 91.4333}, {""name"": ""Ri Kynjai, Umiam (stay 4)"", ""lat"": 26.231586, ""lng"": 92.08536}, {""name"": ""Pobitora Wildlife Sanctuary"", ""lat"": 26.2333, ""lng"": 92.0833}, {""name"": ""En route to Accoland Water Park"", ""lat"": 26.11, ""lng"": 91.63}, {""name"": ""En route to Accoland Water Park"", ""lat"": 26.1, ""lng"": 91.61}, {""name"": ""En route to Diphlu River Lodge, Kaziranga (stay 2)"", ""lat"": 26.0978, ""lng"": 91.605027}, {""name"": ""En route to Deepor Beel Wildlife Sanctuary"", ""lat"": 26.1128, ""lng"": 91.635027}]","[{""name"": ""Bornali Sen"", ""phone"": ""+91-8108095477"", ""relation"": ""family""}, {""name"": ""Simanta Kumar"", ""phone"": ""+91-9119249476"", ""relation"": ""spouse""}, {""name"": ""Nabanita Singh"", ""phone"": ""+91-7298429818"", ""relation"": ""tour_operator""}, {""name"": ""Jayanta Barua"", ""phone"": ""+91-7833678645"", ""relation"": ""spouse""}]",2026-08-14 07:45:00,2026-08-16 14:45:00,25.933272,91.430714,2026-08-16 06:42:49,81.0,1,active,2026-07-25 04:45:00,normal,Guwahati Nature & Wildlife
549,STS-E724F5914554,Wei Chen,Chinese,passport,E58943492,+86-64358646970,"[{""name"": ""Novotel Guwahati GS Road (stay 1)"", ""lat"": 26.57483, ""lng"": 93.172916}, {""name"": ""Kaziranga National Park"", ""lat"": 26.5775, ""lng"": 93.1711}, {""name"": ""Brahmaputra Jungle Resort (stay 2)"", ""lat"": 25.671428, ""lng"": 94.108117}, {""name"": ""Kohima"", ""lat"": 25.6751, ""lng"": 94.1086}, {""name"": ""Hotel Rajmahal (stay 3)"", ""lat"": 24.819588, ""lng"": 93.937055}, {""name"": ""Imphal"", ""lat"": 24.817, ""lng"": 93.9368}, {""name"": ""Novotel Guwahati GS Road (stay 4)"", ""lat"": 23.72638, ""lng"": 92.719446}, {""name"": ""Aizawl"", ""lat"": 23.7271, ""lng"": 92.7176}, {""name"": ""Kiranshree Portico (stay 5)"", ""lat"": 23.835235, ""lng"": 91.284152}, {""name"": ""Agartala"", ""lat"": 23.8315, ""lng"": 91.2868}, {""name"": ""Hotel Nandan (stay 6)"", ""lat"": 27.329051, ""lng"": 88.615451}, {""name"": ""Gangtok"", ""lat"": 27.3314, ""lng"": 88.6138}]","[{""name"": ""Jing Yang"", ""phone"": ""+86-58302939887"", ""relation"": ""family""}, {""name"": ""Xiaoyan Liu"", ""phone"": ""+86-59517897559"", ""relation"": ""spouse""}, {""name"": ""Lei Yang"", ""phone"": ""+86-30488804728"", ""relation"": ""employer""}]",2026-07-23 05:45:00,2026-08-03 17:45:00,27.329296,88.61562,2026-08-03 07:00:54,81.1,1,active,2026-07-07 12:45:00,high_speed_transit,Seven Sisters Grand Tour
550,STS-2FCF2FE76C31,Anjali Reddy,Indian,aadhaar,XXXX-XXXX-3739,+91-8249643893,"[{""name"": ""Dolma Homestay, Tawang (stay 1)"", ""lat"": 26.101368, ""lng"": 91.620259}, {""name"": ""Deepor Beel Wildlife Sanctuary"", ""lat"": 26.12, ""lng"": 91.65}, {""name"": ""Accoland Water Park"", ""lat"": 26.09, ""lng"": 91.59}, {""name"": ""Novotel Guwahati GS Road (stay 2)"", ""lat"": 26.181146, ""lng"": 91.789915}, {""name"": ""Assam State Zoo & Botanical Garden"", ""lat"": 26.178, ""lng"": 91.786}, {""name"": ""Novotel Guwahati GS Road (stay 3)"", ""lat"": 26.232651, ""lng"": 92.081563}, {""name"": ""Pobitora Wildlife Sanctuary"", ""lat"": 26.2333, ""lng"": 92.0833}, {""name"": ""Brahmaputra Jungle Resort (stay 4)"", ""lat"": 25.932273, ""lng"": 91.436112}, {""name"": ""Chandubi Lake"", ""lat"": 25.9333, ""lng"": 91.4333}, {""name"": ""En route to Accoland Water Park"", ""lat"": 26.11, ""lng"": 91.63}, {""name"": ""En route to Accoland Water Park"", ""lat"": 26.1, ""lng"": 91.61}, {""name"": ""En route to Deepor Beel Wildlife Sanctuary"", ""lat"": 26.110684, ""lng"": 91.63513}, {""name"": ""En route to Dolma Homestay, Tawang (stay 1)"", ""lat"": 26.095684, ""lng"": 91.60513}]","[{""name"": ""Parag Reddy"", ""phone"": ""+91-8465218168"", ""relation"": ""family""}]",2026-08-04 10:45:00,2026-08-08 14:45:00,25.932015,91.435912,2026-08-08 06:49:23,79.7,1,active,2026-07-14 17:45:00,normal,Guwahati Nature & Wildlife
551,STS-D7D1C4B6313D,Bornali Medhi,Indian,aadhaar,XXXX-XXXX-4875,+91-6653456322,"[{""name"": ""Dolma Homestay, Tawang (stay 1)"", ""lat"": 27.541015, ""lng"": 93.834159}, {""name"": ""Ziro Valley"", ""lat"": 27.5448, ""lng"": 93.832}, {""name"": ""Novotel Guwahati GS Road (stay 2)"", ""lat"": 26.632844, ""lng"": 92.803828}, {""name"": ""Tezpur"", ""lat"": 26.6338, ""lng"": 92.8}, {""name"": ""Hotel Polo Towers, Shillong (stay 3)"", ""lat"": 26.186127, ""lng"": 91.752937}, {""name"": ""Guwahati Railway Station"", ""lat"": 26.1824, ""lng"": 91.7513}, {""name"": ""Brahmaputra Jungle Resort (stay 4)"", ""lat"": 27.58512, ""lng"": 91.86038}, {""name"": ""Tawang Monastery"", ""lat"": 27.5861, ""lng"": 91.8594}]","[{""name"": ""Rituparna Gogoi"", ""phone"": ""+91-7004069269"", ""relation"": ""family""}, {""name"": ""Divya Das"", ""phone"": ""+91-7377704665"", ""relation"": ""spouse""}]",2026-08-06 11:00:00,2026-08-15 19:00:00,27.585281,91.860446,2026-08-15 06:39:33,54.5,1,active,2026-07-17 06:00:00,normal,Arunachal High Himalaya
552,STS-B7F6F23164AD,Sneha Kumar,Indian,passport,Z6112941,+91-9928935424,"[{""name"": ""Hotel Dynasty, Lakhtokia (stay 1)"", ""lat"": 26.180959, ""lng"": 91.755171}, {""name"": ""Guwahati Railway Station"", ""lat"": 26.1824, ""lng"": 91.7513}, {""name"": ""Hotel Polo Towers, Shillong (stay 2)"", ""lat"": 25.660723, ""lng"": 91.885733}, {""name"": ""Umiam Lake"", ""lat"": 25.657, ""lng"": 91.889}, {""name"": ""Dolma Homestay, Tawang (stay 3)"", ""lat"": 25.263741, ""lng"": 91.700309}, {""name"": ""Nohkalikai Falls"", ""lat"": 25.276, ""lng"": 91.6857}, {""name"": ""Living Root Bridge, Nongriat"", ""lat"": 25.247, ""lng"": 91.715}, {""name"": ""En route to Living Root Bridge, Nongriat"", ""lat"": 25.2615, ""lng"": 91.70035}]","[{""name"": ""Nikhil Nath"", ""phone"": ""+91-8692766807"", ""relation"": ""family""}, {""name"": ""Riya Dutta"", ""phone"": ""+91-6135177527"", ""relation"": ""spouse""}, {""name"": ""Kabir Patel"", ""phone"": ""+91-7552559805"", ""relation"": ""sibling""}]",2026-08-06 11:15:00,2026-08-14 18:15:00,25.263936,91.699924,2026-08-14 07:03:45,76.8,1,active,2026-08-04 07:15:00,normal,Meghalaya Loop
553,STS-455639F25AD8,Dhruv Nair,Indian,voterid,CSE8617479,+91-9749009201,"[{""name"": ""Hotel Rajmahal (stay 1)"", ""lat"": 26.576492, ""lng"": 93.171233}, {""name"": ""Kaziranga National Park"", ""lat"": 26.5775, ""lng"": 93.1711}, {""name"": ""Ygdrasill Bamboo Resort, Cherrapunji (stay 2)"", ""lat"": 26.635405, ""lng"": 92.796453}, {""name"": ""Tezpur"", ""lat"": 26.6338, ""lng"": 92.8}, {""name"": ""Brahmaputra Jungle Resort (stay 3)"", ""lat"": 26.918661, ""lng"": 92.880009}, {""name"": ""Nameri National Park"", ""lat"": 26.92, ""lng"": 92.88}, {""name"": ""Hotel Rajmahal (stay 4)"", ""lat"": 26.747576, ""lng"": 94.205125}, {""name"": ""Jorhat"", ""lat"": 26.7509, ""lng"": 94.2037}, {""name"": ""Hotel Nandan (stay 5)"", ""lat"": 26.982878, ""lng"": 94.643041}, {""name"": ""Sivasagar"", ""lat"": 26.9826, ""lng"": 94.6425}, {""name"": ""Brahmaputra Jungle Resort (stay 6)"", ""lat"": 26.10992, ""lng"": 91.585107}, {""name"": ""LGB International Airport"", ""lat"": 26.1061, ""lng"": 91.5859}]","[{""name"": ""Bhaskar Kalita"", ""phone"": ""+91-7195951216"", ""relation"": ""family""}, {""name"": ""Sneha Singh"", ""phone"": ""+91-8581048233"", ""relation"": ""spouse""}, {""name"": ""Junmoni Nair"", ""phone"": ""+91-7502206734"", ""relation"": ""embassy""}]",2026-08-19 05:45:00,2026-08-27 09:45:00,26.110049,91.585338,2026-08-27 06:38:19,81.8,1,active,2026-07-31 06:45:00,normal,Upper Assam Wildlife Trail
554,STS-6F8C5109CEA7,Olivia Davis,American,passport,349720438,+1-3289363763,"[{""name"": ""Radisson Blu Guwahati (stay 1)"", ""lat"": 26.63174, ""lng"": 92.79753}, {""name"": ""Tezpur"", ""lat"": 26.6338, ""lng"": 92.8}, {""name"": ""La Maison de Ananda, Majuli (stay 2)"", ""lat"": 26.576943, ""lng"": 93.169945}, {""name"": ""Kaziranga National Park"", ""lat"": 26.5775, ""lng"": 93.1711}, {""name"": ""Hotel Nandan (stay 3)"", ""lat"": 26.751729, ""lng"": 94.201546}, {""name"": ""Jorhat"", ""lat"": 26.7509, ""lng"": 94.2037}, {""name"": ""La Maison de Ananda, Majuli (stay 4)"", ""lat"": 26.946746, ""lng"": 94.167483}, {""name"": ""Majuli River Island"", ""lat"": 26.95, ""lng"": 94.17}]","[{""name"": ""Olivia Davis"", ""phone"": ""+1-9806805025"", ""relation"": ""family""}]",2026-09-07 09:15:00,2026-09-16 14:15:00,,,,100.0,1,active,2026-08-31 05:15:00,inactivity,Upper Assam Wildlife Trail
555,STS-6B079548DDD4,Rohan Choudhury,Indian,aadhaar,XXXX-XXXX-9045,+91-9113681708,"[{""name"": ""Ygdrasill Bamboo Resort, Cherrapunji (stay 1)"", ""lat"": 23.724202, ""lng"": 92.719293}, {""name"": ""Aizawl"", ""lat"": 23.7271, ""lng"": 92.7176}, {""name"": ""Vivanta Guwahati (stay 2)"", ""lat"": 23.834234, ""lng"": 91.287618}, {""name"": ""Agartala"", ""lat"": 23.8315, ""lng"": 91.2868}, {""name"": ""Ginger Guwahati (stay 3)"", ""lat"": 25.57777, ""lng"": 91.889685}, {""name"": ""Shillong"", ""lat"": 25.5788, ""lng"": 91.8933}, {""name"": ""Hotel Rajmahal (stay 4)"", ""lat"": 26.573592, ""lng"": 93.173745}, {""name"": ""Kaziranga National Park"", ""lat"": 26.5775, ""lng"": 93.1711}, {""name"": ""Kiranshree Portico (stay 5)"", ""lat"": 25.677753, ""lng"": 94.11137}, {""name"": ""Kohima"", ""lat"": 25.6751, ""lng"": 94.1086}, {""name"": ""La Maison de Ananda, Majuli (stay 6)"", ""lat"": 27.331959, ""lng"": 88.613684}, {""name"": ""Gangtok"", ""lat"": 27.3314, ""lng"": 88.6138}]","[{""name"": ""Kabir Nair"", ""phone"": ""+91-9012953011"", ""relation"": ""family""}]",2026-07-28 05:00:00,2026-08-08 18:00:00,27.332271,88.613709,2026-08-08 06:35:29,83.6,1,active,2026-07-13 00:00:00,normal,Seven Sisters Grand Tour
556,STS-5DBA397ED513,Siddharth Patel,Indian,aadhaar,XXXX-XXXX-4629,+91-8903640624,"[{""name"": ""La Maison de Ananda, Majuli (stay 1)"", ""lat"": 27.587839, ""lng"": 91.857697}, {""name"": ""Tawang Monastery"", ""lat"": 27.5861, ""lng"": 91.8594}, {""name"": ""Kiranshree Portico (stay 2)"", ""lat"": 26.634782, ""lng"": 92.796867}, {""name"": ""Tezpur"", ""lat"": 26.6338, ""lng"": 92.8}, {""name"": ""Dolma Homestay, Tawang (stay 3)"", ""lat"": 26.185413, ""lng"": 91.752598}, {""name"": ""Guwahati Railway Station"", ""lat"": 26.1824, ""lng"": 91.7513}, {""name"": ""La Maison de Ananda, Majuli (stay 4)"", ""lat"": 27.547423, ""lng"": 93.828068}, {""name"": ""Ziro Valley"", ""lat"": 27.5448, ""lng"": 93.832}]","[{""name"": ""Parag Rajkhowa"", ""phone"": ""+91-6237119519"", ""relation"": ""family""}, {""name"": ""Nabanita Kalita"", ""phone"": ""+91-8117202511"", ""relation"": ""spouse""}]",2026-08-17 08:00:00,2026-08-30 22:00:00,27.547389,93.827937,2026-08-30 06:35:54,81.1,0,active,2026-08-06 10:00:00,high_speed_transit,Arunachal High Himalaya
557,STS-C0448077E5C8,Rupam Nath,Indian,passport,Z3547303,+91-7419097588,"[{""name"": ""Ygdrasill Bamboo Resort, Cherrapunji (stay 1)"", ""lat"": 26.104306, ""lng"": 91.588694}, {""name"": ""LGB International Airport"", ""lat"": 26.1061, ""lng"": 91.5859}, {""name"": ""Hotel Rajmahal (stay 2)"", ""lat"": 26.142364, ""lng"": 91.79588}, {""name"": ""Dispur Secretariat"", ""lat"": 26.142, ""lng"": 91.79}, {""name"": ""Ganeshguri Junction"", ""lat"": 26.147, ""lng"": 91.79}, {""name"": ""Six Mile"", ""lat"": 26.135, ""lng"": 91.805}]","[{""name"": ""Kavya Reddy"", ""phone"": ""+91-6262533747"", ""relation"": ""family""}, {""name"": ""Kabir Singh"", ""phone"": ""+91-9248109963"", ""relation"": ""spouse""}, {""name"": ""Jayanta Phukan"", ""phone"": ""+91-7722655269"", ""relation"": ""family""}]",2026-09-05 06:00:00,2026-09-06 08:00:00,26.104184,91.588963,2026-09-05 18:30:31,71.9,0,active,2026-08-30 05:00:00,normal,Business / Transit Stay
558,STS-F85463CDD415,Anjali Patel,Indian,voterid,LQN5658806,+91-7748900353,"[{""name"": ""Brahmaputra Jungle Resort (stay 1)"", ""lat"": 26.164809, ""lng"": 91.771219}, {""name"": ""Dispur Secretariat"", ""lat"": 26.142, ""lng"": 91.79}, {""name"": ""Guwahati Railway Station"", ""lat"": 26.1824, ""lng"": 91.7513}, {""name"": ""Diphlu River Lodge, Kaziranga (stay 2)"", ""lat"": 26.103353, ""lng"": 91.583724}, {""name"": ""LGB International Airport"", ""lat"": 26.1061, ""lng"": 91.5859}, {""name"": ""En route to Guwahati Railway Station"", ""lat"": 26.155467, ""lng"": 91.7771}, {""name"": ""En route to Guwahati Railway Station"", ""lat"": 26.168933, ""lng"": 91.7642}, {""name"": ""En route to Dispur Secretariat"", ""lat"": 26.153405, ""lng"": 91.780609}, {""name"": ""En route to Brahmaputra Jungle Resort (stay 1)"", ""lat"": 26.173605, ""lng"": 91.761259}]","[{""name"": ""Pranjal Medhi"", ""phone"": ""+91-7755826486"", ""relation"": ""family""}, {""name"": ""Debojit Medhi"", ""phone"": ""+91-6376751218"", ""relation"": ""spouse""}]",2026-07-28 05:30:00,2026-07-30 10:30:00,26.103368,91.58396,2026-07-30 06:45:54,81.9,1,active,2026-07-25 17:30:00,route_deviation,Business / Transit Stay
559,STS-9F5FD0030097,Harry Taylor,British,passport,756622544,+44-9896207024,"[{""name"": ""Hotel Rajmahal (stay 1)"", ""lat"": 26.144817, ""lng"": 91.793683}, {""name"": ""Dispur Secretariat"", ""lat"": 26.142, ""lng"": 91.79}, {""name"": ""Ganeshguri Junction"", ""lat"": 26.147, ""lng"": 91.79}, {""name"": ""Hotel Rajmahal (stay 2)"", ""lat"": 26.107315, ""lng"": 91.588419}, {""name"": ""LGB International Airport"", ""lat"": 26.1061, ""lng"": 91.5859}]","[{""name"": ""Alfie Edwards"", ""phone"": ""+44-1074865918"", ""relation"": ""family""}, {""name"": ""Harry Wright"", ""phone"": ""+44-6874587289"", ""relation"": ""spouse""}]",2026-08-11 11:15:00,2026-08-14 18:15:00,26.107177,91.588745,2026-08-14 06:52:13,80.5,1,active,2026-07-24 04:15:00,normal,Business / Transit Stay
560,STS-5C040DCE9CA4,Prakash Magar,Nepali,passport,NP3917073,+977-5079936164,"[{""name"": ""Kiranshree Portico (stay 1)"", ""lat"": 26.247205, ""lng"": 91.520681}, {""name"": ""Hajo Pilgrimage Town"", ""lat"": 26.25, ""lng"": 91.5167}, {""name"": ""La Maison de Ananda, Majuli (stay 2)"", ""lat"": 26.368276, ""lng"": 91.633307}, {""name"": ""Madan Kamdev Ruins"", ""lat"": 26.3667, ""lng"": 91.6333}, {""name"": ""Hotel Polo Towers, Shillong (stay 3)"", ""lat"": 26.177642, ""lng"": 91.729217}, {""name"": ""Umananda Island"", ""lat"": 26.1964, ""lng"": 91.7453}, {""name"": ""Kamakhya Temple"", ""lat"": 26.1664, ""lng"": 91.7055}, {""name"": ""En route to Kamakhya Temple"", ""lat"": 26.1864, ""lng"": 91.732033}, {""name"": ""En route to Kamakhya Temple"", ""lat"": 26.1764, ""lng"": 91.718767}, {""name"": ""En route to Hotel Polo Towers, Shillong (stay 3)"", ""lat"": 26.172021, ""lng"": 91.717359}, {""name"": ""En route to Umananda Island"", ""lat"": 26.187021, ""lng"": 91.737258}]","[{""name"": ""Prakash Gurung"", ""phone"": ""+977-7772956622"", ""relation"": ""family""}, {""name"": ""Prakash Shrestha"", ""phone"": ""+977-7605186370"", ""relation"": ""spouse""}]",2026-08-29 06:00:00,2026-09-02 17:00:00,26.177393,91.729161,2026-09-02 07:02:12,80.4,1,active,2026-08-26 20:00:00,night_wanderer,Guwahati Pilgrimage Circuit
561,STS-8B39572D894E,Cooper Harris,Australian,passport,PA5630373,+61-764606330,"[{""name"": ""La Maison de Ananda, Majuli (stay 1)"", ""lat"": 26.750286, ""lng"": 94.204701}, {""name"": ""Jorhat"", ""lat"": 26.7509, ""lng"": 94.2037}, {""name"": ""Ginger Guwahati (stay 2)"", ""lat"": 26.948329, ""lng"": 94.173039}, {""name"": ""Majuli River Island"", ""lat"": 26.95, ""lng"": 94.17}, {""name"": ""Brahmaputra Jungle Resort (stay 3)"", ""lat"": 26.982726, ""lng"": 94.641925}, {""name"": ""Sivasagar"", ""lat"": 26.9826, ""lng"": 94.6425}, {""name"": ""Hotel Rajmahal (stay 4)"", ""lat"": 26.576493, ""lng"": 93.170207}, {""name"": ""Kaziranga National Park"", ""lat"": 26.5775, ""lng"": 93.1711}, {""name"": ""Wild Mahseer, Balipara (stay 5)"", ""lat"": 26.631854, ""lng"": 92.80301}, {""name"": ""Tezpur"", ""lat"": 26.6338, ""lng"": 92.8}, {""name"": ""Brahmaputra Jungle Resort (stay 6)"", ""lat"": 26.921062, ""lng"": 92.878062}, {""name"": ""Nameri National Park"", ""lat"": 26.92, ""lng"": 92.88}]","[{""name"": ""Ruby Anderson"", ""phone"": ""+61-367516308"", ""relation"": ""family""}, {""name"": ""Zoe White"", ""phone"": ""+61-334064254"", ""relation"": ""spouse""}, {""name"": ""Chloe Anderson"", ""phone"": ""+61-217141894"", ""relation"": ""parent""}]",2026-09-06 05:45:00,2026-09-16 11:45:00,,,,100.0,1,active,2026-08-21 02:45:00,normal,Upper Assam Wildlife Trail
562,STS-A5AAF0BB28B7,Jayanta Singh,Indian,aadhaar,XXXX-XXXX-1382,+91-7343632907,"[{""name"": ""Brahmaputra Jungle Resort (stay 1)"", ""lat"": 26.230099, ""lng"": 92.081544}, {""name"": ""Pobitora Wildlife Sanctuary"", ""lat"": 26.2333, ""lng"": 92.0833}, {""name"": ""Ygdrasill Bamboo Resort, Cherrapunji (stay 2)"", ""lat"": 26.176355, ""lng"": 91.782544}, {""name"": ""Assam State Zoo & Botanical Garden"", ""lat"": 26.178, ""lng"": 91.786}, {""name"": ""Dolma Homestay, Tawang (stay 3)"", ""lat"": 26.11696, ""lng"": 91.648443}, {""name"": ""Deepor Beel Wildlife Sanctuary"", ""lat"": 26.12, ""lng"": 91.65}]","[{""name"": ""Riya Baishya"", ""phone"": ""+91-9257648869"", ""relation"": ""family""}, {""name"": ""Gitanjali Gogoi"", ""phone"": ""+91-8491733327"", ""relation"": ""spouse""}]",2026-07-24 11:45:00,2026-07-26 23:45:00,26.176593,91.782464,2026-07-26 06:36:34,81.2,1,active,2026-07-11 06:45:00,normal,Guwahati Nature & Wildlife
563,STS-75D0E8F2F702,Rituparna Kalita,Indian,passport,Z4745196,+91-8507007385,"[{""name"": ""La Maison de Ananda, Majuli (stay 1)"", ""lat"": 27.334495, ""lng"": 88.61731}, {""name"": ""Gangtok"", ""lat"": 27.3314, ""lng"": 88.6138}, {""name"": ""Diphlu River Lodge, Kaziranga (stay 2)"", ""lat"": 26.102149, ""lng"": 91.584724}, {""name"": ""LGB International Airport"", ""lat"": 26.1061, ""lng"": 91.5859}, {""name"": ""Ygdrasill Bamboo Resort, Cherrapunji (stay 3)"", ""lat"": 25.578679, ""lng"": 91.892152}, {""name"": ""Shillong"", ""lat"": 25.5788, ""lng"": 91.8933}, {""name"": ""Wild Mahseer, Balipara (stay 4)"", ""lat"": 26.580039, ""lng"": 93.170442}, {""name"": ""Kaziranga National Park"", ""lat"": 26.5775, ""lng"": 93.1711}, {""name"": ""Hotel Nandan (stay 5)"", ""lat"": 25.67179, ""lng"": 94.11108}, {""name"": ""Kohima"", ""lat"": 25.6751, ""lng"": 94.1086}, {""name"": ""Hotel Dynasty, Lakhtokia (stay 6)"", ""lat"": 24.813801, ""lng"": 93.934164}, {""name"": ""Imphal"", ""lat"": 24.817, ""lng"": 93.9368}]","[{""name"": ""Parag Kalita"", ""phone"": ""+91-7128845825"", ""relation"": ""family""}, {""name"": ""Aarav Rajkhowa"", ""phone"": ""+91-8580107910"", ""relation"": ""spouse""}, {""name"": ""Siddharth Choudhury"", ""phone"": ""+91-9045029173"", ""relation"": ""employer""}, {""name"": ""Ishita Bora"", ""phone"": ""+91-6297414433"", ""relation"": ""family""}]",2026-09-02 05:15:00,2026-09-20 07:15:00,25.672021,94.111051,2026-09-05 18:26:58,72.8,1,missing,2026-08-15 09:15:00,missing_person,Seven Sisters Grand Tour
564,STS-A43F327D0974,Priya Sen,Indian,voterid,SSW4110815,+91-6295242621,"[{""name"": ""Dolma Homestay, Tawang (stay 1)"", ""lat"": 26.363417, ""lng"": 91.630709}, {""name"": ""Madan Kamdev Ruins"", ""lat"": 26.3667, ""lng"": 91.6333}, {""name"": ""Hotel Polo Towers, Shillong (stay 2)"", ""lat"": 26.154281, ""lng"": 91.770245}, {""name"": ""Umananda Island"", ""lat"": 26.1964, ""lng"": 91.7453}, {""name"": ""Basistha Temple"", ""lat"": 26.1132, ""lng"": 91.797}, {""name"": ""En route to Basistha Temple"", ""lat"": 26.17976, ""lng"": 91.75564}, {""name"": ""En route to Basistha Temple"", ""lat"": 26.16312, ""lng"": 91.76598}, {""name"": ""En route to Basistha Temple"", ""lat"": 26.14648, ""lng"": 91.77632}, {""name"": ""En route to Basistha Temple"", ""lat"": 26.12984, ""lng"": 91.78666}, {""name"": ""En route to Umananda Island"", ""lat"": 26.168321, ""lng"": 91.76193}, {""name"": ""En route to Umananda Island"", ""lat"": 26.18236, ""lng"": 91.753615}, {""name"": ""En route to Hotel Polo Towers, Shillong (stay 2)"", ""lat"": 26.126894, ""lng"": 91.788082}, {""name"": ""En route to Hotel Polo Towers, Shillong (stay 2)"", ""lat"": 26.140587, ""lng"": 91.779163}]","[{""name"": ""Parag Iyer"", ""phone"": ""+91-6880999676"", ""relation"": ""family""}, {""name"": ""Ishita Iyer"", ""phone"": ""+91-9575459274"", ""relation"": ""spouse""}]",2026-07-23 11:45:00,2026-07-26 17:45:00,26.154178,91.76992,2026-07-26 06:56:56,80.6,1,active,2026-07-18 09:45:00,device_fall,Guwahati Pilgrimage Circuit
565,STS-4B1C92A8C4B1,Marco Russo,Italian,passport,YA1179966,+39-9423389803,"[{""name"": ""Wild Mahseer, Balipara (stay 1)"", ""lat"": 27.589272, ""lng"": 91.859305}, {""name"": ""Tawang Monastery"", ""lat"": 27.5861, ""lng"": 91.8594}, {""name"": ""La Maison de Ananda, Majuli (stay 2)"", ""lat"": 26.630996, ""lng"": 92.80047}, {""name"": ""Tezpur"", ""lat"": 26.6338, ""lng"": 92.8}, {""name"": ""Diphlu River Lodge, Kaziranga (stay 3)"", ""lat"": 26.185432, ""lng"": 91.753325}, {""name"": ""Guwahati Railway Station"", ""lat"": 26.1824, ""lng"": 91.7513}, {""name"": ""Hotel Rajmahal (stay 4)"", ""lat"": 27.546308, ""lng"": 93.834665}, {""name"": ""Ziro Valley"", ""lat"": 27.5448, ""lng"": 93.832}]","[{""name"": ""Chiara Russo"", ""phone"": ""+39-8764907574"", ""relation"": ""family""}, {""name"": ""Sofia Romano"", ""phone"": ""+39-7933806922"", ""relation"": ""spouse""}, {""name"": ""Marco Esposito"", ""phone"": ""+39-8254000803"", ""relation"": ""parent""}]",2026-08-31 05:00:00,2026-09-08 16:00:00,27.545911,93.834816,2026-09-05 18:13:56,75.4,1,active,2026-08-15 10:00:00,normal,Arunachal High Himalaya
566,STS-435F5B7572C2,Priya Nath,Indian,voterid,TDW2399530,+91-9374712626,"[{""name"": ""Diphlu River Lodge, Kaziranga (stay 1)"", ""lat"": 26.138733, ""lng"": 91.795556}, {""name"": ""Ganeshguri Junction"", ""lat"": 26.147, ""lng"": 91.79}, {""name"": ""Six Mile"", ""lat"": 26.135, ""lng"": 91.805}, {""name"": ""Ri Kynjai, Umiam (stay 2)"", ""lat"": 26.107846, ""lng"": 91.583457}, {""name"": ""LGB International Airport"", ""lat"": 26.1061, ""lng"": 91.5859}]","[{""name"": ""Rupam Dutta"", ""phone"": ""+91-7638208725"", ""relation"": ""family""}, {""name"": ""Junmoni Das"", ""phone"": ""+91-9186637315"", ""relation"": ""spouse""}]",2026-08-15 06:30:00,2026-08-18 09:30:00,26.107533,91.58383,2026-08-18 06:47:29,82.2,1,active,2026-07-30 19:30:00,route_deviation,Business / Transit Stay
567,STS-A41D7FDC810B,Arjun Verma,Indian,aadhaar,XXXX-XXXX-6316,+91-6232039755,"[{""name"": ""Ri Kynjai, Umiam (stay 1)"", ""lat"": 26.142707, ""lng"": 91.787423}, {""name"": ""Dispur Secretariat"", ""lat"": 26.142, ""lng"": 91.79}, {""name"": ""Ganeshguri Junction"", ""lat"": 26.147, ""lng"": 91.79}, {""name"": ""Ginger Guwahati (stay 2)"", ""lat"": 26.105989, ""lng"": 91.585726}, {""name"": ""LGB International Airport"", ""lat"": 26.1061, ""lng"": 91.5859}]","[{""name"": ""Rituparna Iyer"", ""phone"": ""+91-8177460526"", ""relation"": ""family""}, {""name"": ""Pooja Baishya"", ""phone"": ""+91-8479951711"", ""relation"": ""spouse""}, {""name"": ""Kavya Gogoi"", ""phone"": ""+91-6219449454"", ""relation"": ""friend""}]",2026-07-25 09:00:00,2026-07-28 14:00:00,26.106128,91.586113,2026-07-28 06:45:10,82.2,1,active,2026-07-11 12:00:00,normal,Business / Transit Stay
568,STS-540E74F133B7,Ava Bouchard,Canadian,passport,HJ722727,+1-9854235175,"[{""name"": ""Hotel Polo Towers, Shillong (stay 1)"", ""lat"": 26.74963, ""lng"": 94.203774}, {""name"": ""Jorhat"", ""lat"": 26.7509, ""lng"": 94.2037}, {""name"": ""Hotel Polo Towers, Shillong (stay 2)"", ""lat"": 26.948318, ""lng"": 94.166867}, {""name"": ""Majuli River Island"", ""lat"": 26.95, ""lng"": 94.17}, {""name"": ""Radisson Blu Guwahati (stay 3)"", ""lat"": 26.982136, ""lng"": 94.639408}, {""name"": ""Sivasagar"", ""lat"": 26.9826, ""lng"": 94.6425}, {""name"": ""Hotel Polo Towers, Shillong (stay 4)"", ""lat"": 26.58094, ""lng"": 93.17077}, {""name"": ""Kaziranga National Park"", ""lat"": 26.5775, ""lng"": 93.1711}, {""name"": ""Wild Mahseer, Balipara (stay 5)"", ""lat"": 26.631058, ""lng"": 92.801057}, {""name"": ""Tezpur"", ""lat"": 26.6338, ""lng"": 92.8}, {""name"": ""La Maison de Ananda, Majuli (stay 6)"", ""lat"": 26.922347, ""lng"": 92.880096}, {""name"": ""Nameri National Park"", ""lat"": 26.92, ""lng"": 92.88}]","[{""name"": ""Logan Tremblay"", ""phone"": ""+1-1096876450"", ""relation"": ""family""}, {""name"": ""Ava Cote"", ""phone"": ""+1-4950916637"", ""relation"": ""spouse""}]",2026-07-26 09:45:00,2026-08-05 23:45:00,26.922074,92.880411,2026-08-05 06:40:31,80.5,1,active,2026-07-20 12:45:00,night_wanderer,Upper Assam Wildlife Trail
569,STS-6A7FEBAB9A9A,Pooja Medhi,Indian,aadhaar,XXXX-XXXX-8220,+91-8030517447,"[{""name"": ""Hotel Dynasty, Lakhtokia (stay 1)"", ""lat"": 26.18572, ""lng"": 91.753664}, {""name"": ""Brahmaputra Riverfront"", ""lat"": 26.1905, ""lng"": 91.748}, {""name"": ""Fancy Bazaar"", ""lat"": 26.1836, ""lng"": 91.7434}, {""name"": ""Gandhi Mandap, Sarania Hill"", ""lat"": 26.175, ""lng"": 91.758}]","[{""name"": ""Parag Kalita"", ""phone"": ""+91-8159613644"", ""relation"": ""family""}, {""name"": ""Meera Dutta"", ""phone"": ""+91-8502340761"", ""relation"": ""spouse""}]",2026-09-06 10:00:00,2026-09-09 14:00:00,,,,100.0,1,active,2026-08-26 10:00:00,high_speed_transit,Guwahati City Break
570,STS-74F81FBB5382,Utpal Hazarika,Indian,aadhaar,XXXX-XXXX-4684,+91-8276236779,"[{""name"": ""Hotel Polo Towers, Shillong (stay 1)"", ""lat"": 26.159459, ""lng"": 91.77246}, {""name"": ""Navagraha Temple"", ""lat"": 26.1749, ""lng"": 91.7789}, {""name"": ""Umananda Island"", ""lat"": 26.1964, ""lng"": 91.7453}, {""name"": ""Basistha Temple"", ""lat"": 26.1132, ""lng"": 91.797}, {""name"": ""La Maison de Ananda, Majuli (stay 2)"", ""lat"": 26.366211, ""lng"": 91.631999}, {""name"": ""Madan Kamdev Ruins"", ""lat"": 26.3667, ""lng"": 91.6333}, {""name"": ""En route to Basistha Temple"", ""lat"": 26.17976, ""lng"": 91.75564}, {""name"": ""En route to Basistha Temple"", ""lat"": 26.16312, ""lng"": 91.76598}, {""name"": ""En route to Basistha Temple"", ""lat"": 26.14648, ""lng"": 91.77632}, {""name"": ""En route to Basistha Temple"", ""lat"": 26.12984, ""lng"": 91.78666}, {""name"": ""En route to Hotel Polo Towers, Shillong (stay 1)"", ""lat"": 26.12862, ""lng"": 91.78882}, {""name"": ""En route to Hotel Polo Towers, Shillong (stay 1)"", ""lat"": 26.144039, ""lng"": 91.78064}, {""name"": ""En route to Umananda Island"", ""lat"": 26.18565, ""lng"": 91.7621}]","[{""name"": ""Nabanita Patel"", ""phone"": ""+91-9410408084"", ""relation"": ""family""}, {""name"": ""Chandana Nath"", ""phone"": ""+91-8222357980"", ""relation"": ""spouse""}, {""name"": ""Bornali Choudhury"", ""phone"": ""+91-8205793651"", ""relation"": ""parent""}]",2026-07-22 08:45:00,2026-07-28 21:45:00,26.366309,91.632312,2026-07-28 06:45:30,79.0,1,active,2026-06-30 18:45:00,normal,Guwahati Pilgrimage Circuit
571,STS-B05B6970B29B,Emily Garcia,American,passport,672062701,+1-4702415209,"[{""name"": ""Wild Mahseer, Balipara (stay 1)"", ""lat"": 23.730706, ""lng"": 92.718487}, {""name"": ""Aizawl"", ""lat"": 23.7271, ""lng"": 92.7176}, {""name"": ""Novotel Guwahati GS Road (stay 2)"", ""lat"": 23.832486, ""lng"": 91.290453}, {""name"": ""Agartala"", ""lat"": 23.8315, ""lng"": 91.2868}, {""name"": ""Hotel Rajmahal (stay 3)"", ""lat"": 26.103556, ""lng"": 91.584685}, {""name"": ""LGB International Airport"", ""lat"": 26.1061, ""lng"": 91.5859}, {""name"": ""Hotel Dynasty, Lakhtokia (stay 4)"", ""lat"": 26.576347, ""lng"": 93.1694}, {""name"": ""Kaziranga National Park"", ""lat"": 26.5775, ""lng"": 93.1711}, {""name"": ""Novotel Guwahati GS Road (stay 5)"", ""lat"": 25.675086, ""lng"": 94.104745}, {""name"": ""Kohima"", ""lat"": 25.6751, ""lng"": 94.1086}, {""name"": ""Diphlu River Lodge, Kaziranga (stay 6)"", ""lat"": 27.335102, ""lng"": 88.616137}, {""name"": ""Gangtok"", ""lat"": 27.3314, ""lng"": 88.6138}]","[{""name"": ""Emily Miller"", ""phone"": ""+1-2036211436"", ""relation"": ""family""}, {""name"": ""Jessica Wilson"", ""phone"": ""+1-8097291556"", ""relation"": ""spouse""}]",2026-09-01 08:00:00,2026-09-18 11:00:00,25.675096,94.104586,2026-09-05 18:27:47,72.3,1,active,2026-08-12 17:00:00,normal,Seven Sisters Grand Tour
572,STS-DD7F13E502F6,Kabir Deka,Indian,aadhaar,XXXX-XXXX-6444,+91-8745176618,"[{""name"": ""Wild Mahseer, Balipara (stay 1)"", ""lat"": 25.673268, ""lng"": 94.108226}, {""name"": ""Kohima"", ""lat"": 25.6751, ""lng"": 94.1086}, {""name"": ""Brahmaputra Jungle Resort (stay 2)"", ""lat"": 24.814113, ""lng"": 93.938982}, {""name"": ""Imphal"", ""lat"": 24.817, ""lng"": 93.9368}, {""name"": ""Hotel Dynasty, Lakhtokia (stay 3)"", ""lat"": 23.72859, ""lng"": 92.717075}, {""name"": ""Aizawl"", ""lat"": 23.7271, ""lng"": 92.7176}, {""name"": ""Dolma Homestay, Tawang (stay 4)"", ""lat"": 26.106227, ""lng"": 91.586522}, {""name"": ""LGB International Airport"", ""lat"": 26.1061, ""lng"": 91.5859}, {""name"": ""Dolma Homestay, Tawang (stay 5)"", ""lat"": 26.574863, ""lng"": 93.174195}, {""name"": ""Kaziranga National Park"", ""lat"": 26.5775, ""lng"": 93.1711}]","[{""name"": ""Jayanta Patel"", ""phone"": ""+91-7819416883"", ""relation"": ""family""}, {""name"": ""Priya Deka"", ""phone"": ""+91-8558665023"", ""relation"": ""spouse""}]",2026-08-23 07:45:00,2026-09-05 09:45:00,26.574941,93.174313,2026-09-05 06:54:38,40.1,1,active,2026-08-15 01:45:00,normal,Seven Sisters Grand Tour
573,STS-E70578E0ABBB,Rupam Barua,Indian,aadhaar,XXXX-XXXX-9741,+91-9172208332,"[{""name"": ""Kiranshree Portico (stay 1)"", ""lat"": 27.332562, ""lng"": 88.614031}, {""name"": ""Gangtok"", ""lat"": 27.3314, ""lng"": 88.6138}, {""name"": ""Brahmaputra Jungle Resort (stay 2)"", ""lat"": 26.108748, ""lng"": 91.589459}, {""name"": ""LGB International Airport"", ""lat"": 26.1061, ""lng"": 91.5859}, {""name"": ""Vivanta Guwahati (stay 3)"", ""lat"": 25.580923, ""lng"": 91.894104}, {""name"": ""Shillong"", ""lat"": 25.5788, ""lng"": 91.8933}, {""name"": ""Wild Mahseer, Balipara (stay 4)"", ""lat"": 24.813891, ""lng"": 93.935706}, {""name"": ""Imphal"", ""lat"": 24.817, ""lng"": 93.9368}]","[{""name"": ""Hemanta Ghosh"", ""phone"": ""+91-7131644855"", ""relation"": ""family""}, {""name"": ""Chandana Verma"", ""phone"": ""+91-6898648404"", ""relation"": ""spouse""}, {""name"": ""Manish Banerjee"", ""phone"": ""+91-6167335995"", ""relation"": ""spouse""}, {""name"": ""Bornali Verma"", ""phone"": ""+91-8901865992"", ""relation"": ""friend""}]",2026-08-31 05:15:00,2026-09-11 10:15:00,24.813995,93.93566,2026-09-05 18:31:08,69.9,1,active,2026-08-24 23:15:00,abduction_pattern,Seven Sisters Grand Tour
574,STS-2E95C40B7E2A,Ananya Reddy,Indian,aadhaar,XXXX-XXXX-7240,+91-7273962420,"[{""name"": ""Hotel Rajmahal (stay 1)"", ""lat"": 27.543576, ""lng"": 93.834884}, {""name"": ""Ziro Valley"", ""lat"": 27.5448, ""lng"": 93.832}, {""name"": ""Hotel Dynasty, Lakhtokia (stay 2)"", ""lat"": 26.635192, ""lng"": 92.798}, {""name"": ""Tezpur"", ""lat"": 26.6338, ""lng"": 92.8}, {""name"": ""Ri Kynjai, Umiam (stay 3)"", ""lat"": 26.179074, ""lng"": 91.755153}, {""name"": ""Guwahati Railway Station"", ""lat"": 26.1824, ""lng"": 91.7513}, {""name"": ""Hotel Nandan (stay 4)"", ""lat"": 27.586747, ""lng"": 91.861871}, {""name"": ""Tawang Monastery"", ""lat"": 27.5861, ""lng"": 91.8594}]","[{""name"": ""Ishita Patel"", ""phone"": ""+91-7747915252"", ""relation"": ""family""}, {""name"": ""Ishita Mishra"", ""phone"": ""+91-7221605155"", ""relation"": ""spouse""}]",2026-07-31 09:30:00,2026-08-09 15:30:00,27.586818,91.862113,2026-08-09 06:50:05,53.0,1,active,2026-07-24 20:30:00,night_wanderer,Arunachal High Himalaya
575,STS-B4584765EAEE,Riya Sen,Indian,passport,Z3541701,+91-8294110913,"[{""name"": ""Hotel Rajmahal (stay 1)"", ""lat"": 26.177909, ""lng"": 91.747755}, {""name"": ""Gandhi Mandap, Sarania Hill"", ""lat"": 26.175, ""lng"": 91.758}, {""name"": ""Nehru Park"", ""lat"": 26.1857, ""lng"": 91.7477}, {""name"": ""Fancy Bazaar"", ""lat"": 26.1836, ""lng"": 91.7434}]","[{""name"": ""Simanta Medhi"", ""phone"": ""+91-9112965122"", ""relation"": ""family""}, {""name"": ""Simanta Das"", ""phone"": ""+91-7146303470"", ""relation"": ""spouse""}, {""name"": ""Riya Gogoi"", ""phone"": ""+91-9942151430"", ""relation"": ""colleague""}]",2026-08-03 05:30:00,2026-08-06 15:30:00,26.177839,91.747709,2026-08-06 06:31:52,81.4,1,active,2026-07-26 09:30:00,normal,Guwahati City Break
576,STS-CD11576D7EC6,Bornali Singh,Indian,aadhaar,XXXX-XXXX-9826,+91-6113755088,"[{""name"": ""Dolma Homestay, Tawang (stay 1)"", ""lat"": 26.156834, ""lng"": 91.778833}, {""name"": ""Dispur Secretariat"", ""lat"": 26.142, ""lng"": 91.79}, {""name"": ""Six Mile"", ""lat"": 26.135, ""lng"": 91.805}, {""name"": ""Guwahati Railway Station"", ""lat"": 26.1824, ""lng"": 91.7513}, {""name"": ""Kiranshree Portico (stay 2)"", ""lat"": 26.104219, ""lng"": 91.584972}, {""name"": ""LGB International Airport"", ""lat"": 26.1061, ""lng"": 91.5859}, {""name"": ""En route to Guwahati Railway Station"", ""lat"": 26.14685, ""lng"": 91.791575}, {""name"": ""En route to Guwahati Railway Station"", ""lat"": 26.1587, ""lng"": 91.77815}, {""name"": ""En route to Guwahati Railway Station"", ""lat"": 26.17055, ""lng"": 91.764725}, {""name"": ""En route to Dolma Homestay, Tawang (stay 1)"", ""lat"": 26.169617, ""lng"": 91.765067}]","[{""name"": ""Anjali Baishya"", ""phone"": ""+91-9446827223"", ""relation"": ""family""}, {""name"": ""Hemanta Kumar"", ""phone"": ""+91-6583662886"", ""relation"": ""spouse""}]",2026-08-05 06:30:00,2026-08-06 15:30:00,26.156828,91.778461,2026-08-06 06:59:18,79.9,1,active,2026-07-29 23:30:00,route_deviation,Business / Transit Stay
577,STS-B89A0281F531,Utpal Deka,Indian,aadhaar,XXXX-XXXX-8118,+91-6139067682,"[{""name"": ""Wild Mahseer, Balipara (stay 1)"", ""lat"": 26.91654, ""lng"": 92.881877}, {""name"": ""Nameri National Park"", ""lat"": 26.92, ""lng"": 92.88}, {""name"": ""La Maison de Ananda, Majuli (stay 2)"", ""lat"": 26.577485, ""lng"": 93.169525}, {""name"": ""Kaziranga National Park"", ""lat"": 26.5775, ""lng"": 93.1711}, {""name"": ""Novotel Guwahati GS Road (stay 3)"", ""lat"": 26.985217, ""lng"": 94.645674}, {""name"": ""Sivasagar"", ""lat"": 26.9826, ""lng"": 94.6425}, {""name"": ""Ginger Guwahati (stay 4)"", ""lat"": 26.107562, ""lng"": 91.586748}, {""name"": ""LGB International Airport"", ""lat"": 26.1061, ""lng"": 91.5859}]","[{""name"": ""Debojit Saikia"", ""phone"": ""+91-7636577281"", ""relation"": ""family""}, {""name"": ""Riya Baishya"", ""phone"": ""+91-6591984359"", ""relation"": ""spouse""}]",2026-09-06 08:15:00,2026-09-14 16:15:00,,,,100.0,1,active,2026-08-22 06:15:00,sos_panic,Upper Assam Wildlife Trail
578,STS-C8BAED7CC43D,Meera Medhi,Indian,aadhaar,XXXX-XXXX-1035,+91-6220173097,"[{""name"": ""Hotel Nandan (stay 1)"", ""lat"": 23.726428, ""lng"": 92.716945}, {""name"": ""Aizawl"", ""lat"": 23.7271, ""lng"": 92.7176}, {""name"": ""Brahmaputra Jungle Resort (stay 2)"", ""lat"": 25.676888, ""lng"": 94.105498}, {""name"": ""Kohima"", ""lat"": 25.6751, ""lng"": 94.1086}, {""name"": ""Hotel Rajmahal (stay 3)"", ""lat"": 27.330141, ""lng"": 88.612842}, {""name"": ""Gangtok"", ""lat"": 27.3314, ""lng"": 88.6138}]","[{""name"": ""Pooja Deka"", ""phone"": ""+91-7849873566"", ""relation"": ""family""}]",2026-08-23 09:30:00,2026-09-02 15:30:00,27.330008,88.61253,2026-09-02 06:34:44,81.4,1,active,2026-08-07 03:30:00,inactivity,Seven Sisters Grand Tour
579,STS-02CC1633D827,Rohan Bora,Indian,aadhaar,XXXX-XXXX-1897,+91-6518143722,"[{""name"": ""Ginger Guwahati (stay 1)"", ""lat"": 25.937266, ""lng"": 91.43403}, {""name"": ""Chandubi Lake"", ""lat"": 25.9333, ""lng"": 91.4333}, {""name"": ""Ygdrasill Bamboo Resort, Cherrapunji (stay 2)"", ""lat"": 26.105196, ""lng"": 91.616474}, {""name"": ""Accoland Water Park"", ""lat"": 26.09, ""lng"": 91.59}, {""name"": ""Deepor Beel Wildlife Sanctuary"", ""lat"": 26.12, ""lng"": 91.65}, {""name"": ""Vivanta Guwahati (stay 3)"", ""lat"": 26.180439, ""lng"": 91.789802}, {""name"": ""Assam State Zoo & Botanical Garden"", ""lat"": 26.178, ""lng"": 91.786}, {""name"": ""Radisson Blu Guwahati (stay 4)"", ""lat"": 26.234435, ""lng"": 92.082972}, {""name"": ""Pobitora Wildlife Sanctuary"", ""lat"": 26.2333, ""lng"": 92.0833}, {""name"": ""En route to Deepor Beel Wildlife Sanctuary"", ""lat"": 26.1, ""lng"": 91.61}, {""name"": ""En route to Deepor Beel Wildlife Sanctuary"", ""lat"": 26.11, ""lng"": 91.63}, {""name"": ""En route to Ygdrasill Bamboo Resort, Cherrapunji (stay 2)"", ""lat"": 26.112598, ""lng"": 91.633237}, {""name"": ""En route to Accoland Water Park"", ""lat"": 26.097598, ""lng"": 91.603237}]","[{""name"": ""Dhruv Reddy"", ""phone"": ""+91-6764300550"", ""relation"": ""family""}, {""name"": ""Anjali Phukan"", ""phone"": ""+91-7256560980"", ""relation"": ""spouse""}]",2026-09-09 06:30:00,2026-09-11 08:30:00,,,,100.0,1,active,2026-08-27 07:30:00,normal,Guwahati Nature & Wildlife
580,STS-5400C6C4611E,Rohan Patel,Indian,voterid,PXN7600693,+91-6062480955,"[{""name"": ""Vivanta Guwahati (stay 1)"", ""lat"": 26.108501, ""lng"": 91.586207}, {""name"": ""LGB International Airport"", ""lat"": 26.1061, ""lng"": 91.5859}, {""name"": ""Hotel Polo Towers, Shillong (stay 2)"", ""lat"": 25.578111, ""lng"": 91.896575}, {""name"": ""Shillong"", ""lat"": 25.5788, ""lng"": 91.8933}, {""name"": ""Dolma Homestay, Tawang (stay 3)"", ""lat"": 24.820969, ""lng"": 93.938134}, {""name"": ""Imphal"", ""lat"": 24.817, ""lng"": 93.9368}]","[{""name"": ""Bhaskar Phukan"", ""phone"": ""+91-6505296513"", ""relation"": ""family""}, {""name"": ""Aarav Barua"", ""phone"": ""+91-7921591205"", ""relation"": ""spouse""}]",2026-07-27 09:00:00,2026-08-14 14:00:00,24.820686,93.938347,2026-08-14 07:01:39,77.6,1,missing,2026-07-08 07:00:00,missing_person,Seven Sisters Grand Tour
581,STS-270E394EE5AE,Simanta Banerjee,Indian,voterid,ZQN9943303,+91-7658818660,"[{""name"": ""La Maison de Ananda, Majuli (stay 1)"", ""lat"": 26.253823, ""lng"": 91.513165}, {""name"": ""Hajo Pilgrimage Town"", ""lat"": 26.25, ""lng"": 91.5167}, {""name"": ""Novotel Guwahati GS Road (stay 2)"", ""lat"": 26.36318, ""lng"": 91.635521}, {""name"": ""Madan Kamdev Ruins"", ""lat"": 26.3667, ""lng"": 91.6333}, {""name"": ""La Maison de Ananda, Majuli (stay 3)"", ""lat"": 26.162018, ""lng"": 91.758755}, {""name"": ""Umananda Island"", ""lat"": 26.1964, ""lng"": 91.7453}, {""name"": ""Navagraha Temple"", ""lat"": 26.1749, ""lng"": 91.7789}, {""name"": ""Basistha Temple"", ""lat"": 26.1132, ""lng"": 91.797}, {""name"": ""Kamakhya Temple"", ""lat"": 26.1664, ""lng"": 91.7055}, {""name"": ""En route to Kamakhya Temple"", ""lat"": 26.12384, ""lng"": 91.7787}, {""name"": ""En route to Kamakhya Temple"", ""lat"": 26.13448, ""lng"": 91.7604}, {""name"": ""En route to Kamakhya Temple"", ""lat"": 26.14512, ""lng"": 91.7421}, {""name"": ""En route to Kamakhya Temple"", ""lat"": 26.15576, ""lng"": 91.7238}, {""name"": ""En route to Basistha Temple"", ""lat"": 26.154333, ""lng"": 91.784933}, {""name"": ""En route to Basistha Temple"", ""lat"": 26.133767, ""lng"": 91.790967}, {""name"": ""En route to La Maison de Ananda, Majuli (stay 3)"", ""lat"": 26.164939, ""lng"": 91.723252}, {""name"": ""En route to La Maison de Ananda, Majuli (stay 3)"", ""lat"": 26.163479, ""lng"": 91.741003}, {""name"": ""En route to Navagraha Temple"", ""lat"": 26.18565, ""lng"": 91.7621}, {""name"": ""En route to Umananda Island"", ""lat"": 26.179209, ""lng"": 91.752027}]","[{""name"": ""Debojit Kalita"", ""phone"": ""+91-6976526775"", ""relation"": ""family""}, {""name"": ""Utpal Saikia"", ""phone"": ""+91-6215371627"", ""relation"": ""spouse""}]",2026-08-02 09:45:00,2026-08-05 12:45:00,26.161798,91.758563,2026-08-05 06:50:31,80.9,1,active,2026-07-17 03:45:00,geofence_intrusion,Guwahati Pilgrimage Circuit
582,STS-AAFEEE12190E,Jack Taylor,British,passport,747848105,+44-6405641633,"[{""name"": ""Vivanta Guwahati (stay 1)"", ""lat"": 25.936052, ""lng"": 91.430638}, {""name"": ""Chandubi Lake"", ""lat"": 25.9333, ""lng"": 91.4333}, {""name"": ""Ri Kynjai, Umiam (stay 2)"", ""lat"": 26.107976, ""lng"": 91.61949}, {""name"": ""Accoland Water Park"", ""lat"": 26.09, ""lng"": 91.59}, {""name"": ""Deepor Beel Wildlife Sanctuary"", ""lat"": 26.12, ""lng"": 91.65}, {""name"": ""La Maison de Ananda, Majuli (stay 3)"", ""lat"": 26.18078, ""lng"": 91.787295}, {""name"": ""Assam State Zoo & Botanical Garden"", ""lat"": 26.178, ""lng"": 91.786}, {""name"": ""Dolma Homestay, Tawang (stay 4)"", ""lat"": 26.236701, ""lng"": 92.084245}, {""name"": ""Pobitora Wildlife Sanctuary"", ""lat"": 26.2333, ""lng"": 92.0833}, {""name"": ""En route to Deepor Beel Wildlife Sanctuary"", ""lat"": 26.1, ""lng"": 91.61}, {""name"": ""En route to Deepor Beel Wildlife Sanctuary"", ""lat"": 26.11, ""lng"": 91.63}, {""name"": ""En route to Accoland Water Park"", ""lat"": 26.098988, ""lng"": 91.604745}, {""name"": ""En route to Ri Kynjai, Umiam (stay 2)"", ""lat"": 26.113988, ""lng"": 91.634745}]","[{""name"": ""Sophie Edwards"", ""phone"": ""+44-7742776056"", ""relation"": ""family""}, {""name"": ""Thomas Hughes"", ""phone"": ""+44-8399643696"", ""relation"": ""spouse""}]",2026-07-30 06:45:00,2026-08-01 13:45:00,26.180711,91.787002,2026-08-02 06:47:17,79.3,1,active,2026-07-29 04:45:00,night_wanderer,Guwahati Nature & Wildlife
583,STS-C637B4EF4F3D,Manish Baishya,Indian,aadhaar,XXXX-XXXX-2254,+91-9190794494,"[{""name"": ""Ygdrasill Bamboo Resort, Cherrapunji (stay 1)"", ""lat"": 26.164165, ""lng"": 91.565467}, {""name"": ""Sualkuchi Silk Village"", ""lat"": 26.1667, ""lng"": 91.5667}, {""name"": ""La Maison de Ananda, Majuli (stay 2)"", ""lat"": 26.180842, ""lng"": 91.760543}, {""name"": ""Fancy Bazaar"", ""lat"": 26.1836, ""lng"": 91.7434}, {""name"": ""Pan Bazaar"", ""lat"": 26.1856, ""lng"": 91.7455}, {""name"": ""Paltan Bazaar"", ""lat"": 26.1817, ""lng"": 91.7503}, {""name"": ""Uzan Bazar Ghat"", ""lat"": 26.19, ""lng"": 91.759}, {""name"": ""Srimanta Sankaradeva Kalakshetra"", ""lat"": 26.144, ""lng"": 91.8058}, {""name"": ""En route to Srimanta Sankaradeva Kalakshetra"", ""lat"": 26.174667, ""lng"": 91.7746}, {""name"": ""En route to Srimanta Sankaradeva Kalakshetra"", ""lat"": 26.159333, ""lng"": 91.7902}, {""name"": ""En route to La Maison de Ananda, Majuli (stay 2)"", ""lat"": 26.156281, ""lng"": 91.790714}, {""name"": ""En route to La Maison de Ananda, Majuli (stay 2)"", ""lat"": 26.168561, ""lng"": 91.775629}]","[{""name"": ""Pooja Banerjee"", ""phone"": ""+91-9286440360"", ""relation"": ""family""}, {""name"": ""Hemanta Nair"", ""phone"": ""+91-9590024988"", ""relation"": ""spouse""}, {""name"": ""Novotel Guwahati GS Road Front Desk"", ""phone"": ""+91-7688214357"", ""relation"": ""hotel""}]",2026-09-08 10:45:00,2026-09-12 00:45:00,,,,100.0,1,active,2026-08-28 19:45:00,normal,Guwahati Market & Heritage Walk
584,STS-EBD8CA83FA8E,Chandana Hazarika,Indian,passport,Z8442754,+91-8953230517,"[{""name"": ""Vivanta Guwahati (stay 1)"", ""lat"": 25.660124, ""lng"": 91.891864}, {""name"": ""Umiam Lake"", ""lat"": 25.657, ""lng"": 91.889}, {""name"": ""Ginger Guwahati (stay 2)"", ""lat"": 25.277027, ""lng"": 91.689595}, {""name"": ""Nohkalikai Falls"", ""lat"": 25.276, ""lng"": 91.6857}, {""name"": ""Hotel Polo Towers, Shillong (stay 3)"", ""lat"": 25.189038, ""lng"": 92.02107}, {""name"": ""Dawki / Umngot River"", ""lat"": 25.19, ""lng"": 92.02}]","[{""name"": ""Rupam Bhattacharya"", ""phone"": ""+91-8199116826"", ""relation"": ""family""}, {""name"": ""Gitanjali Patel"", ""phone"": ""+91-8813869748"", ""relation"": ""spouse""}]",2026-08-17 11:00:00,2026-08-26 19:00:00,25.189341,92.021188,2026-08-26 06:33:53,39.4,1,active,2026-08-07 14:00:00,normal,Meghalaya Loop
585,STS-1E717A077BEA,Rupam Gogoi,Indian,aadhaar,XXXX-XXXX-5551,+91-6042024925,"[{""name"": ""Wild Mahseer, Balipara (stay 1)"", ""lat"": 26.633614, ""lng"": 92.799027}, {""name"": ""Tezpur"", ""lat"": 26.6338, ""lng"": 92.8}, {""name"": ""Brahmaputra Jungle Resort (stay 2)"", ""lat"": 26.185553, ""lng"": 91.749582}, {""name"": ""Guwahati Railway Station"", ""lat"": 26.1824, ""lng"": 91.7513}, {""name"": ""Ri Kynjai, Umiam (stay 3)"", ""lat"": 27.588246, ""lng"": 91.860899}, {""name"": ""Tawang Monastery"", ""lat"": 27.5861, ""lng"": 91.8594}, {""name"": ""Novotel Guwahati GS Road (stay 4)"", ""lat"": 27.542424, ""lng"": 93.831597}, {""name"": ""Ziro Valley"", ""lat"": 27.5448, ""lng"": 93.832}]","[{""name"": ""Dhruv Ghosh"", ""phone"": ""+91-7830154261"", ""relation"": ""family""}, {""name"": ""Hemanta Bhattacharya"", ""phone"": ""+91-8094503320"", ""relation"": ""spouse""}]",2026-08-31 05:30:00,2026-09-13 08:30:00,27.5424,93.831719,2026-09-05 18:38:31,72.8,1,active,2026-08-12 00:30:00,inactivity,Arunachal High Himalaya
586,STS-C3EF5AD5F9A3,Siddharth Das,Indian,aadhaar,XXXX-XXXX-9425,+91-8933201944,"[{""name"": ""Hotel Nandan (stay 1)"", ""lat"": 27.331368, ""lng"": 88.61435}, {""name"": ""Gangtok"", ""lat"": 27.3314, ""lng"": 88.6138}, {""name"": ""Radisson Blu Guwahati (stay 2)"", ""lat"": 26.579039, ""lng"": 93.171023}, {""name"": ""Kaziranga National Park"", ""lat"": 26.5775, ""lng"": 93.1711}, {""name"": ""Vivanta Guwahati (stay 3)"", ""lat"": 25.677395, ""lng"": 94.1107}, {""name"": ""Kohima"", ""lat"": 25.6751, ""lng"": 94.1086}, {""name"": ""Radisson Blu Guwahati (stay 4)"", ""lat"": 24.820483, ""lng"": 93.939471}, {""name"": ""Imphal"", ""lat"": 24.817, ""lng"": 93.9368}]","[{""name"": ""Manish Nair"", ""phone"": ""+91-6006373623"", ""relation"": ""family""}, {""name"": ""Utpal Phukan"", ""phone"": ""+91-9668565712"", ""relation"": ""spouse""}]",2026-08-26 11:30:00,2026-09-12 01:30:00,24.820583,93.939417,2026-09-05 18:28:44,69.1,0,active,2026-08-18 15:30:00,normal,Seven Sisters Grand Tour
587,STS-E64EE61A74B0,Riya Patel,Indian,aadhaar,XXXX-XXXX-5494,+91-6511876806,"[{""name"": ""Vivanta Guwahati (stay 1)"", ""lat"": 26.106606, ""lng"": 91.586733}, {""name"": ""LGB International Airport"", ""lat"": 26.1061, ""lng"": 91.5859}, {""name"": ""Diphlu River Lodge, Kaziranga (stay 2)"", ""lat"": 26.633329, ""lng"": 92.799345}, {""name"": ""Tezpur"", ""lat"": 26.6338, ""lng"": 92.8}, {""name"": ""Ginger Guwahati (stay 3)"", ""lat"": 26.985563, ""lng"": 94.645023}, {""name"": ""Sivasagar"", ""lat"": 26.9826, ""lng"": 94.6425}]","[{""name"": ""Gitanjali Banerjee"", ""phone"": ""+91-8852155215"", ""relation"": ""family""}, {""name"": ""Divya Medhi"", ""phone"": ""+91-9778486059"", ""relation"": ""spouse""}, {""name"": ""Brahmaputra Jungle Resort Front Desk"", ""phone"": ""+91-6242889442"", ""relation"": ""hotel""}, {""name"": ""Arjun Mishra"", ""phone"": ""+91-7279793985"", ""relation"": ""spouse""}]",2026-08-03 09:30:00,2026-08-11 17:30:00,26.985574,94.644888,2026-08-11 06:57:38,78.7,1,active,2026-07-30 00:30:00,geofence_intrusion,Upper Assam Wildlife Trail
588,STS-BCFA1FC49474,Sipho Nkosi,South African,passport,A04351739,+27-953307893,"[{""name"": ""Novotel Guwahati GS Road (stay 1)"", ""lat"": 26.950596, ""lng"": 94.167123}, {""name"": ""Majuli River Island"", ""lat"": 26.95, ""lng"": 94.17}, {""name"": ""Vivanta Guwahati (stay 2)"", ""lat"": 26.917899, ""lng"": 92.881835}, {""name"": ""Nameri National Park"", ""lat"": 26.92, ""lng"": 92.88}, {""name"": ""Wild Mahseer, Balipara (stay 3)"", ""lat"": 26.634814, ""lng"": 92.799966}, {""name"": ""Tezpur"", ""lat"": 26.6338, ""lng"": 92.8}]","[{""name"": ""Thabo Nkosi"", ""phone"": ""+27-714048375"", ""relation"": ""family""}, {""name"": ""Naledi Mokoena"", ""phone"": ""+27-467621413"", ""relation"": ""spouse""}, {""name"": ""Naledi Nkosi"", ""phone"": ""+27-240939340"", ""relation"": ""parent""}, {""name"": ""Anika Mokoena"", ""phone"": ""+27-745318364"", ""relation"": ""family""}]",2026-09-06 10:45:00,2026-09-17 15:45:00,,,,100.0,1,active,2026-08-21 03:45:00,normal,Upper Assam Wildlife Trail
589,STS-300F36E9EC9E,Nabanita Rajkhowa,Indian,pan,TSXKJ4414F,+91-7989772813,"[{""name"": ""Ri Kynjai, Umiam (stay 1)"", ""lat"": 26.629978, ""lng"": 92.800931}, {""name"": ""Tezpur"", ""lat"": 26.6338, ""lng"": 92.8}, {""name"": ""Kiranshree Portico (stay 2)"", ""lat"": 26.576811, ""lng"": 93.172754}, {""name"": ""Kaziranga National Park"", ""lat"": 26.5775, ""lng"": 93.1711}, {""name"": ""Kiranshree Portico (stay 3)"", ""lat"": 26.752957, ""lng"": 94.204017}, {""name"": ""Jorhat"", ""lat"": 26.7509, ""lng"": 94.2037}, {""name"": ""Hotel Polo Towers, Shillong (stay 4)"", ""lat"": 26.946756, ""lng"": 94.169066}, {""name"": ""Majuli River Island"", ""lat"": 26.95, ""lng"": 94.17}, {""name"": ""Dolma Homestay, Tawang (stay 5)"", ""lat"": 26.106992, ""lng"": 91.588582}, {""name"": ""LGB International Airport"", ""lat"": 26.1061, ""lng"": 91.5859}]","[{""name"": ""Aditya Kumar"", ""phone"": ""+91-6377051889"", ""relation"": ""family""}, {""name"": ""Rituparna Gogoi"", ""phone"": ""+91-6886021873"", ""relation"": ""spouse""}, {""name"": ""Simanta Kumar"", ""phone"": ""+91-8626191919"", ""relation"": ""employer""}]",2026-08-15 07:45:00,2026-08-22 21:45:00,26.107306,91.588211,2026-08-22 06:39:35,82.3,1,active,2026-08-12 21:45:00,normal,Upper Assam Wildlife Trail
590,STS-61A0D8638CFC,Manish Iyer,Indian,passport,Z5696873,+91-6861538343,"[{""name"": ""Ri Kynjai, Umiam (stay 1)"", ""lat"": 25.618334, ""lng"": 91.887843}, {""name"": ""Shillong"", ""lat"": 25.5788, ""lng"": 91.8933}, {""name"": ""Umiam Lake"", ""lat"": 25.657, ""lng"": 91.889}, {""name"": ""Ygdrasill Bamboo Resort, Cherrapunji (stay 2)"", ""lat"": 25.198497, ""lng"": 91.966822}, {""name"": ""Mawlynnong Village"", ""lat"": 25.2, ""lng"": 91.9167}, {""name"": ""Dawki / Umngot River"", ""lat"": 25.19, ""lng"": 92.02}, {""name"": ""Radisson Blu Guwahati (stay 3)"", ""lat"": 26.179326, ""lng"": 91.755116}, {""name"": ""Guwahati Railway Station"", ""lat"": 26.1824, ""lng"": 91.7513}, {""name"": ""En route to Dawki / Umngot River"", ""lat"": 25.198, ""lng"": 91.93736}, {""name"": ""En route to Dawki / Umngot River"", ""lat"": 25.196, ""lng"": 91.95802}, {""name"": ""En route to Dawki / Umngot River"", ""lat"": 25.194, ""lng"": 91.97868}, {""name"": ""En route to Dawki / Umngot River"", ""lat"": 25.192, ""lng"": 91.99934}, {""name"": ""En route to Umiam Lake"", ""lat"": 25.59835, ""lng"": 91.892225}, {""name"": ""En route to Umiam Lake"", ""lat"": 25.6179, ""lng"": 91.89115}, {""name"": ""En route to Umiam Lake"", ""lat"": 25.63745, ""lng"": 91.890075}, {""name"": ""En route to Ygdrasill Bamboo Resort, Cherrapunji (stay 2)"", ""lat"": 25.192832, ""lng"": 92.002274}, {""name"": ""En route to Ygdrasill Bamboo Resort, Cherrapunji (stay 2)"", ""lat"": 25.195665, ""lng"": 91.984548}, {""name"": ""En route to Mawlynnong Village"", ""lat"": 25.198998, ""lng"": 91.950115}, {""name"": ""En route to Mawlynnong Village"", ""lat"": 25.199499, ""lng"": 91.933407}, {""name"": ""En route to Shillong"", ""lat"": 25.598567, ""lng"": 91.890571}, {""name"": ""En route to Ri Kynjai, Umiam (stay 1)"", ""lat"": 25.637667, ""lng"": 91.888421}]","[{""name"": ""Ishita Nath"", ""phone"": ""+91-7259533463"", ""relation"": ""family""}, {""name"": ""Aditya Sen"", ""phone"": ""+91-9861389112"", ""relation"": ""spouse""}, {""name"": ""Ananya Baishya"", ""phone"": ""+91-7069616612"", ""relation"": ""tour_operator""}]",2026-07-28 05:45:00,2026-08-03 19:45:00,26.178955,91.754902,2026-08-03 06:38:35,79.8,1,active,2026-07-14 00:45:00,route_deviation,Meghalaya Loop
591,STS-E9A7FA047154,Ishita Ghosh,Indian,aadhaar,XXXX-XXXX-1170,+91-8401333246,"[{""name"": ""Wild Mahseer, Balipara (stay 1)"", ""lat"": 26.108204, ""lng"": 91.621232}, {""name"": ""Deepor Beel Wildlife Sanctuary"", ""lat"": 26.12, ""lng"": 91.65}, {""name"": ""Accoland Water Park"", ""lat"": 26.09, ""lng"": 91.59}, {""name"": ""Hotel Rajmahal (stay 2)"", ""lat"": 26.176306, ""lng"": 91.784707}, {""name"": ""Assam State Zoo & Botanical Garden"", ""lat"": 26.178, ""lng"": 91.786}, {""name"": ""Hotel Rajmahal (stay 3)"", ""lat"": 26.230639, ""lng"": 92.085864}, {""name"": ""Pobitora Wildlife Sanctuary"", ""lat"": 26.2333, ""lng"": 92.0833}, {""name"": ""Novotel Guwahati GS Road (stay 4)"", ""lat"": 25.9295, ""lng"": 91.435568}, {""name"": ""Chandubi Lake"", ""lat"": 25.9333, ""lng"": 91.4333}, {""name"": ""En route to Accoland Water Park"", ""lat"": 26.11, ""lng"": 91.63}, {""name"": ""En route to Accoland Water Park"", ""lat"": 26.1, ""lng"": 91.61}, {""name"": ""En route to Wild Mahseer, Balipara (stay 1)"", ""lat"": 26.099102, ""lng"": 91.605616}, {""name"": ""En route to Deepor Beel Wildlife Sanctuary"", ""lat"": 26.114102, ""lng"": 91.635616}]","[{""name"": ""Nabanita Bhattacharya"", ""phone"": ""+91-6297805900"", ""relation"": ""family""}, {""name"": ""Bhaskar Phukan"", ""phone"": ""+91-8846877580"", ""relation"": ""spouse""}]",2026-07-31 07:45:00,2026-08-02 19:45:00,26.230848,92.085648,2026-08-02 06:48:21,82.9,1,active,2026-07-13 18:45:00,normal,Guwahati Nature & Wildlife
592,STS-A7FA3CD5714D,Tanvi Verma,Indian,aadhaar,XXXX-XXXX-8450,+91-6953591507,"[{""name"": ""Ri Kynjai, Umiam (stay 1)"", ""lat"": 26.15305, ""lng"": 91.780184}, {""name"": ""Six Mile"", ""lat"": 26.135, ""lng"": 91.805}, {""name"": ""Dispur Secretariat"", ""lat"": 26.142, ""lng"": 91.79}, {""name"": ""Ganeshguri Junction"", ""lat"": 26.147, ""lng"": 91.79}, {""name"": ""Guwahati Railway Station"", ""lat"": 26.1824, ""lng"": 91.7513}, {""name"": ""Dolma Homestay, Tawang (stay 2)"", ""lat"": 26.105407, ""lng"": 91.581986}, {""name"": ""LGB International Airport"", ""lat"": 26.1061, ""lng"": 91.5859}, {""name"": ""En route to Guwahati Railway Station"", ""lat"": 26.1588, ""lng"": 91.7771}, {""name"": ""En route to Guwahati Railway Station"", ""lat"": 26.1706, ""lng"": 91.7642}, {""name"": ""En route to Ri Kynjai, Umiam (stay 1)"", ""lat"": 26.167725, ""lng"": 91.765742}, {""name"": ""En route to Six Mile"", ""lat"": 26.144025, ""lng"": 91.792592}]","[{""name"": ""Rahul Ghosh"", ""phone"": ""+91-6551183074"", ""relation"": ""family""}]",2026-09-04 09:15:00,2026-09-07 19:15:00,26.10543,91.582211,2026-09-05 18:34:28,72.4,1,active,2026-08-26 15:15:00,normal,Business / Transit Stay
593,STS-705CC7E685FE,Alfie Edwards,British,passport,976036871,+44-8533495976,"[{""name"": ""Hotel Rajmahal (stay 1)"", ""lat"": 24.817066, ""lng"": 93.933523}, {""name"": ""Imphal"", ""lat"": 24.817, ""lng"": 93.9368}, {""name"": ""Dolma Homestay, Tawang (stay 2)"", ""lat"": 25.675494, ""lng"": 94.10948}, {""name"": ""Kohima"", ""lat"": 25.6751, ""lng"": 94.1086}, {""name"": ""Brahmaputra Jungle Resort (stay 3)"", ""lat"": 25.581297, ""lng"": 91.895075}, {""name"": ""Shillong"", ""lat"": 25.5788, ""lng"": 91.8933}]","[{""name"": ""Alfie Walker"", ""phone"": ""+44-1414321673"", ""relation"": ""family""}, {""name"": ""Oliver Baker"", ""phone"": ""+44-3897776996"", ""relation"": ""spouse""}, {""name"": ""Hotel Polo Towers, Shillong Front Desk"", ""phone"": ""+91-8981283965"", ""relation"": ""hotel""}]",2026-08-03 11:15:00,2026-08-17 17:15:00,25.581659,91.894778,2026-08-17 07:00:21,78.2,1,active,2026-08-01 23:15:00,normal,Seven Sisters Grand Tour
594,STS-71072C6B878C,Bhaskar Dutta,Indian,voterid,LLC5374417,+91-9935326565,"[{""name"": ""La Maison de Ananda, Majuli (stay 1)"", ""lat"": 26.1517, ""lng"": 91.785085}, {""name"": ""Six Mile"", ""lat"": 26.135, ""lng"": 91.805}, {""name"": ""Dispur Secretariat"", ""lat"": 26.142, ""lng"": 91.79}, {""name"": ""Ganeshguri Junction"", ""lat"": 26.147, ""lng"": 91.79}, {""name"": ""Guwahati Railway Station"", ""lat"": 26.1824, ""lng"": 91.7513}, {""name"": ""Brahmaputra Jungle Resort (stay 2)"", ""lat"": 26.108567, ""lng"": 91.587023}, {""name"": ""LGB International Airport"", ""lat"": 26.1061, ""lng"": 91.5859}, {""name"": ""En route to Guwahati Railway Station"", ""lat"": 26.1588, ""lng"": 91.7771}, {""name"": ""En route to Guwahati Railway Station"", ""lat"": 26.1706, ""lng"": 91.7642}, {""name"": ""En route to La Maison de Ananda, Majuli (stay 1)"", ""lat"": 26.16705, ""lng"": 91.768192}, {""name"": ""En route to Six Mile"", ""lat"": 26.14335, ""lng"": 91.795042}]","[{""name"": ""Tanvi Kalita"", ""phone"": ""+91-7339197022"", ""relation"": ""family""}, {""name"": ""Dhruv Reddy"", ""phone"": ""+91-9456864862"", ""relation"": ""spouse""}]",2026-07-24 06:15:00,2026-07-25 16:15:00,26.151909,91.7849,2026-07-25 06:47:18,80.2,1,active,2026-07-06 06:15:00,normal,Business / Transit Stay
595,STS-ACEE91904DB3,Divya Nair,Indian,aadhaar,XXXX-XXXX-5454,+91-6176795950,"[{""name"": ""Ri Kynjai, Umiam (stay 1)"", ""lat"": 25.673065, ""lng"": 94.108639}, {""name"": ""Kohima"", ""lat"": 25.6751, ""lng"": 94.1086}, {""name"": ""Radisson Blu Guwahati (stay 2)"", ""lat"": 24.817003, ""lng"": 93.934653}, {""name"": ""Imphal"", ""lat"": 24.817, ""lng"": 93.9368}, {""name"": ""Hotel Dynasty, Lakhtokia (stay 3)"", ""lat"": 26.575523, ""lng"": 93.16716}, {""name"": ""Kaziranga National Park"", ""lat"": 26.5775, ""lng"": 93.1711}, {""name"": ""Hotel Dynasty, Lakhtokia (stay 4)"", ""lat"": 26.106208, ""lng"": 91.585102}, {""name"": ""LGB International Airport"", ""lat"": 26.1061, ""lng"": 91.5859}, {""name"": ""Hotel Polo Towers, Shillong (stay 5)"", ""lat"": 25.578132, ""lng"": 91.896974}, {""name"": ""Shillong"", ""lat"": 25.5788, ""lng"": 91.8933}, {""name"": ""Hotel Rajmahal (stay 6)"", ""lat"": 27.329555, ""lng"": 88.617296}, {""name"": ""Gangtok"", ""lat"": 27.3314, ""lng"": 88.6138}]","[{""name"": ""Dhruv Sharma"", ""phone"": ""+91-8055925736"", ""relation"": ""family""}, {""name"": ""Manish Sharma"", ""phone"": ""+91-7945442565"", ""relation"": ""spouse""}]",2026-07-24 07:00:00,2026-08-06 17:00:00,27.329553,88.616953,2026-08-06 06:54:24,81.8,1,missing,2026-07-11 12:00:00,missing_person,Seven Sisters Grand Tour
596,STS-A4B23109ABFF,Ananya Rajkhowa,Indian,aadhaar,XXXX-XXXX-1100,+91-9745794041,"[{""name"": ""Brahmaputra Jungle Resort (stay 1)"", ""lat"": 25.579558, ""lng"": 91.892138}, {""name"": ""Shillong"", ""lat"": 25.5788, ""lng"": 91.8933}, {""name"": ""Hotel Polo Towers, Shillong (stay 2)"", ""lat"": 25.293308, ""lng"": 91.679289}, {""name"": ""Cherrapunji (Sohra)"", ""lat"": 25.2912, ""lng"": 91.6783}, {""name"": ""Hotel Dynasty, Lakhtokia (stay 3)"", ""lat"": 25.190615, ""lng"": 92.019743}, {""name"": ""Dawki / Umngot River"", ""lat"": 25.19, ""lng"": 92.02}]","[{""name"": ""Kavya Sen"", ""phone"": ""+91-9788385084"", ""relation"": ""family""}, {""name"": ""Pooja Rajkhowa"", ""phone"": ""+91-8766993771"", ""relation"": ""spouse""}]",2026-07-29 11:45:00,2026-08-04 18:45:00,25.190692,92.019639,2026-08-04 06:58:31,37.9,1,active,2026-07-22 13:45:00,normal,Meghalaya Loop
597,STS-94921C47DD74,Sneha Dutta,Indian,aadhaar,XXXX-XXXX-7109,+91-7561268227,"[{""name"": ""Hotel Polo Towers, Shillong (stay 1)"", ""lat"": 26.575727, ""lng"": 93.171658}, {""name"": ""Kaziranga National Park"", ""lat"": 26.5775, ""lng"": 93.1711}, {""name"": ""Ri Kynjai, Umiam (stay 2)"", ""lat"": 26.63593, ""lng"": 92.801081}, {""name"": ""Tezpur"", ""lat"": 26.6338, ""lng"": 92.8}, {""name"": ""Kiranshree Portico (stay 3)"", ""lat"": 26.922093, ""lng"": 92.880496}, {""name"": ""Nameri National Park"", ""lat"": 26.92, ""lng"": 92.88}, {""name"": ""La Maison de Ananda, Majuli (stay 4)"", ""lat"": 26.750232, ""lng"": 94.202569}, {""name"": ""Jorhat"", ""lat"": 26.7509, ""lng"": 94.2037}, {""name"": ""Ri Kynjai, Umiam (stay 5)"", ""lat"": 26.109499, ""lng"": 91.587581}, {""name"": ""LGB International Airport"", ""lat"": 26.1061, ""lng"": 91.5859}]","[{""name"": ""Hemanta Sharma"", ""phone"": ""+91-9282591126"", ""relation"": ""family""}, {""name"": ""Tanvi Patel"", ""phone"": ""+91-6119494158"", ""relation"": ""spouse""}, {""name"": ""Priya Deka"", ""phone"": ""+91-7653328422"", ""relation"": ""colleague""}]",2026-08-07 05:00:00,2026-08-14 17:00:00,26.109143,91.587626,2026-08-14 06:48:07,82.3,1,active,2026-07-28 10:00:00,normal,Upper Assam Wildlife Trail
598,STS-A41E218DB8AE,Divya Kumar,Indian,aadhaar,XXXX-XXXX-4465,+91-9423269324,"[{""name"": ""Ri Kynjai, Umiam (stay 1)"", ""lat"": 26.636126, ""lng"": 92.801564}, {""name"": ""Tezpur"", ""lat"": 26.6338, ""lng"": 92.8}, {""name"": ""Diphlu River Lodge, Kaziranga (stay 2)"", ""lat"": 26.578605, ""lng"": 93.170047}, {""name"": ""Kaziranga National Park"", ""lat"": 26.5775, ""lng"": 93.1711}, {""name"": ""La Maison de Ananda, Majuli (stay 3)"", ""lat"": 26.749476, ""lng"": 94.205471}, {""name"": ""Jorhat"", ""lat"": 26.7509, ""lng"": 94.2037}, {""name"": ""Kiranshree Portico (stay 4)"", ""lat"": 26.983166, ""lng"": 94.640252}, {""name"": ""Sivasagar"", ""lat"": 26.9826, ""lng"": 94.6425}, {""name"": ""Radisson Blu Guwahati (stay 5)"", ""lat"": 26.103315, ""lng"": 91.585203}, {""name"": ""LGB International Airport"", ""lat"": 26.1061, ""lng"": 91.5859}]","[{""name"": ""Manish Saikia"", ""phone"": ""+91-9981465112"", ""relation"": ""family""}, {""name"": ""Simanta Patel"", ""phone"": ""+91-9478901118"", ""relation"": ""spouse""}]",2026-08-04 11:00:00,2026-08-15 13:00:00,26.103621,91.584873,2026-08-15 06:48:27,81.9,1,active,2026-08-03 00:00:00,normal,Upper Assam Wildlife Trail
599,STS-7F71D4860C26,Aarav Patel,Indian,pan,UHNDC4567V,+91-9676513220,"[{""name"": ""Dolma Homestay, Tawang (stay 1)"", ""lat"": 26.155165, ""lng"": 91.78187}, {""name"": ""Six Mile"", ""lat"": 26.135, ""lng"": 91.805}, {""name"": ""Dispur Secretariat"", ""lat"": 26.142, ""lng"": 91.79}, {""name"": ""Ganeshguri Junction"", ""lat"": 26.147, ""lng"": 91.79}, {""name"": ""Guwahati Railway Station"", ""lat"": 26.1824, ""lng"": 91.7513}, {""name"": ""Ginger Guwahati (stay 2)"", ""lat"": 26.107613, ""lng"": 91.587722}, {""name"": ""LGB International Airport"", ""lat"": 26.1061, ""lng"": 91.5859}, {""name"": ""En route to Guwahati Railway Station"", ""lat"": 26.1588, ""lng"": 91.7771}, {""name"": ""En route to Guwahati Railway Station"", ""lat"": 26.1706, ""lng"": 91.7642}, {""name"": ""En route to Dolma Homestay, Tawang (stay 1)"", ""lat"": 26.168782, ""lng"": 91.766585}, {""name"": ""En route to Six Mile"", ""lat"": 26.145083, ""lng"": 91.793435}]","[{""name"": ""Pranjal Das"", ""phone"": ""+91-8019902517"", ""relation"": ""family""}, {""name"": ""Hemanta Sharma"", ""phone"": ""+91-8207721677"", ""relation"": ""spouse""}]",2026-09-07 06:45:00,2026-09-09 10:45:00,,,,100.0,0,active,2026-08-18 07:45:00,night_wanderer,Business / Transit Stay
600,STS-23C1851AC689,Simanta Nath,Indian,pan,DJNVN5613N,+91-8025941624,"[{""name"": ""Wild Mahseer, Balipara (stay 1)"", ""lat"": 23.729429, ""lng"": 92.714025}, {""name"": ""Aizawl"", ""lat"": 23.7271, ""lng"": 92.7176}, {""name"": ""Ginger Guwahati (stay 2)"", ""lat"": 23.832012, ""lng"": 91.290035}, {""name"": ""Agartala"", ""lat"": 23.8315, ""lng"": 91.2868}, {""name"": ""Hotel Polo Towers, Shillong (stay 3)"", ""lat"": 26.108109, ""lng"": 91.58795}, {""name"": ""LGB International Airport"", ""lat"": 26.1061, ""lng"": 91.5859}, {""name"": ""Diphlu River Lodge, Kaziranga (stay 4)"", ""lat"": 26.575911, ""lng"": 93.168633}, {""name"": ""Kaziranga National Park"", ""lat"": 26.5775, ""lng"": 93.1711}, {""name"": ""Diphlu River Lodge, Kaziranga (stay 5)"", ""lat"": 25.67281, ""lng"": 94.108581}, {""name"": ""Kohima"", ""lat"": 25.6751, ""lng"": 94.1086}, {""name"": ""Dolma Homestay, Tawang (stay 6)"", ""lat"": 27.330578, ""lng"": 88.610223}, {""name"": ""Gangtok"", ""lat"": 27.3314, ""lng"": 88.6138}]","[{""name"": ""Ishita Sen"", ""phone"": ""+91-6543751803"", ""relation"": ""family""}, {""name"": ""Dhruv Bora"", ""phone"": ""+91-6372761999"", ""relation"": ""spouse""}]",2026-08-23 07:45:00,2026-09-03 19:45:00,27.330464,88.610403,2026-09-03 06:32:19,83.4,0,active,2026-08-19 17:45:00,normal,Seven Sisters Grand Tour
601,STS-B457264F29E7,Jayanta Iyer,Indian,aadhaar,XXXX-XXXX-6197,+91-8198585734,"[{""name"": ""Hotel Rajmahal (stay 1)"", ""lat"": 26.106865, ""lng"": 91.589447}, {""name"": ""LGB International Airport"", ""lat"": 26.1061, ""lng"": 91.5859}, {""name"": ""Dolma Homestay, Tawang (stay 2)"", ""lat"": 26.141166, ""lng"": 91.792066}, {""name"": ""Dispur Secretariat"", ""lat"": 26.142, ""lng"": 91.79}, {""name"": ""Ganeshguri Junction"", ""lat"": 26.147, ""lng"": 91.79}]","[{""name"": ""Pranjal Kalita"", ""phone"": ""+91-9258524124"", ""relation"": ""family""}, {""name"": ""Simanta Medhi"", ""phone"": ""+91-9335385420"", ""relation"": ""spouse""}]",2026-08-24 09:15:00,2026-08-27 16:15:00,26.140805,91.791725,2026-08-28 06:35:06,78.9,0,active,2026-08-14 05:15:00,night_wanderer,Business / Transit Stay
602,STS-FD70A863811F,Vikram Singh,Indian,aadhaar,XXXX-XXXX-4876,+91-6700316124,"[{""name"": ""Diphlu River Lodge, Kaziranga (stay 1)"", ""lat"": 26.187903, ""lng"": 91.748993}, {""name"": ""Dighalipukhuri"", ""lat"": 26.1861, ""lng"": 91.7503}, {""name"": ""Assam State Museum"", ""lat"": 26.1857, ""lng"": 91.7481}, {""name"": ""Pan Bazaar"", ""lat"": 26.1856, ""lng"": 91.7455}, {""name"": ""Fancy Bazaar"", ""lat"": 26.1836, ""lng"": 91.7434}, {""name"": ""Umananda Island"", ""lat"": 26.1964, ""lng"": 91.7453}, {""name"": ""Guwahati Planetarium"", ""lat"": 26.1856, ""lng"": 91.7625}]","[{""name"": ""Manish Kalita"", ""phone"": ""+91-9091365724"", ""relation"": ""family""}, {""name"": ""Ishita Kalita"", ""phone"": ""+91-9635538575"", ""relation"": ""spouse""}, {""name"": ""Parag Baishya"", ""phone"": ""+91-7634366446"", ""relation"": ""friend""}]",2026-09-02 06:30:00,2026-09-06 08:30:00,26.187615,91.749205,2026-09-05 18:30:36,72.3,0,active,2026-08-17 05:30:00,normal,Guwahati City Break
603,STS-E7CEB5E4D166,Kabir Gogoi,Indian,aadhaar,XXXX-XXXX-9260,+91-8259541324,"[{""name"": ""Hotel Rajmahal (stay 1)"", ""lat"": 26.105282, ""lng"": 91.584098}, {""name"": ""LGB International Airport"", ""lat"": 26.1061, ""lng"": 91.5859}, {""name"": ""Hotel Rajmahal (stay 2)"", ""lat"": 26.917392, ""lng"": 92.879991}, {""name"": ""Nameri National Park"", ""lat"": 26.92, ""lng"": 92.88}, {""name"": ""Ri Kynjai, Umiam (stay 3)"", ""lat"": 26.576694, ""lng"": 93.169792}, {""name"": ""Kaziranga National Park"", ""lat"": 26.5775, ""lng"": 93.1711}, {""name"": ""Kiranshree Portico (stay 4)"", ""lat"": 26.752691, ""lng"": 94.205014}, {""name"": ""Jorhat"", ""lat"": 26.7509, ""lng"": 94.2037}, {""name"": ""Dolma Homestay, Tawang (stay 5)"", ""lat"": 26.951011, ""lng"": 94.170341}, {""name"": ""Majuli River Island"", ""lat"": 26.95, ""lng"": 94.17}, {""name"": ""Vivanta Guwahati (stay 6)"", ""lat"": 26.979757, ""lng"": 94.643166}, {""name"": ""Sivasagar"", ""lat"": 26.9826, ""lng"": 94.6425}]","[{""name"": ""Riya Barua"", ""phone"": ""+91-7615002007"", ""relation"": ""family""}, {""name"": ""Rahul Dutta"", ""phone"": ""+91-8481726877"", ""relation"": ""spouse""}]",2026-08-30 11:45:00,2026-09-10 16:45:00,26.979681,94.643342,2026-09-05 18:17:19,70.8,1,active,2026-08-13 17:45:00,normal,Upper Assam Wildlife Trail
604,STS-49D5A78506BE,Kenji Tanaka,Japanese,passport,TK0566860,+81-9189529880,"[{""name"": ""Hotel Rajmahal (stay 1)"", ""lat"": 26.25238, ""lng"": 91.51291}, {""name"": ""Hajo Pilgrimage Town"", ""lat"": 26.25, ""lng"": 91.5167}, {""name"": ""Vivanta Guwahati (stay 2)"", ""lat"": 26.137842, ""lng"": 91.754878}, {""name"": ""Kamakhya Temple"", ""lat"": 26.1664, ""lng"": 91.7055}, {""name"": ""Basistha Temple"", ""lat"": 26.1132, ""lng"": 91.797}, {""name"": ""En route to Basistha Temple"", ""lat"": 26.15576, ""lng"": 91.7238}, {""name"": ""En route to Basistha Temple"", ""lat"": 26.14512, ""lng"": 91.7421}, {""name"": ""En route to Basistha Temple"", ""lat"": 26.13448, ""lng"": 91.7604}, {""name"": ""En route to Basistha Temple"", ""lat"": 26.12384, ""lng"": 91.7787}, {""name"": ""En route to Kamakhya Temple"", ""lat"": 26.147361, ""lng"": 91.738419}, {""name"": ""En route to Kamakhya Temple"", ""lat"": 26.156881, ""lng"": 91.721959}, {""name"": ""En route to Vivanta Guwahati (stay 2)"", ""lat"": 26.121414, ""lng"": 91.782959}, {""name"": ""En route to Vivanta Guwahati (stay 2)"", ""lat"": 26.129628, ""lng"": 91.768919}]","[{""name"": ""Aoi Suzuki"", ""phone"": ""+81-4344272044"", ""relation"": ""family""}, {""name"": ""Kenji Suzuki"", ""phone"": ""+81-3311145475"", ""relation"": ""spouse""}]",2026-07-25 05:15:00,2026-07-28 10:15:00,26.138175,91.755172,2026-07-28 06:57:03,80.5,0,active,2026-07-06 10:15:00,normal,Guwahati Pilgrimage Circuit
605,STS-C3035E18CDA8,Priya Kumar,Indian,aadhaar,XXXX-XXXX-9380,+91-6984835662,"[{""name"": ""Radisson Blu Guwahati (stay 1)"", ""lat"": 25.930471, ""lng"": 91.435714}, {""name"": ""Chandubi Lake"", ""lat"": 25.9333, ""lng"": 91.4333}, {""name"": ""Vivanta Guwahati (stay 2)"", ""lat"": 26.108346, ""lng"": 91.617105}, {""name"": ""Accoland Water Park"", ""lat"": 26.09, ""lng"": 91.59}, {""name"": ""Deepor Beel Wildlife Sanctuary"", ""lat"": 26.12, ""lng"": 91.65}, {""name"": ""Vivanta Guwahati (stay 3)"", ""lat"": 26.181365, ""lng"": 91.785996}, {""name"": ""Assam State Zoo & Botanical Garden"", ""lat"": 26.178, ""lng"": 91.786}, {""name"": ""Wild Mahseer, Balipara (stay 4)"", ""lat"": 26.235251, ""lng"": 92.086898}, {""name"": ""Pobitora Wildlife Sanctuary"", ""lat"": 26.2333, ""lng"": 92.0833}, {""name"": ""En route to Deepor Beel Wildlife Sanctuary"", ""lat"": 26.1, ""lng"": 91.61}, {""name"": ""En route to Deepor Beel Wildlife Sanctuary"", ""lat"": 26.11, ""lng"": 91.63}, {""name"": ""En route to Vivanta Guwahati (stay 2)"", ""lat"": 26.114173, ""lng"": 91.633553}, {""name"": ""En route to Accoland Water Park"", ""lat"": 26.099173, ""lng"": 91.603553}]","[{""name"": ""Kavya Kumar"", ""phone"": ""+91-7278929302"", ""relation"": ""family""}, {""name"": ""Rohan Nath"", ""phone"": ""+91-9093847905"", ""relation"": ""spouse""}]",2026-08-01 06:00:00,2026-08-06 15:00:00,26.235016,92.086847,2026-08-06 06:46:14,81.2,1,active,2026-07-19 10:00:00,normal,Guwahati Nature & Wildlife
606,STS-6719BA4D88EC,Ananya Mishra,Indian,aadhaar,XXXX-XXXX-3325,+91-6582486070,"[{""name"": ""Hotel Polo Towers, Shillong (stay 1)"", ""lat"": 26.181788, ""lng"": 91.783356}, {""name"": ""Assam State Zoo & Botanical Garden"", ""lat"": 26.178, ""lng"": 91.786}, {""name"": ""Brahmaputra Jungle Resort (stay 2)"", ""lat"": 26.102996, ""lng"": 91.623226}, {""name"": ""Deepor Beel Wildlife Sanctuary"", ""lat"": 26.12, ""lng"": 91.65}, {""name"": ""Accoland Water Park"", ""lat"": 26.09, ""lng"": 91.59}, {""name"": ""Novotel Guwahati GS Road (stay 3)"", ""lat"": 25.931986, ""lng"": 91.431313}, {""name"": ""Chandubi Lake"", ""lat"": 25.9333, ""lng"": 91.4333}, {""name"": ""Diphlu River Lodge, Kaziranga (stay 4)"", ""lat"": 26.231425, ""lng"": 92.085428}, {""name"": ""Pobitora Wildlife Sanctuary"", ""lat"": 26.2333, ""lng"": 92.0833}, {""name"": ""En route to Accoland Water Park"", ""lat"": 26.11, ""lng"": 91.63}, {""name"": ""En route to Accoland Water Park"", ""lat"": 26.1, ""lng"": 91.61}, {""name"": ""En route to Brahmaputra Jungle Resort (stay 2)"", ""lat"": 26.096498, ""lng"": 91.606613}, {""name"": ""En route to Deepor Beel Wildlife Sanctuary"", ""lat"": 26.111498, ""lng"": 91.636613}]","[{""name"": ""Jayanta Kalita"", ""phone"": ""+91-7396524244"", ""relation"": ""family""}]",2026-08-09 08:30:00,2026-08-12 17:30:00,25.931632,91.431284,2026-08-12 06:36:16,81.6,1,active,2026-07-18 12:30:00,normal,Guwahati Nature & Wildlife
607,STS-6685FD1660C4,Nabanita Baishya,Indian,passport,Z1053331,+91-8830667836,"[{""name"": ""Novotel Guwahati GS Road (stay 1)"", ""lat"": 26.986006, ""lng"": 94.645042}, {""name"": ""Sivasagar"", ""lat"": 26.9826, ""lng"": 94.6425}, {""name"": ""Kiranshree Portico (stay 2)"", ""lat"": 26.952709, ""lng"": 94.168742}, {""name"": ""Majuli River Island"", ""lat"": 26.95, ""lng"": 94.17}, {""name"": ""Radisson Blu Guwahati (stay 3)"", ""lat"": 26.748338, ""lng"": 94.207416}, {""name"": ""Jorhat"", ""lat"": 26.7509, ""lng"": 94.2037}, {""name"": ""Radisson Blu Guwahati (stay 4)"", ""lat"": 26.575836, ""lng"": 93.170063}, {""name"": ""Kaziranga National Park"", ""lat"": 26.5775, ""lng"": 93.1711}, {""name"": ""Ri Kynjai, Umiam (stay 5)"", ""lat"": 26.631211, ""lng"": 92.803819}, {""name"": ""Tezpur"", ""lat"": 26.6338, ""lng"": 92.8}, {""name"": ""Ginger Guwahati (stay 6)"", ""lat"": 26.916488, ""lng"": 92.883528}, {""name"": ""Nameri National Park"", ""lat"": 26.92, ""lng"": 92.88}]","[{""name"": ""Divya Deka"", ""phone"": ""+91-8386511421"", ""relation"": ""family""}, {""name"": ""Pranjal Kalita"", ""phone"": ""+91-8727535076"", ""relation"": ""spouse""}]",2026-08-25 11:30:00,2026-09-04 17:30:00,26.916129,92.883343,2026-09-04 06:33:00,81.1,1,active,2026-08-10 09:30:00,sos_panic,Upper Assam Wildlife Trail
608,STS-DAE049CFFCDB,Arjun Phukan,Indian,aadhaar,XXXX-XXXX-7230,+91-7361005486,"[{""name"": ""Novotel Guwahati GS Road (stay 1)"", ""lat"": 26.170199, ""lng"": 91.568529}, {""name"": ""Sualkuchi Silk Village"", ""lat"": 26.1667, ""lng"": 91.5667}, {""name"": ""Brahmaputra Jungle Resort (stay 2)"", ""lat"": 26.186864, ""lng"": 91.748655}, {""name"": ""Pan Bazaar"", ""lat"": 26.1856, ""lng"": 91.7455}, {""name"": ""Paltan Bazaar"", ""lat"": 26.1817, ""lng"": 91.7503}, {""name"": ""Uzan Bazar Ghat"", ""lat"": 26.19, ""lng"": 91.759}]","[{""name"": ""Bishal Hazarika"", ""phone"": ""+91-7322423041"", ""relation"": ""family""}, {""name"": ""Rahul Nair"", ""phone"": ""+91-7458426168"", ""relation"": ""spouse""}, {""name"": ""Anurag Sharma"", ""phone"": ""+91-8239756378"", ""relation"": ""friend""}, {""name"": ""Chandana Bora"", ""phone"": ""+91-6993235035"", ""relation"": ""embassy""}]",2026-08-30 07:00:00,2026-09-03 09:00:00,26.186957,91.748922,2026-09-03 07:06:49,79.4,1,active,2026-08-21 15:00:00,route_deviation,Guwahati Market & Heritage Walk
609,STS-3B327C909D24,Shakib Uddin,Bangladeshi,passport,BX3636969,+880-6166132900,"[{""name"": ""La Maison de Ananda, Majuli (stay 1)"", ""lat"": 25.620469, ""lng"": 91.894377}, {""name"": ""Umiam Lake"", ""lat"": 25.657, ""lng"": 91.889}, {""name"": ""Shillong"", ""lat"": 25.5788, ""lng"": 91.8933}, {""name"": ""Hotel Polo Towers, Shillong (stay 2)"", ""lat"": 25.277922, ""lng"": 91.683417}, {""name"": ""Nohkalikai Falls"", ""lat"": 25.276, ""lng"": 91.6857}, {""name"": ""Ri Kynjai, Umiam (stay 3)"", ""lat"": 26.186064, ""lng"": 91.749081}, {""name"": ""Guwahati Railway Station"", ""lat"": 26.1824, ""lng"": 91.7513}, {""name"": ""En route to Shillong"", ""lat"": 25.63745, ""lng"": 91.890075}, {""name"": ""En route to Shillong"", ""lat"": 25.6179, ""lng"": 91.89115}, {""name"": ""En route to Shillong"", ""lat"": 25.59835, ""lng"": 91.892225}, {""name"": ""En route to La Maison de Ananda, Majuli (stay 1)"", ""lat"": 25.599635, ""lng"": 91.893839}, {""name"": ""En route to Umiam Lake"", ""lat"": 25.638734, ""lng"": 91.891689}]","[{""name"": ""Imran Ahmed"", ""phone"": ""+880-9637879381"", ""relation"": ""family""}, {""name"": ""Sabina Khan"", ""phone"": ""+880-1071901001"", ""relation"": ""spouse""}]",2026-08-03 06:00:00,2026-08-12 16:00:00,26.185776,91.748737,2026-08-12 06:49:57,80.8,1,active,2026-07-13 11:00:00,normal,Meghalaya Loop
610,STS-872DE1F95EA8,Arjun Gogoi,Indian,aadhaar,XXXX-XXXX-9785,+91-7703110254,"[{""name"": ""Hotel Dynasty, Lakhtokia (stay 1)"", ""lat"": 24.818907, ""lng"": 93.934978}, {""name"": ""Imphal"", ""lat"": 24.817, ""lng"": 93.9368}, {""name"": ""Diphlu River Lodge, Kaziranga (stay 2)"", ""lat"": 25.678079, ""lng"": 94.11156}, {""name"": ""Kohima"", ""lat"": 25.6751, ""lng"": 94.1086}, {""name"": ""Radisson Blu Guwahati (stay 3)"", ""lat"": 26.578619, ""lng"": 93.174495}, {""name"": ""Kaziranga National Park"", ""lat"": 26.5775, ""lng"": 93.1711}, {""name"": ""Ygdrasill Bamboo Resort, Cherrapunji (stay 4)"", ""lat"": 26.108071, ""lng"": 91.588744}, {""name"": ""LGB International Airport"", ""lat"": 26.1061, ""lng"": 91.5859}, {""name"": ""Kiranshree Portico (stay 5)"", ""lat"": 23.834765, ""lng"": 91.286265}, {""name"": ""Agartala"", ""lat"": 23.8315, ""lng"": 91.2868}]","[{""name"": ""Pranjal Barua"", ""phone"": ""+91-9617838126"", ""relation"": ""family""}, {""name"": ""Bishal Saikia"", ""phone"": ""+91-6566731544"", ""relation"": ""spouse""}]",2026-08-06 08:45:00,2026-08-16 12:45:00,23.834557,91.286239,2026-08-16 06:30:38,77.6,1,active,2026-07-15 16:45:00,normal,Seven Sisters Grand Tour
611,STS-2EF667A3DDE2,Jiwoo Kim,Korean,passport,M91436703,+82-1809392954,"[{""name"": ""Dolma Homestay, Tawang (stay 1)"", ""lat"": 26.186235, ""lng"": 91.752831}, {""name"": ""Guwahati Railway Station"", ""lat"": 26.1824, ""lng"": 91.7513}, {""name"": ""Wild Mahseer, Balipara (stay 2)"", ""lat"": 26.634853, ""lng"": 92.800542}, {""name"": ""Tezpur"", ""lat"": 26.6338, ""lng"": 92.8}, {""name"": ""Kiranshree Portico (stay 3)"", ""lat"": 27.585081, ""lng"": 91.859357}, {""name"": ""Tawang Monastery"", ""lat"": 27.5861, ""lng"": 91.8594}, {""name"": ""Hotel Polo Towers, Shillong (stay 4)"", ""lat"": 27.542683, ""lng"": 93.831199}, {""name"": ""Ziro Valley"", ""lat"": 27.5448, ""lng"": 93.832}]","[{""name"": ""Doyun Lee"", ""phone"": ""+82-1494728936"", ""relation"": ""family""}, {""name"": ""Hayoon Park"", ""phone"": ""+82-8045483506"", ""relation"": ""spouse""}]",2026-08-11 05:45:00,2026-08-25 19:45:00,27.542638,93.830938,2026-08-25 07:08:32,80.7,1,active,2026-08-06 19:45:00,normal,Arunachal High Himalaya
612,STS-21AB00FD08BD,Mridula Phukan,Indian,aadhaar,XXXX-XXXX-1572,+91-6693513017,"[{""name"": ""Novotel Guwahati GS Road (stay 1)"", ""lat"": 26.102403, ""lng"": 91.585655}, {""name"": ""LGB International Airport"", ""lat"": 26.1061, ""lng"": 91.5859}, {""name"": ""Kiranshree Portico (stay 2)"", ""lat"": 26.153353, ""lng"": 91.782043}, {""name"": ""Guwahati Railway Station"", ""lat"": 26.1824, ""lng"": 91.7513}, {""name"": ""Ganeshguri Junction"", ""lat"": 26.147, ""lng"": 91.79}, {""name"": ""Six Mile"", ""lat"": 26.135, ""lng"": 91.805}, {""name"": ""En route to Ganeshguri Junction"", ""lat"": 26.1706, ""lng"": 91.7642}, {""name"": ""En route to Ganeshguri Junction"", ""lat"": 26.1588, ""lng"": 91.7771}, {""name"": ""En route to Guwahati Railway Station"", ""lat"": 26.167876, ""lng"": 91.766672}, {""name"": ""En route to Kiranshree Portico (stay 2)"", ""lat"": 26.144177, ""lng"": 91.793521}]","[{""name"": ""Rupam Sharma"", ""phone"": ""+91-9363416700"", ""relation"": ""family""}, {""name"": ""Junmoni Kumar"", ""phone"": ""+91-8226176729"", ""relation"": ""spouse""}, {""name"": ""Pranjal Bora"", ""phone"": ""+91-7087505348"", ""relation"": ""sibling""}, {""name"": ""La Maison de Ananda, Majuli Front Desk"", ""phone"": ""+91-8292225415"", ""relation"": ""hotel""}]",2026-07-27 05:00:00,2026-07-28 08:00:00,26.102128,91.585589,2026-07-28 06:48:31,80.3,1,active,2026-07-09 23:00:00,normal,Business / Transit Stay
613,STS-32B3853E8F1B,Emily Johnson,American,passport,283958767,+1-7585902759,"[{""name"": ""Vivanta Guwahati (stay 1)"", ""lat"": 25.578322, ""lng"": 91.895182}, {""name"": ""Shillong"", ""lat"": 25.5788, ""lng"": 91.8933}, {""name"": ""Radisson Blu Guwahati (stay 2)"", ""lat"": 26.580347, ""lng"": 93.174512}, {""name"": ""Kaziranga National Park"", ""lat"": 26.5775, ""lng"": 93.1711}, {""name"": ""Ri Kynjai, Umiam (stay 3)"", ""lat"": 25.677563, ""lng"": 94.107656}, {""name"": ""Kohima"", ""lat"": 25.6751, ""lng"": 94.1086}, {""name"": ""Hotel Dynasty, Lakhtokia (stay 4)"", ""lat"": 27.334916, ""lng"": 88.613206}, {""name"": ""Gangtok"", ""lat"": 27.3314, ""lng"": 88.6138}]","[{""name"": ""Jessica Brown"", ""phone"": ""+1-4898280121"", ""relation"": ""family""}, {""name"": ""Ashley Rodriguez"", ""phone"": ""+1-1436538565"", ""relation"": ""spouse""}]",2026-08-16 07:00:00,2026-09-03 21:00:00,27.334762,88.613357,2026-09-03 06:35:36,82.6,1,active,2026-08-13 18:00:00,normal,Seven Sisters Grand Tour
614,STS-A5FF3C094044,Anjali Bora,Indian,voterid,PPC7342159,+91-7540049480,"[{""name"": ""Ginger Guwahati (stay 1)"", ""lat"": 26.154762, ""lng"": 91.778464}, {""name"": ""Dispur Secretariat"", ""lat"": 26.142, ""lng"": 91.79}, {""name"": ""Six Mile"", ""lat"": 26.135, ""lng"": 91.805}, {""name"": ""Guwahati Railway Station"", ""lat"": 26.1824, ""lng"": 91.7513}, {""name"": ""En route to Guwahati Railway Station"", ""lat"": 26.14685, ""lng"": 91.791575}, {""name"": ""En route to Guwahati Railway Station"", ""lat"": 26.1587, ""lng"": 91.77815}, {""name"": ""En route to Guwahati Railway Station"", ""lat"": 26.17055, ""lng"": 91.764725}, {""name"": ""En route to Ginger Guwahati (stay 1)"", ""lat"": 26.168581, ""lng"": 91.764882}]","[{""name"": ""Anjali Patel"", ""phone"": ""+91-6765358181"", ""relation"": ""family""}, {""name"": ""Rupam Reddy"", ""phone"": ""+91-7080191339"", ""relation"": ""spouse""}]",2026-09-06 10:00:00,2026-09-09 14:00:00,,,,100.0,1,active,2026-08-21 10:00:00,abduction_pattern,Business / Transit Stay
615,STS-56BEE7144389,Siddharth Bora,Indian,passport,Z5031825,+91-6897491149,"[{""name"": ""Dolma Homestay, Tawang (stay 1)"", ""lat"": 26.635228, ""lng"": 92.799453}, {""name"": ""Tezpur"", ""lat"": 26.6338, ""lng"": 92.8}, {""name"": ""Novotel Guwahati GS Road (stay 2)"", ""lat"": 26.186196, ""lng"": 91.751748}, {""name"": ""Guwahati Railway Station"", ""lat"": 26.1824, ""lng"": 91.7513}, {""name"": ""Novotel Guwahati GS Road (stay 3)"", ""lat"": 27.587765, ""lng"": 91.862332}, {""name"": ""Tawang Monastery"", ""lat"": 27.5861, ""lng"": 91.8594}, {""name"": ""Novotel Guwahati GS Road (stay 4)"", ""lat"": 27.544726, ""lng"": 93.829542}, {""name"": ""Ziro Valley"", ""lat"": 27.5448, ""lng"": 93.832}]","[{""name"": ""Nikhil Reddy"", ""phone"": ""+91-8541815335"", ""relation"": ""family""}, {""name"": ""Ishita Iyer"", ""phone"": ""+91-6343200829"", ""relation"": ""spouse""}, {""name"": ""Sneha Saikia"", ""phone"": ""+91-7901606620"", ""relation"": ""embassy""}]",2026-08-26 05:45:00,2026-09-08 18:45:00,27.545038,93.82985,2026-09-05 06:35:29,81.4,1,active,2026-08-16 02:45:00,night_wanderer,Arunachal High Himalaya
616,STS-A291CA239FA0,Gitanjali Hazarika,Indian,aadhaar,XXXX-XXXX-3592,+91-9595834241,"[{""name"": ""Hotel Nandan (stay 1)"", ""lat"": 26.116247, ""lng"": 91.651204}, {""name"": ""Deepor Beel Wildlife Sanctuary"", ""lat"": 26.12, ""lng"": 91.65}, {""name"": ""Ginger Guwahati (stay 2)"", ""lat"": 26.179563, ""lng"": 91.786566}, {""name"": ""Assam State Zoo & Botanical Garden"", ""lat"": 26.178, ""lng"": 91.786}, {""name"": ""Ri Kynjai, Umiam (stay 3)"", ""lat"": 25.929676, ""lng"": 91.430471}, {""name"": ""Chandubi Lake"", ""lat"": 25.9333, ""lng"": 91.4333}]","[{""name"": ""Sneha Mishra"", ""phone"": ""+91-8965515421"", ""relation"": ""family""}, {""name"": ""Tanvi Iyer"", ""phone"": ""+91-8196511423"", ""relation"": ""spouse""}, {""name"": ""Hemanta Verma"", ""phone"": ""+91-8497864467"", ""relation"": ""parent""}]",2026-08-23 10:45:00,2026-08-28 21:45:00,25.929522,91.430604,2026-08-28 06:31:51,80.0,1,active,2026-08-17 12:45:00,route_deviation,Guwahati Nature & Wildlife
617,STS-62E38A46C5F9,Tanvi Das,Indian,aadhaar,XXXX-XXXX-7835,+91-9840373209,"[{""name"": ""Vivanta Guwahati (stay 1)"", ""lat"": 26.178807, ""lng"": 91.756947}, {""name"": ""Uzan Bazar Ghat"", ""lat"": 26.19, ""lng"": 91.759}, {""name"": ""Paltan Bazaar"", ""lat"": 26.1817, ""lng"": 91.7503}, {""name"": ""Pan Bazaar"", ""lat"": 26.1856, ""lng"": 91.7455}, {""name"": ""Fancy Bazaar"", ""lat"": 26.1836, ""lng"": 91.7434}, {""name"": ""Srimanta Sankaradeva Kalakshetra"", ""lat"": 26.144, ""lng"": 91.8058}, {""name"": ""En route to Srimanta Sankaradeva Kalakshetra"", ""lat"": 26.1737, ""lng"": 91.759}, {""name"": ""En route to Srimanta Sankaradeva Kalakshetra"", ""lat"": 26.1638, ""lng"": 91.7746}, {""name"": ""En route to Srimanta Sankaradeva Kalakshetra"", ""lat"": 26.1539, ""lng"": 91.7902}, {""name"": ""En route to Vivanta Guwahati (stay 1)"", ""lat"": 26.155602, ""lng"": 91.789516}, {""name"": ""En route to Vivanta Guwahati (stay 1)"", ""lat"": 26.167205, ""lng"": 91.773231}]","[{""name"": ""Hemanta Das"", ""phone"": ""+91-9827957599"", ""relation"": ""family""}, {""name"": ""Pooja Deka"", ""phone"": ""+91-8675948334"", ""relation"": ""spouse""}, {""name"": ""Arjun Nair"", ""phone"": ""+91-9803474712"", ""relation"": ""embassy""}]",2026-09-02 11:00:00,2026-09-04 17:00:00,26.178522,91.756974,2026-09-04 06:32:40,81.5,1,active,2026-09-01 15:00:00,normal,Guwahati Market & Heritage Walk
618,STS-8152DCEBB4CF,Jayanta Phukan,Indian,passport,Z6585327,+91-6334901557,"[{""name"": ""Hotel Dynasty, Lakhtokia (stay 1)"", ""lat"": 24.815043, ""lng"": 93.937308}, {""name"": ""Imphal"", ""lat"": 24.817, ""lng"": 93.9368}, {""name"": ""La Maison de Ananda, Majuli (stay 2)"", ""lat"": 26.577032, ""lng"": 93.167234}, {""name"": ""Kaziranga National Park"", ""lat"": 26.5775, ""lng"": 93.1711}, {""name"": ""Vivanta Guwahati (stay 3)"", ""lat"": 25.579266, ""lng"": 91.896223}, {""name"": ""Shillong"", ""lat"": 25.5788, ""lng"": 91.8933}]","[{""name"": ""Manish Barua"", ""phone"": ""+91-9644690890"", ""relation"": ""family""}, {""name"": ""Utpal Phukan"", ""phone"": ""+91-6182434020"", ""relation"": ""spouse""}, {""name"": ""Rahul Kalita"", ""phone"": ""+91-8069334970"", ""relation"": ""colleague""}]",2026-09-05 06:15:00,2026-09-15 10:15:00,24.815438,93.937282,2026-09-05 18:28:27,70.0,1,active,2026-09-04 21:15:00,route_deviation,Seven Sisters Grand Tour
619,STS-B4938DA4F83B,Pranjal Kalita,Indian,passport,Z8808460,+91-6422156185,"[{""name"": ""Diphlu River Lodge, Kaziranga (stay 1)"", ""lat"": 26.162081, ""lng"": 91.759806}, {""name"": ""Kamakhya Temple"", ""lat"": 26.1664, ""lng"": 91.7055}, {""name"": ""Umananda Island"", ""lat"": 26.1964, ""lng"": 91.7453}, {""name"": ""Navagraha Temple"", ""lat"": 26.1749, ""lng"": 91.7789}, {""name"": ""Basistha Temple"", ""lat"": 26.1132, ""lng"": 91.797}, {""name"": ""Hotel Rajmahal (stay 2)"", ""lat"": 26.251658, ""lng"": 91.519937}, {""name"": ""Hajo Pilgrimage Town"", ""lat"": 26.25, ""lng"": 91.5167}, {""name"": ""La Maison de Ananda, Majuli (stay 3)"", ""lat"": 26.36941, ""lng"": 91.634622}, {""name"": ""Madan Kamdev Ruins"", ""lat"": 26.3667, ""lng"": 91.6333}, {""name"": ""En route to Basistha Temple"", ""lat"": 26.154333, ""lng"": 91.784933}, {""name"": ""En route to Basistha Temple"", ""lat"": 26.133767, ""lng"": 91.790967}, {""name"": ""En route to Diphlu River Lodge, Kaziranga (stay 1)"", ""lat"": 26.129494, ""lng"": 91.784602}, {""name"": ""En route to Diphlu River Lodge, Kaziranga (stay 1)"", ""lat"": 26.145787, ""lng"": 91.772204}, {""name"": ""En route to Kamakhya Temple"", ""lat"": 26.163521, ""lng"": 91.741704}, {""name"": ""En route to Kamakhya Temple"", ""lat"": 26.16496, ""lng"": 91.723602}, {""name"": ""En route to Umananda Island"", ""lat"": 26.1764, ""lng"": 91.718767}, {""name"": ""En route to Umananda Island"", ""lat"": 26.1864, ""lng"": 91.732033}, {""name"": ""En route to Navagraha Temple"", ""lat"": 26.18565, ""lng"": 91.7621}]","[{""name"": ""Jayanta Deka"", ""phone"": ""+91-6231128557"", ""relation"": ""family""}, {""name"": ""Vikram Banerjee"", ""phone"": ""+91-6756165073"", ""relation"": ""spouse""}]",2026-07-22 09:30:00,2026-07-26 19:30:00,26.369582,91.634607,2026-07-26 07:01:49,79.1,1,active,2026-07-13 03:30:00,normal,Guwahati Pilgrimage Circuit
620,STS-C8988EBFA8AD,Kabir Mishra,Indian,aadhaar,XXXX-XXXX-4254,+91-7474625975,"[{""name"": ""Hotel Rajmahal (stay 1)"", ""lat"": 26.153596, ""lng"": 91.787691}, {""name"": ""Guwahati Railway Station"", ""lat"": 26.1824, ""lng"": 91.7513}, {""name"": ""Ganeshguri Junction"", ""lat"": 26.147, ""lng"": 91.79}, {""name"": ""Dispur Secretariat"", ""lat"": 26.142, ""lng"": 91.79}, {""name"": ""Six Mile"", ""lat"": 26.135, ""lng"": 91.805}, {""name"": ""Radisson Blu Guwahati (stay 2)"", ""lat"": 26.104046, ""lng"": 91.588117}, {""name"": ""LGB International Airport"", ""lat"": 26.1061, ""lng"": 91.5859}, {""name"": ""En route to Ganeshguri Junction"", ""lat"": 26.1706, ""lng"": 91.7642}, {""name"": ""En route to Ganeshguri Junction"", ""lat"": 26.1588, ""lng"": 91.7771}, {""name"": ""En route to Guwahati Railway Station"", ""lat"": 26.167998, ""lng"": 91.769496}, {""name"": ""En route to Hotel Rajmahal (stay 1)"", ""lat"": 26.144298, ""lng"": 91.796346}]","[{""name"": ""Gitanjali Patel"", ""phone"": ""+91-8135233259"", ""relation"": ""family""}, {""name"": ""Hemanta Mishra"", ""phone"": ""+91-9788984131"", ""relation"": ""spouse""}]",2026-07-24 09:15:00,2026-07-27 17:15:00,26.103673,91.587966,2026-07-27 06:50:56,81.2,1,active,2026-07-13 09:15:00,normal,Business / Transit Stay
621,STS-D8487D8061AB,Shakib Khan,Bangladeshi,passport,BX0457387,+880-7308787993,"[{""name"": ""Ygdrasill Bamboo Resort, Cherrapunji (stay 1)"", ""lat"": 27.54818, ""lng"": 93.830663}, {""name"": ""Ziro Valley"", ""lat"": 27.5448, ""lng"": 93.832}, {""name"": ""Hotel Dynasty, Lakhtokia (stay 2)"", ""lat"": 26.632672, ""lng"": 92.800213}, {""name"": ""Tezpur"", ""lat"": 26.6338, ""lng"": 92.8}, {""name"": ""Radisson Blu Guwahati (stay 3)"", ""lat"": 26.183727, ""lng"": 91.754984}, {""name"": ""Guwahati Railway Station"", ""lat"": 26.1824, ""lng"": 91.7513}, {""name"": ""Hotel Polo Towers, Shillong (stay 4)"", ""lat"": 27.584295, ""lng"": 91.861257}, {""name"": ""Tawang Monastery"", ""lat"": 27.5861, ""lng"": 91.8594}]","[{""name"": ""Nusrat Sarkar"", ""phone"": ""+880-3862153133"", ""relation"": ""family""}, {""name"": ""Tanvir Khan"", ""phone"": ""+880-5886819251"", ""relation"": ""spouse""}]",2026-09-07 09:00:00,2026-09-20 22:00:00,,,,100.0,0,active,2026-08-18 09:00:00,normal,Arunachal High Himalaya
622,STS-0C54DA7B0B0D,Maayan Levi,Israeli,passport,23548357,+972-638596140,"[{""name"": ""Hotel Polo Towers, Shillong (stay 1)"", ""lat"": 26.164109, ""lng"": 91.777339}, {""name"": ""Srimanta Sankaradeva Kalakshetra"", ""lat"": 26.144, ""lng"": 91.8058}, {""name"": ""Paltan Bazaar"", ""lat"": 26.1817, ""lng"": 91.7503}, {""name"": ""Dolma Homestay, Tawang (stay 2)"", ""lat"": 26.163203, ""lng"": 91.568796}, {""name"": ""Sualkuchi Silk Village"", ""lat"": 26.1667, ""lng"": 91.5667}, {""name"": ""En route to Paltan Bazaar"", ""lat"": 26.156567, ""lng"": 91.7873}, {""name"": ""En route to Paltan Bazaar"", ""lat"": 26.169133, ""lng"": 91.7688}, {""name"": ""En route to Srimanta Sankaradeva Kalakshetra"", ""lat"": 26.154055, ""lng"": 91.79157}, {""name"": ""En route to Hotel Polo Towers, Shillong (stay 1)"", ""lat"": 26.172905, ""lng"": 91.763819}]","[{""name"": ""Shira Peretz"", ""phone"": ""+972-221567485"", ""relation"": ""family""}, {""name"": ""Eitan Cohen"", ""phone"": ""+972-139976680"", ""relation"": ""spouse""}]",2026-08-16 05:00:00,2026-08-19 08:00:00,26.163146,91.56873,2026-08-19 06:51:55,81.8,1,active,2026-07-26 17:00:00,normal,Guwahati Market & Heritage Walk
623,STS-27DBD7D29E0B,Nikhil Banerjee,Indian,aadhaar,XXXX-XXXX-6886,+91-8818988029,"[{""name"": ""Diphlu River Lodge, Kaziranga (stay 1)"", ""lat"": 26.92092, ""lng"": 92.878125}, {""name"": ""Nameri National Park"", ""lat"": 26.92, ""lng"": 92.88}, {""name"": ""Hotel Dynasty, Lakhtokia (stay 2)"", ""lat"": 26.946394, ""lng"": 94.166051}, {""name"": ""Majuli River Island"", ""lat"": 26.95, ""lng"": 94.17}, {""name"": ""Wild Mahseer, Balipara (stay 3)"", ""lat"": 26.748604, ""lng"": 94.207421}, {""name"": ""Jorhat"", ""lat"": 26.7509, ""lng"": 94.2037}]","[{""name"": ""Rupam Mishra"", ""phone"": ""+91-7748470095"", ""relation"": ""family""}, {""name"": ""Pooja Rajkhowa"", ""phone"": ""+91-9641418566"", ""relation"": ""spouse""}, {""name"": ""Debojit Banerjee"", ""phone"": ""+91-9935836637"", ""relation"": ""employer""}, {""name"": ""Sneha Sen"", ""phone"": ""+91-6023413834"", ""relation"": ""spouse""}]",2026-08-06 10:00:00,2026-08-12 17:00:00,26.748492,94.20721,2026-08-12 06:58:31,79.9,1,active,2026-07-23 09:00:00,high_speed_transit,Upper Assam Wildlife Trail
624,STS-F22CFA30BA14,Nuwan Fernando,Sri Lankan,passport,N3003065,+94-471407424,"[{""name"": ""Novotel Guwahati GS Road (stay 1)"", ""lat"": 26.983846, ""lng"": 94.641822}, {""name"": ""Sivasagar"", ""lat"": 26.9826, ""lng"": 94.6425}, {""name"": ""Novotel Guwahati GS Road (stay 2)"", ""lat"": 26.952471, ""lng"": 94.167604}, {""name"": ""Majuli River Island"", ""lat"": 26.95, ""lng"": 94.17}, {""name"": ""Kiranshree Portico (stay 3)"", ""lat"": 26.750075, ""lng"": 94.203014}, {""name"": ""Jorhat"", ""lat"": 26.7509, ""lng"": 94.2037}, {""name"": ""Vivanta Guwahati (stay 4)"", ""lat"": 26.574538, ""lng"": 93.169044}, {""name"": ""Kaziranga National Park"", ""lat"": 26.5775, ""lng"": 93.1711}, {""name"": ""Dolma Homestay, Tawang (stay 5)"", ""lat"": 26.632366, ""lng"": 92.803665}, {""name"": ""Tezpur"", ""lat"": 26.6338, ""lng"": 92.8}, {""name"": ""Hotel Nandan (stay 6)"", ""lat"": 26.108071, ""lng"": 91.582295}, {""name"": ""LGB International Airport"", ""lat"": 26.1061, ""lng"": 91.5859}]","[{""name"": ""Kasun Fernando"", ""phone"": ""+94-401711064"", ""relation"": ""family""}, {""name"": ""Kasun Bandara"", ""phone"": ""+94-881475430"", ""relation"": ""spouse""}, {""name"": ""Sanduni Jayasuriya"", ""phone"": ""+94-540718827"", ""relation"": ""spouse""}]",2026-08-31 07:15:00,2026-09-06 18:15:00,26.107784,91.582486,2026-09-05 18:36:11,72.7,1,active,2026-08-22 05:15:00,normal,Upper Assam Wildlife Trail
625,STS-13EBF761DE40,Siddharth Bhattacharya,Indian,aadhaar,XXXX-XXXX-1463,+91-6924952474,"[{""name"": ""Wild Mahseer, Balipara (stay 1)"", ""lat"": 26.103293, ""lng"": 91.582257}, {""name"": ""LGB International Airport"", ""lat"": 26.1061, ""lng"": 91.5859}, {""name"": ""Ri Kynjai, Umiam (stay 2)"", ""lat"": 26.152294, ""lng"": 91.782362}, {""name"": ""Guwahati Railway Station"", ""lat"": 26.1824, ""lng"": 91.7513}, {""name"": ""Ganeshguri Junction"", ""lat"": 26.147, ""lng"": 91.79}, {""name"": ""Dispur Secretariat"", ""lat"": 26.142, ""lng"": 91.79}, {""name"": ""Six Mile"", ""lat"": 26.135, ""lng"": 91.805}, {""name"": ""En route to Ganeshguri Junction"", ""lat"": 26.1706, ""lng"": 91.7642}, {""name"": ""En route to Ganeshguri Junction"", ""lat"": 26.1588, ""lng"": 91.7771}, {""name"": ""En route to Guwahati Railway Station"", ""lat"": 26.167347, ""lng"": 91.766831}, {""name"": ""En route to Ri Kynjai, Umiam (stay 2)"", ""lat"": 26.143647, ""lng"": 91.793681}]","[{""name"": ""Bornali Gogoi"", ""phone"": ""+91-7154623335"", ""relation"": ""family""}]",2026-09-02 07:00:00,2026-09-05 16:00:00,26.152312,91.782624,2026-09-05 06:43:24,80.9,1,active,2026-08-12 21:00:00,normal,Business / Transit Stay
626,STS-ABE2BF02BD26,Nikhil Das,Indian,aadhaar,XXXX-XXXX-4892,+91-9594461757,"[{""name"": ""Radisson Blu Guwahati (stay 1)"", ""lat"": 26.633535, ""lng"": 92.797337}, {""name"": ""Tezpur"", ""lat"": 26.6338, ""lng"": 92.8}, {""name"": ""Ri Kynjai, Umiam (stay 2)"", ""lat"": 27.584182, ""lng"": 91.856102}, {""name"": ""Tawang Monastery"", ""lat"": 27.5861, ""lng"": 91.8594}, {""name"": ""Diphlu River Lodge, Kaziranga (stay 3)"", ""lat"": 27.541076, ""lng"": 93.828827}, {""name"": ""Ziro Valley"", ""lat"": 27.5448, ""lng"": 93.832}]","[{""name"": ""Junmoni Banerjee"", ""phone"": ""+91-8861348259"", ""relation"": ""family""}, {""name"": ""Debojit Medhi"", ""phone"": ""+91-8535043817"", ""relation"": ""spouse""}]",2026-07-31 06:00:00,2026-08-13 08:00:00,27.541132,93.829014,2026-08-13 06:30:17,80.9,1,active,2026-07-29 07:00:00,normal,Arunachal High Himalaya
627,STS-00F03A49BBA8,Chandana Das,Indian,aadhaar,XXXX-XXXX-6844,+91-6885972220,"[{""name"": ""Novotel Guwahati GS Road (stay 1)"", ""lat"": 26.165932, ""lng"": 91.758036}, {""name"": ""Basistha Temple"", ""lat"": 26.1132, ""lng"": 91.797}, {""name"": ""Navagraha Temple"", ""lat"": 26.1749, ""lng"": 91.7789}, {""name"": ""Umananda Island"", ""lat"": 26.1964, ""lng"": 91.7453}, {""name"": ""Kamakhya Temple"", ""lat"": 26.1664, ""lng"": 91.7055}, {""name"": ""Dolma Homestay, Tawang (stay 2)"", ""lat"": 26.252087, ""lng"": 91.512818}, {""name"": ""Hajo Pilgrimage Town"", ""lat"": 26.25, ""lng"": 91.5167}, {""name"": ""Hotel Polo Towers, Shillong (stay 3)"", ""lat"": 26.366334, ""lng"": 91.637136}, {""name"": ""Madan Kamdev Ruins"", ""lat"": 26.3667, ""lng"": 91.6333}, {""name"": ""En route to Navagraha Temple"", ""lat"": 26.133767, ""lng"": 91.790967}, {""name"": ""En route to Navagraha Temple"", ""lat"": 26.154333, ""lng"": 91.784933}, {""name"": ""En route to Basistha Temple"", ""lat"": 26.148355, ""lng"": 91.771024}, {""name"": ""En route to Basistha Temple"", ""lat"": 26.130777, ""lng"": 91.784012}, {""name"": ""En route to Novotel Guwahati GS Road (stay 1)"", ""lat"": 26.166244, ""lng"": 91.723012}, {""name"": ""En route to Novotel Guwahati GS Road (stay 1)"", ""lat"": 26.166088, ""lng"": 91.740524}, {""name"": ""En route to Kamakhya Temple"", ""lat"": 26.1864, ""lng"": 91.732033}, {""name"": ""En route to Kamakhya Temple"", ""lat"": 26.1764, ""lng"": 91.718767}, {""name"": ""En route to Umananda Island"", ""lat"": 26.18565, ""lng"": 91.7621}]","[{""name"": ""Gitanjali Banerjee"", ""phone"": ""+91-7709713513"", ""relation"": ""family""}, {""name"": ""Siddharth Baishya"", ""phone"": ""+91-7344516908"", ""relation"": ""spouse""}]",2026-08-05 07:45:00,2026-08-08 13:45:00,26.36602,91.637346,2026-08-08 06:52:06,80.1,1,active,2026-07-26 01:45:00,normal,Guwahati Pilgrimage Circuit
628,STS-01DA97598235,Mridula Sen,Indian,aadhaar,XXXX-XXXX-6555,+91-8678429307,"[{""name"": ""Vivanta Guwahati (stay 1)"", ""lat"": 26.153086, ""lng"": 91.780677}, {""name"": ""Guwahati Railway Station"", ""lat"": 26.1824, ""lng"": 91.7513}, {""name"": ""Ganeshguri Junction"", ""lat"": 26.147, ""lng"": 91.79}, {""name"": ""Dispur Secretariat"", ""lat"": 26.142, ""lng"": 91.79}, {""name"": ""Six Mile"", ""lat"": 26.135, ""lng"": 91.805}, {""name"": ""La Maison de Ananda, Majuli (stay 2)"", ""lat"": 26.104275, ""lng"": 91.586953}, {""name"": ""LGB International Airport"", ""lat"": 26.1061, ""lng"": 91.5859}, {""name"": ""En route to Ganeshguri Junction"", ""lat"": 26.1706, ""lng"": 91.7642}, {""name"": ""En route to Ganeshguri Junction"", ""lat"": 26.1588, ""lng"": 91.7771}, {""name"": ""En route to Guwahati Railway Station"", ""lat"": 26.167743, ""lng"": 91.765988}, {""name"": ""En route to Vivanta Guwahati (stay 1)"", ""lat"": 26.144043, ""lng"": 91.792839}]","[{""name"": ""Tanvi Ghosh"", ""phone"": ""+91-9614635621"", ""relation"": ""family""}, {""name"": ""Parag Sen"", ""phone"": ""+91-9749262270"", ""relation"": ""spouse""}, {""name"": ""Meera Sharma"", ""phone"": ""+91-8562565574"", ""relation"": ""sibling""}]",2026-07-27 08:15:00,2026-07-28 19:15:00,26.153323,91.780898,2026-07-28 06:30:43,81.9,1,active,2026-07-18 14:15:00,normal,Business / Transit Stay
629,STS-5EC63BE4D648,Imran Begum,Bangladeshi,passport,BX9906759,+880-3504729370,"[{""name"": ""Novotel Guwahati GS Road (stay 1)"", ""lat"": 25.192429, ""lng"": 91.96477}, {""name"": ""Mawlynnong Village"", ""lat"": 25.2, ""lng"": 91.9167}, {""name"": ""Dawki / Umngot River"", ""lat"": 25.19, ""lng"": 92.02}, {""name"": ""Novotel Guwahati GS Road (stay 2)"", ""lat"": 26.185375, ""lng"": 91.754356}, {""name"": ""Guwahati Railway Station"", ""lat"": 26.1824, ""lng"": 91.7513}, {""name"": ""En route to Dawki / Umngot River"", ""lat"": 25.198, ""lng"": 91.93736}, {""name"": ""En route to Dawki / Umngot River"", ""lat"": 25.196, ""lng"": 91.95802}, {""name"": ""En route to Dawki / Umngot River"", ""lat"": 25.194, ""lng"": 91.97868}, {""name"": ""En route to Dawki / Umngot River"", ""lat"": 25.192, ""lng"": 91.99934}, {""name"": ""En route to Novotel Guwahati GS Road (stay 1)"", ""lat"": 25.19081, ""lng"": 92.00159}, {""name"": ""En route to Novotel Guwahati GS Road (stay 1)"", ""lat"": 25.191619, ""lng"": 91.98318}, {""name"": ""En route to Mawlynnong Village"", ""lat"": 25.196214, ""lng"": 91.940735}]","[{""name"": ""Jahid Rahman"", ""phone"": ""+880-8181877853"", ""relation"": ""family""}, {""name"": ""Rahim Khan"", ""phone"": ""+880-3918965052"", ""relation"": ""spouse""}, {""name"": ""Rumana Begum"", ""phone"": ""+880-7506955315"", ""relation"": ""friend""}]",2026-08-02 05:45:00,2026-08-09 09:45:00,26.185209,91.754309,2026-08-09 06:42:14,79.9,1,active,2026-07-16 23:45:00,route_deviation,Meghalaya Loop
630,STS-F0D39BF2B953,Nabanita Choudhury,Indian,voterid,XWU5946880,+91-7187303141,"[{""name"": ""Hotel Polo Towers, Shillong (stay 1)"", ""lat"": 25.619153, ""lng"": 91.888538}, {""name"": ""Shillong"", ""lat"": 25.5788, ""lng"": 91.8933}, {""name"": ""Umiam Lake"", ""lat"": 25.657, ""lng"": 91.889}, {""name"": ""Vivanta Guwahati (stay 2)"", ""lat"": 25.289462, ""lng"": 91.676813}, {""name"": ""Cherrapunji (Sohra)"", ""lat"": 25.2912, ""lng"": 91.6783}, {""name"": ""En route to Umiam Lake"", ""lat"": 25.59835, ""lng"": 91.892225}, {""name"": ""En route to Umiam Lake"", ""lat"": 25.6179, ""lng"": 91.89115}, {""name"": ""En route to Umiam Lake"", ""lat"": 25.63745, ""lng"": 91.890075}, {""name"": ""En route to Shillong"", ""lat"": 25.598976, ""lng"": 91.890919}, {""name"": ""En route to Hotel Polo Towers, Shillong (stay 1)"", ""lat"": 25.638077, ""lng"": 91.888769}]","[{""name"": ""Ishita Reddy"", ""phone"": ""+91-7121921916"", ""relation"": ""family""}, {""name"": ""Chandana Patel"", ""phone"": ""+91-6076272064"", ""relation"": ""spouse""}]",2026-08-13 07:15:00,2026-08-23 21:15:00,25.289068,91.676831,2026-08-23 06:34:23,78.7,1,active,2026-08-03 10:15:00,normal,Meghalaya Loop
631,STS-D253899B6D06,Nuwan Bandara,Sri Lankan,passport,N9966081,+94-733779720,"[{""name"": ""Dolma Homestay, Tawang (stay 1)"", ""lat"": 26.185607, ""lng"": 91.751565}, {""name"": ""Assam State Museum"", ""lat"": 26.1857, ""lng"": 91.7481}, {""name"": ""Nehru Park"", ""lat"": 26.1857, ""lng"": 91.7477}, {""name"": ""Fancy Bazaar"", ""lat"": 26.1836, ""lng"": 91.7434}, {""name"": ""Umananda Island"", ""lat"": 26.1964, ""lng"": 91.7453}, {""name"": ""Guwahati Planetarium"", ""lat"": 26.1856, ""lng"": 91.7625}]","[{""name"": ""Sanduni Silva"", ""phone"": ""+94-981697251"", ""relation"": ""family""}, {""name"": ""Chamara Jayasuriya"", ""phone"": ""+94-512747263"", ""relation"": ""spouse""}]",2026-08-21 07:15:00,2026-08-23 16:15:00,26.185523,91.751591,2026-08-23 06:58:55,79.8,1,active,2026-08-06 07:15:00,night_wanderer,Guwahati City Break
632,STS-855E06C74CCA,Hemanta Bora,Indian,passport,Z9049630,+91-9150387487,"[{""name"": ""Novotel Guwahati GS Road (stay 1)"", ""lat"": 25.196737, ""lng"": 91.916886}, {""name"": ""Mawlynnong Village"", ""lat"": 25.2, ""lng"": 91.9167}, {""name"": ""La Maison de Ananda, Majuli (stay 2)"", ""lat"": 25.265113, ""lng"": 91.700986}, {""name"": ""Living Root Bridge, Nongriat"", ""lat"": 25.247, ""lng"": 91.715}, {""name"": ""Nohkalikai Falls"", ""lat"": 25.276, ""lng"": 91.6857}, {""name"": ""Ginger Guwahati (stay 3)"", ""lat"": 25.66031, ""lng"": 91.887182}, {""name"": ""Umiam Lake"", ""lat"": 25.657, ""lng"": 91.889}, {""name"": ""Ygdrasill Bamboo Resort, Cherrapunji (stay 4)"", ""lat"": 26.185305, ""lng"": 91.750308}, {""name"": ""Guwahati Railway Station"", ""lat"": 26.1824, ""lng"": 91.7513}, {""name"": ""En route to Nohkalikai Falls"", ""lat"": 25.2615, ""lng"": 91.70035}]","[{""name"": ""Hemanta Verma"", ""phone"": ""+91-8744808441"", ""relation"": ""family""}, {""name"": ""Nikhil Mishra"", ""phone"": ""+91-8023750456"", ""relation"": ""spouse""}]",2026-08-28 05:00:00,2026-09-06 12:00:00,26.185404,91.75051,2026-09-05 18:35:35,71.5,0,active,2026-08-27 18:00:00,normal,Meghalaya Loop
633,STS-3CE52715C024,Ananya Barua,Indian,aadhaar,XXXX-XXXX-3382,+91-8894741968,"[{""name"": ""Hotel Rajmahal (stay 1)"", ""lat"": 25.931756, ""lng"": 91.431633}, {""name"": ""Chandubi Lake"", ""lat"": 25.9333, ""lng"": 91.4333}, {""name"": ""Hotel Rajmahal (stay 2)"", ""lat"": 26.179064, ""lng"": 91.789765}, {""name"": ""Assam State Zoo & Botanical Garden"", ""lat"": 26.178, ""lng"": 91.786}, {""name"": ""Hotel Nandan (stay 3)"", ""lat"": 26.233981, ""lng"": 92.081633}, {""name"": ""Pobitora Wildlife Sanctuary"", ""lat"": 26.2333, ""lng"": 92.0833}]","[{""name"": ""Manish Verma"", ""phone"": ""+91-6574471010"", ""relation"": ""family""}, {""name"": ""Ananya Bora"", ""phone"": ""+91-7058281080"", ""relation"": ""spouse""}, {""name"": ""Anjali Nair"", ""phone"": ""+91-9589148065"", ""relation"": ""sibling""}]",2026-08-20 09:30:00,2026-08-25 22:30:00,26.233867,92.081877,2026-08-25 06:45:23,81.8,1,active,2026-08-15 14:30:00,normal,Guwahati Nature & Wildlife
634,STS-F68FC3A555D2,Anjali Banerjee,Indian,pan,JSDFF7572G,+91-9120598074,"[{""name"": ""Ygdrasill Bamboo Resort, Cherrapunji (stay 1)"", ""lat"": 26.187597, ""lng"": 91.747084}, {""name"": ""Fancy Bazaar"", ""lat"": 26.1836, ""lng"": 91.7434}, {""name"": ""Pan Bazaar"", ""lat"": 26.1856, ""lng"": 91.7455}, {""name"": ""Paltan Bazaar"", ""lat"": 26.1817, ""lng"": 91.7503}, {""name"": ""Uzan Bazar Ghat"", ""lat"": 26.19, ""lng"": 91.759}, {""name"": ""Kiranshree Portico (stay 2)"", ""lat"": 26.168661, ""lng"": 91.567581}, {""name"": ""Sualkuchi Silk Village"", ""lat"": 26.1667, ""lng"": 91.5667}]","[{""name"": ""Debojit Reddy"", ""phone"": ""+91-6886934155"", ""relation"": ""family""}]",2026-08-04 11:30:00,2026-08-08 01:30:00,26.168328,91.567402,2026-08-07 07:00:50,81.2,1,active,2026-08-03 11:30:00,normal,Guwahati Market & Heritage Walk
635,STS-E5089F1EE483,Ishita Nath,Indian,aadhaar,XXXX-XXXX-1876,+91-8567860911,"[{""name"": ""La Maison de Ananda, Majuli (stay 1)"", ""lat"": 25.5824, ""lng"": 91.895292}, {""name"": ""Shillong"", ""lat"": 25.5788, ""lng"": 91.8933}, {""name"": ""Hotel Rajmahal (stay 2)"", ""lat"": 25.194424, ""lng"": 91.965454}, {""name"": ""Mawlynnong Village"", ""lat"": 25.2, ""lng"": 91.9167}, {""name"": ""Dawki / Umngot River"", ""lat"": 25.19, ""lng"": 92.02}, {""name"": ""En route to Dawki / Umngot River"", ""lat"": 25.198, ""lng"": 91.93736}, {""name"": ""En route to Dawki / Umngot River"", ""lat"": 25.196, ""lng"": 91.95802}, {""name"": ""En route to Dawki / Umngot River"", ""lat"": 25.194, ""lng"": 91.97868}, {""name"": ""En route to Dawki / Umngot River"", ""lat"": 25.192, ""lng"": 91.99934}, {""name"": ""En route to Hotel Rajmahal (stay 2)"", ""lat"": 25.191475, ""lng"": 92.001818}, {""name"": ""En route to Hotel Rajmahal (stay 2)"", ""lat"": 25.192949, ""lng"": 91.983636}, {""name"": ""En route to Mawlynnong Village"", ""lat"": 25.197212, ""lng"": 91.941077}]","[{""name"": ""Nikhil Baishya"", ""phone"": ""+91-8307811378"", ""relation"": ""family""}, {""name"": ""Bhaskar Medhi"", ""phone"": ""+91-7840825329"", ""relation"": ""spouse""}]",2026-09-07 08:00:00,2026-09-13 19:00:00,,,,100.0,1,active,2026-08-24 18:00:00,normal,Meghalaya Loop
636,STS-6425B75F164E,Tanvi Rajkhowa,Indian,passport,Z3027497,+91-7743878844,"[{""name"": ""Hotel Polo Towers, Shillong (stay 1)"", ""lat"": 26.186304, ""lng"": 91.747538}, {""name"": ""Umananda Island"", ""lat"": 26.1964, ""lng"": 91.7453}, {""name"": ""Brahmaputra Riverfront"", ""lat"": 26.1905, ""lng"": 91.748}, {""name"": ""Nehru Park"", ""lat"": 26.1857, ""lng"": 91.7477}, {""name"": ""Guwahati Planetarium"", ""lat"": 26.1856, ""lng"": 91.7625}, {""name"": ""Gandhi Mandap, Sarania Hill"", ""lat"": 26.175, ""lng"": 91.758}, {""name"": ""Kamakhya Temple"", ""lat"": 26.1664, ""lng"": 91.7055}, {""name"": ""En route to Kamakhya Temple"", ""lat"": 26.172133, ""lng"": 91.7405}, {""name"": ""En route to Kamakhya Temple"", ""lat"": 26.169267, ""lng"": 91.723}, {""name"": ""En route to Hotel Polo Towers, Shillong (stay 1)"", ""lat"": 26.176352, ""lng"": 91.726519}]","[{""name"": ""Chandana Verma"", ""phone"": ""+91-7234427023"", ""relation"": ""family""}, {""name"": ""Tanvi Verma"", ""phone"": ""+91-7381796259"", ""relation"": ""spouse""}]",2026-08-13 07:00:00,2026-08-17 09:00:00,26.186438,91.747258,2026-08-17 06:46:56,51.0,1,active,2026-07-26 17:00:00,route_deviation,Guwahati City Break
637,STS-3023BB77BE84,Pranjal Sharma,Indian,aadhaar,XXXX-XXXX-9539,+91-6485932458,"[{""name"": ""Vivanta Guwahati (stay 1)"", ""lat"": 25.615025, ""lng"": 91.891248}, {""name"": ""Umiam Lake"", ""lat"": 25.657, ""lng"": 91.889}, {""name"": ""Shillong"", ""lat"": 25.5788, ""lng"": 91.8933}, {""name"": ""Wild Mahseer, Balipara (stay 2)"", ""lat"": 25.264698, ""lng"": 91.700605}, {""name"": ""Nohkalikai Falls"", ""lat"": 25.276, ""lng"": 91.6857}, {""name"": ""Living Root Bridge, Nongriat"", ""lat"": 25.247, ""lng"": 91.715}, {""name"": ""Ygdrasill Bamboo Resort, Cherrapunji (stay 3)"", ""lat"": 25.199019, ""lng"": 91.91334}, {""name"": ""Mawlynnong Village"", ""lat"": 25.2, ""lng"": 91.9167}, {""name"": ""Dolma Homestay, Tawang (stay 4)"", ""lat"": 26.186107, ""lng"": 91.754983}, {""name"": ""Guwahati Railway Station"", ""lat"": 26.1824, ""lng"": 91.7513}, {""name"": ""En route to Shillong"", ""lat"": 25.63745, ""lng"": 91.890075}, {""name"": ""En route to Shillong"", ""lat"": 25.6179, ""lng"": 91.89115}, {""name"": ""En route to Shillong"", ""lat"": 25.59835, ""lng"": 91.892225}, {""name"": ""En route to Umiam Lake"", ""lat"": 25.636012, ""lng"": 91.890124}, {""name"": ""En route to Living Root Bridge, Nongriat"", ""lat"": 25.2615, ""lng"": 91.70035}, {""name"": ""En route to Vivanta Guwahati (stay 1)"", ""lat"": 25.596913, ""lng"": 91.892274}]","[{""name"": ""Rohan Gogoi"", ""phone"": ""+91-7695483465"", ""relation"": ""family""}, {""name"": ""Tanvi Deka"", ""phone"": ""+91-7854837369"", ""relation"": ""spouse""}, {""name"": ""Aarav Barua"", ""phone"": ""+91-6077847895"", ""relation"": ""parent""}]",2026-08-14 06:15:00,2026-08-20 09:15:00,26.186387,91.755101,2026-08-21 06:49:38,81.7,1,active,2026-07-30 09:15:00,night_wanderer,Meghalaya Loop
638,STS-F64EB02569A5,Bishal Patel,Indian,passport,Z7780957,+91-8186570055,"[{""name"": ""Hotel Polo Towers, Shillong (stay 1)"", ""lat"": 25.578976, ""lng"": 91.893977}, {""name"": ""Shillong"", ""lat"": 25.5788, ""lng"": 91.8933}, {""name"": ""Kiranshree Portico (stay 2)"", ""lat"": 25.287249, ""lng"": 91.681259}, {""name"": ""Cherrapunji (Sohra)"", ""lat"": 25.2912, ""lng"": 91.6783}, {""name"": ""Nohkalikai Falls"", ""lat"": 25.276, ""lng"": 91.6857}, {""name"": ""Vivanta Guwahati (stay 3)"", ""lat"": 25.195177, ""lng"": 91.971935}, {""name"": ""Mawlynnong Village"", ""lat"": 25.2, ""lng"": 91.9167}, {""name"": ""Dawki / Umngot River"", ""lat"": 25.19, ""lng"": 92.02}, {""name"": ""Ri Kynjai, Umiam (stay 4)"", ""lat"": 26.186241, ""lng"": 91.751177}, {""name"": ""Guwahati Railway Station"", ""lat"": 26.1824, ""lng"": 91.7513}, {""name"": ""En route to Dawki / Umngot River"", ""lat"": 25.198, ""lng"": 91.93736}, {""name"": ""En route to Dawki / Umngot River"", ""lat"": 25.196, ""lng"": 91.95802}, {""name"": ""En route to Dawki / Umngot River"", ""lat"": 25.194, ""lng"": 91.97868}, {""name"": ""En route to Dawki / Umngot River"", ""lat"": 25.192, ""lng"": 91.99934}, {""name"": ""En route to Mawlynnong Village"", ""lat"": 25.196785, ""lng"": 91.953523}, {""name"": ""En route to Mawlynnong Village"", ""lat"": 25.198392, ""lng"": 91.935112}, {""name"": ""En route to Vivanta Guwahati (stay 3)"", ""lat"": 25.192588, ""lng"": 91.995968}]","[{""name"": ""Pranjal Nair"", ""phone"": ""+91-6839411206"", ""relation"": ""family""}, {""name"": ""Anjali Das"", ""phone"": ""+91-8580937841"", ""relation"": ""spouse""}, {""name"": ""Rohan Mishra"", ""phone"": ""+91-9338552629"", ""relation"": ""sibling""}]",2026-08-29 10:30:00,2026-09-04 12:30:00,26.186477,91.751303,2026-09-05 06:59:46,79.6,1,active,2026-08-23 13:30:00,night_wanderer,Meghalaya Loop
639,STS-6D84423B0AE3,Divya Bhattacharya,Indian,passport,Z7783680,+91-7922513456,"[{""name"": ""Hotel Rajmahal (stay 1)"", ""lat"": 26.159546, ""lng"": 91.759518}, {""name"": ""Kamakhya Temple"", ""lat"": 26.1664, ""lng"": 91.7055}, {""name"": ""Umananda Island"", ""lat"": 26.1964, ""lng"": 91.7453}, {""name"": ""Navagraha Temple"", ""lat"": 26.1749, ""lng"": 91.7789}, {""name"": ""Basistha Temple"", ""lat"": 26.1132, ""lng"": 91.797}, {""name"": ""Radisson Blu Guwahati (stay 2)"", ""lat"": 26.36735, ""lng"": 91.636906}, {""name"": ""Madan Kamdev Ruins"", ""lat"": 26.3667, ""lng"": 91.6333}, {""name"": ""En route to Basistha Temple"", ""lat"": 26.154333, ""lng"": 91.784933}, {""name"": ""En route to Basistha Temple"", ""lat"": 26.133767, ""lng"": 91.790967}, {""name"": ""En route to Hotel Rajmahal (stay 1)"", ""lat"": 26.128649, ""lng"": 91.784506}, {""name"": ""En route to Hotel Rajmahal (stay 1)"", ""lat"": 26.144097, ""lng"": 91.772012}, {""name"": ""En route to Kamakhya Temple"", ""lat"": 26.161831, ""lng"": 91.741512}, {""name"": ""En route to Kamakhya Temple"", ""lat"": 26.164115, ""lng"": 91.723506}, {""name"": ""En route to Umananda Island"", ""lat"": 26.1764, ""lng"": 91.718767}, {""name"": ""En route to Umananda Island"", ""lat"": 26.1864, ""lng"": 91.732033}, {""name"": ""En route to Navagraha Temple"", ""lat"": 26.18565, ""lng"": 91.7621}]","[{""name"": ""Vikram Reddy"", ""phone"": ""+91-8630243460"", ""relation"": ""family""}, {""name"": ""Parag Iyer"", ""phone"": ""+91-8328093635"", ""relation"": ""spouse""}, {""name"": ""Hemanta Barua"", ""phone"": ""+91-9608316751"", ""relation"": ""family""}]",2026-08-16 07:45:00,2026-08-22 21:45:00,26.367538,91.636518,2026-08-22 06:45:09,78.4,0,active,2026-08-10 22:45:00,normal,Guwahati Pilgrimage Circuit
640,STS-F9E4A398DBA5,Rituparna Iyer,Indian,aadhaar,XXXX-XXXX-1940,+91-8167803428,"[{""name"": ""Brahmaputra Jungle Resort (stay 1)"", ""lat"": 25.578305, ""lng"": 91.895171}, {""name"": ""Shillong"", ""lat"": 25.5788, ""lng"": 91.8933}, {""name"": ""Wild Mahseer, Balipara (stay 2)"", ""lat"": 26.107655, ""lng"": 91.589376}, {""name"": ""LGB International Airport"", ""lat"": 26.1061, ""lng"": 91.5859}, {""name"": ""Hotel Dynasty, Lakhtokia (stay 3)"", ""lat"": 26.57605, ""lng"": 93.170516}, {""name"": ""Kaziranga National Park"", ""lat"": 26.5775, ""lng"": 93.1711}, {""name"": ""Radisson Blu Guwahati (stay 4)"", ""lat"": 24.817662, ""lng"": 93.935018}, {""name"": ""Imphal"", ""lat"": 24.817, ""lng"": 93.9368}, {""name"": ""Vivanta Guwahati (stay 5)"", ""lat"": 23.833277, ""lng"": 91.283531}, {""name"": ""Agartala"", ""lat"": 23.8315, ""lng"": 91.2868}, {""name"": ""Hotel Polo Towers, Shillong (stay 6)"", ""lat"": 27.332294, ""lng"": 88.612139}, {""name"": ""Gangtok"", ""lat"": 27.3314, ""lng"": 88.6138}]","[{""name"": ""Riya Phukan"", ""phone"": ""+91-7986982935"", ""relation"": ""family""}, {""name"": ""Utpal Iyer"", ""phone"": ""+91-7732597494"", ""relation"": ""spouse""}, {""name"": ""Manish Bhattacharya"", ""phone"": ""+91-7414600443"", ""relation"": ""sibling""}]",2026-08-15 07:30:00,2026-08-26 10:30:00,27.33258,88.611854,2026-08-26 06:31:15,81.4,1,active,2026-08-07 12:30:00,sos_panic,Seven Sisters Grand Tour
641,STS-72FE5FDA351B,Jayanta Hazarika,Indian,aadhaar,XXXX-XXXX-1923,+91-6958722285,"[{""name"": ""Diphlu River Lodge, Kaziranga (stay 1)"", ""lat"": 26.108183, ""lng"": 91.587066}, {""name"": ""LGB International Airport"", ""lat"": 26.1061, ""lng"": 91.5859}, {""name"": ""Diphlu River Lodge, Kaziranga (stay 2)"", ""lat"": 26.747234, ""lng"": 94.202294}, {""name"": ""Jorhat"", ""lat"": 26.7509, ""lng"": 94.2037}, {""name"": ""Hotel Dynasty, Lakhtokia (stay 3)"", ""lat"": 26.949526, ""lng"": 94.169921}, {""name"": ""Majuli River Island"", ""lat"": 26.95, ""lng"": 94.17}]","[{""name"": ""Utpal Reddy"", ""phone"": ""+91-8760113953"", ""relation"": ""family""}, {""name"": ""Aditya Nair"", ""phone"": ""+91-8684542457"", ""relation"": ""spouse""}, {""name"": ""Parag Rajkhowa"", ""phone"": ""+91-6679889020"", ""relation"": ""embassy""}]",2026-07-29 07:45:00,2026-08-10 12:45:00,26.949443,94.169881,2026-08-10 06:54:35,77.8,1,active,2026-07-27 13:45:00,normal,Upper Assam Wildlife Trail
642,STS-14A8C7372CCD,Bornali Barua,Indian,voterid,YST2645932,+91-8055764679,"[{""name"": ""Diphlu River Lodge, Kaziranga (stay 1)"", ""lat"": 25.935288, ""lng"": 91.433527}, {""name"": ""Chandubi Lake"", ""lat"": 25.9333, ""lng"": 91.4333}, {""name"": ""Ri Kynjai, Umiam (stay 2)"", ""lat"": 26.101448, ""lng"": 91.618436}, {""name"": ""Accoland Water Park"", ""lat"": 26.09, ""lng"": 91.59}, {""name"": ""Deepor Beel Wildlife Sanctuary"", ""lat"": 26.12, ""lng"": 91.65}, {""name"": ""Vivanta Guwahati (stay 3)"", ""lat"": 26.180318, ""lng"": 91.784066}, {""name"": ""Assam State Zoo & Botanical Garden"", ""lat"": 26.178, ""lng"": 91.786}, {""name"": ""Wild Mahseer, Balipara (stay 4)"", ""lat"": 26.233733, ""lng"": 92.080502}, {""name"": ""Pobitora Wildlife Sanctuary"", ""lat"": 26.2333, ""lng"": 92.0833}, {""name"": ""En route to Deepor Beel Wildlife Sanctuary"", ""lat"": 26.1, ""lng"": 91.61}, {""name"": ""En route to Deepor Beel Wildlife Sanctuary"", ""lat"": 26.11, ""lng"": 91.63}, {""name"": ""En route to Ri Kynjai, Umiam (stay 2)"", ""lat"": 26.110724, ""lng"": 91.634218}, {""name"": ""En route to Accoland Water Park"", ""lat"": 26.095724, ""lng"": 91.604218}]","[{""name"": ""Hemanta Reddy"", ""phone"": ""+91-9436539681"", ""relation"": ""family""}, {""name"": ""Rituparna Mishra"", ""phone"": ""+91-7795885006"", ""relation"": ""spouse""}]",2026-08-14 09:00:00,2026-08-19 13:00:00,26.233925,92.080282,2026-08-19 07:01:09,81.6,1,active,2026-08-10 15:00:00,normal,Guwahati Nature & Wildlife
643,STS-A2F3A0883E0A,Aditya Baishya,Indian,aadhaar,XXXX-XXXX-5462,+91-8297499480,"[{""name"": ""Diphlu River Lodge, Kaziranga (stay 1)"", ""lat"": 26.253533, ""lng"": 91.5152}, {""name"": ""Hajo Pilgrimage Town"", ""lat"": 26.25, ""lng"": 91.5167}, {""name"": ""Hotel Dynasty, Lakhtokia (stay 2)"", ""lat"": 26.365161, ""lng"": 91.631972}, {""name"": ""Madan Kamdev Ruins"", ""lat"": 26.3667, ""lng"": 91.6333}, {""name"": ""Hotel Dynasty, Lakhtokia (stay 3)"", ""lat"": 26.15954, ""lng"": 91.76062}, {""name"": ""Umananda Island"", ""lat"": 26.1964, ""lng"": 91.7453}, {""name"": ""Navagraha Temple"", ""lat"": 26.1749, ""lng"": 91.7789}, {""name"": ""Basistha Temple"", ""lat"": 26.1132, ""lng"": 91.797}, {""name"": ""Kamakhya Temple"", ""lat"": 26.1664, ""lng"": 91.7055}, {""name"": ""En route to Kamakhya Temple"", ""lat"": 26.12384, ""lng"": 91.7787}, {""name"": ""En route to Kamakhya Temple"", ""lat"": 26.13448, ""lng"": 91.7604}, {""name"": ""En route to Kamakhya Temple"", ""lat"": 26.14512, ""lng"": 91.7421}, {""name"": ""En route to Kamakhya Temple"", ""lat"": 26.15576, ""lng"": 91.7238}, {""name"": ""En route to Basistha Temple"", ""lat"": 26.154333, ""lng"": 91.784933}, {""name"": ""En route to Basistha Temple"", ""lat"": 26.133767, ""lng"": 91.790967}, {""name"": ""En route to Hotel Dynasty, Lakhtokia (stay 3)"", ""lat"": 26.164113, ""lng"": 91.723873}, {""name"": ""En route to Hotel Dynasty, Lakhtokia (stay 3)"", ""lat"": 26.161827, ""lng"": 91.742247}, {""name"": ""En route to Umananda Island"", ""lat"": 26.17797, ""lng"": 91.75296}, {""name"": ""En route to Navagraha Temple"", ""lat"": 26.18565, ""lng"": 91.7621}]","[{""name"": ""Kabir Kumar"", ""phone"": ""+91-6077413894"", ""relation"": ""family""}, {""name"": ""Rituparna Barua"", ""phone"": ""+91-7190678134"", ""relation"": ""spouse""}]",2026-08-11 05:15:00,2026-08-14 10:15:00,26.159393,91.760696,2026-08-15 06:44:26,81.9,1,active,2026-08-07 03:15:00,night_wanderer,Guwahati Pilgrimage Circuit
644,STS-0C612967D847,Bornali Choudhury,Indian,aadhaar,XXXX-XXXX-7181,+91-7745531434,"[{""name"": ""Hotel Rajmahal (stay 1)"", ""lat"": 26.179601, ""lng"": 91.74573}, {""name"": ""Nehru Park"", ""lat"": 26.1857, ""lng"": 91.7477}, {""name"": ""Pan Bazaar"", ""lat"": 26.1856, ""lng"": 91.7455}, {""name"": ""Dighalipukhuri"", ""lat"": 26.1861, ""lng"": 91.7503}, {""name"": ""Guwahati Planetarium"", ""lat"": 26.1856, ""lng"": 91.7625}, {""name"": ""Kamakhya Temple"", ""lat"": 26.1664, ""lng"": 91.7055}, {""name"": ""En route to Kamakhya Temple"", ""lat"": 26.1792, ""lng"": 91.7435}, {""name"": ""En route to Kamakhya Temple"", ""lat"": 26.1728, ""lng"": 91.7245}, {""name"": ""En route to Hotel Rajmahal (stay 1)"", ""lat"": 26.173001, ""lng"": 91.725615}]","[{""name"": ""Rohan Das"", ""phone"": ""+91-6416267993"", ""relation"": ""family""}, {""name"": ""Hemanta Phukan"", ""phone"": ""+91-8074308838"", ""relation"": ""spouse""}, {""name"": ""Mridula Baishya"", ""phone"": ""+91-8855539877"", ""relation"": ""colleague""}, {""name"": ""Bishal Kumar"", ""phone"": ""+91-8256034273"", ""relation"": ""friend""}]",2026-09-09 07:00:00,2026-09-11 15:00:00,,,,100.0,1,active,2026-08-25 05:00:00,normal,Guwahati City Break
645,STS-4FFEB704A942,Hemanta Reddy,Indian,aadhaar,XXXX-XXXX-6314,+91-6421596507,"[{""name"": ""Ygdrasill Bamboo Resort, Cherrapunji (stay 1)"", ""lat"": 26.185671, ""lng"": 91.736009}, {""name"": ""Kamakhya Temple"", ""lat"": 26.1664, ""lng"": 91.7055}, {""name"": ""Fancy Bazaar"", ""lat"": 26.1836, ""lng"": 91.7434}, {""name"": ""Pan Bazaar"", ""lat"": 26.1856, ""lng"": 91.7455}, {""name"": ""Nehru Park"", ""lat"": 26.1857, ""lng"": 91.7477}, {""name"": ""Assam State Museum"", ""lat"": 26.1857, ""lng"": 91.7481}, {""name"": ""Umananda Island"", ""lat"": 26.1964, ""lng"": 91.7453}, {""name"": ""En route to Fancy Bazaar"", ""lat"": 26.175, ""lng"": 91.72445}, {""name"": ""En route to Kamakhya Temple"", ""lat"": 26.176035, ""lng"": 91.720754}]","[{""name"": ""Riya Medhi"", ""phone"": ""+91-8579593931"", ""relation"": ""family""}]",2026-08-19 07:15:00,2026-08-22 20:15:00,26.185295,91.735952,2026-08-22 06:56:02,81.0,1,active,2026-08-03 22:15:00,normal,Guwahati City Break
646,STS-2F58CDC0220B,Tanvi Gogoi,Indian,aadhaar,XXXX-XXXX-2801,+91-6074094918,"[{""name"": ""Radisson Blu Guwahati (stay 1)"", ""lat"": 26.636473, ""lng"": 92.799089}, {""name"": ""Tezpur"", ""lat"": 26.6338, ""lng"": 92.8}, {""name"": ""Vivanta Guwahati (stay 2)"", ""lat"": 26.179731, ""lng"": 91.751688}, {""name"": ""Guwahati Railway Station"", ""lat"": 26.1824, ""lng"": 91.7513}, {""name"": ""Brahmaputra Jungle Resort (stay 3)"", ""lat"": 27.584361, ""lng"": 91.861494}, {""name"": ""Tawang Monastery"", ""lat"": 27.5861, ""lng"": 91.8594}, {""name"": ""Diphlu River Lodge, Kaziranga (stay 4)"", ""lat"": 27.54585, ""lng"": 93.834224}, {""name"": ""Ziro Valley"", ""lat"": 27.5448, ""lng"": 93.832}]","[{""name"": ""Bhaskar Singh"", ""phone"": ""+91-6047886608"", ""relation"": ""family""}, {""name"": ""Debojit Nath"", ""phone"": ""+91-9778371834"", ""relation"": ""spouse""}, {""name"": ""Radisson Blu Guwahati Front Desk"", ""phone"": ""+91-8955050116"", ""relation"": ""hotel""}]",2026-07-26 08:00:00,2026-08-03 13:00:00,27.545471,93.834154,2026-08-03 06:55:29,82.0,1,active,2026-07-16 08:00:00,geofence_intrusion,Arunachal High Himalaya
647,STS-DD3AA7D73BB4,Dhruv Rajkhowa,Indian,aadhaar,XXXX-XXXX-9600,+91-8028551749,"[{""name"": ""Wild Mahseer, Balipara (stay 1)"", ""lat"": 26.180562, ""lng"": 91.742923}, {""name"": ""Kamakhya Temple"", ""lat"": 26.1664, ""lng"": 91.7055}, {""name"": ""Nehru Park"", ""lat"": 26.1857, ""lng"": 91.7477}, {""name"": ""Assam State Museum"", ""lat"": 26.1857, ""lng"": 91.7481}, {""name"": ""Dighalipukhuri"", ""lat"": 26.1861, ""lng"": 91.7503}, {""name"": ""Brahmaputra Riverfront"", ""lat"": 26.1905, ""lng"": 91.748}, {""name"": ""Gandhi Mandap, Sarania Hill"", ""lat"": 26.175, ""lng"": 91.758}, {""name"": ""En route to Nehru Park"", ""lat"": 26.17605, ""lng"": 91.7266}, {""name"": ""En route to Kamakhya Temple"", ""lat"": 26.173481, ""lng"": 91.724211}]","[{""name"": ""Aarav Phukan"", ""phone"": ""+91-8336752791"", ""relation"": ""family""}, {""name"": ""Siddharth Hazarika"", ""phone"": ""+91-8864528822"", ""relation"": ""spouse""}, {""name"": ""Riya Sen"", ""phone"": ""+91-9675275714"", ""relation"": ""family""}, {""name"": ""Chandana Singh"", ""phone"": ""+91-7520933088"", ""relation"": ""colleague""}]",2026-08-29 06:15:00,2026-09-03 15:15:00,26.180685,91.74306,2026-09-03 06:50:46,50.9,1,active,2026-08-08 13:15:00,abduction_pattern,Guwahati City Break
648,STS-0B3665CFF832,Anjali Choudhury,Indian,aadhaar,XXXX-XXXX-2823,+91-6918795854,"[{""name"": ""Brahmaputra Jungle Resort (stay 1)"", ""lat"": 26.363048, ""lng"": 91.632136}, {""name"": ""Madan Kamdev Ruins"", ""lat"": 26.3667, ""lng"": 91.6333}, {""name"": ""Dolma Homestay, Tawang (stay 2)"", ""lat"": 26.24958, ""lng"": 91.518226}, {""name"": ""Hajo Pilgrimage Town"", ""lat"": 26.25, ""lng"": 91.5167}, {""name"": ""Ygdrasill Bamboo Resort, Cherrapunji (stay 3)"", ""lat"": 26.194975, ""lng"": 91.745245}, {""name"": ""Umananda Island"", ""lat"": 26.1964, ""lng"": 91.7453}]","[{""name"": ""Gitanjali Nair"", ""phone"": ""+91-6612543568"", ""relation"": ""family""}]",2026-08-03 06:15:00,2026-08-06 16:15:00,26.194879,91.745085,2026-08-06 06:38:58,64.8,0,active,2026-07-13 23:15:00,normal,Guwahati Pilgrimage Circuit
649,STS-C7785F770599,Ethan Rodriguez,American,passport,467606416,+1-9581866235,"[{""name"": ""Ygdrasill Bamboo Resort, Cherrapunji (stay 1)"", ""lat"": 25.197966, ""lng"": 91.964808}, {""name"": ""Dawki / Umngot River"", ""lat"": 25.19, ""lng"": 92.02}, {""name"": ""Mawlynnong Village"", ""lat"": 25.2, ""lng"": 91.9167}, {""name"": ""Ri Kynjai, Umiam (stay 2)"", ""lat"": 25.269537, ""lng"": 91.696246}, {""name"": ""Living Root Bridge, Nongriat"", ""lat"": 25.247, ""lng"": 91.715}, {""name"": ""Cherrapunji (Sohra)"", ""lat"": 25.2912, ""lng"": 91.6783}, {""name"": ""Hotel Rajmahal (stay 3)"", ""lat"": 25.580267, ""lng"": 91.890006}, {""name"": ""Shillong"", ""lat"": 25.5788, ""lng"": 91.8933}, {""name"": ""En route to Mawlynnong Village"", ""lat"": 25.192, ""lng"": 91.99934}, {""name"": ""En route to Mawlynnong Village"", ""lat"": 25.194, ""lng"": 91.97868}, {""name"": ""En route to Mawlynnong Village"", ""lat"": 25.196, ""lng"": 91.95802}, {""name"": ""En route to Mawlynnong Village"", ""lat"": 25.198, ""lng"": 91.93736}, {""name"": ""En route to Cherrapunji (Sohra)"", ""lat"": 25.261733, ""lng"": 91.702767}, {""name"": ""En route to Cherrapunji (Sohra)"", ""lat"": 25.276467, ""lng"": 91.690533}, {""name"": ""En route to Dawki / Umngot River"", ""lat"": 25.195311, ""lng"": 91.983205}, {""name"": ""En route to Dawki / Umngot River"", ""lat"": 25.192655, ""lng"": 92.001603}, {""name"": ""En route to Ygdrasill Bamboo Resort, Cherrapunji (stay 1)"", ""lat"": 25.198983, ""lng"": 91.940754}, {""name"": ""En route to Living Root Bridge, Nongriat"", ""lat"": 25.258268, ""lng"": 91.705623}, {""name"": ""En route to Ri Kynjai, Umiam (stay 2)"", ""lat"": 25.280369, ""lng"": 91.687273}]","[{""name"": ""Amanda Brown"", ""phone"": ""+1-8702135070"", ""relation"": ""family""}, {""name"": ""Amanda Brown"", ""phone"": ""+1-9195967160"", ""relation"": ""spouse""}]",2026-07-23 11:00:00,2026-08-01 20:00:00,25.580648,91.889638,2026-08-01 07:03:36,78.6,1,active,2026-07-16 01:00:00,geofence_intrusion,Meghalaya Loop
650,STS-FA4F19A448FA,Ishita Patel,Indian,aadhaar,XXXX-XXXX-8138,+91-8109271809,"[{""name"": ""Hotel Rajmahal (stay 1)"", ""lat"": 26.148175, ""lng"": 91.782567}, {""name"": ""Six Mile"", ""lat"": 26.135, ""lng"": 91.805}, {""name"": ""Dispur Secretariat"", ""lat"": 26.142, ""lng"": 91.79}, {""name"": ""Ganeshguri Junction"", ""lat"": 26.147, ""lng"": 91.79}, {""name"": ""Guwahati Railway Station"", ""lat"": 26.1824, ""lng"": 91.7513}, {""name"": ""Radisson Blu Guwahati (stay 2)"", ""lat"": 26.109292, ""lng"": 91.584976}, {""name"": ""LGB International Airport"", ""lat"": 26.1061, ""lng"": 91.5859}, {""name"": ""En route to Guwahati Railway Station"", ""lat"": 26.1588, ""lng"": 91.7771}, {""name"": ""En route to Guwahati Railway Station"", ""lat"": 26.1706, ""lng"": 91.7642}, {""name"": ""En route to Hotel Rajmahal (stay 1)"", ""lat"": 26.165287, ""lng"": 91.766933}, {""name"": ""En route to Six Mile"", ""lat"": 26.141587, ""lng"": 91.793784}]","[{""name"": ""Debojit Barua"", ""phone"": ""+91-7403547108"", ""relation"": ""family""}, {""name"": ""Divya Das"", ""phone"": ""+91-9187299776"", ""relation"": ""spouse""}, {""name"": ""Priya Kalita"", ""phone"": ""+91-8594956883"", ""relation"": ""parent""}, {""name"": ""Nikhil Choudhury"", ""phone"": ""+91-6707068741"", ""relation"": ""sibling""}]",2026-08-16 06:45:00,2026-08-18 15:45:00,26.109207,91.584807,2026-08-18 06:49:27,80.5,1,active,2026-07-31 08:45:00,inactivity,Business / Transit Stay
651,STS-545CEACCFE98,Aarav Rajkhowa,Indian,voterid,YYN4252590,+91-9647722850,"[{""name"": ""Novotel Guwahati GS Road (stay 1)"", ""lat"": 26.166703, ""lng"": 91.563897}, {""name"": ""Sualkuchi Silk Village"", ""lat"": 26.1667, ""lng"": 91.5667}, {""name"": ""Kiranshree Portico (stay 2)"", ""lat"": 26.186731, ""lng"": 91.740592}, {""name"": ""Fancy Bazaar"", ""lat"": 26.1836, ""lng"": 91.7434}, {""name"": ""Pan Bazaar"", ""lat"": 26.1856, ""lng"": 91.7455}]","[{""name"": ""Utpal Barua"", ""phone"": ""+91-6234247252"", ""relation"": ""family""}, {""name"": ""Siddharth Kumar"", ""phone"": ""+91-9740364793"", ""relation"": ""spouse""}]",2026-07-30 09:15:00,2026-08-02 12:15:00,26.186691,91.74042,2026-08-02 06:52:59,79.2,0,active,2026-07-15 21:15:00,normal,Guwahati Market & Heritage Walk
652,STS-251CF1AE7445,Emma Roy,Canadian,passport,HJ046035,+1-6640748447,"[{""name"": ""Vivanta Guwahati (stay 1)"", ""lat"": 26.171437, ""lng"": 91.770449}, {""name"": ""Srimanta Sankaradeva Kalakshetra"", ""lat"": 26.144, ""lng"": 91.8058}, {""name"": ""Paltan Bazaar"", ""lat"": 26.1817, ""lng"": 91.7503}, {""name"": ""Fancy Bazaar"", ""lat"": 26.1836, ""lng"": 91.7434}, {""name"": ""En route to Paltan Bazaar"", ""lat"": 26.156567, ""lng"": 91.7873}, {""name"": ""En route to Paltan Bazaar"", ""lat"": 26.169133, ""lng"": 91.7688}, {""name"": ""En route to Srimanta Sankaradeva Kalakshetra"", ""lat"": 26.157719, ""lng"": 91.788125}, {""name"": ""En route to Vivanta Guwahati (stay 1)"", ""lat"": 26.177518, ""lng"": 91.756924}]","[{""name"": ""Ava Cote"", ""phone"": ""+1-5651863395"", ""relation"": ""family""}, {""name"": ""Logan Cote"", ""phone"": ""+1-6751119127"", ""relation"": ""spouse""}]",2026-07-27 11:30:00,2026-08-01 01:30:00,26.171309,91.770483,2026-07-31 06:42:53,80.1,1,active,2026-07-09 12:30:00,high_speed_transit,Guwahati Market & Heritage Walk
653,STS-F0F517EEB2E0,Olivia Rodriguez,American,passport,180858060,+1-2832213021,"[{""name"": ""Diphlu River Lodge, Kaziranga (stay 1)"", ""lat"": 26.107119, ""lng"": 91.622199}, {""name"": ""Deepor Beel Wildlife Sanctuary"", ""lat"": 26.12, ""lng"": 91.65}, {""name"": ""Accoland Water Park"", ""lat"": 26.09, ""lng"": 91.59}, {""name"": ""La Maison de Ananda, Majuli (stay 2)"", ""lat"": 26.180309, ""lng"": 91.786929}, {""name"": ""Assam State Zoo & Botanical Garden"", ""lat"": 26.178, ""lng"": 91.786}, {""name"": ""Radisson Blu Guwahati (stay 3)"", ""lat"": 26.234975, ""lng"": 92.081135}, {""name"": ""Pobitora Wildlife Sanctuary"", ""lat"": 26.2333, ""lng"": 92.0833}, {""name"": ""Brahmaputra Jungle Resort (stay 4)"", ""lat"": 25.929787, ""lng"": 91.434672}, {""name"": ""Chandubi Lake"", ""lat"": 25.9333, ""lng"": 91.4333}, {""name"": ""En route to Accoland Water Park"", ""lat"": 26.11, ""lng"": 91.63}, {""name"": ""En route to Accoland Water Park"", ""lat"": 26.1, ""lng"": 91.61}, {""name"": ""En route to Diphlu River Lodge, Kaziranga (stay 1)"", ""lat"": 26.09856, ""lng"": 91.606099}, {""name"": ""En route to Deepor Beel Wildlife Sanctuary"", ""lat"": 26.11356, ""lng"": 91.6361}]","[{""name"": ""Daniel Smith"", ""phone"": ""+1-1491560587"", ""relation"": ""family""}, {""name"": ""James Wilson"", ""phone"": ""+1-7759713037"", ""relation"": ""spouse""}, {""name"": ""American Consulate, Kolkata"", ""phone"": ""+91-8476896832"", ""relation"": ""embassy""}, {""name"": ""Emily Rodriguez"", ""phone"": ""+1-7261535690"", ""relation"": ""family""}]",2026-07-22 10:45:00,2026-07-24 22:45:00,26.234958,92.081475,2026-07-24 07:05:53,81.4,1,active,2026-07-14 11:45:00,normal,Guwahati Nature & Wildlife
654,STS-30D7C6F6C608,Junmoni Choudhury,Indian,aadhaar,XXXX-XXXX-4658,+91-9689690045,"[{""name"": ""Ri Kynjai, Umiam (stay 1)"", ""lat"": 25.259806, ""lng"": 91.699908}, {""name"": ""Living Root Bridge, Nongriat"", ""lat"": 25.247, ""lng"": 91.715}, {""name"": ""Nohkalikai Falls"", ""lat"": 25.276, ""lng"": 91.6857}, {""name"": ""Kiranshree Portico (stay 2)"", ""lat"": 25.193626, ""lng"": 91.970277}, {""name"": ""Mawlynnong Village"", ""lat"": 25.2, ""lng"": 91.9167}, {""name"": ""Dawki / Umngot River"", ""lat"": 25.19, ""lng"": 92.02}, {""name"": ""Ri Kynjai, Umiam (stay 3)"", ""lat"": 25.575537, ""lng"": 91.891226}, {""name"": ""Shillong"", ""lat"": 25.5788, ""lng"": 91.8933}, {""name"": ""Dolma Homestay, Tawang (stay 4)"", ""lat"": 26.185844, ""lng"": 91.752601}, {""name"": ""Guwahati Railway Station"", ""lat"": 26.1824, ""lng"": 91.7513}, {""name"": ""En route to Dawki / Umngot River"", ""lat"": 25.198, ""lng"": 91.93736}, {""name"": ""En route to Dawki / Umngot River"", ""lat"": 25.196, ""lng"": 91.95802}, {""name"": ""En route to Dawki / Umngot River"", ""lat"": 25.194, ""lng"": 91.97868}, {""name"": ""En route to Dawki / Umngot River"", ""lat"": 25.192, ""lng"": 91.99934}, {""name"": ""En route to Mawlynnong Village"", ""lat"": 25.195751, ""lng"": 91.952418}, {""name"": ""En route to Mawlynnong Village"", ""lat"": 25.197875, ""lng"": 91.934559}, {""name"": ""En route to Kiranshree Portico (stay 2)"", ""lat"": 25.191209, ""lng"": 92.003426}, {""name"": ""En route to Kiranshree Portico (stay 2)"", ""lat"": 25.192417, ""lng"": 91.986851}, {""name"": ""En route to Nohkalikai Falls"", ""lat"": 25.2615, ""lng"": 91.70035}]","[{""name"": ""Ananya Banerjee"", ""phone"": ""+91-7724867176"", ""relation"": ""family""}, {""name"": ""Ananya Ghosh"", ""phone"": ""+91-8783582062"", ""relation"": ""spouse""}, {""name"": ""Pranjal Kalita"", ""phone"": ""+91-9922497750"", ""relation"": ""embassy""}]",2026-07-25 11:30:00,2026-07-30 15:30:00,26.186142,91.75224,2026-07-30 06:47:59,80.2,1,active,2026-07-12 10:30:00,geofence_intrusion,Meghalaya Loop
655,STS-EFBBB119E5DC,Sneha Kumar,Indian,aadhaar,XXXX-XXXX-7739,+91-8249127920,"[{""name"": ""Radisson Blu Guwahati (stay 1)"", ""lat"": 26.180204, ""lng"": 91.744226}, {""name"": ""Brahmaputra Riverfront"", ""lat"": 26.1905, ""lng"": 91.748}, {""name"": ""Assam State Museum"", ""lat"": 26.1857, ""lng"": 91.7481}, {""name"": ""Guwahati Planetarium"", ""lat"": 26.1856, ""lng"": 91.7625}, {""name"": ""Gandhi Mandap, Sarania Hill"", ""lat"": 26.175, ""lng"": 91.758}, {""name"": ""Kamakhya Temple"", ""lat"": 26.1664, ""lng"": 91.7055}, {""name"": ""En route to Kamakhya Temple"", ""lat"": 26.172133, ""lng"": 91.7405}, {""name"": ""En route to Kamakhya Temple"", ""lat"": 26.169267, ""lng"": 91.723}, {""name"": ""En route to Radisson Blu Guwahati (stay 1)"", ""lat"": 26.173302, ""lng"": 91.724863}]","[{""name"": ""Utpal Gogoi"", ""phone"": ""+91-7462959260"", ""relation"": ""family""}, {""name"": ""Mridula Iyer"", ""phone"": ""+91-6301432443"", ""relation"": ""spouse""}, {""name"": ""Manish Bora"", ""phone"": ""+91-8438920710"", ""relation"": ""spouse""}]",2026-09-09 05:45:00,2026-09-14 15:45:00,,,,100.0,1,active,2026-08-20 22:45:00,normal,Guwahati City Break
656,STS-77CF3D1838BD,Logan Gagnon,Canadian,passport,HJ915811,+1-9702348854,"[{""name"": ""Hotel Rajmahal (stay 1)"", ""lat"": 26.152511, ""lng"": 91.783342}, {""name"": ""Guwahati Railway Station"", ""lat"": 26.1824, ""lng"": 91.7513}, {""name"": ""Dispur Secretariat"", ""lat"": 26.142, ""lng"": 91.79}, {""name"": ""Six Mile"", ""lat"": 26.135, ""lng"": 91.805}, {""name"": ""En route to Dispur Secretariat"", ""lat"": 26.168933, ""lng"": 91.7642}, {""name"": ""En route to Dispur Secretariat"", ""lat"": 26.155467, ""lng"": 91.7771}, {""name"": ""En route to Guwahati Railway Station"", ""lat"": 26.167456, ""lng"": 91.767321}, {""name"": ""En route to Hotel Rajmahal (stay 1)"", ""lat"": 26.143756, ""lng"": 91.794171}]","[{""name"": ""Logan Cote"", ""phone"": ""+1-9646928125"", ""relation"": ""family""}, {""name"": ""Owen Bouchard"", ""phone"": ""+1-1033998673"", ""relation"": ""spouse""}]",2026-08-16 11:00:00,2026-08-19 17:00:00,26.152491,91.783455,2026-08-19 07:08:19,79.2,1,active,2026-08-10 12:00:00,abduction_pattern,Business / Transit Stay
657,STS-2F26F4A37EF3,Jonas Wagner,German,passport,C85604977,+49-4867805416,"[{""name"": ""Diphlu River Lodge, Kaziranga (stay 1)"", ""lat"": 26.103537, ""lng"": 91.584799}, {""name"": ""LGB International Airport"", ""lat"": 26.1061, ""lng"": 91.5859}, {""name"": ""Hotel Rajmahal (stay 2)"", ""lat"": 25.582138, ""lng"": 91.889855}, {""name"": ""Shillong"", ""lat"": 25.5788, ""lng"": 91.8933}, {""name"": ""Novotel Guwahati GS Road (stay 3)"", ""lat"": 26.576226, ""lng"": 93.167372}, {""name"": ""Kaziranga National Park"", ""lat"": 26.5775, ""lng"": 93.1711}, {""name"": ""Hotel Dynasty, Lakhtokia (stay 4)"", ""lat"": 25.678509, ""lng"": 94.108498}, {""name"": ""Kohima"", ""lat"": 25.6751, ""lng"": 94.1086}, {""name"": ""Brahmaputra Jungle Resort (stay 5)"", ""lat"": 23.72352, ""lng"": 92.717448}, {""name"": ""Aizawl"", ""lat"": 23.7271, ""lng"": 92.7176}, {""name"": ""Radisson Blu Guwahati (stay 6)"", ""lat"": 27.335124, ""lng"": 88.609945}, {""name"": ""Gangtok"", ""lat"": 27.3314, ""lng"": 88.6138}]","[{""name"": ""Jonas Schneider"", ""phone"": ""+49-5491059813"", ""relation"": ""family""}, {""name"": ""Jonas Wagner"", ""phone"": ""+49-6400051117"", ""relation"": ""spouse""}, {""name"": ""German Consulate, Kolkata"", ""phone"": ""+91-6698873489"", ""relation"": ""embassy""}]",2026-08-22 05:30:00,2026-09-06 11:30:00,27.335404,88.609735,2026-09-05 18:29:35,73.7,1,active,2026-08-03 12:30:00,normal,Seven Sisters Grand Tour
658,STS-D033C85629E6,Rumana Uddin,Bangladeshi,passport,BX6200870,+880-8218315610,"[{""name"": ""Hotel Nandan (stay 1)"", ""lat"": 26.577532, ""lng"": 93.169088}, {""name"": ""Kaziranga National Park"", ""lat"": 26.5775, ""lng"": 93.1711}, {""name"": ""Brahmaputra Jungle Resort (stay 2)"", ""lat"": 25.678809, ""lng"": 94.10833}, {""name"": ""Kohima"", ""lat"": 25.6751, ""lng"": 94.1086}, {""name"": ""La Maison de Ananda, Majuli (stay 3)"", ""lat"": 23.726683, ""lng"": 92.718023}, {""name"": ""Aizawl"", ""lat"": 23.7271, ""lng"": 92.7176}, {""name"": ""Novotel Guwahati GS Road (stay 4)"", ""lat"": 23.828943, ""lng"": 91.290725}, {""name"": ""Agartala"", ""lat"": 23.8315, ""lng"": 91.2868}]","[{""name"": ""Rumana Sarkar"", ""phone"": ""+880-6287583820"", ""relation"": ""family""}, {""name"": ""Fatima Ahmed"", ""phone"": ""+880-3263631184"", ""relation"": ""spouse""}]",2026-08-11 06:15:00,2026-08-23 19:15:00,23.829155,91.290496,2026-08-23 06:50:01,78.5,1,active,2026-08-04 16:15:00,normal,Seven Sisters Grand Tour
659,STS-1668B73FFDE7,Meera Saikia,Indian,aadhaar,XXXX-XXXX-3276,+91-9424422351,"[{""name"": ""Hotel Dynasty, Lakhtokia (stay 1)"", ""lat"": 26.632997, ""lng"": 92.802229}, {""name"": ""Tezpur"", ""lat"": 26.6338, ""lng"": 92.8}, {""name"": ""Brahmaputra Jungle Resort (stay 2)"", ""lat"": 26.18607, ""lng"": 91.747787}, {""name"": ""Guwahati Railway Station"", ""lat"": 26.1824, ""lng"": 91.7513}, {""name"": ""Kiranshree Portico (stay 3)"", ""lat"": 27.589632, ""lng"": 91.862452}, {""name"": ""Tawang Monastery"", ""lat"": 27.5861, ""lng"": 91.8594}, {""name"": ""Hotel Dynasty, Lakhtokia (stay 4)"", ""lat"": 27.542894, ""lng"": 93.831755}, {""name"": ""Ziro Valley"", ""lat"": 27.5448, ""lng"": 93.832}]","[{""name"": ""Aarav Phukan"", ""phone"": ""+91-9443566971"", ""relation"": ""family""}, {""name"": ""Pranjal Das"", ""phone"": ""+91-7131052150"", ""relation"": ""spouse""}]",2026-08-17 05:30:00,2026-08-30 14:30:00,27.542524,93.831917,2026-08-30 06:32:00,83.5,1,active,2026-07-28 07:30:00,high_speed_transit,Arunachal High Himalaya
660,STS-CDD96CB9BF8A,Rupam Singh,Indian,aadhaar,XXXX-XXXX-5771,+91-9292417611,"[{""name"": ""Hotel Rajmahal (stay 1)"", ""lat"": 25.931224, ""lng"": 91.434103}, {""name"": ""Chandubi Lake"", ""lat"": 25.9333, ""lng"": 91.4333}, {""name"": ""Radisson Blu Guwahati (stay 2)"", ""lat"": 26.107735, ""lng"": 91.622148}, {""name"": ""Accoland Water Park"", ""lat"": 26.09, ""lng"": 91.59}, {""name"": ""Deepor Beel Wildlife Sanctuary"", ""lat"": 26.12, ""lng"": 91.65}, {""name"": ""Hotel Polo Towers, Shillong (stay 3)"", ""lat"": 26.177411, ""lng"": 91.782001}, {""name"": ""Assam State Zoo & Botanical Garden"", ""lat"": 26.178, ""lng"": 91.786}, {""name"": ""En route to Deepor Beel Wildlife Sanctuary"", ""lat"": 26.1, ""lng"": 91.61}, {""name"": ""En route to Deepor Beel Wildlife Sanctuary"", ""lat"": 26.11, ""lng"": 91.63}, {""name"": ""En route to Accoland Water Park"", ""lat"": 26.098868, ""lng"": 91.606074}, {""name"": ""En route to Radisson Blu Guwahati (stay 2)"", ""lat"": 26.113868, ""lng"": 91.636074}]","[{""name"": ""Nikhil Saikia"", ""phone"": ""+91-8448897423"", ""relation"": ""family""}]",2026-08-31 11:45:00,2026-09-05 14:45:00,26.177547,91.782039,2026-09-05 06:40:04,81.2,1,active,2026-08-25 02:45:00,normal,Guwahati Nature & Wildlife
661,STS-72B043C048C3,Nikhil Barua,Indian,aadhaar,XXXX-XXXX-6543,+91-6244957375,"[{""name"": ""Brahmaputra Jungle Resort (stay 1)"", ""lat"": 26.109859, ""lng"": 91.589472}, {""name"": ""LGB International Airport"", ""lat"": 26.1061, ""lng"": 91.5859}, {""name"": ""La Maison de Ananda, Majuli (stay 2)"", ""lat"": 26.155334, ""lng"": 91.782504}, {""name"": ""Guwahati Railway Station"", ""lat"": 26.1824, ""lng"": 91.7513}, {""name"": ""Dispur Secretariat"", ""lat"": 26.142, ""lng"": 91.79}, {""name"": ""Six Mile"", ""lat"": 26.135, ""lng"": 91.805}, {""name"": ""En route to Dispur Secretariat"", ""lat"": 26.168933, ""lng"": 91.7642}, {""name"": ""En route to Dispur Secretariat"", ""lat"": 26.155467, ""lng"": 91.7771}, {""name"": ""En route to Guwahati Railway Station"", ""lat"": 26.168867, ""lng"": 91.766902}, {""name"": ""En route to La Maison de Ananda, Majuli (stay 2)"", ""lat"": 26.145167, ""lng"": 91.793752}]","[{""name"": ""Anurag Deka"", ""phone"": ""+91-6450698274"", ""relation"": ""family""}, {""name"": ""Priya Mishra"", ""phone"": ""+91-6440642847"", ""relation"": ""spouse""}]",2026-08-02 05:15:00,2026-08-04 13:15:00,26.155706,91.782217,2026-08-04 06:46:22,80.4,1,active,2026-07-25 20:15:00,normal,Business / Transit Stay
662,STS-9E0696BFBC83,Ishita Bhattacharya,Indian,passport,Z9044956,+91-9160830548,"[{""name"": ""Hotel Polo Towers, Shillong (stay 1)"", ""lat"": 26.107172, ""lng"": 91.583197}, {""name"": ""LGB International Airport"", ""lat"": 26.1061, ""lng"": 91.5859}, {""name"": ""Ginger Guwahati (stay 2)"", ""lat"": 26.63113, ""lng"": 92.801578}, {""name"": ""Tezpur"", ""lat"": 26.6338, ""lng"": 92.8}, {""name"": ""Vivanta Guwahati (stay 3)"", ""lat"": 26.750514, ""lng"": 94.206708}, {""name"": ""Jorhat"", ""lat"": 26.7509, ""lng"": 94.2037}, {""name"": ""Ri Kynjai, Umiam (stay 4)"", ""lat"": 26.95263, ""lng"": 94.170017}, {""name"": ""Majuli River Island"", ""lat"": 26.95, ""lng"": 94.17}, {""name"": ""La Maison de Ananda, Majuli (stay 5)"", ""lat"": 26.981101, ""lng"": 94.641087}, {""name"": ""Sivasagar"", ""lat"": 26.9826, ""lng"": 94.6425}]","[{""name"": ""Ananya Deka"", ""phone"": ""+91-6839347473"", ""relation"": ""family""}, {""name"": ""Rupam Das"", ""phone"": ""+91-9753787865"", ""relation"": ""spouse""}, {""name"": ""Bishal Singh"", ""phone"": ""+91-6030269253"", ""relation"": ""colleague""}]",2026-09-03 07:45:00,2026-09-15 19:45:00,26.953002,94.169801,2026-09-05 18:06:56,69.2,1,active,2026-08-15 08:45:00,device_fall,Upper Assam Wildlife Trail
663,STS-10FF244D2082,Rumana Alam,Bangladeshi,passport,BX1750927,+880-2711978577,"[{""name"": ""Diphlu River Lodge, Kaziranga (stay 1)"", ""lat"": 23.72849, ""lng"": 92.720933}, {""name"": ""Aizawl"", ""lat"": 23.7271, ""lng"": 92.7176}, {""name"": ""Diphlu River Lodge, Kaziranga (stay 2)"", ""lat"": 23.828754, ""lng"": 91.284059}, {""name"": ""Agartala"", ""lat"": 23.8315, ""lng"": 91.2868}, {""name"": ""La Maison de Ananda, Majuli (stay 3)"", ""lat"": 25.676977, ""lng"": 94.110618}, {""name"": ""Kohima"", ""lat"": 25.6751, ""lng"": 94.1086}, {""name"": ""Dolma Homestay, Tawang (stay 4)"", ""lat"": 26.577581, ""lng"": 93.167968}, {""name"": ""Kaziranga National Park"", ""lat"": 26.5775, ""lng"": 93.1711}, {""name"": ""Diphlu River Lodge, Kaziranga (stay 5)"", ""lat"": 27.328931, ""lng"": 88.616536}, {""name"": ""Gangtok"", ""lat"": 27.3314, ""lng"": 88.6138}]","[{""name"": ""Ayesha Chowdhury"", ""phone"": ""+880-1255560052"", ""relation"": ""family""}, {""name"": ""Sabina Alam"", ""phone"": ""+880-9125702436"", ""relation"": ""spouse""}]",2026-08-10 05:45:00,2026-08-25 16:45:00,27.328645,88.616775,2026-08-25 06:47:32,81.5,0,active,2026-07-19 10:45:00,normal,Seven Sisters Grand Tour
664,STS-7F9973CFE8B4,Rituparna Sharma,Indian,aadhaar,XXXX-XXXX-6315,+91-6185610656,"[{""name"": ""Radisson Blu Guwahati (stay 1)"", ""lat"": 26.188723, ""lng"": 91.750486}, {""name"": ""Umananda Island"", ""lat"": 26.1964, ""lng"": 91.7453}, {""name"": ""Brahmaputra Riverfront"", ""lat"": 26.1905, ""lng"": 91.748}, {""name"": ""Assam State Museum"", ""lat"": 26.1857, ""lng"": 91.7481}, {""name"": ""Dighalipukhuri"", ""lat"": 26.1861, ""lng"": 91.7503}]","[{""name"": ""Mridula Verma"", ""phone"": ""+91-7842129810"", ""relation"": ""family""}, {""name"": ""Simanta Verma"", ""phone"": ""+91-9367927584"", ""relation"": ""spouse""}]",2026-07-23 10:15:00,2026-07-25 22:15:00,26.189069,91.750295,2026-07-25 06:36:54,80.0,1,active,2026-07-16 15:15:00,normal,Guwahati City Break
665,STS-31CBAF5E3476,Anjana Gurung,Nepali,passport,NP4940060,+977-6822252665,"[{""name"": ""Kiranshree Portico (stay 1)"", ""lat"": 26.155262, ""lng"": 91.78137}, {""name"": ""Dispur Secretariat"", ""lat"": 26.142, ""lng"": 91.79}, {""name"": ""Ganeshguri Junction"", ""lat"": 26.147, ""lng"": 91.79}, {""name"": ""Six Mile"", ""lat"": 26.135, ""lng"": 91.805}, {""name"": ""Guwahati Railway Station"", ""lat"": 26.1824, ""lng"": 91.7513}, {""name"": ""Wild Mahseer, Balipara (stay 2)"", ""lat"": 26.106916, ""lng"": 91.588865}, {""name"": ""LGB International Airport"", ""lat"": 26.1061, ""lng"": 91.5859}, {""name"": ""En route to Guwahati Railway Station"", ""lat"": 26.14685, ""lng"": 91.791575}, {""name"": ""En route to Guwahati Railway Station"", ""lat"": 26.1587, ""lng"": 91.77815}, {""name"": ""En route to Guwahati Railway Station"", ""lat"": 26.17055, ""lng"": 91.764725}, {""name"": ""En route to Kiranshree Portico (stay 1)"", ""lat"": 26.168831, ""lng"": 91.766335}]","[{""name"": ""Prakash Rai"", ""phone"": ""+977-8044821176"", ""relation"": ""family""}, {""name"": ""Anjana Adhikari"", ""phone"": ""+977-5022337296"", ""relation"": ""spouse""}]",2026-09-06 09:15:00,2026-09-09 13:15:00,,,,100.0,1,active,2026-09-06 02:15:00,normal,Business / Transit Stay
666,STS-2149238294FE,Tanvi Das,Indian,aadhaar,XXXX-XXXX-7078,+91-6151896118,"[{""name"": ""Ginger Guwahati (stay 1)"", ""lat"": 26.106625, ""lng"": 91.621297}, {""name"": ""Accoland Water Park"", ""lat"": 26.09, ""lng"": 91.59}, {""name"": ""Deepor Beel Wildlife Sanctuary"", ""lat"": 26.12, ""lng"": 91.65}, {""name"": ""Hotel Dynasty, Lakhtokia (stay 2)"", ""lat"": 26.178456, ""lng"": 91.789237}, {""name"": ""Assam State Zoo & Botanical Garden"", ""lat"": 26.178, ""lng"": 91.786}, {""name"": ""Ginger Guwahati (stay 3)"", ""lat"": 26.233217, ""lng"": 92.084383}, {""name"": ""Pobitora Wildlife Sanctuary"", ""lat"": 26.2333, ""lng"": 92.0833}, {""name"": ""La Maison de Ananda, Majuli (stay 4)"", ""lat"": 25.935918, ""lng"": 91.430056}, {""name"": ""Chandubi Lake"", ""lat"": 25.9333, ""lng"": 91.4333}, {""name"": ""En route to Deepor Beel Wildlife Sanctuary"", ""lat"": 26.1, ""lng"": 91.61}, {""name"": ""En route to Deepor Beel Wildlife Sanctuary"", ""lat"": 26.11, ""lng"": 91.63}, {""name"": ""En route to Accoland Water Park"", ""lat"": 26.098312, ""lng"": 91.605649}, {""name"": ""En route to Ginger Guwahati (stay 1)"", ""lat"": 26.113312, ""lng"": 91.635649}]","[{""name"": ""Tanvi Das"", ""phone"": ""+91-7027664862"", ""relation"": ""family""}, {""name"": ""Kabir Gogoi"", ""phone"": ""+91-9020188950"", ""relation"": ""spouse""}]",2026-09-02 06:15:00,2026-09-06 19:15:00,25.935965,91.429918,2026-09-05 18:31:10,71.2,1,active,2026-08-23 04:15:00,normal,Guwahati Nature & Wildlife
667,STS-4F28F48AD16C,Jayanta Rajkhowa,Indian,aadhaar,XXXX-XXXX-1031,+91-8960950620,"[{""name"": ""Dolma Homestay, Tawang (stay 1)"", ""lat"": 26.167562, ""lng"": 91.56458}, {""name"": ""Sualkuchi Silk Village"", ""lat"": 26.1667, ""lng"": 91.5667}, {""name"": ""Kiranshree Portico (stay 2)"", ""lat"": 26.185269, ""lng"": 91.748732}, {""name"": ""Fancy Bazaar"", ""lat"": 26.1836, ""lng"": 91.7434}, {""name"": ""Pan Bazaar"", ""lat"": 26.1856, ""lng"": 91.7455}, {""name"": ""Paltan Bazaar"", ""lat"": 26.1817, ""lng"": 91.7503}, {""name"": ""Uzan Bazar Ghat"", ""lat"": 26.19, ""lng"": 91.759}]","[{""name"": ""Ishita Das"", ""phone"": ""+91-9682099001"", ""relation"": ""family""}, {""name"": ""Parag Dutta"", ""phone"": ""+91-8007580675"", ""relation"": ""spouse""}]",2026-08-21 10:45:00,2026-08-24 23:45:00,26.185234,91.748623,2026-08-24 06:46:14,81.3,1,active,2026-07-31 07:45:00,route_deviation,Guwahati Market & Heritage Walk
668,STS-CDEA69F7AE60,Kavya Ghosh,Indian,aadhaar,XXXX-XXXX-5557,+91-8370225045,"[{""name"": ""Hotel Nandan (stay 1)"", ""lat"": 26.169348, ""lng"": 91.739583}, {""name"": ""Navagraha Temple"", ""lat"": 26.1749, ""lng"": 91.7789}, {""name"": ""Kamakhya Temple"", ""lat"": 26.1664, ""lng"": 91.7055}, {""name"": ""Novotel Guwahati GS Road (stay 2)"", ""lat"": 26.367978, ""lng"": 91.629483}, {""name"": ""Madan Kamdev Ruins"", ""lat"": 26.3667, ""lng"": 91.6333}, {""name"": ""En route to Kamakhya Temple"", ""lat"": 26.172067, ""lng"": 91.754433}, {""name"": ""En route to Kamakhya Temple"", ""lat"": 26.169233, ""lng"": 91.729967}, {""name"": ""En route to Navagraha Temple"", ""lat"": 26.172124, ""lng"": 91.759242}, {""name"": ""En route to Hotel Nandan (stay 1)"", ""lat"": 26.167874, ""lng"": 91.722542}]","[{""name"": ""Aarav Singh"", ""phone"": ""+91-8870086928"", ""relation"": ""family""}, {""name"": ""Tanvi Verma"", ""phone"": ""+91-9996423945"", ""relation"": ""spouse""}]",2026-08-23 08:45:00,2026-08-26 13:45:00,26.368011,91.62938,2026-08-26 06:31:56,80.8,1,active,2026-08-19 16:45:00,normal,Guwahati Pilgrimage Circuit
669,STS-0BBC0373ED54,Anurag Patel,Indian,aadhaar,XXXX-XXXX-2043,+91-9655786870,"[{""name"": ""Wild Mahseer, Balipara (stay 1)"", ""lat"": 26.172734, ""lng"": 91.761181}, {""name"": ""Pan Bazaar"", ""lat"": 26.1856, ""lng"": 91.7455}, {""name"": ""Paltan Bazaar"", ""lat"": 26.1817, ""lng"": 91.7503}, {""name"": ""Uzan Bazar Ghat"", ""lat"": 26.19, ""lng"": 91.759}, {""name"": ""Srimanta Sankaradeva Kalakshetra"", ""lat"": 26.144, ""lng"": 91.8058}, {""name"": ""En route to Srimanta Sankaradeva Kalakshetra"", ""lat"": 26.174667, ""lng"": 91.7746}, {""name"": ""En route to Srimanta Sankaradeva Kalakshetra"", ""lat"": 26.159333, ""lng"": 91.7902}, {""name"": ""En route to Wild Mahseer, Balipara (stay 1)"", ""lat"": 26.153578, ""lng"": 91.790927}, {""name"": ""En route to Wild Mahseer, Balipara (stay 1)"", ""lat"": 26.163156, ""lng"": 91.776054}]","[{""name"": ""Vikram Nair"", ""phone"": ""+91-6412627150"", ""relation"": ""family""}]",2026-09-05 05:45:00,2026-09-09 10:45:00,26.172523,91.761358,2026-09-05 18:28:06,73.2,1,active,2026-08-31 05:45:00,route_deviation,Guwahati Market & Heritage Walk
670,STS-C6921018C5D7,Tamar Peretz,Israeli,passport,18938054,+972-183743595,"[{""name"": ""Hotel Polo Towers, Shillong (stay 1)"", ""lat"": 24.818994, ""lng"": 93.940338}, {""name"": ""Imphal"", ""lat"": 24.817, ""lng"": 93.9368}, {""name"": ""Novotel Guwahati GS Road (stay 2)"", ""lat"": 25.672802, ""lng"": 94.107542}, {""name"": ""Kohima"", ""lat"": 25.6751, ""lng"": 94.1086}, {""name"": ""Wild Mahseer, Balipara (stay 3)"", ""lat"": 26.580111, ""lng"": 93.174288}, {""name"": ""Kaziranga National Park"", ""lat"": 26.5775, ""lng"": 93.1711}, {""name"": ""Kiranshree Portico (stay 4)"", ""lat"": 26.1042, ""lng"": 91.583685}, {""name"": ""LGB International Airport"", ""lat"": 26.1061, ""lng"": 91.5859}, {""name"": ""Hotel Dynasty, Lakhtokia (stay 5)"", ""lat"": 25.57641, ""lng"": 91.893072}, {""name"": ""Shillong"", ""lat"": 25.5788, ""lng"": 91.8933}, {""name"": ""La Maison de Ananda, Majuli (stay 6)"", ""lat"": 27.32767, ""lng"": 88.615372}, {""name"": ""Gangtok"", ""lat"": 27.3314, ""lng"": 88.6138}]","[{""name"": ""Maayan Mizrahi"", ""phone"": ""+972-323681071"", ""relation"": ""family""}, {""name"": ""Shira Avraham"", ""phone"": ""+972-467892297"", ""relation"": ""spouse""}]",2026-07-25 11:30:00,2026-08-04 19:30:00,27.327439,88.615308,2026-08-05 06:47:57,83.2,1,active,2026-07-05 01:30:00,night_wanderer,Seven Sisters Grand Tour
671,STS-7D60411A0B0A,Tanvi Kalita,Indian,aadhaar,XXXX-XXXX-6575,+91-6165502617,"[{""name"": ""La Maison de Ananda, Majuli (stay 1)"", ""lat"": 26.182521, ""lng"": 91.737162}, {""name"": ""Guwahati Planetarium"", ""lat"": 26.1856, ""lng"": 91.7625}, {""name"": ""Umananda Island"", ""lat"": 26.1964, ""lng"": 91.7453}, {""name"": ""Kamakhya Temple"", ""lat"": 26.1664, ""lng"": 91.7055}, {""name"": ""En route to Kamakhya Temple"", ""lat"": 26.1864, ""lng"": 91.732033}, {""name"": ""En route to Kamakhya Temple"", ""lat"": 26.1764, ""lng"": 91.718767}, {""name"": ""En route to La Maison de Ananda, Majuli (stay 1)"", ""lat"": 26.174461, ""lng"": 91.721331}, {""name"": ""En route to Guwahati Planetarium"", ""lat"": 26.184061, ""lng"": 91.749831}]","[{""name"": ""Rohan Iyer"", ""phone"": ""+91-6529443160"", ""relation"": ""family""}, {""name"": ""Anurag Sen"", ""phone"": ""+91-7298078167"", ""relation"": ""spouse""}, {""name"": ""Hotel Dynasty, Lakhtokia Front Desk"", ""phone"": ""+91-6747498392"", ""relation"": ""hotel""}, {""name"": ""Chandana Mishra"", ""phone"": ""+91-8926048904"", ""relation"": ""friend""}]",2026-08-02 05:00:00,2026-08-04 15:00:00,26.182187,91.737111,2026-08-04 06:46:32,81.1,0,active,2026-07-19 05:00:00,normal,Guwahati City Break
672,STS-7705FCA43835,Divya Reddy,Indian,aadhaar,XXXX-XXXX-1934,+91-6996170162,"[{""name"": ""Dolma Homestay, Tawang (stay 1)"", ""lat"": 26.155146, ""lng"": 91.787727}, {""name"": ""Six Mile"", ""lat"": 26.135, ""lng"": 91.805}, {""name"": ""Dispur Secretariat"", ""lat"": 26.142, ""lng"": 91.79}, {""name"": ""Ganeshguri Junction"", ""lat"": 26.147, ""lng"": 91.79}, {""name"": ""Guwahati Railway Station"", ""lat"": 26.1824, ""lng"": 91.7513}, {""name"": ""En route to Guwahati Railway Station"", ""lat"": 26.1588, ""lng"": 91.7771}, {""name"": ""En route to Guwahati Railway Station"", ""lat"": 26.1706, ""lng"": 91.7642}, {""name"": ""En route to Dolma Homestay, Tawang (stay 1)"", ""lat"": 26.168773, ""lng"": 91.769514}, {""name"": ""En route to Six Mile"", ""lat"": 26.145073, ""lng"": 91.796364}]","[{""name"": ""Junmoni Bhattacharya"", ""phone"": ""+91-7837735136"", ""relation"": ""family""}, {""name"": ""Anurag Ghosh"", ""phone"": ""+91-8446599698"", ""relation"": ""spouse""}]",2026-08-13 10:00:00,2026-08-14 21:00:00,26.155354,91.78769,2026-08-14 06:37:44,79.8,1,active,2026-08-06 21:00:00,normal,Business / Transit Stay
673,STS-8AEE253B396B,Utpal Banerjee,Indian,aadhaar,XXXX-XXXX-8654,+91-9468662625,"[{""name"": ""Hotel Rajmahal (stay 1)"", ""lat"": 27.330095, ""lng"": 88.61485}, {""name"": ""Gangtok"", ""lat"": 27.3314, ""lng"": 88.6138}, {""name"": ""Brahmaputra Jungle Resort (stay 2)"", ""lat"": 26.107306, ""lng"": 91.583024}, {""name"": ""LGB International Airport"", ""lat"": 26.1061, ""lng"": 91.5859}, {""name"": ""Ginger Guwahati (stay 3)"", ""lat"": 25.577582, ""lng"": 91.893561}, {""name"": ""Shillong"", ""lat"": 25.5788, ""lng"": 91.8933}, {""name"": ""Radisson Blu Guwahati (stay 4)"", ""lat"": 23.832431, ""lng"": 91.286448}, {""name"": ""Agartala"", ""lat"": 23.8315, ""lng"": 91.2868}, {""name"": ""La Maison de Ananda, Majuli (stay 5)"", ""lat"": 24.816311, ""lng"": 93.938372}, {""name"": ""Imphal"", ""lat"": 24.817, ""lng"": 93.9368}]","[{""name"": ""Kabir Sen"", ""phone"": ""+91-8451079334"", ""relation"": ""family""}, {""name"": ""Aditya Banerjee"", ""phone"": ""+91-9350145058"", ""relation"": ""spouse""}, {""name"": ""Chandana Baishya"", ""phone"": ""+91-9360479430"", ""relation"": ""spouse""}]",2026-09-07 06:45:00,2026-09-17 17:45:00,,,,100.0,1,active,2026-09-06 15:45:00,normal,Seven Sisters Grand Tour
674,STS-2EAC80A04EC8,Oliver Walker,British,passport,811514359,+44-4925427326,"[{""name"": ""Hotel Rajmahal (stay 1)"", ""lat"": 25.19607, ""lng"": 91.967651}, {""name"": ""Dawki / Umngot River"", ""lat"": 25.19, ""lng"": 92.02}, {""name"": ""Mawlynnong Village"", ""lat"": 25.2, ""lng"": 91.9167}, {""name"": ""Hotel Polo Towers, Shillong (stay 2)"", ""lat"": 25.247665, ""lng"": 91.717537}, {""name"": ""Living Root Bridge, Nongriat"", ""lat"": 25.247, ""lng"": 91.715}, {""name"": ""Radisson Blu Guwahati (stay 3)"", ""lat"": 25.61508, ""lng"": 91.889524}, {""name"": ""Shillong"", ""lat"": 25.5788, ""lng"": 91.8933}, {""name"": ""Umiam Lake"", ""lat"": 25.657, ""lng"": 91.889}, {""name"": ""Diphlu River Lodge, Kaziranga (stay 4)"", ""lat"": 26.185933, ""lng"": 91.753823}, {""name"": ""Guwahati Railway Station"", ""lat"": 26.1824, ""lng"": 91.7513}, {""name"": ""En route to Mawlynnong Village"", ""lat"": 25.192, ""lng"": 91.99934}, {""name"": ""En route to Mawlynnong Village"", ""lat"": 25.194, ""lng"": 91.97868}, {""name"": ""En route to Mawlynnong Village"", ""lat"": 25.196, ""lng"": 91.95802}, {""name"": ""En route to Mawlynnong Village"", ""lat"": 25.198, ""lng"": 91.93736}, {""name"": ""En route to Umiam Lake"", ""lat"": 25.59835, ""lng"": 91.892225}, {""name"": ""En route to Umiam Lake"", ""lat"": 25.6179, ""lng"": 91.89115}, {""name"": ""En route to Umiam Lake"", ""lat"": 25.63745, ""lng"": 91.890075}, {""name"": ""En route to Dawki / Umngot River"", ""lat"": 25.194047, ""lng"": 91.985101}, {""name"": ""En route to Dawki / Umngot River"", ""lat"": 25.192023, ""lng"": 92.00255}, {""name"": ""En route to Hotel Rajmahal (stay 1)"", ""lat"": 25.19869, ""lng"": 91.933684}, {""name"": ""En route to Hotel Rajmahal (stay 1)"", ""lat"": 25.19738, ""lng"": 91.950667}, {""name"": ""En route to Radisson Blu Guwahati (stay 3)"", ""lat"": 25.63604, ""lng"": 91.889262}, {""name"": ""En route to Shillong"", ""lat"": 25.59694, ""lng"": 91.891412}]","[{""name"": ""Isla Clarke"", ""phone"": ""+44-9795051702"", ""relation"": ""family""}]",2026-09-07 07:15:00,2026-09-13 20:15:00,,,,100.0,1,active,2026-08-23 21:15:00,geofence_intrusion,Meghalaya Loop
675,STS-2797BDEA2806,Rupam Singh,Indian,passport,Z4690549,+91-9833316719,"[{""name"": ""Hotel Rajmahal (stay 1)"", ""lat"": 26.187983, ""lng"": 91.748873}, {""name"": ""Dighalipukhuri"", ""lat"": 26.1861, ""lng"": 91.7503}, {""name"": ""Pan Bazaar"", ""lat"": 26.1856, ""lng"": 91.7455}, {""name"": ""Fancy Bazaar"", ""lat"": 26.1836, ""lng"": 91.7434}, {""name"": ""Umananda Island"", ""lat"": 26.1964, ""lng"": 91.7453}, {""name"": ""Guwahati Planetarium"", ""lat"": 26.1856, ""lng"": 91.7625}]","[{""name"": ""Rahul Reddy"", ""phone"": ""+91-7630931912"", ""relation"": ""family""}, {""name"": ""Anjali Patel"", ""phone"": ""+91-6108921856"", ""relation"": ""spouse""}, {""name"": ""Utpal Gogoi"", ""phone"": ""+91-9331534470"", ""relation"": ""family""}]",2026-09-03 10:30:00,2026-09-06 00:30:00,26.188366,91.748557,2026-09-05 06:35:16,79.2,1,active,2026-08-15 10:30:00,high_speed_transit,Guwahati City Break
676,STS-3F5ACD24B99C,Tanvi Patel,Indian,aadhaar,XXXX-XXXX-9338,+91-7048257498,"[{""name"": ""Ginger Guwahati (stay 1)"", ""lat"": 26.978759, ""lng"": 94.64009}, {""name"": ""Sivasagar"", ""lat"": 26.9826, ""lng"": 94.6425}, {""name"": ""Hotel Nandan (stay 2)"", ""lat"": 26.948033, ""lng"": 94.169069}, {""name"": ""Majuli River Island"", ""lat"": 26.95, ""lng"": 94.17}, {""name"": ""Hotel Nandan (stay 3)"", ""lat"": 26.573943, ""lng"": 93.174858}, {""name"": ""Kaziranga National Park"", ""lat"": 26.5775, ""lng"": 93.1711}, {""name"": ""Diphlu River Lodge, Kaziranga (stay 4)"", ""lat"": 26.635562, ""lng"": 92.796011}, {""name"": ""Tezpur"", ""lat"": 26.6338, ""lng"": 92.8}, {""name"": ""Radisson Blu Guwahati (stay 5)"", ""lat"": 26.918372, ""lng"": 92.878557}, {""name"": ""Nameri National Park"", ""lat"": 26.92, ""lng"": 92.88}, {""name"": ""Hotel Polo Towers, Shillong (stay 6)"", ""lat"": 26.107484, ""lng"": 91.583575}, {""name"": ""LGB International Airport"", ""lat"": 26.1061, ""lng"": 91.5859}]","[{""name"": ""Rituparna Kumar"", ""phone"": ""+91-8007769643"", ""relation"": ""family""}, {""name"": ""Vikram Dutta"", ""phone"": ""+91-7134550141"", ""relation"": ""spouse""}, {""name"": ""Simanta Verma"", ""phone"": ""+91-7362380699"", ""relation"": ""embassy""}]",2026-08-18 06:30:00,2026-08-25 09:30:00,26.107643,91.583937,2026-08-25 06:32:02,79.9,1,active,2026-08-17 03:30:00,normal,Upper Assam Wildlife Trail
677,STS-AAE0DE16AB4D,Rupam Patel,Indian,aadhaar,XXXX-XXXX-3324,+91-7495112126,"[{""name"": ""Kiranshree Portico (stay 1)"", ""lat"": 26.183719, ""lng"": 91.754838}, {""name"": ""Brahmaputra Riverfront"", ""lat"": 26.1905, ""lng"": 91.748}, {""name"": ""Nehru Park"", ""lat"": 26.1857, ""lng"": 91.7477}, {""name"": ""Pan Bazaar"", ""lat"": 26.1856, ""lng"": 91.7455}, {""name"": ""Dighalipukhuri"", ""lat"": 26.1861, ""lng"": 91.7503}, {""name"": ""Guwahati Planetarium"", ""lat"": 26.1856, ""lng"": 91.7625}, {""name"": ""Gandhi Mandap, Sarania Hill"", ""lat"": 26.175, ""lng"": 91.758}]","[{""name"": ""Arjun Sen"", ""phone"": ""+91-6423812847"", ""relation"": ""family""}, {""name"": ""Siddharth Barua"", ""phone"": ""+91-9053957888"", ""relation"": ""spouse""}, {""name"": ""Divya Choudhury"", ""phone"": ""+91-8468624067"", ""relation"": ""colleague""}]",2026-08-30 06:15:00,2026-09-04 11:15:00,26.183824,91.755002,2026-09-04 06:44:37,80.4,0,active,2026-08-16 15:15:00,normal,Guwahati City Break
678,STS-032D91CE760C,Emily Wilson,American,passport,560882919,+1-5168524276,"[{""name"": ""Wild Mahseer, Balipara (stay 1)"", ""lat"": 26.188281, ""lng"": 91.741414}, {""name"": ""Kamakhya Temple"", ""lat"": 26.1664, ""lng"": 91.7055}, {""name"": ""Fancy Bazaar"", ""lat"": 26.1836, ""lng"": 91.7434}, {""name"": ""Dighalipukhuri"", ""lat"": 26.1861, ""lng"": 91.7503}, {""name"": ""Brahmaputra Riverfront"", ""lat"": 26.1905, ""lng"": 91.748}, {""name"": ""Umananda Island"", ""lat"": 26.1964, ""lng"": 91.7453}, {""name"": ""Guwahati Planetarium"", ""lat"": 26.1856, ""lng"": 91.7625}, {""name"": ""En route to Kamakhya Temple"", ""lat"": 26.17734, ""lng"": 91.723457}, {""name"": ""En route to Fancy Bazaar"", ""lat"": 26.175, ""lng"": 91.72445}]","[{""name"": ""Olivia Rodriguez"", ""phone"": ""+1-7843437601"", ""relation"": ""family""}, {""name"": ""Olivia Brown"", ""phone"": ""+1-1808823538"", ""relation"": ""spouse""}, {""name"": ""Daniel Williams"", ""phone"": ""+1-2716656465"", ""relation"": ""employer""}]",2026-07-25 07:00:00,2026-07-29 16:00:00,26.188124,91.741461,2026-07-29 06:53:13,80.2,1,active,2026-07-04 08:00:00,normal,Guwahati City Break
679,STS-B7001D4F4E66,Kabir Nath,Indian,aadhaar,XXXX-XXXX-1112,+91-7391588894,"[{""name"": ""Brahmaputra Jungle Resort (stay 1)"", ""lat"": 26.187387, ""lng"": 91.754648}, {""name"": ""Umananda Island"", ""lat"": 26.1964, ""lng"": 91.7453}, {""name"": ""Nehru Park"", ""lat"": 26.1857, ""lng"": 91.7477}, {""name"": ""Assam State Museum"", ""lat"": 26.1857, ""lng"": 91.7481}, {""name"": ""Guwahati Planetarium"", ""lat"": 26.1856, ""lng"": 91.7625}, {""name"": ""Gandhi Mandap, Sarania Hill"", ""lat"": 26.175, ""lng"": 91.758}]","[{""name"": ""Siddharth Sen"", ""phone"": ""+91-7802011241"", ""relation"": ""family""}, {""name"": ""Bishal Verma"", ""phone"": ""+91-9995922990"", ""relation"": ""spouse""}, {""name"": ""Siddharth Phukan"", ""phone"": ""+91-8257201899"", ""relation"": ""employer""}]",2026-08-20 07:15:00,2026-08-22 18:15:00,26.187453,91.754697,2026-08-22 07:05:15,79.4,1,active,2026-08-08 09:15:00,normal,Guwahati City Break
680,STS-DBE9AC7B2B88,Ayesha Hossain,Bangladeshi,passport,BX7990158,+880-3423270450,"[{""name"": ""Ginger Guwahati (stay 1)"", ""lat"": 26.152057, ""lng"": 91.782526}, {""name"": ""Guwahati Railway Station"", ""lat"": 26.1824, ""lng"": 91.7513}, {""name"": ""Ganeshguri Junction"", ""lat"": 26.147, ""lng"": 91.79}, {""name"": ""Dispur Secretariat"", ""lat"": 26.142, ""lng"": 91.79}, {""name"": ""Six Mile"", ""lat"": 26.135, ""lng"": 91.805}, {""name"": ""Hotel Dynasty, Lakhtokia (stay 2)"", ""lat"": 26.108348, ""lng"": 91.587703}, {""name"": ""LGB International Airport"", ""lat"": 26.1061, ""lng"": 91.5859}, {""name"": ""En route to Ganeshguri Junction"", ""lat"": 26.1706, ""lng"": 91.7642}, {""name"": ""En route to Ganeshguri Junction"", ""lat"": 26.1588, ""lng"": 91.7771}, {""name"": ""En route to Guwahati Railway Station"", ""lat"": 26.167229, ""lng"": 91.766913}, {""name"": ""En route to Ginger Guwahati (stay 1)"", ""lat"": 26.143529, ""lng"": 91.793763}]","[{""name"": ""Ayesha Hossain"", ""phone"": ""+880-3250131570"", ""relation"": ""family""}, {""name"": ""Tanvir Alam"", ""phone"": ""+880-3604584448"", ""relation"": ""spouse""}]",2026-09-08 06:00:00,2026-09-10 11:00:00,,,,100.0,0,active,2026-08-20 15:00:00,normal,Business / Transit Stay
681,STS-EB1E54F6BEF3,Nattapong Thongchai,Thai,passport,AA7616364,+66-904297582,"[{""name"": ""Hotel Polo Towers, Shillong (stay 1)"", ""lat"": 26.168481, ""lng"": 91.770938}, {""name"": ""Srimanta Sankaradeva Kalakshetra"", ""lat"": 26.144, ""lng"": 91.8058}, {""name"": ""Uzan Bazar Ghat"", ""lat"": 26.19, ""lng"": 91.759}, {""name"": ""Paltan Bazaar"", ""lat"": 26.1817, ""lng"": 91.7503}, {""name"": ""En route to Uzan Bazar Ghat"", ""lat"": 26.159333, ""lng"": 91.7902}, {""name"": ""En route to Uzan Bazar Ghat"", ""lat"": 26.174667, ""lng"": 91.7746}, {""name"": ""En route to Srimanta Sankaradeva Kalakshetra"", ""lat"": 26.15624, ""lng"": 91.788369}, {""name"": ""En route to Hotel Polo Towers, Shillong (stay 1)"", ""lat"": 26.17509, ""lng"": 91.760619}]","[{""name"": ""Anan Thongchai"", ""phone"": ""+66-866082876"", ""relation"": ""family""}, {""name"": ""Pimchanok Thongchai"", ""phone"": ""+66-139202251"", ""relation"": ""spouse""}]",2026-08-18 06:00:00,2026-08-21 17:00:00,26.168544,91.771038,2026-08-21 06:34:05,80.4,0,active,2026-08-16 12:00:00,normal,Guwahati Market & Heritage Walk
682,STS-8AB56FEA87F4,Anjali Singh,Indian,aadhaar,XXXX-XXXX-4094,+91-7397589545,"[{""name"": ""Hotel Dynasty, Lakhtokia (stay 1)"", ""lat"": 25.262305, ""lng"": 91.702967}, {""name"": ""Nohkalikai Falls"", ""lat"": 25.276, ""lng"": 91.6857}, {""name"": ""Living Root Bridge, Nongriat"", ""lat"": 25.247, ""lng"": 91.715}, {""name"": ""Dolma Homestay, Tawang (stay 2)"", ""lat"": 25.191355, ""lng"": 92.01772}, {""name"": ""Dawki / Umngot River"", ""lat"": 25.19, ""lng"": 92.02}, {""name"": ""Vivanta Guwahati (stay 3)"", ""lat"": 25.580666, ""lng"": 91.895554}, {""name"": ""Shillong"", ""lat"": 25.5788, ""lng"": 91.8933}, {""name"": ""Novotel Guwahati GS Road (stay 4)"", ""lat"": 26.18573, ""lng"": 91.747901}, {""name"": ""Guwahati Railway Station"", ""lat"": 26.1824, ""lng"": 91.7513}, {""name"": ""En route to Living Root Bridge, Nongriat"", ""lat"": 25.2615, ""lng"": 91.70035}]","[{""name"": ""Aarav Saikia"", ""phone"": ""+91-8212667643"", ""relation"": ""family""}]",2026-08-29 06:30:00,2026-09-06 12:30:00,26.185562,91.748275,2026-09-05 18:18:29,73.2,0,active,2026-08-24 14:30:00,normal,Meghalaya Loop
683,STS-5FA6EC7285D3,Priya Barua,Indian,passport,Z1101278,+91-7719805769,"[{""name"": ""Hotel Rajmahal (stay 1)"", ""lat"": 26.178294, ""lng"": 91.760939}, {""name"": ""Fancy Bazaar"", ""lat"": 26.1836, ""lng"": 91.7434}, {""name"": ""Pan Bazaar"", ""lat"": 26.1856, ""lng"": 91.7455}, {""name"": ""Uzan Bazar Ghat"", ""lat"": 26.19, ""lng"": 91.759}, {""name"": ""Srimanta Sankaradeva Kalakshetra"", ""lat"": 26.144, ""lng"": 91.8058}, {""name"": ""Brahmaputra Jungle Resort (stay 2)"", ""lat"": 26.169628, ""lng"": 91.56711}, {""name"": ""Sualkuchi Silk Village"", ""lat"": 26.1667, ""lng"": 91.5667}, {""name"": ""En route to Srimanta Sankaradeva Kalakshetra"", ""lat"": 26.174667, ""lng"": 91.7746}, {""name"": ""En route to Srimanta Sankaradeva Kalakshetra"", ""lat"": 26.159333, ""lng"": 91.7902}, {""name"": ""En route to Hotel Rajmahal (stay 1)"", ""lat"": 26.155431, ""lng"": 91.790846}, {""name"": ""En route to Hotel Rajmahal (stay 1)"", ""lat"": 26.166863, ""lng"": 91.775893}]","[{""name"": ""Mridula Sharma"", ""phone"": ""+91-8081783569"", ""relation"": ""family""}, {""name"": ""Rohan Reddy"", ""phone"": ""+91-7280960950"", ""relation"": ""spouse""}, {""name"": ""Rituparna Nair"", ""phone"": ""+91-8073790805"", ""relation"": ""colleague""}]",2026-08-22 07:30:00,2026-08-25 19:30:00,26.169933,91.566777,2026-08-25 06:46:26,82.6,0,active,2026-08-02 06:30:00,geofence_intrusion,Guwahati Market & Heritage Walk
684,STS-7ECDEF009EEC,Anastasia Smirnov,Russian,passport,132164736,+7-4041540341,"[{""name"": ""Ginger Guwahati (stay 1)"", ""lat"": 27.583261, ""lng"": 91.855726}, {""name"": ""Tawang Monastery"", ""lat"": 27.5861, ""lng"": 91.8594}, {""name"": ""Vivanta Guwahati (stay 2)"", ""lat"": 26.637312, ""lng"": 92.798863}, {""name"": ""Tezpur"", ""lat"": 26.6338, ""lng"": 92.8}, {""name"": ""Radisson Blu Guwahati (stay 3)"", ""lat"": 26.18434, ""lng"": 91.755243}, {""name"": ""Guwahati Railway Station"", ""lat"": 26.1824, ""lng"": 91.7513}, {""name"": ""Vivanta Guwahati (stay 4)"", ""lat"": 27.548771, ""lng"": 93.828383}, {""name"": ""Ziro Valley"", ""lat"": 27.5448, ""lng"": 93.832}]","[{""name"": ""Olga Volkov"", ""phone"": ""+7-2763178955"", ""relation"": ""family""}, {""name"": ""Ivan Volkov"", ""phone"": ""+7-6226842650"", ""relation"": ""spouse""}, {""name"": ""Ivan Ivanov"", ""phone"": ""+7-1182754775"", ""relation"": ""friend""}]",2026-08-04 07:00:00,2026-08-13 09:00:00,27.54867,93.828742,2026-08-13 06:40:45,82.8,1,active,2026-07-14 20:00:00,device_fall,Arunachal High Himalaya
685,STS-0D35FB0D27BB,Emily Davis,American,passport,385354441,+1-9762584338,"[{""name"": ""Radisson Blu Guwahati (stay 1)"", ""lat"": 26.16196, ""lng"": 91.759639}, {""name"": ""Navagraha Temple"", ""lat"": 26.1749, ""lng"": 91.7789}, {""name"": ""Umananda Island"", ""lat"": 26.1964, ""lng"": 91.7453}, {""name"": ""Kamakhya Temple"", ""lat"": 26.1664, ""lng"": 91.7055}, {""name"": ""Basistha Temple"", ""lat"": 26.1132, ""lng"": 91.797}, {""name"": ""La Maison de Ananda, Majuli (stay 2)"", ""lat"": 26.252662, ""lng"": 91.514684}, {""name"": ""Hajo Pilgrimage Town"", ""lat"": 26.25, ""lng"": 91.5167}, {""name"": ""Hotel Dynasty, Lakhtokia (stay 3)"", ""lat"": 26.366393, ""lng"": 91.636618}, {""name"": ""Madan Kamdev Ruins"", ""lat"": 26.3667, ""lng"": 91.6333}, {""name"": ""En route to Basistha Temple"", ""lat"": 26.15576, ""lng"": 91.7238}, {""name"": ""En route to Basistha Temple"", ""lat"": 26.14512, ""lng"": 91.7421}, {""name"": ""En route to Basistha Temple"", ""lat"": 26.13448, ""lng"": 91.7604}, {""name"": ""En route to Basistha Temple"", ""lat"": 26.12384, ""lng"": 91.7787}, {""name"": ""En route to Radisson Blu Guwahati (stay 1)"", ""lat"": 26.129453, ""lng"": 91.784546}, {""name"": ""En route to Radisson Blu Guwahati (stay 1)"", ""lat"": 26.145707, ""lng"": 91.772093}, {""name"": ""En route to Kamakhya Temple"", ""lat"": 26.1864, ""lng"": 91.732033}, {""name"": ""En route to Kamakhya Temple"", ""lat"": 26.1764, ""lng"": 91.718767}, {""name"": ""En route to Umananda Island"", ""lat"": 26.18565, ""lng"": 91.7621}]","[{""name"": ""David Brown"", ""phone"": ""+1-4883562986"", ""relation"": ""family""}, {""name"": ""Daniel Smith"", ""phone"": ""+1-6114546415"", ""relation"": ""spouse""}]",2026-09-01 10:15:00,2026-09-07 00:15:00,26.366057,91.636761,2026-09-05 18:28:18,70.7,1,active,2026-08-19 18:15:00,normal,Guwahati Pilgrimage Circuit
686,STS-C6AED391C6DC,Mahmuda Islam,Bangladeshi,passport,BX0487315,+880-6043431976,"[{""name"": ""Hotel Polo Towers, Shillong (stay 1)"", ""lat"": 25.261813, ""lng"": 91.701904}, {""name"": ""Living Root Bridge, Nongriat"", ""lat"": 25.247, ""lng"": 91.715}, {""name"": ""Nohkalikai Falls"", ""lat"": 25.276, ""lng"": 91.6857}, {""name"": ""Diphlu River Lodge, Kaziranga (stay 2)"", ""lat"": 25.620909, ""lng"": 91.890214}, {""name"": ""Shillong"", ""lat"": 25.5788, ""lng"": 91.8933}, {""name"": ""Umiam Lake"", ""lat"": 25.657, ""lng"": 91.889}, {""name"": ""Dolma Homestay, Tawang (stay 3)"", ""lat"": 26.185401, ""lng"": 91.74921}, {""name"": ""Guwahati Railway Station"", ""lat"": 26.1824, ""lng"": 91.7513}, {""name"": ""En route to Umiam Lake"", ""lat"": 25.59835, ""lng"": 91.892225}, {""name"": ""En route to Umiam Lake"", ""lat"": 25.6179, ""lng"": 91.89115}, {""name"": ""En route to Umiam Lake"", ""lat"": 25.63745, ""lng"": 91.890075}, {""name"": ""En route to Shillong"", ""lat"": 25.599854, ""lng"": 91.891757}, {""name"": ""En route to Nohkalikai Falls"", ""lat"": 25.2615, ""lng"": 91.70035}, {""name"": ""En route to Diphlu River Lodge, Kaziranga (stay 2)"", ""lat"": 25.638955, ""lng"": 91.889607}]","[{""name"": ""Imran Alam"", ""phone"": ""+880-4114158195"", ""relation"": ""family""}, {""name"": ""Imran Islam"", ""phone"": ""+880-2639475187"", ""relation"": ""spouse""}]",2026-08-20 06:00:00,2026-08-30 08:00:00,26.185549,91.748945,2026-08-30 06:54:35,80.2,1,active,2026-08-02 11:00:00,normal,Meghalaya Loop
687,STS-9CDA8FDC60E8,Vikram Hazarika,Indian,passport,Z3866056,+91-8445392584,"[{""name"": ""Kiranshree Portico (stay 1)"", ""lat"": 26.754329, ""lng"": 94.200481}, {""name"": ""Jorhat"", ""lat"": 26.7509, ""lng"": 94.2037}, {""name"": ""Hotel Nandan (stay 2)"", ""lat"": 26.951657, ""lng"": 94.170721}, {""name"": ""Majuli River Island"", ""lat"": 26.95, ""lng"": 94.17}, {""name"": ""Ygdrasill Bamboo Resort, Cherrapunji (stay 3)"", ""lat"": 26.985662, ""lng"": 94.64016}, {""name"": ""Sivasagar"", ""lat"": 26.9826, ""lng"": 94.6425}, {""name"": ""Hotel Nandan (stay 4)"", ""lat"": 26.57627, ""lng"": 93.174}, {""name"": ""Kaziranga National Park"", ""lat"": 26.5775, ""lng"": 93.1711}, {""name"": ""Wild Mahseer, Balipara (stay 5)"", ""lat"": 26.637376, ""lng"": 92.797295}, {""name"": ""Tezpur"", ""lat"": 26.6338, ""lng"": 92.8}, {""name"": ""La Maison de Ananda, Majuli (stay 6)"", ""lat"": 26.923743, ""lng"": 92.881748}, {""name"": ""Nameri National Park"", ""lat"": 26.92, ""lng"": 92.88}]","[{""name"": ""Mridula Reddy"", ""phone"": ""+91-6629835951"", ""relation"": ""family""}]",2026-08-16 07:45:00,2026-08-28 18:45:00,26.923949,92.882108,2026-08-28 06:32:32,79.1,1,active,2026-08-11 09:45:00,normal,Upper Assam Wildlife Trail
688,STS-6C6747CBB3DD,Anjali Baishya,Indian,aadhaar,XXXX-XXXX-1945,+91-8743883807,"[{""name"": ""Ginger Guwahati (stay 1)"", ""lat"": 26.107116, ""lng"": 91.588974}, {""name"": ""LGB International Airport"", ""lat"": 26.1061, ""lng"": 91.5859}, {""name"": ""Novotel Guwahati GS Road (stay 2)"", ""lat"": 26.156641, ""lng"": 91.774281}, {""name"": ""Guwahati Railway Station"", ""lat"": 26.1824, ""lng"": 91.7513}, {""name"": ""Ganeshguri Junction"", ""lat"": 26.147, ""lng"": 91.79}, {""name"": ""Dispur Secretariat"", ""lat"": 26.142, ""lng"": 91.79}, {""name"": ""En route to Ganeshguri Junction"", ""lat"": 26.1706, ""lng"": 91.7642}, {""name"": ""En route to Ganeshguri Junction"", ""lat"": 26.1588, ""lng"": 91.7771}, {""name"": ""En route to Guwahati Railway Station"", ""lat"": 26.169521, ""lng"": 91.76279}]","[{""name"": ""Riya Mishra"", ""phone"": ""+91-7544120555"", ""relation"": ""family""}, {""name"": ""Vikram Barua"", ""phone"": ""+91-8047037145"", ""relation"": ""spouse""}, {""name"": ""Hemanta Medhi"", ""phone"": ""+91-8904409097"", ""relation"": ""tour_operator""}]",2026-08-16 11:15:00,2026-08-18 21:15:00,26.157001,91.773885,2026-08-19 06:42:02,80.2,1,active,2026-08-15 15:15:00,night_wanderer,Business / Transit Stay
689,STS-7AB2EB220E1F,Simanta Rajkhowa,Indian,aadhaar,XXXX-XXXX-5656,+91-9778154351,"[{""name"": ""Brahmaputra Jungle Resort (stay 1)"", ""lat"": 26.167707, ""lng"": 91.763407}, {""name"": ""Srimanta Sankaradeva Kalakshetra"", ""lat"": 26.144, ""lng"": 91.8058}, {""name"": ""Paltan Bazaar"", ""lat"": 26.1817, ""lng"": 91.7503}, {""name"": ""Pan Bazaar"", ""lat"": 26.1856, ""lng"": 91.7455}, {""name"": ""Kiranshree Portico (stay 2)"", ""lat"": 26.169904, ""lng"": 91.567373}, {""name"": ""Sualkuchi Silk Village"", ""lat"": 26.1667, ""lng"": 91.5667}, {""name"": ""En route to Paltan Bazaar"", ""lat"": 26.156567, ""lng"": 91.7873}, {""name"": ""En route to Paltan Bazaar"", ""lat"": 26.169133, ""lng"": 91.7688}, {""name"": ""En route to Srimanta Sankaradeva Kalakshetra"", ""lat"": 26.155853, ""lng"": 91.784604}, {""name"": ""En route to Brahmaputra Jungle Resort (stay 1)"", ""lat"": 26.176654, ""lng"": 91.754454}]","[{""name"": ""Divya Das"", ""phone"": ""+91-7013103933"", ""relation"": ""family""}, {""name"": ""Nabanita Deka"", ""phone"": ""+91-7002932033"", ""relation"": ""spouse""}]",2026-08-25 11:45:00,2026-08-28 01:45:00,26.169924,91.567157,2026-08-27 06:49:14,81.5,1,active,2026-08-11 05:45:00,inactivity,Guwahati Market & Heritage Walk
690,STS-61983F27ACCE,Meera Patel,Indian,aadhaar,XXXX-XXXX-6848,+91-9091124426,"[{""name"": ""Radisson Blu Guwahati (stay 1)"", ""lat"": 26.140573, ""lng"": 91.750231}, {""name"": ""Basistha Temple"", ""lat"": 26.1132, ""lng"": 91.797}, {""name"": ""Kamakhya Temple"", ""lat"": 26.1664, ""lng"": 91.7055}, {""name"": ""Wild Mahseer, Balipara (stay 2)"", ""lat"": 26.253136, ""lng"": 91.519571}, {""name"": ""Hajo Pilgrimage Town"", ""lat"": 26.25, ""lng"": 91.5167}, {""name"": ""Wild Mahseer, Balipara (stay 3)"", ""lat"": 26.364541, ""lng"": 91.636953}, {""name"": ""Madan Kamdev Ruins"", ""lat"": 26.3667, ""lng"": 91.6333}, {""name"": ""En route to Kamakhya Temple"", ""lat"": 26.12384, ""lng"": 91.7787}, {""name"": ""En route to Kamakhya Temple"", ""lat"": 26.13448, ""lng"": 91.7604}, {""name"": ""En route to Kamakhya Temple"", ""lat"": 26.14512, ""lng"": 91.7421}, {""name"": ""En route to Kamakhya Temple"", ""lat"": 26.15576, ""lng"": 91.7238}, {""name"": ""En route to Basistha Temple"", ""lat"": 26.131449, ""lng"": 91.765821}, {""name"": ""En route to Basistha Temple"", ""lat"": 26.122324, ""lng"": 91.78141}, {""name"": ""En route to Radisson Blu Guwahati (stay 1)"", ""lat"": 26.157791, ""lng"": 91.72041}, {""name"": ""En route to Radisson Blu Guwahati (stay 1)"", ""lat"": 26.149182, ""lng"": 91.735321}]","[{""name"": ""Hemanta Kumar"", ""phone"": ""+91-7266195352"", ""relation"": ""family""}, {""name"": ""Rituparna Banerjee"", ""phone"": ""+91-8534960334"", ""relation"": ""spouse""}]",2026-07-29 06:00:00,2026-08-03 16:00:00,26.364724,91.636606,2026-08-03 06:46:45,81.1,1,active,2026-07-19 11:00:00,normal,Guwahati Pilgrimage Circuit
691,STS-C8EA8D2FD363,Arjun Bora,Indian,aadhaar,XXXX-XXXX-8301,+91-6147169849,"[{""name"": ""Dolma Homestay, Tawang (stay 1)"", ""lat"": 26.154108, ""lng"": 91.783669}, {""name"": ""Ganeshguri Junction"", ""lat"": 26.147, ""lng"": 91.79}, {""name"": ""Dispur Secretariat"", ""lat"": 26.142, ""lng"": 91.79}, {""name"": ""Six Mile"", ""lat"": 26.135, ""lng"": 91.805}, {""name"": ""Guwahati Railway Station"", ""lat"": 26.1824, ""lng"": 91.7513}, {""name"": ""Ri Kynjai, Umiam (stay 2)"", ""lat"": 26.107254, ""lng"": 91.584552}, {""name"": ""LGB International Airport"", ""lat"": 26.1061, ""lng"": 91.5859}, {""name"": ""En route to Guwahati Railway Station"", ""lat"": 26.14685, ""lng"": 91.791575}, {""name"": ""En route to Guwahati Railway Station"", ""lat"": 26.1587, ""lng"": 91.77815}, {""name"": ""En route to Guwahati Railway Station"", ""lat"": 26.17055, ""lng"": 91.764725}, {""name"": ""En route to Dolma Homestay, Tawang (stay 1)"", ""lat"": 26.168254, ""lng"": 91.767484}]","[{""name"": ""Chandana Dutta"", ""phone"": ""+91-9755778135"", ""relation"": ""family""}, {""name"": ""Chandana Saikia"", ""phone"": ""+91-6533914491"", ""relation"": ""spouse""}]",2026-08-03 10:30:00,2026-08-04 22:30:00,26.153794,91.783332,2026-08-04 06:40:46,80.2,1,active,2026-07-27 13:30:00,normal,Business / Transit Stay
692,STS-06243C65C479,Nusrat Ahmed,Bangladeshi,passport,BX8492343,+880-5095316984,"[{""name"": ""Radisson Blu Guwahati (stay 1)"", ""lat"": 26.921104, ""lng"": 92.883047}, {""name"": ""Nameri National Park"", ""lat"": 26.92, ""lng"": 92.88}, {""name"": ""Hotel Nandan (stay 2)"", ""lat"": 26.63747, ""lng"": 92.802204}, {""name"": ""Tezpur"", ""lat"": 26.6338, ""lng"": 92.8}, {""name"": ""Hotel Dynasty, Lakhtokia (stay 3)"", ""lat"": 26.109599, ""lng"": 91.587647}, {""name"": ""LGB International Airport"", ""lat"": 26.1061, ""lng"": 91.5859}, {""name"": ""Hotel Dynasty, Lakhtokia (stay 4)"", ""lat"": 26.748899, ""lng"": 94.20493}, {""name"": ""Jorhat"", ""lat"": 26.7509, ""lng"": 94.2037}, {""name"": ""Hotel Nandan (stay 5)"", ""lat"": 26.947496, ""lng"": 94.173752}, {""name"": ""Majuli River Island"", ""lat"": 26.95, ""lng"": 94.17}]","[{""name"": ""Rumana Alam"", ""phone"": ""+880-9981184960"", ""relation"": ""family""}, {""name"": ""Fatima Sarkar"", ""phone"": ""+880-2032104142"", ""relation"": ""spouse""}, {""name"": ""Mahmuda Ahmed"", ""phone"": ""+880-8226055576"", ""relation"": ""tour_operator""}]",2026-08-04 05:00:00,2026-08-16 16:00:00,26.947741,94.173753,2026-08-16 06:48:35,77.9,1,active,2026-07-23 23:00:00,route_deviation,Upper Assam Wildlife Trail
693,STS-20BA91B94D72,Chandana Phukan,Indian,voterid,XRZ6512943,+91-7263870346,"[{""name"": ""Hotel Dynasty, Lakhtokia (stay 1)"", ""lat"": 26.155453, ""lng"": 91.786833}, {""name"": ""Ganeshguri Junction"", ""lat"": 26.147, ""lng"": 91.79}, {""name"": ""Dispur Secretariat"", ""lat"": 26.142, ""lng"": 91.79}, {""name"": ""Six Mile"", ""lat"": 26.135, ""lng"": 91.805}, {""name"": ""Guwahati Railway Station"", ""lat"": 26.1824, ""lng"": 91.7513}, {""name"": ""Radisson Blu Guwahati (stay 2)"", ""lat"": 26.107891, ""lng"": 91.585579}, {""name"": ""LGB International Airport"", ""lat"": 26.1061, ""lng"": 91.5859}, {""name"": ""En route to Guwahati Railway Station"", ""lat"": 26.14685, ""lng"": 91.791575}, {""name"": ""En route to Guwahati Railway Station"", ""lat"": 26.1587, ""lng"": 91.77815}, {""name"": ""En route to Guwahati Railway Station"", ""lat"": 26.17055, ""lng"": 91.764725}, {""name"": ""En route to Hotel Dynasty, Lakhtokia (stay 1)"", ""lat"": 26.168927, ""lng"": 91.769067}]","[{""name"": ""Nabanita Baishya"", ""phone"": ""+91-8566461358"", ""relation"": ""family""}, {""name"": ""Meera Barua"", ""phone"": ""+91-7997296146"", ""relation"": ""spouse""}, {""name"": ""Anurag Barua"", ""phone"": ""+91-7773040782"", ""relation"": ""colleague""}]",2026-08-15 10:45:00,2026-08-18 13:45:00,26.1076,91.585547,2026-08-18 06:55:33,81.2,1,active,2026-07-31 13:45:00,normal,Business / Transit Stay
694,STS-7A13CC61C837,Nikhil Phukan,Indian,aadhaar,XXXX-XXXX-5745,+91-8234028020,"[{""name"": ""Radisson Blu Guwahati (stay 1)"", ""lat"": 26.181475, ""lng"": 91.73593}, {""name"": ""Assam State Museum"", ""lat"": 26.1857, ""lng"": 91.7481}, {""name"": ""Pan Bazaar"", ""lat"": 26.1856, ""lng"": 91.7455}, {""name"": ""Fancy Bazaar"", ""lat"": 26.1836, ""lng"": 91.7434}, {""name"": ""Umananda Island"", ""lat"": 26.1964, ""lng"": 91.7453}, {""name"": ""Kamakhya Temple"", ""lat"": 26.1664, ""lng"": 91.7055}, {""name"": ""En route to Kamakhya Temple"", ""lat"": 26.1864, ""lng"": 91.732033}, {""name"": ""En route to Kamakhya Temple"", ""lat"": 26.1764, ""lng"": 91.718767}, {""name"": ""En route to Radisson Blu Guwahati (stay 1)"", ""lat"": 26.173938, ""lng"": 91.720715}]","[{""name"": ""Parag Kalita"", ""phone"": ""+91-8320037597"", ""relation"": ""family""}]",2026-08-04 09:00:00,2026-08-08 16:00:00,26.181471,91.735776,2026-08-08 07:02:48,79.7,1,active,2026-07-25 07:00:00,normal,Guwahati City Break
695,STS-CC080D6312D1,Siddharth Mishra,Indian,passport,Z9575695,+91-7614700062,"[{""name"": ""Ginger Guwahati (stay 1)"", ""lat"": 26.161243, ""lng"": 91.758879}, {""name"": ""Kamakhya Temple"", ""lat"": 26.1664, ""lng"": 91.7055}, {""name"": ""Umananda Island"", ""lat"": 26.1964, ""lng"": 91.7453}, {""name"": ""Navagraha Temple"", ""lat"": 26.1749, ""lng"": 91.7789}, {""name"": ""Basistha Temple"", ""lat"": 26.1132, ""lng"": 91.797}, {""name"": ""Hotel Nandan (stay 2)"", ""lat"": 26.253399, ""lng"": 91.513069}, {""name"": ""Hajo Pilgrimage Town"", ""lat"": 26.25, ""lng"": 91.5167}, {""name"": ""Kiranshree Portico (stay 3)"", ""lat"": 26.364144, ""lng"": 91.632825}, {""name"": ""Madan Kamdev Ruins"", ""lat"": 26.3667, ""lng"": 91.6333}, {""name"": ""En route to Basistha Temple"", ""lat"": 26.154333, ""lng"": 91.784933}, {""name"": ""En route to Basistha Temple"", ""lat"": 26.133767, ""lng"": 91.790967}, {""name"": ""En route to Ginger Guwahati (stay 1)"", ""lat"": 26.129214, ""lng"": 91.784293}, {""name"": ""En route to Ginger Guwahati (stay 1)"", ""lat"": 26.145229, ""lng"": 91.771586}, {""name"": ""En route to Kamakhya Temple"", ""lat"": 26.162962, ""lng"": 91.741086}, {""name"": ""En route to Kamakhya Temple"", ""lat"": 26.164681, ""lng"": 91.723293}, {""name"": ""En route to Umananda Island"", ""lat"": 26.1764, ""lng"": 91.718767}, {""name"": ""En route to Umananda Island"", ""lat"": 26.1864, ""lng"": 91.732033}, {""name"": ""En route to Navagraha Temple"", ""lat"": 26.18565, ""lng"": 91.7621}]","[{""name"": ""Kabir Nair"", ""phone"": ""+91-9653914618"", ""relation"": ""family""}, {""name"": ""Priya Deka"", ""phone"": ""+91-9174357893"", ""relation"": ""spouse""}, {""name"": ""Divya Iyer"", ""phone"": ""+91-6203754809"", ""relation"": ""tour_operator""}]",2026-08-12 06:45:00,2026-08-18 12:45:00,26.364436,91.632469,2026-08-18 06:47:03,80.8,1,active,2026-07-27 17:45:00,normal,Guwahati Pilgrimage Circuit
696,STS-E93CADAA6070,Prakash Thapa,Nepali,passport,NP3754336,+977-8283282737,"[{""name"": ""Ri Kynjai, Umiam (stay 1)"", ""lat"": 26.636573, ""lng"": 92.798564}, {""name"": ""Tezpur"", ""lat"": 26.6338, ""lng"": 92.8}, {""name"": ""Hotel Polo Towers, Shillong (stay 2)"", ""lat"": 26.185739, ""lng"": 91.750665}, {""name"": ""Guwahati Railway Station"", ""lat"": 26.1824, ""lng"": 91.7513}, {""name"": ""Novotel Guwahati GS Road (stay 3)"", ""lat"": 27.585084, ""lng"": 91.856798}, {""name"": ""Tawang Monastery"", ""lat"": 27.5861, ""lng"": 91.8594}, {""name"": ""Vivanta Guwahati (stay 4)"", ""lat"": 27.542563, ""lng"": 93.835318}, {""name"": ""Ziro Valley"", ""lat"": 27.5448, ""lng"": 93.832}]","[{""name"": ""Anjana Gurung"", ""phone"": ""+977-8722785893"", ""relation"": ""family""}]",2026-09-01 08:30:00,2026-09-11 20:30:00,27.542796,93.835004,2026-09-05 18:26:13,74.5,1,active,2026-08-24 06:30:00,normal,Arunachal High Himalaya
697,STS-B730C0DFBBA8,Mridula Das,Indian,aadhaar,XXXX-XXXX-9561,+91-6814816153,"[{""name"": ""Ginger Guwahati (stay 1)"", ""lat"": 26.180583, ""lng"": 91.736094}, {""name"": ""Gandhi Mandap, Sarania Hill"", ""lat"": 26.175, ""lng"": 91.758}, {""name"": ""Pan Bazaar"", ""lat"": 26.1856, ""lng"": 91.7455}, {""name"": ""Fancy Bazaar"", ""lat"": 26.1836, ""lng"": 91.7434}, {""name"": ""Umananda Island"", ""lat"": 26.1964, ""lng"": 91.7453}, {""name"": ""Kamakhya Temple"", ""lat"": 26.1664, ""lng"": 91.7055}, {""name"": ""En route to Kamakhya Temple"", ""lat"": 26.1864, ""lng"": 91.732033}, {""name"": ""En route to Kamakhya Temple"", ""lat"": 26.1764, ""lng"": 91.718767}, {""name"": ""En route to Ginger Guwahati (stay 1)"", ""lat"": 26.173491, ""lng"": 91.720797}]","[{""name"": ""Rohan Sharma"", ""phone"": ""+91-6147394899"", ""relation"": ""family""}]",2026-08-24 09:00:00,2026-08-28 16:00:00,26.180919,91.736468,2026-08-28 06:33:24,82.1,0,active,2026-08-06 04:00:00,inactivity,Guwahati City Break
698,STS-A76395DE86EE,Nikhil Kalita,Indian,aadhaar,XXXX-XXXX-2661,+91-9015454099,"[{""name"": ""Novotel Guwahati GS Road (stay 1)"", ""lat"": 27.588357, ""lng"": 91.857369}, {""name"": ""Tawang Monastery"", ""lat"": 27.5861, ""lng"": 91.8594}, {""name"": ""Ri Kynjai, Umiam (stay 2)"", ""lat"": 26.632671, ""lng"": 92.803283}, {""name"": ""Tezpur"", ""lat"": 26.6338, ""lng"": 92.8}, {""name"": ""La Maison de Ananda, Majuli (stay 3)"", ""lat"": 26.185782, ""lng"": 91.749705}, {""name"": ""Guwahati Railway Station"", ""lat"": 26.1824, ""lng"": 91.7513}, {""name"": ""Hotel Nandan (stay 4)"", ""lat"": 27.54689, ""lng"": 93.833397}, {""name"": ""Ziro Valley"", ""lat"": 27.5448, ""lng"": 93.832}]","[{""name"": ""Nabanita Sen"", ""phone"": ""+91-7749154874"", ""relation"": ""family""}, {""name"": ""Utpal Banerjee"", ""phone"": ""+91-8820616145"", ""relation"": ""spouse""}, {""name"": ""Mridula Barua"", ""phone"": ""+91-6632559019"", ""relation"": ""employer""}]",2026-07-22 06:15:00,2026-07-30 12:15:00,27.54663,93.833077,2026-07-30 06:39:59,83.0,1,active,2026-07-19 01:15:00,geofence_intrusion,Arunachal High Himalaya
699,STS-3ADCC301C299,Jayanta Ghosh,Indian,passport,Z0171101,+91-6771218685,"[{""name"": ""Wild Mahseer, Balipara (stay 1)"", ""lat"": 26.183666, ""lng"": 91.754887}, {""name"": ""Guwahati Railway Station"", ""lat"": 26.1824, ""lng"": 91.7513}, {""name"": ""Novotel Guwahati GS Road (stay 2)"", ""lat"": 26.635755, ""lng"": 92.802735}, {""name"": ""Tezpur"", ""lat"": 26.6338, ""lng"": 92.8}, {""name"": ""Brahmaputra Jungle Resort (stay 3)"", ""lat"": 27.58379, ""lng"": 91.86307}, {""name"": ""Tawang Monastery"", ""lat"": 27.5861, ""lng"": 91.8594}, {""name"": ""Vivanta Guwahati (stay 4)"", ""lat"": 27.545005, ""lng"": 93.83202}, {""name"": ""Ziro Valley"", ""lat"": 27.5448, ""lng"": 93.832}]","[{""name"": ""Kabir Bhattacharya"", ""phone"": ""+91-6779090844"", ""relation"": ""family""}, {""name"": ""Nikhil Singh"", ""phone"": ""+91-6687944384"", ""relation"": ""spouse""}]",2026-07-28 05:45:00,2026-08-09 13:45:00,27.545253,93.831811,2026-08-09 06:37:39,83.3,1,active,2026-07-26 07:45:00,normal,Arunachal High Himalaya
700,STS-8AF4A57BDB25,Hemanta Barua,Indian,aadhaar,XXXX-XXXX-3079,+91-9801706193,"[{""name"": ""Brahmaputra Jungle Resort (stay 1)"", ""lat"": 27.582196, ""lng"": 91.858029}, {""name"": ""Tawang Monastery"", ""lat"": 27.5861, ""lng"": 91.8594}, {""name"": ""Ygdrasill Bamboo Resort, Cherrapunji (stay 2)"", ""lat"": 26.631644, ""lng"": 92.803978}, {""name"": ""Tezpur"", ""lat"": 26.6338, ""lng"": 92.8}, {""name"": ""Hotel Dynasty, Lakhtokia (stay 3)"", ""lat"": 26.185287, ""lng"": 91.755145}, {""name"": ""Guwahati Railway Station"", ""lat"": 26.1824, ""lng"": 91.7513}, {""name"": ""Hotel Polo Towers, Shillong (stay 4)"", ""lat"": 27.542698, ""lng"": 93.831294}, {""name"": ""Ziro Valley"", ""lat"": 27.5448, ""lng"": 93.832}]","[{""name"": ""Meera Singh"", ""phone"": ""+91-6333083447"", ""relation"": ""family""}, {""name"": ""Hemanta Bora"", ""phone"": ""+91-9473476642"", ""relation"": ""spouse""}, {""name"": ""Nabanita Medhi"", ""phone"": ""+91-9624923407"", ""relation"": ""tour_operator""}]",2026-08-26 11:45:00,2026-09-02 15:45:00,27.542732,93.831383,2026-09-02 06:31:47,81.4,1,active,2026-08-07 16:45:00,normal,Arunachal High Himalaya
701,STS-EAD59F802604,Vikram Medhi,Indian,passport,Z8696821,+91-8741957808,"[{""name"": ""Hotel Polo Towers, Shillong (stay 1)"", ""lat"": 26.186783, ""lng"": 91.751765}, {""name"": ""Pan Bazaar"", ""lat"": 26.1856, ""lng"": 91.7455}, {""name"": ""Fancy Bazaar"", ""lat"": 26.1836, ""lng"": 91.7434}, {""name"": ""Paltan Bazaar"", ""lat"": 26.1817, ""lng"": 91.7503}, {""name"": ""Uzan Bazar Ghat"", ""lat"": 26.19, ""lng"": 91.759}, {""name"": ""Radisson Blu Guwahati (stay 2)"", ""lat"": 26.168889, ""lng"": 91.563693}, {""name"": ""Sualkuchi Silk Village"", ""lat"": 26.1667, ""lng"": 91.5667}]","[{""name"": ""Utpal Banerjee"", ""phone"": ""+91-6338576106"", ""relation"": ""family""}, {""name"": ""Kavya Sharma"", ""phone"": ""+91-7177456595"", ""relation"": ""spouse""}]",2026-08-28 06:30:00,2026-08-31 11:30:00,26.169283,91.563864,2026-08-31 06:53:55,81.9,1,active,2026-08-26 10:30:00,inactivity,Guwahati Market & Heritage Walk
702,STS-949962BE2827,Siddharth Iyer,Indian,aadhaar,XXXX-XXXX-9226,+91-9928544821,"[{""name"": ""Hotel Nandan (stay 1)"", ""lat"": 26.180628, ""lng"": 91.784243}, {""name"": ""Assam State Zoo & Botanical Garden"", ""lat"": 26.178, ""lng"": 91.786}, {""name"": ""Ygdrasill Bamboo Resort, Cherrapunji (stay 2)"", ""lat"": 26.10643, ""lng"": 91.623157}, {""name"": ""Deepor Beel Wildlife Sanctuary"", ""lat"": 26.12, ""lng"": 91.65}, {""name"": ""Accoland Water Park"", ""lat"": 26.09, ""lng"": 91.59}, {""name"": ""Novotel Guwahati GS Road (stay 3)"", ""lat"": 25.935106, ""lng"": 91.429414}, {""name"": ""Chandubi Lake"", ""lat"": 25.9333, ""lng"": 91.4333}, {""name"": ""Kiranshree Portico (stay 4)"", ""lat"": 26.230509, ""lng"": 92.079605}, {""name"": ""Pobitora Wildlife Sanctuary"", ""lat"": 26.2333, ""lng"": 92.0833}, {""name"": ""En route to Accoland Water Park"", ""lat"": 26.11, ""lng"": 91.63}, {""name"": ""En route to Accoland Water Park"", ""lat"": 26.1, ""lng"": 91.61}, {""name"": ""En route to Ygdrasill Bamboo Resort, Cherrapunji (stay 2)"", ""lat"": 26.098215, ""lng"": 91.606579}, {""name"": ""En route to Deepor Beel Wildlife Sanctuary"", ""lat"": 26.113215, ""lng"": 91.636579}]","[{""name"": ""Parag Nath"", ""phone"": ""+91-6612116364"", ""relation"": ""family""}, {""name"": ""Bornali Das"", ""phone"": ""+91-6383176041"", ""relation"": ""spouse""}, {""name"": ""Nikhil Kalita"", ""phone"": ""+91-7419597430"", ""relation"": ""friend""}]",2026-08-25 06:15:00,2026-08-29 16:15:00,26.230857,92.079512,2026-08-29 06:38:18,81.6,1,active,2026-08-03 19:15:00,route_deviation,Guwahati Nature & Wildlife
703,STS-964FAB39FAD7,Manish Ghosh,Indian,aadhaar,XXXX-XXXX-2087,+91-9365094022,"[{""name"": ""Wild Mahseer, Balipara (stay 1)"", ""lat"": 26.185586, ""lng"": 91.754668}, {""name"": ""Guwahati Railway Station"", ""lat"": 26.1824, ""lng"": 91.7513}, {""name"": ""Kiranshree Portico (stay 2)"", ""lat"": 27.589354, ""lng"": 91.85581}, {""name"": ""Tawang Monastery"", ""lat"": 27.5861, ""lng"": 91.8594}, {""name"": ""Novotel Guwahati GS Road (stay 3)"", ""lat"": 27.543736, ""lng"": 93.83509}, {""name"": ""Ziro Valley"", ""lat"": 27.5448, ""lng"": 93.832}]","[{""name"": ""Chandana Patel"", ""phone"": ""+91-8598492119"", ""relation"": ""family""}, {""name"": ""Bhaskar Patel"", ""phone"": ""+91-8924519502"", ""relation"": ""spouse""}]",2026-07-27 06:15:00,2026-08-07 12:15:00,27.543737,93.835064,2026-08-07 06:30:00,83.4,1,active,2026-07-06 15:15:00,normal,Arunachal High Himalaya
704,STS-F72C80887790,Kavya Mishra,Indian,passport,Z8025678,+91-7113081439,"[{""name"": ""Diphlu River Lodge, Kaziranga (stay 1)"", ""lat"": 26.15434, ""lng"": 91.780692}, {""name"": ""Six Mile"", ""lat"": 26.135, ""lng"": 91.805}, {""name"": ""Dispur Secretariat"", ""lat"": 26.142, ""lng"": 91.79}, {""name"": ""Ganeshguri Junction"", ""lat"": 26.147, ""lng"": 91.79}, {""name"": ""Guwahati Railway Station"", ""lat"": 26.1824, ""lng"": 91.7513}, {""name"": ""En route to Guwahati Railway Station"", ""lat"": 26.1588, ""lng"": 91.7771}, {""name"": ""En route to Guwahati Railway Station"", ""lat"": 26.1706, ""lng"": 91.7642}, {""name"": ""En route to Diphlu River Lodge, Kaziranga (stay 1)"", ""lat"": 26.16837, ""lng"": 91.765996}, {""name"": ""En route to Six Mile"", ""lat"": 26.14467, ""lng"": 91.792846}]","[{""name"": ""Simanta Bhattacharya"", ""phone"": ""+91-7739938245"", ""relation"": ""family""}, {""name"": ""Ananya Kumar"", ""phone"": ""+91-6946880518"", ""relation"": ""spouse""}, {""name"": ""Mridula Iyer"", ""phone"": ""+91-7000540962"", ""relation"": ""tour_operator""}]",2026-08-21 06:00:00,2026-08-23 10:00:00,26.154739,91.780769,2026-08-23 06:37:17,81.3,1,active,2026-08-10 10:00:00,normal,Business / Transit Stay
705,STS-1C5BB69B920B,Nabanita Verma,Indian,passport,Z0643418,+91-7906659458,"[{""name"": ""Radisson Blu Guwahati (stay 1)"", ""lat"": 26.11656, ""lng"": 91.648022}, {""name"": ""Deepor Beel Wildlife Sanctuary"", ""lat"": 26.12, ""lng"": 91.65}, {""name"": ""Hotel Nandan (stay 2)"", ""lat"": 25.930089, ""lng"": 91.432603}, {""name"": ""Chandubi Lake"", ""lat"": 25.9333, ""lng"": 91.4333}, {""name"": ""Vivanta Guwahati (stay 3)"", ""lat"": 26.234354, ""lng"": 92.081335}, {""name"": ""Pobitora Wildlife Sanctuary"", ""lat"": 26.2333, ""lng"": 92.0833}]","[{""name"": ""Sneha Das"", ""phone"": ""+91-6313143999"", ""relation"": ""family""}, {""name"": ""Rupam Baishya"", ""phone"": ""+91-8332972496"", ""relation"": ""spouse""}, {""name"": ""Hemanta Sharma"", ""phone"": ""+91-9180588700"", ""relation"": ""spouse""}]",2026-08-05 05:15:00,2026-08-07 12:15:00,25.930088,91.432304,2026-08-07 06:59:25,79.0,1,active,2026-07-23 20:15:00,normal,Guwahati Nature & Wildlife
706,STS-4A30B2A1F351,Siddharth Barua,Indian,aadhaar,XXXX-XXXX-5893,+91-6614518032,"[{""name"": ""Dolma Homestay, Tawang (stay 1)"", ""lat"": 26.101489, ""lng"": 91.616349}, {""name"": ""Accoland Water Park"", ""lat"": 26.09, ""lng"": 91.59}, {""name"": ""Deepor Beel Wildlife Sanctuary"", ""lat"": 26.12, ""lng"": 91.65}, {""name"": ""Vivanta Guwahati (stay 2)"", ""lat"": 26.176194, ""lng"": 91.782131}, {""name"": ""Assam State Zoo & Botanical Garden"", ""lat"": 26.178, ""lng"": 91.786}, {""name"": ""Radisson Blu Guwahati (stay 3)"", ""lat"": 26.231391, ""lng"": 92.08688}, {""name"": ""Pobitora Wildlife Sanctuary"", ""lat"": 26.2333, ""lng"": 92.0833}, {""name"": ""Dolma Homestay, Tawang (stay 4)"", ""lat"": 25.934527, ""lng"": 91.43558}, {""name"": ""Chandubi Lake"", ""lat"": 25.9333, ""lng"": 91.4333}, {""name"": ""En route to Deepor Beel Wildlife Sanctuary"", ""lat"": 26.1, ""lng"": 91.61}, {""name"": ""En route to Deepor Beel Wildlife Sanctuary"", ""lat"": 26.11, ""lng"": 91.63}, {""name"": ""En route to Dolma Homestay, Tawang (stay 1)"", ""lat"": 26.110745, ""lng"": 91.633174}, {""name"": ""En route to Accoland Water Park"", ""lat"": 26.095745, ""lng"": 91.603174}]","[{""name"": ""Kabir Mishra"", ""phone"": ""+91-9520080649"", ""relation"": ""family""}, {""name"": ""Rahul Sen"", ""phone"": ""+91-7536545696"", ""relation"": ""spouse""}, {""name"": ""Divya Barua"", ""phone"": ""+91-8334263696"", ""relation"": ""family""}]",2026-08-30 11:30:00,2026-09-04 13:30:00,25.934827,91.435851,2026-09-04 06:45:16,79.3,1,active,2026-08-19 22:30:00,normal,Guwahati Nature & Wildlife
707,STS-254B52F6980F,Ashley Brown,American,passport,381979940,+1-3260663927,"[{""name"": ""Ginger Guwahati (stay 1)"", ""lat"": 26.63259, ""lng"": 92.796205}, {""name"": ""Tezpur"", ""lat"": 26.6338, ""lng"": 92.8}, {""name"": ""Ri Kynjai, Umiam (stay 2)"", ""lat"": 26.917671, ""lng"": 92.880828}, {""name"": ""Nameri National Park"", ""lat"": 26.92, ""lng"": 92.88}, {""name"": ""Hotel Nandan (stay 3)"", ""lat"": 26.75262, ""lng"": 94.20557}, {""name"": ""Jorhat"", ""lat"": 26.7509, ""lng"": 94.2037}, {""name"": ""Kiranshree Portico (stay 4)"", ""lat"": 26.981238, ""lng"": 94.641549}, {""name"": ""Sivasagar"", ""lat"": 26.9826, ""lng"": 94.6425}]","[{""name"": ""Ethan Jones"", ""phone"": ""+1-1813809307"", ""relation"": ""family""}]",2026-09-01 08:15:00,2026-09-10 17:15:00,26.981473,94.641771,2026-09-05 18:37:31,72.0,1,active,2026-08-15 21:15:00,normal,Upper Assam Wildlife Trail
708,STS-448DDB457D98,Tanvi Phukan,Indian,aadhaar,XXXX-XXXX-5293,+91-7335640505,"[{""name"": ""Wild Mahseer, Balipara (stay 1)"", ""lat"": 26.101629, ""lng"": 91.622683}, {""name"": ""Accoland Water Park"", ""lat"": 26.09, ""lng"": 91.59}, {""name"": ""Deepor Beel Wildlife Sanctuary"", ""lat"": 26.12, ""lng"": 91.65}, {""name"": ""Ri Kynjai, Umiam (stay 2)"", ""lat"": 26.180027, ""lng"": 91.783155}, {""name"": ""Assam State Zoo & Botanical Garden"", ""lat"": 26.178, ""lng"": 91.786}, {""name"": ""Ygdrasill Bamboo Resort, Cherrapunji (stay 3)"", ""lat"": 25.931814, ""lng"": 91.43392}, {""name"": ""Chandubi Lake"", ""lat"": 25.9333, ""lng"": 91.4333}, {""name"": ""En route to Deepor Beel Wildlife Sanctuary"", ""lat"": 26.1, ""lng"": 91.61}, {""name"": ""En route to Deepor Beel Wildlife Sanctuary"", ""lat"": 26.11, ""lng"": 91.63}, {""name"": ""En route to Accoland Water Park"", ""lat"": 26.095814, ""lng"": 91.606341}, {""name"": ""En route to Wild Mahseer, Balipara (stay 1)"", ""lat"": 26.110815, ""lng"": 91.636342}]","[{""name"": ""Meera Sharma"", ""phone"": ""+91-8020847583"", ""relation"": ""family""}, {""name"": ""Anjali Kalita"", ""phone"": ""+91-7670867120"", ""relation"": ""spouse""}, {""name"": ""Chandana Verma"", ""phone"": ""+91-7715561333"", ""relation"": ""family""}]",2026-08-31 08:30:00,2026-09-05 19:30:00,25.932185,91.434231,2026-09-05 18:15:32,72.3,1,active,2026-08-10 20:30:00,night_wanderer,Guwahati Nature & Wildlife
709,STS-7178E949BDF2,Gitanjali Deka,Indian,aadhaar,XXXX-XXXX-8711,+91-7806195829,"[{""name"": ""Hotel Dynasty, Lakhtokia (stay 1)"", ""lat"": 26.169067, ""lng"": 91.774475}, {""name"": ""Srimanta Sankaradeva Kalakshetra"", ""lat"": 26.144, ""lng"": 91.8058}, {""name"": ""Uzan Bazar Ghat"", ""lat"": 26.19, ""lng"": 91.759}, {""name"": ""Paltan Bazaar"", ""lat"": 26.1817, ""lng"": 91.7503}, {""name"": ""Hotel Polo Towers, Shillong (stay 2)"", ""lat"": 26.166206, ""lng"": 91.565332}, {""name"": ""Sualkuchi Silk Village"", ""lat"": 26.1667, ""lng"": 91.5667}, {""name"": ""En route to Uzan Bazar Ghat"", ""lat"": 26.159333, ""lng"": 91.7902}, {""name"": ""En route to Uzan Bazar Ghat"", ""lat"": 26.174667, ""lng"": 91.7746}, {""name"": ""En route to Srimanta Sankaradeva Kalakshetra"", ""lat"": 26.156533, ""lng"": 91.790138}, {""name"": ""En route to Hotel Dynasty, Lakhtokia (stay 1)"", ""lat"": 26.175383, ""lng"": 91.762387}]","[{""name"": ""Nikhil Choudhury"", ""phone"": ""+91-8083787204"", ""relation"": ""family""}, {""name"": ""Gitanjali Dutta"", ""phone"": ""+91-7449303831"", ""relation"": ""spouse""}]",2026-09-09 05:15:00,2026-09-11 19:15:00,,,,100.0,1,active,2026-08-29 23:15:00,sos_panic,Guwahati Market & Heritage Walk
710,STS-EF4D4577D759,Siddharth Iyer,Indian,aadhaar,XXXX-XXXX-5829,+91-9429243850,"[{""name"": ""Hotel Rajmahal (stay 1)"", ""lat"": 26.149534, ""lng"": 91.787481}, {""name"": ""Guwahati Railway Station"", ""lat"": 26.1824, ""lng"": 91.7513}, {""name"": ""Ganeshguri Junction"", ""lat"": 26.147, ""lng"": 91.79}, {""name"": ""Dispur Secretariat"", ""lat"": 26.142, ""lng"": 91.79}, {""name"": ""Six Mile"", ""lat"": 26.135, ""lng"": 91.805}, {""name"": ""Hotel Dynasty, Lakhtokia (stay 2)"", ""lat"": 26.105508, ""lng"": 91.584489}, {""name"": ""LGB International Airport"", ""lat"": 26.1061, ""lng"": 91.5859}, {""name"": ""En route to Ganeshguri Junction"", ""lat"": 26.1706, ""lng"": 91.7642}, {""name"": ""En route to Ganeshguri Junction"", ""lat"": 26.1588, ""lng"": 91.7771}, {""name"": ""En route to Guwahati Railway Station"", ""lat"": 26.160489, ""lng"": 91.775421}, {""name"": ""En route to Guwahati Railway Station"", ""lat"": 26.171445, ""lng"": 91.76336}]","[{""name"": ""Mridula Nath"", ""phone"": ""+91-9685520426"", ""relation"": ""family""}, {""name"": ""Bishal Barua"", ""phone"": ""+91-9524401436"", ""relation"": ""spouse""}, {""name"": ""Kavya Sharma"", ""phone"": ""+91-8255141424"", ""relation"": ""embassy""}]",2026-07-30 06:15:00,2026-07-31 18:15:00,26.149866,91.787635,2026-07-31 06:54:51,79.3,1,active,2026-07-18 00:15:00,normal,Business / Transit Stay
711,STS-7D96C43A039F,Utpal Medhi,Indian,aadhaar,XXXX-XXXX-3824,+91-9114572487,"[{""name"": ""Dolma Homestay, Tawang (stay 1)"", ""lat"": 27.543236, ""lng"": 93.828176}, {""name"": ""Ziro Valley"", ""lat"": 27.5448, ""lng"": 93.832}, {""name"": ""Ri Kynjai, Umiam (stay 2)"", ""lat"": 26.636034, ""lng"": 92.799758}, {""name"": ""Tezpur"", ""lat"": 26.6338, ""lng"": 92.8}, {""name"": ""Radisson Blu Guwahati (stay 3)"", ""lat"": 26.183207, ""lng"": 91.755043}, {""name"": ""Guwahati Railway Station"", ""lat"": 26.1824, ""lng"": 91.7513}, {""name"": ""Vivanta Guwahati (stay 4)"", ""lat"": 27.585174, ""lng"": 91.857069}, {""name"": ""Tawang Monastery"", ""lat"": 27.5861, ""lng"": 91.8594}]","[{""name"": ""Rahul Kalita"", ""phone"": ""+91-9663824459"", ""relation"": ""family""}, {""name"": ""Bornali Nath"", ""phone"": ""+91-6118685187"", ""relation"": ""spouse""}]",2026-07-30 08:15:00,2026-08-07 15:15:00,27.58483,91.857072,2026-08-07 06:48:42,55.3,1,active,2026-07-15 21:15:00,inactivity,Arunachal High Himalaya
712,STS-46ED07BB947F,Manish Gogoi,Indian,aadhaar,XXXX-XXXX-3909,+91-8651524495,"[{""name"": ""Ygdrasill Bamboo Resort, Cherrapunji (stay 1)"", ""lat"": 26.170329, ""lng"": 91.770225}, {""name"": ""Uzan Bazar Ghat"", ""lat"": 26.19, ""lng"": 91.759}, {""name"": ""Paltan Bazaar"", ""lat"": 26.1817, ""lng"": 91.7503}, {""name"": ""Srimanta Sankaradeva Kalakshetra"", ""lat"": 26.144, ""lng"": 91.8058}, {""name"": ""En route to Srimanta Sankaradeva Kalakshetra"", ""lat"": 26.169133, ""lng"": 91.7688}, {""name"": ""En route to Srimanta Sankaradeva Kalakshetra"", ""lat"": 26.156567, ""lng"": 91.7873}, {""name"": ""En route to Ygdrasill Bamboo Resort, Cherrapunji (stay 1)"", ""lat"": 26.157165, ""lng"": 91.788013}]","[{""name"": ""Ishita Hazarika"", ""phone"": ""+91-7722649158"", ""relation"": ""family""}]",2026-08-22 08:30:00,2026-08-24 13:30:00,26.170445,91.770529,2026-08-24 06:50:46,80.7,1,missing,2026-08-15 18:30:00,missing_person,Guwahati Market & Heritage Walk
713,STS-5616EB7E75D1,Anika Nkosi,South African,passport,A05699856,+27-276145351,"[{""name"": ""Hotel Rajmahal (stay 1)"", ""lat"": 26.177804, ""lng"": 91.721485}, {""name"": ""Kamakhya Temple"", ""lat"": 26.1664, ""lng"": 91.7055}, {""name"": ""Umananda Island"", ""lat"": 26.1964, ""lng"": 91.7453}, {""name"": ""Diphlu River Lodge, Kaziranga (stay 2)"", ""lat"": 26.367755, ""lng"": 91.630485}, {""name"": ""Madan Kamdev Ruins"", ""lat"": 26.3667, ""lng"": 91.6333}, {""name"": ""Hotel Polo Towers, Shillong (stay 3)"", ""lat"": 26.25063, ""lng"": 91.514899}, {""name"": ""Hajo Pilgrimage Town"", ""lat"": 26.25, ""lng"": 91.5167}, {""name"": ""En route to Umananda Island"", ""lat"": 26.1764, ""lng"": 91.718767}, {""name"": ""En route to Umananda Island"", ""lat"": 26.1864, ""lng"": 91.732033}, {""name"": ""En route to Hotel Rajmahal (stay 1)"", ""lat"": 26.187102, ""lng"": 91.733393}]","[{""name"": ""Johan Van der Merwe"", ""phone"": ""+27-577708981"", ""relation"": ""family""}, {""name"": ""Lerato Nkosi"", ""phone"": ""+27-385810526"", ""relation"": ""spouse""}]",2026-09-05 06:00:00,2026-09-10 16:00:00,26.177449,91.721521,2026-09-05 18:17:37,73.0,1,active,2026-08-20 05:00:00,normal,Guwahati Pilgrimage Circuit
714,STS-60AB2130E3D4,Riya Nath,Indian,aadhaar,XXXX-XXXX-4341,+91-9086171519,"[{""name"": ""Brahmaputra Jungle Resort (stay 1)"", ""lat"": 27.582537, ""lng"": 91.85974}, {""name"": ""Tawang Monastery"", ""lat"": 27.5861, ""lng"": 91.8594}, {""name"": ""Hotel Nandan (stay 2)"", ""lat"": 26.18525, ""lng"": 91.751546}, {""name"": ""Guwahati Railway Station"", ""lat"": 26.1824, ""lng"": 91.7513}, {""name"": ""Kiranshree Portico (stay 3)"", ""lat"": 27.548782, ""lng"": 93.831043}, {""name"": ""Ziro Valley"", ""lat"": 27.5448, ""lng"": 93.832}]","[{""name"": ""Priya Kalita"", ""phone"": ""+91-9342836158"", ""relation"": ""family""}, {""name"": ""Debojit Ghosh"", ""phone"": ""+91-8447025510"", ""relation"": ""spouse""}]",2026-08-29 05:00:00,2026-09-10 19:00:00,27.548969,93.831217,2026-09-05 18:33:47,75.4,1,active,2026-08-11 00:00:00,inactivity,Arunachal High Himalaya
715,STS-51B86A9DF74B,Rupam Mishra,Indian,aadhaar,XXXX-XXXX-7835,+91-6581289480,"[{""name"": ""Ginger Guwahati (stay 1)"", ""lat"": 23.82801, ""lng"": 91.286175}, {""name"": ""Agartala"", ""lat"": 23.8315, ""lng"": 91.2868}, {""name"": ""Wild Mahseer, Balipara (stay 2)"", ""lat"": 26.108368, ""lng"": 91.58519}, {""name"": ""LGB International Airport"", ""lat"": 26.1061, ""lng"": 91.5859}, {""name"": ""Vivanta Guwahati (stay 3)"", ""lat"": 26.575018, ""lng"": 93.168039}, {""name"": ""Kaziranga National Park"", ""lat"": 26.5775, ""lng"": 93.1711}, {""name"": ""Hotel Polo Towers, Shillong (stay 4)"", ""lat"": 25.672676, ""lng"": 94.10841}, {""name"": ""Kohima"", ""lat"": 25.6751, ""lng"": 94.1086}, {""name"": ""Hotel Nandan (stay 5)"", ""lat"": 24.814354, ""lng"": 93.935544}, {""name"": ""Imphal"", ""lat"": 24.817, ""lng"": 93.9368}, {""name"": ""Vivanta Guwahati (stay 6)"", ""lat"": 27.333255, ""lng"": 88.610945}, {""name"": ""Gangtok"", ""lat"": 27.3314, ""lng"": 88.6138}]","[{""name"": ""Gitanjali Nath"", ""phone"": ""+91-8418004776"", ""relation"": ""family""}, {""name"": ""Anjali Singh"", ""phone"": ""+91-7899595146"", ""relation"": ""spouse""}, {""name"": ""Manish Medhi"", ""phone"": ""+91-7137901793"", ""relation"": ""spouse""}]",2026-08-05 08:30:00,2026-08-18 22:30:00,27.333277,88.610664,2026-08-18 06:56:04,82.0,1,active,2026-07-30 04:30:00,night_wanderer,Seven Sisters Grand Tour
716,STS-FF331625C0DC,Priya Bhattacharya,Indian,passport,Z1214928,+91-7300708605,"[{""name"": ""Brahmaputra Jungle Resort (stay 1)"", ""lat"": 26.186746, ""lng"": 91.745331}, {""name"": ""Pan Bazaar"", ""lat"": 26.1856, ""lng"": 91.7455}, {""name"": ""Fancy Bazaar"", ""lat"": 26.1836, ""lng"": 91.7434}, {""name"": ""Dolma Homestay, Tawang (stay 2)"", ""lat"": 26.162973, ""lng"": 91.568676}, {""name"": ""Sualkuchi Silk Village"", ""lat"": 26.1667, ""lng"": 91.5667}]","[{""name"": ""Pooja Rajkhowa"", ""phone"": ""+91-7057508903"", ""relation"": ""family""}, {""name"": ""Parag Deka"", ""phone"": ""+91-8601275260"", ""relation"": ""spouse""}]",2026-08-02 07:45:00,2026-08-06 11:45:00,26.163367,91.568676,2026-08-06 07:07:34,81.3,1,active,2026-07-26 22:45:00,normal,Guwahati Market & Heritage Walk
717,STS-6C06DB5B2A6D,Alfie Taylor,British,passport,590802353,+44-2630647341,"[{""name"": ""Ginger Guwahati (stay 1)"", ""lat"": 26.981797, ""lng"": 94.639903}, {""name"": ""Sivasagar"", ""lat"": 26.9826, ""lng"": 94.6425}, {""name"": ""Hotel Polo Towers, Shillong (stay 2)"", ""lat"": 26.747938, ""lng"": 94.200339}, {""name"": ""Jorhat"", ""lat"": 26.7509, ""lng"": 94.2037}, {""name"": ""Dolma Homestay, Tawang (stay 3)"", ""lat"": 26.635876, ""lng"": 92.799176}, {""name"": ""Tezpur"", ""lat"": 26.6338, ""lng"": 92.8}, {""name"": ""Hotel Dynasty, Lakhtokia (stay 4)"", ""lat"": 26.103632, ""lng"": 91.588029}, {""name"": ""LGB International Airport"", ""lat"": 26.1061, ""lng"": 91.5859}]","[{""name"": ""Amelia Edwards"", ""phone"": ""+44-2830317035"", ""relation"": ""family""}, {""name"": ""Charlotte Hughes"", ""phone"": ""+44-3438988036"", ""relation"": ""spouse""}, {""name"": ""Thomas Clarke"", ""phone"": ""+44-3369201109"", ""relation"": ""employer""}, {""name"": ""Oliver Clarke"", ""phone"": ""+44-6872645193"", ""relation"": ""family""}]",2026-08-12 10:15:00,2026-08-24 00:15:00,26.103296,91.588402,2026-08-23 06:40:06,81.1,1,active,2026-08-07 17:15:00,normal,Upper Assam Wildlife Trail
718,STS-A1768C439784,Riya Bora,Indian,aadhaar,XXXX-XXXX-9763,+91-9147061584,"[{""name"": ""Hotel Rajmahal (stay 1)"", ""lat"": 26.154913, ""lng"": 91.78251}, {""name"": ""Dispur Secretariat"", ""lat"": 26.142, ""lng"": 91.79}, {""name"": ""Six Mile"", ""lat"": 26.135, ""lng"": 91.805}, {""name"": ""Guwahati Railway Station"", ""lat"": 26.1824, ""lng"": 91.7513}, {""name"": ""En route to Guwahati Railway Station"", ""lat"": 26.14685, ""lng"": 91.791575}, {""name"": ""En route to Guwahati Railway Station"", ""lat"": 26.1587, ""lng"": 91.77815}, {""name"": ""En route to Guwahati Railway Station"", ""lat"": 26.17055, ""lng"": 91.764725}, {""name"": ""En route to Hotel Rajmahal (stay 1)"", ""lat"": 26.168657, ""lng"": 91.766905}]","[{""name"": ""Ananya Kumar"", ""phone"": ""+91-9835536668"", ""relation"": ""family""}, {""name"": ""Meera Kumar"", ""phone"": ""+91-8580535657"", ""relation"": ""spouse""}]",2026-09-07 07:00:00,2026-09-08 10:00:00,,,,100.0,1,active,2026-08-31 04:00:00,normal,Business / Transit Stay
719,STS-254A6586F03D,Bishal Patel,Indian,aadhaar,XXXX-XXXX-6056,+91-9723524015,"[{""name"": ""Radisson Blu Guwahati (stay 1)"", ""lat"": 27.547713, ""lng"": 93.835286}, {""name"": ""Ziro Valley"", ""lat"": 27.5448, ""lng"": 93.832}, {""name"": ""Diphlu River Lodge, Kaziranga (stay 2)"", ""lat"": 26.631557, ""lng"": 92.797838}, {""name"": ""Tezpur"", ""lat"": 26.6338, ""lng"": 92.8}, {""name"": ""Diphlu River Lodge, Kaziranga (stay 3)"", ""lat"": 26.180425, ""lng"": 91.755172}, {""name"": ""Guwahati Railway Station"", ""lat"": 26.1824, ""lng"": 91.7513}, {""name"": ""Radisson Blu Guwahati (stay 4)"", ""lat"": 27.586944, ""lng"": 91.856794}, {""name"": ""Tawang Monastery"", ""lat"": 27.5861, ""lng"": 91.8594}]","[{""name"": ""Pooja Patel"", ""phone"": ""+91-8499882563"", ""relation"": ""family""}, {""name"": ""Manish Nath"", ""phone"": ""+91-7823698742"", ""relation"": ""spouse""}]",2026-09-09 08:45:00,2026-09-17 22:45:00,,,,100.0,1,active,2026-09-09 03:45:00,high_speed_transit,Arunachal High Himalaya
720,STS-2C0A2FB8FFD8,Manish Sharma,Indian,aadhaar,XXXX-XXXX-9431,+91-9990052360,"[{""name"": ""Dolma Homestay, Tawang (stay 1)"", ""lat"": 25.657539, ""lng"": 91.889417}, {""name"": ""Umiam Lake"", ""lat"": 25.657, ""lng"": 91.889}, {""name"": ""Novotel Guwahati GS Road (stay 2)"", ""lat"": 25.27259, ""lng"": 91.699644}, {""name"": ""Cherrapunji (Sohra)"", ""lat"": 25.2912, ""lng"": 91.6783}, {""name"": ""Living Root Bridge, Nongriat"", ""lat"": 25.247, ""lng"": 91.715}, {""name"": ""Diphlu River Lodge, Kaziranga (stay 3)"", ""lat"": 25.197987, ""lng"": 91.968072}, {""name"": ""Mawlynnong Village"", ""lat"": 25.2, ""lng"": 91.9167}, {""name"": ""Dawki / Umngot River"", ""lat"": 25.19, ""lng"": 92.02}, {""name"": ""En route to Dawki / Umngot River"", ""lat"": 25.198, ""lng"": 91.93736}, {""name"": ""En route to Dawki / Umngot River"", ""lat"": 25.196, ""lng"": 91.95802}, {""name"": ""En route to Dawki / Umngot River"", ""lat"": 25.194, ""lng"": 91.97868}, {""name"": ""En route to Dawki / Umngot River"", ""lat"": 25.192, ""lng"": 91.99934}, {""name"": ""En route to Living Root Bridge, Nongriat"", ""lat"": 25.276467, ""lng"": 91.690533}, {""name"": ""En route to Living Root Bridge, Nongriat"", ""lat"": 25.261733, ""lng"": 91.702767}, {""name"": ""En route to Diphlu River Lodge, Kaziranga (stay 3)"", ""lat"": 25.192662, ""lng"": 92.002691}, {""name"": ""En route to Diphlu River Lodge, Kaziranga (stay 3)"", ""lat"": 25.195325, ""lng"": 91.985381}, {""name"": ""En route to Mawlynnong Village"", ""lat"": 25.198658, ""lng"": 91.950948}, {""name"": ""En route to Mawlynnong Village"", ""lat"": 25.199329, ""lng"": 91.933824}, {""name"": ""En route to Novotel Guwahati GS Road (stay 2)"", ""lat"": 25.259795, ""lng"": 91.707322}, {""name"": ""En route to Cherrapunji (Sohra)"", ""lat"": 25.281895, ""lng"": 91.688972}]","[{""name"": ""Rohan Barua"", ""phone"": ""+91-8364850448"", ""relation"": ""family""}, {""name"": ""Pooja Gogoi"", ""phone"": ""+91-8301463111"", ""relation"": ""spouse""}, {""name"": ""Rituparna Phukan"", ""phone"": ""+91-7128126275"", ""relation"": ""embassy""}]",2026-09-03 08:30:00,2026-09-10 21:30:00,25.272466,91.699683,2026-09-05 18:37:07,70.4,1,active,2026-08-22 12:30:00,night_wanderer,Meghalaya Loop
721,STS-1D89C4C97EC9,Debojit Reddy,Indian,aadhaar,XXXX-XXXX-5124,+91-6977776221,"[{""name"": ""Dolma Homestay, Tawang (stay 1)"", ""lat"": 26.17046, ""lng"": 91.763699}, {""name"": ""Paltan Bazaar"", ""lat"": 26.1817, ""lng"": 91.7503}, {""name"": ""Pan Bazaar"", ""lat"": 26.1856, ""lng"": 91.7455}, {""name"": ""Fancy Bazaar"", ""lat"": 26.1836, ""lng"": 91.7434}, {""name"": ""Srimanta Sankaradeva Kalakshetra"", ""lat"": 26.144, ""lng"": 91.8058}, {""name"": ""En route to Srimanta Sankaradeva Kalakshetra"", ""lat"": 26.1737, ""lng"": 91.759}, {""name"": ""En route to Srimanta Sankaradeva Kalakshetra"", ""lat"": 26.1638, ""lng"": 91.7746}, {""name"": ""En route to Srimanta Sankaradeva Kalakshetra"", ""lat"": 26.1539, ""lng"": 91.7902}, {""name"": ""En route to Dolma Homestay, Tawang (stay 1)"", ""lat"": 26.15282, ""lng"": 91.791766}, {""name"": ""En route to Dolma Homestay, Tawang (stay 1)"", ""lat"": 26.16164, ""lng"": 91.777733}]","[{""name"": ""Rohan Iyer"", ""phone"": ""+91-6836483942"", ""relation"": ""family""}, {""name"": ""Ishita Banerjee"", ""phone"": ""+91-9510317623"", ""relation"": ""spouse""}, {""name"": ""La Maison de Ananda, Majuli Front Desk"", ""phone"": ""+91-9490352519"", ""relation"": ""hotel""}, {""name"": ""Tanvi Sen"", ""phone"": ""+91-9235416625"", ""relation"": ""sibling""}]",2026-08-16 08:15:00,2026-08-19 13:15:00,26.170278,91.763507,2026-08-19 07:02:58,79.1,1,active,2026-07-28 22:15:00,normal,Guwahati Market & Heritage Walk
722,STS-C3A62BC4CE25,Junmoni Verma,Indian,aadhaar,XXXX-XXXX-3744,+91-6407810702,"[{""name"": ""La Maison de Ananda, Majuli (stay 1)"", ""lat"": 26.186377, ""lng"": 91.75471}, {""name"": ""Guwahati Railway Station"", ""lat"": 26.1824, ""lng"": 91.7513}, {""name"": ""Hotel Rajmahal (stay 2)"", ""lat"": 25.617817, ""lng"": 91.890864}, {""name"": ""Umiam Lake"", ""lat"": 25.657, ""lng"": 91.889}, {""name"": ""Shillong"", ""lat"": 25.5788, ""lng"": 91.8933}, {""name"": ""Vivanta Guwahati (stay 3)"", ""lat"": 25.286818, ""lng"": 91.681401}, {""name"": ""Cherrapunji (Sohra)"", ""lat"": 25.2912, ""lng"": 91.6783}, {""name"": ""Nohkalikai Falls"", ""lat"": 25.276, ""lng"": 91.6857}, {""name"": ""En route to Shillong"", ""lat"": 25.63745, ""lng"": 91.890075}, {""name"": ""En route to Shillong"", ""lat"": 25.6179, ""lng"": 91.89115}, {""name"": ""En route to Shillong"", ""lat"": 25.59835, ""lng"": 91.892225}, {""name"": ""En route to Umiam Lake"", ""lat"": 25.637408, ""lng"": 91.889932}, {""name"": ""En route to Hotel Rajmahal (stay 2)"", ""lat"": 25.598309, ""lng"": 91.892082}]","[{""name"": ""Pranjal Iyer"", ""phone"": ""+91-6479086919"", ""relation"": ""family""}, {""name"": ""Rahul Mishra"", ""phone"": ""+91-8228771770"", ""relation"": ""spouse""}, {""name"": ""Priya Nath"", ""phone"": ""+91-6328410823"", ""relation"": ""colleague""}]",2026-07-29 07:00:00,2026-08-05 20:00:00,25.287127,91.681611,2026-08-05 06:35:16,78.6,1,active,2026-07-11 17:00:00,night_wanderer,Meghalaya Loop
723,STS-B0E8B727435B,Ashley Davis,American,passport,159068933,+1-4320406166,"[{""name"": ""Hotel Rajmahal (stay 1)"", ""lat"": 25.934161, ""lng"": 91.436545}, {""name"": ""Chandubi Lake"", ""lat"": 25.9333, ""lng"": 91.4333}, {""name"": ""Kiranshree Portico (stay 2)"", ""lat"": 26.176207, ""lng"": 91.786217}, {""name"": ""Assam State Zoo & Botanical Garden"", ""lat"": 26.178, ""lng"": 91.786}, {""name"": ""Diphlu River Lodge, Kaziranga (stay 3)"", ""lat"": 26.231792, ""lng"": 92.084604}, {""name"": ""Pobitora Wildlife Sanctuary"", ""lat"": 26.2333, ""lng"": 92.0833}]","[{""name"": ""David Garcia"", ""phone"": ""+1-5288109436"", ""relation"": ""family""}, {""name"": ""Christopher Garcia"", ""phone"": ""+1-7551351211"", ""relation"": ""spouse""}, {""name"": ""La Maison de Ananda, Majuli Front Desk"", ""phone"": ""+91-8406775917"", ""relation"": ""hotel""}]",2026-08-31 11:30:00,2026-09-05 15:30:00,26.231422,92.084729,2026-09-05 07:05:59,81.3,1,active,2026-08-24 13:30:00,normal,Guwahati Nature & Wildlife
724,STS-AEF9C31306E7,Vikram Rajkhowa,Indian,aadhaar,XXXX-XXXX-5331,+91-9923226865,"[{""name"": ""Wild Mahseer, Balipara (stay 1)"", ""lat"": 26.630955, ""lng"": 92.802954}, {""name"": ""Tezpur"", ""lat"": 26.6338, ""lng"": 92.8}, {""name"": ""Ri Kynjai, Umiam (stay 2)"", ""lat"": 26.577684, ""lng"": 93.174214}, {""name"": ""Kaziranga National Park"", ""lat"": 26.5775, ""lng"": 93.1711}, {""name"": ""Dolma Homestay, Tawang (stay 3)"", ""lat"": 26.753066, ""lng"": 94.204377}, {""name"": ""Jorhat"", ""lat"": 26.7509, ""lng"": 94.2037}, {""name"": ""Diphlu River Lodge, Kaziranga (stay 4)"", ""lat"": 26.949975, ""lng"": 94.170188}, {""name"": ""Majuli River Island"", ""lat"": 26.95, ""lng"": 94.17}, {""name"": ""Radisson Blu Guwahati (stay 5)"", ""lat"": 26.978618, ""lng"": 94.638709}, {""name"": ""Sivasagar"", ""lat"": 26.9826, ""lng"": 94.6425}, {""name"": ""Radisson Blu Guwahati (stay 6)"", ""lat"": 26.104323, ""lng"": 91.583004}, {""name"": ""LGB International Airport"", ""lat"": 26.1061, ""lng"": 91.5859}]","[{""name"": ""Mridula Rajkhowa"", ""phone"": ""+91-8341862472"", ""relation"": ""family""}, {""name"": ""Anjali Choudhury"", ""phone"": ""+91-9100516801"", ""relation"": ""spouse""}]",2026-08-28 05:45:00,2026-09-06 07:45:00,26.104635,91.583125,2026-09-05 18:20:50,72.7,1,missing,2026-08-21 17:45:00,missing_person,Upper Assam Wildlife Trail
725,STS-2C018B4EB6EB,Utpal Singh,Indian,pan,YHTRF1892D,+91-6814250676,"[{""name"": ""Radisson Blu Guwahati (stay 1)"", ""lat"": 25.26451, ""lng"": 91.701992}, {""name"": ""Nohkalikai Falls"", ""lat"": 25.276, ""lng"": 91.6857}, {""name"": ""Living Root Bridge, Nongriat"", ""lat"": 25.247, ""lng"": 91.715}, {""name"": ""Diphlu River Lodge, Kaziranga (stay 2)"", ""lat"": 25.579202, ""lng"": 91.893817}, {""name"": ""Shillong"", ""lat"": 25.5788, ""lng"": 91.8933}, {""name"": ""En route to Living Root Bridge, Nongriat"", ""lat"": 25.2615, ""lng"": 91.70035}]","[{""name"": ""Hemanta Gogoi"", ""phone"": ""+91-8039061702"", ""relation"": ""family""}, {""name"": ""Pooja Dutta"", ""phone"": ""+91-8106175366"", ""relation"": ""spouse""}, {""name"": ""Vivanta Guwahati Front Desk"", ""phone"": ""+91-7074558337"", ""relation"": ""hotel""}]",2026-08-16 08:30:00,2026-08-23 21:30:00,25.578904,91.893707,2026-08-23 06:53:13,79.0,0,active,2026-08-14 15:30:00,night_wanderer,Meghalaya Loop
726,STS-D4C739ADB473,Emily Miller,American,passport,939024580,+1-9399651004,"[{""name"": ""Ygdrasill Bamboo Resort, Cherrapunji (stay 1)"", ""lat"": 26.185463, ""lng"": 91.749441}, {""name"": ""Assam State Museum"", ""lat"": 26.1857, ""lng"": 91.7481}, {""name"": ""Dighalipukhuri"", ""lat"": 26.1861, ""lng"": 91.7503}, {""name"": ""Pan Bazaar"", ""lat"": 26.1856, ""lng"": 91.7455}, {""name"": ""Brahmaputra Riverfront"", ""lat"": 26.1905, ""lng"": 91.748}, {""name"": ""Guwahati Planetarium"", ""lat"": 26.1856, ""lng"": 91.7625}]","[{""name"": ""Ashley Williams"", ""phone"": ""+1-1963171401"", ""relation"": ""family""}]",2026-08-11 09:30:00,2026-08-15 17:30:00,26.185244,91.74909,2026-08-15 06:46:11,80.5,1,active,2026-08-11 00:30:00,normal,Guwahati City Break
727,STS-F3F06233EE49,Bornali Medhi,Indian,aadhaar,XXXX-XXXX-4576,+91-6124249135,"[{""name"": ""Ygdrasill Bamboo Resort, Cherrapunji (stay 1)"", ""lat"": 26.178604, ""lng"": 91.745659}, {""name"": ""Kamakhya Temple"", ""lat"": 26.1664, ""lng"": 91.7055}, {""name"": ""Fancy Bazaar"", ""lat"": 26.1836, ""lng"": 91.7434}, {""name"": ""Nehru Park"", ""lat"": 26.1857, ""lng"": 91.7477}, {""name"": ""Assam State Museum"", ""lat"": 26.1857, ""lng"": 91.7481}, {""name"": ""Dighalipukhuri"", ""lat"": 26.1861, ""lng"": 91.7503}, {""name"": ""Guwahati Planetarium"", ""lat"": 26.1856, ""lng"": 91.7625}, {""name"": ""En route to Fancy Bazaar"", ""lat"": 26.175, ""lng"": 91.72445}, {""name"": ""En route to Kamakhya Temple"", ""lat"": 26.172502, ""lng"": 91.72558}]","[{""name"": ""Junmoni Kalita"", ""phone"": ""+91-7741706025"", ""relation"": ""family""}, {""name"": ""Rupam Kalita"", ""phone"": ""+91-8536908377"", ""relation"": ""spouse""}, {""name"": ""Manish Medhi"", ""phone"": ""+91-8741124964"", ""relation"": ""parent""}]",2026-08-07 10:30:00,2026-08-11 00:30:00,26.178811,91.745585,2026-08-10 06:54:16,79.2,1,active,2026-07-17 09:30:00,inactivity,Guwahati City Break
728,STS-EFA5E9038BA9,Bhaskar Rajkhowa,Indian,aadhaar,XXXX-XXXX-4992,+91-7131541288,"[{""name"": ""Diphlu River Lodge, Kaziranga (stay 1)"", ""lat"": 24.816772, ""lng"": 93.934906}, {""name"": ""Imphal"", ""lat"": 24.817, ""lng"": 93.9368}, {""name"": ""Hotel Polo Towers, Shillong (stay 2)"", ""lat"": 25.671583, ""lng"": 94.1123}, {""name"": ""Kohima"", ""lat"": 25.6751, ""lng"": 94.1086}, {""name"": ""Kiranshree Portico (stay 3)"", ""lat"": 26.105408, ""lng"": 91.589355}, {""name"": ""LGB International Airport"", ""lat"": 26.1061, ""lng"": 91.5859}, {""name"": ""Radisson Blu Guwahati (stay 4)"", ""lat"": 23.726123, ""lng"": 92.717059}, {""name"": ""Aizawl"", ""lat"": 23.7271, ""lng"": 92.7176}, {""name"": ""Ginger Guwahati (stay 5)"", ""lat"": 27.32821, ""lng"": 88.610092}, {""name"": ""Gangtok"", ""lat"": 27.3314, ""lng"": 88.6138}]","[{""name"": ""Riya Nair"", ""phone"": ""+91-6102852245"", ""relation"": ""family""}, {""name"": ""Bornali Kalita"", ""phone"": ""+91-9593164588"", ""relation"": ""spouse""}, {""name"": ""Aarav Bhattacharya"", ""phone"": ""+91-7718391487"", ""relation"": ""employer""}]",2026-07-28 08:45:00,2026-08-08 10:45:00,27.328503,88.610185,2026-08-08 06:34:43,83.8,1,active,2026-07-18 04:45:00,sos_panic,Seven Sisters Grand Tour
729,STS-D318CD9BF7A2,Pranjal Reddy,Indian,aadhaar,XXXX-XXXX-9628,+91-9994630083,"[{""name"": ""Vivanta Guwahati (stay 1)"", ""lat"": 26.179616, ""lng"": 91.783307}, {""name"": ""Assam State Zoo & Botanical Garden"", ""lat"": 26.178, ""lng"": 91.786}, {""name"": ""Hotel Rajmahal (stay 2)"", ""lat"": 26.108876, ""lng"": 91.619088}, {""name"": ""Deepor Beel Wildlife Sanctuary"", ""lat"": 26.12, ""lng"": 91.65}, {""name"": ""Accoland Water Park"", ""lat"": 26.09, ""lng"": 91.59}, {""name"": ""Brahmaputra Jungle Resort (stay 3)"", ""lat"": 25.930346, ""lng"": 91.431712}, {""name"": ""Chandubi Lake"", ""lat"": 25.9333, ""lng"": 91.4333}, {""name"": ""Kiranshree Portico (stay 4)"", ""lat"": 26.236914, ""lng"": 92.082208}, {""name"": ""Pobitora Wildlife Sanctuary"", ""lat"": 26.2333, ""lng"": 92.0833}, {""name"": ""En route to Accoland Water Park"", ""lat"": 26.11, ""lng"": 91.63}, {""name"": ""En route to Accoland Water Park"", ""lat"": 26.1, ""lng"": 91.61}, {""name"": ""En route to Hotel Rajmahal (stay 2)"", ""lat"": 26.099438, ""lng"": 91.604544}, {""name"": ""En route to Deepor Beel Wildlife Sanctuary"", ""lat"": 26.114438, ""lng"": 91.634544}]","[{""name"": ""Chandana Bhattacharya"", ""phone"": ""+91-7915289813"", ""relation"": ""family""}, {""name"": ""Pooja Sen"", ""phone"": ""+91-7652048598"", ""relation"": ""spouse""}, {""name"": ""Hotel Polo Towers, Shillong Front Desk"", ""phone"": ""+91-9153134649"", ""relation"": ""hotel""}]",2026-07-27 07:00:00,2026-08-01 17:00:00,26.236533,92.082431,2026-08-01 06:52:33,82.8,0,active,2026-07-19 11:00:00,geofence_intrusion,Guwahati Nature & Wildlife
730,STS-49795DD497F8,Vikram Phukan,Indian,passport,Z4641364,+91-9375699205,"[{""name"": ""Ygdrasill Bamboo Resort, Cherrapunji (stay 1)"", ""lat"": 26.16145, ""lng"": 91.760267}, {""name"": ""Navagraha Temple"", ""lat"": 26.1749, ""lng"": 91.7789}, {""name"": ""Umananda Island"", ""lat"": 26.1964, ""lng"": 91.7453}, {""name"": ""Kamakhya Temple"", ""lat"": 26.1664, ""lng"": 91.7055}, {""name"": ""Basistha Temple"", ""lat"": 26.1132, ""lng"": 91.797}, {""name"": ""Diphlu River Lodge, Kaziranga (stay 2)"", ""lat"": 26.253925, ""lng"": 91.516966}, {""name"": ""Hajo Pilgrimage Town"", ""lat"": 26.25, ""lng"": 91.5167}, {""name"": ""Vivanta Guwahati (stay 3)"", ""lat"": 26.36463, ""lng"": 91.632789}, {""name"": ""Madan Kamdev Ruins"", ""lat"": 26.3667, ""lng"": 91.6333}, {""name"": ""En route to Basistha Temple"", ""lat"": 26.15576, ""lng"": 91.7238}, {""name"": ""En route to Basistha Temple"", ""lat"": 26.14512, ""lng"": 91.7421}, {""name"": ""En route to Basistha Temple"", ""lat"": 26.13448, ""lng"": 91.7604}, {""name"": ""En route to Basistha Temple"", ""lat"": 26.12384, ""lng"": 91.7787}, {""name"": ""En route to Ygdrasill Bamboo Resort, Cherrapunji (stay 1)"", ""lat"": 26.129283, ""lng"": 91.784756}, {""name"": ""En route to Ygdrasill Bamboo Resort, Cherrapunji (stay 1)"", ""lat"": 26.145367, ""lng"": 91.772511}, {""name"": ""En route to Kamakhya Temple"", ""lat"": 26.1864, ""lng"": 91.732033}, {""name"": ""En route to Kamakhya Temple"", ""lat"": 26.1764, ""lng"": 91.718767}, {""name"": ""En route to Umananda Island"", ""lat"": 26.18565, ""lng"": 91.7621}]","[{""name"": ""Rituparna Verma"", ""phone"": ""+91-9468540908"", ""relation"": ""family""}]",2026-08-04 09:30:00,2026-08-10 18:30:00,26.364659,91.632675,2026-08-10 06:51:40,80.6,1,active,2026-07-19 16:30:00,normal,Guwahati Pilgrimage Circuit
731,STS-4671EAF054E3,Priya Hazarika,Indian,voterid,ERL1618941,+91-9585176335,"[{""name"": ""Novotel Guwahati GS Road (stay 1)"", ""lat"": 25.576711, ""lng"": 91.892877}, {""name"": ""Shillong"", ""lat"": 25.5788, ""lng"": 91.8933}, {""name"": ""Novotel Guwahati GS Road (stay 2)"", ""lat"": 26.576326, ""lng"": 93.168374}, {""name"": ""Kaziranga National Park"", ""lat"": 26.5775, ""lng"": 93.1711}, {""name"": ""Ri Kynjai, Umiam (stay 3)"", ""lat"": 25.676194, ""lng"": 94.104866}, {""name"": ""Kohima"", ""lat"": 25.6751, ""lng"": 94.1086}, {""name"": ""Brahmaputra Jungle Resort (stay 4)"", ""lat"": 23.832205, ""lng"": 91.285881}, {""name"": ""Agartala"", ""lat"": 23.8315, ""lng"": 91.2868}, {""name"": ""Diphlu River Lodge, Kaziranga (stay 5)"", ""lat"": 27.330471, ""lng"": 88.61563}, {""name"": ""Gangtok"", ""lat"": 27.3314, ""lng"": 88.6138}]","[{""name"": ""Bhaskar Bhattacharya"", ""phone"": ""+91-6984680016"", ""relation"": ""family""}, {""name"": ""Debojit Bora"", ""phone"": ""+91-6805148138"", ""relation"": ""spouse""}, {""name"": ""Ri Kynjai, Umiam Front Desk"", ""phone"": ""+91-8726868625"", ""relation"": ""hotel""}, {""name"": ""Junmoni Mishra"", ""phone"": ""+91-7759236223"", ""relation"": ""sibling""}]",2026-09-08 07:15:00,2026-09-21 16:15:00,,,,100.0,0,active,2026-08-19 00:15:00,normal,Seven Sisters Grand Tour
732,STS-8120D85AC4CF,Hemanta Medhi,Indian,aadhaar,XXXX-XXXX-5970,+91-6882799305,"[{""name"": ""La Maison de Ananda, Majuli (stay 1)"", ""lat"": 23.731, ""lng"": 92.71516}, {""name"": ""Aizawl"", ""lat"": 23.7271, ""lng"": 92.7176}, {""name"": ""Radisson Blu Guwahati (stay 2)"", ""lat"": 24.813145, ""lng"": 93.935873}, {""name"": ""Imphal"", ""lat"": 24.817, ""lng"": 93.9368}, {""name"": ""Ginger Guwahati (stay 3)"", ""lat"": 26.576263, ""lng"": 93.172526}, {""name"": ""Kaziranga National Park"", ""lat"": 26.5775, ""lng"": 93.1711}, {""name"": ""Hotel Nandan (stay 4)"", ""lat"": 26.103931, ""lng"": 91.589633}, {""name"": ""LGB International Airport"", ""lat"": 26.1061, ""lng"": 91.5859}, {""name"": ""Brahmaputra Jungle Resort (stay 5)"", ""lat"": 27.333454, ""lng"": 88.612344}, {""name"": ""Gangtok"", ""lat"": 27.3314, ""lng"": 88.6138}]","[{""name"": ""Anurag Deka"", ""phone"": ""+91-6636484909"", ""relation"": ""family""}, {""name"": ""Riya Barua"", ""phone"": ""+91-7046464415"", ""relation"": ""spouse""}, {""name"": ""Dolma Homestay, Tawang Front Desk"", ""phone"": ""+91-9169528810"", ""relation"": ""hotel""}]",2026-07-26 07:30:00,2026-08-10 15:30:00,27.333092,88.612736,2026-08-10 06:57:45,81.5,1,active,2026-07-04 11:30:00,normal,Seven Sisters Grand Tour
733,STS-3AEA944C5F46,Fang Li,Chinese,passport,E76945565,+86-13837555843,"[{""name"": ""Ginger Guwahati (stay 1)"", ""lat"": 26.36834, ""lng"": 91.632908}, {""name"": ""Madan Kamdev Ruins"", ""lat"": 26.3667, ""lng"": 91.6333}, {""name"": ""Wild Mahseer, Balipara (stay 2)"", ""lat"": 26.157686, ""lng"": 91.775475}, {""name"": ""Umananda Island"", ""lat"": 26.1964, ""lng"": 91.7453}, {""name"": ""Navagraha Temple"", ""lat"": 26.1749, ""lng"": 91.7789}, {""name"": ""Basistha Temple"", ""lat"": 26.1132, ""lng"": 91.797}, {""name"": ""En route to Basistha Temple"", ""lat"": 26.154333, ""lng"": 91.784933}, {""name"": ""En route to Basistha Temple"", ""lat"": 26.133767, ""lng"": 91.790967}, {""name"": ""En route to Wild Mahseer, Balipara (stay 2)"", ""lat"": 26.128029, ""lng"": 91.789825}, {""name"": ""En route to Wild Mahseer, Balipara (stay 2)"", ""lat"": 26.142857, ""lng"": 91.78265}, {""name"": ""En route to Umananda Island"", ""lat"": 26.170591, ""lng"": 91.765417}, {""name"": ""En route to Umananda Island"", ""lat"": 26.183495, ""lng"": 91.755358}, {""name"": ""En route to Navagraha Temple"", ""lat"": 26.18565, ""lng"": 91.7621}]","[{""name"": ""Jing Li"", ""phone"": ""+86-27467495367"", ""relation"": ""family""}, {""name"": ""Xiaoyan Li"", ""phone"": ""+86-35688076797"", ""relation"": ""spouse""}]",2026-07-30 11:45:00,2026-08-03 01:45:00,26.158022,91.775844,2026-08-02 06:34:46,79.2,1,active,2026-07-16 19:45:00,route_deviation,Guwahati Pilgrimage Circuit
734,STS-D9CF32EF26BF,Divya Singh,Indian,aadhaar,XXXX-XXXX-2839,+91-8265298131,"[{""name"": ""Hotel Dynasty, Lakhtokia (stay 1)"", ""lat"": 25.580198, ""lng"": 91.889886}, {""name"": ""Shillong"", ""lat"": 25.5788, ""lng"": 91.8933}, {""name"": ""Ygdrasill Bamboo Resort, Cherrapunji (stay 2)"", ""lat"": 26.108217, ""lng"": 91.583511}, {""name"": ""LGB International Airport"", ""lat"": 26.1061, ""lng"": 91.5859}, {""name"": ""Dolma Homestay, Tawang (stay 3)"", ""lat"": 23.834526, ""lng"": 91.289408}, {""name"": ""Agartala"", ""lat"": 23.8315, ""lng"": 91.2868}, {""name"": ""Wild Mahseer, Balipara (stay 4)"", ""lat"": 23.724357, ""lng"": 92.72049}, {""name"": ""Aizawl"", ""lat"": 23.7271, ""lng"": 92.7176}, {""name"": ""Dolma Homestay, Tawang (stay 5)"", ""lat"": 25.67351, ""lng"": 94.110757}, {""name"": ""Kohima"", ""lat"": 25.6751, ""lng"": 94.1086}, {""name"": ""Novotel Guwahati GS Road (stay 6)"", ""lat"": 27.334803, ""lng"": 88.610493}, {""name"": ""Gangtok"", ""lat"": 27.3314, ""lng"": 88.6138}]","[{""name"": ""Parag Mishra"", ""phone"": ""+91-6224935834"", ""relation"": ""family""}]",2026-09-04 07:15:00,2026-09-14 19:15:00,23.724093,92.720781,2026-09-05 18:36:42,74.5,1,active,2026-09-03 08:15:00,normal,Seven Sisters Grand Tour
735,STS-ABD7ACC84C92,Nabanita Mishra,Indian,pan,BYQYQ4182A,+91-8486583064,"[{""name"": ""Ri Kynjai, Umiam (stay 1)"", ""lat"": 26.753622, ""lng"": 94.200401}, {""name"": ""Jorhat"", ""lat"": 26.7509, ""lng"": 94.2037}, {""name"": ""Ginger Guwahati (stay 2)"", ""lat"": 26.580319, ""lng"": 93.172622}, {""name"": ""Kaziranga National Park"", ""lat"": 26.5775, ""lng"": 93.1711}, {""name"": ""Wild Mahseer, Balipara (stay 3)"", ""lat"": 26.108303, ""lng"": 91.582143}, {""name"": ""LGB International Airport"", ""lat"": 26.1061, ""lng"": 91.5859}]","[{""name"": ""Ishita Baishya"", ""phone"": ""+91-8338503962"", ""relation"": ""family""}, {""name"": ""Ishita Nair"", ""phone"": ""+91-6316189337"", ""relation"": ""spouse""}]",2026-09-04 07:45:00,2026-09-16 13:45:00,26.580327,93.172947,2026-09-05 18:29:40,34.2,0,active,2026-08-21 23:45:00,geofence_intrusion,Upper Assam Wildlife Trail
736,STS-D871C2A9457E,Vikram Rajkhowa,Indian,aadhaar,XXXX-XXXX-4136,+91-7898233350,"[{""name"": ""Diphlu River Lodge, Kaziranga (stay 1)"", ""lat"": 24.815409, ""lng"": 93.933691}, {""name"": ""Imphal"", ""lat"": 24.817, ""lng"": 93.9368}, {""name"": ""Vivanta Guwahati (stay 2)"", ""lat"": 25.576803, ""lng"": 91.891491}, {""name"": ""Shillong"", ""lat"": 25.5788, ""lng"": 91.8933}, {""name"": ""Wild Mahseer, Balipara (stay 3)"", ""lat"": 26.108809, ""lng"": 91.587013}, {""name"": ""LGB International Airport"", ""lat"": 26.1061, ""lng"": 91.5859}, {""name"": ""Ri Kynjai, Umiam (stay 4)"", ""lat"": 27.330953, ""lng"": 88.611915}, {""name"": ""Gangtok"", ""lat"": 27.3314, ""lng"": 88.6138}]","[{""name"": ""Mridula Nath"", ""phone"": ""+91-9052198046"", ""relation"": ""family""}, {""name"": ""Junmoni Choudhury"", ""phone"": ""+91-6634239549"", ""relation"": ""spouse""}]",2026-08-24 10:15:00,2026-09-06 18:15:00,27.330701,88.611707,2026-09-05 18:14:05,75.1,1,active,2026-08-06 20:15:00,inactivity,Seven Sisters Grand Tour
737,STS-DF5C4F789DCC,Simanta Deka,Indian,aadhaar,XXXX-XXXX-6236,+91-8249830107,"[{""name"": ""Ri Kynjai, Umiam (stay 1)"", ""lat"": 26.154894, ""lng"": 91.780717}, {""name"": ""Six Mile"", ""lat"": 26.135, ""lng"": 91.805}, {""name"": ""Dispur Secretariat"", ""lat"": 26.142, ""lng"": 91.79}, {""name"": ""Ganeshguri Junction"", ""lat"": 26.147, ""lng"": 91.79}, {""name"": ""Guwahati Railway Station"", ""lat"": 26.1824, ""lng"": 91.7513}, {""name"": ""Ygdrasill Bamboo Resort, Cherrapunji (stay 2)"", ""lat"": 26.10544, ""lng"": 91.589724}, {""name"": ""LGB International Airport"", ""lat"": 26.1061, ""lng"": 91.5859}, {""name"": ""En route to Guwahati Railway Station"", ""lat"": 26.1588, ""lng"": 91.7771}, {""name"": ""En route to Guwahati Railway Station"", ""lat"": 26.1706, ""lng"": 91.7642}, {""name"": ""En route to Ri Kynjai, Umiam (stay 1)"", ""lat"": 26.168647, ""lng"": 91.766008}, {""name"": ""En route to Six Mile"", ""lat"": 26.144947, ""lng"": 91.792858}]","[{""name"": ""Rohan Barua"", ""phone"": ""+91-8427713427"", ""relation"": ""family""}, {""name"": ""Hemanta Barua"", ""phone"": ""+91-6666700747"", ""relation"": ""spouse""}]",2026-08-15 06:30:00,2026-08-16 18:30:00,26.154641,91.780483,2026-08-16 06:41:05,81.6,1,active,2026-08-10 15:30:00,normal,Business / Transit Stay
738,STS-5D6A56DE31FA,Anjali Das,Indian,aadhaar,XXXX-XXXX-9182,+91-8057735589,"[{""name"": ""Ygdrasill Bamboo Resort, Cherrapunji (stay 1)"", ""lat"": 26.143019, ""lng"": 91.792264}, {""name"": ""Six Mile"", ""lat"": 26.135, ""lng"": 91.805}, {""name"": ""Dispur Secretariat"", ""lat"": 26.142, ""lng"": 91.79}, {""name"": ""Ganeshguri Junction"", ""lat"": 26.147, ""lng"": 91.79}]","[{""name"": ""Tanvi Deka"", ""phone"": ""+91-9378395056"", ""relation"": ""family""}]",2026-08-04 08:00:00,2026-08-05 19:00:00,26.142667,91.792267,2026-08-05 07:02:31,78.4,0,active,2026-07-28 11:00:00,high_speed_transit,Business / Transit Stay
739,STS-25BD15B20140,Rituparna Gogoi,Indian,aadhaar,XXXX-XXXX-5181,+91-9757644284,"[{""name"": ""Vivanta Guwahati (stay 1)"", ""lat"": 26.573613, ""lng"": 93.170074}, {""name"": ""Kaziranga National Park"", ""lat"": 26.5775, ""lng"": 93.1711}, {""name"": ""Wild Mahseer, Balipara (stay 2)"", ""lat"": 26.947095, ""lng"": 94.168326}, {""name"": ""Majuli River Island"", ""lat"": 26.95, ""lng"": 94.17}, {""name"": ""Dolma Homestay, Tawang (stay 3)"", ""lat"": 26.981595, ""lng"": 94.640938}, {""name"": ""Sivasagar"", ""lat"": 26.9826, ""lng"": 94.6425}, {""name"": ""Ginger Guwahati (stay 4)"", ""lat"": 26.109556, ""lng"": 91.587966}, {""name"": ""LGB International Airport"", ""lat"": 26.1061, ""lng"": 91.5859}]","[{""name"": ""Mridula Kalita"", ""phone"": ""+91-8311735560"", ""relation"": ""family""}, {""name"": ""Mridula Gogoi"", ""phone"": ""+91-8845952060"", ""relation"": ""spouse""}]",2026-09-06 11:30:00,2026-09-19 01:30:00,,,,100.0,1,active,2026-09-04 00:30:00,normal,Upper Assam Wildlife Trail
740,STS-D5A7AF67C9E6,Hemanta Saikia,Indian,pan,NLLPH8782T,+91-6129173862,"[{""name"": ""Novotel Guwahati GS Road (stay 1)"", ""lat"": 26.16458, ""lng"": 91.566354}, {""name"": ""Sualkuchi Silk Village"", ""lat"": 26.1667, ""lng"": 91.5667}, {""name"": ""Ri Kynjai, Umiam (stay 2)"", ""lat"": 26.187634, ""lng"": 91.751106}, {""name"": ""Pan Bazaar"", ""lat"": 26.1856, ""lng"": 91.7455}, {""name"": ""Paltan Bazaar"", ""lat"": 26.1817, ""lng"": 91.7503}]","[{""name"": ""Rupam Bora"", ""phone"": ""+91-9023286230"", ""relation"": ""family""}, {""name"": ""Anurag Singh"", ""phone"": ""+91-8978686063"", ""relation"": ""spouse""}, {""name"": ""Parag Sharma"", ""phone"": ""+91-7244656239"", ""relation"": ""sibling""}]",2026-08-04 08:30:00,2026-08-06 19:30:00,26.187381,91.750744,2026-08-06 06:31:46,79.2,1,active,2026-07-29 11:30:00,normal,Guwahati Market & Heritage Walk
741,STS-DA4318FA635B,Nikhil Verma,Indian,voterid,KXR6332093,+91-6295238130,"[{""name"": ""Hotel Polo Towers, Shillong (stay 1)"", ""lat"": 23.830128, ""lng"": 91.286813}, {""name"": ""Agartala"", ""lat"": 23.8315, ""lng"": 91.2868}, {""name"": ""Wild Mahseer, Balipara (stay 2)"", ""lat"": 25.582088, ""lng"": 91.892913}, {""name"": ""Shillong"", ""lat"": 25.5788, ""lng"": 91.8933}, {""name"": ""Hotel Dynasty, Lakhtokia (stay 3)"", ""lat"": 25.671769, ""lng"": 94.110028}, {""name"": ""Kohima"", ""lat"": 25.6751, ""lng"": 94.1086}]","[{""name"": ""Rohan Banerjee"", ""phone"": ""+91-6991103357"", ""relation"": ""family""}, {""name"": ""Mridula Nath"", ""phone"": ""+91-9380832207"", ""relation"": ""spouse""}]",2026-09-06 10:45:00,2026-09-20 20:45:00,,,,100.0,1,active,2026-08-26 11:45:00,normal,Seven Sisters Grand Tour
742,STS-70C940267401,Anurag Saikia,Indian,aadhaar,XXXX-XXXX-4358,+91-6036889792,"[{""name"": ""Hotel Dynasty, Lakhtokia (stay 1)"", ""lat"": 26.182074, ""lng"": 91.755217}, {""name"": ""Guwahati Railway Station"", ""lat"": 26.1824, ""lng"": 91.7513}, {""name"": ""Ygdrasill Bamboo Resort, Cherrapunji (stay 2)"", ""lat"": 25.657406, ""lng"": 91.889599}, {""name"": ""Umiam Lake"", ""lat"": 25.657, ""lng"": 91.889}, {""name"": ""Ri Kynjai, Umiam (stay 3)"", ""lat"": 25.191863, ""lng"": 92.021801}, {""name"": ""Dawki / Umngot River"", ""lat"": 25.19, ""lng"": 92.02}]","[{""name"": ""Riya Hazarika"", ""phone"": ""+91-6202103281"", ""relation"": ""family""}, {""name"": ""Meera Banerjee"", ""phone"": ""+91-6150945564"", ""relation"": ""spouse""}]",2026-09-04 08:45:00,2026-09-09 17:45:00,25.65731,91.889628,2026-09-05 18:22:14,56.5,1,active,2026-09-04 04:45:00,normal,Meghalaya Loop
743,STS-2A4DFF3AC3B3,Kavya Reddy,Indian,passport,Z3338379,+91-7289272895,"[{""name"": ""Vivanta Guwahati (stay 1)"", ""lat"": 26.169748, ""lng"": 91.763404}, {""name"": ""Fancy Bazaar"", ""lat"": 26.1836, ""lng"": 91.7434}, {""name"": ""Pan Bazaar"", ""lat"": 26.1856, ""lng"": 91.7455}, {""name"": ""Paltan Bazaar"", ""lat"": 26.1817, ""lng"": 91.7503}, {""name"": ""Srimanta Sankaradeva Kalakshetra"", ""lat"": 26.144, ""lng"": 91.8058}, {""name"": ""En route to Srimanta Sankaradeva Kalakshetra"", ""lat"": 26.169133, ""lng"": 91.7688}, {""name"": ""En route to Srimanta Sankaradeva Kalakshetra"", ""lat"": 26.156567, ""lng"": 91.7873}, {""name"": ""En route to Vivanta Guwahati (stay 1)"", ""lat"": 26.152583, ""lng"": 91.791668}, {""name"": ""En route to Vivanta Guwahati (stay 1)"", ""lat"": 26.161165, ""lng"": 91.777536}, {""name"": ""En route to Fancy Bazaar"", ""lat"": 26.176674, ""lng"": 91.753402}]","[{""name"": ""Bishal Sharma"", ""phone"": ""+91-8733857337"", ""relation"": ""family""}, {""name"": ""Siddharth Choudhury"", ""phone"": ""+91-7454285116"", ""relation"": ""spouse""}, {""name"": ""Pooja Sen"", ""phone"": ""+91-6276198637"", ""relation"": ""spouse""}]",2026-08-21 09:00:00,2026-08-24 14:00:00,26.170083,91.763071,2026-08-24 07:06:45,79.2,1,active,2026-08-13 21:00:00,normal,Guwahati Market & Heritage Walk
744,STS-3FA5B7912468,Hemanta Baishya,Indian,pan,ZZGRE8949N,+91-8158519540,"[{""name"": ""Brahmaputra Jungle Resort (stay 1)"", ""lat"": 26.573752, ""lng"": 93.171944}, {""name"": ""Kaziranga National Park"", ""lat"": 26.5775, ""lng"": 93.1711}, {""name"": ""Ygdrasill Bamboo Resort, Cherrapunji (stay 2)"", ""lat"": 24.815223, ""lng"": 93.936193}, {""name"": ""Imphal"", ""lat"": 24.817, ""lng"": 93.9368}, {""name"": ""Ygdrasill Bamboo Resort, Cherrapunji (stay 3)"", ""lat"": 23.724108, ""lng"": 92.720706}, {""name"": ""Aizawl"", ""lat"": 23.7271, ""lng"": 92.7176}]","[{""name"": ""Kavya Baishya"", ""phone"": ""+91-7570369076"", ""relation"": ""family""}, {""name"": ""Anurag Saikia"", ""phone"": ""+91-9841590749"", ""relation"": ""spouse""}, {""name"": ""Siddharth Deka"", ""phone"": ""+91-9670076549"", ""relation"": ""sibling""}, {""name"": ""Hemanta Iyer"", ""phone"": ""+91-8323920498"", ""relation"": ""employer""}]",2026-08-17 09:30:00,2026-08-30 23:30:00,23.723871,92.720349,2026-08-30 07:00:25,82.6,1,missing,2026-07-31 19:30:00,missing_person,Seven Sisters Grand Tour
745,STS-B75B90140F50,Bishal Sharma,Indian,aadhaar,XXXX-XXXX-2442,+91-6350621047,"[{""name"": ""Vivanta Guwahati (stay 1)"", ""lat"": 26.17931, ""lng"": 91.789264}, {""name"": ""Assam State Zoo & Botanical Garden"", ""lat"": 26.178, ""lng"": 91.786}, {""name"": ""Hotel Dynasty, Lakhtokia (stay 2)"", ""lat"": 26.101003, ""lng"": 91.61655}, {""name"": ""Deepor Beel Wildlife Sanctuary"", ""lat"": 26.12, ""lng"": 91.65}, {""name"": ""Accoland Water Park"", ""lat"": 26.09, ""lng"": 91.59}, {""name"": ""Hotel Dynasty, Lakhtokia (stay 3)"", ""lat"": 25.934133, ""lng"": 91.431386}, {""name"": ""Chandubi Lake"", ""lat"": 25.9333, ""lng"": 91.4333}, {""name"": ""Wild Mahseer, Balipara (stay 4)"", ""lat"": 26.230107, ""lng"": 92.086707}, {""name"": ""Pobitora Wildlife Sanctuary"", ""lat"": 26.2333, ""lng"": 92.0833}, {""name"": ""En route to Accoland Water Park"", ""lat"": 26.11, ""lng"": 91.63}, {""name"": ""En route to Accoland Water Park"", ""lat"": 26.1, ""lng"": 91.61}, {""name"": ""En route to Deepor Beel Wildlife Sanctuary"", ""lat"": 26.110501, ""lng"": 91.633275}, {""name"": ""En route to Hotel Dynasty, Lakhtokia (stay 2)"", ""lat"": 26.095501, ""lng"": 91.603275}]","[{""name"": ""Anjali Choudhury"", ""phone"": ""+91-7450196791"", ""relation"": ""family""}, {""name"": ""Anurag Dutta"", ""phone"": ""+91-8114251052"", ""relation"": ""spouse""}, {""name"": ""Divya Kumar"", ""phone"": ""+91-6057877209"", ""relation"": ""parent""}]",2026-08-26 11:30:00,2026-08-29 21:30:00,25.934046,91.431726,2026-08-29 06:55:14,78.8,1,active,2026-08-17 17:30:00,normal,Guwahati Nature & Wildlife
746,STS-E4AC22511E22,Aarav Iyer,Indian,aadhaar,XXXX-XXXX-5534,+91-7792526472,"[{""name"": ""Brahmaputra Jungle Resort (stay 1)"", ""lat"": 26.573575, ""lng"": 93.17344}, {""name"": ""Kaziranga National Park"", ""lat"": 26.5775, ""lng"": 93.1711}, {""name"": ""Radisson Blu Guwahati (stay 2)"", ""lat"": 25.674348, ""lng"": 94.10881}, {""name"": ""Kohima"", ""lat"": 25.6751, ""lng"": 94.1086}, {""name"": ""La Maison de Ananda, Majuli (stay 3)"", ""lat"": 25.57963, ""lng"": 91.892084}, {""name"": ""Shillong"", ""lat"": 25.5788, ""lng"": 91.8933}, {""name"": ""Diphlu River Lodge, Kaziranga (stay 4)"", ""lat"": 26.108075, ""lng"": 91.584098}, {""name"": ""LGB International Airport"", ""lat"": 26.1061, ""lng"": 91.5859}, {""name"": ""Radisson Blu Guwahati (stay 5)"", ""lat"": 23.830792, ""lng"": 91.290125}, {""name"": ""Agartala"", ""lat"": 23.8315, ""lng"": 91.2868}, {""name"": ""Hotel Dynasty, Lakhtokia (stay 6)"", ""lat"": 23.728376, ""lng"": 92.721114}, {""name"": ""Aizawl"", ""lat"": 23.7271, ""lng"": 92.7176}]","[{""name"": ""Dhruv Baishya"", ""phone"": ""+91-6486347170"", ""relation"": ""family""}, {""name"": ""Chandana Phukan"", ""phone"": ""+91-6027590659"", ""relation"": ""spouse""}]",2026-07-31 10:30:00,2026-08-10 18:30:00,23.728223,92.721167,2026-08-10 06:53:26,84.0,1,active,2026-07-22 06:30:00,normal,Seven Sisters Grand Tour
747,STS-6AFE98DC89E1,Nikhil Reddy,Indian,aadhaar,XXXX-XXXX-2106,+91-6085570539,"[{""name"": ""Wild Mahseer, Balipara (stay 1)"", ""lat"": 25.576181, ""lng"": 91.896559}, {""name"": ""Shillong"", ""lat"": 25.5788, ""lng"": 91.8933}, {""name"": ""Kiranshree Portico (stay 2)"", ""lat"": 23.83343, ""lng"": 91.284468}, {""name"": ""Agartala"", ""lat"": 23.8315, ""lng"": 91.2868}, {""name"": ""La Maison de Ananda, Majuli (stay 3)"", ""lat"": 23.725953, ""lng"": 92.716836}, {""name"": ""Aizawl"", ""lat"": 23.7271, ""lng"": 92.7176}]","[{""name"": ""Junmoni Rajkhowa"", ""phone"": ""+91-9890526916"", ""relation"": ""family""}, {""name"": ""Utpal Deka"", ""phone"": ""+91-7375230484"", ""relation"": ""spouse""}]",2026-08-02 07:45:00,2026-08-17 11:45:00,23.725694,92.716471,2026-08-17 07:06:39,82.4,1,active,2026-07-17 21:45:00,normal,Seven Sisters Grand Tour
748,STS-A9E9D9DDD7FE,Jiwoo Jung,Korean,passport,M60199417,+82-1454429194,"[{""name"": ""Ginger Guwahati (stay 1)"", ""lat"": 26.981463, ""lng"": 94.639178}, {""name"": ""Sivasagar"", ""lat"": 26.9826, ""lng"": 94.6425}, {""name"": ""Vivanta Guwahati (stay 2)"", ""lat"": 26.749722, ""lng"": 94.205536}, {""name"": ""Jorhat"", ""lat"": 26.7509, ""lng"": 94.2037}, {""name"": ""Wild Mahseer, Balipara (stay 3)"", ""lat"": 26.577651, ""lng"": 93.169458}, {""name"": ""Kaziranga National Park"", ""lat"": 26.5775, ""lng"": 93.1711}, {""name"": ""Wild Mahseer, Balipara (stay 4)"", ""lat"": 26.917556, ""lng"": 92.877248}, {""name"": ""Nameri National Park"", ""lat"": 26.92, ""lng"": 92.88}]","[{""name"": ""Jiho Choi"", ""phone"": ""+82-5991393508"", ""relation"": ""family""}, {""name"": ""Minjun Kang"", ""phone"": ""+82-3465324249"", ""relation"": ""spouse""}]",2026-08-25 07:30:00,2026-09-03 13:30:00,26.917331,92.877142,2026-09-03 06:31:11,79.6,1,active,2026-08-04 13:30:00,geofence_intrusion,Upper Assam Wildlife Trail
749,STS-E81747712BEA,Manish Hazarika,Indian,aadhaar,XXXX-XXXX-5390,+91-7624747661,"[{""name"": ""Hotel Dynasty, Lakhtokia (stay 1)"", ""lat"": 26.190634, ""lng"": 91.746365}, {""name"": ""Umananda Island"", ""lat"": 26.1964, ""lng"": 91.7453}, {""name"": ""Brahmaputra Riverfront"", ""lat"": 26.1905, ""lng"": 91.748}, {""name"": ""Pan Bazaar"", ""lat"": 26.1856, ""lng"": 91.7455}, {""name"": ""Gandhi Mandap, Sarania Hill"", ""lat"": 26.175, ""lng"": 91.758}]","[{""name"": ""Hemanta Nath"", ""phone"": ""+91-6452588782"", ""relation"": ""family""}, {""name"": ""Rohan Patel"", ""phone"": ""+91-7451985092"", ""relation"": ""spouse""}]",2026-07-24 09:30:00,2026-07-27 13:30:00,26.190762,91.746505,2026-07-27 06:39:59,79.4,1,active,2026-07-21 18:30:00,normal,Guwahati City Break
750,STS-7055C1C7AFFB,Pranjal Gogoi,Indian,aadhaar,XXXX-XXXX-7613,+91-6023582383,"[{""name"": ""Radisson Blu Guwahati (stay 1)"", ""lat"": 26.177292, ""lng"": 91.74557}, {""name"": ""Nehru Park"", ""lat"": 26.1857, ""lng"": 91.7477}, {""name"": ""Dighalipukhuri"", ""lat"": 26.1861, ""lng"": 91.7503}, {""name"": ""Fancy Bazaar"", ""lat"": 26.1836, ""lng"": 91.7434}, {""name"": ""Gandhi Mandap, Sarania Hill"", ""lat"": 26.175, ""lng"": 91.758}, {""name"": ""Guwahati Planetarium"", ""lat"": 26.1856, ""lng"": 91.7625}, {""name"": ""Kamakhya Temple"", ""lat"": 26.1664, ""lng"": 91.7055}, {""name"": ""En route to Kamakhya Temple"", ""lat"": 26.1792, ""lng"": 91.7435}, {""name"": ""En route to Kamakhya Temple"", ""lat"": 26.1728, ""lng"": 91.7245}, {""name"": ""En route to Radisson Blu Guwahati (stay 1)"", ""lat"": 26.171846, ""lng"": 91.725535}]","[{""name"": ""Utpal Kumar"", ""phone"": ""+91-9779674170"", ""relation"": ""family""}, {""name"": ""Bhaskar Baishya"", ""phone"": ""+91-9605721179"", ""relation"": ""spouse""}]",2026-09-03 07:45:00,2026-09-06 09:45:00,26.177282,91.745681,2026-09-05 18:33:32,73.2,1,active,2026-08-24 01:45:00,normal,Guwahati City Break
