id,date,location,lat,lng,condition,owm_condition_id,temp_c,wind_speed_ms,humidity_pct,rainfall_mm,weather_risk
1,2026-07-22,Kamakhya Temple,26.1664,91.7055,few clouds,801,30.3,3.6,62,0.0,10.0
2,2026-07-22,Umananda Island,26.1964,91.7453,overcast clouds,804,23.4,5.1,89,47.4,10.0
3,2026-07-22,Navagraha Temple,26.1749,91.7789,fog,741,22.5,1.0,55,0.0,45.0
4,2026-07-22,Basistha Temple,26.1132,91.797,moderate rain,501,26.6,3.0,89,74.5,30.0
5,2026-07-22,Guwahati Railway Station,26.1824,91.7513,heavy rain,502,19.2,1.2,94,61.6,60.0
6,2026-07-22,LGB International Airport,26.1061,91.5859,thunderstorm with heavy rain,202,26.5,5.4,81,23.4,80.0
7,2026-07-22,Paltan Bazaar,26.1817,91.7503,mist,701,34.7,1.8,70,44.9,45.0
8,2026-07-22,Fancy Bazaar,26.1836,91.7434,overcast clouds,804,33.3,0.6,79,49.8,10.0
9,2026-07-22,Pan Bazaar,26.1856,91.7455,light drizzle,300,22.6,2.0,70,0.0,20.0
10,2026-07-22,Uzan Bazar Ghat,26.19,91.759,scattered clouds,802,19.6,11.4,52,19.7,20.0
11,2026-07-22,Brahmaputra Riverfront,26.1905,91.748,overcast clouds,804,34.4,5.9,83,40.6,10.0
12,2026-07-22,Dighalipukhuri,26.1861,91.7503,snow,601,14.9,4.6,45,5.9,50.0
13,2026-07-22,Nehru Park,26.1857,91.7477,very heavy rain,503,34.9,8.2,93,14.2,60.0
14,2026-07-22,Assam State Museum,26.1857,91.7481,scattered clouds,802,23.0,7.8,91,29.0,10.0
15,2026-07-22,Assam State Zoo & Botanical Garden,26.178,91.786,mist,701,33.9,3.2,56,6.2,45.0
16,2026-07-22,Srimanta Sankaradeva Kalakshetra,26.144,91.8058,heavy rain,502,31.2,3.4,57,0.0,60.0
17,2026-07-22,Guwahati Planetarium,26.1856,91.7625,overcast clouds,804,21.8,3.8,94,67.5,10.0
18,2026-07-22,"Gandhi Mandap, Sarania Hill",26.175,91.758,heavy rain,502,25.6,0.4,68,18.9,60.0
19,2026-07-22,Nilachal Ropeway Terminal,26.188,91.744,mist,701,24.3,4.8,48,19.9,45.0
20,2026-07-22,Dispur Secretariat,26.142,91.79,few clouds,801,27.0,7.4,93,0.0,10.0
21,2026-07-22,Ganeshguri Junction,26.147,91.79,moderate rain,501,33.2,6.6,80,33.6,30.0
22,2026-07-22,Six Mile,26.135,91.805,heavy rain,502,39.2,6.7,93,5.2,60.0
23,2026-07-22,Beltola Bazaar,26.129,91.8,thunderstorm,200,32.1,4.3,87,2.2,80.0
24,2026-07-22,Zoo Road Tiniali,26.165,91.78,moderate rain,501,30.6,0.9,66,30.3,30.0
25,2026-07-22,Chandmari,26.183,91.772,clear sky,800,25.8,0.3,45,49.9,5.0
26,2026-07-22,Silpukhuri,26.188,91.766,light drizzle,300,36.2,5.3,49,0.0,20.0
27,2026-07-22,Bharalumukh,26.17,91.735,moderate rain,501,33.7,2.9,79,57.4,30.0
28,2026-07-22,Rehabari,26.175,91.748,heavy rain,502,19.4,8.7,96,25.5,60.0
29,2026-07-22,Bhangagarh,26.15,91.77,light rain,500,32.1,7.2,67,0.0,30.0
30,2026-07-22,Hatigaon,26.136,91.788,thunderstorm,200,21.3,5.1,51,0.0,80.0
31,2026-07-22,Kahilipara,26.133,91.762,few clouds,801,19.1,2.8,51,18.1,10.0
32,2026-07-22,Maligaon,26.158,91.679,moderate rain,501,24.4,5.4,60,27.5,30.0
33,2026-07-22,Jalukbari,26.152,91.665,mist,701,32.1,8.4,80,47.7,45.0
34,2026-07-22,Gauhati University,26.152,91.665,moderate rain,501,30.2,6.0,93,19.0,30.0
35,2026-07-22,IIT Guwahati,26.19,91.695,mist,701,33.0,5.2,58,53.6,45.0
36,2026-07-22,Guwahati Medical College,26.155,91.7,overcast clouds,804,33.0,1.4,95,18.3,10.0
37,2026-07-22,Saraighat Bridge,26.1889,91.67,thunderstorm,200,35.5,2.5,91,49.8,80.0
38,2026-07-22,North Guwahati Ghat,26.198,91.69,thunderstorm,200,30.4,3.4,48,35.3,80.0
39,2026-07-22,Amingaon,26.19,91.66,heavy rain,502,25.8,1.3,48,45.1,60.0
40,2026-07-22,Noonmati,26.178,91.806,fog,741,26.3,4.6,77,16.3,45.0
41,2026-07-22,Narengi,26.175,91.84,few clouds,801,34.2,5.1,88,34.4,10.0
42,2026-07-22,Khanapara,26.118,91.818,fog,741,22.0,1.2,47,4.1,45.0
43,2026-07-22,Lokhra,26.105,91.735,heavy rain,502,31.2,0.0,78,10.1,60.0
44,2026-07-22,Deepor Beel Wildlife Sanctuary,26.12,91.65,very heavy rain,503,26.5,5.6,53,36.1,60.0
45,2026-07-22,Sualkuchi Silk Village,26.1667,91.5667,very heavy rain,503,32.1,2.7,93,21.1,60.0
46,2026-07-22,Hajo Pilgrimage Town,26.25,91.5167,heavy rain,502,25.9,3.3,79,13.6,60.0
47,2026-07-22,Madan Kamdev Ruins,26.3667,91.6333,overcast clouds,804,39.6,2.8,49,35.4,10.0
48,2026-07-22,Chandubi Lake,25.9333,91.4333,overcast clouds,804,31.9,1.5,84,0.0,10.0
49,2026-07-22,Accoland Water Park,26.09,91.59,haze,721,22.3,4.8,87,26.6,45.0
50,2026-07-22,Pobitora Wildlife Sanctuary,26.2333,92.0833,very heavy rain,503,30.5,1.2,52,13.0,60.0
51,2026-07-22,Shillong,25.5788,91.8933,mist,701,25.1,3.4,63,0.0,45.0
52,2026-07-22,Umiam Lake,25.657,91.889,overcast clouds,804,25.4,0.6,76,3.4,10.0
53,2026-07-22,Cherrapunji (Sohra),25.2912,91.6783,light drizzle,300,27.1,4.3,85,0.2,20.0
54,2026-07-22,Nohkalikai Falls,25.276,91.6857,clear sky,800,28.9,4.6,61,0.0,5.0
55,2026-07-22,"Living Root Bridge, Nongriat",25.247,91.715,overcast clouds,804,30.8,0.9,80,27.9,10.0
56,2026-07-22,Mawlynnong Village,25.2,91.9167,mist,701,33.2,3.6,98,0.2,45.0
57,2026-07-22,Dawki / Umngot River,25.19,92.02,light rain,500,26.3,0.5,47,0.0,30.0
58,2026-07-22,Kaziranga National Park,26.5775,93.1711,thunderstorm with heavy rain,202,34.9,9.5,58,0.0,80.0
59,2026-07-22,Nameri National Park,26.92,92.88,very heavy rain,503,24.0,2.1,80,37.1,60.0
60,2026-07-22,Manas National Park,26.7,91.0,heavy rain,502,34.5,1.5,55,65.6,60.0
61,2026-07-22,Tezpur,26.6338,92.8,haze,721,18.4,5.8,46,42.4,45.0
62,2026-07-22,Majuli River Island,26.95,94.17,thunderstorm,200,21.7,9.7,92,37.6,80.0
63,2026-07-22,Jorhat,26.7509,94.2037,thunderstorm with heavy rain,202,36.7,2.9,51,12.8,80.0
64,2026-07-22,Sivasagar,26.9826,94.6425,moderate rain,501,31.5,4.1,67,71.2,30.0
65,2026-07-22,Dibrugarh,27.4728,94.912,light drizzle,300,24.6,4.1,46,4.5,20.0
66,2026-07-22,Digboi Oil Heritage,27.3931,95.6186,light drizzle,300,35.8,0.9,67,36.2,20.0
67,2026-07-22,Haflong,25.1667,93.0167,heavy rain,502,36.3,3.3,79,15.1,60.0
68,2026-07-22,Tawang Monastery,27.5861,91.8594,mist,701,27.5,4.1,61,50.9,45.0
69,2026-07-22,Ziro Valley,27.5448,93.832,few clouds,801,25.4,1.2,95,4.7,10.0
70,2026-07-22,Gangtok,27.3314,88.6138,moderate rain,501,23.1,7.3,61,39.6,30.0
71,2026-07-22,Kohima,25.6751,94.1086,few clouds,801,30.4,0.2,96,0.0,10.0
72,2026-07-22,Dzukou Valley,25.5833,94.05,thunderstorm,200,25.7,2.4,49,0.0,80.0
73,2026-07-22,Imphal,24.817,93.9368,fog,741,24.7,7.2,87,41.0,45.0
74,2026-07-22,Loktak Lake,24.5333,93.8167,light drizzle,300,26.1,0.4,70,41.9,20.0
75,2026-07-22,Aizawl,23.7271,92.7176,very heavy rain,503,26.9,1.7,87,53.0,60.0
76,2026-07-22,Agartala,23.8315,91.2868,fog,741,24.8,1.8,80,4.0,45.0
77,2026-07-23,Kamakhya Temple,26.1664,91.7055,thunderstorm with heavy rain,202,31.2,2.8,95,0.0,80.0
78,2026-07-23,Umananda Island,26.1964,91.7453,moderate rain,501,24.8,1.4,75,24.2,30.0
79,2026-07-23,Navagraha Temple,26.1749,91.7789,thunderstorm with heavy rain,202,26.0,8.2,87,43.9,80.0
80,2026-07-23,Basistha Temple,26.1132,91.797,heavy rain,502,23.3,5.3,93,57.7,60.0
81,2026-07-23,Guwahati Railway Station,26.1824,91.7513,light drizzle,300,36.4,1.5,54,36.5,20.0
82,2026-07-23,LGB International Airport,26.1061,91.5859,moderate rain,501,29.1,3.8,71,10.1,30.0
83,2026-07-23,Paltan Bazaar,26.1817,91.7503,mist,701,24.4,0.7,69,0.0,45.0
84,2026-07-23,Fancy Bazaar,26.1836,91.7434,very heavy rain,503,36.3,3.6,94,19.5,60.0
85,2026-07-23,Pan Bazaar,26.1856,91.7455,mist,701,24.5,3.9,96,47.2,45.0
86,2026-07-23,Uzan Bazar Ghat,26.19,91.759,few clouds,801,28.0,2.6,74,66.6,10.0
87,2026-07-23,Brahmaputra Riverfront,26.1905,91.748,scattered clouds,802,29.4,0.1,80,0.0,10.0
88,2026-07-23,Dighalipukhuri,26.1861,91.7503,mist,701,21.9,0.6,77,0.0,45.0
89,2026-07-23,Nehru Park,26.1857,91.7477,light rain,500,25.0,6.2,55,16.9,30.0
90,2026-07-23,Assam State Museum,26.1857,91.7481,light drizzle,300,28.1,0.1,94,53.6,20.0
91,2026-07-23,Assam State Zoo & Botanical Garden,26.178,91.786,thunderstorm,200,28.4,1.3,73,36.1,80.0
92,2026-07-23,Srimanta Sankaradeva Kalakshetra,26.144,91.8058,light drizzle,300,25.4,4.7,53,46.2,20.0
93,2026-07-23,Guwahati Planetarium,26.1856,91.7625,overcast clouds,804,29.9,2.2,58,41.5,10.0
94,2026-07-23,"Gandhi Mandap, Sarania Hill",26.175,91.758,moderate rain,501,25.1,4.7,71,26.6,30.0
95,2026-07-23,Nilachal Ropeway Terminal,26.188,91.744,light rain,500,16.0,4.4,46,44.5,30.0
96,2026-07-23,Dispur Secretariat,26.142,91.79,light rain,500,32.7,0.5,93,18.9,30.0
97,2026-07-23,Ganeshguri Junction,26.147,91.79,light rain,500,22.0,7.9,79,17.5,30.0
98,2026-07-23,Six Mile,26.135,91.805,heavy rain,502,28.6,0.3,72,35.3,60.0
99,2026-07-23,Beltola Bazaar,26.129,91.8,moderate rain,501,32.8,0.1,96,5.6,30.0
100,2026-07-23,Zoo Road Tiniali,26.165,91.78,moderate rain,501,32.9,4.5,46,43.1,30.0
101,2026-07-23,Chandmari,26.183,91.772,fog,741,24.0,0.2,50,9.6,45.0
102,2026-07-23,Silpukhuri,26.188,91.766,moderate rain,501,32.6,2.2,58,25.6,30.0
103,2026-07-23,Bharalumukh,26.17,91.735,moderate rain,501,36.8,0.3,62,18.6,30.0
104,2026-07-23,Rehabari,26.175,91.748,light drizzle,300,28.9,2.2,79,20.4,20.0
105,2026-07-23,Bhangagarh,26.15,91.77,few clouds,801,26.9,5.5,49,25.1,10.0
106,2026-07-23,Hatigaon,26.136,91.788,thunderstorm,200,31.2,0.8,46,12.8,80.0
107,2026-07-23,Kahilipara,26.133,91.762,heavy rain,502,33.6,3.7,52,1.9,60.0
108,2026-07-23,Maligaon,26.158,91.679,very heavy rain,503,28.3,2.7,83,2.9,60.0
109,2026-07-23,Jalukbari,26.152,91.665,haze,721,19.5,2.5,55,29.7,45.0
110,2026-07-23,Gauhati University,26.152,91.665,clear sky,800,25.1,3.2,69,52.8,5.0
111,2026-07-23,IIT Guwahati,26.19,91.695,light rain,500,26.1,3.2,89,27.0,30.0
112,2026-07-23,Guwahati Medical College,26.155,91.7,very heavy rain,503,25.6,1.5,96,54.0,60.0
113,2026-07-23,Saraighat Bridge,26.1889,91.67,scattered clouds,802,27.1,8.7,67,0.0,10.0
114,2026-07-23,North Guwahati Ghat,26.198,91.69,few clouds,801,27.5,2.6,71,14.8,10.0
115,2026-07-23,Amingaon,26.19,91.66,thunderstorm with heavy rain,202,35.8,9.5,85,39.5,80.0
116,2026-07-23,Noonmati,26.178,91.806,overcast clouds,804,30.7,1.4,86,45.2,10.0
117,2026-07-23,Narengi,26.175,91.84,light drizzle,300,22.2,4.8,75,0.0,20.0
118,2026-07-23,Khanapara,26.118,91.818,heavy rain,502,26.4,4.7,50,34.9,60.0
119,2026-07-23,Lokhra,26.105,91.735,light drizzle,300,30.5,1.3,81,0.0,20.0
120,2026-07-23,Deepor Beel Wildlife Sanctuary,26.12,91.65,clear sky,800,29.9,1.6,58,5.2,5.0
121,2026-07-23,Sualkuchi Silk Village,26.1667,91.5667,light rain,500,32.0,3.4,83,11.9,30.0
122,2026-07-23,Hajo Pilgrimage Town,26.25,91.5167,clear sky,800,30.0,1.2,91,14.6,5.0
123,2026-07-23,Madan Kamdev Ruins,26.3667,91.6333,light rain,500,26.7,1.4,75,0.3,30.0
124,2026-07-23,Chandubi Lake,25.9333,91.4333,thunderstorm with heavy rain,202,31.0,0.7,89,27.8,80.0
125,2026-07-23,Accoland Water Park,26.09,91.59,light drizzle,300,23.9,2.0,80,0.0,20.0
126,2026-07-23,Pobitora Wildlife Sanctuary,26.2333,92.0833,thunderstorm,200,24.2,2.9,62,52.0,80.0
127,2026-07-23,Shillong,25.5788,91.8933,light drizzle,300,35.9,4.1,65,40.6,20.0
128,2026-07-23,Umiam Lake,25.657,91.889,thunderstorm,200,29.4,6.0,75,34.0,80.0
129,2026-07-23,Cherrapunji (Sohra),25.2912,91.6783,light drizzle,300,23.5,0.8,83,15.6,20.0
130,2026-07-23,Nohkalikai Falls,25.276,91.6857,overcast clouds,804,28.4,4.9,45,33.6,10.0
131,2026-07-23,"Living Root Bridge, Nongriat",25.247,91.715,thunderstorm,200,29.1,4.1,48,0.0,80.0
132,2026-07-23,Mawlynnong Village,25.2,91.9167,scattered clouds,802,31.9,2.0,45,0.0,10.0
133,2026-07-23,Dawki / Umngot River,25.19,92.02,heavy rain,502,29.0,0.3,56,36.6,60.0
134,2026-07-23,Kaziranga National Park,26.5775,93.1711,mist,701,29.4,3.0,76,24.0,45.0
135,2026-07-23,Nameri National Park,26.92,92.88,few clouds,801,26.8,2.8,54,40.9,10.0
136,2026-07-23,Manas National Park,26.7,91.0,scattered clouds,802,28.1,3.3,71,49.9,10.0
137,2026-07-23,Tezpur,26.6338,92.8,heavy rain,502,24.5,4.0,78,0.0,60.0
138,2026-07-23,Majuli River Island,26.95,94.17,light drizzle,300,23.5,8.0,81,4.0,20.0
139,2026-07-23,Jorhat,26.7509,94.2037,heavy rain,502,22.8,0.3,93,22.5,60.0
140,2026-07-23,Sivasagar,26.9826,94.6425,very heavy rain,503,29.7,5.5,49,30.9,60.0
141,2026-07-23,Dibrugarh,27.4728,94.912,overcast clouds,804,32.2,0.4,75,13.3,10.0
142,2026-07-23,Digboi Oil Heritage,27.3931,95.6186,very heavy rain,503,26.4,5.6,88,0.0,60.0
143,2026-07-23,Haflong,25.1667,93.0167,light drizzle,300,36.8,3.0,82,0.0,20.0
144,2026-07-23,Tawang Monastery,27.5861,91.8594,light rain,500,21.1,2.4,62,8.0,30.0
145,2026-07-23,Ziro Valley,27.5448,93.832,thunderstorm with heavy rain,202,29.3,5.1,64,0.0,80.0
146,2026-07-23,Gangtok,27.3314,88.6138,fog,741,22.8,0.4,64,28.5,45.0
147,2026-07-23,Kohima,25.6751,94.1086,very heavy rain,503,25.9,6.8,76,0.0,60.0
148,2026-07-23,Dzukou Valley,25.5833,94.05,mist,701,27.3,5.0,46,0.0,45.0
149,2026-07-23,Imphal,24.817,93.9368,scattered clouds,802,25.7,9.0,81,13.6,10.0
150,2026-07-23,Loktak Lake,24.5333,93.8167,thunderstorm,200,30.8,3.2,93,0.0,80.0
151,2026-07-23,Aizawl,23.7271,92.7176,thunderstorm,200,29.3,0.8,62,31.8,80.0
152,2026-07-23,Agartala,23.8315,91.2868,heavy rain,502,25.8,7.1,67,18.6,60.0
153,2026-07-24,Kamakhya Temple,26.1664,91.7055,light rain,500,30.1,2.9,55,0.0,30.0
154,2026-07-24,Umananda Island,26.1964,91.7453,light drizzle,300,36.6,7.5,80,2.5,20.0
155,2026-07-24,Navagraha Temple,26.1749,91.7789,few clouds,801,30.0,5.4,52,43.0,10.0
156,2026-07-24,Basistha Temple,26.1132,91.797,moderate rain,501,35.3,2.9,79,15.3,30.0
157,2026-07-24,Guwahati Railway Station,26.1824,91.7513,moderate rain,501,30.0,6.9,84,19.4,30.0
158,2026-07-24,LGB International Airport,26.1061,91.5859,thunderstorm,200,29.8,0.7,63,48.2,80.0
159,2026-07-24,Paltan Bazaar,26.1817,91.7503,moderate rain,501,25.6,3.0,85,3.7,30.0
160,2026-07-24,Fancy Bazaar,26.1836,91.7434,overcast clouds,804,22.0,2.1,50,8.0,10.0
161,2026-07-24,Pan Bazaar,26.1856,91.7455,light drizzle,300,25.9,4.3,52,9.3,20.0
162,2026-07-24,Uzan Bazar Ghat,26.19,91.759,fog,741,26.0,2.1,71,55.7,45.0
163,2026-07-24,Brahmaputra Riverfront,26.1905,91.748,thunderstorm with heavy rain,202,27.5,5.7,80,28.0,80.0
164,2026-07-24,Dighalipukhuri,26.1861,91.7503,heavy rain,502,27.9,5.0,49,4.5,60.0
165,2026-07-24,Nehru Park,26.1857,91.7477,light drizzle,300,23.0,4.3,95,0.0,20.0
166,2026-07-24,Assam State Museum,26.1857,91.7481,light drizzle,300,26.0,3.2,87,49.7,20.0
167,2026-07-24,Assam State Zoo & Botanical Garden,26.178,91.786,moderate rain,501,33.0,5.7,67,0.0,30.0
168,2026-07-24,Srimanta Sankaradeva Kalakshetra,26.144,91.8058,light rain,500,37.2,7.9,89,0.0,30.0
169,2026-07-24,Guwahati Planetarium,26.1856,91.7625,light drizzle,300,34.6,0.9,71,57.8,20.0
170,2026-07-24,"Gandhi Mandap, Sarania Hill",26.175,91.758,very heavy rain,503,29.9,4.8,87,0.0,60.0
171,2026-07-24,Nilachal Ropeway Terminal,26.188,91.744,thunderstorm with heavy rain,202,25.7,2.5,47,63.5,80.0
172,2026-07-24,Dispur Secretariat,26.142,91.79,light rain,500,35.8,9.0,51,46.5,30.0
173,2026-07-24,Ganeshguri Junction,26.147,91.79,moderate rain,501,30.1,1.1,71,63.6,30.0
174,2026-07-24,Six Mile,26.135,91.805,few clouds,801,28.8,2.3,84,0.0,10.0
175,2026-07-24,Beltola Bazaar,26.129,91.8,very heavy rain,503,20.1,0.0,88,33.5,60.0
176,2026-07-24,Zoo Road Tiniali,26.165,91.78,light rain,500,26.4,1.2,79,0.0,30.0
177,2026-07-24,Chandmari,26.183,91.772,few clouds,801,30.9,7.4,63,59.4,10.0
178,2026-07-24,Silpukhuri,26.188,91.766,light rain,500,33.8,3.4,51,38.5,30.0
179,2026-07-24,Bharalumukh,26.17,91.735,moderate rain,501,17.9,1.3,47,14.2,30.0
180,2026-07-24,Rehabari,26.175,91.748,light rain,500,24.6,4.4,71,25.9,30.0
181,2026-07-24,Bhangagarh,26.15,91.77,heavy rain,502,25.1,4.0,50,0.0,60.0
182,2026-07-24,Hatigaon,26.136,91.788,very heavy rain,503,21.4,1.6,59,18.5,60.0
183,2026-07-24,Kahilipara,26.133,91.762,moderate rain,501,31.8,3.4,45,40.5,30.0
184,2026-07-24,Maligaon,26.158,91.679,light drizzle,300,26.1,1.5,67,15.2,20.0
185,2026-07-24,Jalukbari,26.152,91.665,haze,721,40.2,1.2,89,18.0,45.0
186,2026-07-24,Gauhati University,26.152,91.665,overcast clouds,804,23.7,9.3,60,37.0,10.0
187,2026-07-24,IIT Guwahati,26.19,91.695,light rain,500,31.2,1.9,89,0.0,30.0
188,2026-07-24,Guwahati Medical College,26.155,91.7,very heavy rain,503,27.0,11.5,88,49.9,70.0
189,2026-07-24,Saraighat Bridge,26.1889,91.67,thunderstorm,200,26.2,10.0,92,0.0,80.0
190,2026-07-24,North Guwahati Ghat,26.198,91.69,light drizzle,300,30.1,3.6,67,0.0,20.0
191,2026-07-24,Amingaon,26.19,91.66,overcast clouds,804,31.5,4.3,93,11.3,10.0
192,2026-07-24,Noonmati,26.178,91.806,thunderstorm with heavy rain,202,20.5,0.8,86,0.0,80.0
193,2026-07-24,Narengi,26.175,91.84,few clouds,801,26.7,3.7,68,16.8,10.0
194,2026-07-24,Khanapara,26.118,91.818,light drizzle,300,28.0,2.2,53,2.5,20.0
195,2026-07-24,Lokhra,26.105,91.735,thunderstorm,200,24.7,5.5,77,58.3,80.0
196,2026-07-24,Deepor Beel Wildlife Sanctuary,26.12,91.65,light drizzle,300,30.6,0.6,96,0.0,20.0
197,2026-07-24,Sualkuchi Silk Village,26.1667,91.5667,light drizzle,300,21.4,7.2,74,31.4,20.0
198,2026-07-24,Hajo Pilgrimage Town,26.25,91.5167,haze,721,33.1,3.1,70,0.0,45.0
199,2026-07-24,Madan Kamdev Ruins,26.3667,91.6333,haze,721,23.5,4.5,95,2.5,45.0
200,2026-07-24,Chandubi Lake,25.9333,91.4333,scattered clouds,802,22.4,4.9,61,48.6,10.0
201,2026-07-24,Accoland Water Park,26.09,91.59,heavy rain,502,17.3,6.6,51,5.2,60.0
202,2026-07-24,Pobitora Wildlife Sanctuary,26.2333,92.0833,heavy rain,502,32.2,0.5,84,10.2,60.0
203,2026-07-24,Shillong,25.5788,91.8933,overcast clouds,804,31.6,8.7,89,9.8,10.0
204,2026-07-24,Umiam Lake,25.657,91.889,scattered clouds,802,32.0,6.4,76,10.9,10.0
205,2026-07-24,Cherrapunji (Sohra),25.2912,91.6783,scattered clouds,802,34.2,3.9,69,0.0,10.0
206,2026-07-24,Nohkalikai Falls,25.276,91.6857,thunderstorm,200,32.9,4.8,92,9.3,80.0
207,2026-07-24,"Living Root Bridge, Nongriat",25.247,91.715,thunderstorm,200,23.2,6.8,98,0.0,80.0
208,2026-07-24,Mawlynnong Village,25.2,91.9167,haze,721,32.7,3.7,73,22.9,45.0
209,2026-07-24,Dawki / Umngot River,25.19,92.02,moderate rain,501,32.7,3.7,88,0.0,30.0
210,2026-07-24,Kaziranga National Park,26.5775,93.1711,heavy rain,502,31.7,8.3,52,25.5,60.0
211,2026-07-24,Nameri National Park,26.92,92.88,fog,741,26.0,4.1,58,0.0,45.0
212,2026-07-24,Manas National Park,26.7,91.0,clear sky,800,28.9,0.4,53,0.0,5.0
213,2026-07-24,Tezpur,26.6338,92.8,thunderstorm,200,37.0,5.1,80,22.6,80.0
214,2026-07-24,Majuli River Island,26.95,94.17,mist,701,26.7,5.5,83,30.4,45.0
215,2026-07-24,Jorhat,26.7509,94.2037,clear sky,800,25.8,4.6,53,0.0,5.0
216,2026-07-24,Sivasagar,26.9826,94.6425,scattered clouds,802,29.8,2.2,67,8.1,10.0
217,2026-07-24,Dibrugarh,27.4728,94.912,thunderstorm with heavy rain,202,32.4,3.7,56,16.7,80.0
218,2026-07-24,Digboi Oil Heritage,27.3931,95.6186,light rain,500,29.4,5.1,73,23.9,30.0
219,2026-07-24,Haflong,25.1667,93.0167,thunderstorm,200,27.8,2.1,77,24.1,80.0
220,2026-07-24,Tawang Monastery,27.5861,91.8594,thunderstorm,200,34.2,7.6,64,0.0,80.0
221,2026-07-24,Ziro Valley,27.5448,93.832,moderate rain,501,27.6,4.5,75,33.1,30.0
222,2026-07-24,Gangtok,27.3314,88.6138,scattered clouds,802,26.7,0.9,50,0.0,10.0
223,2026-07-24,Kohima,25.6751,94.1086,light rain,500,30.1,4.4,84,0.0,30.0
224,2026-07-24,Dzukou Valley,25.5833,94.05,light rain,500,34.1,0.7,74,17.0,30.0
225,2026-07-24,Imphal,24.817,93.9368,moderate rain,501,31.8,1.3,52,39.8,30.0
226,2026-07-24,Loktak Lake,24.5333,93.8167,thunderstorm,200,27.4,0.0,73,0.9,80.0
227,2026-07-24,Aizawl,23.7271,92.7176,mist,701,32.8,1.3,70,8.3,45.0
228,2026-07-24,Agartala,23.8315,91.2868,light rain,500,25.5,4.2,54,0.0,30.0
229,2026-07-25,Kamakhya Temple,26.1664,91.7055,very heavy rain,503,28.4,2.2,50,27.4,60.0
230,2026-07-25,Umananda Island,26.1964,91.7453,thunderstorm,200,30.4,4.2,82,0.0,80.0
231,2026-07-25,Navagraha Temple,26.1749,91.7789,haze,721,25.2,0.6,71,0.0,45.0
232,2026-07-25,Basistha Temple,26.1132,91.797,thunderstorm,200,33.4,7.0,63,0.0,80.0
233,2026-07-25,Guwahati Railway Station,26.1824,91.7513,heavy rain,502,33.3,1.2,58,34.2,60.0
234,2026-07-25,LGB International Airport,26.1061,91.5859,mist,701,24.2,6.3,52,43.8,45.0
235,2026-07-25,Paltan Bazaar,26.1817,91.7503,thunderstorm,200,23.9,1.4,80,63.6,80.0
236,2026-07-25,Fancy Bazaar,26.1836,91.7434,heavy rain,502,27.3,2.6,87,13.5,60.0
237,2026-07-25,Pan Bazaar,26.1856,91.7455,thunderstorm with heavy rain,202,31.1,3.3,89,22.4,80.0
238,2026-07-25,Uzan Bazar Ghat,26.19,91.759,light rain,500,29.2,3.2,87,30.6,30.0
239,2026-07-25,Brahmaputra Riverfront,26.1905,91.748,light rain,500,33.5,6.2,46,43.8,30.0
240,2026-07-25,Dighalipukhuri,26.1861,91.7503,light rain,500,25.2,5.5,64,22.2,30.0
241,2026-07-25,Nehru Park,26.1857,91.7477,thunderstorm,200,21.6,4.2,50,28.8,80.0
242,2026-07-25,Assam State Museum,26.1857,91.7481,thunderstorm,200,30.0,2.3,73,21.2,80.0
243,2026-07-25,Assam State Zoo & Botanical Garden,26.178,91.786,very heavy rain,503,28.5,0.3,62,24.4,60.0
244,2026-07-25,Srimanta Sankaradeva Kalakshetra,26.144,91.8058,light rain,500,33.8,7.0,82,42.2,30.0
245,2026-07-25,Guwahati Planetarium,26.1856,91.7625,moderate rain,501,26.7,3.0,70,26.4,30.0
246,2026-07-25,"Gandhi Mandap, Sarania Hill",26.175,91.758,overcast clouds,804,36.0,3.4,93,3.6,10.0
247,2026-07-25,Nilachal Ropeway Terminal,26.188,91.744,light drizzle,300,28.5,3.3,92,6.1,20.0
248,2026-07-25,Dispur Secretariat,26.142,91.79,moderate rain,501,28.8,4.2,87,49.7,30.0
249,2026-07-25,Ganeshguri Junction,26.147,91.79,thunderstorm with heavy rain,202,32.4,8.9,47,0.0,80.0
250,2026-07-25,Six Mile,26.135,91.805,few clouds,801,26.0,4.8,70,42.4,10.0
251,2026-07-25,Beltola Bazaar,26.129,91.8,thunderstorm,200,29.2,2.2,46,33.0,80.0
252,2026-07-25,Zoo Road Tiniali,26.165,91.78,fog,741,20.6,3.1,68,27.5,45.0
253,2026-07-25,Chandmari,26.183,91.772,scattered clouds,802,24.9,4.8,82,9.8,10.0
254,2026-07-25,Silpukhuri,26.188,91.766,mist,701,27.9,4.2,94,0.3,45.0
255,2026-07-25,Bharalumukh,26.17,91.735,overcast clouds,804,27.8,2.0,77,32.9,10.0
256,2026-07-25,Rehabari,26.175,91.748,light rain,500,35.0,8.4,54,8.7,30.0
257,2026-07-25,Bhangagarh,26.15,91.77,light drizzle,300,30.6,4.7,83,42.2,20.0
258,2026-07-25,Hatigaon,26.136,91.788,few clouds,801,34.7,7.6,74,7.4,10.0
259,2026-07-25,Kahilipara,26.133,91.762,thunderstorm,200,22.6,3.7,81,0.0,80.0
260,2026-07-25,Maligaon,26.158,91.679,light rain,500,32.3,3.4,73,14.0,30.0
261,2026-07-25,Jalukbari,26.152,91.665,few clouds,801,29.5,1.1,62,0.0,10.0
262,2026-07-25,Gauhati University,26.152,91.665,few clouds,801,26.7,2.0,68,19.6,10.0
263,2026-07-25,IIT Guwahati,26.19,91.695,thunderstorm with heavy rain,202,32.6,8.8,50,0.0,80.0
264,2026-07-25,Guwahati Medical College,26.155,91.7,moderate rain,501,19.7,1.1,47,3.2,30.0
265,2026-07-25,Saraighat Bridge,26.1889,91.67,moderate rain,501,21.2,5.1,65,0.0,30.0
266,2026-07-25,North Guwahati Ghat,26.198,91.69,haze,721,19.3,1.3,98,32.0,45.0
267,2026-07-25,Amingaon,26.19,91.66,light rain,500,22.2,2.7,56,56.0,30.0
268,2026-07-25,Noonmati,26.178,91.806,snow,601,21.2,4.6,68,12.8,50.0
269,2026-07-25,Narengi,26.175,91.84,light rain,500,33.0,2.9,66,14.5,30.0
270,2026-07-25,Khanapara,26.118,91.818,heavy rain,502,25.7,2.6,80,37.3,60.0
271,2026-07-25,Lokhra,26.105,91.735,very heavy rain,503,35.8,2.5,87,51.1,60.0
272,2026-07-25,Deepor Beel Wildlife Sanctuary,26.12,91.65,overcast clouds,804,34.4,2.6,67,36.1,10.0
273,2026-07-25,Sualkuchi Silk Village,26.1667,91.5667,light drizzle,300,21.9,1.0,53,0.0,20.0
274,2026-07-25,Hajo Pilgrimage Town,26.25,91.5167,light drizzle,300,21.7,0.5,97,49.0,20.0
275,2026-07-25,Madan Kamdev Ruins,26.3667,91.6333,scattered clouds,802,16.4,1.4,88,27.4,10.0
276,2026-07-25,Chandubi Lake,25.9333,91.4333,very heavy rain,503,27.0,2.8,64,17.7,60.0
277,2026-07-25,Accoland Water Park,26.09,91.59,overcast clouds,804,39.8,5.1,76,59.1,10.0
278,2026-07-25,Pobitora Wildlife Sanctuary,26.2333,92.0833,overcast clouds,804,25.5,16.4,77,60.2,30.0
279,2026-07-25,Shillong,25.5788,91.8933,thunderstorm,200,19.1,6.7,47,0.0,80.0
280,2026-07-25,Umiam Lake,25.657,91.889,heavy rain,502,25.6,1.7,56,9.7,60.0
281,2026-07-25,Cherrapunji (Sohra),25.2912,91.6783,thunderstorm with heavy rain,202,19.0,4.2,55,16.7,80.0
282,2026-07-25,Nohkalikai Falls,25.276,91.6857,light rain,500,25.5,2.6,84,0.0,30.0
283,2026-07-25,"Living Root Bridge, Nongriat",25.247,91.715,light drizzle,300,22.5,3.5,79,22.4,20.0
284,2026-07-25,Mawlynnong Village,25.2,91.9167,thunderstorm,200,30.7,11.3,88,8.7,90.0
285,2026-07-25,Dawki / Umngot River,25.19,92.02,fog,741,27.5,6.8,63,23.2,45.0
286,2026-07-25,Kaziranga National Park,26.5775,93.1711,light rain,500,29.8,0.0,83,32.2,30.0
287,2026-07-25,Nameri National Park,26.92,92.88,scattered clouds,802,35.2,3.5,68,7.0,10.0
288,2026-07-25,Manas National Park,26.7,91.0,mist,701,30.4,3.0,93,1.5,45.0
289,2026-07-25,Tezpur,26.6338,92.8,overcast clouds,804,29.9,0.1,98,0.0,10.0
290,2026-07-25,Majuli River Island,26.95,94.17,overcast clouds,804,23.6,6.3,46,25.0,10.0
291,2026-07-25,Jorhat,26.7509,94.2037,light rain,500,30.9,1.2,69,42.2,30.0
292,2026-07-25,Sivasagar,26.9826,94.6425,clear sky,800,36.7,3.4,86,0.0,5.0
293,2026-07-25,Dibrugarh,27.4728,94.912,light rain,500,29.1,4.0,98,0.0,30.0
294,2026-07-25,Digboi Oil Heritage,27.3931,95.6186,thunderstorm,200,21.2,4.5,50,24.7,80.0
295,2026-07-25,Haflong,25.1667,93.0167,clear sky,800,30.8,3.9,91,0.0,5.0
296,2026-07-25,Tawang Monastery,27.5861,91.8594,thunderstorm,200,28.2,1.5,60,30.7,80.0
297,2026-07-25,Ziro Valley,27.5448,93.832,light rain,500,22.7,4.4,52,33.2,30.0
298,2026-07-25,Gangtok,27.3314,88.6138,moderate rain,501,23.6,0.5,90,0.0,30.0
299,2026-07-25,Kohima,25.6751,94.1086,overcast clouds,804,31.0,0.2,60,3.5,10.0
300,2026-07-25,Dzukou Valley,25.5833,94.05,very heavy rain,503,23.3,2.7,78,14.5,60.0
301,2026-07-25,Imphal,24.817,93.9368,moderate rain,501,22.2,4.3,46,0.0,30.0
302,2026-07-25,Loktak Lake,24.5333,93.8167,heavy rain,502,31.8,5.6,46,15.7,60.0
303,2026-07-25,Aizawl,23.7271,92.7176,light rain,500,29.5,5.5,87,0.0,30.0
304,2026-07-25,Agartala,23.8315,91.2868,thunderstorm,200,27.3,0.2,79,24.5,80.0
305,2026-07-26,Kamakhya Temple,26.1664,91.7055,light rain,500,20.6,0.0,88,0.0,30.0
306,2026-07-26,Umananda Island,26.1964,91.7453,heavy rain,502,28.7,4.5,94,9.6,60.0
307,2026-07-26,Navagraha Temple,26.1749,91.7789,fog,741,28.8,5.5,95,20.3,45.0
308,2026-07-26,Basistha Temple,26.1132,91.797,fog,741,13.0,4.3,79,10.7,45.0
309,2026-07-26,Guwahati Railway Station,26.1824,91.7513,moderate rain,501,29.6,7.7,63,0.0,30.0
310,2026-07-26,LGB International Airport,26.1061,91.5859,mist,701,26.7,7.6,68,29.2,45.0
311,2026-07-26,Paltan Bazaar,26.1817,91.7503,moderate rain,501,31.2,0.9,69,9.5,30.0
312,2026-07-26,Fancy Bazaar,26.1836,91.7434,very heavy rain,503,22.0,5.1,62,51.1,60.0
313,2026-07-26,Pan Bazaar,26.1856,91.7455,thunderstorm with heavy rain,202,26.0,3.3,83,33.8,80.0
314,2026-07-26,Uzan Bazar Ghat,26.19,91.759,light drizzle,300,31.6,3.4,63,31.4,20.0
315,2026-07-26,Brahmaputra Riverfront,26.1905,91.748,light drizzle,300,24.8,1.0,89,0.0,20.0
316,2026-07-26,Dighalipukhuri,26.1861,91.7503,thunderstorm,200,33.9,4.6,72,0.0,80.0
317,2026-07-26,Nehru Park,26.1857,91.7477,light drizzle,300,26.5,10.7,49,5.9,30.0
318,2026-07-26,Assam State Museum,26.1857,91.7481,moderate rain,501,28.0,0.8,46,3.2,30.0
319,2026-07-26,Assam State Zoo & Botanical Garden,26.178,91.786,overcast clouds,804,22.5,0.6,47,30.9,10.0
320,2026-07-26,Srimanta Sankaradeva Kalakshetra,26.144,91.8058,heavy rain,502,20.1,5.1,47,64.5,60.0
321,2026-07-26,Guwahati Planetarium,26.1856,91.7625,heavy rain,502,17.0,0.3,68,8.6,60.0
322,2026-07-26,"Gandhi Mandap, Sarania Hill",26.175,91.758,scattered clouds,802,25.1,3.9,62,34.1,10.0
323,2026-07-26,Nilachal Ropeway Terminal,26.188,91.744,light drizzle,300,33.3,7.2,76,0.0,20.0
324,2026-07-26,Dispur Secretariat,26.142,91.79,scattered clouds,802,29.2,2.8,58,0.0,10.0
325,2026-07-26,Ganeshguri Junction,26.147,91.79,snow,601,38.9,2.0,76,22.2,50.0
326,2026-07-26,Six Mile,26.135,91.805,few clouds,801,31.7,5.0,50,52.9,10.0
327,2026-07-26,Beltola Bazaar,26.129,91.8,thunderstorm with heavy rain,202,25.0,12.1,87,12.7,90.0
328,2026-07-26,Zoo Road Tiniali,26.165,91.78,moderate rain,501,35.6,4.4,90,0.0,30.0
329,2026-07-26,Chandmari,26.183,91.772,thunderstorm,200,25.1,2.9,68,5.3,80.0
330,2026-07-26,Silpukhuri,26.188,91.766,overcast clouds,804,33.7,3.4,46,51.9,10.0
331,2026-07-26,Bharalumukh,26.17,91.735,light rain,500,25.5,0.5,80,53.6,30.0
332,2026-07-26,Rehabari,26.175,91.748,few clouds,801,21.6,8.0,75,41.7,10.0
333,2026-07-26,Bhangagarh,26.15,91.77,moderate rain,501,18.8,4.2,49,33.4,30.0
334,2026-07-26,Hatigaon,26.136,91.788,few clouds,801,22.1,5.4,53,24.4,10.0
335,2026-07-26,Kahilipara,26.133,91.762,mist,701,21.0,4.3,56,19.5,45.0
336,2026-07-26,Maligaon,26.158,91.679,moderate rain,501,34.4,1.9,78,0.0,30.0
337,2026-07-26,Jalukbari,26.152,91.665,overcast clouds,804,31.8,4.9,90,27.3,10.0
338,2026-07-26,Gauhati University,26.152,91.665,moderate rain,501,27.6,10.7,57,27.9,40.0
339,2026-07-26,IIT Guwahati,26.19,91.695,heavy rain,502,27.2,2.0,64,9.7,60.0
340,2026-07-26,Guwahati Medical College,26.155,91.7,heavy rain,502,22.5,2.6,55,0.0,60.0
341,2026-07-26,Saraighat Bridge,26.1889,91.67,very heavy rain,503,21.3,2.7,98,24.4,60.0
342,2026-07-26,North Guwahati Ghat,26.198,91.69,mist,701,38.6,3.1,94,47.7,45.0
343,2026-07-26,Amingaon,26.19,91.66,heavy rain,502,21.1,0.5,71,13.4,60.0
344,2026-07-26,Noonmati,26.178,91.806,mist,701,21.1,3.0,64,7.9,45.0
345,2026-07-26,Narengi,26.175,91.84,moderate rain,501,20.8,5.0,64,0.0,30.0
346,2026-07-26,Khanapara,26.118,91.818,overcast clouds,804,23.2,4.8,66,32.1,10.0
347,2026-07-26,Lokhra,26.105,91.735,heavy rain,502,35.4,1.7,91,40.9,60.0
348,2026-07-26,Deepor Beel Wildlife Sanctuary,26.12,91.65,light rain,500,28.4,3.3,51,0.0,30.0
349,2026-07-26,Sualkuchi Silk Village,26.1667,91.5667,light rain,500,28.8,1.2,60,23.1,30.0
350,2026-07-26,Hajo Pilgrimage Town,26.25,91.5167,fog,741,31.4,4.2,55,0.0,45.0
351,2026-07-26,Madan Kamdev Ruins,26.3667,91.6333,thunderstorm with heavy rain,202,24.8,7.9,57,20.4,80.0
352,2026-07-26,Chandubi Lake,25.9333,91.4333,moderate rain,501,23.7,0.0,46,18.2,30.0
353,2026-07-26,Accoland Water Park,26.09,91.59,scattered clouds,802,31.4,0.9,60,23.1,10.0
354,2026-07-26,Pobitora Wildlife Sanctuary,26.2333,92.0833,few clouds,801,17.7,6.2,86,19.7,10.0
355,2026-07-26,Shillong,25.5788,91.8933,very heavy rain,503,28.6,3.4,51,0.0,60.0
356,2026-07-26,Umiam Lake,25.657,91.889,thunderstorm,200,28.4,6.1,70,0.0,80.0
357,2026-07-26,Cherrapunji (Sohra),25.2912,91.6783,few clouds,801,26.2,0.9,63,44.5,10.0
358,2026-07-26,Nohkalikai Falls,25.276,91.6857,thunderstorm,200,25.2,5.1,88,91.8,80.0
359,2026-07-26,"Living Root Bridge, Nongriat",25.247,91.715,heavy rain,502,29.6,4.4,68,24.3,60.0
360,2026-07-26,Mawlynnong Village,25.2,91.9167,fog,741,28.1,0.9,77,1.4,45.0
361,2026-07-26,Dawki / Umngot River,25.19,92.02,light rain,500,28.4,4.3,90,3.9,30.0
362,2026-07-26,Kaziranga National Park,26.5775,93.1711,moderate rain,501,23.3,6.4,65,0.0,30.0
363,2026-07-26,Nameri National Park,26.92,92.88,fog,741,32.5,2.2,84,16.6,45.0
364,2026-07-26,Manas National Park,26.7,91.0,light rain,500,30.9,1.0,90,0.0,30.0
365,2026-07-26,Tezpur,26.6338,92.8,heavy rain,502,28.1,3.0,66,0.0,60.0
366,2026-07-26,Majuli River Island,26.95,94.17,heavy rain,502,30.3,3.9,89,0.0,60.0
367,2026-07-26,Jorhat,26.7509,94.2037,heavy rain,502,25.8,1.6,86,26.9,60.0
368,2026-07-26,Sivasagar,26.9826,94.6425,heavy rain,502,26.8,1.6,55,0.0,60.0
369,2026-07-26,Dibrugarh,27.4728,94.912,moderate rain,501,19.5,2.6,69,40.6,30.0
370,2026-07-26,Digboi Oil Heritage,27.3931,95.6186,few clouds,801,30.3,7.1,46,14.1,10.0
371,2026-07-26,Haflong,25.1667,93.0167,moderate rain,501,30.5,0.8,58,0.0,30.0
372,2026-07-26,Tawang Monastery,27.5861,91.8594,fog,741,33.7,6.3,48,0.0,45.0
373,2026-07-26,Ziro Valley,27.5448,93.832,very heavy rain,503,27.2,0.3,87,0.0,60.0
374,2026-07-26,Gangtok,27.3314,88.6138,haze,721,22.0,3.9,79,25.7,45.0
375,2026-07-26,Kohima,25.6751,94.1086,light rain,500,20.1,4.2,86,24.5,30.0
376,2026-07-26,Dzukou Valley,25.5833,94.05,moderate rain,501,31.9,1.3,64,12.6,30.0
377,2026-07-26,Imphal,24.817,93.9368,light drizzle,300,27.3,6.0,63,7.3,20.0
378,2026-07-26,Loktak Lake,24.5333,93.8167,moderate rain,501,21.6,0.9,95,22.1,30.0
379,2026-07-26,Aizawl,23.7271,92.7176,thunderstorm,200,34.3,2.6,79,0.0,80.0
380,2026-07-26,Agartala,23.8315,91.2868,thunderstorm with heavy rain,202,36.7,9.3,63,5.3,80.0
381,2026-07-27,Kamakhya Temple,26.1664,91.7055,few clouds,801,27.4,4.7,73,0.0,10.0
382,2026-07-27,Umananda Island,26.1964,91.7453,overcast clouds,804,29.9,0.6,80,0.5,10.0
383,2026-07-27,Navagraha Temple,26.1749,91.7789,very heavy rain,503,33.3,6.2,82,18.5,60.0
384,2026-07-27,Basistha Temple,26.1132,91.797,fog,741,28.6,4.5,51,36.0,45.0
385,2026-07-27,Guwahati Railway Station,26.1824,91.7513,light rain,500,25.7,3.2,94,60.0,30.0
386,2026-07-27,LGB International Airport,26.1061,91.5859,haze,721,32.0,9.4,75,48.5,45.0
387,2026-07-27,Paltan Bazaar,26.1817,91.7503,moderate rain,501,40.2,5.9,65,16.1,30.0
388,2026-07-27,Fancy Bazaar,26.1836,91.7434,thunderstorm,200,25.9,4.5,92,3.1,80.0
389,2026-07-27,Pan Bazaar,26.1856,91.7455,thunderstorm,200,23.7,9.6,56,0.0,80.0
390,2026-07-27,Uzan Bazar Ghat,26.19,91.759,fog,741,37.3,6.3,95,28.8,45.0
391,2026-07-27,Brahmaputra Riverfront,26.1905,91.748,moderate rain,501,23.0,10.6,63,20.4,40.0
392,2026-07-27,Dighalipukhuri,26.1861,91.7503,heavy rain,502,39.1,3.2,63,62.5,60.0
393,2026-07-27,Nehru Park,26.1857,91.7477,moderate rain,501,23.3,1.2,53,34.7,30.0
394,2026-07-27,Assam State Museum,26.1857,91.7481,overcast clouds,804,30.3,0.8,74,27.7,10.0
395,2026-07-27,Assam State Zoo & Botanical Garden,26.178,91.786,very heavy rain,503,27.2,3.4,66,26.2,60.0
396,2026-07-27,Srimanta Sankaradeva Kalakshetra,26.144,91.8058,thunderstorm,200,32.4,0.3,70,61.9,80.0
397,2026-07-27,Guwahati Planetarium,26.1856,91.7625,thunderstorm with heavy rain,202,27.8,2.2,87,76.4,80.0
398,2026-07-27,"Gandhi Mandap, Sarania Hill",26.175,91.758,moderate rain,501,28.5,8.3,69,16.9,30.0
399,2026-07-27,Nilachal Ropeway Terminal,26.188,91.744,light drizzle,300,15.6,3.7,64,0.0,20.0
400,2026-07-27,Dispur Secretariat,26.142,91.79,light drizzle,300,25.7,1.6,87,32.2,20.0
401,2026-07-27,Ganeshguri Junction,26.147,91.79,scattered clouds,802,32.8,2.4,77,64.3,10.0
402,2026-07-27,Six Mile,26.135,91.805,thunderstorm,200,25.4,0.6,63,0.0,80.0
403,2026-07-27,Beltola Bazaar,26.129,91.8,light rain,500,40.3,4.9,75,41.7,30.0
404,2026-07-27,Zoo Road Tiniali,26.165,91.78,heavy rain,502,22.6,7.6,75,33.9,60.0
405,2026-07-27,Chandmari,26.183,91.772,thunderstorm,200,19.1,5.3,93,18.7,80.0
406,2026-07-27,Silpukhuri,26.188,91.766,mist,701,32.7,8.5,90,31.4,45.0
407,2026-07-27,Bharalumukh,26.17,91.735,light rain,500,26.8,4.8,98,0.0,30.0
408,2026-07-27,Rehabari,26.175,91.748,heavy rain,502,30.6,2.4,78,36.0,60.0
409,2026-07-27,Bhangagarh,26.15,91.77,moderate rain,501,20.8,1.5,76,43.1,30.0
410,2026-07-27,Hatigaon,26.136,91.788,thunderstorm with heavy rain,202,22.3,5.4,74,26.7,80.0
411,2026-07-27,Kahilipara,26.133,91.762,heavy rain,502,25.3,0.7,64,13.8,60.0
412,2026-07-27,Maligaon,26.158,91.679,thunderstorm with heavy rain,202,27.8,0.5,47,0.0,80.0
413,2026-07-27,Jalukbari,26.152,91.665,light rain,500,22.1,2.4,48,26.7,30.0
414,2026-07-27,Gauhati University,26.152,91.665,fog,741,33.0,3.0,94,23.1,45.0
415,2026-07-27,IIT Guwahati,26.19,91.695,scattered clouds,802,21.7,0.4,71,0.0,10.0
416,2026-07-27,Guwahati Medical College,26.155,91.7,moderate rain,501,32.2,8.0,50,5.9,30.0
417,2026-07-27,Saraighat Bridge,26.1889,91.67,very heavy rain,503,22.7,1.5,86,26.0,60.0
418,2026-07-27,North Guwahati Ghat,26.198,91.69,snow,601,26.0,2.3,59,26.1,50.0
419,2026-07-27,Amingaon,26.19,91.66,thunderstorm with heavy rain,202,14.2,3.8,74,3.5,80.0
420,2026-07-27,Noonmati,26.178,91.806,moderate rain,501,29.7,0.2,67,1.1,30.0
421,2026-07-27,Narengi,26.175,91.84,overcast clouds,804,37.4,5.8,93,52.6,10.0
422,2026-07-27,Khanapara,26.118,91.818,light rain,500,29.0,7.1,46,0.0,30.0
423,2026-07-27,Lokhra,26.105,91.735,light drizzle,300,30.8,7.2,73,0.0,20.0
424,2026-07-27,Deepor Beel Wildlife Sanctuary,26.12,91.65,few clouds,801,27.7,0.8,59,0.0,10.0
425,2026-07-27,Sualkuchi Silk Village,26.1667,91.5667,moderate rain,501,19.4,3.6,53,0.0,30.0
426,2026-07-27,Hajo Pilgrimage Town,26.25,91.5167,thunderstorm with heavy rain,202,27.5,3.4,83,0.0,80.0
427,2026-07-27,Madan Kamdev Ruins,26.3667,91.6333,thunderstorm,200,24.7,4.4,54,48.2,80.0
428,2026-07-27,Chandubi Lake,25.9333,91.4333,light rain,500,27.0,3.2,82,49.5,30.0
429,2026-07-27,Accoland Water Park,26.09,91.59,mist,701,24.3,7.1,72,10.7,45.0
430,2026-07-27,Pobitora Wildlife Sanctuary,26.2333,92.0833,light rain,500,25.0,3.2,78,0.0,30.0
431,2026-07-27,Shillong,25.5788,91.8933,light rain,500,29.4,2.0,69,30.5,30.0
432,2026-07-27,Umiam Lake,25.657,91.889,light drizzle,300,29.5,6.9,54,66.8,20.0
433,2026-07-27,Cherrapunji (Sohra),25.2912,91.6783,thunderstorm with heavy rain,202,24.7,6.8,71,5.4,80.0
434,2026-07-27,Nohkalikai Falls,25.276,91.6857,light drizzle,300,30.1,2.9,73,52.5,20.0
435,2026-07-27,"Living Root Bridge, Nongriat",25.247,91.715,mist,701,32.4,7.5,57,41.1,45.0
436,2026-07-27,Mawlynnong Village,25.2,91.9167,heavy rain,502,29.9,4.4,96,20.4,60.0
437,2026-07-27,Dawki / Umngot River,25.19,92.02,thunderstorm,200,21.7,2.9,75,31.9,80.0
438,2026-07-27,Kaziranga National Park,26.5775,93.1711,light drizzle,300,30.9,9.8,57,8.7,20.0
439,2026-07-27,Nameri National Park,26.92,92.88,haze,721,41.2,12.2,75,51.1,55.0
440,2026-07-27,Manas National Park,26.7,91.0,very heavy rain,503,25.1,1.1,65,29.2,60.0
441,2026-07-27,Tezpur,26.6338,92.8,thunderstorm,200,32.2,0.8,67,9.5,80.0
442,2026-07-27,Majuli River Island,26.95,94.17,mist,701,19.2,6.1,91,27.5,45.0
443,2026-07-27,Jorhat,26.7509,94.2037,moderate rain,501,18.6,7.1,68,15.1,30.0
444,2026-07-27,Sivasagar,26.9826,94.6425,mist,701,28.0,4.3,80,13.5,45.0
445,2026-07-27,Dibrugarh,27.4728,94.912,fog,741,25.5,0.8,54,24.0,45.0
446,2026-07-27,Digboi Oil Heritage,27.3931,95.6186,heavy rain,502,28.2,5.5,88,49.6,60.0
447,2026-07-27,Haflong,25.1667,93.0167,light rain,500,22.2,3.8,91,0.0,30.0
448,2026-07-27,Tawang Monastery,27.5861,91.8594,overcast clouds,804,28.8,0.8,91,3.4,10.0
449,2026-07-27,Ziro Valley,27.5448,93.832,moderate rain,501,37.6,6.0,86,47.4,30.0
450,2026-07-27,Gangtok,27.3314,88.6138,mist,701,36.2,2.5,48,38.8,45.0
451,2026-07-27,Kohima,25.6751,94.1086,thunderstorm,200,33.0,1.4,59,31.0,80.0
452,2026-07-27,Dzukou Valley,25.5833,94.05,overcast clouds,804,26.3,4.2,85,20.4,10.0
453,2026-07-27,Imphal,24.817,93.9368,very heavy rain,503,24.2,0.9,76,48.7,60.0
454,2026-07-27,Loktak Lake,24.5333,93.8167,light rain,500,36.0,3.9,79,22.2,30.0
455,2026-07-27,Aizawl,23.7271,92.7176,haze,721,29.0,9.0,88,0.0,45.0
456,2026-07-27,Agartala,23.8315,91.2868,overcast clouds,804,33.3,6.5,60,3.0,10.0
457,2026-07-28,Kamakhya Temple,26.1664,91.7055,overcast clouds,804,26.5,1.9,62,20.8,10.0
458,2026-07-28,Umananda Island,26.1964,91.7453,haze,721,24.4,2.3,89,22.8,45.0
459,2026-07-28,Navagraha Temple,26.1749,91.7789,light drizzle,300,19.1,1.2,86,54.2,20.0
460,2026-07-28,Basistha Temple,26.1132,91.797,few clouds,801,24.0,3.3,75,31.6,10.0
461,2026-07-28,Guwahati Railway Station,26.1824,91.7513,few clouds,801,28.2,5.3,76,38.3,10.0
462,2026-07-28,LGB International Airport,26.1061,91.5859,light rain,500,41.4,0.1,78,8.4,30.0
463,2026-07-28,Paltan Bazaar,26.1817,91.7503,fog,741,38.7,4.3,89,39.6,45.0
464,2026-07-28,Fancy Bazaar,26.1836,91.7434,few clouds,801,38.2,1.3,79,43.7,10.0
465,2026-07-28,Pan Bazaar,26.1856,91.7455,heavy rain,502,30.4,10.2,65,35.0,70.0
466,2026-07-28,Uzan Bazar Ghat,26.19,91.759,overcast clouds,804,32.0,3.7,49,0.0,10.0
467,2026-07-28,Brahmaputra Riverfront,26.1905,91.748,light drizzle,300,25.5,0.1,69,4.2,20.0
468,2026-07-28,Dighalipukhuri,26.1861,91.7503,light rain,500,27.4,0.1,89,0.0,30.0
469,2026-07-28,Nehru Park,26.1857,91.7477,thunderstorm,200,27.9,4.6,48,32.9,80.0
470,2026-07-28,Assam State Museum,26.1857,91.7481,few clouds,801,22.6,4.8,83,0.0,10.0
471,2026-07-28,Assam State Zoo & Botanical Garden,26.178,91.786,light rain,500,26.8,3.6,62,23.7,30.0
472,2026-07-28,Srimanta Sankaradeva Kalakshetra,26.144,91.8058,light drizzle,300,23.4,0.3,56,10.1,20.0
473,2026-07-28,Guwahati Planetarium,26.1856,91.7625,very heavy rain,503,26.2,2.8,84,12.7,60.0
474,2026-07-28,"Gandhi Mandap, Sarania Hill",26.175,91.758,few clouds,801,27.4,5.7,95,42.3,10.0
475,2026-07-28,Nilachal Ropeway Terminal,26.188,91.744,heavy rain,502,23.6,3.3,51,68.2,60.0
476,2026-07-28,Dispur Secretariat,26.142,91.79,moderate rain,501,28.2,7.4,50,6.4,30.0
477,2026-07-28,Ganeshguri Junction,26.147,91.79,overcast clouds,804,30.0,0.1,71,26.6,10.0
478,2026-07-28,Six Mile,26.135,91.805,moderate rain,501,20.8,4.3,69,0.0,30.0
479,2026-07-28,Beltola Bazaar,26.129,91.8,clear sky,800,32.5,1.0,91,62.1,5.0
480,2026-07-28,Zoo Road Tiniali,26.165,91.78,haze,721,25.3,0.3,69,11.3,45.0
481,2026-07-28,Chandmari,26.183,91.772,overcast clouds,804,31.9,3.2,54,42.6,10.0
482,2026-07-28,Silpukhuri,26.188,91.766,light rain,500,26.0,4.7,61,19.0,30.0
483,2026-07-28,Bharalumukh,26.17,91.735,fog,741,22.2,2.9,84,22.0,45.0
484,2026-07-28,Rehabari,26.175,91.748,light drizzle,300,32.3,4.8,84,10.9,20.0
485,2026-07-28,Bhangagarh,26.15,91.77,light rain,500,23.9,5.6,72,37.8,30.0
486,2026-07-28,Hatigaon,26.136,91.788,haze,721,30.9,1.9,89,34.6,45.0
487,2026-07-28,Kahilipara,26.133,91.762,overcast clouds,804,39.9,0.5,65,8.1,10.0
488,2026-07-28,Maligaon,26.158,91.679,moderate rain,501,24.7,8.0,69,9.5,30.0
489,2026-07-28,Jalukbari,26.152,91.665,light drizzle,300,23.4,4.1,81,44.6,20.0
490,2026-07-28,Gauhati University,26.152,91.665,overcast clouds,804,28.1,13.3,91,12.2,20.0
491,2026-07-28,IIT Guwahati,26.19,91.695,moderate rain,501,22.8,2.7,63,22.6,30.0
492,2026-07-28,Guwahati Medical College,26.155,91.7,mist,701,30.1,2.5,53,0.0,45.0
493,2026-07-28,Saraighat Bridge,26.1889,91.67,heavy rain,502,35.3,3.7,90,0.0,60.0
494,2026-07-28,North Guwahati Ghat,26.198,91.69,moderate rain,501,22.6,4.9,79,0.0,30.0
495,2026-07-28,Amingaon,26.19,91.66,moderate rain,501,24.3,7.5,79,82.0,30.0
496,2026-07-28,Noonmati,26.178,91.806,very heavy rain,503,30.6,5.3,50,0.0,60.0
497,2026-07-28,Narengi,26.175,91.84,scattered clouds,802,35.4,3.5,55,13.5,10.0
498,2026-07-28,Khanapara,26.118,91.818,haze,721,25.8,2.8,93,0.0,45.0
499,2026-07-28,Lokhra,26.105,91.735,light rain,500,25.7,3.9,51,16.4,30.0
500,2026-07-28,Deepor Beel Wildlife Sanctuary,26.12,91.65,moderate rain,501,22.3,7.1,73,2.1,30.0
501,2026-07-28,Sualkuchi Silk Village,26.1667,91.5667,light rain,500,29.7,0.9,89,0.0,30.0
502,2026-07-28,Hajo Pilgrimage Town,26.25,91.5167,clear sky,800,32.1,3.5,50,33.8,5.0
503,2026-07-28,Madan Kamdev Ruins,26.3667,91.6333,scattered clouds,802,27.0,5.0,64,0.0,10.0
504,2026-07-28,Chandubi Lake,25.9333,91.4333,moderate rain,501,26.7,7.9,91,27.2,30.0
505,2026-07-28,Accoland Water Park,26.09,91.59,very heavy rain,503,31.8,2.4,96,16.7,60.0
506,2026-07-28,Pobitora Wildlife Sanctuary,26.2333,92.0833,light rain,500,34.9,2.9,92,46.5,30.0
507,2026-07-28,Shillong,25.5788,91.8933,light drizzle,300,30.6,4.3,80,0.0,20.0
508,2026-07-28,Umiam Lake,25.657,91.889,thunderstorm with heavy rain,202,25.8,5.0,87,6.3,80.0
509,2026-07-28,Cherrapunji (Sohra),25.2912,91.6783,light rain,500,29.3,7.6,57,0.0,30.0
510,2026-07-28,Nohkalikai Falls,25.276,91.6857,clear sky,800,28.9,4.5,90,37.7,5.0
511,2026-07-28,"Living Root Bridge, Nongriat",25.247,91.715,thunderstorm with heavy rain,202,28.9,4.8,79,26.6,80.0
512,2026-07-28,Mawlynnong Village,25.2,91.9167,moderate rain,501,27.2,6.0,78,67.7,30.0
513,2026-07-28,Dawki / Umngot River,25.19,92.02,haze,721,32.6,2.3,70,0.0,45.0
514,2026-07-28,Kaziranga National Park,26.5775,93.1711,mist,701,21.2,2.1,90,0.0,45.0
515,2026-07-28,Nameri National Park,26.92,92.88,thunderstorm with heavy rain,202,24.7,7.0,88,26.3,80.0
516,2026-07-28,Manas National Park,26.7,91.0,light drizzle,300,31.1,4.6,77,53.1,20.0
517,2026-07-28,Tezpur,26.6338,92.8,light rain,500,24.3,0.3,72,32.0,30.0
518,2026-07-28,Majuli River Island,26.95,94.17,very heavy rain,503,14.9,7.4,80,0.0,60.0
519,2026-07-28,Jorhat,26.7509,94.2037,overcast clouds,804,31.1,3.0,98,10.1,10.0
520,2026-07-28,Sivasagar,26.9826,94.6425,light rain,500,30.7,3.8,97,18.8,30.0
521,2026-07-28,Dibrugarh,27.4728,94.912,light rain,500,25.3,0.5,71,7.7,30.0
522,2026-07-28,Digboi Oil Heritage,27.3931,95.6186,mist,701,25.9,0.6,46,18.7,45.0
523,2026-07-28,Haflong,25.1667,93.0167,thunderstorm with heavy rain,202,29.3,3.6,59,3.2,80.0
524,2026-07-28,Tawang Monastery,27.5861,91.8594,moderate rain,501,27.6,3.1,80,0.0,30.0
525,2026-07-28,Ziro Valley,27.5448,93.832,moderate rain,501,26.3,1.4,79,28.6,30.0
526,2026-07-28,Gangtok,27.3314,88.6138,thunderstorm with heavy rain,202,35.7,0.9,79,28.3,80.0
527,2026-07-28,Kohima,25.6751,94.1086,overcast clouds,804,31.7,0.9,86,18.2,10.0
528,2026-07-28,Dzukou Valley,25.5833,94.05,snow,601,23.6,1.0,97,25.2,50.0
529,2026-07-28,Imphal,24.817,93.9368,scattered clouds,802,26.1,4.5,96,21.7,10.0
530,2026-07-28,Loktak Lake,24.5333,93.8167,heavy rain,502,23.3,9.0,85,49.8,60.0
531,2026-07-28,Aizawl,23.7271,92.7176,light rain,500,22.2,0.4,97,20.3,30.0
532,2026-07-28,Agartala,23.8315,91.2868,light rain,500,26.8,4.5,65,48.5,30.0
533,2026-07-29,Kamakhya Temple,26.1664,91.7055,haze,721,34.3,2.5,77,55.5,45.0
534,2026-07-29,Umananda Island,26.1964,91.7453,scattered clouds,802,36.5,3.1,48,7.8,10.0
535,2026-07-29,Navagraha Temple,26.1749,91.7789,snow,601,26.1,4.5,53,18.1,50.0
536,2026-07-29,Basistha Temple,26.1132,91.797,thunderstorm with heavy rain,202,28.5,8.2,76,0.0,80.0
537,2026-07-29,Guwahati Railway Station,26.1824,91.7513,overcast clouds,804,22.8,0.7,69,0.0,10.0
538,2026-07-29,LGB International Airport,26.1061,91.5859,mist,701,33.0,4.8,62,34.6,45.0
539,2026-07-29,Paltan Bazaar,26.1817,91.7503,very heavy rain,503,24.2,5.9,76,17.2,60.0
540,2026-07-29,Fancy Bazaar,26.1836,91.7434,thunderstorm,200,27.1,3.7,74,0.0,80.0
541,2026-07-29,Pan Bazaar,26.1856,91.7455,heavy rain,502,18.8,1.6,95,0.9,60.0
542,2026-07-29,Uzan Bazar Ghat,26.19,91.759,light rain,500,28.9,3.0,98,37.2,30.0
543,2026-07-29,Brahmaputra Riverfront,26.1905,91.748,light drizzle,300,27.2,2.0,76,30.6,20.0
544,2026-07-29,Dighalipukhuri,26.1861,91.7503,thunderstorm,200,34.7,2.7,98,28.0,80.0
545,2026-07-29,Nehru Park,26.1857,91.7477,moderate rain,501,34.9,7.7,73,0.0,30.0
546,2026-07-29,Assam State Museum,26.1857,91.7481,light rain,500,39.0,6.0,86,16.5,30.0
547,2026-07-29,Assam State Zoo & Botanical Garden,26.178,91.786,light drizzle,300,20.7,7.8,50,7.3,20.0
548,2026-07-29,Srimanta Sankaradeva Kalakshetra,26.144,91.8058,light rain,500,30.5,1.6,70,9.5,30.0
549,2026-07-29,Guwahati Planetarium,26.1856,91.7625,heavy rain,502,19.7,2.7,72,0.0,60.0
550,2026-07-29,"Gandhi Mandap, Sarania Hill",26.175,91.758,clear sky,800,25.4,0.4,59,19.9,5.0
551,2026-07-29,Nilachal Ropeway Terminal,26.188,91.744,moderate rain,501,28.2,3.1,66,48.5,30.0
552,2026-07-29,Dispur Secretariat,26.142,91.79,light rain,500,29.3,4.7,69,25.1,30.0
553,2026-07-29,Ganeshguri Junction,26.147,91.79,scattered clouds,802,25.8,4.0,68,28.0,10.0
554,2026-07-29,Six Mile,26.135,91.805,thunderstorm,200,28.1,2.4,88,4.6,80.0
555,2026-07-29,Beltola Bazaar,26.129,91.8,overcast clouds,804,27.9,3.1,86,29.9,10.0
556,2026-07-29,Zoo Road Tiniali,26.165,91.78,overcast clouds,804,27.9,5.9,84,0.0,10.0
557,2026-07-29,Chandmari,26.183,91.772,very heavy rain,503,26.4,4.3,51,26.2,60.0
558,2026-07-29,Silpukhuri,26.188,91.766,thunderstorm,200,24.8,4.7,95,39.3,80.0
559,2026-07-29,Bharalumukh,26.17,91.735,scattered clouds,802,30.1,3.3,80,0.0,10.0
560,2026-07-29,Rehabari,26.175,91.748,light drizzle,300,29.1,0.7,87,15.9,20.0
561,2026-07-29,Bhangagarh,26.15,91.77,mist,701,34.6,4.6,57,17.7,45.0
562,2026-07-29,Hatigaon,26.136,91.788,few clouds,801,38.0,1.0,76,0.0,10.0
563,2026-07-29,Kahilipara,26.133,91.762,light rain,500,35.1,3.7,49,0.0,30.0
564,2026-07-29,Maligaon,26.158,91.679,haze,721,30.4,2.0,98,12.6,45.0
565,2026-07-29,Jalukbari,26.152,91.665,heavy rain,502,33.7,0.5,93,0.0,60.0
566,2026-07-29,Gauhati University,26.152,91.665,few clouds,801,27.3,5.1,58,15.8,10.0
567,2026-07-29,IIT Guwahati,26.19,91.695,few clouds,801,31.3,8.4,77,9.0,10.0
568,2026-07-29,Guwahati Medical College,26.155,91.7,thunderstorm,200,23.5,8.1,85,29.7,80.0
569,2026-07-29,Saraighat Bridge,26.1889,91.67,moderate rain,501,25.3,1.7,64,67.5,30.0
570,2026-07-29,North Guwahati Ghat,26.198,91.69,haze,721,30.5,6.7,82,36.4,45.0
571,2026-07-29,Amingaon,26.19,91.66,heavy rain,502,21.5,5.8,49,8.1,60.0
572,2026-07-29,Noonmati,26.178,91.806,haze,721,28.3,6.5,72,36.7,45.0
573,2026-07-29,Narengi,26.175,91.84,scattered clouds,802,26.9,2.7,87,15.9,10.0
574,2026-07-29,Khanapara,26.118,91.818,scattered clouds,802,26.0,1.4,55,0.0,10.0
575,2026-07-29,Lokhra,26.105,91.735,moderate rain,501,33.0,1.4,97,15.2,30.0
576,2026-07-29,Deepor Beel Wildlife Sanctuary,26.12,91.65,scattered clouds,802,28.8,1.7,52,0.0,10.0
577,2026-07-29,Sualkuchi Silk Village,26.1667,91.5667,thunderstorm,200,29.7,8.9,62,0.0,80.0
578,2026-07-29,Hajo Pilgrimage Town,26.25,91.5167,haze,721,23.9,3.2,77,0.0,45.0
579,2026-07-29,Madan Kamdev Ruins,26.3667,91.6333,light rain,500,28.0,0.4,68,41.7,30.0
580,2026-07-29,Chandubi Lake,25.9333,91.4333,mist,701,26.9,7.8,92,7.0,45.0
581,2026-07-29,Accoland Water Park,26.09,91.59,moderate rain,501,30.7,9.3,60,40.8,30.0
582,2026-07-29,Pobitora Wildlife Sanctuary,26.2333,92.0833,fog,741,33.5,4.3,47,75.3,45.0
583,2026-07-29,Shillong,25.5788,91.8933,moderate rain,501,23.8,7.7,71,21.0,30.0
584,2026-07-29,Umiam Lake,25.657,91.889,fog,741,24.0,5.7,81,60.3,45.0
585,2026-07-29,Cherrapunji (Sohra),25.2912,91.6783,light rain,500,27.9,3.0,56,23.0,30.0
586,2026-07-29,Nohkalikai Falls,25.276,91.6857,few clouds,801,19.7,7.1,63,47.8,10.0
587,2026-07-29,"Living Root Bridge, Nongriat",25.247,91.715,thunderstorm,200,30.0,3.0,74,34.7,80.0
588,2026-07-29,Mawlynnong Village,25.2,91.9167,heavy rain,502,25.7,3.6,74,50.9,60.0
589,2026-07-29,Dawki / Umngot River,25.19,92.02,light rain,500,24.9,13.8,94,36.1,40.0
590,2026-07-29,Kaziranga National Park,26.5775,93.1711,thunderstorm,200,28.0,9.6,71,20.8,80.0
591,2026-07-29,Nameri National Park,26.92,92.88,clear sky,800,26.2,0.6,89,62.0,5.0
592,2026-07-29,Manas National Park,26.7,91.0,clear sky,800,22.7,1.6,91,0.0,5.0
593,2026-07-29,Tezpur,26.6338,92.8,light drizzle,300,41.7,5.9,71,9.2,20.0
594,2026-07-29,Majuli River Island,26.95,94.17,snow,601,27.5,3.6,59,7.3,50.0
595,2026-07-29,Jorhat,26.7509,94.2037,mist,701,27.0,1.1,68,0.0,45.0
596,2026-07-29,Sivasagar,26.9826,94.6425,heavy rain,502,20.9,4.8,70,16.8,60.0
597,2026-07-29,Dibrugarh,27.4728,94.912,few clouds,801,25.8,0.6,53,19.6,10.0
598,2026-07-29,Digboi Oil Heritage,27.3931,95.6186,light rain,500,30.4,5.8,92,0.0,30.0
599,2026-07-29,Haflong,25.1667,93.0167,light rain,500,29.1,1.4,57,46.1,30.0
600,2026-07-29,Tawang Monastery,27.5861,91.8594,scattered clouds,802,32.3,7.4,65,34.8,10.0
601,2026-07-29,Ziro Valley,27.5448,93.832,light rain,500,25.1,4.1,58,0.0,30.0
602,2026-07-29,Gangtok,27.3314,88.6138,mist,701,35.7,4.5,64,42.4,45.0
603,2026-07-29,Kohima,25.6751,94.1086,thunderstorm with heavy rain,202,26.6,3.2,98,26.8,80.0
604,2026-07-29,Dzukou Valley,25.5833,94.05,thunderstorm,200,32.9,2.2,48,13.0,80.0
605,2026-07-29,Imphal,24.817,93.9368,very heavy rain,503,43.3,2.9,46,64.9,75.0
606,2026-07-29,Loktak Lake,24.5333,93.8167,heavy rain,502,25.9,1.8,51,14.5,60.0
607,2026-07-29,Aizawl,23.7271,92.7176,thunderstorm with heavy rain,202,28.6,3.8,98,21.4,80.0
608,2026-07-29,Agartala,23.8315,91.2868,overcast clouds,804,21.8,1.4,86,40.3,10.0
609,2026-07-30,Kamakhya Temple,26.1664,91.7055,scattered clouds,802,22.2,2.2,49,27.0,10.0
610,2026-07-30,Umananda Island,26.1964,91.7453,fog,741,25.5,3.6,98,22.6,45.0
611,2026-07-30,Navagraha Temple,26.1749,91.7789,thunderstorm with heavy rain,202,36.3,8.6,48,34.1,80.0
612,2026-07-30,Basistha Temple,26.1132,91.797,thunderstorm with heavy rain,202,27.0,6.9,88,21.7,80.0
613,2026-07-30,Guwahati Railway Station,26.1824,91.7513,light rain,500,36.7,0.5,62,8.3,30.0
614,2026-07-30,LGB International Airport,26.1061,91.5859,few clouds,801,25.2,9.6,63,5.2,10.0
615,2026-07-30,Paltan Bazaar,26.1817,91.7503,moderate rain,501,24.2,6.0,50,15.5,30.0
616,2026-07-30,Fancy Bazaar,26.1836,91.7434,overcast clouds,804,32.6,5.1,85,0.0,10.0
617,2026-07-30,Pan Bazaar,26.1856,91.7455,snow,601,27.7,2.9,69,22.7,50.0
618,2026-07-30,Uzan Bazar Ghat,26.19,91.759,moderate rain,501,17.0,0.7,77,23.3,30.0
619,2026-07-30,Brahmaputra Riverfront,26.1905,91.748,light rain,500,29.1,3.4,83,28.3,30.0
620,2026-07-30,Dighalipukhuri,26.1861,91.7503,thunderstorm,200,42.4,9.8,78,45.8,95.0
621,2026-07-30,Nehru Park,26.1857,91.7477,light rain,500,26.2,1.6,55,47.6,30.0
622,2026-07-30,Assam State Museum,26.1857,91.7481,light drizzle,300,32.5,6.1,48,0.0,20.0
623,2026-07-30,Assam State Zoo & Botanical Garden,26.178,91.786,thunderstorm,200,25.9,7.2,96,0.0,80.0
624,2026-07-30,Srimanta Sankaradeva Kalakshetra,26.144,91.8058,snow,601,29.7,8.0,65,34.3,50.0
625,2026-07-30,Guwahati Planetarium,26.1856,91.7625,thunderstorm with heavy rain,202,17.5,1.4,46,11.3,80.0
626,2026-07-30,"Gandhi Mandap, Sarania Hill",26.175,91.758,heavy rain,502,35.6,0.8,98,65.4,60.0
627,2026-07-30,Nilachal Ropeway Terminal,26.188,91.744,haze,721,24.1,6.1,64,21.1,45.0
628,2026-07-30,Dispur Secretariat,26.142,91.79,few clouds,801,27.2,4.2,75,15.0,10.0
629,2026-07-30,Ganeshguri Junction,26.147,91.79,clear sky,800,26.3,5.3,53,9.6,5.0
630,2026-07-30,Six Mile,26.135,91.805,thunderstorm with heavy rain,202,29.2,5.1,54,11.5,80.0
631,2026-07-30,Beltola Bazaar,26.129,91.8,heavy rain,502,23.7,8.0,78,58.7,60.0
632,2026-07-30,Zoo Road Tiniali,26.165,91.78,light rain,500,32.7,2.4,51,9.0,30.0
633,2026-07-30,Chandmari,26.183,91.772,light rain,500,40.3,0.1,91,60.0,30.0
634,2026-07-30,Silpukhuri,26.188,91.766,haze,721,26.2,1.8,80,5.5,45.0
635,2026-07-30,Bharalumukh,26.17,91.735,very heavy rain,503,24.2,8.3,59,0.0,60.0
636,2026-07-30,Rehabari,26.175,91.748,light rain,500,27.6,1.2,56,0.0,30.0
637,2026-07-30,Bhangagarh,26.15,91.77,thunderstorm,200,24.1,10.4,70,43.4,90.0
638,2026-07-30,Hatigaon,26.136,91.788,heavy rain,502,29.8,0.7,96,37.9,60.0
639,2026-07-30,Kahilipara,26.133,91.762,haze,721,34.3,4.2,76,44.2,45.0
640,2026-07-30,Maligaon,26.158,91.679,light drizzle,300,31.0,7.3,50,16.3,20.0
641,2026-07-30,Jalukbari,26.152,91.665,thunderstorm with heavy rain,202,20.9,1.2,66,0.0,80.0
642,2026-07-30,Gauhati University,26.152,91.665,light drizzle,300,31.5,4.3,51,26.0,20.0
643,2026-07-30,IIT Guwahati,26.19,91.695,thunderstorm,200,29.6,6.6,71,69.0,80.0
644,2026-07-30,Guwahati Medical College,26.155,91.7,moderate rain,501,23.5,2.3,51,39.7,30.0
645,2026-07-30,Saraighat Bridge,26.1889,91.67,thunderstorm with heavy rain,202,21.6,4.4,93,12.3,80.0
646,2026-07-30,North Guwahati Ghat,26.198,91.69,few clouds,801,30.4,1.8,65,0.8,10.0
647,2026-07-30,Amingaon,26.19,91.66,light drizzle,300,30.8,5.7,69,23.2,20.0
648,2026-07-30,Noonmati,26.178,91.806,fog,741,32.5,4.5,84,14.9,45.0
649,2026-07-30,Narengi,26.175,91.84,mist,701,22.9,2.6,86,44.7,45.0
650,2026-07-30,Khanapara,26.118,91.818,overcast clouds,804,30.7,8.9,57,28.1,10.0
651,2026-07-30,Lokhra,26.105,91.735,light rain,500,24.2,2.9,79,16.1,30.0
652,2026-07-30,Deepor Beel Wildlife Sanctuary,26.12,91.65,light drizzle,300,34.2,5.9,98,28.0,20.0
653,2026-07-30,Sualkuchi Silk Village,26.1667,91.5667,moderate rain,501,28.1,3.7,50,7.8,30.0
654,2026-07-30,Hajo Pilgrimage Town,26.25,91.5167,heavy rain,502,28.4,7.7,55,23.4,60.0
655,2026-07-30,Madan Kamdev Ruins,26.3667,91.6333,heavy rain,502,27.2,6.9,52,9.0,60.0
656,2026-07-30,Chandubi Lake,25.9333,91.4333,moderate rain,501,26.8,6.3,79,8.7,30.0
657,2026-07-30,Accoland Water Park,26.09,91.59,light rain,500,31.6,1.5,56,0.0,30.0
658,2026-07-30,Pobitora Wildlife Sanctuary,26.2333,92.0833,moderate rain,501,28.6,4.3,48,37.6,30.0
659,2026-07-30,Shillong,25.5788,91.8933,overcast clouds,804,25.9,3.1,87,0.6,10.0
660,2026-07-30,Umiam Lake,25.657,91.889,haze,721,22.6,6.6,98,1.0,45.0
661,2026-07-30,Cherrapunji (Sohra),25.2912,91.6783,light rain,500,26.2,4.2,88,37.0,30.0
662,2026-07-30,Nohkalikai Falls,25.276,91.6857,mist,701,26.0,1.0,90,19.5,45.0
663,2026-07-30,"Living Root Bridge, Nongriat",25.247,91.715,few clouds,801,25.4,0.2,81,2.7,10.0
664,2026-07-30,Mawlynnong Village,25.2,91.9167,scattered clouds,802,28.1,0.2,55,2.6,10.0
665,2026-07-30,Dawki / Umngot River,25.19,92.02,haze,721,25.6,4.1,72,51.4,45.0
666,2026-07-30,Kaziranga National Park,26.5775,93.1711,overcast clouds,804,29.2,5.7,83,5.3,10.0
667,2026-07-30,Nameri National Park,26.92,92.88,light drizzle,300,22.1,9.1,49,45.2,20.0
668,2026-07-30,Manas National Park,26.7,91.0,moderate rain,501,31.8,5.5,45,0.0,30.0
669,2026-07-30,Tezpur,26.6338,92.8,thunderstorm,200,23.8,0.9,71,28.8,80.0
670,2026-07-30,Majuli River Island,26.95,94.17,heavy rain,502,16.8,4.6,51,0.0,60.0
671,2026-07-30,Jorhat,26.7509,94.2037,fog,741,27.1,2.2,63,52.7,45.0
672,2026-07-30,Sivasagar,26.9826,94.6425,mist,701,27.4,1.1,81,54.3,45.0
673,2026-07-30,Dibrugarh,27.4728,94.912,heavy rain,502,28.9,5.8,54,0.0,60.0
674,2026-07-30,Digboi Oil Heritage,27.3931,95.6186,light rain,500,19.8,0.4,89,49.3,30.0
675,2026-07-30,Haflong,25.1667,93.0167,light drizzle,300,16.7,3.3,68,63.7,20.0
676,2026-07-30,Tawang Monastery,27.5861,91.8594,light drizzle,300,26.9,4.2,89,46.6,20.0
677,2026-07-30,Ziro Valley,27.5448,93.832,very heavy rain,503,27.4,5.6,64,44.7,60.0
678,2026-07-30,Gangtok,27.3314,88.6138,thunderstorm with heavy rain,202,27.4,3.0,86,43.8,80.0
679,2026-07-30,Kohima,25.6751,94.1086,scattered clouds,802,32.0,2.7,71,15.6,10.0
680,2026-07-30,Dzukou Valley,25.5833,94.05,mist,701,30.6,1.6,55,0.0,45.0
681,2026-07-30,Imphal,24.817,93.9368,few clouds,801,23.1,2.7,94,48.6,10.0
682,2026-07-30,Loktak Lake,24.5333,93.8167,clear sky,800,31.3,1.5,98,62.3,5.0
683,2026-07-30,Aizawl,23.7271,92.7176,few clouds,801,28.3,4.4,68,12.4,10.0
684,2026-07-30,Agartala,23.8315,91.2868,thunderstorm with heavy rain,202,20.9,1.2,52,16.9,80.0
685,2026-07-31,Kamakhya Temple,26.1664,91.7055,very heavy rain,503,33.8,3.7,73,40.2,60.0
686,2026-07-31,Umananda Island,26.1964,91.7453,heavy rain,502,26.2,8.9,61,30.1,60.0
687,2026-07-31,Navagraha Temple,26.1749,91.7789,thunderstorm,200,24.2,2.6,69,64.7,80.0
688,2026-07-31,Basistha Temple,26.1132,91.797,thunderstorm,200,28.8,5.3,59,35.2,80.0
689,2026-07-31,Guwahati Railway Station,26.1824,91.7513,very heavy rain,503,33.1,3.1,46,61.1,60.0
690,2026-07-31,LGB International Airport,26.1061,91.5859,very heavy rain,503,25.4,2.4,56,20.2,60.0
691,2026-07-31,Paltan Bazaar,26.1817,91.7503,heavy rain,502,28.2,5.8,96,55.0,60.0
692,2026-07-31,Fancy Bazaar,26.1836,91.7434,thunderstorm,200,26.3,1.8,67,70.5,80.0
693,2026-07-31,Pan Bazaar,26.1856,91.7455,moderate rain,501,32.2,4.0,78,29.3,30.0
694,2026-07-31,Uzan Bazar Ghat,26.19,91.759,scattered clouds,802,20.7,0.8,98,15.3,10.0
695,2026-07-31,Brahmaputra Riverfront,26.1905,91.748,mist,701,25.5,0.2,63,14.4,45.0
696,2026-07-31,Dighalipukhuri,26.1861,91.7503,few clouds,801,35.1,4.9,62,15.4,10.0
697,2026-07-31,Nehru Park,26.1857,91.7477,light drizzle,300,17.8,2.0,64,29.4,20.0
698,2026-07-31,Assam State Museum,26.1857,91.7481,light drizzle,300,37.2,6.9,96,35.2,20.0
699,2026-07-31,Assam State Zoo & Botanical Garden,26.178,91.786,heavy rain,502,21.6,1.1,91,46.9,60.0
700,2026-07-31,Srimanta Sankaradeva Kalakshetra,26.144,91.8058,light drizzle,300,32.2,4.1,92,3.9,20.0
701,2026-07-31,Guwahati Planetarium,26.1856,91.7625,few clouds,801,21.7,2.5,57,0.0,10.0
702,2026-07-31,"Gandhi Mandap, Sarania Hill",26.175,91.758,very heavy rain,503,24.3,7.5,87,0.0,60.0
703,2026-07-31,Nilachal Ropeway Terminal,26.188,91.744,light rain,500,30.9,2.9,87,29.3,30.0
704,2026-07-31,Dispur Secretariat,26.142,91.79,scattered clouds,802,30.7,2.2,96,31.9,10.0
705,2026-07-31,Ganeshguri Junction,26.147,91.79,heavy rain,502,21.7,9.7,66,8.0,60.0
706,2026-07-31,Six Mile,26.135,91.805,light drizzle,300,31.6,1.7,66,0.0,20.0
707,2026-07-31,Beltola Bazaar,26.129,91.8,light rain,500,25.1,0.6,52,0.0,30.0
708,2026-07-31,Zoo Road Tiniali,26.165,91.78,heavy rain,502,29.8,4.6,57,14.7,60.0
709,2026-07-31,Chandmari,26.183,91.772,moderate rain,501,24.4,5.5,64,0.0,30.0
710,2026-07-31,Silpukhuri,26.188,91.766,overcast clouds,804,32.6,6.7,81,16.9,10.0
711,2026-07-31,Bharalumukh,26.17,91.735,mist,701,27.8,5.2,90,22.3,45.0
712,2026-07-31,Rehabari,26.175,91.748,light rain,500,32.3,4.6,48,16.2,30.0
713,2026-07-31,Bhangagarh,26.15,91.77,clear sky,800,36.4,2.8,55,5.0,5.0
714,2026-07-31,Hatigaon,26.136,91.788,thunderstorm,200,28.5,2.7,72,5.1,80.0
715,2026-07-31,Kahilipara,26.133,91.762,heavy rain,502,35.4,2.9,69,48.9,60.0
716,2026-07-31,Maligaon,26.158,91.679,thunderstorm,200,38.0,3.6,93,1.7,80.0
717,2026-07-31,Jalukbari,26.152,91.665,thunderstorm with heavy rain,202,35.0,5.1,85,16.2,80.0
718,2026-07-31,Gauhati University,26.152,91.665,mist,701,27.1,1.4,77,28.8,45.0
719,2026-07-31,IIT Guwahati,26.19,91.695,heavy rain,502,36.1,6.3,64,44.1,60.0
720,2026-07-31,Guwahati Medical College,26.155,91.7,moderate rain,501,22.7,2.4,88,14.0,30.0
721,2026-07-31,Saraighat Bridge,26.1889,91.67,snow,601,37.0,0.1,67,18.0,50.0
722,2026-07-31,North Guwahati Ghat,26.198,91.69,fog,741,28.4,1.7,59,13.5,45.0
723,2026-07-31,Amingaon,26.19,91.66,thunderstorm,200,34.0,6.8,82,5.2,80.0
724,2026-07-31,Noonmati,26.178,91.806,thunderstorm,200,29.3,3.5,85,0.0,80.0
725,2026-07-31,Narengi,26.175,91.84,light drizzle,300,27.7,2.6,48,0.0,20.0
726,2026-07-31,Khanapara,26.118,91.818,clear sky,800,26.1,0.2,69,0.0,5.0
727,2026-07-31,Lokhra,26.105,91.735,scattered clouds,802,35.8,3.4,58,6.1,10.0
728,2026-07-31,Deepor Beel Wildlife Sanctuary,26.12,91.65,light drizzle,300,24.1,0.5,62,0.0,20.0
729,2026-07-31,Sualkuchi Silk Village,26.1667,91.5667,heavy rain,502,23.0,2.5,51,0.0,60.0
730,2026-07-31,Hajo Pilgrimage Town,26.25,91.5167,light drizzle,300,29.3,3.2,83,0.0,20.0
731,2026-07-31,Madan Kamdev Ruins,26.3667,91.6333,overcast clouds,804,34.1,3.2,57,1.9,10.0
732,2026-07-31,Chandubi Lake,25.9333,91.4333,overcast clouds,804,17.5,5.9,89,1.6,10.0
733,2026-07-31,Accoland Water Park,26.09,91.59,fog,741,28.3,3.4,87,28.3,45.0
734,2026-07-31,Pobitora Wildlife Sanctuary,26.2333,92.0833,heavy rain,502,15.8,4.3,94,20.3,60.0
735,2026-07-31,Shillong,25.5788,91.8933,moderate rain,501,25.7,3.3,61,1.0,30.0
736,2026-07-31,Umiam Lake,25.657,91.889,haze,721,27.9,0.9,97,26.0,45.0
737,2026-07-31,Cherrapunji (Sohra),25.2912,91.6783,overcast clouds,804,29.0,5.9,96,6.3,10.0
738,2026-07-31,Nohkalikai Falls,25.276,91.6857,scattered clouds,802,34.2,0.7,45,0.0,10.0
739,2026-07-31,"Living Root Bridge, Nongriat",25.247,91.715,mist,701,25.4,2.5,67,67.1,45.0
740,2026-07-31,Mawlynnong Village,25.2,91.9167,light drizzle,300,27.5,1.1,66,0.0,20.0
741,2026-07-31,Dawki / Umngot River,25.19,92.02,overcast clouds,804,35.5,2.7,62,37.6,10.0
742,2026-07-31,Kaziranga National Park,26.5775,93.1711,moderate rain,501,18.8,0.4,55,42.6,30.0
743,2026-07-31,Nameri National Park,26.92,92.88,scattered clouds,802,26.4,3.2,55,61.7,10.0
744,2026-07-31,Manas National Park,26.7,91.0,moderate rain,501,23.1,7.5,84,6.7,30.0
745,2026-07-31,Tezpur,26.6338,92.8,light rain,500,28.9,3.0,88,47.4,30.0
746,2026-07-31,Majuli River Island,26.95,94.17,mist,701,22.2,0.2,71,21.1,45.0
747,2026-07-31,Jorhat,26.7509,94.2037,moderate rain,501,30.8,7.5,45,7.4,30.0
748,2026-07-31,Sivasagar,26.9826,94.6425,thunderstorm,200,22.3,0.8,87,3.1,80.0
749,2026-07-31,Dibrugarh,27.4728,94.912,mist,701,27.1,1.0,84,48.4,45.0
750,2026-07-31,Digboi Oil Heritage,27.3931,95.6186,light drizzle,300,23.7,6.0,69,49.0,20.0
751,2026-07-31,Haflong,25.1667,93.0167,overcast clouds,804,18.6,6.4,84,51.8,10.0
752,2026-07-31,Tawang Monastery,27.5861,91.8594,overcast clouds,804,33.7,4.9,55,0.0,10.0
753,2026-07-31,Ziro Valley,27.5448,93.832,few clouds,801,28.2,1.3,62,34.9,10.0
754,2026-07-31,Gangtok,27.3314,88.6138,heavy rain,502,25.0,4.2,74,28.4,60.0
755,2026-07-31,Kohima,25.6751,94.1086,moderate rain,501,27.0,2.3,76,6.1,30.0
756,2026-07-31,Dzukou Valley,25.5833,94.05,moderate rain,501,26.7,4.0,71,8.4,30.0
757,2026-07-31,Imphal,24.817,93.9368,few clouds,801,25.2,1.8,95,0.0,10.0
758,2026-07-31,Loktak Lake,24.5333,93.8167,light drizzle,300,24.6,1.0,87,17.1,20.0
759,2026-07-31,Aizawl,23.7271,92.7176,moderate rain,501,35.9,0.5,97,22.7,30.0
760,2026-07-31,Agartala,23.8315,91.2868,heavy rain,502,23.9,6.8,87,0.0,60.0
761,2026-08-01,Kamakhya Temple,26.1664,91.7055,light rain,500,28.7,2.2,87,22.0,30.0
762,2026-08-01,Umananda Island,26.1964,91.7453,thunderstorm with heavy rain,202,32.1,6.2,78,13.4,80.0
763,2026-08-01,Navagraha Temple,26.1749,91.7789,light rain,500,34.6,8.5,76,43.2,30.0
764,2026-08-01,Basistha Temple,26.1132,91.797,thunderstorm,200,33.4,7.2,57,39.4,80.0
765,2026-08-01,Guwahati Railway Station,26.1824,91.7513,scattered clouds,802,25.2,4.8,97,25.8,10.0
766,2026-08-01,LGB International Airport,26.1061,91.5859,scattered clouds,802,18.2,1.2,98,47.3,10.0
767,2026-08-01,Paltan Bazaar,26.1817,91.7503,very heavy rain,503,35.4,8.0,74,0.0,60.0
768,2026-08-01,Fancy Bazaar,26.1836,91.7434,scattered clouds,802,21.9,2.8,48,18.2,10.0
769,2026-08-01,Pan Bazaar,26.1856,91.7455,moderate rain,501,30.7,0.1,77,28.7,30.0
770,2026-08-01,Uzan Bazar Ghat,26.19,91.759,very heavy rain,503,32.2,3.0,51,58.8,60.0
771,2026-08-01,Brahmaputra Riverfront,26.1905,91.748,light rain,500,21.9,1.5,77,37.1,30.0
772,2026-08-01,Dighalipukhuri,26.1861,91.7503,heavy rain,502,26.7,1.4,70,0.3,60.0
773,2026-08-01,Nehru Park,26.1857,91.7477,haze,721,27.0,6.7,53,39.9,45.0
774,2026-08-01,Assam State Museum,26.1857,91.7481,mist,701,18.4,6.6,80,14.3,45.0
775,2026-08-01,Assam State Zoo & Botanical Garden,26.178,91.786,mist,701,16.6,1.8,85,21.5,45.0
776,2026-08-01,Srimanta Sankaradeva Kalakshetra,26.144,91.8058,thunderstorm,200,23.6,5.5,53,0.0,80.0
777,2026-08-01,Guwahati Planetarium,26.1856,91.7625,haze,721,17.8,0.9,77,0.0,45.0
778,2026-08-01,"Gandhi Mandap, Sarania Hill",26.175,91.758,thunderstorm,200,28.4,2.4,82,0.0,80.0
779,2026-08-01,Nilachal Ropeway Terminal,26.188,91.744,heavy rain,502,23.5,1.9,92,42.3,60.0
780,2026-08-01,Dispur Secretariat,26.142,91.79,mist,701,27.3,1.2,51,19.9,45.0
781,2026-08-01,Ganeshguri Junction,26.147,91.79,clear sky,800,33.9,6.2,57,13.3,5.0
782,2026-08-01,Six Mile,26.135,91.805,haze,721,26.9,8.7,48,5.1,45.0
783,2026-08-01,Beltola Bazaar,26.129,91.8,very heavy rain,503,36.0,2.1,47,0.7,60.0
784,2026-08-01,Zoo Road Tiniali,26.165,91.78,heavy rain,502,25.1,6.1,59,0.0,60.0
785,2026-08-01,Chandmari,26.183,91.772,thunderstorm,200,26.6,1.5,95,29.2,80.0
786,2026-08-01,Silpukhuri,26.188,91.766,very heavy rain,503,32.7,0.9,71,25.1,60.0
787,2026-08-01,Bharalumukh,26.17,91.735,haze,721,27.3,6.1,80,56.9,45.0
788,2026-08-01,Rehabari,26.175,91.748,overcast clouds,804,34.7,5.1,73,0.0,10.0
789,2026-08-01,Bhangagarh,26.15,91.77,thunderstorm with heavy rain,202,23.9,7.5,86,0.0,80.0
790,2026-08-01,Hatigaon,26.136,91.788,thunderstorm,200,30.7,6.5,57,55.9,80.0
791,2026-08-01,Kahilipara,26.133,91.762,light drizzle,300,34.8,5.5,56,57.6,20.0
792,2026-08-01,Maligaon,26.158,91.679,scattered clouds,802,31.9,2.4,61,23.1,10.0
793,2026-08-01,Jalukbari,26.152,91.665,scattered clouds,802,26.1,1.5,66,0.0,10.0
794,2026-08-01,Gauhati University,26.152,91.665,few clouds,801,34.1,5.0,94,3.4,10.0
795,2026-08-01,IIT Guwahati,26.19,91.695,fog,741,23.1,0.2,76,25.8,45.0
796,2026-08-01,Guwahati Medical College,26.155,91.7,few clouds,801,26.4,0.2,56,0.0,10.0
797,2026-08-01,Saraighat Bridge,26.1889,91.67,moderate rain,501,25.1,3.9,79,7.3,30.0
798,2026-08-01,North Guwahati Ghat,26.198,91.69,overcast clouds,804,29.0,3.2,68,39.9,10.0
799,2026-08-01,Amingaon,26.19,91.66,light drizzle,300,25.9,7.5,75,64.6,20.0
800,2026-08-01,Noonmati,26.178,91.806,haze,721,35.4,3.4,73,20.1,45.0
801,2026-08-01,Narengi,26.175,91.84,light drizzle,300,19.3,0.7,60,54.6,20.0
802,2026-08-01,Khanapara,26.118,91.818,light rain,500,38.4,2.3,69,0.0,30.0
803,2026-08-01,Lokhra,26.105,91.735,light drizzle,300,26.9,3.4,78,28.6,20.0
804,2026-08-01,Deepor Beel Wildlife Sanctuary,26.12,91.65,thunderstorm with heavy rain,202,26.6,0.9,86,20.5,80.0
805,2026-08-01,Sualkuchi Silk Village,26.1667,91.5667,overcast clouds,804,26.9,3.8,55,60.4,10.0
806,2026-08-01,Hajo Pilgrimage Town,26.25,91.5167,moderate rain,501,25.6,2.6,85,5.7,30.0
807,2026-08-01,Madan Kamdev Ruins,26.3667,91.6333,thunderstorm,200,24.1,5.6,51,30.9,80.0
808,2026-08-01,Chandubi Lake,25.9333,91.4333,mist,701,27.7,8.9,97,0.0,45.0
809,2026-08-01,Accoland Water Park,26.09,91.59,fog,741,25.1,3.5,74,16.6,45.0
810,2026-08-01,Pobitora Wildlife Sanctuary,26.2333,92.0833,few clouds,801,29.7,2.7,49,35.1,10.0
811,2026-08-01,Shillong,25.5788,91.8933,heavy rain,502,31.8,3.8,69,0.0,60.0
812,2026-08-01,Umiam Lake,25.657,91.889,light rain,500,26.1,4.4,45,26.0,30.0
813,2026-08-01,Cherrapunji (Sohra),25.2912,91.6783,heavy rain,502,22.3,0.2,82,64.6,60.0
814,2026-08-01,Nohkalikai Falls,25.276,91.6857,light rain,500,23.9,5.1,88,17.6,30.0
815,2026-08-01,"Living Root Bridge, Nongriat",25.247,91.715,light drizzle,300,32.4,7.9,73,0.0,20.0
816,2026-08-01,Mawlynnong Village,25.2,91.9167,few clouds,801,30.0,7.3,92,32.7,10.0
817,2026-08-01,Dawki / Umngot River,25.19,92.02,light rain,500,22.0,4.6,85,41.2,30.0
818,2026-08-01,Kaziranga National Park,26.5775,93.1711,fog,741,30.3,7.0,68,0.0,45.0
819,2026-08-01,Nameri National Park,26.92,92.88,haze,721,28.7,9.6,54,19.8,45.0
820,2026-08-01,Manas National Park,26.7,91.0,heavy rain,502,16.2,3.7,64,4.0,60.0
821,2026-08-01,Tezpur,26.6338,92.8,overcast clouds,804,20.0,3.2,58,0.0,10.0
822,2026-08-01,Majuli River Island,26.95,94.17,moderate rain,501,29.9,5.8,98,33.0,30.0
823,2026-08-01,Jorhat,26.7509,94.2037,light drizzle,300,32.9,6.9,81,47.2,20.0
824,2026-08-01,Sivasagar,26.9826,94.6425,fog,741,33.6,1.2,80,17.0,45.0
825,2026-08-01,Dibrugarh,27.4728,94.912,few clouds,801,24.7,2.4,57,13.6,10.0
826,2026-08-01,Digboi Oil Heritage,27.3931,95.6186,light rain,500,33.1,0.1,51,44.3,30.0
827,2026-08-01,Haflong,25.1667,93.0167,light drizzle,300,29.4,5.3,76,0.0,20.0
828,2026-08-01,Tawang Monastery,27.5861,91.8594,light drizzle,300,22.4,4.8,68,1.7,20.0
829,2026-08-01,Ziro Valley,27.5448,93.832,thunderstorm with heavy rain,202,27.2,5.3,65,18.4,80.0
830,2026-08-01,Gangtok,27.3314,88.6138,thunderstorm,200,19.2,5.6,53,36.7,80.0
831,2026-08-01,Kohima,25.6751,94.1086,very heavy rain,503,33.0,1.8,73,4.5,60.0
832,2026-08-01,Dzukou Valley,25.5833,94.05,moderate rain,501,31.1,5.5,98,48.5,30.0
833,2026-08-01,Imphal,24.817,93.9368,light drizzle,300,18.7,6.4,57,13.7,20.0
834,2026-08-01,Loktak Lake,24.5333,93.8167,few clouds,801,28.9,9.7,77,20.2,10.0
835,2026-08-01,Aizawl,23.7271,92.7176,heavy rain,502,21.9,5.0,94,0.0,60.0
836,2026-08-01,Agartala,23.8315,91.2868,moderate rain,501,10.4,0.0,75,0.0,30.0
837,2026-08-02,Kamakhya Temple,26.1664,91.7055,very heavy rain,503,32.0,5.3,94,0.0,60.0
838,2026-08-02,Umananda Island,26.1964,91.7453,scattered clouds,802,25.8,0.3,68,17.9,10.0
839,2026-08-02,Navagraha Temple,26.1749,91.7789,moderate rain,501,19.7,0.5,96,55.7,30.0
840,2026-08-02,Basistha Temple,26.1132,91.797,thunderstorm,200,29.9,3.0,81,29.4,80.0
841,2026-08-02,Guwahati Railway Station,26.1824,91.7513,fog,741,17.0,0.7,92,11.3,45.0
842,2026-08-02,LGB International Airport,26.1061,91.5859,few clouds,801,28.3,3.6,61,0.0,10.0
843,2026-08-02,Paltan Bazaar,26.1817,91.7503,light rain,500,28.9,5.5,95,0.0,30.0
844,2026-08-02,Fancy Bazaar,26.1836,91.7434,moderate rain,501,41.4,6.1,65,38.2,30.0
845,2026-08-02,Pan Bazaar,26.1856,91.7455,scattered clouds,802,26.6,7.7,62,27.9,10.0
846,2026-08-02,Uzan Bazar Ghat,26.19,91.759,moderate rain,501,31.4,1.5,68,50.3,30.0
847,2026-08-02,Brahmaputra Riverfront,26.1905,91.748,heavy rain,502,26.8,4.5,61,0.0,60.0
848,2026-08-02,Dighalipukhuri,26.1861,91.7503,moderate rain,501,21.9,8.1,76,58.1,30.0
849,2026-08-02,Nehru Park,26.1857,91.7477,thunderstorm with heavy rain,202,27.6,3.8,53,1.2,80.0
850,2026-08-02,Assam State Museum,26.1857,91.7481,moderate rain,501,27.5,4.3,55,32.0,30.0
851,2026-08-02,Assam State Zoo & Botanical Garden,26.178,91.786,light rain,500,25.5,3.2,59,0.0,30.0
852,2026-08-02,Srimanta Sankaradeva Kalakshetra,26.144,91.8058,scattered clouds,802,25.4,4.9,82,0.0,10.0
853,2026-08-02,Guwahati Planetarium,26.1856,91.7625,overcast clouds,804,27.1,3.8,47,41.2,10.0
854,2026-08-02,"Gandhi Mandap, Sarania Hill",26.175,91.758,scattered clouds,802,17.5,6.4,54,13.8,10.0
855,2026-08-02,Nilachal Ropeway Terminal,26.188,91.744,few clouds,801,31.1,3.4,70,0.0,10.0
856,2026-08-02,Dispur Secretariat,26.142,91.79,clear sky,800,26.6,1.2,63,0.0,5.0
857,2026-08-02,Ganeshguri Junction,26.147,91.79,fog,741,34.7,4.4,75,28.3,45.0
858,2026-08-02,Six Mile,26.135,91.805,thunderstorm with heavy rain,202,20.8,2.1,97,0.0,80.0
859,2026-08-02,Beltola Bazaar,26.129,91.8,thunderstorm,200,23.8,0.9,55,14.3,80.0
860,2026-08-02,Zoo Road Tiniali,26.165,91.78,moderate rain,501,25.0,0.8,69,8.3,30.0
861,2026-08-02,Chandmari,26.183,91.772,scattered clouds,802,28.6,7.1,77,0.0,10.0
862,2026-08-02,Silpukhuri,26.188,91.766,heavy rain,502,32.7,1.6,83,66.3,60.0
863,2026-08-02,Bharalumukh,26.17,91.735,few clouds,801,22.2,4.2,52,48.6,10.0
864,2026-08-02,Rehabari,26.175,91.748,fog,741,27.8,5.9,94,17.7,45.0
865,2026-08-02,Bhangagarh,26.15,91.77,very heavy rain,503,30.2,0.7,47,9.5,60.0
866,2026-08-02,Hatigaon,26.136,91.788,fog,741,19.5,0.5,67,22.8,45.0
867,2026-08-02,Kahilipara,26.133,91.762,heavy rain,502,19.5,3.2,89,0.0,60.0
868,2026-08-02,Maligaon,26.158,91.679,light drizzle,300,29.1,2.0,50,0.0,20.0
869,2026-08-02,Jalukbari,26.152,91.665,light drizzle,300,24.4,5.7,57,59.2,20.0
870,2026-08-02,Gauhati University,26.152,91.665,clear sky,800,22.0,3.7,69,13.7,5.0
871,2026-08-02,IIT Guwahati,26.19,91.695,very heavy rain,503,24.0,2.5,68,38.7,60.0
872,2026-08-02,Guwahati Medical College,26.155,91.7,heavy rain,502,27.6,5.5,81,48.9,60.0
873,2026-08-02,Saraighat Bridge,26.1889,91.67,light rain,500,35.5,2.8,93,27.1,30.0
874,2026-08-02,North Guwahati Ghat,26.198,91.69,heavy rain,502,30.8,7.1,75,46.8,60.0
875,2026-08-02,Amingaon,26.19,91.66,light drizzle,300,32.3,2.5,90,7.1,20.0
876,2026-08-02,Noonmati,26.178,91.806,mist,701,30.6,4.5,95,30.3,45.0
877,2026-08-02,Narengi,26.175,91.84,very heavy rain,503,31.0,4.6,70,28.1,60.0
878,2026-08-02,Khanapara,26.118,91.818,heavy rain,502,27.3,1.8,69,10.5,60.0
879,2026-08-02,Lokhra,26.105,91.735,haze,721,28.1,4.8,54,0.0,45.0
880,2026-08-02,Deepor Beel Wildlife Sanctuary,26.12,91.65,scattered clouds,802,27.6,4.2,83,42.0,10.0
881,2026-08-02,Sualkuchi Silk Village,26.1667,91.5667,few clouds,801,37.6,3.0,84,6.6,10.0
882,2026-08-02,Hajo Pilgrimage Town,26.25,91.5167,haze,721,36.1,1.5,56,33.2,45.0
883,2026-08-02,Madan Kamdev Ruins,26.3667,91.6333,heavy rain,502,29.3,1.6,87,45.4,60.0
884,2026-08-02,Chandubi Lake,25.9333,91.4333,overcast clouds,804,29.3,2.0,89,0.0,10.0
885,2026-08-02,Accoland Water Park,26.09,91.59,light drizzle,300,29.2,3.9,60,0.0,20.0
886,2026-08-02,Pobitora Wildlife Sanctuary,26.2333,92.0833,scattered clouds,802,27.2,3.3,87,42.9,10.0
887,2026-08-02,Shillong,25.5788,91.8933,light rain,500,24.9,0.4,92,1.9,30.0
888,2026-08-02,Umiam Lake,25.657,91.889,moderate rain,501,27.0,2.9,82,0.0,30.0
889,2026-08-02,Cherrapunji (Sohra),25.2912,91.6783,light rain,500,27.1,5.8,83,44.8,30.0
890,2026-08-02,Nohkalikai Falls,25.276,91.6857,light rain,500,31.1,2.7,77,18.5,30.0
891,2026-08-02,"Living Root Bridge, Nongriat",25.247,91.715,scattered clouds,802,29.8,5.7,52,38.5,10.0
892,2026-08-02,Mawlynnong Village,25.2,91.9167,mist,701,30.5,3.6,89,0.0,45.0
893,2026-08-02,Dawki / Umngot River,25.19,92.02,moderate rain,501,32.0,1.0,60,21.0,30.0
894,2026-08-02,Kaziranga National Park,26.5775,93.1711,moderate rain,501,21.6,4.1,46,26.1,30.0
895,2026-08-02,Nameri National Park,26.92,92.88,moderate rain,501,32.9,3.4,95,55.6,30.0
896,2026-08-02,Manas National Park,26.7,91.0,light drizzle,300,23.0,3.3,78,75.1,20.0
897,2026-08-02,Tezpur,26.6338,92.8,moderate rain,501,24.3,2.8,63,49.2,30.0
898,2026-08-02,Majuli River Island,26.95,94.17,thunderstorm with heavy rain,202,38.3,6.0,75,44.6,80.0
899,2026-08-02,Jorhat,26.7509,94.2037,light rain,500,34.4,4.3,56,53.8,30.0
900,2026-08-02,Sivasagar,26.9826,94.6425,fog,741,24.7,2.0,92,18.1,45.0
901,2026-08-02,Dibrugarh,27.4728,94.912,light drizzle,300,31.6,3.3,98,18.1,20.0
902,2026-08-02,Digboi Oil Heritage,27.3931,95.6186,overcast clouds,804,36.8,7.7,88,52.9,10.0
903,2026-08-02,Haflong,25.1667,93.0167,haze,721,28.0,3.2,79,64.8,45.0
904,2026-08-02,Tawang Monastery,27.5861,91.8594,light rain,500,23.7,2.0,81,67.0,30.0
905,2026-08-02,Ziro Valley,27.5448,93.832,mist,701,28.8,5.1,77,14.7,45.0
906,2026-08-02,Gangtok,27.3314,88.6138,heavy rain,502,36.4,5.6,75,33.0,60.0
907,2026-08-02,Kohima,25.6751,94.1086,fog,741,28.9,6.2,88,22.5,45.0
908,2026-08-02,Dzukou Valley,25.5833,94.05,scattered clouds,802,23.7,0.2,45,15.5,10.0
909,2026-08-02,Imphal,24.817,93.9368,clear sky,800,34.4,4.5,65,0.0,5.0
910,2026-08-02,Loktak Lake,24.5333,93.8167,overcast clouds,804,27.7,8.1,84,37.7,10.0
911,2026-08-02,Aizawl,23.7271,92.7176,light rain,500,32.8,4.8,71,10.6,30.0
912,2026-08-02,Agartala,23.8315,91.2868,mist,701,27.4,0.7,53,33.5,45.0
913,2026-08-03,Kamakhya Temple,26.1664,91.7055,haze,721,19.6,1.3,91,15.7,45.0
914,2026-08-03,Umananda Island,26.1964,91.7453,light rain,500,25.9,5.7,92,27.6,30.0
915,2026-08-03,Navagraha Temple,26.1749,91.7789,overcast clouds,804,25.1,4.1,76,53.1,10.0
916,2026-08-03,Basistha Temple,26.1132,91.797,heavy rain,502,23.7,8.2,76,13.4,60.0
917,2026-08-03,Guwahati Railway Station,26.1824,91.7513,light drizzle,300,25.5,0.1,70,30.1,20.0
918,2026-08-03,LGB International Airport,26.1061,91.5859,overcast clouds,804,27.7,4.5,51,65.8,10.0
919,2026-08-03,Paltan Bazaar,26.1817,91.7503,moderate rain,501,32.1,2.1,80,0.0,30.0
920,2026-08-03,Fancy Bazaar,26.1836,91.7434,light rain,500,24.0,1.6,88,30.2,30.0
921,2026-08-03,Pan Bazaar,26.1856,91.7455,haze,721,34.2,4.7,86,0.0,45.0
922,2026-08-03,Uzan Bazar Ghat,26.19,91.759,light drizzle,300,25.3,1.5,94,44.6,20.0
923,2026-08-03,Brahmaputra Riverfront,26.1905,91.748,thunderstorm,200,24.9,5.8,63,0.0,80.0
924,2026-08-03,Dighalipukhuri,26.1861,91.7503,mist,701,20.7,5.2,71,0.0,45.0
925,2026-08-03,Nehru Park,26.1857,91.7477,heavy rain,502,23.8,1.8,49,38.2,60.0
926,2026-08-03,Assam State Museum,26.1857,91.7481,light rain,500,23.5,4.8,83,0.0,30.0
927,2026-08-03,Assam State Zoo & Botanical Garden,26.178,91.786,heavy rain,502,33.4,3.1,68,17.6,60.0
928,2026-08-03,Srimanta Sankaradeva Kalakshetra,26.144,91.8058,moderate rain,501,32.9,0.1,53,60.6,30.0
929,2026-08-03,Guwahati Planetarium,26.1856,91.7625,thunderstorm,200,17.9,0.2,89,18.0,80.0
930,2026-08-03,"Gandhi Mandap, Sarania Hill",26.175,91.758,light rain,500,37.7,1.4,75,51.2,30.0
931,2026-08-03,Nilachal Ropeway Terminal,26.188,91.744,moderate rain,501,28.8,6.5,93,29.7,30.0
932,2026-08-03,Dispur Secretariat,26.142,91.79,heavy rain,502,38.0,3.5,69,47.3,60.0
933,2026-08-03,Ganeshguri Junction,26.147,91.79,light drizzle,300,32.1,3.5,85,39.4,20.0
934,2026-08-03,Six Mile,26.135,91.805,overcast clouds,804,32.6,6.1,65,23.1,10.0
935,2026-08-03,Beltola Bazaar,26.129,91.8,mist,701,30.1,2.4,62,5.2,45.0
936,2026-08-03,Zoo Road Tiniali,26.165,91.78,fog,741,21.5,3.0,74,9.8,45.0
937,2026-08-03,Chandmari,26.183,91.772,heavy rain,502,23.1,1.0,78,0.0,60.0
938,2026-08-03,Silpukhuri,26.188,91.766,fog,741,24.4,0.6,50,20.1,45.0
939,2026-08-03,Bharalumukh,26.17,91.735,moderate rain,501,30.9,2.0,64,48.4,30.0
940,2026-08-03,Rehabari,26.175,91.748,thunderstorm,200,30.7,3.7,79,33.5,80.0
941,2026-08-03,Bhangagarh,26.15,91.77,clear sky,800,22.3,9.9,75,4.9,5.0
942,2026-08-03,Hatigaon,26.136,91.788,thunderstorm with heavy rain,202,20.7,8.4,80,0.0,80.0
943,2026-08-03,Kahilipara,26.133,91.762,light rain,500,31.4,0.2,70,18.0,30.0
944,2026-08-03,Maligaon,26.158,91.679,heavy rain,502,29.7,8.3,50,2.4,60.0
945,2026-08-03,Jalukbari,26.152,91.665,light rain,500,36.5,3.8,84,31.4,30.0
946,2026-08-03,Gauhati University,26.152,91.665,light drizzle,300,27.6,0.8,71,0.0,20.0
947,2026-08-03,IIT Guwahati,26.19,91.695,overcast clouds,804,29.1,5.0,52,0.0,10.0
948,2026-08-03,Guwahati Medical College,26.155,91.7,light drizzle,300,25.7,0.3,46,6.8,20.0
949,2026-08-03,Saraighat Bridge,26.1889,91.67,overcast clouds,804,27.8,4.1,51,15.4,10.0
950,2026-08-03,North Guwahati Ghat,26.198,91.69,moderate rain,501,30.2,5.0,45,18.6,30.0
951,2026-08-03,Amingaon,26.19,91.66,moderate rain,501,31.6,2.1,96,0.0,30.0
952,2026-08-03,Noonmati,26.178,91.806,very heavy rain,503,30.0,3.5,93,20.0,60.0
953,2026-08-03,Narengi,26.175,91.84,haze,721,31.0,8.4,49,2.8,45.0
954,2026-08-03,Khanapara,26.118,91.818,mist,701,28.0,3.0,45,42.5,45.0
955,2026-08-03,Lokhra,26.105,91.735,scattered clouds,802,24.2,3.8,94,36.6,10.0
956,2026-08-03,Deepor Beel Wildlife Sanctuary,26.12,91.65,snow,601,30.6,3.1,51,56.7,50.0
957,2026-08-03,Sualkuchi Silk Village,26.1667,91.5667,moderate rain,501,27.4,6.9,88,74.9,30.0
958,2026-08-03,Hajo Pilgrimage Town,26.25,91.5167,overcast clouds,804,26.9,1.8,80,0.0,10.0
959,2026-08-03,Madan Kamdev Ruins,26.3667,91.6333,moderate rain,501,35.1,3.4,57,12.8,30.0
960,2026-08-03,Chandubi Lake,25.9333,91.4333,very heavy rain,503,31.6,4.3,72,14.9,60.0
961,2026-08-03,Accoland Water Park,26.09,91.59,light rain,500,31.5,4.7,52,3.2,30.0
962,2026-08-03,Pobitora Wildlife Sanctuary,26.2333,92.0833,haze,721,21.3,4.9,89,0.0,45.0
963,2026-08-03,Shillong,25.5788,91.8933,heavy rain,502,29.6,2.6,55,0.0,60.0
964,2026-08-03,Umiam Lake,25.657,91.889,light rain,500,36.3,3.5,48,10.0,30.0
965,2026-08-03,Cherrapunji (Sohra),25.2912,91.6783,few clouds,801,21.9,0.6,95,40.6,10.0
966,2026-08-03,Nohkalikai Falls,25.276,91.6857,light rain,500,21.3,5.7,67,5.1,30.0
967,2026-08-03,"Living Root Bridge, Nongriat",25.247,91.715,thunderstorm with heavy rain,202,29.2,1.7,89,0.0,80.0
968,2026-08-03,Mawlynnong Village,25.2,91.9167,light drizzle,300,35.6,6.8,80,27.6,20.0
969,2026-08-03,Dawki / Umngot River,25.19,92.02,light drizzle,300,24.9,2.9,56,0.0,20.0
970,2026-08-03,Kaziranga National Park,26.5775,93.1711,moderate rain,501,32.6,2.8,80,0.0,30.0
971,2026-08-03,Nameri National Park,26.92,92.88,overcast clouds,804,26.9,0.3,97,16.0,10.0
972,2026-08-03,Manas National Park,26.7,91.0,clear sky,800,24.8,6.4,56,0.0,5.0
973,2026-08-03,Tezpur,26.6338,92.8,mist,701,24.7,1.4,84,20.8,45.0
974,2026-08-03,Majuli River Island,26.95,94.17,very heavy rain,503,23.2,8.3,78,12.0,60.0
975,2026-08-03,Jorhat,26.7509,94.2037,very heavy rain,503,25.1,3.7,63,2.2,60.0
976,2026-08-03,Sivasagar,26.9826,94.6425,scattered clouds,802,26.2,7.4,98,16.7,10.0
977,2026-08-03,Dibrugarh,27.4728,94.912,fog,741,29.1,3.8,51,6.6,45.0
978,2026-08-03,Digboi Oil Heritage,27.3931,95.6186,heavy rain,502,31.8,3.6,78,0.0,60.0
979,2026-08-03,Haflong,25.1667,93.0167,heavy rain,502,27.1,2.7,59,10.5,60.0
980,2026-08-03,Tawang Monastery,27.5861,91.8594,fog,741,29.5,2.8,98,46.1,45.0
981,2026-08-03,Ziro Valley,27.5448,93.832,few clouds,801,26.3,3.8,80,15.8,10.0
982,2026-08-03,Gangtok,27.3314,88.6138,thunderstorm with heavy rain,202,28.5,2.8,84,9.7,80.0
983,2026-08-03,Kohima,25.6751,94.1086,light drizzle,300,28.5,4.6,64,33.4,20.0
984,2026-08-03,Dzukou Valley,25.5833,94.05,moderate rain,501,30.9,4.5,69,28.8,30.0
985,2026-08-03,Imphal,24.817,93.9368,overcast clouds,804,27.4,1.3,85,48.2,10.0
986,2026-08-03,Loktak Lake,24.5333,93.8167,heavy rain,502,27.8,2.3,81,0.0,60.0
987,2026-08-03,Aizawl,23.7271,92.7176,light rain,500,29.9,0.8,51,25.9,30.0
988,2026-08-03,Agartala,23.8315,91.2868,light rain,500,26.5,5.1,83,30.5,30.0
989,2026-08-04,Kamakhya Temple,26.1664,91.7055,moderate rain,501,31.5,1.9,65,32.5,30.0
990,2026-08-04,Umananda Island,26.1964,91.7453,heavy rain,502,30.0,0.9,60,0.0,60.0
991,2026-08-04,Navagraha Temple,26.1749,91.7789,heavy rain,502,36.3,4.6,92,16.4,60.0
992,2026-08-04,Basistha Temple,26.1132,91.797,moderate rain,501,21.6,11.2,63,42.2,40.0
993,2026-08-04,Guwahati Railway Station,26.1824,91.7513,heavy rain,502,26.3,6.0,64,90.1,60.0
994,2026-08-04,LGB International Airport,26.1061,91.5859,overcast clouds,804,24.6,3.9,89,57.4,10.0
995,2026-08-04,Paltan Bazaar,26.1817,91.7503,thunderstorm with heavy rain,202,25.1,6.6,81,31.0,80.0
996,2026-08-04,Fancy Bazaar,26.1836,91.7434,few clouds,801,26.3,2.7,68,28.7,10.0
997,2026-08-04,Pan Bazaar,26.1856,91.7455,mist,701,31.8,3.5,64,39.2,45.0
998,2026-08-04,Uzan Bazar Ghat,26.19,91.759,fog,741,27.2,5.2,95,0.0,45.0
999,2026-08-04,Brahmaputra Riverfront,26.1905,91.748,moderate rain,501,28.8,2.9,89,0.0,30.0
1000,2026-08-04,Dighalipukhuri,26.1861,91.7503,heavy rain,502,25.5,0.5,81,56.5,60.0
1001,2026-08-04,Nehru Park,26.1857,91.7477,light rain,500,16.9,4.8,66,0.0,30.0
1002,2026-08-04,Assam State Museum,26.1857,91.7481,light rain,500,34.8,8.0,59,0.0,30.0
1003,2026-08-04,Assam State Zoo & Botanical Garden,26.178,91.786,thunderstorm,200,18.7,7.5,85,22.2,80.0
1004,2026-08-04,Srimanta Sankaradeva Kalakshetra,26.144,91.8058,light drizzle,300,34.0,0.6,54,26.0,20.0
1005,2026-08-04,Guwahati Planetarium,26.1856,91.7625,light rain,500,25.3,2.9,88,15.1,30.0
1006,2026-08-04,"Gandhi Mandap, Sarania Hill",26.175,91.758,moderate rain,501,23.1,0.5,59,1.3,30.0
1007,2026-08-04,Nilachal Ropeway Terminal,26.188,91.744,light rain,500,25.2,3.9,66,46.3,30.0
1008,2026-08-04,Dispur Secretariat,26.142,91.79,few clouds,801,26.3,5.4,77,24.2,10.0
1009,2026-08-04,Ganeshguri Junction,26.147,91.79,moderate rain,501,20.0,1.9,75,0.0,30.0
1010,2026-08-04,Six Mile,26.135,91.805,very heavy rain,503,30.3,2.2,92,50.6,60.0
1011,2026-08-04,Beltola Bazaar,26.129,91.8,moderate rain,501,31.9,3.6,72,0.0,30.0
1012,2026-08-04,Zoo Road Tiniali,26.165,91.78,scattered clouds,802,25.5,9.6,67,0.0,10.0
1013,2026-08-04,Chandmari,26.183,91.772,overcast clouds,804,34.0,1.0,94,0.0,10.0
1014,2026-08-04,Silpukhuri,26.188,91.766,heavy rain,502,33.4,11.9,54,16.3,70.0
1015,2026-08-04,Bharalumukh,26.17,91.735,moderate rain,501,26.3,5.4,88,0.0,30.0
1016,2026-08-04,Rehabari,26.175,91.748,mist,701,29.3,7.1,84,23.4,45.0
1017,2026-08-04,Bhangagarh,26.15,91.77,fog,741,21.2,7.3,45,0.0,45.0
1018,2026-08-04,Hatigaon,26.136,91.788,light drizzle,300,23.6,8.0,92,22.0,20.0
1019,2026-08-04,Kahilipara,26.133,91.762,moderate rain,501,33.8,4.5,61,0.0,30.0
1020,2026-08-04,Maligaon,26.158,91.679,snow,601,25.5,2.2,69,0.0,50.0
1021,2026-08-04,Jalukbari,26.152,91.665,heavy rain,502,26.7,3.0,55,33.6,60.0
1022,2026-08-04,Gauhati University,26.152,91.665,very heavy rain,503,27.3,4.2,45,45.7,60.0
1023,2026-08-04,IIT Guwahati,26.19,91.695,few clouds,801,21.8,1.1,87,10.4,10.0
1024,2026-08-04,Guwahati Medical College,26.155,91.7,light drizzle,300,31.7,4.6,69,1.5,20.0
1025,2026-08-04,Saraighat Bridge,26.1889,91.67,moderate rain,501,17.5,1.9,76,38.6,30.0
1026,2026-08-04,North Guwahati Ghat,26.198,91.69,overcast clouds,804,22.5,0.8,90,17.9,10.0
1027,2026-08-04,Amingaon,26.19,91.66,clear sky,800,34.1,3.6,66,0.0,5.0
1028,2026-08-04,Noonmati,26.178,91.806,clear sky,800,26.1,3.8,64,0.0,5.0
1029,2026-08-04,Narengi,26.175,91.84,light drizzle,300,27.2,7.0,96,35.9,20.0
1030,2026-08-04,Khanapara,26.118,91.818,light rain,500,43.2,4.4,80,18.0,45.0
1031,2026-08-04,Lokhra,26.105,91.735,fog,741,32.5,3.9,70,12.1,45.0
1032,2026-08-04,Deepor Beel Wildlife Sanctuary,26.12,91.65,light rain,500,34.7,2.4,85,9.6,30.0
1033,2026-08-04,Sualkuchi Silk Village,26.1667,91.5667,very heavy rain,503,31.2,0.1,72,71.9,60.0
1034,2026-08-04,Hajo Pilgrimage Town,26.25,91.5167,light rain,500,24.7,2.3,53,13.5,30.0
1035,2026-08-04,Madan Kamdev Ruins,26.3667,91.6333,heavy rain,502,24.9,2.7,53,3.8,60.0
1036,2026-08-04,Chandubi Lake,25.9333,91.4333,moderate rain,501,38.9,7.9,94,80.0,30.0
1037,2026-08-04,Accoland Water Park,26.09,91.59,overcast clouds,804,23.4,9.6,65,46.1,10.0
1038,2026-08-04,Pobitora Wildlife Sanctuary,26.2333,92.0833,thunderstorm,200,31.8,5.0,54,61.8,80.0
1039,2026-08-04,Shillong,25.5788,91.8933,thunderstorm,200,17.7,4.1,71,38.6,80.0
1040,2026-08-04,Umiam Lake,25.657,91.889,thunderstorm,200,31.1,2.9,92,0.0,80.0
1041,2026-08-04,Cherrapunji (Sohra),25.2912,91.6783,light drizzle,300,25.7,3.8,56,90.0,20.0
1042,2026-08-04,Nohkalikai Falls,25.276,91.6857,heavy rain,502,22.6,4.9,83,0.0,60.0
1043,2026-08-04,"Living Root Bridge, Nongriat",25.247,91.715,light drizzle,300,23.6,2.4,89,20.5,20.0
1044,2026-08-04,Mawlynnong Village,25.2,91.9167,mist,701,20.9,1.9,56,25.1,45.0
1045,2026-08-04,Dawki / Umngot River,25.19,92.02,mist,701,28.1,1.9,57,21.8,45.0
1046,2026-08-04,Kaziranga National Park,26.5775,93.1711,haze,721,38.9,6.5,59,0.0,45.0
1047,2026-08-04,Nameri National Park,26.92,92.88,thunderstorm,200,27.4,8.5,49,45.5,80.0
1048,2026-08-04,Manas National Park,26.7,91.0,moderate rain,501,22.3,10.2,74,0.0,40.0
1049,2026-08-04,Tezpur,26.6338,92.8,mist,701,31.8,1.2,83,15.7,45.0
1050,2026-08-04,Majuli River Island,26.95,94.17,light drizzle,300,21.7,0.6,83,0.0,20.0
1051,2026-08-04,Jorhat,26.7509,94.2037,moderate rain,501,21.9,0.5,47,0.0,30.0
1052,2026-08-04,Sivasagar,26.9826,94.6425,thunderstorm with heavy rain,202,44.0,3.1,78,39.8,95.0
1053,2026-08-04,Dibrugarh,27.4728,94.912,moderate rain,501,27.9,4.3,69,0.0,30.0
1054,2026-08-04,Digboi Oil Heritage,27.3931,95.6186,few clouds,801,26.7,3.1,64,42.3,10.0
1055,2026-08-04,Haflong,25.1667,93.0167,thunderstorm,200,30.9,3.1,63,11.7,80.0
1056,2026-08-04,Tawang Monastery,27.5861,91.8594,moderate rain,501,33.9,2.8,73,54.7,30.0
1057,2026-08-04,Ziro Valley,27.5448,93.832,scattered clouds,802,28.0,1.6,82,53.7,10.0
1058,2026-08-04,Gangtok,27.3314,88.6138,scattered clouds,802,23.3,1.7,56,32.1,10.0
1059,2026-08-04,Kohima,25.6751,94.1086,moderate rain,501,21.6,8.6,74,36.7,30.0
1060,2026-08-04,Dzukou Valley,25.5833,94.05,very heavy rain,503,27.3,4.9,91,3.5,60.0
1061,2026-08-04,Imphal,24.817,93.9368,scattered clouds,802,31.6,6.0,68,51.7,10.0
1062,2026-08-04,Loktak Lake,24.5333,93.8167,thunderstorm,200,34.8,5.9,55,12.7,80.0
1063,2026-08-04,Aizawl,23.7271,92.7176,light rain,500,33.8,0.3,66,0.0,30.0
1064,2026-08-04,Agartala,23.8315,91.2868,overcast clouds,804,30.1,1.7,90,6.5,10.0
1065,2026-08-05,Kamakhya Temple,26.1664,91.7055,few clouds,801,35.6,1.8,73,14.2,10.0
1066,2026-08-05,Umananda Island,26.1964,91.7453,mist,701,28.4,5.3,93,17.5,45.0
1067,2026-08-05,Navagraha Temple,26.1749,91.7789,light drizzle,300,30.5,2.2,79,30.1,20.0
1068,2026-08-05,Basistha Temple,26.1132,91.797,moderate rain,501,29.5,0.3,74,53.9,30.0
1069,2026-08-05,Guwahati Railway Station,26.1824,91.7513,light rain,500,31.2,7.1,60,32.9,30.0
1070,2026-08-05,LGB International Airport,26.1061,91.5859,heavy rain,502,29.5,1.9,56,2.6,60.0
1071,2026-08-05,Paltan Bazaar,26.1817,91.7503,overcast clouds,804,26.9,3.0,47,0.0,10.0
1072,2026-08-05,Fancy Bazaar,26.1836,91.7434,light drizzle,300,29.4,1.5,71,14.2,20.0
1073,2026-08-05,Pan Bazaar,26.1856,91.7455,snow,601,31.5,4.8,87,5.9,50.0
1074,2026-08-05,Uzan Bazar Ghat,26.19,91.759,thunderstorm,200,30.4,0.3,82,42.7,80.0
1075,2026-08-05,Brahmaputra Riverfront,26.1905,91.748,light rain,500,29.9,8.5,65,1.5,30.0
1076,2026-08-05,Dighalipukhuri,26.1861,91.7503,few clouds,801,22.3,5.7,63,31.9,10.0
1077,2026-08-05,Nehru Park,26.1857,91.7477,moderate rain,501,34.9,7.8,66,0.0,30.0
1078,2026-08-05,Assam State Museum,26.1857,91.7481,very heavy rain,503,26.2,2.9,91,10.2,60.0
1079,2026-08-05,Assam State Zoo & Botanical Garden,26.178,91.786,haze,721,27.6,2.2,91,0.0,45.0
1080,2026-08-05,Srimanta Sankaradeva Kalakshetra,26.144,91.8058,haze,721,26.4,3.0,65,51.3,45.0
1081,2026-08-05,Guwahati Planetarium,26.1856,91.7625,light drizzle,300,24.8,0.2,53,0.0,20.0
1082,2026-08-05,"Gandhi Mandap, Sarania Hill",26.175,91.758,thunderstorm,200,18.9,1.2,84,18.6,80.0
1083,2026-08-05,Nilachal Ropeway Terminal,26.188,91.744,light drizzle,300,31.2,3.0,52,52.6,20.0
1084,2026-08-05,Dispur Secretariat,26.142,91.79,scattered clouds,802,33.2,4.1,71,0.0,10.0
1085,2026-08-05,Ganeshguri Junction,26.147,91.79,light rain,500,33.5,1.6,85,26.4,30.0
1086,2026-08-05,Six Mile,26.135,91.805,very heavy rain,503,27.9,7.7,64,27.4,60.0
1087,2026-08-05,Beltola Bazaar,26.129,91.8,moderate rain,501,28.5,3.4,88,5.5,30.0
1088,2026-08-05,Zoo Road Tiniali,26.165,91.78,heavy rain,502,37.1,6.1,57,6.3,60.0
1089,2026-08-05,Chandmari,26.183,91.772,light rain,500,34.4,1.1,75,28.5,30.0
1090,2026-08-05,Silpukhuri,26.188,91.766,moderate rain,501,20.6,0.6,79,0.0,30.0
1091,2026-08-05,Bharalumukh,26.17,91.735,mist,701,30.1,1.9,92,46.5,45.0
1092,2026-08-05,Rehabari,26.175,91.748,heavy rain,502,25.2,4.8,46,0.0,60.0
1093,2026-08-05,Bhangagarh,26.15,91.77,overcast clouds,804,19.8,1.4,95,0.0,10.0
1094,2026-08-05,Hatigaon,26.136,91.788,light drizzle,300,42.1,9.8,85,32.0,35.0
1095,2026-08-05,Kahilipara,26.133,91.762,moderate rain,501,33.9,5.6,56,0.0,30.0
1096,2026-08-05,Maligaon,26.158,91.679,thunderstorm,200,26.8,0.1,47,0.0,80.0
1097,2026-08-05,Jalukbari,26.152,91.665,light drizzle,300,33.3,8.8,68,0.0,20.0
1098,2026-08-05,Gauhati University,26.152,91.665,overcast clouds,804,27.2,5.7,95,29.5,10.0
1099,2026-08-05,IIT Guwahati,26.19,91.695,few clouds,801,30.1,3.9,77,46.4,10.0
1100,2026-08-05,Guwahati Medical College,26.155,91.7,moderate rain,501,32.2,4.0,91,70.7,30.0
1101,2026-08-05,Saraighat Bridge,26.1889,91.67,mist,701,32.1,2.5,94,50.2,45.0
1102,2026-08-05,North Guwahati Ghat,26.198,91.69,fog,741,26.8,0.5,91,6.0,45.0
1103,2026-08-05,Amingaon,26.19,91.66,few clouds,801,34.5,1.1,52,76.0,10.0
1104,2026-08-05,Noonmati,26.178,91.806,very heavy rain,503,26.2,3.7,74,12.0,60.0
1105,2026-08-05,Narengi,26.175,91.84,mist,701,33.1,7.6,92,5.4,45.0
1106,2026-08-05,Khanapara,26.118,91.818,light drizzle,300,31.4,7.1,57,4.2,20.0
1107,2026-08-05,Lokhra,26.105,91.735,light drizzle,300,26.3,1.6,87,28.5,20.0
1108,2026-08-05,Deepor Beel Wildlife Sanctuary,26.12,91.65,light drizzle,300,35.0,4.6,77,21.3,20.0
1109,2026-08-05,Sualkuchi Silk Village,26.1667,91.5667,scattered clouds,802,26.3,0.2,62,42.6,10.0
1110,2026-08-05,Hajo Pilgrimage Town,26.25,91.5167,light drizzle,300,28.1,7.1,84,27.6,20.0
1111,2026-08-05,Madan Kamdev Ruins,26.3667,91.6333,mist,701,27.6,2.6,46,0.0,45.0
1112,2026-08-05,Chandubi Lake,25.9333,91.4333,scattered clouds,802,33.0,4.3,56,26.7,10.0
1113,2026-08-05,Accoland Water Park,26.09,91.59,very heavy rain,503,23.6,6.8,89,7.2,60.0
1114,2026-08-05,Pobitora Wildlife Sanctuary,26.2333,92.0833,light drizzle,300,31.2,0.4,87,0.0,20.0
1115,2026-08-05,Shillong,25.5788,91.8933,thunderstorm with heavy rain,202,33.4,9.5,93,5.0,80.0
1116,2026-08-05,Umiam Lake,25.657,91.889,thunderstorm with heavy rain,202,32.9,3.8,74,4.4,80.0
1117,2026-08-05,Cherrapunji (Sohra),25.2912,91.6783,light drizzle,300,21.3,0.3,75,20.0,20.0
1118,2026-08-05,Nohkalikai Falls,25.276,91.6857,mist,701,19.8,5.6,70,0.0,45.0
1119,2026-08-05,"Living Root Bridge, Nongriat",25.247,91.715,overcast clouds,804,25.8,5.8,65,12.1,10.0
1120,2026-08-05,Mawlynnong Village,25.2,91.9167,moderate rain,501,24.7,3.7,55,40.3,30.0
1121,2026-08-05,Dawki / Umngot River,25.19,92.02,light drizzle,300,33.3,1.2,77,54.8,20.0
1122,2026-08-05,Kaziranga National Park,26.5775,93.1711,thunderstorm with heavy rain,202,24.7,6.8,95,50.2,80.0
1123,2026-08-05,Nameri National Park,26.92,92.88,light drizzle,300,29.6,0.4,60,0.0,20.0
1124,2026-08-05,Manas National Park,26.7,91.0,haze,721,24.6,0.9,97,33.2,45.0
1125,2026-08-05,Tezpur,26.6338,92.8,very heavy rain,503,33.9,4.1,81,25.3,60.0
1126,2026-08-05,Majuli River Island,26.95,94.17,light drizzle,300,26.9,0.2,90,9.4,20.0
1127,2026-08-05,Jorhat,26.7509,94.2037,heavy rain,502,28.6,0.5,74,12.8,60.0
1128,2026-08-05,Sivasagar,26.9826,94.6425,moderate rain,501,26.2,4.7,83,41.8,30.0
1129,2026-08-05,Dibrugarh,27.4728,94.912,scattered clouds,802,20.1,5.5,69,1.2,10.0
1130,2026-08-05,Digboi Oil Heritage,27.3931,95.6186,few clouds,801,28.6,7.3,82,31.4,10.0
1131,2026-08-05,Haflong,25.1667,93.0167,fog,741,27.9,3.5,54,3.4,45.0
1132,2026-08-05,Tawang Monastery,27.5861,91.8594,light drizzle,300,23.9,0.7,58,0.0,20.0
1133,2026-08-05,Ziro Valley,27.5448,93.832,very heavy rain,503,33.9,1.9,88,0.0,60.0
1134,2026-08-05,Gangtok,27.3314,88.6138,moderate rain,501,32.6,10.3,50,15.5,40.0
1135,2026-08-05,Kohima,25.6751,94.1086,heavy rain,502,24.1,0.8,53,23.4,60.0
1136,2026-08-05,Dzukou Valley,25.5833,94.05,fog,741,28.2,2.6,80,17.8,45.0
1137,2026-08-05,Imphal,24.817,93.9368,thunderstorm with heavy rain,202,35.7,0.3,46,21.6,80.0
1138,2026-08-05,Loktak Lake,24.5333,93.8167,light rain,500,26.0,8.1,69,40.3,30.0
1139,2026-08-05,Aizawl,23.7271,92.7176,moderate rain,501,31.0,3.9,53,27.3,30.0
1140,2026-08-05,Agartala,23.8315,91.2868,fog,741,29.6,6.2,87,5.8,45.0
1141,2026-08-06,Kamakhya Temple,26.1664,91.7055,scattered clouds,802,28.5,7.8,54,12.8,10.0
1142,2026-08-06,Umananda Island,26.1964,91.7453,moderate rain,501,30.1,0.1,86,17.4,30.0
1143,2026-08-06,Navagraha Temple,26.1749,91.7789,thunderstorm with heavy rain,202,19.9,7.6,89,0.0,80.0
1144,2026-08-06,Basistha Temple,26.1132,91.797,overcast clouds,804,21.7,1.6,73,16.1,10.0
1145,2026-08-06,Guwahati Railway Station,26.1824,91.7513,light rain,500,33.2,4.0,45,0.0,30.0
1146,2026-08-06,LGB International Airport,26.1061,91.5859,light drizzle,300,22.9,0.8,79,17.7,20.0
1147,2026-08-06,Paltan Bazaar,26.1817,91.7503,heavy rain,502,28.3,4.3,75,14.6,60.0
1148,2026-08-06,Fancy Bazaar,26.1836,91.7434,moderate rain,501,27.0,2.1,91,5.1,30.0
1149,2026-08-06,Pan Bazaar,26.1856,91.7455,moderate rain,501,21.6,6.7,62,8.2,30.0
1150,2026-08-06,Uzan Bazar Ghat,26.19,91.759,mist,701,32.8,3.8,92,32.9,45.0
1151,2026-08-06,Brahmaputra Riverfront,26.1905,91.748,very heavy rain,503,21.4,1.3,79,24.4,60.0
1152,2026-08-06,Dighalipukhuri,26.1861,91.7503,few clouds,801,23.2,1.0,75,54.1,10.0
1153,2026-08-06,Nehru Park,26.1857,91.7477,moderate rain,501,24.4,6.8,66,0.0,30.0
1154,2026-08-06,Assam State Museum,26.1857,91.7481,thunderstorm with heavy rain,202,27.7,7.1,83,24.5,80.0
1155,2026-08-06,Assam State Zoo & Botanical Garden,26.178,91.786,thunderstorm,200,21.6,2.9,48,0.0,80.0
1156,2026-08-06,Srimanta Sankaradeva Kalakshetra,26.144,91.8058,heavy rain,502,25.7,0.6,92,0.7,60.0
1157,2026-08-06,Guwahati Planetarium,26.1856,91.7625,heavy rain,502,30.0,3.2,77,56.7,60.0
1158,2026-08-06,"Gandhi Mandap, Sarania Hill",26.175,91.758,light drizzle,300,25.0,5.9,61,4.7,20.0
1159,2026-08-06,Nilachal Ropeway Terminal,26.188,91.744,clear sky,800,30.0,4.9,82,15.5,5.0
1160,2026-08-06,Dispur Secretariat,26.142,91.79,light rain,500,31.9,0.9,60,57.0,30.0
1161,2026-08-06,Ganeshguri Junction,26.147,91.79,moderate rain,501,18.5,5.3,66,83.1,30.0
1162,2026-08-06,Six Mile,26.135,91.805,heavy rain,502,32.2,2.7,93,0.0,60.0
1163,2026-08-06,Beltola Bazaar,26.129,91.8,snow,601,24.3,3.8,73,15.7,50.0
1164,2026-08-06,Zoo Road Tiniali,26.165,91.78,heavy rain,502,28.9,1.7,61,11.0,60.0
1165,2026-08-06,Chandmari,26.183,91.772,thunderstorm,200,30.0,4.9,70,0.0,80.0
1166,2026-08-06,Silpukhuri,26.188,91.766,fog,741,31.2,4.0,88,9.5,45.0
1167,2026-08-06,Bharalumukh,26.17,91.735,very heavy rain,503,28.4,1.8,72,75.1,60.0
1168,2026-08-06,Rehabari,26.175,91.748,moderate rain,501,22.5,4.0,88,0.0,30.0
1169,2026-08-06,Bhangagarh,26.15,91.77,haze,721,31.5,6.5,67,43.6,45.0
1170,2026-08-06,Hatigaon,26.136,91.788,fog,741,30.8,2.6,62,0.5,45.0
1171,2026-08-06,Kahilipara,26.133,91.762,thunderstorm with heavy rain,202,34.6,3.4,74,24.0,80.0
1172,2026-08-06,Maligaon,26.158,91.679,thunderstorm,200,25.2,1.4,66,9.3,80.0
1173,2026-08-06,Jalukbari,26.152,91.665,very heavy rain,503,27.8,6.1,45,0.0,60.0
1174,2026-08-06,Gauhati University,26.152,91.665,clear sky,800,29.9,1.5,73,24.7,5.0
1175,2026-08-06,IIT Guwahati,26.19,91.695,light rain,500,24.2,3.1,47,28.9,30.0
1176,2026-08-06,Guwahati Medical College,26.155,91.7,fog,741,22.7,3.7,83,0.0,45.0
1177,2026-08-06,Saraighat Bridge,26.1889,91.67,heavy rain,502,25.6,3.1,83,43.0,60.0
1178,2026-08-06,North Guwahati Ghat,26.198,91.69,fog,741,16.0,6.7,52,0.0,45.0
1179,2026-08-06,Amingaon,26.19,91.66,very heavy rain,503,33.6,3.4,49,0.0,60.0
1180,2026-08-06,Noonmati,26.178,91.806,light drizzle,300,18.3,1.7,94,41.9,20.0
1181,2026-08-06,Narengi,26.175,91.84,thunderstorm,200,36.7,3.3,62,22.2,80.0
1182,2026-08-06,Khanapara,26.118,91.818,light rain,500,39.6,0.6,61,41.0,30.0
1183,2026-08-06,Lokhra,26.105,91.735,overcast clouds,804,33.9,11.1,57,5.9,20.0
1184,2026-08-06,Deepor Beel Wildlife Sanctuary,26.12,91.65,moderate rain,501,33.3,2.3,58,51.6,30.0
1185,2026-08-06,Sualkuchi Silk Village,26.1667,91.5667,heavy rain,502,31.3,6.0,61,25.8,60.0
1186,2026-08-06,Hajo Pilgrimage Town,26.25,91.5167,heavy rain,502,28.0,4.2,76,45.2,60.0
1187,2026-08-06,Madan Kamdev Ruins,26.3667,91.6333,overcast clouds,804,19.0,0.9,87,6.9,10.0
1188,2026-08-06,Chandubi Lake,25.9333,91.4333,light rain,500,27.7,4.6,90,19.4,30.0
1189,2026-08-06,Accoland Water Park,26.09,91.59,fog,741,28.3,0.3,91,26.5,45.0
1190,2026-08-06,Pobitora Wildlife Sanctuary,26.2333,92.0833,moderate rain,501,40.4,1.7,97,19.3,30.0
1191,2026-08-06,Shillong,25.5788,91.8933,thunderstorm,200,32.3,6.2,67,7.4,80.0
1192,2026-08-06,Umiam Lake,25.657,91.889,few clouds,801,35.2,5.7,68,17.3,10.0
1193,2026-08-06,Cherrapunji (Sohra),25.2912,91.6783,moderate rain,501,27.5,4.7,74,19.4,30.0
1194,2026-08-06,Nohkalikai Falls,25.276,91.6857,overcast clouds,804,15.7,1.0,87,0.0,10.0
1195,2026-08-06,"Living Root Bridge, Nongriat",25.247,91.715,overcast clouds,804,18.0,1.4,85,7.2,10.0
1196,2026-08-06,Mawlynnong Village,25.2,91.9167,mist,701,25.0,0.3,47,24.2,45.0
1197,2026-08-06,Dawki / Umngot River,25.19,92.02,overcast clouds,804,21.4,2.7,76,0.0,10.0
1198,2026-08-06,Kaziranga National Park,26.5775,93.1711,heavy rain,502,15.1,6.9,96,18.1,60.0
1199,2026-08-06,Nameri National Park,26.92,92.88,moderate rain,501,28.0,4.3,48,0.0,30.0
1200,2026-08-06,Manas National Park,26.7,91.0,light rain,500,29.7,7.6,78,53.4,30.0
1201,2026-08-06,Tezpur,26.6338,92.8,moderate rain,501,18.8,0.8,54,17.0,30.0
1202,2026-08-06,Majuli River Island,26.95,94.17,few clouds,801,27.5,1.3,46,0.0,10.0
1203,2026-08-06,Jorhat,26.7509,94.2037,moderate rain,501,27.2,4.3,89,15.5,30.0
1204,2026-08-06,Sivasagar,26.9826,94.6425,heavy rain,502,35.7,3.1,51,0.0,60.0
1205,2026-08-06,Dibrugarh,27.4728,94.912,moderate rain,501,33.9,5.4,97,23.1,30.0
1206,2026-08-06,Digboi Oil Heritage,27.3931,95.6186,heavy rain,502,26.7,2.2,57,12.0,60.0
1207,2026-08-06,Haflong,25.1667,93.0167,light rain,500,14.9,6.7,88,7.6,30.0
1208,2026-08-06,Tawang Monastery,27.5861,91.8594,very heavy rain,503,23.8,4.4,95,11.7,60.0
1209,2026-08-06,Ziro Valley,27.5448,93.832,overcast clouds,804,28.9,5.3,49,28.0,10.0
1210,2026-08-06,Gangtok,27.3314,88.6138,light rain,500,25.9,4.6,73,0.0,30.0
1211,2026-08-06,Kohima,25.6751,94.1086,light drizzle,300,26.7,2.1,95,37.8,20.0
1212,2026-08-06,Dzukou Valley,25.5833,94.05,thunderstorm,200,33.7,0.1,45,20.8,80.0
1213,2026-08-06,Imphal,24.817,93.9368,clear sky,800,24.5,7.7,82,37.7,5.0
1214,2026-08-06,Loktak Lake,24.5333,93.8167,thunderstorm with heavy rain,202,29.1,1.5,58,0.0,80.0
1215,2026-08-06,Aizawl,23.7271,92.7176,overcast clouds,804,33.4,3.1,60,49.8,10.0
1216,2026-08-06,Agartala,23.8315,91.2868,few clouds,801,30.5,1.9,50,44.6,10.0
1217,2026-08-07,Kamakhya Temple,26.1664,91.7055,heavy rain,502,23.5,4.1,45,2.7,60.0
1218,2026-08-07,Umananda Island,26.1964,91.7453,haze,721,34.9,2.8,93,13.0,45.0
1219,2026-08-07,Navagraha Temple,26.1749,91.7789,haze,721,27.7,0.2,85,7.2,45.0
1220,2026-08-07,Basistha Temple,26.1132,91.797,overcast clouds,804,30.2,1.5,75,0.0,10.0
1221,2026-08-07,Guwahati Railway Station,26.1824,91.7513,moderate rain,501,37.5,7.1,48,5.4,30.0
1222,2026-08-07,LGB International Airport,26.1061,91.5859,moderate rain,501,23.4,1.6,93,57.0,30.0
1223,2026-08-07,Paltan Bazaar,26.1817,91.7503,moderate rain,501,29.0,4.3,79,37.7,30.0
1224,2026-08-07,Fancy Bazaar,26.1836,91.7434,moderate rain,501,35.9,8.2,91,53.4,30.0
1225,2026-08-07,Pan Bazaar,26.1856,91.7455,moderate rain,501,25.5,0.8,92,8.2,30.0
1226,2026-08-07,Uzan Bazar Ghat,26.19,91.759,thunderstorm,200,27.0,1.1,92,28.1,80.0
1227,2026-08-07,Brahmaputra Riverfront,26.1905,91.748,light rain,500,38.0,5.5,49,0.0,30.0
1228,2026-08-07,Dighalipukhuri,26.1861,91.7503,mist,701,35.0,4.1,74,63.3,45.0
1229,2026-08-07,Nehru Park,26.1857,91.7477,overcast clouds,804,31.9,1.2,57,0.0,10.0
1230,2026-08-07,Assam State Museum,26.1857,91.7481,overcast clouds,804,33.4,2.5,48,45.5,10.0
1231,2026-08-07,Assam State Zoo & Botanical Garden,26.178,91.786,light drizzle,300,31.6,6.1,71,28.9,20.0
1232,2026-08-07,Srimanta Sankaradeva Kalakshetra,26.144,91.8058,mist,701,21.0,5.9,85,0.0,45.0
1233,2026-08-07,Guwahati Planetarium,26.1856,91.7625,haze,721,24.3,6.8,80,24.5,45.0
1234,2026-08-07,"Gandhi Mandap, Sarania Hill",26.175,91.758,mist,701,11.5,2.5,82,23.6,45.0
1235,2026-08-07,Nilachal Ropeway Terminal,26.188,91.744,moderate rain,501,28.2,3.0,72,16.4,30.0
1236,2026-08-07,Dispur Secretariat,26.142,91.79,light rain,500,18.7,1.3,82,0.0,30.0
1237,2026-08-07,Ganeshguri Junction,26.147,91.79,fog,741,22.5,9.0,71,25.1,45.0
1238,2026-08-07,Six Mile,26.135,91.805,moderate rain,501,28.2,3.4,78,11.5,30.0
1239,2026-08-07,Beltola Bazaar,26.129,91.8,light rain,500,20.8,5.2,51,0.3,30.0
1240,2026-08-07,Zoo Road Tiniali,26.165,91.78,heavy rain,502,36.1,4.2,58,21.2,60.0
1241,2026-08-07,Chandmari,26.183,91.772,scattered clouds,802,34.9,2.3,50,55.0,10.0
1242,2026-08-07,Silpukhuri,26.188,91.766,overcast clouds,804,21.7,3.9,82,26.2,10.0
1243,2026-08-07,Bharalumukh,26.17,91.735,clear sky,800,30.4,1.5,90,0.0,5.0
1244,2026-08-07,Rehabari,26.175,91.748,light rain,500,21.1,6.5,85,25.9,30.0
1245,2026-08-07,Bhangagarh,26.15,91.77,few clouds,801,25.2,5.6,47,5.9,10.0
1246,2026-08-07,Hatigaon,26.136,91.788,very heavy rain,503,23.0,8.3,58,0.0,60.0
1247,2026-08-07,Kahilipara,26.133,91.762,thunderstorm,200,33.0,8.9,92,45.4,80.0
1248,2026-08-07,Maligaon,26.158,91.679,fog,741,26.9,2.0,69,24.1,45.0
1249,2026-08-07,Jalukbari,26.152,91.665,light rain,500,24.8,1.4,56,0.0,30.0
1250,2026-08-07,Gauhati University,26.152,91.665,heavy rain,502,28.4,0.3,66,4.5,60.0
1251,2026-08-07,IIT Guwahati,26.19,91.695,light drizzle,300,31.7,6.1,93,0.0,20.0
1252,2026-08-07,Guwahati Medical College,26.155,91.7,overcast clouds,804,27.9,0.2,67,0.1,10.0
1253,2026-08-07,Saraighat Bridge,26.1889,91.67,mist,701,27.9,0.4,48,39.2,45.0
1254,2026-08-07,North Guwahati Ghat,26.198,91.69,moderate rain,501,25.5,4.6,90,15.9,30.0
1255,2026-08-07,Amingaon,26.19,91.66,moderate rain,501,18.5,6.4,73,0.0,30.0
1256,2026-08-07,Noonmati,26.178,91.806,fog,741,32.3,0.2,49,0.0,45.0
1257,2026-08-07,Narengi,26.175,91.84,overcast clouds,804,26.6,4.5,70,34.5,10.0
1258,2026-08-07,Khanapara,26.118,91.818,haze,721,31.1,2.0,89,30.7,45.0
1259,2026-08-07,Lokhra,26.105,91.735,overcast clouds,804,30.7,4.7,85,43.7,10.0
1260,2026-08-07,Deepor Beel Wildlife Sanctuary,26.12,91.65,very heavy rain,503,33.2,3.9,71,6.2,60.0
1261,2026-08-07,Sualkuchi Silk Village,26.1667,91.5667,moderate rain,501,24.7,2.0,49,62.6,30.0
1262,2026-08-07,Hajo Pilgrimage Town,26.25,91.5167,thunderstorm with heavy rain,202,23.5,4.2,82,15.2,80.0
1263,2026-08-07,Madan Kamdev Ruins,26.3667,91.6333,light rain,500,24.5,1.9,82,2.5,30.0
1264,2026-08-07,Chandubi Lake,25.9333,91.4333,moderate rain,501,21.8,0.3,95,26.4,30.0
1265,2026-08-07,Accoland Water Park,26.09,91.59,light drizzle,300,24.5,4.0,68,60.1,20.0
1266,2026-08-07,Pobitora Wildlife Sanctuary,26.2333,92.0833,few clouds,801,24.7,2.6,55,40.0,10.0
1267,2026-08-07,Shillong,25.5788,91.8933,heavy rain,502,33.2,5.5,56,65.1,60.0
1268,2026-08-07,Umiam Lake,25.657,91.889,very heavy rain,503,26.6,2.5,60,5.5,60.0
1269,2026-08-07,Cherrapunji (Sohra),25.2912,91.6783,scattered clouds,802,27.7,7.4,73,17.0,10.0
1270,2026-08-07,Nohkalikai Falls,25.276,91.6857,heavy rain,502,32.3,5.4,67,22.7,60.0
1271,2026-08-07,"Living Root Bridge, Nongriat",25.247,91.715,overcast clouds,804,32.3,4.2,79,0.1,10.0
1272,2026-08-07,Mawlynnong Village,25.2,91.9167,light rain,500,25.2,9.9,74,18.1,30.0
1273,2026-08-07,Dawki / Umngot River,25.19,92.02,fog,741,39.0,7.9,79,40.2,45.0
1274,2026-08-07,Kaziranga National Park,26.5775,93.1711,very heavy rain,503,23.9,3.1,93,21.4,60.0
1275,2026-08-07,Nameri National Park,26.92,92.88,haze,721,26.7,2.0,81,10.4,45.0
1276,2026-08-07,Manas National Park,26.7,91.0,light rain,500,32.3,3.2,47,36.5,30.0
1277,2026-08-07,Tezpur,26.6338,92.8,scattered clouds,802,26.6,1.1,70,5.0,10.0
1278,2026-08-07,Majuli River Island,26.95,94.17,light rain,500,24.8,2.1,57,48.4,30.0
1279,2026-08-07,Jorhat,26.7509,94.2037,heavy rain,502,39.5,4.7,62,21.5,60.0
1280,2026-08-07,Sivasagar,26.9826,94.6425,mist,701,22.4,4.7,77,0.0,45.0
1281,2026-08-07,Dibrugarh,27.4728,94.912,light rain,500,28.4,0.6,77,69.2,30.0
1282,2026-08-07,Digboi Oil Heritage,27.3931,95.6186,light rain,500,33.9,1.2,68,57.3,30.0
1283,2026-08-07,Haflong,25.1667,93.0167,light rain,500,28.4,6.3,64,68.4,30.0
1284,2026-08-07,Tawang Monastery,27.5861,91.8594,scattered clouds,802,27.2,2.6,71,0.0,10.0
1285,2026-08-07,Ziro Valley,27.5448,93.832,thunderstorm with heavy rain,202,36.8,2.2,72,14.5,80.0
1286,2026-08-07,Gangtok,27.3314,88.6138,thunderstorm with heavy rain,202,25.7,0.4,64,10.0,80.0
1287,2026-08-07,Kohima,25.6751,94.1086,moderate rain,501,17.1,9.4,49,48.5,30.0
1288,2026-08-07,Dzukou Valley,25.5833,94.05,light rain,500,35.1,1.9,62,19.5,30.0
1289,2026-08-07,Imphal,24.817,93.9368,light rain,500,25.3,0.9,93,32.3,30.0
1290,2026-08-07,Loktak Lake,24.5333,93.8167,thunderstorm with heavy rain,202,26.6,2.5,97,46.1,80.0
1291,2026-08-07,Aizawl,23.7271,92.7176,thunderstorm with heavy rain,202,24.3,4.8,80,16.9,80.0
1292,2026-08-07,Agartala,23.8315,91.2868,thunderstorm with heavy rain,202,30.4,1.4,85,35.4,80.0
1293,2026-08-08,Kamakhya Temple,26.1664,91.7055,thunderstorm with heavy rain,202,29.3,0.8,63,0.0,80.0
1294,2026-08-08,Umananda Island,26.1964,91.7453,very heavy rain,503,28.1,5.2,62,30.6,60.0
1295,2026-08-08,Navagraha Temple,26.1749,91.7789,moderate rain,501,26.8,7.5,68,0.0,30.0
1296,2026-08-08,Basistha Temple,26.1132,91.797,mist,701,24.1,1.6,89,0.0,45.0
1297,2026-08-08,Guwahati Railway Station,26.1824,91.7513,thunderstorm with heavy rain,202,33.8,0.1,46,26.4,80.0
1298,2026-08-08,LGB International Airport,26.1061,91.5859,few clouds,801,23.6,2.0,53,64.5,10.0
1299,2026-08-08,Paltan Bazaar,26.1817,91.7503,light rain,500,29.5,6.2,85,38.0,30.0
1300,2026-08-08,Fancy Bazaar,26.1836,91.7434,light drizzle,300,16.5,2.0,77,7.1,20.0
1301,2026-08-08,Pan Bazaar,26.1856,91.7455,overcast clouds,804,21.9,0.0,83,18.5,10.0
1302,2026-08-08,Uzan Bazar Ghat,26.19,91.759,mist,701,31.5,0.3,64,0.0,45.0
1303,2026-08-08,Brahmaputra Riverfront,26.1905,91.748,light drizzle,300,23.5,2.6,79,0.0,20.0
1304,2026-08-08,Dighalipukhuri,26.1861,91.7503,clear sky,800,23.2,0.8,76,15.2,5.0
1305,2026-08-08,Nehru Park,26.1857,91.7477,light rain,500,26.6,5.1,58,28.0,30.0
1306,2026-08-08,Assam State Museum,26.1857,91.7481,overcast clouds,804,33.5,5.3,98,0.0,10.0
1307,2026-08-08,Assam State Zoo & Botanical Garden,26.178,91.786,haze,721,21.5,6.2,89,18.5,45.0
1308,2026-08-08,Srimanta Sankaradeva Kalakshetra,26.144,91.8058,moderate rain,501,36.2,2.0,46,39.3,30.0
1309,2026-08-08,Guwahati Planetarium,26.1856,91.7625,moderate rain,501,32.4,2.4,97,0.0,30.0
1310,2026-08-08,"Gandhi Mandap, Sarania Hill",26.175,91.758,moderate rain,501,31.0,6.7,64,15.1,30.0
1311,2026-08-08,Nilachal Ropeway Terminal,26.188,91.744,clear sky,800,24.7,4.3,89,29.2,5.0
1312,2026-08-08,Dispur Secretariat,26.142,91.79,scattered clouds,802,29.4,5.2,89,25.4,10.0
1313,2026-08-08,Ganeshguri Junction,26.147,91.79,thunderstorm,200,28.6,3.9,75,18.3,80.0
1314,2026-08-08,Six Mile,26.135,91.805,scattered clouds,802,29.6,2.6,48,0.0,10.0
1315,2026-08-08,Beltola Bazaar,26.129,91.8,moderate rain,501,27.2,4.2,64,0.0,30.0
1316,2026-08-08,Zoo Road Tiniali,26.165,91.78,thunderstorm,200,31.0,0.9,57,9.8,80.0
1317,2026-08-08,Chandmari,26.183,91.772,overcast clouds,804,29.8,2.7,92,74.9,10.0
1318,2026-08-08,Silpukhuri,26.188,91.766,light rain,500,31.1,0.9,91,42.9,30.0
1319,2026-08-08,Bharalumukh,26.17,91.735,heavy rain,502,27.9,2.4,97,14.3,60.0
1320,2026-08-08,Rehabari,26.175,91.748,overcast clouds,804,29.5,3.3,93,37.0,10.0
1321,2026-08-08,Bhangagarh,26.15,91.77,moderate rain,501,27.6,4.8,58,60.8,30.0
1322,2026-08-08,Hatigaon,26.136,91.788,moderate rain,501,27.0,0.7,88,2.8,30.0
1323,2026-08-08,Kahilipara,26.133,91.762,haze,721,32.2,4.7,69,0.0,45.0
1324,2026-08-08,Maligaon,26.158,91.679,light rain,500,28.3,5.2,74,0.0,30.0
1325,2026-08-08,Jalukbari,26.152,91.665,scattered clouds,802,34.4,6.8,90,8.5,10.0
1326,2026-08-08,Gauhati University,26.152,91.665,scattered clouds,802,23.1,8.2,74,19.0,10.0
1327,2026-08-08,IIT Guwahati,26.19,91.695,heavy rain,502,40.6,0.4,73,21.9,60.0
1328,2026-08-08,Guwahati Medical College,26.155,91.7,haze,721,19.1,6.5,98,39.6,45.0
1329,2026-08-08,Saraighat Bridge,26.1889,91.67,thunderstorm with heavy rain,202,26.2,6.2,45,47.1,80.0
1330,2026-08-08,North Guwahati Ghat,26.198,91.69,scattered clouds,802,21.2,3.5,50,31.9,10.0
1331,2026-08-08,Amingaon,26.19,91.66,scattered clouds,802,32.7,0.1,51,15.2,10.0
1332,2026-08-08,Noonmati,26.178,91.806,overcast clouds,804,25.8,2.8,57,30.6,10.0
1333,2026-08-08,Narengi,26.175,91.84,heavy rain,502,27.8,5.0,98,0.0,60.0
1334,2026-08-08,Khanapara,26.118,91.818,thunderstorm,200,28.7,5.1,93,0.0,80.0
1335,2026-08-08,Lokhra,26.105,91.735,thunderstorm with heavy rain,202,24.0,1.6,75,0.0,80.0
1336,2026-08-08,Deepor Beel Wildlife Sanctuary,26.12,91.65,haze,721,25.2,2.9,74,17.0,45.0
1337,2026-08-08,Sualkuchi Silk Village,26.1667,91.5667,scattered clouds,802,33.9,3.5,85,23.7,10.0
1338,2026-08-08,Hajo Pilgrimage Town,26.25,91.5167,thunderstorm,200,30.8,3.2,46,0.0,80.0
1339,2026-08-08,Madan Kamdev Ruins,26.3667,91.6333,haze,721,33.1,0.2,54,6.6,45.0
1340,2026-08-08,Chandubi Lake,25.9333,91.4333,thunderstorm,200,24.8,7.5,76,0.0,80.0
1341,2026-08-08,Accoland Water Park,26.09,91.59,thunderstorm with heavy rain,202,35.0,4.8,76,0.0,80.0
1342,2026-08-08,Pobitora Wildlife Sanctuary,26.2333,92.0833,thunderstorm with heavy rain,202,27.1,3.4,93,16.8,80.0
1343,2026-08-08,Shillong,25.5788,91.8933,few clouds,801,32.7,2.5,69,0.0,10.0
1344,2026-08-08,Umiam Lake,25.657,91.889,moderate rain,501,31.0,5.3,87,21.5,30.0
1345,2026-08-08,Cherrapunji (Sohra),25.2912,91.6783,mist,701,35.4,2.0,76,0.0,45.0
1346,2026-08-08,Nohkalikai Falls,25.276,91.6857,light rain,500,28.6,4.6,76,0.0,30.0
1347,2026-08-08,"Living Root Bridge, Nongriat",25.247,91.715,very heavy rain,503,22.0,2.0,75,4.5,60.0
1348,2026-08-08,Mawlynnong Village,25.2,91.9167,few clouds,801,27.4,2.8,69,51.3,10.0
1349,2026-08-08,Dawki / Umngot River,25.19,92.02,heavy rain,502,39.0,1.5,65,48.9,60.0
1350,2026-08-08,Kaziranga National Park,26.5775,93.1711,scattered clouds,802,21.9,5.0,82,51.9,10.0
1351,2026-08-08,Nameri National Park,26.92,92.88,clear sky,800,25.1,5.6,51,0.0,5.0
1352,2026-08-08,Manas National Park,26.7,91.0,light rain,500,31.5,7.6,60,24.5,30.0
1353,2026-08-08,Tezpur,26.6338,92.8,very heavy rain,503,22.0,2.0,49,26.4,60.0
1354,2026-08-08,Majuli River Island,26.95,94.17,overcast clouds,804,26.7,2.4,87,16.4,10.0
1355,2026-08-08,Jorhat,26.7509,94.2037,mist,701,23.5,2.4,62,45.9,45.0
1356,2026-08-08,Sivasagar,26.9826,94.6425,clear sky,800,25.4,3.9,65,47.7,5.0
1357,2026-08-08,Dibrugarh,27.4728,94.912,heavy rain,502,25.9,4.0,88,26.0,60.0
1358,2026-08-08,Digboi Oil Heritage,27.3931,95.6186,thunderstorm with heavy rain,202,26.5,6.9,64,4.9,80.0
1359,2026-08-08,Haflong,25.1667,93.0167,light rain,500,30.3,0.3,95,61.4,30.0
1360,2026-08-08,Tawang Monastery,27.5861,91.8594,overcast clouds,804,27.6,6.2,81,38.9,10.0
1361,2026-08-08,Ziro Valley,27.5448,93.832,light rain,500,36.1,4.2,50,11.4,30.0
1362,2026-08-08,Gangtok,27.3314,88.6138,heavy rain,502,27.1,0.4,78,50.0,60.0
1363,2026-08-08,Kohima,25.6751,94.1086,moderate rain,501,36.6,4.8,86,31.2,30.0
1364,2026-08-08,Dzukou Valley,25.5833,94.05,light drizzle,300,25.8,0.3,71,0.0,20.0
1365,2026-08-08,Imphal,24.817,93.9368,light rain,500,24.1,1.2,93,0.0,30.0
1366,2026-08-08,Loktak Lake,24.5333,93.8167,heavy rain,502,24.8,1.7,76,16.4,60.0
1367,2026-08-08,Aizawl,23.7271,92.7176,overcast clouds,804,26.1,8.3,74,14.0,10.0
1368,2026-08-08,Agartala,23.8315,91.2868,thunderstorm with heavy rain,202,34.6,7.7,81,0.0,80.0
1369,2026-08-09,Kamakhya Temple,26.1664,91.7055,thunderstorm,200,29.2,5.4,74,26.6,80.0
1370,2026-08-09,Umananda Island,26.1964,91.7453,very heavy rain,503,26.3,4.9,65,43.4,60.0
1371,2026-08-09,Navagraha Temple,26.1749,91.7789,mist,701,24.2,7.1,71,15.8,45.0
1372,2026-08-09,Basistha Temple,26.1132,91.797,overcast clouds,804,26.6,6.0,60,1.1,10.0
1373,2026-08-09,Guwahati Railway Station,26.1824,91.7513,scattered clouds,802,31.5,4.3,97,7.3,10.0
1374,2026-08-09,LGB International Airport,26.1061,91.5859,snow,601,18.4,6.7,57,43.6,50.0
1375,2026-08-09,Paltan Bazaar,26.1817,91.7503,overcast clouds,804,30.9,5.0,96,12.5,10.0
1376,2026-08-09,Fancy Bazaar,26.1836,91.7434,heavy rain,502,35.7,7.2,95,28.5,60.0
1377,2026-08-09,Pan Bazaar,26.1856,91.7455,clear sky,800,26.4,4.3,83,15.3,5.0
1378,2026-08-09,Uzan Bazar Ghat,26.19,91.759,haze,721,33.9,4.5,50,0.0,45.0
1379,2026-08-09,Brahmaputra Riverfront,26.1905,91.748,light rain,500,19.9,6.6,60,49.1,30.0
1380,2026-08-09,Dighalipukhuri,26.1861,91.7503,fog,741,18.7,6.7,94,11.5,45.0
1381,2026-08-09,Nehru Park,26.1857,91.7477,fog,741,38.4,3.4,60,0.0,45.0
1382,2026-08-09,Assam State Museum,26.1857,91.7481,light rain,500,32.0,0.5,96,0.0,30.0
1383,2026-08-09,Assam State Zoo & Botanical Garden,26.178,91.786,thunderstorm,200,33.2,3.8,54,31.6,80.0
1384,2026-08-09,Srimanta Sankaradeva Kalakshetra,26.144,91.8058,light drizzle,300,19.6,4.8,48,45.1,20.0
1385,2026-08-09,Guwahati Planetarium,26.1856,91.7625,moderate rain,501,36.6,1.7,65,0.0,30.0
1386,2026-08-09,"Gandhi Mandap, Sarania Hill",26.175,91.758,light drizzle,300,26.5,2.5,54,61.1,20.0
1387,2026-08-09,Nilachal Ropeway Terminal,26.188,91.744,light rain,500,18.9,2.3,46,0.0,30.0
1388,2026-08-09,Dispur Secretariat,26.142,91.79,few clouds,801,27.4,1.7,48,0.0,10.0
1389,2026-08-09,Ganeshguri Junction,26.147,91.79,very heavy rain,503,24.4,4.0,80,0.0,60.0
1390,2026-08-09,Six Mile,26.135,91.805,very heavy rain,503,34.2,6.3,79,0.0,60.0
1391,2026-08-09,Beltola Bazaar,26.129,91.8,mist,701,24.1,5.4,70,68.2,45.0
1392,2026-08-09,Zoo Road Tiniali,26.165,91.78,light drizzle,300,35.7,0.5,64,1.6,20.0
1393,2026-08-09,Chandmari,26.183,91.772,overcast clouds,804,20.9,8.7,85,0.0,10.0
1394,2026-08-09,Silpukhuri,26.188,91.766,heavy rain,502,29.0,8.5,50,0.0,60.0
1395,2026-08-09,Bharalumukh,26.17,91.735,thunderstorm with heavy rain,202,25.9,6.7,71,38.1,80.0
1396,2026-08-09,Rehabari,26.175,91.748,light rain,500,30.0,2.3,55,12.4,30.0
1397,2026-08-09,Bhangagarh,26.15,91.77,very heavy rain,503,27.8,0.7,83,13.9,60.0
1398,2026-08-09,Hatigaon,26.136,91.788,light rain,500,25.1,0.2,86,0.0,30.0
1399,2026-08-09,Kahilipara,26.133,91.762,heavy rain,502,21.5,0.1,53,34.7,60.0
1400,2026-08-09,Maligaon,26.158,91.679,light drizzle,300,25.8,3.5,60,12.4,20.0
1401,2026-08-09,Jalukbari,26.152,91.665,moderate rain,501,26.2,9.1,93,41.0,30.0
1402,2026-08-09,Gauhati University,26.152,91.665,light rain,500,33.1,6.4,92,7.8,30.0
1403,2026-08-09,IIT Guwahati,26.19,91.695,scattered clouds,802,33.9,5.4,65,23.1,10.0
1404,2026-08-09,Guwahati Medical College,26.155,91.7,light rain,500,32.2,1.6,98,64.5,30.0
1405,2026-08-09,Saraighat Bridge,26.1889,91.67,mist,701,40.0,4.7,80,0.0,45.0
1406,2026-08-09,North Guwahati Ghat,26.198,91.69,fog,741,31.3,0.1,89,15.3,45.0
1407,2026-08-09,Amingaon,26.19,91.66,mist,701,30.1,7.5,83,17.3,45.0
1408,2026-08-09,Noonmati,26.178,91.806,light rain,500,30.4,4.8,90,13.9,30.0
1409,2026-08-09,Narengi,26.175,91.84,moderate rain,501,16.6,4.5,97,12.2,30.0
1410,2026-08-09,Khanapara,26.118,91.818,thunderstorm,200,31.6,2.2,95,64.3,80.0
1411,2026-08-09,Lokhra,26.105,91.735,light drizzle,300,23.1,3.4,72,39.0,20.0
1412,2026-08-09,Deepor Beel Wildlife Sanctuary,26.12,91.65,snow,601,26.5,0.3,71,54.8,50.0
1413,2026-08-09,Sualkuchi Silk Village,26.1667,91.5667,overcast clouds,804,26.8,3.7,61,20.5,10.0
1414,2026-08-09,Hajo Pilgrimage Town,26.25,91.5167,light drizzle,300,21.7,6.8,50,0.0,20.0
1415,2026-08-09,Madan Kamdev Ruins,26.3667,91.6333,clear sky,800,31.3,5.3,89,4.2,5.0
1416,2026-08-09,Chandubi Lake,25.9333,91.4333,light rain,500,22.0,4.7,49,33.6,30.0
1417,2026-08-09,Accoland Water Park,26.09,91.59,scattered clouds,802,29.6,6.0,60,0.0,10.0
1418,2026-08-09,Pobitora Wildlife Sanctuary,26.2333,92.0833,heavy rain,502,23.7,4.0,90,0.0,60.0
1419,2026-08-09,Shillong,25.5788,91.8933,thunderstorm,200,29.1,5.7,84,0.0,80.0
1420,2026-08-09,Umiam Lake,25.657,91.889,very heavy rain,503,35.1,9.1,47,57.0,60.0
1421,2026-08-09,Cherrapunji (Sohra),25.2912,91.6783,heavy rain,502,33.9,3.3,66,27.6,60.0
1422,2026-08-09,Nohkalikai Falls,25.276,91.6857,light rain,500,25.3,2.4,52,15.4,30.0
1423,2026-08-09,"Living Root Bridge, Nongriat",25.247,91.715,light rain,500,27.2,7.0,98,13.4,30.0
1424,2026-08-09,Mawlynnong Village,25.2,91.9167,light rain,500,31.2,6.3,98,6.8,30.0
1425,2026-08-09,Dawki / Umngot River,25.19,92.02,thunderstorm,200,32.3,3.3,55,0.0,80.0
1426,2026-08-09,Kaziranga National Park,26.5775,93.1711,thunderstorm,200,33.7,12.4,87,57.8,90.0
1427,2026-08-09,Nameri National Park,26.92,92.88,heavy rain,502,29.2,1.7,48,18.9,60.0
1428,2026-08-09,Manas National Park,26.7,91.0,light drizzle,300,26.5,4.3,76,0.0,20.0
1429,2026-08-09,Tezpur,26.6338,92.8,few clouds,801,34.2,0.6,76,6.2,10.0
1430,2026-08-09,Majuli River Island,26.95,94.17,thunderstorm,200,30.8,3.9,58,36.6,80.0
1431,2026-08-09,Jorhat,26.7509,94.2037,mist,701,30.8,4.3,77,32.2,45.0
1432,2026-08-09,Sivasagar,26.9826,94.6425,very heavy rain,503,32.1,0.0,45,103.7,60.0
1433,2026-08-09,Dibrugarh,27.4728,94.912,moderate rain,501,25.8,0.7,49,18.7,30.0
1434,2026-08-09,Digboi Oil Heritage,27.3931,95.6186,scattered clouds,802,26.1,7.0,88,36.0,10.0
1435,2026-08-09,Haflong,25.1667,93.0167,scattered clouds,802,36.2,1.3,51,25.5,10.0
1436,2026-08-09,Tawang Monastery,27.5861,91.8594,scattered clouds,802,31.6,2.0,74,0.0,10.0
1437,2026-08-09,Ziro Valley,27.5448,93.832,heavy rain,502,35.3,3.0,66,53.9,60.0
1438,2026-08-09,Gangtok,27.3314,88.6138,haze,721,24.3,2.7,91,54.1,45.0
1439,2026-08-09,Kohima,25.6751,94.1086,fog,741,25.5,4.0,48,24.5,45.0
1440,2026-08-09,Dzukou Valley,25.5833,94.05,thunderstorm with heavy rain,202,27.8,1.2,83,0.0,80.0
1441,2026-08-09,Imphal,24.817,93.9368,light rain,500,29.9,2.0,94,25.2,30.0
1442,2026-08-09,Loktak Lake,24.5333,93.8167,mist,701,32.5,2.5,63,55.1,45.0
1443,2026-08-09,Aizawl,23.7271,92.7176,very heavy rain,503,27.2,5.2,64,0.0,60.0
1444,2026-08-09,Agartala,23.8315,91.2868,thunderstorm with heavy rain,202,25.2,3.7,53,53.3,80.0
1445,2026-08-10,Kamakhya Temple,26.1664,91.7055,light rain,500,30.7,5.9,57,0.0,30.0
1446,2026-08-10,Umananda Island,26.1964,91.7453,moderate rain,501,23.2,3.9,93,7.9,30.0
1447,2026-08-10,Navagraha Temple,26.1749,91.7789,light rain,500,30.4,2.2,85,11.6,30.0
1448,2026-08-10,Basistha Temple,26.1132,91.797,light rain,500,24.5,3.9,88,22.0,30.0
1449,2026-08-10,Guwahati Railway Station,26.1824,91.7513,thunderstorm,200,25.4,6.8,86,0.0,80.0
1450,2026-08-10,LGB International Airport,26.1061,91.5859,moderate rain,501,32.8,3.1,54,2.3,30.0
1451,2026-08-10,Paltan Bazaar,26.1817,91.7503,haze,721,24.1,2.5,60,0.0,45.0
1452,2026-08-10,Fancy Bazaar,26.1836,91.7434,few clouds,801,29.3,3.1,51,21.5,10.0
1453,2026-08-10,Pan Bazaar,26.1856,91.7455,moderate rain,501,30.9,0.6,91,0.6,30.0
1454,2026-08-10,Uzan Bazar Ghat,26.19,91.759,light drizzle,300,33.2,2.5,52,32.5,20.0
1455,2026-08-10,Brahmaputra Riverfront,26.1905,91.748,thunderstorm,200,30.0,1.6,98,9.8,80.0
1456,2026-08-10,Dighalipukhuri,26.1861,91.7503,mist,701,26.0,4.3,74,49.8,45.0
1457,2026-08-10,Nehru Park,26.1857,91.7477,thunderstorm,200,30.8,1.7,66,67.5,80.0
1458,2026-08-10,Assam State Museum,26.1857,91.7481,overcast clouds,804,31.3,2.2,83,56.0,10.0
1459,2026-08-10,Assam State Zoo & Botanical Garden,26.178,91.786,light drizzle,300,23.3,2.0,46,30.4,20.0
1460,2026-08-10,Srimanta Sankaradeva Kalakshetra,26.144,91.8058,overcast clouds,804,20.4,3.6,87,23.5,10.0
1461,2026-08-10,Guwahati Planetarium,26.1856,91.7625,haze,721,24.6,0.7,84,31.4,45.0
1462,2026-08-10,"Gandhi Mandap, Sarania Hill",26.175,91.758,very heavy rain,503,35.3,0.3,96,9.4,60.0
1463,2026-08-10,Nilachal Ropeway Terminal,26.188,91.744,light drizzle,300,28.6,3.9,52,33.5,20.0
1464,2026-08-10,Dispur Secretariat,26.142,91.79,overcast clouds,804,33.6,0.7,54,22.8,10.0
1465,2026-08-10,Ganeshguri Junction,26.147,91.79,very heavy rain,503,30.8,0.4,95,7.7,60.0
1466,2026-08-10,Six Mile,26.135,91.805,thunderstorm,200,31.1,3.2,52,39.0,80.0
1467,2026-08-10,Beltola Bazaar,26.129,91.8,overcast clouds,804,34.4,6.2,76,0.0,10.0
1468,2026-08-10,Zoo Road Tiniali,26.165,91.78,heavy rain,502,30.0,4.6,98,48.9,60.0
1469,2026-08-10,Chandmari,26.183,91.772,light rain,500,30.0,2.8,90,0.0,30.0
1470,2026-08-10,Silpukhuri,26.188,91.766,moderate rain,501,20.9,4.8,63,0.0,30.0
1471,2026-08-10,Bharalumukh,26.17,91.735,few clouds,801,31.5,0.6,91,0.0,10.0
1472,2026-08-10,Rehabari,26.175,91.748,thunderstorm with heavy rain,202,20.1,0.6,78,21.0,80.0
1473,2026-08-10,Bhangagarh,26.15,91.77,clear sky,800,25.1,0.1,62,38.3,5.0
1474,2026-08-10,Hatigaon,26.136,91.788,moderate rain,501,16.2,1.6,67,19.9,30.0
1475,2026-08-10,Kahilipara,26.133,91.762,moderate rain,501,29.2,1.9,91,26.2,30.0
1476,2026-08-10,Maligaon,26.158,91.679,light drizzle,300,30.1,6.1,66,71.8,20.0
1477,2026-08-10,Jalukbari,26.152,91.665,fog,741,21.7,6.4,74,32.2,45.0
1478,2026-08-10,Gauhati University,26.152,91.665,thunderstorm,200,37.2,5.3,88,6.2,80.0
1479,2026-08-10,IIT Guwahati,26.19,91.695,very heavy rain,503,32.4,1.3,55,3.3,60.0
1480,2026-08-10,Guwahati Medical College,26.155,91.7,thunderstorm,200,26.7,1.8,57,6.6,80.0
1481,2026-08-10,Saraighat Bridge,26.1889,91.67,overcast clouds,804,28.4,1.8,76,12.3,10.0
1482,2026-08-10,North Guwahati Ghat,26.198,91.69,few clouds,801,38.2,5.4,67,23.9,10.0
1483,2026-08-10,Amingaon,26.19,91.66,very heavy rain,503,36.8,6.2,77,26.9,60.0
1484,2026-08-10,Noonmati,26.178,91.806,light rain,500,26.1,3.7,59,9.5,30.0
1485,2026-08-10,Narengi,26.175,91.84,moderate rain,501,27.7,8.8,94,67.1,30.0
1486,2026-08-10,Khanapara,26.118,91.818,light drizzle,300,32.5,5.3,77,49.1,20.0
1487,2026-08-10,Lokhra,26.105,91.735,heavy rain,502,29.0,4.3,73,37.4,60.0
1488,2026-08-10,Deepor Beel Wildlife Sanctuary,26.12,91.65,thunderstorm,200,36.6,3.8,84,11.1,80.0
1489,2026-08-10,Sualkuchi Silk Village,26.1667,91.5667,thunderstorm,200,25.0,8.8,47,2.9,80.0
1490,2026-08-10,Hajo Pilgrimage Town,26.25,91.5167,scattered clouds,802,29.3,3.4,91,40.8,10.0
1491,2026-08-10,Madan Kamdev Ruins,26.3667,91.6333,light drizzle,300,30.1,0.2,91,27.9,20.0
1492,2026-08-10,Chandubi Lake,25.9333,91.4333,light rain,500,29.1,2.2,57,6.4,30.0
1493,2026-08-10,Accoland Water Park,26.09,91.59,moderate rain,501,32.3,0.9,60,32.4,30.0
1494,2026-08-10,Pobitora Wildlife Sanctuary,26.2333,92.0833,light drizzle,300,29.9,0.6,90,35.3,20.0
1495,2026-08-10,Shillong,25.5788,91.8933,thunderstorm,200,33.7,0.7,54,18.6,80.0
1496,2026-08-10,Umiam Lake,25.657,91.889,thunderstorm,200,31.4,0.2,71,38.2,80.0
1497,2026-08-10,Cherrapunji (Sohra),25.2912,91.6783,mist,701,26.2,7.0,88,14.0,45.0
1498,2026-08-10,Nohkalikai Falls,25.276,91.6857,overcast clouds,804,37.0,4.1,49,20.8,10.0
1499,2026-08-10,"Living Root Bridge, Nongriat",25.247,91.715,scattered clouds,802,41.0,0.1,55,0.0,10.0
1500,2026-08-10,Mawlynnong Village,25.2,91.9167,few clouds,801,30.5,4.7,81,11.3,10.0
1501,2026-08-10,Dawki / Umngot River,25.19,92.02,few clouds,801,22.2,0.3,87,65.7,10.0
1502,2026-08-10,Kaziranga National Park,26.5775,93.1711,light rain,500,33.9,2.2,64,0.0,30.0
1503,2026-08-10,Nameri National Park,26.92,92.88,thunderstorm,200,32.2,2.4,97,12.3,80.0
1504,2026-08-10,Manas National Park,26.7,91.0,fog,741,26.3,7.1,58,0.0,45.0
1505,2026-08-10,Tezpur,26.6338,92.8,mist,701,23.1,0.5,73,1.1,45.0
1506,2026-08-10,Majuli River Island,26.95,94.17,thunderstorm,200,25.3,2.4,64,27.4,80.0
1507,2026-08-10,Jorhat,26.7509,94.2037,scattered clouds,802,26.8,0.6,91,17.2,10.0
1508,2026-08-10,Sivasagar,26.9826,94.6425,snow,601,27.5,1.9,80,28.8,50.0
1509,2026-08-10,Dibrugarh,27.4728,94.912,light drizzle,300,34.0,1.2,46,61.9,20.0
1510,2026-08-10,Digboi Oil Heritage,27.3931,95.6186,heavy rain,502,28.5,4.4,91,61.1,60.0
1511,2026-08-10,Haflong,25.1667,93.0167,light rain,500,27.7,1.4,98,0.0,30.0
1512,2026-08-10,Tawang Monastery,27.5861,91.8594,light rain,500,34.9,6.5,52,28.7,30.0
1513,2026-08-10,Ziro Valley,27.5448,93.832,moderate rain,501,27.8,3.2,66,63.0,30.0
1514,2026-08-10,Gangtok,27.3314,88.6138,haze,721,18.3,2.9,85,0.0,45.0
1515,2026-08-10,Kohima,25.6751,94.1086,very heavy rain,503,25.0,4.7,64,8.6,60.0
1516,2026-08-10,Dzukou Valley,25.5833,94.05,thunderstorm,200,24.3,8.6,78,0.0,80.0
1517,2026-08-10,Imphal,24.817,93.9368,thunderstorm,200,31.7,6.4,57,28.5,80.0
1518,2026-08-10,Loktak Lake,24.5333,93.8167,scattered clouds,802,25.8,1.0,50,0.0,10.0
1519,2026-08-10,Aizawl,23.7271,92.7176,scattered clouds,802,29.2,2.1,58,0.0,10.0
1520,2026-08-10,Agartala,23.8315,91.2868,moderate rain,501,22.9,4.5,70,2.1,30.0
1521,2026-08-11,Kamakhya Temple,26.1664,91.7055,mist,701,24.4,0.2,73,0.0,45.0
1522,2026-08-11,Umananda Island,26.1964,91.7453,thunderstorm,200,25.4,3.3,77,25.4,80.0
1523,2026-08-11,Navagraha Temple,26.1749,91.7789,scattered clouds,802,25.4,3.1,90,0.0,10.0
1524,2026-08-11,Basistha Temple,26.1132,91.797,very heavy rain,503,26.8,3.2,55,19.8,60.0
1525,2026-08-11,Guwahati Railway Station,26.1824,91.7513,fog,741,37.0,1.5,83,25.2,45.0
1526,2026-08-11,LGB International Airport,26.1061,91.5859,light rain,500,26.5,2.3,52,47.5,30.0
1527,2026-08-11,Paltan Bazaar,26.1817,91.7503,light rain,500,27.8,6.0,76,31.7,30.0
1528,2026-08-11,Fancy Bazaar,26.1836,91.7434,thunderstorm,200,17.6,3.8,64,45.7,80.0
1529,2026-08-11,Pan Bazaar,26.1856,91.7455,mist,701,37.0,4.7,76,49.5,45.0
1530,2026-08-11,Uzan Bazar Ghat,26.19,91.759,few clouds,801,33.5,3.5,64,25.9,10.0
1531,2026-08-11,Brahmaputra Riverfront,26.1905,91.748,heavy rain,502,22.9,7.7,75,42.0,60.0
1532,2026-08-11,Dighalipukhuri,26.1861,91.7503,scattered clouds,802,32.6,1.4,93,45.2,10.0
1533,2026-08-11,Nehru Park,26.1857,91.7477,moderate rain,501,31.2,2.2,65,47.6,30.0
1534,2026-08-11,Assam State Museum,26.1857,91.7481,heavy rain,502,19.8,5.7,66,52.9,60.0
1535,2026-08-11,Assam State Zoo & Botanical Garden,26.178,91.786,moderate rain,501,25.3,9.6,92,16.2,30.0
1536,2026-08-11,Srimanta Sankaradeva Kalakshetra,26.144,91.8058,overcast clouds,804,35.0,4.8,94,23.5,10.0
1537,2026-08-11,Guwahati Planetarium,26.1856,91.7625,thunderstorm,200,27.0,2.1,80,71.6,80.0
1538,2026-08-11,"Gandhi Mandap, Sarania Hill",26.175,91.758,moderate rain,501,28.6,7.3,78,0.0,30.0
1539,2026-08-11,Nilachal Ropeway Terminal,26.188,91.744,overcast clouds,804,29.6,2.8,52,1.2,10.0
1540,2026-08-11,Dispur Secretariat,26.142,91.79,haze,721,27.5,0.4,98,34.8,45.0
1541,2026-08-11,Ganeshguri Junction,26.147,91.79,very heavy rain,503,24.5,6.0,96,0.0,60.0
1542,2026-08-11,Six Mile,26.135,91.805,heavy rain,502,16.4,2.9,66,21.1,60.0
1543,2026-08-11,Beltola Bazaar,26.129,91.8,moderate rain,501,33.0,1.6,65,9.9,30.0
1544,2026-08-11,Zoo Road Tiniali,26.165,91.78,haze,721,24.0,4.4,56,12.7,45.0
1545,2026-08-11,Chandmari,26.183,91.772,light drizzle,300,30.3,5.7,71,14.2,20.0
1546,2026-08-11,Silpukhuri,26.188,91.766,haze,721,31.3,2.6,64,53.9,45.0
1547,2026-08-11,Bharalumukh,26.17,91.735,light rain,500,32.7,2.2,65,15.0,30.0
1548,2026-08-11,Rehabari,26.175,91.748,fog,741,31.5,10.6,83,23.9,55.0
1549,2026-08-11,Bhangagarh,26.15,91.77,heavy rain,502,28.4,1.5,69,36.8,60.0
1550,2026-08-11,Hatigaon,26.136,91.788,light rain,500,26.3,2.8,46,15.0,30.0
1551,2026-08-11,Kahilipara,26.133,91.762,light rain,500,38.4,4.1,62,0.0,30.0
1552,2026-08-11,Maligaon,26.158,91.679,scattered clouds,802,28.6,2.2,53,0.0,10.0
1553,2026-08-11,Jalukbari,26.152,91.665,light drizzle,300,29.2,2.5,85,0.0,20.0
1554,2026-08-11,Gauhati University,26.152,91.665,overcast clouds,804,25.1,3.5,60,14.2,10.0
1555,2026-08-11,IIT Guwahati,26.19,91.695,moderate rain,501,33.1,2.4,73,62.2,30.0
1556,2026-08-11,Guwahati Medical College,26.155,91.7,haze,721,22.7,4.9,55,0.0,45.0
1557,2026-08-11,Saraighat Bridge,26.1889,91.67,clear sky,800,25.7,6.6,83,17.8,5.0
1558,2026-08-11,North Guwahati Ghat,26.198,91.69,snow,601,29.9,8.0,98,3.5,50.0
1559,2026-08-11,Amingaon,26.19,91.66,moderate rain,501,30.3,8.2,81,27.8,30.0
1560,2026-08-11,Noonmati,26.178,91.806,very heavy rain,503,31.9,4.1,62,0.0,60.0
1561,2026-08-11,Narengi,26.175,91.84,mist,701,33.7,4.4,96,2.3,45.0
1562,2026-08-11,Khanapara,26.118,91.818,light rain,500,27.4,7.6,73,59.7,30.0
1563,2026-08-11,Lokhra,26.105,91.735,light drizzle,300,24.2,2.1,58,0.0,20.0
1564,2026-08-11,Deepor Beel Wildlife Sanctuary,26.12,91.65,clear sky,800,25.4,4.5,45,0.0,5.0
1565,2026-08-11,Sualkuchi Silk Village,26.1667,91.5667,heavy rain,502,28.0,3.9,56,0.0,60.0
1566,2026-08-11,Hajo Pilgrimage Town,26.25,91.5167,very heavy rain,503,28.5,6.8,95,0.0,60.0
1567,2026-08-11,Madan Kamdev Ruins,26.3667,91.6333,mist,701,22.9,1.3,98,28.9,45.0
1568,2026-08-11,Chandubi Lake,25.9333,91.4333,scattered clouds,802,32.8,0.5,83,13.8,10.0
1569,2026-08-11,Accoland Water Park,26.09,91.59,light rain,500,35.7,5.8,89,30.8,30.0
1570,2026-08-11,Pobitora Wildlife Sanctuary,26.2333,92.0833,light rain,500,28.2,3.3,92,21.2,30.0
1571,2026-08-11,Shillong,25.5788,91.8933,clear sky,800,39.1,2.2,67,34.5,5.0
1572,2026-08-11,Umiam Lake,25.657,91.889,heavy rain,502,29.3,8.7,76,1.5,60.0
1573,2026-08-11,Cherrapunji (Sohra),25.2912,91.6783,haze,721,29.3,6.9,90,13.4,45.0
1574,2026-08-11,Nohkalikai Falls,25.276,91.6857,overcast clouds,804,30.2,1.5,62,0.0,10.0
1575,2026-08-11,"Living Root Bridge, Nongriat",25.247,91.715,heavy rain,502,28.2,0.3,87,15.4,60.0
1576,2026-08-11,Mawlynnong Village,25.2,91.9167,heavy rain,502,31.0,1.0,92,47.7,60.0
1577,2026-08-11,Dawki / Umngot River,25.19,92.02,few clouds,801,34.5,3.3,59,47.6,10.0
1578,2026-08-11,Kaziranga National Park,26.5775,93.1711,light drizzle,300,28.6,0.2,89,13.6,20.0
1579,2026-08-11,Nameri National Park,26.92,92.88,very heavy rain,503,23.0,0.1,74,44.4,60.0
1580,2026-08-11,Manas National Park,26.7,91.0,very heavy rain,503,22.2,3.5,65,0.0,60.0
1581,2026-08-11,Tezpur,26.6338,92.8,light rain,500,27.9,5.9,88,0.0,30.0
1582,2026-08-11,Majuli River Island,26.95,94.17,moderate rain,501,35.7,3.1,48,28.8,30.0
1583,2026-08-11,Jorhat,26.7509,94.2037,light drizzle,300,30.6,0.6,45,0.4,20.0
1584,2026-08-11,Sivasagar,26.9826,94.6425,mist,701,33.4,5.2,59,0.0,45.0
1585,2026-08-11,Dibrugarh,27.4728,94.912,haze,721,28.9,2.5,60,25.3,45.0
1586,2026-08-11,Digboi Oil Heritage,27.3931,95.6186,few clouds,801,27.2,6.0,72,13.8,10.0
1587,2026-08-11,Haflong,25.1667,93.0167,thunderstorm with heavy rain,202,24.1,0.0,66,28.1,80.0
1588,2026-08-11,Tawang Monastery,27.5861,91.8594,moderate rain,501,37.1,1.6,97,5.9,30.0
1589,2026-08-11,Ziro Valley,27.5448,93.832,light rain,500,16.5,5.5,94,0.0,30.0
1590,2026-08-11,Gangtok,27.3314,88.6138,scattered clouds,802,25.6,1.6,48,22.3,10.0
1591,2026-08-11,Kohima,25.6751,94.1086,fog,741,35.3,1.0,89,30.0,45.0
1592,2026-08-11,Dzukou Valley,25.5833,94.05,fog,741,24.0,4.1,85,25.6,45.0
1593,2026-08-11,Imphal,24.817,93.9368,light rain,500,29.0,4.3,48,11.2,30.0
1594,2026-08-11,Loktak Lake,24.5333,93.8167,scattered clouds,802,28.0,6.3,83,0.0,10.0
1595,2026-08-11,Aizawl,23.7271,92.7176,thunderstorm,200,24.1,1.2,74,32.4,80.0
1596,2026-08-11,Agartala,23.8315,91.2868,heavy rain,502,21.7,2.4,95,67.8,60.0
1597,2026-08-12,Kamakhya Temple,26.1664,91.7055,clear sky,800,27.3,0.5,51,44.9,5.0
1598,2026-08-12,Umananda Island,26.1964,91.7453,few clouds,801,28.8,5.9,81,2.1,10.0
1599,2026-08-12,Navagraha Temple,26.1749,91.7789,scattered clouds,802,27.7,0.7,75,13.7,10.0
1600,2026-08-12,Basistha Temple,26.1132,91.797,light drizzle,300,28.5,0.3,64,9.6,20.0
1601,2026-08-12,Guwahati Railway Station,26.1824,91.7513,heavy rain,502,27.4,0.8,67,0.0,60.0
1602,2026-08-12,LGB International Airport,26.1061,91.5859,thunderstorm,200,30.6,9.3,66,35.2,80.0
1603,2026-08-12,Paltan Bazaar,26.1817,91.7503,light drizzle,300,26.9,7.1,87,14.3,20.0
1604,2026-08-12,Fancy Bazaar,26.1836,91.7434,moderate rain,501,33.0,2.6,72,0.0,30.0
1605,2026-08-12,Pan Bazaar,26.1856,91.7455,light rain,500,26.9,7.7,57,23.0,30.0
1606,2026-08-12,Uzan Bazar Ghat,26.19,91.759,very heavy rain,503,23.2,0.8,83,0.0,60.0
1607,2026-08-12,Brahmaputra Riverfront,26.1905,91.748,very heavy rain,503,22.8,5.8,66,0.0,60.0
1608,2026-08-12,Dighalipukhuri,26.1861,91.7503,overcast clouds,804,19.5,1.4,47,30.5,10.0
1609,2026-08-12,Nehru Park,26.1857,91.7477,moderate rain,501,24.6,7.3,89,22.3,30.0
1610,2026-08-12,Assam State Museum,26.1857,91.7481,light drizzle,300,26.8,7.7,66,0.0,20.0
1611,2026-08-12,Assam State Zoo & Botanical Garden,26.178,91.786,thunderstorm with heavy rain,202,31.6,1.3,97,41.7,80.0
1612,2026-08-12,Srimanta Sankaradeva Kalakshetra,26.144,91.8058,few clouds,801,30.4,3.3,63,20.3,10.0
1613,2026-08-12,Guwahati Planetarium,26.1856,91.7625,moderate rain,501,19.9,1.0,68,23.9,30.0
1614,2026-08-12,"Gandhi Mandap, Sarania Hill",26.175,91.758,overcast clouds,804,32.8,3.7,91,64.2,10.0
1615,2026-08-12,Nilachal Ropeway Terminal,26.188,91.744,overcast clouds,804,24.9,4.8,57,65.7,10.0
1616,2026-08-12,Dispur Secretariat,26.142,91.79,fog,741,35.5,4.3,69,22.9,45.0
1617,2026-08-12,Ganeshguri Junction,26.147,91.79,very heavy rain,503,25.0,5.5,58,11.7,60.0
1618,2026-08-12,Six Mile,26.135,91.805,thunderstorm with heavy rain,202,21.7,5.6,96,0.0,80.0
1619,2026-08-12,Beltola Bazaar,26.129,91.8,snow,601,21.1,8.0,49,56.1,50.0
1620,2026-08-12,Zoo Road Tiniali,26.165,91.78,scattered clouds,802,30.3,7.7,89,46.6,10.0
1621,2026-08-12,Chandmari,26.183,91.772,light rain,500,20.0,3.2,60,55.3,30.0
1622,2026-08-12,Silpukhuri,26.188,91.766,heavy rain,502,30.5,1.1,54,1.5,60.0
1623,2026-08-12,Bharalumukh,26.17,91.735,light rain,500,30.9,8.5,53,57.1,30.0
1624,2026-08-12,Rehabari,26.175,91.748,mist,701,28.5,2.8,75,28.0,45.0
1625,2026-08-12,Bhangagarh,26.15,91.77,thunderstorm with heavy rain,202,26.0,2.1,69,18.3,80.0
1626,2026-08-12,Hatigaon,26.136,91.788,moderate rain,501,22.4,0.8,65,18.2,30.0
1627,2026-08-12,Kahilipara,26.133,91.762,thunderstorm,200,27.1,0.1,76,0.0,80.0
1628,2026-08-12,Maligaon,26.158,91.679,heavy rain,502,29.8,4.1,58,0.0,60.0
1629,2026-08-12,Jalukbari,26.152,91.665,overcast clouds,804,37.5,5.2,70,23.2,10.0
1630,2026-08-12,Gauhati University,26.152,91.665,light rain,500,33.3,6.6,61,58.1,30.0
1631,2026-08-12,IIT Guwahati,26.19,91.695,moderate rain,501,29.6,4.3,73,0.0,30.0
1632,2026-08-12,Guwahati Medical College,26.155,91.7,few clouds,801,23.5,3.2,73,16.3,10.0
1633,2026-08-12,Saraighat Bridge,26.1889,91.67,moderate rain,501,32.9,1.1,65,17.2,30.0
1634,2026-08-12,North Guwahati Ghat,26.198,91.69,moderate rain,501,27.8,4.2,50,27.9,30.0
1635,2026-08-12,Amingaon,26.19,91.66,light drizzle,300,27.9,0.3,50,30.8,20.0
1636,2026-08-12,Noonmati,26.178,91.806,scattered clouds,802,29.3,3.2,57,21.0,10.0
1637,2026-08-12,Narengi,26.175,91.84,light rain,500,24.6,2.5,92,33.2,30.0
1638,2026-08-12,Khanapara,26.118,91.818,light drizzle,300,23.2,0.7,93,0.0,20.0
1639,2026-08-12,Lokhra,26.105,91.735,thunderstorm,200,27.0,1.3,94,3.8,80.0
1640,2026-08-12,Deepor Beel Wildlife Sanctuary,26.12,91.65,thunderstorm,200,23.8,8.8,82,32.5,80.0
1641,2026-08-12,Sualkuchi Silk Village,26.1667,91.5667,thunderstorm,200,28.5,7.9,93,65.8,80.0
1642,2026-08-12,Hajo Pilgrimage Town,26.25,91.5167,light drizzle,300,27.4,1.7,59,1.1,20.0
1643,2026-08-12,Madan Kamdev Ruins,26.3667,91.6333,moderate rain,501,19.8,4.6,91,27.0,30.0
1644,2026-08-12,Chandubi Lake,25.9333,91.4333,scattered clouds,802,31.0,1.0,89,0.0,10.0
1645,2026-08-12,Accoland Water Park,26.09,91.59,light rain,500,31.7,1.9,46,0.0,30.0
1646,2026-08-12,Pobitora Wildlife Sanctuary,26.2333,92.0833,scattered clouds,802,28.7,6.3,96,16.8,10.0
1647,2026-08-12,Shillong,25.5788,91.8933,very heavy rain,503,30.8,2.2,72,8.0,60.0
1648,2026-08-12,Umiam Lake,25.657,91.889,thunderstorm,200,23.7,0.7,46,12.8,80.0
1649,2026-08-12,Cherrapunji (Sohra),25.2912,91.6783,heavy rain,502,28.6,5.1,66,0.0,60.0
1650,2026-08-12,Nohkalikai Falls,25.276,91.6857,fog,741,23.5,1.3,69,6.9,45.0
1651,2026-08-12,"Living Root Bridge, Nongriat",25.247,91.715,overcast clouds,804,31.9,0.6,57,0.0,10.0
1652,2026-08-12,Mawlynnong Village,25.2,91.9167,haze,721,25.3,3.9,55,1.7,45.0
1653,2026-08-12,Dawki / Umngot River,25.19,92.02,scattered clouds,802,27.6,2.8,89,13.4,10.0
1654,2026-08-12,Kaziranga National Park,26.5775,93.1711,overcast clouds,804,32.2,3.1,58,4.9,10.0
1655,2026-08-12,Nameri National Park,26.92,92.88,light drizzle,300,26.4,2.9,48,15.5,20.0
1656,2026-08-12,Manas National Park,26.7,91.0,light rain,500,32.2,3.8,52,4.6,30.0
1657,2026-08-12,Tezpur,26.6338,92.8,scattered clouds,802,32.0,0.8,69,66.1,10.0
1658,2026-08-12,Majuli River Island,26.95,94.17,scattered clouds,802,29.5,1.8,90,43.6,10.0
1659,2026-08-12,Jorhat,26.7509,94.2037,very heavy rain,503,33.5,5.6,64,0.0,60.0
1660,2026-08-12,Sivasagar,26.9826,94.6425,very heavy rain,503,27.9,1.6,54,21.0,60.0
1661,2026-08-12,Dibrugarh,27.4728,94.912,moderate rain,501,21.9,5.3,60,0.0,30.0
1662,2026-08-12,Digboi Oil Heritage,27.3931,95.6186,mist,701,21.7,2.4,92,26.1,45.0
1663,2026-08-12,Haflong,25.1667,93.0167,scattered clouds,802,19.1,0.6,67,5.9,10.0
1664,2026-08-12,Tawang Monastery,27.5861,91.8594,light drizzle,300,21.1,1.0,56,0.0,20.0
1665,2026-08-12,Ziro Valley,27.5448,93.832,light rain,500,34.3,5.3,72,0.0,30.0
1666,2026-08-12,Gangtok,27.3314,88.6138,overcast clouds,804,23.5,5.2,47,7.6,10.0
1667,2026-08-12,Kohima,25.6751,94.1086,light drizzle,300,25.1,5.1,85,0.0,20.0
1668,2026-08-12,Dzukou Valley,25.5833,94.05,few clouds,801,26.4,2.5,76,0.0,10.0
1669,2026-08-12,Imphal,24.817,93.9368,light rain,500,25.5,3.6,68,28.5,30.0
1670,2026-08-12,Loktak Lake,24.5333,93.8167,thunderstorm,200,25.5,4.2,61,42.3,80.0
1671,2026-08-12,Aizawl,23.7271,92.7176,overcast clouds,804,28.3,4.2,85,3.8,10.0
1672,2026-08-12,Agartala,23.8315,91.2868,light rain,500,27.8,1.2,70,0.0,30.0
1673,2026-08-13,Kamakhya Temple,26.1664,91.7055,few clouds,801,35.9,3.5,53,0.0,10.0
1674,2026-08-13,Umananda Island,26.1964,91.7453,moderate rain,501,33.7,7.9,60,31.1,30.0
1675,2026-08-13,Navagraha Temple,26.1749,91.7789,thunderstorm,200,30.2,0.4,62,26.3,80.0
1676,2026-08-13,Basistha Temple,26.1132,91.797,clear sky,800,31.4,2.0,79,30.3,5.0
1677,2026-08-13,Guwahati Railway Station,26.1824,91.7513,thunderstorm,200,34.5,5.7,45,11.6,80.0
1678,2026-08-13,LGB International Airport,26.1061,91.5859,light rain,500,28.3,1.9,88,24.5,30.0
1679,2026-08-13,Paltan Bazaar,26.1817,91.7503,moderate rain,501,28.6,2.6,85,31.5,30.0
1680,2026-08-13,Fancy Bazaar,26.1836,91.7434,thunderstorm,200,32.0,0.5,64,3.0,80.0
1681,2026-08-13,Pan Bazaar,26.1856,91.7455,moderate rain,501,27.1,2.7,69,24.2,30.0
1682,2026-08-13,Uzan Bazar Ghat,26.19,91.759,light rain,500,28.2,3.4,71,28.9,30.0
1683,2026-08-13,Brahmaputra Riverfront,26.1905,91.748,clear sky,800,28.8,9.0,88,9.4,5.0
1684,2026-08-13,Dighalipukhuri,26.1861,91.7503,mist,701,30.7,1.7,55,0.0,45.0
1685,2026-08-13,Nehru Park,26.1857,91.7477,thunderstorm,200,29.6,7.0,97,3.0,80.0
1686,2026-08-13,Assam State Museum,26.1857,91.7481,overcast clouds,804,29.7,6.9,72,48.1,10.0
1687,2026-08-13,Assam State Zoo & Botanical Garden,26.178,91.786,scattered clouds,802,32.6,4.1,56,54.3,10.0
1688,2026-08-13,Srimanta Sankaradeva Kalakshetra,26.144,91.8058,clear sky,800,28.8,3.9,87,35.1,5.0
1689,2026-08-13,Guwahati Planetarium,26.1856,91.7625,thunderstorm with heavy rain,202,24.1,1.8,49,37.3,80.0
1690,2026-08-13,"Gandhi Mandap, Sarania Hill",26.175,91.758,thunderstorm,200,12.7,1.5,90,18.2,80.0
1691,2026-08-13,Nilachal Ropeway Terminal,26.188,91.744,moderate rain,501,27.4,9.3,55,17.9,30.0
1692,2026-08-13,Dispur Secretariat,26.142,91.79,light rain,500,24.6,4.8,94,0.0,30.0
1693,2026-08-13,Ganeshguri Junction,26.147,91.79,very heavy rain,503,34.2,1.4,89,0.0,60.0
1694,2026-08-13,Six Mile,26.135,91.805,moderate rain,501,24.5,8.8,82,47.5,30.0
1695,2026-08-13,Beltola Bazaar,26.129,91.8,moderate rain,501,27.4,1.4,77,0.0,30.0
1696,2026-08-13,Zoo Road Tiniali,26.165,91.78,light drizzle,300,20.1,1.2,64,0.0,20.0
1697,2026-08-13,Chandmari,26.183,91.772,light drizzle,300,29.6,1.5,50,40.5,20.0
1698,2026-08-13,Silpukhuri,26.188,91.766,light drizzle,300,30.0,4.6,47,31.8,20.0
1699,2026-08-13,Bharalumukh,26.17,91.735,light drizzle,300,13.2,2.1,73,16.5,20.0
1700,2026-08-13,Rehabari,26.175,91.748,light drizzle,300,22.8,0.8,78,0.0,20.0
1701,2026-08-13,Bhangagarh,26.15,91.77,thunderstorm with heavy rain,202,32.7,1.2,93,65.9,80.0
1702,2026-08-13,Hatigaon,26.136,91.788,light rain,500,28.3,4.4,87,49.1,30.0
1703,2026-08-13,Kahilipara,26.133,91.762,haze,721,20.7,5.0,59,0.0,45.0
1704,2026-08-13,Maligaon,26.158,91.679,light rain,500,27.5,1.7,76,19.0,30.0
1705,2026-08-13,Jalukbari,26.152,91.665,few clouds,801,34.6,5.0,54,30.0,10.0
1706,2026-08-13,Gauhati University,26.152,91.665,overcast clouds,804,19.5,2.9,58,4.5,10.0
1707,2026-08-13,IIT Guwahati,26.19,91.695,light drizzle,300,31.8,7.8,64,26.5,20.0
1708,2026-08-13,Guwahati Medical College,26.155,91.7,light rain,500,24.7,5.2,81,4.9,30.0
1709,2026-08-13,Saraighat Bridge,26.1889,91.67,moderate rain,501,25.0,1.9,95,0.0,30.0
1710,2026-08-13,North Guwahati Ghat,26.198,91.69,light rain,500,23.9,4.4,72,37.6,30.0
1711,2026-08-13,Amingaon,26.19,91.66,moderate rain,501,19.6,3.0,97,45.5,30.0
1712,2026-08-13,Noonmati,26.178,91.806,thunderstorm,200,26.1,2.5,64,22.6,80.0
1713,2026-08-13,Narengi,26.175,91.84,heavy rain,502,34.6,6.3,61,2.4,60.0
1714,2026-08-13,Khanapara,26.118,91.818,light drizzle,300,22.7,5.2,66,7.1,20.0
1715,2026-08-13,Lokhra,26.105,91.735,scattered clouds,802,28.6,1.8,57,67.7,10.0
1716,2026-08-13,Deepor Beel Wildlife Sanctuary,26.12,91.65,thunderstorm,200,24.4,3.7,71,36.1,80.0
1717,2026-08-13,Sualkuchi Silk Village,26.1667,91.5667,fog,741,27.1,6.3,76,0.0,45.0
1718,2026-08-13,Hajo Pilgrimage Town,26.25,91.5167,few clouds,801,39.7,11.8,52,0.0,20.0
1719,2026-08-13,Madan Kamdev Ruins,26.3667,91.6333,light rain,500,26.7,1.7,72,59.4,30.0
1720,2026-08-13,Chandubi Lake,25.9333,91.4333,thunderstorm,200,23.4,2.1,85,50.0,80.0
1721,2026-08-13,Accoland Water Park,26.09,91.59,very heavy rain,503,21.2,2.1,72,16.3,60.0
1722,2026-08-13,Pobitora Wildlife Sanctuary,26.2333,92.0833,few clouds,801,30.7,1.3,88,0.0,10.0
1723,2026-08-13,Shillong,25.5788,91.8933,clear sky,800,25.6,2.6,83,0.0,5.0
1724,2026-08-13,Umiam Lake,25.657,91.889,light drizzle,300,18.1,4.8,98,0.0,20.0
1725,2026-08-13,Cherrapunji (Sohra),25.2912,91.6783,overcast clouds,804,29.5,4.5,90,39.8,10.0
1726,2026-08-13,Nohkalikai Falls,25.276,91.6857,heavy rain,502,32.9,2.0,57,0.4,60.0
1727,2026-08-13,"Living Root Bridge, Nongriat",25.247,91.715,mist,701,32.6,5.1,89,0.0,45.0
1728,2026-08-13,Mawlynnong Village,25.2,91.9167,very heavy rain,503,24.8,10.9,71,32.4,70.0
1729,2026-08-13,Dawki / Umngot River,25.19,92.02,thunderstorm,200,23.4,8.9,51,0.0,80.0
1730,2026-08-13,Kaziranga National Park,26.5775,93.1711,light rain,500,33.2,0.4,92,50.5,30.0
1731,2026-08-13,Nameri National Park,26.92,92.88,light rain,500,41.8,0.3,97,6.7,30.0
1732,2026-08-13,Manas National Park,26.7,91.0,thunderstorm,200,23.5,3.6,63,30.8,80.0
1733,2026-08-13,Tezpur,26.6338,92.8,thunderstorm,200,32.3,4.9,90,37.2,80.0
1734,2026-08-13,Majuli River Island,26.95,94.17,moderate rain,501,33.0,6.1,58,38.7,30.0
1735,2026-08-13,Jorhat,26.7509,94.2037,overcast clouds,804,29.2,5.3,93,43.5,10.0
1736,2026-08-13,Sivasagar,26.9826,94.6425,mist,701,17.7,11.5,51,38.1,55.0
1737,2026-08-13,Dibrugarh,27.4728,94.912,mist,701,31.6,4.8,69,24.5,45.0
1738,2026-08-13,Digboi Oil Heritage,27.3931,95.6186,clear sky,800,28.6,4.3,93,46.7,5.0
1739,2026-08-13,Haflong,25.1667,93.0167,scattered clouds,802,31.1,8.1,45,0.0,10.0
1740,2026-08-13,Tawang Monastery,27.5861,91.8594,few clouds,801,30.1,1.1,69,61.0,10.0
1741,2026-08-13,Ziro Valley,27.5448,93.832,heavy rain,502,27.3,8.6,76,0.0,60.0
1742,2026-08-13,Gangtok,27.3314,88.6138,light rain,500,20.8,4.0,65,56.1,30.0
1743,2026-08-13,Kohima,25.6751,94.1086,thunderstorm with heavy rain,202,25.3,7.6,69,0.0,80.0
1744,2026-08-13,Dzukou Valley,25.5833,94.05,mist,701,28.1,1.7,89,16.2,45.0
1745,2026-08-13,Imphal,24.817,93.9368,light rain,500,18.2,7.0,46,0.0,30.0
1746,2026-08-13,Loktak Lake,24.5333,93.8167,light drizzle,300,25.1,0.1,68,0.0,20.0
1747,2026-08-13,Aizawl,23.7271,92.7176,moderate rain,501,18.7,1.1,77,4.2,30.0
1748,2026-08-13,Agartala,23.8315,91.2868,haze,721,36.8,4.5,46,5.9,45.0
1749,2026-08-14,Kamakhya Temple,26.1664,91.7055,heavy rain,502,18.6,9.1,92,5.6,60.0
1750,2026-08-14,Umananda Island,26.1964,91.7453,heavy rain,502,22.4,6.4,50,38.2,60.0
1751,2026-08-14,Navagraha Temple,26.1749,91.7789,light rain,500,23.6,10.1,75,67.1,40.0
1752,2026-08-14,Basistha Temple,26.1132,91.797,fog,741,27.6,3.0,57,0.0,45.0
1753,2026-08-14,Guwahati Railway Station,26.1824,91.7513,thunderstorm,200,20.5,7.7,95,36.4,80.0
1754,2026-08-14,LGB International Airport,26.1061,91.5859,scattered clouds,802,29.2,0.7,88,0.0,10.0
1755,2026-08-14,Paltan Bazaar,26.1817,91.7503,snow,601,27.6,6.9,73,45.5,50.0
1756,2026-08-14,Fancy Bazaar,26.1836,91.7434,moderate rain,501,28.1,2.5,87,33.3,30.0
1757,2026-08-14,Pan Bazaar,26.1856,91.7455,very heavy rain,503,37.7,11.0,46,48.7,70.0
1758,2026-08-14,Uzan Bazar Ghat,26.19,91.759,fog,741,28.4,9.3,61,0.5,45.0
1759,2026-08-14,Brahmaputra Riverfront,26.1905,91.748,very heavy rain,503,25.8,7.8,87,38.3,60.0
1760,2026-08-14,Dighalipukhuri,26.1861,91.7503,thunderstorm,200,34.5,6.3,59,38.6,80.0
1761,2026-08-14,Nehru Park,26.1857,91.7477,fog,741,21.3,3.9,86,0.0,45.0
1762,2026-08-14,Assam State Museum,26.1857,91.7481,thunderstorm,200,26.9,9.0,95,0.0,80.0
1763,2026-08-14,Assam State Zoo & Botanical Garden,26.178,91.786,heavy rain,502,20.9,6.9,59,16.8,60.0
1764,2026-08-14,Srimanta Sankaradeva Kalakshetra,26.144,91.8058,scattered clouds,802,24.4,6.0,57,46.2,10.0
1765,2026-08-14,Guwahati Planetarium,26.1856,91.7625,thunderstorm,200,31.2,5.6,65,49.4,80.0
1766,2026-08-14,"Gandhi Mandap, Sarania Hill",26.175,91.758,clear sky,800,33.7,2.4,69,29.7,5.0
1767,2026-08-14,Nilachal Ropeway Terminal,26.188,91.744,haze,721,32.3,2.3,88,29.9,45.0
1768,2026-08-14,Dispur Secretariat,26.142,91.79,very heavy rain,503,26.0,2.9,45,11.6,60.0
1769,2026-08-14,Ganeshguri Junction,26.147,91.79,moderate rain,501,28.7,1.9,63,33.3,30.0
1770,2026-08-14,Six Mile,26.135,91.805,moderate rain,501,25.7,0.5,87,9.6,30.0
1771,2026-08-14,Beltola Bazaar,26.129,91.8,mist,701,26.8,3.9,65,0.0,45.0
1772,2026-08-14,Zoo Road Tiniali,26.165,91.78,scattered clouds,802,35.8,12.0,75,17.2,20.0
1773,2026-08-14,Chandmari,26.183,91.772,heavy rain,502,32.1,4.0,69,60.5,60.0
1774,2026-08-14,Silpukhuri,26.188,91.766,overcast clouds,804,26.0,5.5,96,0.0,10.0
1775,2026-08-14,Bharalumukh,26.17,91.735,light drizzle,300,16.7,2.9,94,30.5,20.0
1776,2026-08-14,Rehabari,26.175,91.748,light rain,500,35.3,6.6,55,14.4,30.0
1777,2026-08-14,Bhangagarh,26.15,91.77,snow,601,26.7,0.9,88,0.0,50.0
1778,2026-08-14,Hatigaon,26.136,91.788,light rain,500,35.2,4.0,63,35.6,30.0
1779,2026-08-14,Kahilipara,26.133,91.762,very heavy rain,503,37.3,5.5,70,36.1,60.0
1780,2026-08-14,Maligaon,26.158,91.679,thunderstorm with heavy rain,202,29.1,5.0,90,11.8,80.0
1781,2026-08-14,Jalukbari,26.152,91.665,light drizzle,300,22.6,1.3,73,11.1,20.0
1782,2026-08-14,Gauhati University,26.152,91.665,overcast clouds,804,29.7,1.2,92,58.7,10.0
1783,2026-08-14,IIT Guwahati,26.19,91.695,very heavy rain,503,35.5,0.3,51,0.0,60.0
1784,2026-08-14,Guwahati Medical College,26.155,91.7,overcast clouds,804,33.0,4.6,98,9.9,10.0
1785,2026-08-14,Saraighat Bridge,26.1889,91.67,overcast clouds,804,29.6,6.1,75,21.5,10.0
1786,2026-08-14,North Guwahati Ghat,26.198,91.69,haze,721,24.1,4.4,54,0.0,45.0
1787,2026-08-14,Amingaon,26.19,91.66,heavy rain,502,28.7,2.9,60,1.1,60.0
1788,2026-08-14,Noonmati,26.178,91.806,heavy rain,502,31.9,5.0,94,54.5,60.0
1789,2026-08-14,Narengi,26.175,91.84,very heavy rain,503,21.0,4.7,94,0.0,60.0
1790,2026-08-14,Khanapara,26.118,91.818,light rain,500,24.3,4.8,45,0.0,30.0
1791,2026-08-14,Lokhra,26.105,91.735,scattered clouds,802,30.9,6.5,87,33.0,10.0
1792,2026-08-14,Deepor Beel Wildlife Sanctuary,26.12,91.65,heavy rain,502,33.7,2.3,89,15.7,60.0
1793,2026-08-14,Sualkuchi Silk Village,26.1667,91.5667,thunderstorm,200,25.0,4.0,75,56.9,80.0
1794,2026-08-14,Hajo Pilgrimage Town,26.25,91.5167,light drizzle,300,31.1,3.5,90,33.7,20.0
1795,2026-08-14,Madan Kamdev Ruins,26.3667,91.6333,fog,741,24.9,4.0,97,10.4,45.0
1796,2026-08-14,Chandubi Lake,25.9333,91.4333,thunderstorm with heavy rain,202,29.3,0.6,49,0.0,80.0
1797,2026-08-14,Accoland Water Park,26.09,91.59,moderate rain,501,24.0,0.6,95,0.0,30.0
1798,2026-08-14,Pobitora Wildlife Sanctuary,26.2333,92.0833,overcast clouds,804,26.6,0.6,83,7.5,10.0
1799,2026-08-14,Shillong,25.5788,91.8933,very heavy rain,503,28.2,6.8,65,27.4,60.0
1800,2026-08-14,Umiam Lake,25.657,91.889,overcast clouds,804,31.4,4.6,93,45.3,10.0
1801,2026-08-14,Cherrapunji (Sohra),25.2912,91.6783,few clouds,801,27.3,7.0,68,33.0,10.0
1802,2026-08-14,Nohkalikai Falls,25.276,91.6857,haze,721,25.9,3.1,47,2.2,45.0
1803,2026-08-14,"Living Root Bridge, Nongriat",25.247,91.715,fog,741,26.9,1.7,87,4.6,45.0
1804,2026-08-14,Mawlynnong Village,25.2,91.9167,moderate rain,501,23.8,3.1,67,68.7,30.0
1805,2026-08-14,Dawki / Umngot River,25.19,92.02,heavy rain,502,27.5,1.1,87,25.8,60.0
1806,2026-08-14,Kaziranga National Park,26.5775,93.1711,overcast clouds,804,25.1,1.5,53,63.0,10.0
1807,2026-08-14,Nameri National Park,26.92,92.88,heavy rain,502,32.6,4.1,53,14.6,60.0
1808,2026-08-14,Manas National Park,26.7,91.0,moderate rain,501,27.5,0.4,55,54.1,30.0
1809,2026-08-14,Tezpur,26.6338,92.8,light rain,500,29.9,5.5,72,30.9,30.0
1810,2026-08-14,Majuli River Island,26.95,94.17,overcast clouds,804,25.3,2.9,85,3.6,10.0
1811,2026-08-14,Jorhat,26.7509,94.2037,very heavy rain,503,32.5,4.5,87,0.1,60.0
1812,2026-08-14,Sivasagar,26.9826,94.6425,overcast clouds,804,29.9,0.6,95,0.0,10.0
1813,2026-08-14,Dibrugarh,27.4728,94.912,light rain,500,29.1,7.5,49,14.1,30.0
1814,2026-08-14,Digboi Oil Heritage,27.3931,95.6186,very heavy rain,503,24.3,7.2,50,30.4,60.0
1815,2026-08-14,Haflong,25.1667,93.0167,light rain,500,31.5,2.3,96,18.5,30.0
1816,2026-08-14,Tawang Monastery,27.5861,91.8594,light rain,500,32.8,3.9,51,13.2,30.0
1817,2026-08-14,Ziro Valley,27.5448,93.832,thunderstorm,200,32.3,6.1,64,0.0,80.0
1818,2026-08-14,Gangtok,27.3314,88.6138,scattered clouds,802,24.2,0.6,63,44.5,10.0
1819,2026-08-14,Kohima,25.6751,94.1086,moderate rain,501,21.3,1.5,55,0.7,30.0
1820,2026-08-14,Dzukou Valley,25.5833,94.05,overcast clouds,804,30.6,8.1,95,0.0,10.0
1821,2026-08-14,Imphal,24.817,93.9368,moderate rain,501,22.5,1.3,75,1.8,30.0
1822,2026-08-14,Loktak Lake,24.5333,93.8167,very heavy rain,503,26.3,2.2,54,0.0,60.0
1823,2026-08-14,Aizawl,23.7271,92.7176,light rain,500,26.4,3.4,91,2.6,30.0
1824,2026-08-14,Agartala,23.8315,91.2868,thunderstorm,200,25.7,1.3,74,0.0,80.0
1825,2026-08-15,Kamakhya Temple,26.1664,91.7055,overcast clouds,804,27.2,8.8,77,3.8,10.0
1826,2026-08-15,Umananda Island,26.1964,91.7453,moderate rain,501,25.8,10.7,59,0.0,40.0
1827,2026-08-15,Navagraha Temple,26.1749,91.7789,light drizzle,300,18.5,8.1,71,24.2,20.0
1828,2026-08-15,Basistha Temple,26.1132,91.797,heavy rain,502,31.3,2.2,50,26.6,60.0
1829,2026-08-15,Guwahati Railway Station,26.1824,91.7513,overcast clouds,804,30.9,8.1,80,59.1,10.0
1830,2026-08-15,LGB International Airport,26.1061,91.5859,clear sky,800,35.1,1.2,91,6.0,5.0
1831,2026-08-15,Paltan Bazaar,26.1817,91.7503,scattered clouds,802,28.1,1.1,88,47.5,10.0
1832,2026-08-15,Fancy Bazaar,26.1836,91.7434,light rain,500,19.8,0.5,92,0.0,30.0
1833,2026-08-15,Pan Bazaar,26.1856,91.7455,clear sky,800,30.8,0.2,67,19.5,5.0
1834,2026-08-15,Uzan Bazar Ghat,26.19,91.759,haze,721,32.6,8.4,78,0.0,45.0
1835,2026-08-15,Brahmaputra Riverfront,26.1905,91.748,very heavy rain,503,29.4,6.7,55,0.0,60.0
1836,2026-08-15,Dighalipukhuri,26.1861,91.7503,moderate rain,501,28.3,2.0,98,27.8,30.0
1837,2026-08-15,Nehru Park,26.1857,91.7477,scattered clouds,802,29.3,2.9,76,0.5,10.0
1838,2026-08-15,Assam State Museum,26.1857,91.7481,scattered clouds,802,31.3,5.5,79,8.3,10.0
1839,2026-08-15,Assam State Zoo & Botanical Garden,26.178,91.786,mist,701,24.8,5.1,75,13.3,45.0
1840,2026-08-15,Srimanta Sankaradeva Kalakshetra,26.144,91.8058,thunderstorm,200,24.8,5.5,64,10.7,80.0
1841,2026-08-15,Guwahati Planetarium,26.1856,91.7625,fog,741,26.5,7.0,47,66.5,45.0
1842,2026-08-15,"Gandhi Mandap, Sarania Hill",26.175,91.758,mist,701,28.5,1.0,74,19.0,45.0
1843,2026-08-15,Nilachal Ropeway Terminal,26.188,91.744,light rain,500,28.4,3.3,91,27.1,30.0
1844,2026-08-15,Dispur Secretariat,26.142,91.79,scattered clouds,802,25.9,6.1,77,18.5,10.0
1845,2026-08-15,Ganeshguri Junction,26.147,91.79,mist,701,33.9,2.1,45,38.4,45.0
1846,2026-08-15,Six Mile,26.135,91.805,light drizzle,300,24.7,7.1,72,30.9,20.0
1847,2026-08-15,Beltola Bazaar,26.129,91.8,mist,701,27.1,1.2,73,3.1,45.0
1848,2026-08-15,Zoo Road Tiniali,26.165,91.78,scattered clouds,802,28.0,0.8,90,15.3,10.0
1849,2026-08-15,Chandmari,26.183,91.772,overcast clouds,804,29.3,3.8,70,0.0,10.0
1850,2026-08-15,Silpukhuri,26.188,91.766,few clouds,801,21.9,4.8,87,0.0,10.0
1851,2026-08-15,Bharalumukh,26.17,91.735,haze,721,31.9,6.1,76,30.2,45.0
1852,2026-08-15,Rehabari,26.175,91.748,light rain,500,28.9,1.0,77,0.0,30.0
1853,2026-08-15,Bhangagarh,26.15,91.77,thunderstorm,200,18.7,3.2,53,27.2,80.0
1854,2026-08-15,Hatigaon,26.136,91.788,clear sky,800,31.3,4.4,94,42.4,5.0
1855,2026-08-15,Kahilipara,26.133,91.762,very heavy rain,503,31.0,8.8,72,58.4,60.0
1856,2026-08-15,Maligaon,26.158,91.679,light rain,500,26.6,2.8,93,46.0,30.0
1857,2026-08-15,Jalukbari,26.152,91.665,light rain,500,22.6,0.1,56,18.1,30.0
1858,2026-08-15,Gauhati University,26.152,91.665,mist,701,31.8,8.6,97,17.3,45.0
1859,2026-08-15,IIT Guwahati,26.19,91.695,light rain,500,29.4,1.7,51,9.1,30.0
1860,2026-08-15,Guwahati Medical College,26.155,91.7,overcast clouds,804,34.7,0.1,85,16.4,10.0
1861,2026-08-15,Saraighat Bridge,26.1889,91.67,overcast clouds,804,31.5,5.7,62,75.4,10.0
1862,2026-08-15,North Guwahati Ghat,26.198,91.69,light rain,500,26.4,3.1,48,10.7,30.0
1863,2026-08-15,Amingaon,26.19,91.66,light rain,500,26.8,1.1,59,22.6,30.0
1864,2026-08-15,Noonmati,26.178,91.806,few clouds,801,26.5,6.6,52,21.6,10.0
1865,2026-08-15,Narengi,26.175,91.84,light drizzle,300,32.6,3.0,71,19.0,20.0
1866,2026-08-15,Khanapara,26.118,91.818,overcast clouds,804,35.3,9.9,65,18.1,10.0
1867,2026-08-15,Lokhra,26.105,91.735,overcast clouds,804,29.9,3.0,51,0.7,10.0
1868,2026-08-15,Deepor Beel Wildlife Sanctuary,26.12,91.65,moderate rain,501,26.8,4.5,87,28.5,30.0
1869,2026-08-15,Sualkuchi Silk Village,26.1667,91.5667,clear sky,800,24.8,2.2,66,0.0,5.0
1870,2026-08-15,Hajo Pilgrimage Town,26.25,91.5167,thunderstorm,200,22.2,7.7,60,0.0,80.0
1871,2026-08-15,Madan Kamdev Ruins,26.3667,91.6333,very heavy rain,503,32.8,4.2,51,46.1,60.0
1872,2026-08-15,Chandubi Lake,25.9333,91.4333,scattered clouds,802,18.6,7.1,86,0.0,10.0
1873,2026-08-15,Accoland Water Park,26.09,91.59,thunderstorm with heavy rain,202,33.1,4.6,51,46.0,80.0
1874,2026-08-15,Pobitora Wildlife Sanctuary,26.2333,92.0833,light rain,500,25.7,5.2,57,0.0,30.0
1875,2026-08-15,Shillong,25.5788,91.8933,moderate rain,501,30.2,4.4,71,0.0,30.0
1876,2026-08-15,Umiam Lake,25.657,91.889,mist,701,34.6,2.8,67,0.0,45.0
1877,2026-08-15,Cherrapunji (Sohra),25.2912,91.6783,mist,701,30.5,1.0,72,41.7,45.0
1878,2026-08-15,Nohkalikai Falls,25.276,91.6857,fog,741,26.9,4.8,83,17.9,45.0
1879,2026-08-15,"Living Root Bridge, Nongriat",25.247,91.715,light drizzle,300,27.2,5.9,81,80.2,20.0
1880,2026-08-15,Mawlynnong Village,25.2,91.9167,overcast clouds,804,30.3,6.5,79,0.0,10.0
1881,2026-08-15,Dawki / Umngot River,25.19,92.02,mist,701,27.5,5.3,93,0.0,45.0
1882,2026-08-15,Kaziranga National Park,26.5775,93.1711,light rain,500,25.3,3.3,45,7.4,30.0
1883,2026-08-15,Nameri National Park,26.92,92.88,overcast clouds,804,35.6,4.4,95,0.0,10.0
1884,2026-08-15,Manas National Park,26.7,91.0,thunderstorm,200,27.5,3.2,63,66.8,80.0
1885,2026-08-15,Tezpur,26.6338,92.8,thunderstorm,200,27.0,1.8,47,0.0,80.0
1886,2026-08-15,Majuli River Island,26.95,94.17,heavy rain,502,31.8,3.0,53,10.8,60.0
1887,2026-08-15,Jorhat,26.7509,94.2037,light drizzle,300,21.1,4.6,60,35.1,20.0
1888,2026-08-15,Sivasagar,26.9826,94.6425,scattered clouds,802,23.8,3.4,68,0.0,10.0
1889,2026-08-15,Dibrugarh,27.4728,94.912,light rain,500,24.6,9.4,61,13.5,30.0
1890,2026-08-15,Digboi Oil Heritage,27.3931,95.6186,heavy rain,502,27.2,0.5,97,25.7,60.0
1891,2026-08-15,Haflong,25.1667,93.0167,clear sky,800,34.4,0.5,62,47.6,5.0
1892,2026-08-15,Tawang Monastery,27.5861,91.8594,moderate rain,501,36.6,10.7,94,12.2,40.0
1893,2026-08-15,Ziro Valley,27.5448,93.832,heavy rain,502,20.5,2.7,86,16.4,60.0
1894,2026-08-15,Gangtok,27.3314,88.6138,heavy rain,502,29.5,7.7,65,44.0,60.0
1895,2026-08-15,Kohima,25.6751,94.1086,light drizzle,300,23.5,1.2,93,0.0,20.0
1896,2026-08-15,Dzukou Valley,25.5833,94.05,thunderstorm,200,25.4,5.5,75,23.7,80.0
1897,2026-08-15,Imphal,24.817,93.9368,scattered clouds,802,30.9,4.3,56,28.9,10.0
1898,2026-08-15,Loktak Lake,24.5333,93.8167,thunderstorm,200,27.4,6.7,55,13.9,80.0
1899,2026-08-15,Aizawl,23.7271,92.7176,mist,701,21.1,5.4,57,26.8,45.0
1900,2026-08-15,Agartala,23.8315,91.2868,light drizzle,300,39.2,4.0,51,0.0,20.0
1901,2026-08-16,Kamakhya Temple,26.1664,91.7055,thunderstorm,200,34.3,6.8,45,0.0,80.0
1902,2026-08-16,Umananda Island,26.1964,91.7453,clear sky,800,31.9,1.7,86,0.0,5.0
1903,2026-08-16,Navagraha Temple,26.1749,91.7789,fog,741,34.3,7.0,62,39.9,45.0
1904,2026-08-16,Basistha Temple,26.1132,91.797,clear sky,800,40.3,6.8,51,4.8,5.0
1905,2026-08-16,Guwahati Railway Station,26.1824,91.7513,moderate rain,501,19.1,5.9,50,26.4,30.0
1906,2026-08-16,LGB International Airport,26.1061,91.5859,heavy rain,502,25.2,6.8,66,23.1,60.0
1907,2026-08-16,Paltan Bazaar,26.1817,91.7503,moderate rain,501,34.3,3.6,62,9.1,30.0
1908,2026-08-16,Fancy Bazaar,26.1836,91.7434,thunderstorm with heavy rain,202,31.3,2.4,77,30.6,80.0
1909,2026-08-16,Pan Bazaar,26.1856,91.7455,mist,701,28.1,3.4,59,44.1,45.0
1910,2026-08-16,Uzan Bazar Ghat,26.19,91.759,overcast clouds,804,26.0,4.0,88,3.2,10.0
1911,2026-08-16,Brahmaputra Riverfront,26.1905,91.748,light rain,500,21.8,7.7,52,0.0,30.0
1912,2026-08-16,Dighalipukhuri,26.1861,91.7503,light drizzle,300,31.9,4.0,49,12.5,20.0
1913,2026-08-16,Nehru Park,26.1857,91.7477,heavy rain,502,35.7,8.5,50,45.0,60.0
1914,2026-08-16,Assam State Museum,26.1857,91.7481,overcast clouds,804,21.4,1.0,88,11.6,10.0
1915,2026-08-16,Assam State Zoo & Botanical Garden,26.178,91.786,light rain,500,23.3,7.1,84,27.5,30.0
1916,2026-08-16,Srimanta Sankaradeva Kalakshetra,26.144,91.8058,scattered clouds,802,34.4,1.0,61,0.0,10.0
1917,2026-08-16,Guwahati Planetarium,26.1856,91.7625,thunderstorm with heavy rain,202,26.1,3.2,45,62.6,80.0
1918,2026-08-16,"Gandhi Mandap, Sarania Hill",26.175,91.758,thunderstorm,200,29.7,2.8,73,29.3,80.0
1919,2026-08-16,Nilachal Ropeway Terminal,26.188,91.744,thunderstorm,200,22.4,4.3,49,38.0,80.0
1920,2026-08-16,Dispur Secretariat,26.142,91.79,thunderstorm,200,30.7,5.6,53,35.4,80.0
1921,2026-08-16,Ganeshguri Junction,26.147,91.79,overcast clouds,804,30.9,1.5,72,0.0,10.0
1922,2026-08-16,Six Mile,26.135,91.805,heavy rain,502,26.2,4.4,86,7.7,60.0
1923,2026-08-16,Beltola Bazaar,26.129,91.8,fog,741,32.2,0.7,79,0.0,45.0
1924,2026-08-16,Zoo Road Tiniali,26.165,91.78,thunderstorm with heavy rain,202,23.1,2.7,71,39.9,80.0
1925,2026-08-16,Chandmari,26.183,91.772,moderate rain,501,19.0,4.4,59,12.7,30.0
1926,2026-08-16,Silpukhuri,26.188,91.766,clear sky,800,28.9,1.4,80,17.8,5.0
1927,2026-08-16,Bharalumukh,26.17,91.735,moderate rain,501,29.8,4.5,67,0.0,30.0
1928,2026-08-16,Rehabari,26.175,91.748,thunderstorm,200,31.6,8.0,98,39.3,80.0
1929,2026-08-16,Bhangagarh,26.15,91.77,mist,701,26.1,10.0,60,22.4,45.0
1930,2026-08-16,Hatigaon,26.136,91.788,thunderstorm,200,33.7,5.6,54,43.9,80.0
1931,2026-08-16,Kahilipara,26.133,91.762,light rain,500,30.1,11.2,68,29.2,40.0
1932,2026-08-16,Maligaon,26.158,91.679,heavy rain,502,21.4,4.0,55,22.9,60.0
1933,2026-08-16,Jalukbari,26.152,91.665,clear sky,800,29.5,2.7,49,65.0,5.0
1934,2026-08-16,Gauhati University,26.152,91.665,light rain,500,28.5,3.9,53,0.0,30.0
1935,2026-08-16,IIT Guwahati,26.19,91.695,thunderstorm,200,24.0,2.7,71,13.4,80.0
1936,2026-08-16,Guwahati Medical College,26.155,91.7,heavy rain,502,30.4,0.3,48,19.0,60.0
1937,2026-08-16,Saraighat Bridge,26.1889,91.67,mist,701,29.7,8.4,77,31.4,45.0
1938,2026-08-16,North Guwahati Ghat,26.198,91.69,light rain,500,33.2,6.0,90,9.2,30.0
1939,2026-08-16,Amingaon,26.19,91.66,thunderstorm with heavy rain,202,25.1,6.6,90,26.2,80.0
1940,2026-08-16,Noonmati,26.178,91.806,light drizzle,300,32.1,10.4,53,31.3,30.0
1941,2026-08-16,Narengi,26.175,91.84,thunderstorm,200,29.0,2.7,70,34.7,80.0
1942,2026-08-16,Khanapara,26.118,91.818,heavy rain,502,33.0,8.0,74,0.0,60.0
1943,2026-08-16,Lokhra,26.105,91.735,moderate rain,501,23.8,1.7,69,41.0,30.0
1944,2026-08-16,Deepor Beel Wildlife Sanctuary,26.12,91.65,very heavy rain,503,28.8,8.2,49,29.3,60.0
1945,2026-08-16,Sualkuchi Silk Village,26.1667,91.5667,light rain,500,23.6,4.0,60,11.7,30.0
1946,2026-08-16,Hajo Pilgrimage Town,26.25,91.5167,few clouds,801,21.1,7.2,64,0.0,10.0
1947,2026-08-16,Madan Kamdev Ruins,26.3667,91.6333,overcast clouds,804,39.0,5.6,60,9.8,10.0
1948,2026-08-16,Chandubi Lake,25.9333,91.4333,heavy rain,502,19.9,11.7,47,0.8,70.0
1949,2026-08-16,Accoland Water Park,26.09,91.59,few clouds,801,30.4,5.6,67,18.7,10.0
1950,2026-08-16,Pobitora Wildlife Sanctuary,26.2333,92.0833,moderate rain,501,26.0,4.1,67,40.9,30.0
1951,2026-08-16,Shillong,25.5788,91.8933,haze,721,25.8,3.1,71,41.5,45.0
1952,2026-08-16,Umiam Lake,25.657,91.889,moderate rain,501,28.2,1.4,95,12.6,30.0
1953,2026-08-16,Cherrapunji (Sohra),25.2912,91.6783,light rain,500,23.0,1.5,63,38.0,30.0
1954,2026-08-16,Nohkalikai Falls,25.276,91.6857,few clouds,801,19.3,7.4,59,0.0,10.0
1955,2026-08-16,"Living Root Bridge, Nongriat",25.247,91.715,mist,701,21.2,5.0,94,2.4,45.0
1956,2026-08-16,Mawlynnong Village,25.2,91.9167,moderate rain,501,34.8,5.8,78,16.3,30.0
1957,2026-08-16,Dawki / Umngot River,25.19,92.02,fog,741,35.4,0.6,66,9.1,45.0
1958,2026-08-16,Kaziranga National Park,26.5775,93.1711,fog,741,35.6,7.6,88,27.8,45.0
1959,2026-08-16,Nameri National Park,26.92,92.88,light rain,500,34.6,4.6,49,49.2,30.0
1960,2026-08-16,Manas National Park,26.7,91.0,snow,601,28.7,2.5,94,20.5,50.0
1961,2026-08-16,Tezpur,26.6338,92.8,mist,701,24.2,4.1,95,41.2,45.0
1962,2026-08-16,Majuli River Island,26.95,94.17,moderate rain,501,30.0,1.3,49,36.3,30.0
1963,2026-08-16,Jorhat,26.7509,94.2037,light drizzle,300,29.6,2.7,56,11.2,20.0
1964,2026-08-16,Sivasagar,26.9826,94.6425,haze,721,36.4,0.3,73,12.3,45.0
1965,2026-08-16,Dibrugarh,27.4728,94.912,very heavy rain,503,30.0,4.5,81,0.0,60.0
1966,2026-08-16,Digboi Oil Heritage,27.3931,95.6186,light drizzle,300,22.2,3.7,88,36.8,20.0
1967,2026-08-16,Haflong,25.1667,93.0167,scattered clouds,802,35.2,0.4,65,0.0,10.0
1968,2026-08-16,Tawang Monastery,27.5861,91.8594,moderate rain,501,27.2,6.7,88,68.9,30.0
1969,2026-08-16,Ziro Valley,27.5448,93.832,few clouds,801,27.8,4.5,95,19.5,10.0
1970,2026-08-16,Gangtok,27.3314,88.6138,clear sky,800,30.5,9.1,55,1.5,5.0
1971,2026-08-16,Kohima,25.6751,94.1086,heavy rain,502,25.2,4.8,74,6.7,60.0
1972,2026-08-16,Dzukou Valley,25.5833,94.05,moderate rain,501,19.0,1.1,51,7.9,30.0
1973,2026-08-16,Imphal,24.817,93.9368,scattered clouds,802,16.9,2.7,70,19.9,10.0
1974,2026-08-16,Loktak Lake,24.5333,93.8167,light rain,500,21.1,1.5,76,94.6,30.0
1975,2026-08-16,Aizawl,23.7271,92.7176,overcast clouds,804,25.5,3.4,74,32.1,10.0
1976,2026-08-16,Agartala,23.8315,91.2868,moderate rain,501,25.2,3.9,47,1.1,30.0
1977,2026-08-17,Kamakhya Temple,26.1664,91.7055,haze,721,26.2,3.7,96,0.9,45.0
1978,2026-08-17,Umananda Island,26.1964,91.7453,moderate rain,501,37.5,5.9,93,34.8,30.0
1979,2026-08-17,Navagraha Temple,26.1749,91.7789,very heavy rain,503,35.1,3.0,50,30.6,60.0
1980,2026-08-17,Basistha Temple,26.1132,91.797,scattered clouds,802,31.8,5.4,71,0.0,10.0
1981,2026-08-17,Guwahati Railway Station,26.1824,91.7513,moderate rain,501,24.6,2.4,98,68.1,30.0
1982,2026-08-17,LGB International Airport,26.1061,91.5859,light rain,500,32.1,5.6,57,13.2,30.0
1983,2026-08-17,Paltan Bazaar,26.1817,91.7503,light rain,500,30.8,0.5,89,31.7,30.0
1984,2026-08-17,Fancy Bazaar,26.1836,91.7434,moderate rain,501,33.5,4.1,97,1.0,30.0
1985,2026-08-17,Pan Bazaar,26.1856,91.7455,clear sky,800,21.4,4.3,49,12.4,5.0
1986,2026-08-17,Uzan Bazar Ghat,26.19,91.759,overcast clouds,804,23.2,0.4,91,0.0,10.0
1987,2026-08-17,Brahmaputra Riverfront,26.1905,91.748,thunderstorm,200,23.7,3.3,54,64.4,80.0
1988,2026-08-17,Dighalipukhuri,26.1861,91.7503,moderate rain,501,24.4,0.7,88,58.5,30.0
1989,2026-08-17,Nehru Park,26.1857,91.7477,light rain,500,27.9,3.2,73,64.2,30.0
1990,2026-08-17,Assam State Museum,26.1857,91.7481,heavy rain,502,23.8,1.4,47,0.0,60.0
1991,2026-08-17,Assam State Zoo & Botanical Garden,26.178,91.786,overcast clouds,804,27.3,6.6,79,23.2,10.0
1992,2026-08-17,Srimanta Sankaradeva Kalakshetra,26.144,91.8058,overcast clouds,804,28.8,0.5,88,33.8,10.0
1993,2026-08-17,Guwahati Planetarium,26.1856,91.7625,heavy rain,502,28.8,9.0,46,11.1,60.0
1994,2026-08-17,"Gandhi Mandap, Sarania Hill",26.175,91.758,thunderstorm with heavy rain,202,32.2,5.9,74,38.8,80.0
1995,2026-08-17,Nilachal Ropeway Terminal,26.188,91.744,light rain,500,35.5,0.1,72,0.0,30.0
1996,2026-08-17,Dispur Secretariat,26.142,91.79,scattered clouds,802,30.4,2.8,56,41.6,10.0
1997,2026-08-17,Ganeshguri Junction,26.147,91.79,moderate rain,501,32.6,5.2,63,39.5,30.0
1998,2026-08-17,Six Mile,26.135,91.805,moderate rain,501,26.6,0.3,51,52.0,30.0
1999,2026-08-17,Beltola Bazaar,26.129,91.8,snow,601,25.8,4.0,86,75.7,50.0
2000,2026-08-17,Zoo Road Tiniali,26.165,91.78,scattered clouds,802,28.0,4.2,79,0.0,10.0
2001,2026-08-17,Chandmari,26.183,91.772,scattered clouds,802,30.3,0.2,47,0.0,10.0
2002,2026-08-17,Silpukhuri,26.188,91.766,overcast clouds,804,29.1,1.6,52,0.0,10.0
2003,2026-08-17,Bharalumukh,26.17,91.735,overcast clouds,804,28.5,2.0,95,40.1,10.0
2004,2026-08-17,Rehabari,26.175,91.748,thunderstorm with heavy rain,202,25.6,1.9,45,0.0,80.0
2005,2026-08-17,Bhangagarh,26.15,91.77,fog,741,22.2,4.2,62,32.3,45.0
2006,2026-08-17,Hatigaon,26.136,91.788,mist,701,29.4,1.9,60,0.0,45.0
2007,2026-08-17,Kahilipara,26.133,91.762,clear sky,800,27.3,4.2,46,31.8,5.0
2008,2026-08-17,Maligaon,26.158,91.679,thunderstorm with heavy rain,202,30.9,5.9,66,0.0,80.0
2009,2026-08-17,Jalukbari,26.152,91.665,overcast clouds,804,25.7,0.6,80,34.1,10.0
2010,2026-08-17,Gauhati University,26.152,91.665,heavy rain,502,32.3,3.2,81,0.0,60.0
2011,2026-08-17,IIT Guwahati,26.19,91.695,light rain,500,26.2,6.3,91,43.0,30.0
2012,2026-08-17,Guwahati Medical College,26.155,91.7,moderate rain,501,25.9,9.3,96,22.4,30.0
2013,2026-08-17,Saraighat Bridge,26.1889,91.67,scattered clouds,802,32.4,6.4,70,37.4,10.0
2014,2026-08-17,North Guwahati Ghat,26.198,91.69,light drizzle,300,16.5,0.0,58,0.0,20.0
2015,2026-08-17,Amingaon,26.19,91.66,scattered clouds,802,28.1,4.0,94,13.1,10.0
2016,2026-08-17,Noonmati,26.178,91.806,thunderstorm,200,29.8,3.1,69,13.2,80.0
2017,2026-08-17,Narengi,26.175,91.84,clear sky,800,13.8,2.6,85,2.0,5.0
2018,2026-08-17,Khanapara,26.118,91.818,light drizzle,300,31.4,1.4,79,5.4,20.0
2019,2026-08-17,Lokhra,26.105,91.735,mist,701,19.0,2.7,69,22.7,45.0
2020,2026-08-17,Deepor Beel Wildlife Sanctuary,26.12,91.65,light drizzle,300,34.4,0.9,85,4.0,20.0
2021,2026-08-17,Sualkuchi Silk Village,26.1667,91.5667,haze,721,26.2,4.5,83,27.9,45.0
2022,2026-08-17,Hajo Pilgrimage Town,26.25,91.5167,light drizzle,300,28.8,4.7,68,27.1,20.0
2023,2026-08-17,Madan Kamdev Ruins,26.3667,91.6333,fog,741,30.2,3.9,95,27.7,45.0
2024,2026-08-17,Chandubi Lake,25.9333,91.4333,haze,721,34.8,3.7,69,35.6,45.0
2025,2026-08-17,Accoland Water Park,26.09,91.59,mist,701,23.9,1.3,55,19.5,45.0
2026,2026-08-17,Pobitora Wildlife Sanctuary,26.2333,92.0833,overcast clouds,804,21.8,3.9,47,4.0,10.0
2027,2026-08-17,Shillong,25.5788,91.8933,scattered clouds,802,31.9,2.0,84,16.0,10.0
2028,2026-08-17,Umiam Lake,25.657,91.889,moderate rain,501,27.9,3.3,83,30.7,30.0
2029,2026-08-17,Cherrapunji (Sohra),25.2912,91.6783,clear sky,800,28.9,7.1,54,23.0,5.0
2030,2026-08-17,Nohkalikai Falls,25.276,91.6857,mist,701,30.7,6.3,50,20.5,45.0
2031,2026-08-17,"Living Root Bridge, Nongriat",25.247,91.715,thunderstorm,200,26.5,5.7,75,21.4,80.0
2032,2026-08-17,Mawlynnong Village,25.2,91.9167,thunderstorm,200,24.8,4.8,96,0.0,80.0
2033,2026-08-17,Dawki / Umngot River,25.19,92.02,moderate rain,501,27.6,0.5,57,18.0,30.0
2034,2026-08-17,Kaziranga National Park,26.5775,93.1711,mist,701,25.4,5.5,51,0.0,45.0
2035,2026-08-17,Nameri National Park,26.92,92.88,heavy rain,502,23.7,3.8,95,29.0,60.0
2036,2026-08-17,Manas National Park,26.7,91.0,light rain,500,21.6,8.1,62,29.2,30.0
2037,2026-08-17,Tezpur,26.6338,92.8,thunderstorm with heavy rain,202,23.2,0.6,72,25.2,80.0
2038,2026-08-17,Majuli River Island,26.95,94.17,mist,701,30.3,6.2,47,0.0,45.0
2039,2026-08-17,Jorhat,26.7509,94.2037,haze,721,33.1,3.4,83,34.7,45.0
2040,2026-08-17,Sivasagar,26.9826,94.6425,haze,721,27.3,0.3,56,22.9,45.0
2041,2026-08-17,Dibrugarh,27.4728,94.912,thunderstorm with heavy rain,202,29.4,1.8,60,50.8,80.0
2042,2026-08-17,Digboi Oil Heritage,27.3931,95.6186,light rain,500,28.5,5.4,65,5.4,30.0
2043,2026-08-17,Haflong,25.1667,93.0167,very heavy rain,503,24.6,3.1,81,33.0,60.0
2044,2026-08-17,Tawang Monastery,27.5861,91.8594,heavy rain,502,22.9,2.7,78,40.3,60.0
2045,2026-08-17,Ziro Valley,27.5448,93.832,overcast clouds,804,25.0,0.9,96,24.3,10.0
2046,2026-08-17,Gangtok,27.3314,88.6138,mist,701,20.6,2.6,65,37.8,45.0
2047,2026-08-17,Kohima,25.6751,94.1086,thunderstorm with heavy rain,202,29.5,3.8,76,0.0,80.0
2048,2026-08-17,Dzukou Valley,25.5833,94.05,light rain,500,30.2,3.6,65,28.8,30.0
2049,2026-08-17,Imphal,24.817,93.9368,heavy rain,502,29.0,3.6,46,0.0,60.0
2050,2026-08-17,Loktak Lake,24.5333,93.8167,haze,721,31.5,1.1,98,7.2,45.0
2051,2026-08-17,Aizawl,23.7271,92.7176,haze,721,29.4,7.1,78,52.9,45.0
2052,2026-08-17,Agartala,23.8315,91.2868,few clouds,801,35.4,4.6,91,43.3,10.0
2053,2026-08-18,Kamakhya Temple,26.1664,91.7055,light drizzle,300,32.2,2.4,50,0.0,20.0
2054,2026-08-18,Umananda Island,26.1964,91.7453,heavy rain,502,21.9,2.6,74,42.0,60.0
2055,2026-08-18,Navagraha Temple,26.1749,91.7789,moderate rain,501,19.5,0.7,98,0.0,30.0
2056,2026-08-18,Basistha Temple,26.1132,91.797,clear sky,800,28.7,6.5,51,19.1,5.0
2057,2026-08-18,Guwahati Railway Station,26.1824,91.7513,snow,601,21.9,6.6,59,25.8,50.0
2058,2026-08-18,LGB International Airport,26.1061,91.5859,fog,741,20.7,5.2,45,57.6,45.0
2059,2026-08-18,Paltan Bazaar,26.1817,91.7503,fog,741,25.1,5.1,95,25.6,45.0
2060,2026-08-18,Fancy Bazaar,26.1836,91.7434,light drizzle,300,27.3,3.8,95,56.0,20.0
2061,2026-08-18,Pan Bazaar,26.1856,91.7455,thunderstorm with heavy rain,202,31.0,3.3,53,7.1,80.0
2062,2026-08-18,Uzan Bazar Ghat,26.19,91.759,light rain,500,32.0,2.7,71,44.5,30.0
2063,2026-08-18,Brahmaputra Riverfront,26.1905,91.748,heavy rain,502,22.7,1.7,60,0.0,60.0
2064,2026-08-18,Dighalipukhuri,26.1861,91.7503,haze,721,24.5,1.4,59,54.4,45.0
2065,2026-08-18,Nehru Park,26.1857,91.7477,scattered clouds,802,20.2,4.0,67,0.0,10.0
2066,2026-08-18,Assam State Museum,26.1857,91.7481,very heavy rain,503,27.7,1.3,49,1.1,60.0
2067,2026-08-18,Assam State Zoo & Botanical Garden,26.178,91.786,few clouds,801,28.1,1.4,87,27.8,10.0
2068,2026-08-18,Srimanta Sankaradeva Kalakshetra,26.144,91.8058,overcast clouds,804,30.7,8.9,82,28.4,10.0
2069,2026-08-18,Guwahati Planetarium,26.1856,91.7625,thunderstorm,200,27.6,0.9,64,8.6,80.0
2070,2026-08-18,"Gandhi Mandap, Sarania Hill",26.175,91.758,mist,701,30.1,0.7,68,26.1,45.0
2071,2026-08-18,Nilachal Ropeway Terminal,26.188,91.744,light rain,500,30.0,0.5,57,21.0,30.0
2072,2026-08-18,Dispur Secretariat,26.142,91.79,light drizzle,300,30.2,1.6,81,36.4,20.0
2073,2026-08-18,Ganeshguri Junction,26.147,91.79,very heavy rain,503,36.2,7.2,92,21.5,60.0
2074,2026-08-18,Six Mile,26.135,91.805,moderate rain,501,27.4,3.9,78,46.3,30.0
2075,2026-08-18,Beltola Bazaar,26.129,91.8,moderate rain,501,39.4,2.8,50,7.5,30.0
2076,2026-08-18,Zoo Road Tiniali,26.165,91.78,light rain,500,23.9,5.1,73,27.5,30.0
2077,2026-08-18,Chandmari,26.183,91.772,light drizzle,300,32.2,7.0,91,32.8,20.0
2078,2026-08-18,Silpukhuri,26.188,91.766,overcast clouds,804,29.8,2.6,83,36.0,10.0
2079,2026-08-18,Bharalumukh,26.17,91.735,moderate rain,501,31.1,0.6,86,18.1,30.0
2080,2026-08-18,Rehabari,26.175,91.748,scattered clouds,802,33.2,5.0,60,0.0,10.0
2081,2026-08-18,Bhangagarh,26.15,91.77,few clouds,801,30.1,5.2,84,10.1,10.0
2082,2026-08-18,Hatigaon,26.136,91.788,light rain,500,29.8,0.6,89,63.8,30.0
2083,2026-08-18,Kahilipara,26.133,91.762,light drizzle,300,36.4,4.9,67,0.0,20.0
2084,2026-08-18,Maligaon,26.158,91.679,light drizzle,300,31.2,0.1,89,18.3,20.0
2085,2026-08-18,Jalukbari,26.152,91.665,heavy rain,502,18.2,3.1,89,19.6,60.0
2086,2026-08-18,Gauhati University,26.152,91.665,few clouds,801,32.1,6.1,54,67.5,10.0
2087,2026-08-18,IIT Guwahati,26.19,91.695,haze,721,23.4,1.9,46,26.6,45.0
2088,2026-08-18,Guwahati Medical College,26.155,91.7,few clouds,801,23.8,5.6,83,0.0,10.0
2089,2026-08-18,Saraighat Bridge,26.1889,91.67,light rain,500,28.0,3.4,60,10.5,30.0
2090,2026-08-18,North Guwahati Ghat,26.198,91.69,clear sky,800,26.2,3.7,59,0.0,5.0
2091,2026-08-18,Amingaon,26.19,91.66,moderate rain,501,30.4,4.3,51,54.5,30.0
2092,2026-08-18,Noonmati,26.178,91.806,light rain,500,23.4,6.7,79,19.4,30.0
2093,2026-08-18,Narengi,26.175,91.84,light drizzle,300,28.4,0.7,45,27.9,20.0
2094,2026-08-18,Khanapara,26.118,91.818,light rain,500,20.7,1.3,98,13.9,30.0
2095,2026-08-18,Lokhra,26.105,91.735,heavy rain,502,33.0,7.0,91,9.0,60.0
2096,2026-08-18,Deepor Beel Wildlife Sanctuary,26.12,91.65,light rain,500,31.0,2.2,67,96.7,30.0
2097,2026-08-18,Sualkuchi Silk Village,26.1667,91.5667,moderate rain,501,36.2,3.7,72,0.0,30.0
2098,2026-08-18,Hajo Pilgrimage Town,26.25,91.5167,overcast clouds,804,34.8,7.3,62,8.0,10.0
2099,2026-08-18,Madan Kamdev Ruins,26.3667,91.6333,mist,701,18.3,0.7,73,68.9,45.0
2100,2026-08-18,Chandubi Lake,25.9333,91.4333,overcast clouds,804,31.9,3.0,66,5.6,10.0
2101,2026-08-18,Accoland Water Park,26.09,91.59,light rain,500,35.9,4.8,64,30.0,30.0
2102,2026-08-18,Pobitora Wildlife Sanctuary,26.2333,92.0833,very heavy rain,503,29.3,7.2,95,6.9,60.0
2103,2026-08-18,Shillong,25.5788,91.8933,moderate rain,501,26.2,8.7,63,20.5,30.0
2104,2026-08-18,Umiam Lake,25.657,91.889,fog,741,32.6,3.7,78,48.2,45.0
2105,2026-08-18,Cherrapunji (Sohra),25.2912,91.6783,haze,721,22.8,0.3,64,8.9,45.0
2106,2026-08-18,Nohkalikai Falls,25.276,91.6857,light drizzle,300,24.6,3.6,97,23.0,20.0
2107,2026-08-18,"Living Root Bridge, Nongriat",25.247,91.715,heavy rain,502,29.4,5.9,72,0.0,60.0
2108,2026-08-18,Mawlynnong Village,25.2,91.9167,few clouds,801,34.7,8.1,95,57.1,10.0
2109,2026-08-18,Dawki / Umngot River,25.19,92.02,mist,701,20.6,0.9,54,55.9,45.0
2110,2026-08-18,Kaziranga National Park,26.5775,93.1711,overcast clouds,804,27.4,2.1,50,0.0,10.0
2111,2026-08-18,Nameri National Park,26.92,92.88,light drizzle,300,30.3,10.3,60,31.5,30.0
2112,2026-08-18,Manas National Park,26.7,91.0,light rain,500,30.2,0.5,61,15.7,30.0
2113,2026-08-18,Tezpur,26.6338,92.8,fog,741,26.2,2.0,72,8.5,45.0
2114,2026-08-18,Majuli River Island,26.95,94.17,heavy rain,502,26.6,1.1,53,2.8,60.0
2115,2026-08-18,Jorhat,26.7509,94.2037,light rain,500,32.1,4.3,64,0.0,30.0
2116,2026-08-18,Sivasagar,26.9826,94.6425,moderate rain,501,20.7,1.8,72,53.9,30.0
2117,2026-08-18,Dibrugarh,27.4728,94.912,scattered clouds,802,26.7,1.1,77,54.2,10.0
2118,2026-08-18,Digboi Oil Heritage,27.3931,95.6186,moderate rain,501,23.3,1.6,71,29.5,30.0
2119,2026-08-18,Haflong,25.1667,93.0167,moderate rain,501,27.4,4.1,94,0.0,30.0
2120,2026-08-18,Tawang Monastery,27.5861,91.8594,heavy rain,502,26.8,5.9,77,35.6,60.0
2121,2026-08-18,Ziro Valley,27.5448,93.832,light rain,500,20.6,1.2,63,63.6,30.0
2122,2026-08-18,Gangtok,27.3314,88.6138,scattered clouds,802,25.3,5.4,93,0.0,10.0
2123,2026-08-18,Kohima,25.6751,94.1086,mist,701,28.4,2.5,48,8.8,45.0
2124,2026-08-18,Dzukou Valley,25.5833,94.05,scattered clouds,802,20.3,12.2,81,0.0,20.0
2125,2026-08-18,Imphal,24.817,93.9368,moderate rain,501,29.5,3.0,92,0.0,30.0
2126,2026-08-18,Loktak Lake,24.5333,93.8167,thunderstorm,200,26.2,1.7,80,0.0,80.0
2127,2026-08-18,Aizawl,23.7271,92.7176,thunderstorm,200,28.1,1.4,88,8.7,80.0
2128,2026-08-18,Agartala,23.8315,91.2868,heavy rain,502,25.7,2.2,96,0.0,60.0
2129,2026-08-19,Kamakhya Temple,26.1664,91.7055,moderate rain,501,25.7,2.9,45,47.5,30.0
2130,2026-08-19,Umananda Island,26.1964,91.7453,moderate rain,501,28.0,8.6,46,29.7,30.0
2131,2026-08-19,Navagraha Temple,26.1749,91.7789,thunderstorm with heavy rain,202,28.6,2.5,52,9.1,80.0
2132,2026-08-19,Basistha Temple,26.1132,91.797,overcast clouds,804,28.9,6.8,61,66.3,10.0
2133,2026-08-19,Guwahati Railway Station,26.1824,91.7513,thunderstorm with heavy rain,202,19.0,1.0,84,28.1,80.0
2134,2026-08-19,LGB International Airport,26.1061,91.5859,clear sky,800,33.2,4.7,60,50.1,5.0
2135,2026-08-19,Paltan Bazaar,26.1817,91.7503,overcast clouds,804,21.7,3.3,75,0.0,10.0
2136,2026-08-19,Fancy Bazaar,26.1836,91.7434,scattered clouds,802,23.9,3.8,62,5.3,10.0
2137,2026-08-19,Pan Bazaar,26.1856,91.7455,light rain,500,25.7,3.0,71,23.5,30.0
2138,2026-08-19,Uzan Bazar Ghat,26.19,91.759,light drizzle,300,31.6,1.9,82,35.0,20.0
2139,2026-08-19,Brahmaputra Riverfront,26.1905,91.748,light drizzle,300,19.6,0.4,84,0.0,20.0
2140,2026-08-19,Dighalipukhuri,26.1861,91.7503,light rain,500,34.6,5.7,74,57.7,30.0
2141,2026-08-19,Nehru Park,26.1857,91.7477,light drizzle,300,27.5,6.3,77,31.2,20.0
2142,2026-08-19,Assam State Museum,26.1857,91.7481,moderate rain,501,24.9,9.8,54,16.7,30.0
2143,2026-08-19,Assam State Zoo & Botanical Garden,26.178,91.786,light rain,500,23.5,3.0,90,26.7,30.0
2144,2026-08-19,Srimanta Sankaradeva Kalakshetra,26.144,91.8058,thunderstorm,200,21.8,2.2,49,0.0,80.0
2145,2026-08-19,Guwahati Planetarium,26.1856,91.7625,fog,741,24.2,1.7,75,5.6,45.0
2146,2026-08-19,"Gandhi Mandap, Sarania Hill",26.175,91.758,thunderstorm,200,20.7,2.3,61,16.4,80.0
2147,2026-08-19,Nilachal Ropeway Terminal,26.188,91.744,scattered clouds,802,39.1,0.1,67,0.0,10.0
2148,2026-08-19,Dispur Secretariat,26.142,91.79,few clouds,801,36.0,0.6,59,25.5,10.0
2149,2026-08-19,Ganeshguri Junction,26.147,91.79,scattered clouds,802,35.2,9.0,75,9.9,10.0
2150,2026-08-19,Six Mile,26.135,91.805,thunderstorm,200,35.7,5.4,51,0.0,80.0
2151,2026-08-19,Beltola Bazaar,26.129,91.8,fog,741,37.4,6.4,93,73.7,45.0
2152,2026-08-19,Zoo Road Tiniali,26.165,91.78,few clouds,801,28.0,2.4,92,24.9,10.0
2153,2026-08-19,Chandmari,26.183,91.772,few clouds,801,21.2,3.8,98,33.2,10.0
2154,2026-08-19,Silpukhuri,26.188,91.766,scattered clouds,802,25.5,3.8,85,22.2,10.0
2155,2026-08-19,Bharalumukh,26.17,91.735,heavy rain,502,31.6,4.2,73,10.3,60.0
2156,2026-08-19,Rehabari,26.175,91.748,thunderstorm,200,22.4,1.6,95,30.3,80.0
2157,2026-08-19,Bhangagarh,26.15,91.77,overcast clouds,804,24.5,0.2,87,23.3,10.0
2158,2026-08-19,Hatigaon,26.136,91.788,scattered clouds,802,36.6,3.9,81,19.4,10.0
2159,2026-08-19,Kahilipara,26.133,91.762,moderate rain,501,29.4,5.2,91,56.9,30.0
2160,2026-08-19,Maligaon,26.158,91.679,moderate rain,501,29.3,2.2,97,33.9,30.0
2161,2026-08-19,Jalukbari,26.152,91.665,moderate rain,501,33.6,1.0,80,45.2,30.0
2162,2026-08-19,Gauhati University,26.152,91.665,moderate rain,501,20.8,0.8,81,0.0,30.0
2163,2026-08-19,IIT Guwahati,26.19,91.695,few clouds,801,23.9,4.0,52,9.9,10.0
2164,2026-08-19,Guwahati Medical College,26.155,91.7,moderate rain,501,37.2,3.5,63,24.5,30.0
2165,2026-08-19,Saraighat Bridge,26.1889,91.67,fog,741,35.8,3.5,49,28.2,45.0
2166,2026-08-19,North Guwahati Ghat,26.198,91.69,light drizzle,300,24.4,2.2,78,14.0,20.0
2167,2026-08-19,Amingaon,26.19,91.66,fog,741,28.0,0.5,48,0.0,45.0
2168,2026-08-19,Noonmati,26.178,91.806,heavy rain,502,41.4,1.7,86,0.0,60.0
2169,2026-08-19,Narengi,26.175,91.84,clear sky,800,31.3,2.3,66,24.7,5.0
2170,2026-08-19,Khanapara,26.118,91.818,overcast clouds,804,29.8,2.8,93,0.0,10.0
2171,2026-08-19,Lokhra,26.105,91.735,very heavy rain,503,25.5,5.1,49,29.0,60.0
2172,2026-08-19,Deepor Beel Wildlife Sanctuary,26.12,91.65,heavy rain,502,32.6,0.1,67,0.0,60.0
2173,2026-08-19,Sualkuchi Silk Village,26.1667,91.5667,haze,721,25.9,7.4,84,65.2,45.0
2174,2026-08-19,Hajo Pilgrimage Town,26.25,91.5167,moderate rain,501,33.5,0.8,51,47.1,30.0
2175,2026-08-19,Madan Kamdev Ruins,26.3667,91.6333,few clouds,801,27.7,0.8,72,0.0,10.0
2176,2026-08-19,Chandubi Lake,25.9333,91.4333,mist,701,29.6,4.2,46,75.3,45.0
2177,2026-08-19,Accoland Water Park,26.09,91.59,thunderstorm,200,22.3,4.9,69,1.0,80.0
2178,2026-08-19,Pobitora Wildlife Sanctuary,26.2333,92.0833,moderate rain,501,36.1,1.0,89,31.7,30.0
2179,2026-08-19,Shillong,25.5788,91.8933,scattered clouds,802,22.0,2.4,52,0.0,10.0
2180,2026-08-19,Umiam Lake,25.657,91.889,haze,721,25.8,5.9,72,30.1,45.0
2181,2026-08-19,Cherrapunji (Sohra),25.2912,91.6783,fog,741,30.2,3.6,45,23.9,45.0
2182,2026-08-19,Nohkalikai Falls,25.276,91.6857,mist,701,29.7,8.4,96,0.0,45.0
2183,2026-08-19,"Living Root Bridge, Nongriat",25.247,91.715,clear sky,800,19.0,2.5,49,43.2,5.0
2184,2026-08-19,Mawlynnong Village,25.2,91.9167,light drizzle,300,25.3,4.6,60,49.2,20.0
2185,2026-08-19,Dawki / Umngot River,25.19,92.02,snow,601,31.7,5.6,87,25.2,50.0
2186,2026-08-19,Kaziranga National Park,26.5775,93.1711,light drizzle,300,22.4,4.3,92,10.1,20.0
2187,2026-08-19,Nameri National Park,26.92,92.88,thunderstorm with heavy rain,202,22.1,8.2,73,4.3,80.0
2188,2026-08-19,Manas National Park,26.7,91.0,thunderstorm,200,26.1,3.5,78,53.1,80.0
2189,2026-08-19,Tezpur,26.6338,92.8,mist,701,33.7,1.9,51,68.6,45.0
2190,2026-08-19,Majuli River Island,26.95,94.17,very heavy rain,503,25.1,5.6,58,4.0,60.0
2191,2026-08-19,Jorhat,26.7509,94.2037,fog,741,22.9,5.5,64,17.1,45.0
2192,2026-08-19,Sivasagar,26.9826,94.6425,light rain,500,29.1,1.4,60,5.4,30.0
2193,2026-08-19,Dibrugarh,27.4728,94.912,very heavy rain,503,23.6,1.6,52,65.1,60.0
2194,2026-08-19,Digboi Oil Heritage,27.3931,95.6186,light drizzle,300,24.4,4.3,50,6.9,20.0
2195,2026-08-19,Haflong,25.1667,93.0167,few clouds,801,24.1,5.3,46,34.0,10.0
2196,2026-08-19,Tawang Monastery,27.5861,91.8594,few clouds,801,28.9,1.3,72,33.3,10.0
2197,2026-08-19,Ziro Valley,27.5448,93.832,moderate rain,501,26.9,3.1,93,14.7,30.0
2198,2026-08-19,Gangtok,27.3314,88.6138,heavy rain,502,36.9,4.1,61,0.0,60.0
2199,2026-08-19,Kohima,25.6751,94.1086,thunderstorm with heavy rain,202,23.4,0.7,66,12.7,80.0
2200,2026-08-19,Dzukou Valley,25.5833,94.05,mist,701,30.3,0.6,93,0.0,45.0
2201,2026-08-19,Imphal,24.817,93.9368,few clouds,801,31.1,5.8,91,36.8,10.0
2202,2026-08-19,Loktak Lake,24.5333,93.8167,snow,601,22.9,2.5,91,12.3,50.0
2203,2026-08-19,Aizawl,23.7271,92.7176,heavy rain,502,27.6,1.7,69,0.0,60.0
2204,2026-08-19,Agartala,23.8315,91.2868,light drizzle,300,31.4,5.4,88,6.9,20.0
2205,2026-08-20,Kamakhya Temple,26.1664,91.7055,haze,721,29.9,5.5,79,8.8,45.0
2206,2026-08-20,Umananda Island,26.1964,91.7453,few clouds,801,27.4,7.2,61,37.6,10.0
2207,2026-08-20,Navagraha Temple,26.1749,91.7789,thunderstorm,200,21.6,5.0,52,5.1,80.0
2208,2026-08-20,Basistha Temple,26.1132,91.797,thunderstorm with heavy rain,202,31.1,7.6,46,0.0,80.0
2209,2026-08-20,Guwahati Railway Station,26.1824,91.7513,moderate rain,501,30.7,4.1,75,0.0,30.0
2210,2026-08-20,LGB International Airport,26.1061,91.5859,light rain,500,26.2,0.6,84,13.1,30.0
2211,2026-08-20,Paltan Bazaar,26.1817,91.7503,moderate rain,501,26.4,6.6,61,20.0,30.0
2212,2026-08-20,Fancy Bazaar,26.1836,91.7434,mist,701,32.9,1.1,54,43.3,45.0
2213,2026-08-20,Pan Bazaar,26.1856,91.7455,mist,701,25.0,2.3,86,54.9,45.0
2214,2026-08-20,Uzan Bazar Ghat,26.19,91.759,mist,701,26.7,4.6,90,14.5,45.0
2215,2026-08-20,Brahmaputra Riverfront,26.1905,91.748,light drizzle,300,23.4,12.4,61,66.0,30.0
2216,2026-08-20,Dighalipukhuri,26.1861,91.7503,mist,701,26.5,4.1,60,16.1,45.0
2217,2026-08-20,Nehru Park,26.1857,91.7477,light rain,500,30.5,6.4,77,32.9,30.0
2218,2026-08-20,Assam State Museum,26.1857,91.7481,heavy rain,502,31.6,4.4,49,0.0,60.0
2219,2026-08-20,Assam State Zoo & Botanical Garden,26.178,91.786,heavy rain,502,26.0,4.7,65,0.0,60.0
2220,2026-08-20,Srimanta Sankaradeva Kalakshetra,26.144,91.8058,haze,721,31.9,1.7,63,3.4,45.0
2221,2026-08-20,Guwahati Planetarium,26.1856,91.7625,heavy rain,502,29.3,4.0,54,22.8,60.0
2222,2026-08-20,"Gandhi Mandap, Sarania Hill",26.175,91.758,heavy rain,502,30.1,3.1,94,0.0,60.0
2223,2026-08-20,Nilachal Ropeway Terminal,26.188,91.744,thunderstorm,200,20.3,4.5,58,0.0,80.0
2224,2026-08-20,Dispur Secretariat,26.142,91.79,very heavy rain,503,33.0,6.2,86,52.3,60.0
2225,2026-08-20,Ganeshguri Junction,26.147,91.79,few clouds,801,33.5,9.7,59,0.0,10.0
2226,2026-08-20,Six Mile,26.135,91.805,heavy rain,502,27.4,0.7,52,0.0,60.0
2227,2026-08-20,Beltola Bazaar,26.129,91.8,mist,701,27.7,2.5,75,1.6,45.0
2228,2026-08-20,Zoo Road Tiniali,26.165,91.78,light rain,500,30.2,0.4,60,48.8,30.0
2229,2026-08-20,Chandmari,26.183,91.772,light rain,500,14.9,6.0,59,0.0,30.0
2230,2026-08-20,Silpukhuri,26.188,91.766,scattered clouds,802,28.5,4.9,71,58.6,10.0
2231,2026-08-20,Bharalumukh,26.17,91.735,light rain,500,32.8,1.4,68,0.0,30.0
2232,2026-08-20,Rehabari,26.175,91.748,moderate rain,501,22.3,0.1,97,33.8,30.0
2233,2026-08-20,Bhangagarh,26.15,91.77,haze,721,26.3,5.5,71,1.0,45.0
2234,2026-08-20,Hatigaon,26.136,91.788,heavy rain,502,29.3,0.4,52,0.0,60.0
2235,2026-08-20,Kahilipara,26.133,91.762,scattered clouds,802,34.8,4.0,81,0.0,10.0
2236,2026-08-20,Maligaon,26.158,91.679,overcast clouds,804,30.3,3.7,55,42.9,10.0
2237,2026-08-20,Jalukbari,26.152,91.665,scattered clouds,802,34.3,3.2,75,17.4,10.0
2238,2026-08-20,Gauhati University,26.152,91.665,few clouds,801,21.0,1.9,49,34.0,10.0
2239,2026-08-20,IIT Guwahati,26.19,91.695,scattered clouds,802,19.7,8.0,72,2.5,10.0
2240,2026-08-20,Guwahati Medical College,26.155,91.7,heavy rain,502,27.4,5.9,97,5.8,60.0
2241,2026-08-20,Saraighat Bridge,26.1889,91.67,mist,701,24.2,0.0,91,57.3,45.0
2242,2026-08-20,North Guwahati Ghat,26.198,91.69,light rain,500,23.1,4.9,73,26.1,30.0
2243,2026-08-20,Amingaon,26.19,91.66,thunderstorm,200,31.3,1.1,89,28.6,80.0
2244,2026-08-20,Noonmati,26.178,91.806,thunderstorm,200,38.2,4.9,50,0.0,80.0
2245,2026-08-20,Narengi,26.175,91.84,overcast clouds,804,28.3,7.5,88,3.6,10.0
2246,2026-08-20,Khanapara,26.118,91.818,moderate rain,501,21.4,1.1,94,16.2,30.0
2247,2026-08-20,Lokhra,26.105,91.735,scattered clouds,802,32.4,2.7,81,0.0,10.0
2248,2026-08-20,Deepor Beel Wildlife Sanctuary,26.12,91.65,moderate rain,501,31.7,3.1,69,9.0,30.0
2249,2026-08-20,Sualkuchi Silk Village,26.1667,91.5667,light rain,500,30.5,4.2,97,66.7,30.0
2250,2026-08-20,Hajo Pilgrimage Town,26.25,91.5167,thunderstorm,200,24.3,1.4,84,26.5,80.0
2251,2026-08-20,Madan Kamdev Ruins,26.3667,91.6333,light rain,500,30.5,2.5,63,14.0,30.0
2252,2026-08-20,Chandubi Lake,25.9333,91.4333,mist,701,25.3,6.7,83,72.2,45.0
2253,2026-08-20,Accoland Water Park,26.09,91.59,thunderstorm,200,24.6,7.5,54,44.1,80.0
2254,2026-08-20,Pobitora Wildlife Sanctuary,26.2333,92.0833,moderate rain,501,31.3,5.7,47,47.5,30.0
2255,2026-08-20,Shillong,25.5788,91.8933,haze,721,25.8,1.7,45,0.0,45.0
2256,2026-08-20,Umiam Lake,25.657,91.889,light rain,500,25.6,3.9,72,77.6,30.0
2257,2026-08-20,Cherrapunji (Sohra),25.2912,91.6783,thunderstorm,200,26.8,2.1,63,52.5,80.0
2258,2026-08-20,Nohkalikai Falls,25.276,91.6857,fog,741,35.6,1.2,76,53.9,45.0
2259,2026-08-20,"Living Root Bridge, Nongriat",25.247,91.715,light drizzle,300,16.1,9.7,91,0.0,20.0
2260,2026-08-20,Mawlynnong Village,25.2,91.9167,thunderstorm with heavy rain,202,27.9,3.4,49,0.3,80.0
2261,2026-08-20,Dawki / Umngot River,25.19,92.02,light rain,500,27.8,1.1,85,14.6,30.0
2262,2026-08-20,Kaziranga National Park,26.5775,93.1711,few clouds,801,24.0,1.0,47,0.0,10.0
2263,2026-08-20,Nameri National Park,26.92,92.88,light rain,500,24.3,8.4,65,29.7,30.0
2264,2026-08-20,Manas National Park,26.7,91.0,thunderstorm with heavy rain,202,19.4,7.1,85,0.0,80.0
2265,2026-08-20,Tezpur,26.6338,92.8,clear sky,800,31.7,5.4,59,8.9,5.0
2266,2026-08-20,Majuli River Island,26.95,94.17,overcast clouds,804,31.2,1.4,63,0.0,10.0
2267,2026-08-20,Jorhat,26.7509,94.2037,scattered clouds,802,26.4,2.6,78,43.9,10.0
2268,2026-08-20,Sivasagar,26.9826,94.6425,clear sky,800,33.8,0.4,58,31.1,5.0
2269,2026-08-20,Dibrugarh,27.4728,94.912,thunderstorm,200,29.8,7.9,84,0.0,80.0
2270,2026-08-20,Digboi Oil Heritage,27.3931,95.6186,heavy rain,502,20.7,6.2,56,21.6,60.0
2271,2026-08-20,Haflong,25.1667,93.0167,mist,701,19.4,6.8,87,0.0,45.0
2272,2026-08-20,Tawang Monastery,27.5861,91.8594,light rain,500,24.4,4.0,51,40.4,30.0
2273,2026-08-20,Ziro Valley,27.5448,93.832,overcast clouds,804,25.5,9.7,93,2.7,10.0
2274,2026-08-20,Gangtok,27.3314,88.6138,light rain,500,26.7,11.2,74,7.4,40.0
2275,2026-08-20,Kohima,25.6751,94.1086,haze,721,24.1,2.0,70,5.9,45.0
2276,2026-08-20,Dzukou Valley,25.5833,94.05,moderate rain,501,30.0,1.5,71,0.0,30.0
2277,2026-08-20,Imphal,24.817,93.9368,very heavy rain,503,28.7,5.8,58,51.6,60.0
2278,2026-08-20,Loktak Lake,24.5333,93.8167,few clouds,801,28.5,0.2,65,0.0,10.0
2279,2026-08-20,Aizawl,23.7271,92.7176,light rain,500,23.1,4.6,61,34.8,30.0
2280,2026-08-20,Agartala,23.8315,91.2868,thunderstorm,200,23.1,2.3,64,57.0,80.0
2281,2026-08-21,Kamakhya Temple,26.1664,91.7055,moderate rain,501,38.0,4.6,79,27.5,30.0
2282,2026-08-21,Umananda Island,26.1964,91.7453,fog,741,24.6,7.5,83,3.4,45.0
2283,2026-08-21,Navagraha Temple,26.1749,91.7789,moderate rain,501,27.7,4.1,69,50.9,30.0
2284,2026-08-21,Basistha Temple,26.1132,91.797,fog,741,28.7,6.0,86,0.0,45.0
2285,2026-08-21,Guwahati Railway Station,26.1824,91.7513,few clouds,801,34.0,4.4,55,31.2,10.0
2286,2026-08-21,LGB International Airport,26.1061,91.5859,thunderstorm,200,27.3,0.9,68,32.4,80.0
2287,2026-08-21,Paltan Bazaar,26.1817,91.7503,light rain,500,35.9,4.5,45,22.9,30.0
2288,2026-08-21,Fancy Bazaar,26.1836,91.7434,fog,741,32.0,3.6,76,33.1,45.0
2289,2026-08-21,Pan Bazaar,26.1856,91.7455,few clouds,801,29.1,3.4,85,20.6,10.0
2290,2026-08-21,Uzan Bazar Ghat,26.19,91.759,light drizzle,300,34.2,1.3,86,48.7,20.0
2291,2026-08-21,Brahmaputra Riverfront,26.1905,91.748,light rain,500,18.7,6.1,50,44.3,30.0
2292,2026-08-21,Dighalipukhuri,26.1861,91.7503,very heavy rain,503,27.9,5.1,92,13.0,60.0
2293,2026-08-21,Nehru Park,26.1857,91.7477,thunderstorm with heavy rain,202,26.2,2.1,92,0.0,80.0
2294,2026-08-21,Assam State Museum,26.1857,91.7481,thunderstorm with heavy rain,202,33.6,1.9,72,0.0,80.0
2295,2026-08-21,Assam State Zoo & Botanical Garden,26.178,91.786,moderate rain,501,28.6,5.9,57,71.5,30.0
2296,2026-08-21,Srimanta Sankaradeva Kalakshetra,26.144,91.8058,heavy rain,502,24.2,8.1,59,36.5,60.0
2297,2026-08-21,Guwahati Planetarium,26.1856,91.7625,haze,721,25.9,0.3,89,0.0,45.0
2298,2026-08-21,"Gandhi Mandap, Sarania Hill",26.175,91.758,clear sky,800,23.0,3.0,68,18.5,5.0
2299,2026-08-21,Nilachal Ropeway Terminal,26.188,91.744,thunderstorm,200,22.6,2.8,81,42.9,80.0
2300,2026-08-21,Dispur Secretariat,26.142,91.79,light drizzle,300,23.6,3.0,86,41.5,20.0
2301,2026-08-21,Ganeshguri Junction,26.147,91.79,light drizzle,300,33.5,6.1,50,30.6,20.0
2302,2026-08-21,Six Mile,26.135,91.805,mist,701,24.2,4.5,54,19.2,45.0
2303,2026-08-21,Beltola Bazaar,26.129,91.8,light rain,500,22.8,5.4,98,1.4,30.0
2304,2026-08-21,Zoo Road Tiniali,26.165,91.78,thunderstorm,200,27.9,2.6,66,39.6,80.0
2305,2026-08-21,Chandmari,26.183,91.772,thunderstorm with heavy rain,202,29.7,8.0,83,15.8,80.0
2306,2026-08-21,Silpukhuri,26.188,91.766,very heavy rain,503,28.3,3.7,79,0.0,60.0
2307,2026-08-21,Bharalumukh,26.17,91.735,moderate rain,501,27.1,5.6,74,10.3,30.0
2308,2026-08-21,Rehabari,26.175,91.748,mist,701,30.1,0.0,51,17.5,45.0
2309,2026-08-21,Bhangagarh,26.15,91.77,light rain,500,29.2,4.9,45,39.8,30.0
2310,2026-08-21,Hatigaon,26.136,91.788,overcast clouds,804,15.6,7.7,47,43.5,10.0
2311,2026-08-21,Kahilipara,26.133,91.762,mist,701,28.2,0.7,78,0.0,45.0
2312,2026-08-21,Maligaon,26.158,91.679,moderate rain,501,24.6,3.9,72,30.4,30.0
2313,2026-08-21,Jalukbari,26.152,91.665,snow,601,17.9,2.3,62,0.0,50.0
2314,2026-08-21,Gauhati University,26.152,91.665,light rain,500,26.4,2.9,78,6.8,30.0
2315,2026-08-21,IIT Guwahati,26.19,91.695,very heavy rain,503,16.4,5.9,68,0.0,60.0
2316,2026-08-21,Guwahati Medical College,26.155,91.7,moderate rain,501,38.5,3.2,91,0.0,30.0
2317,2026-08-21,Saraighat Bridge,26.1889,91.67,snow,601,26.7,5.1,90,19.7,50.0
2318,2026-08-21,North Guwahati Ghat,26.198,91.69,light rain,500,29.1,3.1,45,25.5,30.0
2319,2026-08-21,Amingaon,26.19,91.66,light drizzle,300,35.1,5.3,79,7.2,20.0
2320,2026-08-21,Noonmati,26.178,91.806,heavy rain,502,26.5,3.8,85,12.8,60.0
2321,2026-08-21,Narengi,26.175,91.84,heavy rain,502,35.0,4.1,57,10.9,60.0
2322,2026-08-21,Khanapara,26.118,91.818,mist,701,24.3,9.0,84,7.2,45.0
2323,2026-08-21,Lokhra,26.105,91.735,thunderstorm,200,25.4,7.0,86,12.6,80.0
2324,2026-08-21,Deepor Beel Wildlife Sanctuary,26.12,91.65,overcast clouds,804,27.5,2.5,61,0.0,10.0
2325,2026-08-21,Sualkuchi Silk Village,26.1667,91.5667,heavy rain,502,32.3,6.1,86,20.3,60.0
2326,2026-08-21,Hajo Pilgrimage Town,26.25,91.5167,thunderstorm,200,24.6,0.8,96,7.0,80.0
2327,2026-08-21,Madan Kamdev Ruins,26.3667,91.6333,thunderstorm,200,20.7,1.4,58,39.5,80.0
2328,2026-08-21,Chandubi Lake,25.9333,91.4333,haze,721,35.6,8.1,54,42.5,45.0
2329,2026-08-21,Accoland Water Park,26.09,91.59,overcast clouds,804,28.0,3.4,49,24.5,10.0
2330,2026-08-21,Pobitora Wildlife Sanctuary,26.2333,92.0833,moderate rain,501,21.1,2.9,65,31.7,30.0
2331,2026-08-21,Shillong,25.5788,91.8933,light drizzle,300,24.3,3.6,70,0.3,20.0
2332,2026-08-21,Umiam Lake,25.657,91.889,moderate rain,501,25.7,5.6,78,46.1,30.0
2333,2026-08-21,Cherrapunji (Sohra),25.2912,91.6783,few clouds,801,25.9,1.9,55,62.6,10.0
2334,2026-08-21,Nohkalikai Falls,25.276,91.6857,thunderstorm,200,31.4,1.6,76,0.0,80.0
2335,2026-08-21,"Living Root Bridge, Nongriat",25.247,91.715,very heavy rain,503,30.5,3.5,72,9.0,60.0
2336,2026-08-21,Mawlynnong Village,25.2,91.9167,mist,701,33.3,2.0,67,0.0,45.0
2337,2026-08-21,Dawki / Umngot River,25.19,92.02,thunderstorm,200,34.2,4.4,57,6.4,80.0
2338,2026-08-21,Kaziranga National Park,26.5775,93.1711,thunderstorm,200,33.4,4.8,78,19.8,80.0
2339,2026-08-21,Nameri National Park,26.92,92.88,overcast clouds,804,25.7,1.2,68,43.5,10.0
2340,2026-08-21,Manas National Park,26.7,91.0,clear sky,800,27.0,1.7,86,53.7,5.0
2341,2026-08-21,Tezpur,26.6338,92.8,moderate rain,501,30.1,8.0,61,16.7,30.0
2342,2026-08-21,Majuli River Island,26.95,94.17,heavy rain,502,35.8,4.5,75,25.6,60.0
2343,2026-08-21,Jorhat,26.7509,94.2037,snow,601,23.7,1.2,75,18.0,50.0
2344,2026-08-21,Sivasagar,26.9826,94.6425,moderate rain,501,31.8,0.8,84,32.6,30.0
2345,2026-08-21,Dibrugarh,27.4728,94.912,mist,701,34.7,6.3,53,59.1,45.0
2346,2026-08-21,Digboi Oil Heritage,27.3931,95.6186,scattered clouds,802,20.6,6.3,65,31.7,10.0
2347,2026-08-21,Haflong,25.1667,93.0167,scattered clouds,802,24.1,4.8,57,0.0,10.0
2348,2026-08-21,Tawang Monastery,27.5861,91.8594,light rain,500,23.0,0.6,90,0.0,30.0
2349,2026-08-21,Ziro Valley,27.5448,93.832,overcast clouds,804,27.3,8.3,68,0.0,10.0
2350,2026-08-21,Gangtok,27.3314,88.6138,light rain,500,31.9,2.8,49,0.0,30.0
2351,2026-08-21,Kohima,25.6751,94.1086,overcast clouds,804,25.2,3.6,62,41.4,10.0
2352,2026-08-21,Dzukou Valley,25.5833,94.05,light drizzle,300,29.9,5.1,56,46.1,20.0
2353,2026-08-21,Imphal,24.817,93.9368,heavy rain,502,18.0,7.4,64,14.5,60.0
2354,2026-08-21,Loktak Lake,24.5333,93.8167,light rain,500,21.0,6.3,81,2.0,30.0
2355,2026-08-21,Aizawl,23.7271,92.7176,fog,741,33.9,9.2,56,15.9,45.0
2356,2026-08-21,Agartala,23.8315,91.2868,heavy rain,502,36.3,1.6,95,8.9,60.0
2357,2026-08-22,Kamakhya Temple,26.1664,91.7055,clear sky,800,23.8,1.3,91,38.1,5.0
2358,2026-08-22,Umananda Island,26.1964,91.7453,very heavy rain,503,37.4,2.6,92,0.4,60.0
2359,2026-08-22,Navagraha Temple,26.1749,91.7789,thunderstorm,200,29.2,4.2,90,13.3,80.0
2360,2026-08-22,Basistha Temple,26.1132,91.797,heavy rain,502,19.9,5.9,62,42.4,60.0
2361,2026-08-22,Guwahati Railway Station,26.1824,91.7513,mist,701,31.7,4.6,89,7.8,45.0
2362,2026-08-22,LGB International Airport,26.1061,91.5859,light rain,500,22.4,4.0,78,50.5,30.0
2363,2026-08-22,Paltan Bazaar,26.1817,91.7503,moderate rain,501,21.1,0.4,47,49.5,30.0
2364,2026-08-22,Fancy Bazaar,26.1836,91.7434,overcast clouds,804,13.5,2.3,72,0.0,10.0
2365,2026-08-22,Pan Bazaar,26.1856,91.7455,light rain,500,19.7,5.5,58,0.0,30.0
2366,2026-08-22,Uzan Bazar Ghat,26.19,91.759,moderate rain,501,27.8,10.1,77,0.0,40.0
2367,2026-08-22,Brahmaputra Riverfront,26.1905,91.748,thunderstorm,200,33.6,3.3,47,44.6,80.0
2368,2026-08-22,Dighalipukhuri,26.1861,91.7503,heavy rain,502,22.5,1.8,65,22.4,60.0
2369,2026-08-22,Nehru Park,26.1857,91.7477,light rain,500,32.6,0.6,47,12.8,30.0
2370,2026-08-22,Assam State Museum,26.1857,91.7481,light rain,500,30.4,4.8,75,9.4,30.0
2371,2026-08-22,Assam State Zoo & Botanical Garden,26.178,91.786,light rain,500,26.2,2.7,67,8.3,30.0
2372,2026-08-22,Srimanta Sankaradeva Kalakshetra,26.144,91.8058,overcast clouds,804,37.0,6.7,74,24.2,10.0
2373,2026-08-22,Guwahati Planetarium,26.1856,91.7625,heavy rain,502,20.4,1.8,75,27.6,60.0
2374,2026-08-22,"Gandhi Mandap, Sarania Hill",26.175,91.758,light rain,500,24.0,1.5,64,50.1,30.0
2375,2026-08-22,Nilachal Ropeway Terminal,26.188,91.744,few clouds,801,26.4,5.5,77,38.5,10.0
2376,2026-08-22,Dispur Secretariat,26.142,91.79,light drizzle,300,22.1,5.5,55,2.3,20.0
2377,2026-08-22,Ganeshguri Junction,26.147,91.79,moderate rain,501,23.1,9.0,89,33.6,30.0
2378,2026-08-22,Six Mile,26.135,91.805,haze,721,28.0,2.8,66,4.8,45.0
2379,2026-08-22,Beltola Bazaar,26.129,91.8,thunderstorm with heavy rain,202,28.7,4.7,95,22.5,80.0
2380,2026-08-22,Zoo Road Tiniali,26.165,91.78,moderate rain,501,28.1,1.9,54,18.9,30.0
2381,2026-08-22,Chandmari,26.183,91.772,overcast clouds,804,31.8,4.7,56,19.5,10.0
2382,2026-08-22,Silpukhuri,26.188,91.766,scattered clouds,802,28.3,5.5,94,56.0,10.0
2383,2026-08-22,Bharalumukh,26.17,91.735,light rain,500,28.7,0.8,75,0.0,30.0
2384,2026-08-22,Rehabari,26.175,91.748,overcast clouds,804,23.2,2.6,74,22.2,10.0
2385,2026-08-22,Bhangagarh,26.15,91.77,very heavy rain,503,25.8,3.6,53,0.0,60.0
2386,2026-08-22,Hatigaon,26.136,91.788,light rain,500,26.1,9.9,88,36.1,30.0
2387,2026-08-22,Kahilipara,26.133,91.762,thunderstorm,200,30.3,0.8,49,0.0,80.0
2388,2026-08-22,Maligaon,26.158,91.679,haze,721,38.3,7.2,56,26.8,45.0
2389,2026-08-22,Jalukbari,26.152,91.665,thunderstorm,200,31.3,1.6,97,51.8,80.0
2390,2026-08-22,Gauhati University,26.152,91.665,light rain,500,31.2,3.5,76,26.4,30.0
2391,2026-08-22,IIT Guwahati,26.19,91.695,overcast clouds,804,33.2,4.3,66,6.3,10.0
2392,2026-08-22,Guwahati Medical College,26.155,91.7,overcast clouds,804,25.2,4.8,75,52.8,10.0
2393,2026-08-22,Saraighat Bridge,26.1889,91.67,few clouds,801,26.7,6.5,55,0.0,10.0
2394,2026-08-22,North Guwahati Ghat,26.198,91.69,scattered clouds,802,29.6,5.7,91,0.0,10.0
2395,2026-08-22,Amingaon,26.19,91.66,scattered clouds,802,21.1,7.0,45,25.0,10.0
2396,2026-08-22,Noonmati,26.178,91.806,moderate rain,501,27.7,4.8,86,14.5,30.0
2397,2026-08-22,Narengi,26.175,91.84,haze,721,33.0,0.7,64,0.0,45.0
2398,2026-08-22,Khanapara,26.118,91.818,scattered clouds,802,31.8,5.7,77,0.0,10.0
2399,2026-08-22,Lokhra,26.105,91.735,light rain,500,28.7,0.8,79,30.0,30.0
2400,2026-08-22,Deepor Beel Wildlife Sanctuary,26.12,91.65,overcast clouds,804,20.5,3.2,88,37.4,10.0
2401,2026-08-22,Sualkuchi Silk Village,26.1667,91.5667,few clouds,801,28.5,10.8,90,4.0,20.0
2402,2026-08-22,Hajo Pilgrimage Town,26.25,91.5167,thunderstorm with heavy rain,202,27.2,2.4,48,0.0,80.0
2403,2026-08-22,Madan Kamdev Ruins,26.3667,91.6333,moderate rain,501,30.5,9.3,74,0.0,30.0
2404,2026-08-22,Chandubi Lake,25.9333,91.4333,very heavy rain,503,27.9,8.2,63,40.7,60.0
2405,2026-08-22,Accoland Water Park,26.09,91.59,thunderstorm,200,28.6,5.8,63,15.1,80.0
2406,2026-08-22,Pobitora Wildlife Sanctuary,26.2333,92.0833,light rain,500,23.6,3.9,67,0.0,30.0
2407,2026-08-22,Shillong,25.5788,91.8933,thunderstorm,200,27.0,0.5,56,27.6,80.0
2408,2026-08-22,Umiam Lake,25.657,91.889,thunderstorm,200,24.4,4.2,62,0.0,80.0
2409,2026-08-22,Cherrapunji (Sohra),25.2912,91.6783,light rain,500,29.8,0.5,97,65.7,30.0
2410,2026-08-22,Nohkalikai Falls,25.276,91.6857,thunderstorm with heavy rain,202,26.7,0.5,65,15.0,80.0
2411,2026-08-22,"Living Root Bridge, Nongriat",25.247,91.715,light rain,500,38.9,8.5,85,22.4,30.0
2412,2026-08-22,Mawlynnong Village,25.2,91.9167,moderate rain,501,27.3,2.2,85,0.0,30.0
2413,2026-08-22,Dawki / Umngot River,25.19,92.02,thunderstorm,200,28.5,2.9,92,16.4,80.0
2414,2026-08-22,Kaziranga National Park,26.5775,93.1711,mist,701,30.8,7.9,52,0.0,45.0
2415,2026-08-22,Nameri National Park,26.92,92.88,thunderstorm with heavy rain,202,21.0,5.3,84,0.0,80.0
2416,2026-08-22,Manas National Park,26.7,91.0,light drizzle,300,29.5,3.0,75,0.0,20.0
2417,2026-08-22,Tezpur,26.6338,92.8,overcast clouds,804,26.4,5.7,89,21.6,10.0
2418,2026-08-22,Majuli River Island,26.95,94.17,very heavy rain,503,19.3,1.1,88,0.0,60.0
2419,2026-08-22,Jorhat,26.7509,94.2037,light drizzle,300,28.1,5.5,95,6.7,20.0
2420,2026-08-22,Sivasagar,26.9826,94.6425,light drizzle,300,16.9,4.3,65,0.0,20.0
2421,2026-08-22,Dibrugarh,27.4728,94.912,scattered clouds,802,35.8,4.2,59,37.0,10.0
2422,2026-08-22,Digboi Oil Heritage,27.3931,95.6186,thunderstorm,200,31.1,4.5,85,0.0,80.0
2423,2026-08-22,Haflong,25.1667,93.0167,heavy rain,502,26.5,0.2,80,40.7,60.0
2424,2026-08-22,Tawang Monastery,27.5861,91.8594,light rain,500,22.8,3.7,92,27.5,30.0
2425,2026-08-22,Ziro Valley,27.5448,93.832,moderate rain,501,27.4,1.7,69,17.8,30.0
2426,2026-08-22,Gangtok,27.3314,88.6138,mist,701,34.9,4.3,80,10.9,45.0
2427,2026-08-22,Kohima,25.6751,94.1086,haze,721,32.1,7.8,78,3.9,45.0
2428,2026-08-22,Dzukou Valley,25.5833,94.05,light rain,500,27.4,5.3,84,12.6,30.0
2429,2026-08-22,Imphal,24.817,93.9368,heavy rain,502,23.5,0.8,71,23.4,60.0
2430,2026-08-22,Loktak Lake,24.5333,93.8167,haze,721,22.6,3.5,60,7.9,45.0
2431,2026-08-22,Aizawl,23.7271,92.7176,light rain,500,26.9,0.7,52,32.4,30.0
2432,2026-08-22,Agartala,23.8315,91.2868,snow,601,25.2,4.7,55,11.3,50.0
2433,2026-08-23,Kamakhya Temple,26.1664,91.7055,thunderstorm,200,26.6,11.8,80,0.0,90.0
2434,2026-08-23,Umananda Island,26.1964,91.7453,light rain,500,24.4,6.2,68,5.2,30.0
2435,2026-08-23,Navagraha Temple,26.1749,91.7789,heavy rain,502,21.5,1.2,85,19.6,60.0
2436,2026-08-23,Basistha Temple,26.1132,91.797,moderate rain,501,20.3,0.9,76,49.0,30.0
2437,2026-08-23,Guwahati Railway Station,26.1824,91.7513,thunderstorm,200,39.1,2.0,55,31.9,80.0
2438,2026-08-23,LGB International Airport,26.1061,91.5859,light drizzle,300,23.6,2.6,74,13.4,20.0
2439,2026-08-23,Paltan Bazaar,26.1817,91.7503,very heavy rain,503,25.9,2.9,82,0.0,60.0
2440,2026-08-23,Fancy Bazaar,26.1836,91.7434,light rain,500,23.5,3.2,53,0.0,30.0
2441,2026-08-23,Pan Bazaar,26.1856,91.7455,heavy rain,502,28.0,2.3,81,11.2,60.0
2442,2026-08-23,Uzan Bazar Ghat,26.19,91.759,light rain,500,28.0,3.7,75,50.4,30.0
2443,2026-08-23,Brahmaputra Riverfront,26.1905,91.748,very heavy rain,503,27.7,4.1,83,45.1,60.0
2444,2026-08-23,Dighalipukhuri,26.1861,91.7503,moderate rain,501,34.4,0.6,55,0.0,30.0
2445,2026-08-23,Nehru Park,26.1857,91.7477,moderate rain,501,24.4,3.1,75,70.0,30.0
2446,2026-08-23,Assam State Museum,26.1857,91.7481,light rain,500,25.2,0.9,58,69.1,30.0
2447,2026-08-23,Assam State Zoo & Botanical Garden,26.178,91.786,heavy rain,502,29.9,0.9,73,62.5,60.0
2448,2026-08-23,Srimanta Sankaradeva Kalakshetra,26.144,91.8058,haze,721,25.6,3.2,83,18.0,45.0
2449,2026-08-23,Guwahati Planetarium,26.1856,91.7625,thunderstorm with heavy rain,202,20.1,8.1,60,0.0,80.0
2450,2026-08-23,"Gandhi Mandap, Sarania Hill",26.175,91.758,clear sky,800,35.4,5.3,78,25.6,5.0
2451,2026-08-23,Nilachal Ropeway Terminal,26.188,91.744,snow,601,26.5,4.2,71,68.0,50.0
2452,2026-08-23,Dispur Secretariat,26.142,91.79,moderate rain,501,26.5,1.9,79,0.0,30.0
2453,2026-08-23,Ganeshguri Junction,26.147,91.79,thunderstorm,200,31.5,1.7,48,11.3,80.0
2454,2026-08-23,Six Mile,26.135,91.805,thunderstorm with heavy rain,202,28.6,6.4,90,0.0,80.0
2455,2026-08-23,Beltola Bazaar,26.129,91.8,fog,741,24.1,1.3,95,28.0,45.0
2456,2026-08-23,Zoo Road Tiniali,26.165,91.78,light drizzle,300,31.8,4.7,52,0.0,20.0
2457,2026-08-23,Chandmari,26.183,91.772,thunderstorm,200,33.4,0.6,54,56.1,80.0
2458,2026-08-23,Silpukhuri,26.188,91.766,overcast clouds,804,33.9,0.7,49,38.5,10.0
2459,2026-08-23,Bharalumukh,26.17,91.735,moderate rain,501,19.9,2.2,93,16.7,30.0
2460,2026-08-23,Rehabari,26.175,91.748,moderate rain,501,29.8,6.0,81,0.0,30.0
2461,2026-08-23,Bhangagarh,26.15,91.77,light drizzle,300,28.6,5.1,78,13.8,20.0
2462,2026-08-23,Hatigaon,26.136,91.788,light rain,500,25.3,5.6,90,33.8,30.0
2463,2026-08-23,Kahilipara,26.133,91.762,overcast clouds,804,23.8,1.2,73,11.3,10.0
2464,2026-08-23,Maligaon,26.158,91.679,thunderstorm with heavy rain,202,32.7,2.0,69,42.7,80.0
2465,2026-08-23,Jalukbari,26.152,91.665,light drizzle,300,37.7,4.3,82,7.2,20.0
2466,2026-08-23,Gauhati University,26.152,91.665,light drizzle,300,26.5,7.3,78,0.0,20.0
2467,2026-08-23,IIT Guwahati,26.19,91.695,light rain,500,25.9,2.2,67,0.0,30.0
2468,2026-08-23,Guwahati Medical College,26.155,91.7,moderate rain,501,23.2,0.4,76,14.4,30.0
2469,2026-08-23,Saraighat Bridge,26.1889,91.67,very heavy rain,503,23.8,5.9,75,21.4,60.0
2470,2026-08-23,North Guwahati Ghat,26.198,91.69,fog,741,25.6,3.2,59,36.0,45.0
2471,2026-08-23,Amingaon,26.19,91.66,overcast clouds,804,22.9,0.3,52,4.2,10.0
2472,2026-08-23,Noonmati,26.178,91.806,moderate rain,501,37.3,1.2,98,0.0,30.0
2473,2026-08-23,Narengi,26.175,91.84,thunderstorm,200,20.0,5.7,59,16.7,80.0
2474,2026-08-23,Khanapara,26.118,91.818,few clouds,801,19.4,0.7,77,0.0,10.0
2475,2026-08-23,Lokhra,26.105,91.735,few clouds,801,26.0,0.0,92,8.1,10.0
2476,2026-08-23,Deepor Beel Wildlife Sanctuary,26.12,91.65,thunderstorm with heavy rain,202,22.3,3.2,60,28.0,80.0
2477,2026-08-23,Sualkuchi Silk Village,26.1667,91.5667,light drizzle,300,20.4,3.2,86,29.3,20.0
2478,2026-08-23,Hajo Pilgrimage Town,26.25,91.5167,thunderstorm,200,34.1,1.8,62,80.5,80.0
2479,2026-08-23,Madan Kamdev Ruins,26.3667,91.6333,moderate rain,501,29.8,5.1,98,65.2,30.0
2480,2026-08-23,Chandubi Lake,25.9333,91.4333,scattered clouds,802,26.9,0.3,60,34.1,10.0
2481,2026-08-23,Accoland Water Park,26.09,91.59,heavy rain,502,25.3,0.6,79,24.0,60.0
2482,2026-08-23,Pobitora Wildlife Sanctuary,26.2333,92.0833,thunderstorm with heavy rain,202,33.1,2.8,73,30.6,80.0
2483,2026-08-23,Shillong,25.5788,91.8933,scattered clouds,802,33.9,4.7,58,0.8,10.0
2484,2026-08-23,Umiam Lake,25.657,91.889,clear sky,800,18.2,2.0,91,41.2,5.0
2485,2026-08-23,Cherrapunji (Sohra),25.2912,91.6783,mist,701,24.8,3.8,96,0.0,45.0
2486,2026-08-23,Nohkalikai Falls,25.276,91.6857,snow,601,27.9,0.3,62,43.6,50.0
2487,2026-08-23,"Living Root Bridge, Nongriat",25.247,91.715,moderate rain,501,33.3,5.1,77,10.4,30.0
2488,2026-08-23,Mawlynnong Village,25.2,91.9167,light drizzle,300,23.5,7.7,88,13.4,20.0
2489,2026-08-23,Dawki / Umngot River,25.19,92.02,heavy rain,502,33.0,2.3,93,45.2,60.0
2490,2026-08-23,Kaziranga National Park,26.5775,93.1711,light rain,500,33.6,2.3,55,13.5,30.0
2491,2026-08-23,Nameri National Park,26.92,92.88,overcast clouds,804,20.5,3.8,51,42.1,10.0
2492,2026-08-23,Manas National Park,26.7,91.0,heavy rain,502,24.9,2.0,94,14.2,60.0
2493,2026-08-23,Tezpur,26.6338,92.8,scattered clouds,802,32.3,3.8,64,4.9,10.0
2494,2026-08-23,Majuli River Island,26.95,94.17,scattered clouds,802,25.9,6.8,81,50.6,10.0
2495,2026-08-23,Jorhat,26.7509,94.2037,very heavy rain,503,30.9,2.6,70,28.9,60.0
2496,2026-08-23,Sivasagar,26.9826,94.6425,heavy rain,502,34.9,2.2,75,70.3,60.0
2497,2026-08-23,Dibrugarh,27.4728,94.912,very heavy rain,503,19.6,4.8,62,20.6,60.0
2498,2026-08-23,Digboi Oil Heritage,27.3931,95.6186,fog,741,30.4,5.8,64,0.0,45.0
2499,2026-08-23,Haflong,25.1667,93.0167,light rain,500,34.6,0.5,73,6.5,30.0
2500,2026-08-23,Tawang Monastery,27.5861,91.8594,thunderstorm,200,39.9,7.1,48,20.1,80.0
2501,2026-08-23,Ziro Valley,27.5448,93.832,haze,721,35.2,0.2,74,18.5,45.0
2502,2026-08-23,Gangtok,27.3314,88.6138,very heavy rain,503,30.0,2.9,63,56.4,60.0
2503,2026-08-23,Kohima,25.6751,94.1086,thunderstorm with heavy rain,202,28.8,6.6,69,3.3,80.0
2504,2026-08-23,Dzukou Valley,25.5833,94.05,overcast clouds,804,29.3,6.9,62,46.8,10.0
2505,2026-08-23,Imphal,24.817,93.9368,scattered clouds,802,32.4,3.6,75,49.3,10.0
2506,2026-08-23,Loktak Lake,24.5333,93.8167,haze,721,36.2,2.1,69,3.7,45.0
2507,2026-08-23,Aizawl,23.7271,92.7176,very heavy rain,503,24.9,6.4,62,51.1,60.0
2508,2026-08-23,Agartala,23.8315,91.2868,few clouds,801,32.3,3.2,79,25.9,10.0
2509,2026-08-24,Kamakhya Temple,26.1664,91.7055,light rain,500,26.9,4.8,53,25.2,30.0
2510,2026-08-24,Umananda Island,26.1964,91.7453,haze,721,27.0,2.7,54,0.0,45.0
2511,2026-08-24,Navagraha Temple,26.1749,91.7789,heavy rain,502,25.1,0.1,73,19.0,60.0
2512,2026-08-24,Basistha Temple,26.1132,91.797,thunderstorm,200,27.6,7.4,63,48.7,80.0
2513,2026-08-24,Guwahati Railway Station,26.1824,91.7513,very heavy rain,503,34.6,6.8,95,5.2,60.0
2514,2026-08-24,LGB International Airport,26.1061,91.5859,haze,721,22.5,1.2,92,50.9,45.0
2515,2026-08-24,Paltan Bazaar,26.1817,91.7503,mist,701,33.1,4.9,74,7.2,45.0
2516,2026-08-24,Fancy Bazaar,26.1836,91.7434,haze,721,27.6,5.0,46,52.0,45.0
2517,2026-08-24,Pan Bazaar,26.1856,91.7455,scattered clouds,802,23.9,1.5,96,10.2,10.0
2518,2026-08-24,Uzan Bazar Ghat,26.19,91.759,moderate rain,501,33.1,3.6,46,2.4,30.0
2519,2026-08-24,Brahmaputra Riverfront,26.1905,91.748,heavy rain,502,27.7,11.1,96,3.5,70.0
2520,2026-08-24,Dighalipukhuri,26.1861,91.7503,light drizzle,300,27.1,6.8,49,26.1,20.0
2521,2026-08-24,Nehru Park,26.1857,91.7477,heavy rain,502,26.6,8.7,79,34.4,60.0
2522,2026-08-24,Assam State Museum,26.1857,91.7481,mist,701,23.0,6.5,86,5.4,45.0
2523,2026-08-24,Assam State Zoo & Botanical Garden,26.178,91.786,snow,601,19.5,3.6,72,29.6,50.0
2524,2026-08-24,Srimanta Sankaradeva Kalakshetra,26.144,91.8058,mist,701,30.9,0.4,66,17.5,45.0
2525,2026-08-24,Guwahati Planetarium,26.1856,91.7625,few clouds,801,24.4,1.9,78,26.0,10.0
2526,2026-08-24,"Gandhi Mandap, Sarania Hill",26.175,91.758,fog,741,31.9,1.3,63,1.8,45.0
2527,2026-08-24,Nilachal Ropeway Terminal,26.188,91.744,clear sky,800,27.1,3.8,59,11.7,5.0
2528,2026-08-24,Dispur Secretariat,26.142,91.79,mist,701,20.6,5.0,79,0.0,45.0
2529,2026-08-24,Ganeshguri Junction,26.147,91.79,moderate rain,501,20.6,0.9,81,65.2,30.0
2530,2026-08-24,Six Mile,26.135,91.805,thunderstorm,200,25.1,0.6,54,10.5,80.0
2531,2026-08-24,Beltola Bazaar,26.129,91.8,overcast clouds,804,29.0,3.8,83,24.7,10.0
2532,2026-08-24,Zoo Road Tiniali,26.165,91.78,scattered clouds,802,26.9,3.2,65,25.7,10.0
2533,2026-08-24,Chandmari,26.183,91.772,fog,741,25.2,2.4,55,0.3,45.0
2534,2026-08-24,Silpukhuri,26.188,91.766,fog,741,29.0,4.6,53,40.9,45.0
2535,2026-08-24,Bharalumukh,26.17,91.735,mist,701,27.1,4.9,69,67.6,45.0
2536,2026-08-24,Rehabari,26.175,91.748,mist,701,28.4,4.5,73,25.7,45.0
2537,2026-08-24,Bhangagarh,26.15,91.77,light rain,500,32.7,4.3,97,64.8,30.0
2538,2026-08-24,Hatigaon,26.136,91.788,moderate rain,501,22.7,9.1,55,3.8,30.0
2539,2026-08-24,Kahilipara,26.133,91.762,thunderstorm,200,32.0,6.0,83,0.0,80.0
2540,2026-08-24,Maligaon,26.158,91.679,light rain,500,28.5,11.1,77,28.6,40.0
2541,2026-08-24,Jalukbari,26.152,91.665,light rain,500,30.4,3.5,74,42.3,30.0
2542,2026-08-24,Gauhati University,26.152,91.665,light rain,500,30.2,3.8,68,15.3,30.0
2543,2026-08-24,IIT Guwahati,26.19,91.695,fog,741,23.4,5.2,86,0.0,45.0
2544,2026-08-24,Guwahati Medical College,26.155,91.7,scattered clouds,802,24.9,15.0,75,0.0,20.0
2545,2026-08-24,Saraighat Bridge,26.1889,91.67,clear sky,800,26.2,8.2,65,64.5,5.0
2546,2026-08-24,North Guwahati Ghat,26.198,91.69,overcast clouds,804,34.0,5.1,53,19.8,10.0
2547,2026-08-24,Amingaon,26.19,91.66,very heavy rain,503,26.2,3.6,96,28.2,60.0
2548,2026-08-24,Noonmati,26.178,91.806,light drizzle,300,21.1,8.3,71,0.0,20.0
2549,2026-08-24,Narengi,26.175,91.84,overcast clouds,804,22.9,10.7,92,31.6,20.0
2550,2026-08-24,Khanapara,26.118,91.818,light rain,500,35.8,0.7,46,0.0,30.0
2551,2026-08-24,Lokhra,26.105,91.735,moderate rain,501,34.6,2.0,98,15.9,30.0
2552,2026-08-24,Deepor Beel Wildlife Sanctuary,26.12,91.65,thunderstorm,200,22.9,6.1,47,63.7,80.0
2553,2026-08-24,Sualkuchi Silk Village,26.1667,91.5667,thunderstorm,200,32.0,5.4,79,0.0,80.0
2554,2026-08-24,Hajo Pilgrimage Town,26.25,91.5167,moderate rain,501,28.5,6.3,59,21.6,30.0
2555,2026-08-24,Madan Kamdev Ruins,26.3667,91.6333,scattered clouds,802,27.8,5.0,75,0.0,10.0
2556,2026-08-24,Chandubi Lake,25.9333,91.4333,mist,701,18.8,4.2,96,36.0,45.0
2557,2026-08-24,Accoland Water Park,26.09,91.59,heavy rain,502,33.2,2.2,61,43.3,60.0
2558,2026-08-24,Pobitora Wildlife Sanctuary,26.2333,92.0833,light rain,500,22.0,6.7,75,0.0,30.0
2559,2026-08-24,Shillong,25.5788,91.8933,moderate rain,501,22.3,5.4,53,20.5,30.0
2560,2026-08-24,Umiam Lake,25.657,91.889,fog,741,28.3,5.1,51,28.2,45.0
2561,2026-08-24,Cherrapunji (Sohra),25.2912,91.6783,thunderstorm,200,34.8,2.7,60,20.4,80.0
2562,2026-08-24,Nohkalikai Falls,25.276,91.6857,very heavy rain,503,21.6,5.4,87,77.5,60.0
2563,2026-08-24,"Living Root Bridge, Nongriat",25.247,91.715,heavy rain,502,26.4,5.3,62,18.8,60.0
2564,2026-08-24,Mawlynnong Village,25.2,91.9167,light rain,500,24.5,1.9,47,0.0,30.0
2565,2026-08-24,Dawki / Umngot River,25.19,92.02,thunderstorm,200,21.3,4.8,95,23.1,80.0
2566,2026-08-24,Kaziranga National Park,26.5775,93.1711,overcast clouds,804,36.7,5.3,55,27.5,10.0
2567,2026-08-24,Nameri National Park,26.92,92.88,light rain,500,28.4,6.9,67,37.2,30.0
2568,2026-08-24,Manas National Park,26.7,91.0,haze,721,15.0,9.1,74,61.8,45.0
2569,2026-08-24,Tezpur,26.6338,92.8,heavy rain,502,27.3,2.1,62,1.2,60.0
2570,2026-08-24,Majuli River Island,26.95,94.17,light rain,500,31.2,0.5,66,17.7,30.0
2571,2026-08-24,Jorhat,26.7509,94.2037,thunderstorm with heavy rain,202,28.5,0.3,87,58.5,80.0
2572,2026-08-24,Sivasagar,26.9826,94.6425,thunderstorm,200,27.3,6.9,72,61.5,80.0
2573,2026-08-24,Dibrugarh,27.4728,94.912,heavy rain,502,27.4,5.0,59,64.5,60.0
2574,2026-08-24,Digboi Oil Heritage,27.3931,95.6186,scattered clouds,802,27.4,2.6,67,5.4,10.0
2575,2026-08-24,Haflong,25.1667,93.0167,light drizzle,300,33.6,4.5,50,83.3,20.0
2576,2026-08-24,Tawang Monastery,27.5861,91.8594,overcast clouds,804,32.4,1.8,77,0.0,10.0
2577,2026-08-24,Ziro Valley,27.5448,93.832,overcast clouds,804,25.0,4.6,46,31.1,10.0
2578,2026-08-24,Gangtok,27.3314,88.6138,moderate rain,501,29.2,8.2,78,0.0,30.0
2579,2026-08-24,Kohima,25.6751,94.1086,moderate rain,501,23.5,4.4,59,0.0,30.0
2580,2026-08-24,Dzukou Valley,25.5833,94.05,overcast clouds,804,32.1,6.1,85,49.7,10.0
2581,2026-08-24,Imphal,24.817,93.9368,heavy rain,502,21.5,0.8,93,11.4,60.0
2582,2026-08-24,Loktak Lake,24.5333,93.8167,haze,721,25.0,0.2,48,25.7,45.0
2583,2026-08-24,Aizawl,23.7271,92.7176,haze,721,26.7,5.9,78,70.1,45.0
2584,2026-08-24,Agartala,23.8315,91.2868,moderate rain,501,35.7,2.4,45,62.5,30.0
2585,2026-08-25,Kamakhya Temple,26.1664,91.7055,few clouds,801,20.8,2.3,58,48.5,10.0
2586,2026-08-25,Umananda Island,26.1964,91.7453,haze,721,32.8,1.6,54,27.3,45.0
2587,2026-08-25,Navagraha Temple,26.1749,91.7789,moderate rain,501,39.3,7.8,60,6.6,30.0
2588,2026-08-25,Basistha Temple,26.1132,91.797,light rain,500,24.8,4.6,67,7.7,30.0
2589,2026-08-25,Guwahati Railway Station,26.1824,91.7513,few clouds,801,27.1,5.8,70,47.3,10.0
2590,2026-08-25,LGB International Airport,26.1061,91.5859,fog,741,31.1,6.9,88,40.1,45.0
2591,2026-08-25,Paltan Bazaar,26.1817,91.7503,light drizzle,300,34.3,1.5,78,13.6,20.0
2592,2026-08-25,Fancy Bazaar,26.1836,91.7434,heavy rain,502,20.8,4.8,64,24.6,60.0
2593,2026-08-25,Pan Bazaar,26.1856,91.7455,thunderstorm with heavy rain,202,26.2,0.5,54,80.8,80.0
2594,2026-08-25,Uzan Bazar Ghat,26.19,91.759,fog,741,25.8,7.1,47,34.7,45.0
2595,2026-08-25,Brahmaputra Riverfront,26.1905,91.748,light rain,500,26.5,4.6,74,4.4,30.0
2596,2026-08-25,Dighalipukhuri,26.1861,91.7503,thunderstorm,200,31.8,4.3,63,0.0,80.0
2597,2026-08-25,Nehru Park,26.1857,91.7477,light drizzle,300,38.5,11.8,83,66.4,30.0
2598,2026-08-25,Assam State Museum,26.1857,91.7481,light drizzle,300,31.4,2.0,89,0.0,20.0
2599,2026-08-25,Assam State Zoo & Botanical Garden,26.178,91.786,haze,721,31.4,0.3,94,10.4,45.0
2600,2026-08-25,Srimanta Sankaradeva Kalakshetra,26.144,91.8058,light drizzle,300,27.9,8.2,71,47.8,20.0
2601,2026-08-25,Guwahati Planetarium,26.1856,91.7625,very heavy rain,503,32.7,3.5,45,54.4,60.0
2602,2026-08-25,"Gandhi Mandap, Sarania Hill",26.175,91.758,light drizzle,300,21.3,6.7,87,19.1,20.0
2603,2026-08-25,Nilachal Ropeway Terminal,26.188,91.744,light drizzle,300,27.8,9.1,76,0.0,20.0
2604,2026-08-25,Dispur Secretariat,26.142,91.79,light rain,500,16.7,1.4,69,11.2,30.0
2605,2026-08-25,Ganeshguri Junction,26.147,91.79,few clouds,801,34.0,8.0,86,49.4,10.0
2606,2026-08-25,Six Mile,26.135,91.805,scattered clouds,802,28.4,2.4,88,0.0,10.0
2607,2026-08-25,Beltola Bazaar,26.129,91.8,thunderstorm,200,22.4,0.9,90,17.2,80.0
2608,2026-08-25,Zoo Road Tiniali,26.165,91.78,thunderstorm with heavy rain,202,31.9,0.7,78,0.0,80.0
2609,2026-08-25,Chandmari,26.183,91.772,few clouds,801,33.4,0.9,92,24.4,10.0
2610,2026-08-25,Silpukhuri,26.188,91.766,clear sky,800,27.0,0.9,66,15.7,5.0
2611,2026-08-25,Bharalumukh,26.17,91.735,scattered clouds,802,23.7,8.2,91,0.0,10.0
2612,2026-08-25,Rehabari,26.175,91.748,light rain,500,26.1,5.2,60,0.0,30.0
2613,2026-08-25,Bhangagarh,26.15,91.77,light drizzle,300,23.7,4.1,89,37.5,20.0
2614,2026-08-25,Hatigaon,26.136,91.788,thunderstorm with heavy rain,202,30.2,3.4,80,59.5,80.0
2615,2026-08-25,Kahilipara,26.133,91.762,very heavy rain,503,19.6,3.2,94,37.3,60.0
2616,2026-08-25,Maligaon,26.158,91.679,mist,701,24.5,1.8,92,47.9,45.0
2617,2026-08-25,Jalukbari,26.152,91.665,thunderstorm with heavy rain,202,27.1,6.1,64,50.2,80.0
2618,2026-08-25,Gauhati University,26.152,91.665,heavy rain,502,25.7,6.4,56,45.1,60.0
2619,2026-08-25,IIT Guwahati,26.19,91.695,thunderstorm,200,37.4,5.2,76,0.0,80.0
2620,2026-08-25,Guwahati Medical College,26.155,91.7,mist,701,28.4,7.9,65,0.0,45.0
2621,2026-08-25,Saraighat Bridge,26.1889,91.67,clear sky,800,32.0,4.5,77,8.1,5.0
2622,2026-08-25,North Guwahati Ghat,26.198,91.69,thunderstorm,200,23.1,0.2,89,12.0,80.0
2623,2026-08-25,Amingaon,26.19,91.66,few clouds,801,32.4,7.4,87,1.9,10.0
2624,2026-08-25,Noonmati,26.178,91.806,thunderstorm,200,23.1,4.8,69,12.9,80.0
2625,2026-08-25,Narengi,26.175,91.84,scattered clouds,802,25.5,8.8,96,9.2,10.0
2626,2026-08-25,Khanapara,26.118,91.818,scattered clouds,802,33.4,7.3,47,17.9,10.0
2627,2026-08-25,Lokhra,26.105,91.735,light drizzle,300,41.0,8.8,46,0.0,20.0
2628,2026-08-25,Deepor Beel Wildlife Sanctuary,26.12,91.65,haze,721,28.1,3.7,86,35.9,45.0
2629,2026-08-25,Sualkuchi Silk Village,26.1667,91.5667,thunderstorm with heavy rain,202,31.3,5.0,46,36.0,80.0
2630,2026-08-25,Hajo Pilgrimage Town,26.25,91.5167,moderate rain,501,11.2,0.8,57,0.0,30.0
2631,2026-08-25,Madan Kamdev Ruins,26.3667,91.6333,light rain,500,22.6,5.8,85,0.0,30.0
2632,2026-08-25,Chandubi Lake,25.9333,91.4333,light rain,500,27.4,0.5,68,62.5,30.0
2633,2026-08-25,Accoland Water Park,26.09,91.59,thunderstorm with heavy rain,202,32.8,3.3,60,8.0,80.0
2634,2026-08-25,Pobitora Wildlife Sanctuary,26.2333,92.0833,haze,721,34.6,6.1,89,55.1,45.0
2635,2026-08-25,Shillong,25.5788,91.8933,light drizzle,300,27.4,2.0,95,57.1,20.0
2636,2026-08-25,Umiam Lake,25.657,91.889,moderate rain,501,35.4,3.1,59,46.6,30.0
2637,2026-08-25,Cherrapunji (Sohra),25.2912,91.6783,thunderstorm,200,21.0,2.6,80,25.7,80.0
2638,2026-08-25,Nohkalikai Falls,25.276,91.6857,light drizzle,300,30.9,1.6,73,0.0,20.0
2639,2026-08-25,"Living Root Bridge, Nongriat",25.247,91.715,moderate rain,501,32.8,3.3,55,45.0,30.0
2640,2026-08-25,Mawlynnong Village,25.2,91.9167,very heavy rain,503,32.5,4.0,90,0.7,60.0
2641,2026-08-25,Dawki / Umngot River,25.19,92.02,overcast clouds,804,26.3,3.0,91,14.9,10.0
2642,2026-08-25,Kaziranga National Park,26.5775,93.1711,mist,701,34.6,5.8,72,23.8,45.0
2643,2026-08-25,Nameri National Park,26.92,92.88,very heavy rain,503,22.8,11.7,58,6.7,70.0
2644,2026-08-25,Manas National Park,26.7,91.0,very heavy rain,503,26.8,1.3,96,35.1,60.0
2645,2026-08-25,Tezpur,26.6338,92.8,mist,701,27.1,5.1,79,51.0,45.0
2646,2026-08-25,Majuli River Island,26.95,94.17,mist,701,29.6,3.0,93,16.5,45.0
2647,2026-08-25,Jorhat,26.7509,94.2037,light rain,500,37.4,9.5,84,41.8,30.0
2648,2026-08-25,Sivasagar,26.9826,94.6425,overcast clouds,804,32.8,4.7,94,83.6,10.0
2649,2026-08-25,Dibrugarh,27.4728,94.912,thunderstorm,200,30.9,4.3,86,54.4,80.0
2650,2026-08-25,Digboi Oil Heritage,27.3931,95.6186,light rain,500,32.2,1.4,89,32.2,30.0
2651,2026-08-25,Haflong,25.1667,93.0167,fog,741,31.3,1.2,89,0.0,45.0
2652,2026-08-25,Tawang Monastery,27.5861,91.8594,overcast clouds,804,26.8,4.4,72,32.5,10.0
2653,2026-08-25,Ziro Valley,27.5448,93.832,mist,701,28.0,1.6,70,25.1,45.0
2654,2026-08-25,Gangtok,27.3314,88.6138,very heavy rain,503,32.8,6.2,51,31.4,60.0
2655,2026-08-25,Kohima,25.6751,94.1086,moderate rain,501,28.9,7.6,80,40.5,30.0
2656,2026-08-25,Dzukou Valley,25.5833,94.05,overcast clouds,804,34.0,4.6,45,11.0,10.0
2657,2026-08-25,Imphal,24.817,93.9368,light rain,500,36.4,1.6,81,0.0,30.0
2658,2026-08-25,Loktak Lake,24.5333,93.8167,haze,721,30.6,1.2,56,50.3,45.0
2659,2026-08-25,Aizawl,23.7271,92.7176,moderate rain,501,27.7,4.8,88,46.9,30.0
2660,2026-08-25,Agartala,23.8315,91.2868,heavy rain,502,34.1,1.4,94,0.0,60.0
2661,2026-08-26,Kamakhya Temple,26.1664,91.7055,overcast clouds,804,35.4,6.8,46,0.0,10.0
2662,2026-08-26,Umananda Island,26.1964,91.7453,mist,701,28.7,1.4,64,5.8,45.0
2663,2026-08-26,Navagraha Temple,26.1749,91.7789,fog,741,32.7,7.0,82,0.0,45.0
2664,2026-08-26,Basistha Temple,26.1132,91.797,moderate rain,501,14.3,2.8,66,0.0,30.0
2665,2026-08-26,Guwahati Railway Station,26.1824,91.7513,fog,741,25.3,6.9,69,30.7,45.0
2666,2026-08-26,LGB International Airport,26.1061,91.5859,very heavy rain,503,31.4,3.5,54,25.5,60.0
2667,2026-08-26,Paltan Bazaar,26.1817,91.7503,light drizzle,300,25.1,4.3,70,26.4,20.0
2668,2026-08-26,Fancy Bazaar,26.1836,91.7434,haze,721,18.4,3.8,87,23.9,45.0
2669,2026-08-26,Pan Bazaar,26.1856,91.7455,thunderstorm,200,26.1,4.2,78,48.7,80.0
2670,2026-08-26,Uzan Bazar Ghat,26.19,91.759,fog,741,20.8,5.9,78,3.0,45.0
2671,2026-08-26,Brahmaputra Riverfront,26.1905,91.748,light rain,500,27.0,1.6,65,46.0,30.0
2672,2026-08-26,Dighalipukhuri,26.1861,91.7503,light drizzle,300,24.4,7.3,69,0.0,20.0
2673,2026-08-26,Nehru Park,26.1857,91.7477,scattered clouds,802,28.4,4.9,80,0.0,10.0
2674,2026-08-26,Assam State Museum,26.1857,91.7481,moderate rain,501,28.9,3.8,88,0.0,30.0
2675,2026-08-26,Assam State Zoo & Botanical Garden,26.178,91.786,very heavy rain,503,27.7,2.6,50,6.3,60.0
2676,2026-08-26,Srimanta Sankaradeva Kalakshetra,26.144,91.8058,fog,741,21.1,7.2,92,8.5,45.0
2677,2026-08-26,Guwahati Planetarium,26.1856,91.7625,few clouds,801,30.3,11.2,69,42.4,20.0
2678,2026-08-26,"Gandhi Mandap, Sarania Hill",26.175,91.758,few clouds,801,32.6,10.7,92,0.0,20.0
2679,2026-08-26,Nilachal Ropeway Terminal,26.188,91.744,moderate rain,501,23.2,5.6,88,0.8,30.0
2680,2026-08-26,Dispur Secretariat,26.142,91.79,scattered clouds,802,38.0,2.8,90,1.7,10.0
2681,2026-08-26,Ganeshguri Junction,26.147,91.79,light rain,500,22.3,2.7,81,15.2,30.0
2682,2026-08-26,Six Mile,26.135,91.805,fog,741,30.1,3.1,63,54.8,45.0
2683,2026-08-26,Beltola Bazaar,26.129,91.8,clear sky,800,37.1,3.8,98,10.4,5.0
2684,2026-08-26,Zoo Road Tiniali,26.165,91.78,light rain,500,29.5,5.1,70,73.3,30.0
2685,2026-08-26,Chandmari,26.183,91.772,few clouds,801,30.9,4.9,87,15.1,10.0
2686,2026-08-26,Silpukhuri,26.188,91.766,very heavy rain,503,25.3,10.3,64,0.0,70.0
2687,2026-08-26,Bharalumukh,26.17,91.735,overcast clouds,804,22.4,7.0,62,15.0,10.0
2688,2026-08-26,Rehabari,26.175,91.748,thunderstorm with heavy rain,202,21.1,3.7,57,51.5,80.0
2689,2026-08-26,Bhangagarh,26.15,91.77,thunderstorm with heavy rain,202,28.5,0.6,85,15.4,80.0
2690,2026-08-26,Hatigaon,26.136,91.788,thunderstorm,200,33.3,2.7,49,45.7,80.0
2691,2026-08-26,Kahilipara,26.133,91.762,heavy rain,502,35.1,8.3,76,46.4,60.0
2692,2026-08-26,Maligaon,26.158,91.679,overcast clouds,804,27.2,5.0,90,0.0,10.0
2693,2026-08-26,Jalukbari,26.152,91.665,fog,741,31.7,0.5,63,30.0,45.0
2694,2026-08-26,Gauhati University,26.152,91.665,thunderstorm,200,19.8,1.7,57,49.9,80.0
2695,2026-08-26,IIT Guwahati,26.19,91.695,haze,721,26.0,0.2,53,11.3,45.0
2696,2026-08-26,Guwahati Medical College,26.155,91.7,moderate rain,501,29.1,3.4,69,22.5,30.0
2697,2026-08-26,Saraighat Bridge,26.1889,91.67,overcast clouds,804,19.0,3.9,60,0.0,10.0
2698,2026-08-26,North Guwahati Ghat,26.198,91.69,thunderstorm,200,20.0,4.6,87,33.3,80.0
2699,2026-08-26,Amingaon,26.19,91.66,fog,741,24.8,3.7,58,16.8,45.0
2700,2026-08-26,Noonmati,26.178,91.806,clear sky,800,33.7,2.6,61,58.6,5.0
2701,2026-08-26,Narengi,26.175,91.84,fog,741,30.7,2.3,86,40.9,45.0
2702,2026-08-26,Khanapara,26.118,91.818,fog,741,24.4,4.5,85,17.4,45.0
2703,2026-08-26,Lokhra,26.105,91.735,overcast clouds,804,23.5,1.7,73,35.0,10.0
2704,2026-08-26,Deepor Beel Wildlife Sanctuary,26.12,91.65,moderate rain,501,25.4,4.5,65,13.1,30.0
2705,2026-08-26,Sualkuchi Silk Village,26.1667,91.5667,few clouds,801,23.3,2.3,79,57.7,10.0
2706,2026-08-26,Hajo Pilgrimage Town,26.25,91.5167,thunderstorm,200,27.4,4.0,51,24.3,80.0
2707,2026-08-26,Madan Kamdev Ruins,26.3667,91.6333,very heavy rain,503,28.0,3.7,48,34.7,60.0
2708,2026-08-26,Chandubi Lake,25.9333,91.4333,scattered clouds,802,29.1,1.2,81,52.7,10.0
2709,2026-08-26,Accoland Water Park,26.09,91.59,moderate rain,501,29.2,9.0,75,51.2,30.0
2710,2026-08-26,Pobitora Wildlife Sanctuary,26.2333,92.0833,light drizzle,300,23.9,1.8,92,0.0,20.0
2711,2026-08-26,Shillong,25.5788,91.8933,light drizzle,300,28.2,1.2,85,0.0,20.0
2712,2026-08-26,Umiam Lake,25.657,91.889,overcast clouds,804,23.4,5.4,54,12.6,10.0
2713,2026-08-26,Cherrapunji (Sohra),25.2912,91.6783,light drizzle,300,15.3,2.6,69,69.7,20.0
2714,2026-08-26,Nohkalikai Falls,25.276,91.6857,light rain,500,37.0,3.5,54,23.9,30.0
2715,2026-08-26,"Living Root Bridge, Nongriat",25.247,91.715,few clouds,801,33.5,1.7,59,30.9,10.0
2716,2026-08-26,Mawlynnong Village,25.2,91.9167,heavy rain,502,29.3,3.4,71,42.6,60.0
2717,2026-08-26,Dawki / Umngot River,25.19,92.02,moderate rain,501,31.6,3.6,74,3.5,30.0
2718,2026-08-26,Kaziranga National Park,26.5775,93.1711,light rain,500,27.4,5.5,58,1.3,30.0
2719,2026-08-26,Nameri National Park,26.92,92.88,thunderstorm,200,22.9,3.1,91,0.0,80.0
2720,2026-08-26,Manas National Park,26.7,91.0,fog,741,19.9,0.0,71,5.3,45.0
2721,2026-08-26,Tezpur,26.6338,92.8,light rain,500,32.7,2.5,75,46.2,30.0
2722,2026-08-26,Majuli River Island,26.95,94.17,light drizzle,300,32.3,6.3,84,0.0,20.0
2723,2026-08-26,Jorhat,26.7509,94.2037,light rain,500,32.3,4.4,55,0.0,30.0
2724,2026-08-26,Sivasagar,26.9826,94.6425,light rain,500,29.0,2.4,58,16.1,30.0
2725,2026-08-26,Dibrugarh,27.4728,94.912,light rain,500,24.5,2.3,92,0.0,30.0
2726,2026-08-26,Digboi Oil Heritage,27.3931,95.6186,heavy rain,502,20.0,1.2,54,0.0,60.0
2727,2026-08-26,Haflong,25.1667,93.0167,light rain,500,30.0,2.4,53,20.3,30.0
2728,2026-08-26,Tawang Monastery,27.5861,91.8594,heavy rain,502,28.5,0.0,85,0.0,60.0
2729,2026-08-26,Ziro Valley,27.5448,93.832,mist,701,20.1,1.1,50,73.7,45.0
2730,2026-08-26,Gangtok,27.3314,88.6138,mist,701,26.9,4.4,67,27.5,45.0
2731,2026-08-26,Kohima,25.6751,94.1086,overcast clouds,804,30.8,4.7,98,50.0,10.0
2732,2026-08-26,Dzukou Valley,25.5833,94.05,light rain,500,32.5,5.2,66,2.6,30.0
2733,2026-08-26,Imphal,24.817,93.9368,very heavy rain,503,30.2,3.2,80,45.7,60.0
2734,2026-08-26,Loktak Lake,24.5333,93.8167,overcast clouds,804,36.1,8.7,71,55.2,10.0
2735,2026-08-26,Aizawl,23.7271,92.7176,overcast clouds,804,26.2,0.3,62,0.0,10.0
2736,2026-08-26,Agartala,23.8315,91.2868,haze,721,26.5,2.5,73,5.9,45.0
2737,2026-08-27,Kamakhya Temple,26.1664,91.7055,scattered clouds,802,30.5,9.5,75,6.9,10.0
2738,2026-08-27,Umananda Island,26.1964,91.7453,clear sky,800,24.5,4.8,73,0.0,5.0
2739,2026-08-27,Navagraha Temple,26.1749,91.7789,heavy rain,502,37.6,6.1,76,48.5,60.0
2740,2026-08-27,Basistha Temple,26.1132,91.797,mist,701,38.4,2.2,49,14.0,45.0
2741,2026-08-27,Guwahati Railway Station,26.1824,91.7513,overcast clouds,804,22.7,0.3,54,62.8,10.0
2742,2026-08-27,LGB International Airport,26.1061,91.5859,haze,721,30.3,8.0,63,51.5,45.0
2743,2026-08-27,Paltan Bazaar,26.1817,91.7503,thunderstorm,200,27.3,4.7,83,47.1,80.0
2744,2026-08-27,Fancy Bazaar,26.1836,91.7434,heavy rain,502,14.9,3.1,68,0.0,60.0
2745,2026-08-27,Pan Bazaar,26.1856,91.7455,mist,701,31.8,4.4,78,22.5,45.0
2746,2026-08-27,Uzan Bazar Ghat,26.19,91.759,light rain,500,31.6,3.1,89,49.4,30.0
2747,2026-08-27,Brahmaputra Riverfront,26.1905,91.748,light drizzle,300,29.7,0.5,47,6.3,20.0
2748,2026-08-27,Dighalipukhuri,26.1861,91.7503,very heavy rain,503,25.6,13.2,47,0.0,70.0
2749,2026-08-27,Nehru Park,26.1857,91.7477,scattered clouds,802,27.0,7.7,92,0.0,10.0
2750,2026-08-27,Assam State Museum,26.1857,91.7481,overcast clouds,804,23.1,2.4,89,22.6,10.0
2751,2026-08-27,Assam State Zoo & Botanical Garden,26.178,91.786,very heavy rain,503,23.7,2.6,96,0.0,60.0
2752,2026-08-27,Srimanta Sankaradeva Kalakshetra,26.144,91.8058,light rain,500,27.3,2.7,67,5.2,30.0
2753,2026-08-27,Guwahati Planetarium,26.1856,91.7625,thunderstorm,200,26.1,0.2,62,41.7,80.0
2754,2026-08-27,"Gandhi Mandap, Sarania Hill",26.175,91.758,very heavy rain,503,31.8,5.1,77,0.0,60.0
2755,2026-08-27,Nilachal Ropeway Terminal,26.188,91.744,mist,701,28.4,5.1,93,25.7,45.0
2756,2026-08-27,Dispur Secretariat,26.142,91.79,light rain,500,33.1,4.2,94,55.0,30.0
2757,2026-08-27,Ganeshguri Junction,26.147,91.79,scattered clouds,802,31.7,7.8,92,35.7,10.0
2758,2026-08-27,Six Mile,26.135,91.805,heavy rain,502,31.9,2.2,74,47.2,60.0
2759,2026-08-27,Beltola Bazaar,26.129,91.8,heavy rain,502,34.5,1.3,84,46.1,60.0
2760,2026-08-27,Zoo Road Tiniali,26.165,91.78,overcast clouds,804,27.9,6.7,50,7.7,10.0
2761,2026-08-27,Chandmari,26.183,91.772,thunderstorm,200,30.9,6.2,88,18.8,80.0
2762,2026-08-27,Silpukhuri,26.188,91.766,few clouds,801,25.4,4.5,75,45.7,10.0
2763,2026-08-27,Bharalumukh,26.17,91.735,thunderstorm with heavy rain,202,22.4,2.6,90,26.1,80.0
2764,2026-08-27,Rehabari,26.175,91.748,very heavy rain,503,29.2,5.8,56,11.3,60.0
2765,2026-08-27,Bhangagarh,26.15,91.77,moderate rain,501,34.5,10.6,61,37.3,40.0
2766,2026-08-27,Hatigaon,26.136,91.788,haze,721,25.6,6.4,49,0.0,45.0
2767,2026-08-27,Kahilipara,26.133,91.762,overcast clouds,804,21.2,6.4,59,36.6,10.0
2768,2026-08-27,Maligaon,26.158,91.679,heavy rain,502,23.2,7.1,63,0.3,60.0
2769,2026-08-27,Jalukbari,26.152,91.665,overcast clouds,804,32.6,3.5,60,0.0,10.0
2770,2026-08-27,Gauhati University,26.152,91.665,haze,721,27.9,2.7,49,59.9,45.0
2771,2026-08-27,IIT Guwahati,26.19,91.695,few clouds,801,28.4,3.0,48,0.0,10.0
2772,2026-08-27,Guwahati Medical College,26.155,91.7,few clouds,801,28.7,0.3,45,0.0,10.0
2773,2026-08-27,Saraighat Bridge,26.1889,91.67,haze,721,24.1,2.3,94,38.5,45.0
2774,2026-08-27,North Guwahati Ghat,26.198,91.69,very heavy rain,503,27.2,2.1,61,9.7,60.0
2775,2026-08-27,Amingaon,26.19,91.66,thunderstorm,200,32.3,2.3,96,0.0,80.0
2776,2026-08-27,Noonmati,26.178,91.806,thunderstorm,200,20.7,3.9,57,104.3,80.0
2777,2026-08-27,Narengi,26.175,91.84,light drizzle,300,34.7,5.7,71,0.0,20.0
2778,2026-08-27,Khanapara,26.118,91.818,fog,741,35.6,4.2,74,0.0,45.0
2779,2026-08-27,Lokhra,26.105,91.735,mist,701,28.6,1.8,92,18.1,45.0
2780,2026-08-27,Deepor Beel Wildlife Sanctuary,26.12,91.65,clear sky,800,30.8,0.4,85,34.8,5.0
2781,2026-08-27,Sualkuchi Silk Village,26.1667,91.5667,overcast clouds,804,32.0,1.4,97,9.9,10.0
2782,2026-08-27,Hajo Pilgrimage Town,26.25,91.5167,heavy rain,502,28.9,1.9,70,28.2,60.0
2783,2026-08-27,Madan Kamdev Ruins,26.3667,91.6333,moderate rain,501,31.3,3.2,76,1.4,30.0
2784,2026-08-27,Chandubi Lake,25.9333,91.4333,haze,721,24.6,5.1,76,12.5,45.0
2785,2026-08-27,Accoland Water Park,26.09,91.59,heavy rain,502,28.0,0.3,55,0.0,60.0
2786,2026-08-27,Pobitora Wildlife Sanctuary,26.2333,92.0833,light rain,500,37.7,3.9,90,56.2,30.0
2787,2026-08-27,Shillong,25.5788,91.8933,moderate rain,501,31.5,3.0,76,26.6,30.0
2788,2026-08-27,Umiam Lake,25.657,91.889,clear sky,800,27.0,0.6,85,31.7,5.0
2789,2026-08-27,Cherrapunji (Sohra),25.2912,91.6783,light drizzle,300,23.3,0.5,83,32.0,20.0
2790,2026-08-27,Nohkalikai Falls,25.276,91.6857,thunderstorm,200,31.5,5.3,68,0.0,80.0
2791,2026-08-27,"Living Root Bridge, Nongriat",25.247,91.715,heavy rain,502,28.2,2.9,68,3.1,60.0
2792,2026-08-27,Mawlynnong Village,25.2,91.9167,light rain,500,29.1,4.5,65,68.4,30.0
2793,2026-08-27,Dawki / Umngot River,25.19,92.02,heavy rain,502,24.7,6.3,62,0.0,60.0
2794,2026-08-27,Kaziranga National Park,26.5775,93.1711,light rain,500,28.9,2.2,65,30.2,30.0
2795,2026-08-27,Nameri National Park,26.92,92.88,thunderstorm,200,23.2,2.4,90,2.7,80.0
2796,2026-08-27,Manas National Park,26.7,91.0,thunderstorm with heavy rain,202,22.4,2.3,46,20.0,80.0
2797,2026-08-27,Tezpur,26.6338,92.8,light rain,500,24.6,5.7,54,10.7,30.0
2798,2026-08-27,Majuli River Island,26.95,94.17,moderate rain,501,19.6,2.6,91,0.0,30.0
2799,2026-08-27,Jorhat,26.7509,94.2037,light drizzle,300,30.7,1.4,95,22.9,20.0
2800,2026-08-27,Sivasagar,26.9826,94.6425,light rain,500,29.0,1.2,59,0.0,30.0
2801,2026-08-27,Dibrugarh,27.4728,94.912,heavy rain,502,36.3,0.9,75,0.0,60.0
2802,2026-08-27,Digboi Oil Heritage,27.3931,95.6186,haze,721,23.7,1.5,79,20.1,45.0
2803,2026-08-27,Haflong,25.1667,93.0167,overcast clouds,804,25.0,4.2,83,1.5,10.0
2804,2026-08-27,Tawang Monastery,27.5861,91.8594,few clouds,801,32.6,2.0,77,0.0,10.0
2805,2026-08-27,Ziro Valley,27.5448,93.832,light drizzle,300,22.9,4.3,97,30.7,20.0
2806,2026-08-27,Gangtok,27.3314,88.6138,overcast clouds,804,27.7,1.5,86,23.8,10.0
2807,2026-08-27,Kohima,25.6751,94.1086,thunderstorm,200,30.7,6.5,54,0.0,80.0
2808,2026-08-27,Dzukou Valley,25.5833,94.05,overcast clouds,804,23.9,4.5,62,25.5,10.0
2809,2026-08-27,Imphal,24.817,93.9368,moderate rain,501,34.5,4.8,63,24.8,30.0
2810,2026-08-27,Loktak Lake,24.5333,93.8167,haze,721,35.2,4.8,80,53.3,45.0
2811,2026-08-27,Aizawl,23.7271,92.7176,moderate rain,501,35.3,7.1,69,0.0,30.0
2812,2026-08-27,Agartala,23.8315,91.2868,heavy rain,502,24.5,2.2,98,31.6,60.0
2813,2026-08-28,Kamakhya Temple,26.1664,91.7055,thunderstorm,200,24.5,1.9,93,0.0,80.0
2814,2026-08-28,Umananda Island,26.1964,91.7453,few clouds,801,27.5,0.9,49,5.0,10.0
2815,2026-08-28,Navagraha Temple,26.1749,91.7789,fog,741,29.8,4.4,55,35.0,45.0
2816,2026-08-28,Basistha Temple,26.1132,91.797,thunderstorm,200,32.5,2.7,71,14.1,80.0
2817,2026-08-28,Guwahati Railway Station,26.1824,91.7513,light rain,500,30.1,6.2,48,0.0,30.0
2818,2026-08-28,LGB International Airport,26.1061,91.5859,light rain,500,33.2,2.8,97,56.5,30.0
2819,2026-08-28,Paltan Bazaar,26.1817,91.7503,overcast clouds,804,35.1,6.3,61,19.2,10.0
2820,2026-08-28,Fancy Bazaar,26.1836,91.7434,very heavy rain,503,35.1,4.5,89,23.4,60.0
2821,2026-08-28,Pan Bazaar,26.1856,91.7455,light drizzle,300,28.9,5.5,59,77.1,20.0
2822,2026-08-28,Uzan Bazar Ghat,26.19,91.759,scattered clouds,802,25.9,1.2,85,40.4,10.0
2823,2026-08-28,Brahmaputra Riverfront,26.1905,91.748,very heavy rain,503,29.0,8.6,76,57.2,60.0
2824,2026-08-28,Dighalipukhuri,26.1861,91.7503,light rain,500,31.0,4.2,47,24.9,30.0
2825,2026-08-28,Nehru Park,26.1857,91.7477,overcast clouds,804,27.7,3.2,89,63.2,10.0
2826,2026-08-28,Assam State Museum,26.1857,91.7481,moderate rain,501,30.4,6.5,54,0.0,30.0
2827,2026-08-28,Assam State Zoo & Botanical Garden,26.178,91.786,moderate rain,501,23.8,7.8,63,15.6,30.0
2828,2026-08-28,Srimanta Sankaradeva Kalakshetra,26.144,91.8058,light rain,500,32.3,6.4,61,0.0,30.0
2829,2026-08-28,Guwahati Planetarium,26.1856,91.7625,light rain,500,31.4,2.4,52,2.0,30.0
2830,2026-08-28,"Gandhi Mandap, Sarania Hill",26.175,91.758,moderate rain,501,35.3,0.8,94,10.5,30.0
2831,2026-08-28,Nilachal Ropeway Terminal,26.188,91.744,light rain,500,29.3,3.8,96,63.6,30.0
2832,2026-08-28,Dispur Secretariat,26.142,91.79,overcast clouds,804,28.5,7.8,64,0.0,10.0
2833,2026-08-28,Ganeshguri Junction,26.147,91.79,thunderstorm with heavy rain,202,18.7,0.6,97,8.8,80.0
2834,2026-08-28,Six Mile,26.135,91.805,very heavy rain,503,29.3,6.7,98,70.1,60.0
2835,2026-08-28,Beltola Bazaar,26.129,91.8,light drizzle,300,27.7,0.9,58,41.8,20.0
2836,2026-08-28,Zoo Road Tiniali,26.165,91.78,overcast clouds,804,32.7,1.7,65,9.9,10.0
2837,2026-08-28,Chandmari,26.183,91.772,moderate rain,501,33.3,0.4,76,0.0,30.0
2838,2026-08-28,Silpukhuri,26.188,91.766,thunderstorm with heavy rain,202,22.1,4.0,49,0.0,80.0
2839,2026-08-28,Bharalumukh,26.17,91.735,heavy rain,502,21.5,7.9,84,21.6,60.0
2840,2026-08-28,Rehabari,26.175,91.748,light drizzle,300,33.4,3.6,91,18.0,20.0
2841,2026-08-28,Bhangagarh,26.15,91.77,heavy rain,502,29.4,4.0,58,0.0,60.0
2842,2026-08-28,Hatigaon,26.136,91.788,thunderstorm,200,25.2,2.8,86,32.5,80.0
2843,2026-08-28,Kahilipara,26.133,91.762,clear sky,800,17.4,4.3,64,35.4,5.0
2844,2026-08-28,Maligaon,26.158,91.679,fog,741,39.0,6.1,52,12.2,45.0
2845,2026-08-28,Jalukbari,26.152,91.665,fog,741,20.4,3.3,46,60.3,45.0
2846,2026-08-28,Gauhati University,26.152,91.665,overcast clouds,804,34.1,1.3,74,44.1,10.0
2847,2026-08-28,IIT Guwahati,26.19,91.695,mist,701,24.9,0.1,62,49.9,45.0
2848,2026-08-28,Guwahati Medical College,26.155,91.7,few clouds,801,26.8,4.0,70,1.7,10.0
2849,2026-08-28,Saraighat Bridge,26.1889,91.67,very heavy rain,503,29.1,7.0,98,2.9,60.0
2850,2026-08-28,North Guwahati Ghat,26.198,91.69,clear sky,800,33.8,3.9,94,0.0,5.0
2851,2026-08-28,Amingaon,26.19,91.66,mist,701,20.3,2.3,57,19.8,45.0
2852,2026-08-28,Noonmati,26.178,91.806,light drizzle,300,30.5,2.9,73,4.8,20.0
2853,2026-08-28,Narengi,26.175,91.84,thunderstorm with heavy rain,202,28.0,4.4,81,31.7,80.0
2854,2026-08-28,Khanapara,26.118,91.818,haze,721,24.4,0.7,92,19.3,45.0
2855,2026-08-28,Lokhra,26.105,91.735,few clouds,801,33.1,0.8,74,31.5,10.0
2856,2026-08-28,Deepor Beel Wildlife Sanctuary,26.12,91.65,light rain,500,34.6,0.1,79,0.0,30.0
2857,2026-08-28,Sualkuchi Silk Village,26.1667,91.5667,overcast clouds,804,23.4,3.2,56,0.0,10.0
2858,2026-08-28,Hajo Pilgrimage Town,26.25,91.5167,haze,721,28.3,2.1,88,4.0,45.0
2859,2026-08-28,Madan Kamdev Ruins,26.3667,91.6333,thunderstorm,200,28.2,0.2,68,28.3,80.0
2860,2026-08-28,Chandubi Lake,25.9333,91.4333,light drizzle,300,35.4,3.2,86,61.3,20.0
2861,2026-08-28,Accoland Water Park,26.09,91.59,moderate rain,501,18.1,3.6,55,35.6,30.0
2862,2026-08-28,Pobitora Wildlife Sanctuary,26.2333,92.0833,fog,741,30.8,1.7,66,16.5,45.0
2863,2026-08-28,Shillong,25.5788,91.8933,moderate rain,501,25.4,4.4,96,0.0,30.0
2864,2026-08-28,Umiam Lake,25.657,91.889,thunderstorm with heavy rain,202,30.3,0.2,97,0.0,80.0
2865,2026-08-28,Cherrapunji (Sohra),25.2912,91.6783,light rain,500,31.8,6.2,47,0.0,30.0
2866,2026-08-28,Nohkalikai Falls,25.276,91.6857,light drizzle,300,16.7,3.0,92,0.0,20.0
2867,2026-08-28,"Living Root Bridge, Nongriat",25.247,91.715,light drizzle,300,23.6,2.8,52,0.0,20.0
2868,2026-08-28,Mawlynnong Village,25.2,91.9167,light rain,500,33.6,8.6,97,6.3,30.0
2869,2026-08-28,Dawki / Umngot River,25.19,92.02,light rain,500,24.1,0.9,89,18.1,30.0
2870,2026-08-28,Kaziranga National Park,26.5775,93.1711,heavy rain,502,18.9,2.1,93,31.6,60.0
2871,2026-08-28,Nameri National Park,26.92,92.88,overcast clouds,804,28.0,8.8,77,27.0,10.0
2872,2026-08-28,Manas National Park,26.7,91.0,fog,741,26.5,0.2,93,0.0,45.0
2873,2026-08-28,Tezpur,26.6338,92.8,light rain,500,22.4,5.2,51,33.5,30.0
2874,2026-08-28,Majuli River Island,26.95,94.17,clear sky,800,27.0,2.9,97,34.3,5.0
2875,2026-08-28,Jorhat,26.7509,94.2037,thunderstorm,200,29.7,5.6,52,0.0,80.0
2876,2026-08-28,Sivasagar,26.9826,94.6425,light rain,500,26.6,4.8,69,0.0,30.0
2877,2026-08-28,Dibrugarh,27.4728,94.912,light rain,500,34.6,2.1,75,0.0,30.0
2878,2026-08-28,Digboi Oil Heritage,27.3931,95.6186,very heavy rain,503,33.8,0.5,67,13.8,60.0
2879,2026-08-28,Haflong,25.1667,93.0167,few clouds,801,18.5,1.7,69,18.8,10.0
2880,2026-08-28,Tawang Monastery,27.5861,91.8594,light rain,500,19.2,1.6,88,0.0,30.0
2881,2026-08-28,Ziro Valley,27.5448,93.832,moderate rain,501,28.2,4.3,76,18.6,30.0
2882,2026-08-28,Gangtok,27.3314,88.6138,light drizzle,300,31.1,2.2,98,28.3,20.0
2883,2026-08-28,Kohima,25.6751,94.1086,thunderstorm,200,25.4,6.4,92,0.3,80.0
2884,2026-08-28,Dzukou Valley,25.5833,94.05,moderate rain,501,25.2,7.0,90,46.4,30.0
2885,2026-08-28,Imphal,24.817,93.9368,mist,701,33.0,4.1,45,4.5,45.0
2886,2026-08-28,Loktak Lake,24.5333,93.8167,very heavy rain,503,33.8,0.2,49,23.2,60.0
2887,2026-08-28,Aizawl,23.7271,92.7176,moderate rain,501,29.8,1.0,69,27.8,30.0
2888,2026-08-28,Agartala,23.8315,91.2868,thunderstorm,200,27.9,0.0,78,30.5,80.0
2889,2026-08-29,Kamakhya Temple,26.1664,91.7055,moderate rain,501,25.6,5.5,55,50.8,30.0
2890,2026-08-29,Umananda Island,26.1964,91.7453,light rain,500,22.9,4.5,49,0.0,30.0
2891,2026-08-29,Navagraha Temple,26.1749,91.7789,overcast clouds,804,28.0,3.2,94,16.7,10.0
2892,2026-08-29,Basistha Temple,26.1132,91.797,overcast clouds,804,25.0,0.9,59,32.8,10.0
2893,2026-08-29,Guwahati Railway Station,26.1824,91.7513,light rain,500,19.2,1.1,59,7.8,30.0
2894,2026-08-29,LGB International Airport,26.1061,91.5859,fog,741,30.2,1.8,53,28.0,45.0
2895,2026-08-29,Paltan Bazaar,26.1817,91.7503,thunderstorm,200,25.9,7.1,73,0.0,80.0
2896,2026-08-29,Fancy Bazaar,26.1836,91.7434,light rain,500,25.2,3.6,68,0.0,30.0
2897,2026-08-29,Pan Bazaar,26.1856,91.7455,heavy rain,502,31.5,6.2,62,0.0,60.0
2898,2026-08-29,Uzan Bazar Ghat,26.19,91.759,few clouds,801,36.7,5.3,87,44.7,10.0
2899,2026-08-29,Brahmaputra Riverfront,26.1905,91.748,light rain,500,34.5,2.0,53,28.8,30.0
2900,2026-08-29,Dighalipukhuri,26.1861,91.7503,heavy rain,502,25.2,4.7,79,0.0,60.0
2901,2026-08-29,Nehru Park,26.1857,91.7477,light rain,500,29.9,3.4,95,0.0,30.0
2902,2026-08-29,Assam State Museum,26.1857,91.7481,scattered clouds,802,31.3,0.2,64,22.2,10.0
2903,2026-08-29,Assam State Zoo & Botanical Garden,26.178,91.786,scattered clouds,802,27.3,3.4,48,14.1,10.0
2904,2026-08-29,Srimanta Sankaradeva Kalakshetra,26.144,91.8058,moderate rain,501,27.4,3.5,64,48.6,30.0
2905,2026-08-29,Guwahati Planetarium,26.1856,91.7625,mist,701,36.5,7.9,75,23.1,45.0
2906,2026-08-29,"Gandhi Mandap, Sarania Hill",26.175,91.758,moderate rain,501,25.7,1.7,69,19.5,30.0
2907,2026-08-29,Nilachal Ropeway Terminal,26.188,91.744,moderate rain,501,20.9,0.6,49,25.9,30.0
2908,2026-08-29,Dispur Secretariat,26.142,91.79,moderate rain,501,29.2,4.7,77,10.8,30.0
2909,2026-08-29,Ganeshguri Junction,26.147,91.79,haze,721,29.3,5.1,85,19.0,45.0
2910,2026-08-29,Six Mile,26.135,91.805,light rain,500,28.6,2.2,48,37.3,30.0
2911,2026-08-29,Beltola Bazaar,26.129,91.8,thunderstorm,200,29.2,6.0,70,54.7,80.0
2912,2026-08-29,Zoo Road Tiniali,26.165,91.78,fog,741,22.7,4.3,59,39.6,45.0
2913,2026-08-29,Chandmari,26.183,91.772,thunderstorm,200,33.0,6.4,95,0.0,80.0
2914,2026-08-29,Silpukhuri,26.188,91.766,mist,701,25.5,3.3,78,4.0,45.0
2915,2026-08-29,Bharalumukh,26.17,91.735,light drizzle,300,22.7,4.0,46,0.0,20.0
2916,2026-08-29,Rehabari,26.175,91.748,very heavy rain,503,29.5,5.4,47,0.0,60.0
2917,2026-08-29,Bhangagarh,26.15,91.77,light rain,500,31.5,0.9,96,40.8,30.0
2918,2026-08-29,Hatigaon,26.136,91.788,thunderstorm with heavy rain,202,19.1,3.3,75,0.0,80.0
2919,2026-08-29,Kahilipara,26.133,91.762,moderate rain,501,34.6,1.1,89,0.0,30.0
2920,2026-08-29,Maligaon,26.158,91.679,very heavy rain,503,20.9,1.4,53,0.0,60.0
2921,2026-08-29,Jalukbari,26.152,91.665,moderate rain,501,31.1,6.4,66,0.0,30.0
2922,2026-08-29,Gauhati University,26.152,91.665,few clouds,801,20.0,2.7,63,0.0,10.0
2923,2026-08-29,IIT Guwahati,26.19,91.695,heavy rain,502,39.3,4.5,65,45.0,60.0
2924,2026-08-29,Guwahati Medical College,26.155,91.7,light rain,500,24.8,1.4,78,61.8,30.0
2925,2026-08-29,Saraighat Bridge,26.1889,91.67,very heavy rain,503,34.6,2.8,87,0.0,60.0
2926,2026-08-29,North Guwahati Ghat,26.198,91.69,mist,701,33.5,0.8,63,50.9,45.0
2927,2026-08-29,Amingaon,26.19,91.66,overcast clouds,804,20.7,1.6,80,0.0,10.0
2928,2026-08-29,Noonmati,26.178,91.806,heavy rain,502,31.7,8.3,63,53.6,60.0
2929,2026-08-29,Narengi,26.175,91.84,heavy rain,502,36.5,5.0,98,0.0,60.0
2930,2026-08-29,Khanapara,26.118,91.818,thunderstorm with heavy rain,202,24.5,8.8,90,35.6,80.0
2931,2026-08-29,Lokhra,26.105,91.735,light drizzle,300,25.4,0.1,54,17.7,20.0
2932,2026-08-29,Deepor Beel Wildlife Sanctuary,26.12,91.65,scattered clouds,802,23.5,4.7,70,40.1,10.0
2933,2026-08-29,Sualkuchi Silk Village,26.1667,91.5667,clear sky,800,38.8,6.1,76,0.0,5.0
2934,2026-08-29,Hajo Pilgrimage Town,26.25,91.5167,heavy rain,502,26.9,6.1,57,49.9,60.0
2935,2026-08-29,Madan Kamdev Ruins,26.3667,91.6333,light drizzle,300,27.2,7.7,76,0.0,20.0
2936,2026-08-29,Chandubi Lake,25.9333,91.4333,light rain,500,30.3,1.6,68,28.8,30.0
2937,2026-08-29,Accoland Water Park,26.09,91.59,thunderstorm,200,27.9,4.4,49,12.6,80.0
2938,2026-08-29,Pobitora Wildlife Sanctuary,26.2333,92.0833,light drizzle,300,30.4,7.2,88,0.0,20.0
2939,2026-08-29,Shillong,25.5788,91.8933,light rain,500,29.8,7.8,48,40.6,30.0
2940,2026-08-29,Umiam Lake,25.657,91.889,heavy rain,502,27.1,3.7,59,44.1,60.0
2941,2026-08-29,Cherrapunji (Sohra),25.2912,91.6783,overcast clouds,804,22.9,0.5,80,6.9,10.0
2942,2026-08-29,Nohkalikai Falls,25.276,91.6857,clear sky,800,20.7,5.3,55,0.0,5.0
2943,2026-08-29,"Living Root Bridge, Nongriat",25.247,91.715,thunderstorm with heavy rain,202,25.0,4.4,84,32.7,80.0
2944,2026-08-29,Mawlynnong Village,25.2,91.9167,heavy rain,502,17.8,3.7,96,0.0,60.0
2945,2026-08-29,Dawki / Umngot River,25.19,92.02,moderate rain,501,33.5,8.3,59,19.7,30.0
2946,2026-08-29,Kaziranga National Park,26.5775,93.1711,mist,701,31.5,7.6,45,8.0,45.0
2947,2026-08-29,Nameri National Park,26.92,92.88,light drizzle,300,34.1,2.1,83,33.9,20.0
2948,2026-08-29,Manas National Park,26.7,91.0,light drizzle,300,30.9,0.9,73,0.0,20.0
2949,2026-08-29,Tezpur,26.6338,92.8,moderate rain,501,23.1,3.3,84,18.0,30.0
2950,2026-08-29,Majuli River Island,26.95,94.17,thunderstorm,200,30.1,2.9,72,53.9,80.0
2951,2026-08-29,Jorhat,26.7509,94.2037,thunderstorm with heavy rain,202,27.3,0.9,76,0.0,80.0
2952,2026-08-29,Sivasagar,26.9826,94.6425,moderate rain,501,28.8,3.4,49,31.4,30.0
2953,2026-08-29,Dibrugarh,27.4728,94.912,heavy rain,502,23.4,2.6,95,3.6,60.0
2954,2026-08-29,Digboi Oil Heritage,27.3931,95.6186,light rain,500,26.8,4.7,59,57.2,30.0
2955,2026-08-29,Haflong,25.1667,93.0167,light rain,500,19.2,9.0,88,35.2,30.0
2956,2026-08-29,Tawang Monastery,27.5861,91.8594,very heavy rain,503,19.4,2.6,69,31.3,60.0
2957,2026-08-29,Ziro Valley,27.5448,93.832,heavy rain,502,28.8,3.1,72,9.2,60.0
2958,2026-08-29,Gangtok,27.3314,88.6138,scattered clouds,802,27.9,3.0,68,36.0,10.0
2959,2026-08-29,Kohima,25.6751,94.1086,fog,741,30.9,3.4,59,39.8,45.0
2960,2026-08-29,Dzukou Valley,25.5833,94.05,heavy rain,502,31.6,0.1,69,0.0,60.0
2961,2026-08-29,Imphal,24.817,93.9368,light rain,500,25.8,3.6,55,50.2,30.0
2962,2026-08-29,Loktak Lake,24.5333,93.8167,few clouds,801,38.2,6.0,73,45.7,10.0
2963,2026-08-29,Aizawl,23.7271,92.7176,overcast clouds,804,32.2,5.5,56,20.8,10.0
2964,2026-08-29,Agartala,23.8315,91.2868,moderate rain,501,28.3,6.1,48,28.9,30.0
2965,2026-08-30,Kamakhya Temple,26.1664,91.7055,heavy rain,502,18.1,4.8,92,32.1,60.0
2966,2026-08-30,Umananda Island,26.1964,91.7453,fog,741,30.9,6.9,96,6.7,45.0
2967,2026-08-30,Navagraha Temple,26.1749,91.7789,haze,721,26.8,2.5,94,55.0,45.0
2968,2026-08-30,Basistha Temple,26.1132,91.797,overcast clouds,804,32.0,6.8,93,37.6,10.0
2969,2026-08-30,Guwahati Railway Station,26.1824,91.7513,light rain,500,33.6,5.1,56,18.1,30.0
2970,2026-08-30,LGB International Airport,26.1061,91.5859,mist,701,28.6,3.9,46,0.0,45.0
2971,2026-08-30,Paltan Bazaar,26.1817,91.7503,moderate rain,501,24.9,5.9,55,31.9,30.0
2972,2026-08-30,Fancy Bazaar,26.1836,91.7434,scattered clouds,802,34.1,4.0,81,0.0,10.0
2973,2026-08-30,Pan Bazaar,26.1856,91.7455,thunderstorm,200,29.3,0.3,90,32.6,80.0
2974,2026-08-30,Uzan Bazar Ghat,26.19,91.759,heavy rain,502,28.1,4.9,69,8.7,60.0
2975,2026-08-30,Brahmaputra Riverfront,26.1905,91.748,scattered clouds,802,34.0,2.6,76,7.0,10.0
2976,2026-08-30,Dighalipukhuri,26.1861,91.7503,moderate rain,501,23.0,0.8,86,35.3,30.0
2977,2026-08-30,Nehru Park,26.1857,91.7477,fog,741,33.4,1.0,90,31.3,45.0
2978,2026-08-30,Assam State Museum,26.1857,91.7481,light drizzle,300,30.8,0.9,76,12.2,20.0
2979,2026-08-30,Assam State Zoo & Botanical Garden,26.178,91.786,scattered clouds,802,28.4,4.6,68,24.8,10.0
2980,2026-08-30,Srimanta Sankaradeva Kalakshetra,26.144,91.8058,fog,741,24.9,2.3,46,32.2,45.0
2981,2026-08-30,Guwahati Planetarium,26.1856,91.7625,light rain,500,28.9,3.7,72,24.5,30.0
2982,2026-08-30,"Gandhi Mandap, Sarania Hill",26.175,91.758,moderate rain,501,20.9,1.4,53,0.0,30.0
2983,2026-08-30,Nilachal Ropeway Terminal,26.188,91.744,very heavy rain,503,31.5,2.8,46,61.9,60.0
2984,2026-08-30,Dispur Secretariat,26.142,91.79,light drizzle,300,21.6,0.3,68,41.4,20.0
2985,2026-08-30,Ganeshguri Junction,26.147,91.79,mist,701,29.2,0.5,48,18.4,45.0
2986,2026-08-30,Six Mile,26.135,91.805,heavy rain,502,31.9,5.2,67,32.4,60.0
2987,2026-08-30,Beltola Bazaar,26.129,91.8,moderate rain,501,32.8,0.2,72,36.4,30.0
2988,2026-08-30,Zoo Road Tiniali,26.165,91.78,thunderstorm with heavy rain,202,26.6,4.7,75,15.7,80.0
2989,2026-08-30,Chandmari,26.183,91.772,few clouds,801,31.8,2.2,77,57.2,10.0
2990,2026-08-30,Silpukhuri,26.188,91.766,overcast clouds,804,27.0,11.6,46,0.0,20.0
2991,2026-08-30,Bharalumukh,26.17,91.735,moderate rain,501,24.5,1.5,73,0.0,30.0
2992,2026-08-30,Rehabari,26.175,91.748,moderate rain,501,25.0,6.6,48,3.8,30.0
2993,2026-08-30,Bhangagarh,26.15,91.77,thunderstorm with heavy rain,202,22.7,1.8,93,0.0,80.0
2994,2026-08-30,Hatigaon,26.136,91.788,few clouds,801,29.5,3.9,81,0.0,10.0
2995,2026-08-30,Kahilipara,26.133,91.762,moderate rain,501,28.0,5.2,97,0.0,30.0
2996,2026-08-30,Maligaon,26.158,91.679,moderate rain,501,27.3,6.6,54,0.0,30.0
2997,2026-08-30,Jalukbari,26.152,91.665,thunderstorm,200,34.5,4.9,62,12.2,80.0
2998,2026-08-30,Gauhati University,26.152,91.665,light drizzle,300,31.1,4.0,81,13.3,20.0
2999,2026-08-30,IIT Guwahati,26.19,91.695,overcast clouds,804,18.1,5.4,72,0.0,10.0
3000,2026-08-30,Guwahati Medical College,26.155,91.7,fog,741,29.9,2.8,47,18.0,45.0
3001,2026-08-30,Saraighat Bridge,26.1889,91.67,light drizzle,300,28.2,2.4,74,31.0,20.0
3002,2026-08-30,North Guwahati Ghat,26.198,91.69,very heavy rain,503,33.6,2.6,96,42.5,60.0
3003,2026-08-30,Amingaon,26.19,91.66,fog,741,18.7,2.7,75,36.6,45.0
3004,2026-08-30,Noonmati,26.178,91.806,heavy rain,502,35.0,2.9,66,0.0,60.0
3005,2026-08-30,Narengi,26.175,91.84,heavy rain,502,30.6,2.7,88,35.1,60.0
3006,2026-08-30,Khanapara,26.118,91.818,very heavy rain,503,31.0,0.1,60,0.0,60.0
3007,2026-08-30,Lokhra,26.105,91.735,light drizzle,300,28.8,6.9,66,37.7,20.0
3008,2026-08-30,Deepor Beel Wildlife Sanctuary,26.12,91.65,haze,721,29.6,2.6,82,17.6,45.0
3009,2026-08-30,Sualkuchi Silk Village,26.1667,91.5667,light drizzle,300,26.2,4.4,54,0.0,20.0
3010,2026-08-30,Hajo Pilgrimage Town,26.25,91.5167,overcast clouds,804,33.4,1.5,54,10.4,10.0
3011,2026-08-30,Madan Kamdev Ruins,26.3667,91.6333,fog,741,22.4,2.3,71,16.8,45.0
3012,2026-08-30,Chandubi Lake,25.9333,91.4333,light rain,500,30.6,0.4,75,25.3,30.0
3013,2026-08-30,Accoland Water Park,26.09,91.59,fog,741,20.6,0.8,48,0.0,45.0
3014,2026-08-30,Pobitora Wildlife Sanctuary,26.2333,92.0833,overcast clouds,804,26.8,5.7,68,19.0,10.0
3015,2026-08-30,Shillong,25.5788,91.8933,scattered clouds,802,38.2,4.1,76,40.6,10.0
3016,2026-08-30,Umiam Lake,25.657,91.889,overcast clouds,804,24.7,2.2,60,25.8,10.0
3017,2026-08-30,Cherrapunji (Sohra),25.2912,91.6783,heavy rain,502,30.5,4.4,65,0.0,60.0
3018,2026-08-30,Nohkalikai Falls,25.276,91.6857,scattered clouds,802,35.1,0.2,54,38.2,10.0
3019,2026-08-30,"Living Root Bridge, Nongriat",25.247,91.715,moderate rain,501,28.1,2.2,95,30.9,30.0
3020,2026-08-30,Mawlynnong Village,25.2,91.9167,snow,601,31.1,0.5,53,18.2,50.0
3021,2026-08-30,Dawki / Umngot River,25.19,92.02,light drizzle,300,21.7,6.0,97,6.6,20.0
3022,2026-08-30,Kaziranga National Park,26.5775,93.1711,scattered clouds,802,30.2,0.7,51,36.5,10.0
3023,2026-08-30,Nameri National Park,26.92,92.88,few clouds,801,20.6,4.3,84,74.5,10.0
3024,2026-08-30,Manas National Park,26.7,91.0,thunderstorm with heavy rain,202,35.4,3.5,76,0.0,80.0
3025,2026-08-30,Tezpur,26.6338,92.8,scattered clouds,802,24.2,0.0,78,49.0,10.0
3026,2026-08-30,Majuli River Island,26.95,94.17,scattered clouds,802,18.5,5.3,55,29.5,10.0
3027,2026-08-30,Jorhat,26.7509,94.2037,heavy rain,502,25.9,3.1,83,21.3,60.0
3028,2026-08-30,Sivasagar,26.9826,94.6425,light rain,500,26.4,5.9,75,30.7,30.0
3029,2026-08-30,Dibrugarh,27.4728,94.912,thunderstorm with heavy rain,202,32.6,1.2,63,0.0,80.0
3030,2026-08-30,Digboi Oil Heritage,27.3931,95.6186,light rain,500,36.1,1.0,64,0.0,30.0
3031,2026-08-30,Haflong,25.1667,93.0167,very heavy rain,503,33.4,4.3,90,23.7,60.0
3032,2026-08-30,Tawang Monastery,27.5861,91.8594,heavy rain,502,29.8,4.5,73,26.0,60.0
3033,2026-08-30,Ziro Valley,27.5448,93.832,scattered clouds,802,24.0,3.1,66,5.5,10.0
3034,2026-08-30,Gangtok,27.3314,88.6138,thunderstorm,200,25.7,0.1,86,23.1,80.0
3035,2026-08-30,Kohima,25.6751,94.1086,very heavy rain,503,20.9,1.2,64,33.8,60.0
3036,2026-08-30,Dzukou Valley,25.5833,94.05,moderate rain,501,30.9,2.7,57,21.1,30.0
3037,2026-08-30,Imphal,24.817,93.9368,light rain,500,30.9,9.0,96,17.8,30.0
3038,2026-08-30,Loktak Lake,24.5333,93.8167,moderate rain,501,25.3,5.4,90,0.0,30.0
3039,2026-08-30,Aizawl,23.7271,92.7176,mist,701,30.9,1.7,92,43.6,45.0
3040,2026-08-30,Agartala,23.8315,91.2868,light rain,500,33.6,2.8,89,1.6,30.0
3041,2026-08-31,Kamakhya Temple,26.1664,91.7055,overcast clouds,804,25.8,4.7,61,0.0,10.0
3042,2026-08-31,Umananda Island,26.1964,91.7453,haze,721,34.2,5.2,60,59.6,45.0
3043,2026-08-31,Navagraha Temple,26.1749,91.7789,moderate rain,501,28.1,1.1,57,13.3,30.0
3044,2026-08-31,Basistha Temple,26.1132,91.797,thunderstorm,200,22.7,0.4,96,0.0,80.0
3045,2026-08-31,Guwahati Railway Station,26.1824,91.7513,heavy rain,502,30.0,2.8,94,31.3,60.0
3046,2026-08-31,LGB International Airport,26.1061,91.5859,overcast clouds,804,24.4,0.3,92,49.8,10.0
3047,2026-08-31,Paltan Bazaar,26.1817,91.7503,thunderstorm,200,32.9,3.1,78,52.4,80.0
3048,2026-08-31,Fancy Bazaar,26.1836,91.7434,heavy rain,502,16.8,3.3,96,42.3,60.0
3049,2026-08-31,Pan Bazaar,26.1856,91.7455,few clouds,801,26.5,7.4,63,0.0,10.0
3050,2026-08-31,Uzan Bazar Ghat,26.19,91.759,few clouds,801,25.5,2.3,85,40.2,10.0
3051,2026-08-31,Brahmaputra Riverfront,26.1905,91.748,haze,721,31.6,8.7,71,68.0,45.0
3052,2026-08-31,Dighalipukhuri,26.1861,91.7503,heavy rain,502,28.5,0.6,82,39.6,60.0
3053,2026-08-31,Nehru Park,26.1857,91.7477,light drizzle,300,38.5,2.9,47,33.1,20.0
3054,2026-08-31,Assam State Museum,26.1857,91.7481,heavy rain,502,27.6,0.6,59,19.4,60.0
3055,2026-08-31,Assam State Zoo & Botanical Garden,26.178,91.786,few clouds,801,26.4,6.6,70,25.8,10.0
3056,2026-08-31,Srimanta Sankaradeva Kalakshetra,26.144,91.8058,few clouds,801,30.0,3.5,79,0.0,10.0
3057,2026-08-31,Guwahati Planetarium,26.1856,91.7625,fog,741,29.0,9.5,91,27.9,45.0
3058,2026-08-31,"Gandhi Mandap, Sarania Hill",26.175,91.758,light drizzle,300,26.7,0.6,82,13.2,20.0
3059,2026-08-31,Nilachal Ropeway Terminal,26.188,91.744,overcast clouds,804,24.5,2.2,52,53.0,10.0
3060,2026-08-31,Dispur Secretariat,26.142,91.79,light rain,500,27.5,1.9,86,2.6,30.0
3061,2026-08-31,Ganeshguri Junction,26.147,91.79,overcast clouds,804,26.1,3.0,86,18.8,10.0
3062,2026-08-31,Six Mile,26.135,91.805,scattered clouds,802,35.4,6.9,55,1.0,10.0
3063,2026-08-31,Beltola Bazaar,26.129,91.8,very heavy rain,503,23.4,2.0,72,22.3,60.0
3064,2026-08-31,Zoo Road Tiniali,26.165,91.78,scattered clouds,802,31.9,5.2,79,9.1,10.0
3065,2026-08-31,Chandmari,26.183,91.772,very heavy rain,503,26.5,2.7,54,52.2,60.0
3066,2026-08-31,Silpukhuri,26.188,91.766,clear sky,800,28.6,0.7,95,61.3,5.0
3067,2026-08-31,Bharalumukh,26.17,91.735,thunderstorm,200,31.1,3.3,93,5.9,80.0
3068,2026-08-31,Rehabari,26.175,91.748,thunderstorm,200,29.0,4.0,52,0.0,80.0
3069,2026-08-31,Bhangagarh,26.15,91.77,moderate rain,501,22.2,0.5,67,23.7,30.0
3070,2026-08-31,Hatigaon,26.136,91.788,light rain,500,32.5,0.8,91,73.9,30.0
3071,2026-08-31,Kahilipara,26.133,91.762,clear sky,800,23.3,8.1,95,26.0,5.0
3072,2026-08-31,Maligaon,26.158,91.679,overcast clouds,804,24.7,5.8,89,43.4,10.0
3073,2026-08-31,Jalukbari,26.152,91.665,moderate rain,501,29.5,3.3,85,4.4,30.0
3074,2026-08-31,Gauhati University,26.152,91.665,light rain,500,28.1,5.7,77,6.3,30.0
3075,2026-08-31,IIT Guwahati,26.19,91.695,thunderstorm,200,29.7,2.0,84,0.0,80.0
3076,2026-08-31,Guwahati Medical College,26.155,91.7,thunderstorm,200,42.4,0.4,59,50.1,95.0
3077,2026-08-31,Saraighat Bridge,26.1889,91.67,thunderstorm with heavy rain,202,24.5,8.3,80,21.2,80.0
3078,2026-08-31,North Guwahati Ghat,26.198,91.69,heavy rain,502,28.5,0.6,73,24.9,60.0
3079,2026-08-31,Amingaon,26.19,91.66,overcast clouds,804,27.6,3.0,87,51.1,10.0
3080,2026-08-31,Noonmati,26.178,91.806,light rain,500,34.9,1.7,74,0.0,30.0
3081,2026-08-31,Narengi,26.175,91.84,scattered clouds,802,22.4,5.7,80,21.4,10.0
3082,2026-08-31,Khanapara,26.118,91.818,moderate rain,501,22.0,0.5,93,7.5,30.0
3083,2026-08-31,Lokhra,26.105,91.735,light rain,500,27.1,3.0,98,5.8,30.0
3084,2026-08-31,Deepor Beel Wildlife Sanctuary,26.12,91.65,moderate rain,501,26.7,1.8,51,21.2,30.0
3085,2026-08-31,Sualkuchi Silk Village,26.1667,91.5667,few clouds,801,40.3,1.1,53,2.7,10.0
3086,2026-08-31,Hajo Pilgrimage Town,26.25,91.5167,snow,601,26.1,1.7,49,65.8,50.0
3087,2026-08-31,Madan Kamdev Ruins,26.3667,91.6333,haze,721,32.4,1.2,92,16.3,45.0
3088,2026-08-31,Chandubi Lake,25.9333,91.4333,haze,721,24.3,4.1,53,52.8,45.0
3089,2026-08-31,Accoland Water Park,26.09,91.59,fog,741,22.1,1.2,68,69.3,45.0
3090,2026-08-31,Pobitora Wildlife Sanctuary,26.2333,92.0833,thunderstorm,200,26.9,8.8,81,29.7,80.0
3091,2026-08-31,Shillong,25.5788,91.8933,overcast clouds,804,24.6,4.2,62,2.1,10.0
3092,2026-08-31,Umiam Lake,25.657,91.889,thunderstorm,200,29.7,8.2,90,12.7,80.0
3093,2026-08-31,Cherrapunji (Sohra),25.2912,91.6783,moderate rain,501,24.4,0.6,64,48.5,30.0
3094,2026-08-31,Nohkalikai Falls,25.276,91.6857,scattered clouds,802,18.5,1.1,64,50.9,10.0
3095,2026-08-31,"Living Root Bridge, Nongriat",25.247,91.715,fog,741,31.5,0.4,62,17.2,45.0
3096,2026-08-31,Mawlynnong Village,25.2,91.9167,scattered clouds,802,28.4,1.9,75,17.2,10.0
3097,2026-08-31,Dawki / Umngot River,25.19,92.02,few clouds,801,23.2,4.6,51,15.0,10.0
3098,2026-08-31,Kaziranga National Park,26.5775,93.1711,heavy rain,502,28.6,7.5,55,8.1,60.0
3099,2026-08-31,Nameri National Park,26.92,92.88,overcast clouds,804,24.2,7.6,51,14.9,10.0
3100,2026-08-31,Manas National Park,26.7,91.0,overcast clouds,804,27.2,3.1,97,3.3,10.0
3101,2026-08-31,Tezpur,26.6338,92.8,mist,701,27.1,5.6,45,0.0,45.0
3102,2026-08-31,Majuli River Island,26.95,94.17,heavy rain,502,26.8,2.1,76,0.0,60.0
3103,2026-08-31,Jorhat,26.7509,94.2037,moderate rain,501,29.3,5.4,87,0.0,30.0
3104,2026-08-31,Sivasagar,26.9826,94.6425,light drizzle,300,36.8,7.1,71,68.9,20.0
3105,2026-08-31,Dibrugarh,27.4728,94.912,fog,741,31.7,3.0,52,12.9,45.0
3106,2026-08-31,Digboi Oil Heritage,27.3931,95.6186,heavy rain,502,30.5,1.3,82,18.1,60.0
3107,2026-08-31,Haflong,25.1667,93.0167,overcast clouds,804,30.6,3.5,56,31.0,10.0
3108,2026-08-31,Tawang Monastery,27.5861,91.8594,haze,721,28.1,0.1,59,57.4,45.0
3109,2026-08-31,Ziro Valley,27.5448,93.832,snow,601,19.9,3.3,88,0.0,50.0
3110,2026-08-31,Gangtok,27.3314,88.6138,light drizzle,300,28.3,8.3,58,19.2,20.0
3111,2026-08-31,Kohima,25.6751,94.1086,thunderstorm,200,27.3,3.7,51,3.2,80.0
3112,2026-08-31,Dzukou Valley,25.5833,94.05,overcast clouds,804,26.5,6.2,68,7.7,10.0
3113,2026-08-31,Imphal,24.817,93.9368,light rain,500,31.9,0.2,88,12.2,30.0
3114,2026-08-31,Loktak Lake,24.5333,93.8167,mist,701,31.0,7.9,57,37.7,45.0
3115,2026-08-31,Aizawl,23.7271,92.7176,mist,701,22.3,6.3,76,0.0,45.0
3116,2026-08-31,Agartala,23.8315,91.2868,few clouds,801,33.6,3.7,48,18.5,10.0
3117,2026-09-01,Kamakhya Temple,26.1664,91.7055,thunderstorm,200,20.8,6.0,78,11.7,80.0
3118,2026-09-01,Umananda Island,26.1964,91.7453,mist,701,30.6,6.5,72,33.6,45.0
3119,2026-09-01,Navagraha Temple,26.1749,91.7789,thunderstorm,200,29.4,1.5,49,0.0,80.0
3120,2026-09-01,Basistha Temple,26.1132,91.797,heavy rain,502,20.7,2.1,62,29.9,60.0
3121,2026-09-01,Guwahati Railway Station,26.1824,91.7513,mist,701,27.1,5.8,75,28.0,45.0
3122,2026-09-01,LGB International Airport,26.1061,91.5859,clear sky,800,28.6,9.9,59,46.7,5.0
3123,2026-09-01,Paltan Bazaar,26.1817,91.7503,haze,721,25.7,0.6,54,48.8,45.0
3124,2026-09-01,Fancy Bazaar,26.1836,91.7434,moderate rain,501,26.5,6.6,87,0.0,30.0
3125,2026-09-01,Pan Bazaar,26.1856,91.7455,moderate rain,501,32.7,2.4,49,0.0,30.0
3126,2026-09-01,Uzan Bazar Ghat,26.19,91.759,light drizzle,300,26.1,0.9,93,62.6,20.0
3127,2026-09-01,Brahmaputra Riverfront,26.1905,91.748,haze,721,23.9,8.9,81,27.3,45.0
3128,2026-09-01,Dighalipukhuri,26.1861,91.7503,overcast clouds,804,21.9,0.0,54,18.6,10.0
3129,2026-09-01,Nehru Park,26.1857,91.7477,haze,721,34.8,1.4,80,0.0,45.0
3130,2026-09-01,Assam State Museum,26.1857,91.7481,moderate rain,501,31.1,4.8,91,55.5,30.0
3131,2026-09-01,Assam State Zoo & Botanical Garden,26.178,91.786,thunderstorm,200,37.0,3.5,82,25.9,80.0
3132,2026-09-01,Srimanta Sankaradeva Kalakshetra,26.144,91.8058,mist,701,22.8,6.4,51,0.0,45.0
3133,2026-09-01,Guwahati Planetarium,26.1856,91.7625,light rain,500,20.6,1.0,65,39.7,30.0
3134,2026-09-01,"Gandhi Mandap, Sarania Hill",26.175,91.758,moderate rain,501,28.2,4.3,59,40.5,30.0
3135,2026-09-01,Nilachal Ropeway Terminal,26.188,91.744,light rain,500,25.1,0.7,51,5.6,30.0
3136,2026-09-01,Dispur Secretariat,26.142,91.79,light rain,500,33.4,2.9,79,25.6,30.0
3137,2026-09-01,Ganeshguri Junction,26.147,91.79,snow,601,31.3,7.6,80,5.4,50.0
3138,2026-09-01,Six Mile,26.135,91.805,thunderstorm,200,28.4,4.1,61,29.1,80.0
3139,2026-09-01,Beltola Bazaar,26.129,91.8,clear sky,800,26.7,2.2,62,0.0,5.0
3140,2026-09-01,Zoo Road Tiniali,26.165,91.78,mist,701,37.4,1.4,84,49.4,45.0
3141,2026-09-01,Chandmari,26.183,91.772,scattered clouds,802,19.7,5.3,79,16.7,10.0
3142,2026-09-01,Silpukhuri,26.188,91.766,light drizzle,300,24.0,3.6,55,21.0,20.0
3143,2026-09-01,Bharalumukh,26.17,91.735,very heavy rain,503,27.5,3.4,98,0.0,60.0
3144,2026-09-01,Rehabari,26.175,91.748,thunderstorm with heavy rain,202,29.7,4.1,77,10.5,80.0
3145,2026-09-01,Bhangagarh,26.15,91.77,heavy rain,502,26.2,5.7,72,0.0,60.0
3146,2026-09-01,Hatigaon,26.136,91.788,thunderstorm,200,25.2,3.1,92,12.8,80.0
3147,2026-09-01,Kahilipara,26.133,91.762,scattered clouds,802,27.3,3.1,62,34.4,10.0
3148,2026-09-01,Maligaon,26.158,91.679,light drizzle,300,31.0,8.7,97,22.4,20.0
3149,2026-09-01,Jalukbari,26.152,91.665,overcast clouds,804,32.1,5.7,87,0.0,10.0
3150,2026-09-01,Gauhati University,26.152,91.665,few clouds,801,26.8,4.8,68,0.0,10.0
3151,2026-09-01,IIT Guwahati,26.19,91.695,heavy rain,502,25.1,5.3,88,0.0,60.0
3152,2026-09-01,Guwahati Medical College,26.155,91.7,thunderstorm with heavy rain,202,30.6,5.4,55,38.5,80.0
3153,2026-09-01,Saraighat Bridge,26.1889,91.67,light rain,500,26.4,1.0,71,51.0,30.0
3154,2026-09-01,North Guwahati Ghat,26.198,91.69,overcast clouds,804,29.4,6.7,59,27.9,10.0
3155,2026-09-01,Amingaon,26.19,91.66,very heavy rain,503,34.8,5.9,90,0.0,60.0
3156,2026-09-01,Noonmati,26.178,91.806,haze,721,37.7,2.0,82,0.0,45.0
3157,2026-09-01,Narengi,26.175,91.84,haze,721,26.1,4.8,83,0.0,45.0
3158,2026-09-01,Khanapara,26.118,91.818,haze,721,21.9,2.7,95,33.6,45.0
3159,2026-09-01,Lokhra,26.105,91.735,moderate rain,501,34.3,1.9,91,32.2,30.0
3160,2026-09-01,Deepor Beel Wildlife Sanctuary,26.12,91.65,overcast clouds,804,25.6,1.9,74,59.3,10.0
3161,2026-09-01,Sualkuchi Silk Village,26.1667,91.5667,fog,741,26.2,4.5,89,23.8,45.0
3162,2026-09-01,Hajo Pilgrimage Town,26.25,91.5167,thunderstorm,200,18.4,4.2,80,7.7,80.0
3163,2026-09-01,Madan Kamdev Ruins,26.3667,91.6333,moderate rain,501,24.4,6.8,92,21.4,30.0
3164,2026-09-01,Chandubi Lake,25.9333,91.4333,overcast clouds,804,34.4,2.6,60,0.0,10.0
3165,2026-09-01,Accoland Water Park,26.09,91.59,fog,741,27.6,0.6,49,19.7,45.0
3166,2026-09-01,Pobitora Wildlife Sanctuary,26.2333,92.0833,light rain,500,24.2,7.3,66,13.5,30.0
3167,2026-09-01,Shillong,25.5788,91.8933,moderate rain,501,26.7,3.9,76,28.0,30.0
3168,2026-09-01,Umiam Lake,25.657,91.889,thunderstorm with heavy rain,202,29.3,1.9,78,52.9,80.0
3169,2026-09-01,Cherrapunji (Sohra),25.2912,91.6783,overcast clouds,804,29.9,0.6,85,0.0,10.0
3170,2026-09-01,Nohkalikai Falls,25.276,91.6857,light rain,500,30.1,2.1,66,35.3,30.0
3171,2026-09-01,"Living Root Bridge, Nongriat",25.247,91.715,clear sky,800,19.3,4.0,94,15.2,5.0
3172,2026-09-01,Mawlynnong Village,25.2,91.9167,thunderstorm with heavy rain,202,32.3,2.9,93,22.2,80.0
3173,2026-09-01,Dawki / Umngot River,25.19,92.02,thunderstorm,200,26.4,2.7,89,40.6,80.0
3174,2026-09-01,Kaziranga National Park,26.5775,93.1711,scattered clouds,802,29.3,10.4,68,0.0,20.0
3175,2026-09-01,Nameri National Park,26.92,92.88,few clouds,801,18.4,1.9,46,3.7,10.0
3176,2026-09-01,Manas National Park,26.7,91.0,light drizzle,300,23.8,5.3,77,0.0,20.0
3177,2026-09-01,Tezpur,26.6338,92.8,heavy rain,502,24.1,3.5,50,4.4,60.0
3178,2026-09-01,Majuli River Island,26.95,94.17,very heavy rain,503,24.0,3.0,78,12.9,60.0
3179,2026-09-01,Jorhat,26.7509,94.2037,fog,741,29.4,5.2,93,9.5,45.0
3180,2026-09-01,Sivasagar,26.9826,94.6425,few clouds,801,27.0,7.6,72,22.9,10.0
3181,2026-09-01,Dibrugarh,27.4728,94.912,moderate rain,501,28.4,4.4,87,16.7,30.0
3182,2026-09-01,Digboi Oil Heritage,27.3931,95.6186,light rain,500,25.4,5.7,78,37.9,30.0
3183,2026-09-01,Haflong,25.1667,93.0167,light drizzle,300,31.9,5.2,52,19.3,20.0
3184,2026-09-01,Tawang Monastery,27.5861,91.8594,light drizzle,300,28.6,5.2,87,39.8,20.0
3185,2026-09-01,Ziro Valley,27.5448,93.832,few clouds,801,30.8,2.8,81,12.8,10.0
3186,2026-09-01,Gangtok,27.3314,88.6138,thunderstorm,200,26.8,4.1,58,12.2,80.0
3187,2026-09-01,Kohima,25.6751,94.1086,light drizzle,300,23.9,0.2,74,0.0,20.0
3188,2026-09-01,Dzukou Valley,25.5833,94.05,clear sky,800,23.0,0.1,78,0.0,5.0
3189,2026-09-01,Imphal,24.817,93.9368,overcast clouds,804,29.6,5.7,48,63.0,10.0
3190,2026-09-01,Loktak Lake,24.5333,93.8167,light drizzle,300,17.7,0.9,78,8.6,20.0
3191,2026-09-01,Aizawl,23.7271,92.7176,thunderstorm,200,36.1,3.1,86,44.8,80.0
3192,2026-09-01,Agartala,23.8315,91.2868,moderate rain,501,33.5,10.1,69,5.3,40.0
3193,2026-09-02,Kamakhya Temple,26.1664,91.7055,thunderstorm,200,34.7,5.2,70,16.4,80.0
3194,2026-09-02,Umananda Island,26.1964,91.7453,few clouds,801,25.7,5.2,63,0.0,10.0
3195,2026-09-02,Navagraha Temple,26.1749,91.7789,thunderstorm,200,27.0,0.8,87,14.9,80.0
3196,2026-09-02,Basistha Temple,26.1132,91.797,overcast clouds,804,28.2,0.5,90,44.1,10.0
3197,2026-09-02,Guwahati Railway Station,26.1824,91.7513,scattered clouds,802,18.5,2.5,72,22.8,10.0
3198,2026-09-02,LGB International Airport,26.1061,91.5859,thunderstorm,200,36.8,6.0,97,43.1,80.0
3199,2026-09-02,Paltan Bazaar,26.1817,91.7503,light rain,500,25.6,7.5,55,0.0,30.0
3200,2026-09-02,Fancy Bazaar,26.1836,91.7434,thunderstorm,200,29.0,7.5,70,12.5,80.0
3201,2026-09-02,Pan Bazaar,26.1856,91.7455,thunderstorm with heavy rain,202,23.3,3.0,79,9.5,80.0
3202,2026-09-02,Uzan Bazar Ghat,26.19,91.759,haze,721,28.9,1.2,50,15.1,45.0
3203,2026-09-02,Brahmaputra Riverfront,26.1905,91.748,moderate rain,501,36.3,1.6,63,0.0,30.0
3204,2026-09-02,Dighalipukhuri,26.1861,91.7503,moderate rain,501,28.9,2.9,59,15.3,30.0
3205,2026-09-02,Nehru Park,26.1857,91.7477,thunderstorm,200,32.7,0.9,77,0.0,80.0
3206,2026-09-02,Assam State Museum,26.1857,91.7481,light drizzle,300,27.6,2.8,84,4.7,20.0
3207,2026-09-02,Assam State Zoo & Botanical Garden,26.178,91.786,thunderstorm with heavy rain,202,30.9,7.7,47,9.2,80.0
3208,2026-09-02,Srimanta Sankaradeva Kalakshetra,26.144,91.8058,snow,601,27.1,7.7,58,34.3,50.0
3209,2026-09-02,Guwahati Planetarium,26.1856,91.7625,overcast clouds,804,23.3,3.8,98,0.0,10.0
3210,2026-09-02,"Gandhi Mandap, Sarania Hill",26.175,91.758,mist,701,33.8,2.8,96,46.0,45.0
3211,2026-09-02,Nilachal Ropeway Terminal,26.188,91.744,overcast clouds,804,29.3,4.6,83,0.0,10.0
3212,2026-09-02,Dispur Secretariat,26.142,91.79,mist,701,29.1,4.4,57,23.5,45.0
3213,2026-09-02,Ganeshguri Junction,26.147,91.79,light drizzle,300,32.1,7.3,76,23.3,20.0
3214,2026-09-02,Six Mile,26.135,91.805,light rain,500,29.6,6.5,47,69.1,30.0
3215,2026-09-02,Beltola Bazaar,26.129,91.8,thunderstorm,200,25.0,10.0,84,20.1,80.0
3216,2026-09-02,Zoo Road Tiniali,26.165,91.78,haze,721,30.2,0.0,77,17.4,45.0
3217,2026-09-02,Chandmari,26.183,91.772,mist,701,20.2,4.4,78,20.8,45.0
3218,2026-09-02,Silpukhuri,26.188,91.766,overcast clouds,804,35.3,3.2,46,0.0,10.0
3219,2026-09-02,Bharalumukh,26.17,91.735,heavy rain,502,32.5,1.9,80,41.4,60.0
3220,2026-09-02,Rehabari,26.175,91.748,fog,741,28.2,6.4,75,42.3,45.0
3221,2026-09-02,Bhangagarh,26.15,91.77,heavy rain,502,28.1,1.3,97,30.5,60.0
3222,2026-09-02,Hatigaon,26.136,91.788,thunderstorm,200,27.7,3.3,84,19.0,80.0
3223,2026-09-02,Kahilipara,26.133,91.762,very heavy rain,503,32.3,0.3,67,23.8,60.0
3224,2026-09-02,Maligaon,26.158,91.679,light drizzle,300,30.3,4.3,78,23.5,20.0
3225,2026-09-02,Jalukbari,26.152,91.665,heavy rain,502,26.9,2.2,63,21.8,60.0
3226,2026-09-02,Gauhati University,26.152,91.665,moderate rain,501,31.5,6.5,93,0.0,30.0
3227,2026-09-02,IIT Guwahati,26.19,91.695,snow,601,36.6,5.4,55,49.9,50.0
3228,2026-09-02,Guwahati Medical College,26.155,91.7,moderate rain,501,32.9,2.0,66,30.2,30.0
3229,2026-09-02,Saraighat Bridge,26.1889,91.67,light rain,500,29.8,5.5,47,1.4,30.0
3230,2026-09-02,North Guwahati Ghat,26.198,91.69,light drizzle,300,22.9,2.1,92,14.8,20.0
3231,2026-09-02,Amingaon,26.19,91.66,few clouds,801,28.8,3.1,95,2.8,10.0
3232,2026-09-02,Noonmati,26.178,91.806,light rain,500,19.9,6.5,47,35.5,30.0
3233,2026-09-02,Narengi,26.175,91.84,moderate rain,501,32.7,7.6,72,18.9,30.0
3234,2026-09-02,Khanapara,26.118,91.818,few clouds,801,33.3,2.9,78,89.2,10.0
3235,2026-09-02,Lokhra,26.105,91.735,mist,701,31.9,1.6,83,61.0,45.0
3236,2026-09-02,Deepor Beel Wildlife Sanctuary,26.12,91.65,clear sky,800,31.1,6.7,65,40.7,5.0
3237,2026-09-02,Sualkuchi Silk Village,26.1667,91.5667,fog,741,40.0,5.2,94,28.5,45.0
3238,2026-09-02,Hajo Pilgrimage Town,26.25,91.5167,light rain,500,30.5,9.8,56,0.0,30.0
3239,2026-09-02,Madan Kamdev Ruins,26.3667,91.6333,moderate rain,501,32.4,6.8,76,0.0,30.0
3240,2026-09-02,Chandubi Lake,25.9333,91.4333,fog,741,17.6,5.3,98,0.0,45.0
3241,2026-09-02,Accoland Water Park,26.09,91.59,light drizzle,300,26.6,3.5,60,7.4,20.0
3242,2026-09-02,Pobitora Wildlife Sanctuary,26.2333,92.0833,thunderstorm with heavy rain,202,36.7,7.1,66,13.9,80.0
3243,2026-09-02,Shillong,25.5788,91.8933,light drizzle,300,29.1,0.9,80,15.4,20.0
3244,2026-09-02,Umiam Lake,25.657,91.889,light rain,500,29.7,0.2,84,53.0,30.0
3245,2026-09-02,Cherrapunji (Sohra),25.2912,91.6783,thunderstorm,200,30.4,7.7,73,16.3,80.0
3246,2026-09-02,Nohkalikai Falls,25.276,91.6857,thunderstorm with heavy rain,202,12.2,3.0,82,14.3,80.0
3247,2026-09-02,"Living Root Bridge, Nongriat",25.247,91.715,thunderstorm,200,24.1,4.3,56,54.3,80.0
3248,2026-09-02,Mawlynnong Village,25.2,91.9167,moderate rain,501,27.7,1.6,70,63.3,30.0
3249,2026-09-02,Dawki / Umngot River,25.19,92.02,thunderstorm,200,21.3,2.4,85,0.0,80.0
3250,2026-09-02,Kaziranga National Park,26.5775,93.1711,thunderstorm with heavy rain,202,33.0,5.5,98,0.0,80.0
3251,2026-09-02,Nameri National Park,26.92,92.88,moderate rain,501,23.9,0.3,91,0.0,30.0
3252,2026-09-02,Manas National Park,26.7,91.0,mist,701,33.1,1.0,54,34.2,45.0
3253,2026-09-02,Tezpur,26.6338,92.8,moderate rain,501,31.7,1.5,81,18.3,30.0
3254,2026-09-02,Majuli River Island,26.95,94.17,scattered clouds,802,33.8,6.2,64,21.9,10.0
3255,2026-09-02,Jorhat,26.7509,94.2037,heavy rain,502,18.5,5.1,56,27.3,60.0
3256,2026-09-02,Sivasagar,26.9826,94.6425,mist,701,29.2,2.6,94,1.4,45.0
3257,2026-09-02,Dibrugarh,27.4728,94.912,scattered clouds,802,27.0,6.5,80,26.1,10.0
3258,2026-09-02,Digboi Oil Heritage,27.3931,95.6186,heavy rain,502,34.3,3.3,54,22.6,60.0
3259,2026-09-02,Haflong,25.1667,93.0167,light rain,500,33.7,7.3,46,8.3,30.0
3260,2026-09-02,Tawang Monastery,27.5861,91.8594,overcast clouds,804,13.0,2.1,59,0.0,10.0
3261,2026-09-02,Ziro Valley,27.5448,93.832,moderate rain,501,35.3,4.3,83,48.3,30.0
3262,2026-09-02,Gangtok,27.3314,88.6138,mist,701,20.7,1.1,80,13.4,45.0
3263,2026-09-02,Kohima,25.6751,94.1086,thunderstorm,200,15.9,7.8,97,41.0,80.0
3264,2026-09-02,Dzukou Valley,25.5833,94.05,light rain,500,20.7,3.6,89,0.0,30.0
3265,2026-09-02,Imphal,24.817,93.9368,heavy rain,502,28.5,2.8,96,26.2,60.0
3266,2026-09-02,Loktak Lake,24.5333,93.8167,heavy rain,502,23.3,2.1,72,47.1,60.0
3267,2026-09-02,Aizawl,23.7271,92.7176,very heavy rain,503,31.5,6.7,81,0.0,60.0
3268,2026-09-02,Agartala,23.8315,91.2868,few clouds,801,28.4,5.6,75,14.2,10.0
3269,2026-09-03,Kamakhya Temple,26.1664,91.7055,thunderstorm with heavy rain,202,33.5,8.1,54,22.7,80.0
3270,2026-09-03,Umananda Island,26.1964,91.7453,light rain,500,22.1,1.9,52,66.5,30.0
3271,2026-09-03,Navagraha Temple,26.1749,91.7789,light drizzle,300,31.7,4.3,79,37.7,20.0
3272,2026-09-03,Basistha Temple,26.1132,91.797,thunderstorm,200,30.3,6.7,47,1.9,80.0
3273,2026-09-03,Guwahati Railway Station,26.1824,91.7513,mist,701,25.4,4.4,93,18.5,45.0
3274,2026-09-03,LGB International Airport,26.1061,91.5859,mist,701,23.4,3.8,69,28.0,45.0
3275,2026-09-03,Paltan Bazaar,26.1817,91.7503,few clouds,801,31.2,8.8,93,5.2,10.0
3276,2026-09-03,Fancy Bazaar,26.1836,91.7434,scattered clouds,802,30.4,4.8,97,50.2,10.0
3277,2026-09-03,Pan Bazaar,26.1856,91.7455,haze,721,26.8,4.1,49,12.0,45.0
3278,2026-09-03,Uzan Bazar Ghat,26.19,91.759,very heavy rain,503,34.2,4.2,49,35.0,60.0
3279,2026-09-03,Brahmaputra Riverfront,26.1905,91.748,mist,701,32.9,2.1,94,33.6,45.0
3280,2026-09-03,Dighalipukhuri,26.1861,91.7503,overcast clouds,804,23.3,7.3,71,4.6,10.0
3281,2026-09-03,Nehru Park,26.1857,91.7477,heavy rain,502,29.5,6.2,85,17.1,60.0
3282,2026-09-03,Assam State Museum,26.1857,91.7481,moderate rain,501,24.2,4.0,55,25.2,30.0
3283,2026-09-03,Assam State Zoo & Botanical Garden,26.178,91.786,few clouds,801,24.3,9.3,91,0.0,10.0
3284,2026-09-03,Srimanta Sankaradeva Kalakshetra,26.144,91.8058,very heavy rain,503,24.2,6.9,80,4.9,60.0
3285,2026-09-03,Guwahati Planetarium,26.1856,91.7625,thunderstorm with heavy rain,202,22.2,3.4,85,44.0,80.0
3286,2026-09-03,"Gandhi Mandap, Sarania Hill",26.175,91.758,fog,741,34.4,2.5,83,14.4,45.0
3287,2026-09-03,Nilachal Ropeway Terminal,26.188,91.744,few clouds,801,26.9,3.6,78,9.1,10.0
3288,2026-09-03,Dispur Secretariat,26.142,91.79,haze,721,29.8,1.4,50,44.1,45.0
3289,2026-09-03,Ganeshguri Junction,26.147,91.79,fog,741,26.8,6.0,90,33.2,45.0
3290,2026-09-03,Six Mile,26.135,91.805,fog,741,23.4,2.6,50,34.3,45.0
3291,2026-09-03,Beltola Bazaar,26.129,91.8,moderate rain,501,44.0,6.3,55,13.6,45.0
3292,2026-09-03,Zoo Road Tiniali,26.165,91.78,overcast clouds,804,25.4,2.4,72,30.0,10.0
3293,2026-09-03,Chandmari,26.183,91.772,light drizzle,300,27.4,0.9,53,0.0,20.0
3294,2026-09-03,Silpukhuri,26.188,91.766,haze,721,25.7,4.3,73,29.4,45.0
3295,2026-09-03,Bharalumukh,26.17,91.735,few clouds,801,24.4,2.3,61,0.0,10.0
3296,2026-09-03,Rehabari,26.175,91.748,overcast clouds,804,26.6,0.8,70,14.3,10.0
3297,2026-09-03,Bhangagarh,26.15,91.77,light drizzle,300,30.5,8.8,72,5.1,20.0
3298,2026-09-03,Hatigaon,26.136,91.788,light drizzle,300,29.1,13.1,51,36.2,30.0
3299,2026-09-03,Kahilipara,26.133,91.762,light rain,500,25.6,3.2,74,16.3,30.0
3300,2026-09-03,Maligaon,26.158,91.679,moderate rain,501,29.7,0.0,98,13.0,30.0
3301,2026-09-03,Jalukbari,26.152,91.665,overcast clouds,804,31.2,6.4,97,0.0,10.0
3302,2026-09-03,Gauhati University,26.152,91.665,scattered clouds,802,30.1,0.5,71,46.4,10.0
3303,2026-09-03,IIT Guwahati,26.19,91.695,overcast clouds,804,25.7,1.2,76,26.2,10.0
3304,2026-09-03,Guwahati Medical College,26.155,91.7,moderate rain,501,28.5,1.0,59,0.0,30.0
3305,2026-09-03,Saraighat Bridge,26.1889,91.67,mist,701,25.5,2.5,77,34.7,45.0
3306,2026-09-03,North Guwahati Ghat,26.198,91.69,light rain,500,31.5,7.6,93,21.3,30.0
3307,2026-09-03,Amingaon,26.19,91.66,moderate rain,501,22.2,3.3,89,0.0,30.0
3308,2026-09-03,Noonmati,26.178,91.806,light rain,500,21.2,1.0,74,0.0,30.0
3309,2026-09-03,Narengi,26.175,91.84,moderate rain,501,31.7,9.0,76,20.2,30.0
3310,2026-09-03,Khanapara,26.118,91.818,thunderstorm,200,33.4,6.5,68,53.3,80.0
3311,2026-09-03,Lokhra,26.105,91.735,thunderstorm,200,30.0,2.3,87,26.5,80.0
3312,2026-09-03,Deepor Beel Wildlife Sanctuary,26.12,91.65,heavy rain,502,26.6,1.9,70,31.0,60.0
3313,2026-09-03,Sualkuchi Silk Village,26.1667,91.5667,very heavy rain,503,27.3,3.2,66,0.0,60.0
3314,2026-09-03,Hajo Pilgrimage Town,26.25,91.5167,scattered clouds,802,27.4,2.7,91,50.3,10.0
3315,2026-09-03,Madan Kamdev Ruins,26.3667,91.6333,few clouds,801,18.4,0.6,49,31.6,10.0
3316,2026-09-03,Chandubi Lake,25.9333,91.4333,heavy rain,502,36.2,3.3,47,9.9,60.0
3317,2026-09-03,Accoland Water Park,26.09,91.59,heavy rain,502,26.4,0.9,60,0.0,60.0
3318,2026-09-03,Pobitora Wildlife Sanctuary,26.2333,92.0833,light drizzle,300,27.1,5.3,55,16.7,20.0
3319,2026-09-03,Shillong,25.5788,91.8933,scattered clouds,802,23.2,8.6,96,51.3,10.0
3320,2026-09-03,Umiam Lake,25.657,91.889,thunderstorm,200,24.7,4.4,91,0.0,80.0
3321,2026-09-03,Cherrapunji (Sohra),25.2912,91.6783,heavy rain,502,22.4,2.2,63,5.5,60.0
3322,2026-09-03,Nohkalikai Falls,25.276,91.6857,heavy rain,502,31.9,1.5,80,0.0,60.0
3323,2026-09-03,"Living Root Bridge, Nongriat",25.247,91.715,heavy rain,502,24.7,2.0,73,0.0,60.0
3324,2026-09-03,Mawlynnong Village,25.2,91.9167,haze,721,28.0,1.0,86,11.2,45.0
3325,2026-09-03,Dawki / Umngot River,25.19,92.02,moderate rain,501,30.5,2.3,79,0.0,30.0
3326,2026-09-03,Kaziranga National Park,26.5775,93.1711,overcast clouds,804,28.9,5.2,46,0.0,10.0
3327,2026-09-03,Nameri National Park,26.92,92.88,fog,741,29.5,0.7,49,26.8,45.0
3328,2026-09-03,Manas National Park,26.7,91.0,heavy rain,502,33.8,3.3,79,13.1,60.0
3329,2026-09-03,Tezpur,26.6338,92.8,moderate rain,501,25.4,2.2,81,43.6,30.0
3330,2026-09-03,Majuli River Island,26.95,94.17,thunderstorm,200,33.4,1.7,65,57.0,80.0
3331,2026-09-03,Jorhat,26.7509,94.2037,moderate rain,501,43.1,6.7,47,25.8,45.0
3332,2026-09-03,Sivasagar,26.9826,94.6425,very heavy rain,503,35.2,0.1,88,18.1,60.0
3333,2026-09-03,Dibrugarh,27.4728,94.912,heavy rain,502,29.6,3.6,62,45.4,60.0
3334,2026-09-03,Digboi Oil Heritage,27.3931,95.6186,mist,701,28.2,0.5,91,0.0,45.0
3335,2026-09-03,Haflong,25.1667,93.0167,heavy rain,502,22.0,2.0,46,10.9,60.0
3336,2026-09-03,Tawang Monastery,27.5861,91.8594,fog,741,31.7,1.9,68,55.0,45.0
3337,2026-09-03,Ziro Valley,27.5448,93.832,light drizzle,300,33.6,5.0,74,4.3,20.0
3338,2026-09-03,Gangtok,27.3314,88.6138,light rain,500,29.7,2.4,85,0.0,30.0
3339,2026-09-03,Kohima,25.6751,94.1086,light drizzle,300,25.7,7.8,92,0.4,20.0
3340,2026-09-03,Dzukou Valley,25.5833,94.05,light rain,500,34.7,2.4,57,0.0,30.0
3341,2026-09-03,Imphal,24.817,93.9368,moderate rain,501,24.2,6.7,51,10.0,30.0
3342,2026-09-03,Loktak Lake,24.5333,93.8167,few clouds,801,26.1,5.0,79,0.0,10.0
3343,2026-09-03,Aizawl,23.7271,92.7176,thunderstorm,200,16.6,2.3,56,37.7,80.0
3344,2026-09-03,Agartala,23.8315,91.2868,overcast clouds,804,23.5,2.1,82,6.4,10.0
3345,2026-09-04,Kamakhya Temple,26.1664,91.7055,overcast clouds,804,23.7,2.6,83,22.8,10.0
3346,2026-09-04,Umananda Island,26.1964,91.7453,light drizzle,300,33.9,0.7,80,16.4,20.0
3347,2026-09-04,Navagraha Temple,26.1749,91.7789,thunderstorm,200,28.8,3.0,86,0.0,80.0
3348,2026-09-04,Basistha Temple,26.1132,91.797,light rain,500,30.6,3.7,84,0.1,30.0
3349,2026-09-04,Guwahati Railway Station,26.1824,91.7513,light rain,500,28.6,1.0,97,17.8,30.0
3350,2026-09-04,LGB International Airport,26.1061,91.5859,light drizzle,300,20.7,3.9,77,0.0,20.0
3351,2026-09-04,Paltan Bazaar,26.1817,91.7503,thunderstorm with heavy rain,202,32.3,8.6,75,5.8,80.0
3352,2026-09-04,Fancy Bazaar,26.1836,91.7434,overcast clouds,804,30.2,2.5,60,0.0,10.0
3353,2026-09-04,Pan Bazaar,26.1856,91.7455,light drizzle,300,30.2,9.1,58,9.5,20.0
3354,2026-09-04,Uzan Bazar Ghat,26.19,91.759,light drizzle,300,35.3,4.3,57,47.3,20.0
3355,2026-09-04,Brahmaputra Riverfront,26.1905,91.748,scattered clouds,802,23.3,3.1,58,29.7,10.0
3356,2026-09-04,Dighalipukhuri,26.1861,91.7503,mist,701,24.4,0.4,72,15.2,45.0
3357,2026-09-04,Nehru Park,26.1857,91.7477,moderate rain,501,28.8,3.3,84,13.2,30.0
3358,2026-09-04,Assam State Museum,26.1857,91.7481,very heavy rain,503,26.5,9.3,94,8.6,60.0
3359,2026-09-04,Assam State Zoo & Botanical Garden,26.178,91.786,thunderstorm with heavy rain,202,29.0,6.2,74,0.0,80.0
3360,2026-09-04,Srimanta Sankaradeva Kalakshetra,26.144,91.8058,snow,601,26.0,6.0,80,0.0,50.0
3361,2026-09-04,Guwahati Planetarium,26.1856,91.7625,few clouds,801,25.4,3.3,75,41.6,10.0
3362,2026-09-04,"Gandhi Mandap, Sarania Hill",26.175,91.758,light drizzle,300,21.6,3.6,94,15.1,20.0
3363,2026-09-04,Nilachal Ropeway Terminal,26.188,91.744,light rain,500,30.3,4.3,66,0.0,30.0
3364,2026-09-04,Dispur Secretariat,26.142,91.79,thunderstorm,200,17.2,1.2,94,49.4,80.0
3365,2026-09-04,Ganeshguri Junction,26.147,91.79,heavy rain,502,32.2,0.8,79,0.0,60.0
3366,2026-09-04,Six Mile,26.135,91.805,overcast clouds,804,23.5,4.4,66,19.0,10.0
3367,2026-09-04,Beltola Bazaar,26.129,91.8,haze,721,25.5,5.4,85,0.2,45.0
3368,2026-09-04,Zoo Road Tiniali,26.165,91.78,haze,721,29.3,6.9,90,0.0,45.0
3369,2026-09-04,Chandmari,26.183,91.772,mist,701,33.7,2.7,64,71.0,45.0
3370,2026-09-04,Silpukhuri,26.188,91.766,haze,721,30.0,1.8,66,0.0,45.0
3371,2026-09-04,Bharalumukh,26.17,91.735,clear sky,800,27.8,3.8,47,61.3,5.0
3372,2026-09-04,Rehabari,26.175,91.748,light rain,500,28.9,4.9,59,53.8,30.0
3373,2026-09-04,Bhangagarh,26.15,91.77,few clouds,801,35.1,3.9,97,52.8,10.0
3374,2026-09-04,Hatigaon,26.136,91.788,thunderstorm with heavy rain,202,29.3,0.3,45,11.0,80.0
3375,2026-09-04,Kahilipara,26.133,91.762,light rain,500,28.7,0.1,85,0.0,30.0
3376,2026-09-04,Maligaon,26.158,91.679,overcast clouds,804,31.4,0.7,78,30.5,10.0
3377,2026-09-04,Jalukbari,26.152,91.665,moderate rain,501,32.5,0.5,90,0.0,30.0
3378,2026-09-04,Gauhati University,26.152,91.665,mist,701,31.5,3.7,73,16.9,45.0
3379,2026-09-04,IIT Guwahati,26.19,91.695,mist,701,20.3,4.7,63,9.1,45.0
3380,2026-09-04,Guwahati Medical College,26.155,91.7,clear sky,800,24.0,2.2,92,40.4,5.0
3381,2026-09-04,Saraighat Bridge,26.1889,91.67,very heavy rain,503,26.0,5.7,49,0.0,60.0
3382,2026-09-04,North Guwahati Ghat,26.198,91.69,overcast clouds,804,19.1,2.6,92,5.6,10.0
3383,2026-09-04,Amingaon,26.19,91.66,scattered clouds,802,25.8,4.3,83,47.8,10.0
3384,2026-09-04,Noonmati,26.178,91.806,clear sky,800,27.3,8.0,69,28.4,5.0
3385,2026-09-04,Narengi,26.175,91.84,thunderstorm,200,24.0,6.2,71,16.9,80.0
3386,2026-09-04,Khanapara,26.118,91.818,thunderstorm,200,26.9,5.3,55,19.3,80.0
3387,2026-09-04,Lokhra,26.105,91.735,thunderstorm,200,32.4,0.4,87,0.0,80.0
3388,2026-09-04,Deepor Beel Wildlife Sanctuary,26.12,91.65,fog,741,23.6,4.9,92,20.7,45.0
3389,2026-09-04,Sualkuchi Silk Village,26.1667,91.5667,haze,721,26.5,1.3,53,0.0,45.0
3390,2026-09-04,Hajo Pilgrimage Town,26.25,91.5167,fog,741,24.8,7.6,77,48.9,45.0
3391,2026-09-04,Madan Kamdev Ruins,26.3667,91.6333,thunderstorm with heavy rain,202,21.5,6.5,69,43.7,80.0
3392,2026-09-04,Chandubi Lake,25.9333,91.4333,thunderstorm,200,23.1,1.3,56,37.7,80.0
3393,2026-09-04,Accoland Water Park,26.09,91.59,thunderstorm,200,26.2,7.7,56,53.2,80.0
3394,2026-09-04,Pobitora Wildlife Sanctuary,26.2333,92.0833,overcast clouds,804,29.9,5.3,81,0.0,10.0
3395,2026-09-04,Shillong,25.5788,91.8933,very heavy rain,503,25.4,10.9,46,10.9,70.0
3396,2026-09-04,Umiam Lake,25.657,91.889,heavy rain,502,21.7,5.1,92,3.9,60.0
3397,2026-09-04,Cherrapunji (Sohra),25.2912,91.6783,light rain,500,30.0,4.2,72,29.2,30.0
3398,2026-09-04,Nohkalikai Falls,25.276,91.6857,heavy rain,502,25.7,0.7,80,3.8,60.0
3399,2026-09-04,"Living Root Bridge, Nongriat",25.247,91.715,overcast clouds,804,25.3,5.6,68,12.5,10.0
3400,2026-09-04,Mawlynnong Village,25.2,91.9167,heavy rain,502,30.7,1.4,80,7.6,60.0
3401,2026-09-04,Dawki / Umngot River,25.19,92.02,fog,741,30.5,3.3,91,0.0,45.0
3402,2026-09-04,Kaziranga National Park,26.5775,93.1711,mist,701,29.8,0.4,63,62.6,45.0
3403,2026-09-04,Nameri National Park,26.92,92.88,light drizzle,300,28.6,6.2,61,0.0,20.0
3404,2026-09-04,Manas National Park,26.7,91.0,moderate rain,501,27.5,0.0,73,5.8,30.0
3405,2026-09-04,Tezpur,26.6338,92.8,heavy rain,502,22.6,5.8,45,24.0,60.0
3406,2026-09-04,Majuli River Island,26.95,94.17,few clouds,801,31.5,5.2,83,24.4,10.0
3407,2026-09-04,Jorhat,26.7509,94.2037,moderate rain,501,27.0,0.0,52,26.7,30.0
3408,2026-09-04,Sivasagar,26.9826,94.6425,thunderstorm with heavy rain,202,35.9,8.1,78,64.9,80.0
3409,2026-09-04,Dibrugarh,27.4728,94.912,light drizzle,300,35.4,6.7,93,31.2,20.0
3410,2026-09-04,Digboi Oil Heritage,27.3931,95.6186,light rain,500,27.0,3.2,48,0.0,30.0
3411,2026-09-04,Haflong,25.1667,93.0167,moderate rain,501,37.2,6.4,61,20.0,30.0
3412,2026-09-04,Tawang Monastery,27.5861,91.8594,thunderstorm with heavy rain,202,25.8,0.0,77,0.0,80.0
3413,2026-09-04,Ziro Valley,27.5448,93.832,moderate rain,501,26.1,1.0,58,4.1,30.0
3414,2026-09-04,Gangtok,27.3314,88.6138,mist,701,25.7,1.0,60,0.0,45.0
3415,2026-09-04,Kohima,25.6751,94.1086,heavy rain,502,29.1,2.7,98,57.1,60.0
3416,2026-09-04,Dzukou Valley,25.5833,94.05,thunderstorm with heavy rain,202,28.9,1.0,64,19.2,80.0
3417,2026-09-04,Imphal,24.817,93.9368,light drizzle,300,29.3,2.6,81,38.0,20.0
3418,2026-09-04,Loktak Lake,24.5333,93.8167,scattered clouds,802,36.7,0.4,55,37.2,10.0
3419,2026-09-04,Aizawl,23.7271,92.7176,haze,721,23.3,6.2,50,32.1,45.0
3420,2026-09-04,Agartala,23.8315,91.2868,heavy rain,502,29.5,3.7,82,0.0,60.0
3421,2026-09-05,Kamakhya Temple,26.1664,91.7055,thunderstorm,200,26.1,2.8,57,0.0,80.0
3422,2026-09-05,Umananda Island,26.1964,91.7453,thunderstorm,200,30.4,4.1,57,50.2,80.0
3423,2026-09-05,Navagraha Temple,26.1749,91.7789,fog,741,20.8,4.8,50,26.3,45.0
3424,2026-09-05,Basistha Temple,26.1132,91.797,scattered clouds,802,30.7,7.4,48,15.2,10.0
3425,2026-09-05,Guwahati Railway Station,26.1824,91.7513,heavy rain,502,25.5,3.3,55,46.1,60.0
3426,2026-09-05,LGB International Airport,26.1061,91.5859,very heavy rain,503,22.6,6.6,87,24.9,60.0
3427,2026-09-05,Paltan Bazaar,26.1817,91.7503,scattered clouds,802,33.7,7.4,88,28.4,10.0
3428,2026-09-05,Fancy Bazaar,26.1836,91.7434,light rain,500,30.2,4.3,52,29.5,30.0
3429,2026-09-05,Pan Bazaar,26.1856,91.7455,heavy rain,502,28.5,5.1,66,0.0,60.0
3430,2026-09-05,Uzan Bazar Ghat,26.19,91.759,thunderstorm,200,31.0,2.3,84,11.2,80.0
3431,2026-09-05,Brahmaputra Riverfront,26.1905,91.748,thunderstorm,200,32.1,4.1,57,0.0,80.0
3432,2026-09-05,Dighalipukhuri,26.1861,91.7503,moderate rain,501,25.1,4.6,87,0.0,30.0
3433,2026-09-05,Nehru Park,26.1857,91.7477,thunderstorm with heavy rain,202,25.7,3.7,93,21.4,80.0
3434,2026-09-05,Assam State Museum,26.1857,91.7481,scattered clouds,802,34.3,1.7,70,22.5,10.0
3435,2026-09-05,Assam State Zoo & Botanical Garden,26.178,91.786,heavy rain,502,31.5,5.2,45,0.0,60.0
3436,2026-09-05,Srimanta Sankaradeva Kalakshetra,26.144,91.8058,scattered clouds,802,24.0,2.3,46,4.2,10.0
3437,2026-09-05,Guwahati Planetarium,26.1856,91.7625,mist,701,23.8,0.4,68,41.2,45.0
3438,2026-09-05,"Gandhi Mandap, Sarania Hill",26.175,91.758,light rain,500,30.3,3.4,92,0.0,30.0
3439,2026-09-05,Nilachal Ropeway Terminal,26.188,91.744,very heavy rain,503,24.7,4.2,87,0.0,60.0
3440,2026-09-05,Dispur Secretariat,26.142,91.79,thunderstorm,200,19.9,2.3,94,0.0,80.0
3441,2026-09-05,Ganeshguri Junction,26.147,91.79,scattered clouds,802,27.5,5.0,62,39.3,10.0
3442,2026-09-05,Six Mile,26.135,91.805,moderate rain,501,23.2,10.0,93,11.9,30.0
3443,2026-09-05,Beltola Bazaar,26.129,91.8,fog,741,29.1,3.7,49,51.1,45.0
3444,2026-09-05,Zoo Road Tiniali,26.165,91.78,clear sky,800,39.5,0.1,72,14.4,5.0
3445,2026-09-05,Chandmari,26.183,91.772,scattered clouds,802,24.2,0.9,80,9.2,10.0
3446,2026-09-05,Silpukhuri,26.188,91.766,heavy rain,502,35.4,3.5,50,33.0,60.0
3447,2026-09-05,Bharalumukh,26.17,91.735,light rain,500,27.2,3.9,59,51.9,30.0
3448,2026-09-05,Rehabari,26.175,91.748,moderate rain,501,30.2,7.8,65,14.0,30.0
3449,2026-09-05,Bhangagarh,26.15,91.77,light drizzle,300,20.9,7.2,88,15.9,20.0
3450,2026-09-05,Hatigaon,26.136,91.788,very heavy rain,503,28.9,3.2,48,13.2,60.0
3451,2026-09-05,Kahilipara,26.133,91.762,scattered clouds,802,20.7,1.4,70,49.0,10.0
3452,2026-09-05,Maligaon,26.158,91.679,thunderstorm,200,23.0,2.5,95,25.9,80.0
3453,2026-09-05,Jalukbari,26.152,91.665,light drizzle,300,30.1,6.5,88,22.1,20.0
3454,2026-09-05,Gauhati University,26.152,91.665,light drizzle,300,34.7,0.8,61,0.0,20.0
3455,2026-09-05,IIT Guwahati,26.19,91.695,moderate rain,501,33.9,8.0,61,16.2,30.0
3456,2026-09-05,Guwahati Medical College,26.155,91.7,few clouds,801,30.3,3.6,95,22.6,10.0
3457,2026-09-05,Saraighat Bridge,26.1889,91.67,moderate rain,501,28.3,4.2,92,26.4,30.0
3458,2026-09-05,North Guwahati Ghat,26.198,91.69,scattered clouds,802,21.2,0.2,50,43.2,10.0
3459,2026-09-05,Amingaon,26.19,91.66,moderate rain,501,28.7,2.7,45,0.0,30.0
3460,2026-09-05,Noonmati,26.178,91.806,very heavy rain,503,25.3,2.9,46,22.6,60.0
3461,2026-09-05,Narengi,26.175,91.84,mist,701,30.9,5.6,48,1.9,45.0
3462,2026-09-05,Khanapara,26.118,91.818,few clouds,801,24.4,4.0,74,23.5,10.0
3463,2026-09-05,Lokhra,26.105,91.735,thunderstorm,200,39.5,0.4,97,34.2,80.0
3464,2026-09-05,Deepor Beel Wildlife Sanctuary,26.12,91.65,moderate rain,501,27.3,1.4,96,38.9,30.0
3465,2026-09-05,Sualkuchi Silk Village,26.1667,91.5667,light rain,500,30.2,5.0,46,3.5,30.0
3466,2026-09-05,Hajo Pilgrimage Town,26.25,91.5167,moderate rain,501,23.4,2.7,72,13.9,30.0
3467,2026-09-05,Madan Kamdev Ruins,26.3667,91.6333,very heavy rain,503,24.7,0.6,58,19.9,60.0
3468,2026-09-05,Chandubi Lake,25.9333,91.4333,overcast clouds,804,23.2,3.7,57,0.0,10.0
3469,2026-09-05,Accoland Water Park,26.09,91.59,heavy rain,502,35.6,6.5,73,60.1,60.0
3470,2026-09-05,Pobitora Wildlife Sanctuary,26.2333,92.0833,mist,701,25.4,0.8,67,23.5,45.0
3471,2026-09-05,Shillong,25.5788,91.8933,heavy rain,502,26.5,2.1,89,21.0,60.0
3472,2026-09-05,Umiam Lake,25.657,91.889,few clouds,801,27.5,3.0,51,43.7,10.0
3473,2026-09-05,Cherrapunji (Sohra),25.2912,91.6783,light drizzle,300,33.8,1.6,93,29.3,20.0
3474,2026-09-05,Nohkalikai Falls,25.276,91.6857,moderate rain,501,22.4,4.1,61,20.5,30.0
3475,2026-09-05,"Living Root Bridge, Nongriat",25.247,91.715,few clouds,801,24.1,3.5,60,0.0,10.0
3476,2026-09-05,Mawlynnong Village,25.2,91.9167,few clouds,801,26.2,1.6,90,0.0,10.0
3477,2026-09-05,Dawki / Umngot River,25.19,92.02,heavy rain,502,28.4,3.5,60,0.0,60.0
3478,2026-09-05,Kaziranga National Park,26.5775,93.1711,light rain,500,29.8,0.6,83,35.0,30.0
3479,2026-09-05,Nameri National Park,26.92,92.88,moderate rain,501,24.1,4.4,98,0.0,30.0
3480,2026-09-05,Manas National Park,26.7,91.0,fog,741,29.3,1.5,76,0.0,45.0
3481,2026-09-05,Tezpur,26.6338,92.8,heavy rain,502,25.3,2.3,82,6.3,60.0
3482,2026-09-05,Majuli River Island,26.95,94.17,light rain,500,21.4,4.1,51,0.0,30.0
3483,2026-09-05,Jorhat,26.7509,94.2037,light rain,500,29.5,2.5,58,0.0,30.0
3484,2026-09-05,Sivasagar,26.9826,94.6425,moderate rain,501,24.6,4.2,98,9.8,30.0
3485,2026-09-05,Dibrugarh,27.4728,94.912,overcast clouds,804,30.9,2.7,92,6.7,10.0
3486,2026-09-05,Digboi Oil Heritage,27.3931,95.6186,heavy rain,502,26.4,0.2,52,49.4,60.0
3487,2026-09-05,Haflong,25.1667,93.0167,snow,601,28.3,3.0,90,26.6,50.0
3488,2026-09-05,Tawang Monastery,27.5861,91.8594,mist,701,35.2,1.4,53,0.0,45.0
3489,2026-09-05,Ziro Valley,27.5448,93.832,clear sky,800,29.2,0.0,97,57.7,5.0
3490,2026-09-05,Gangtok,27.3314,88.6138,scattered clouds,802,19.9,0.2,87,43.5,10.0
3491,2026-09-05,Kohima,25.6751,94.1086,very heavy rain,503,29.5,8.8,85,15.1,60.0
3492,2026-09-05,Dzukou Valley,25.5833,94.05,fog,741,15.1,9.3,50,0.0,45.0
3493,2026-09-05,Imphal,24.817,93.9368,light drizzle,300,20.4,1.5,81,0.0,20.0
3494,2026-09-05,Loktak Lake,24.5333,93.8167,snow,601,18.7,3.2,52,0.0,50.0
3495,2026-09-05,Aizawl,23.7271,92.7176,scattered clouds,802,28.4,2.9,98,0.0,10.0
3496,2026-09-05,Agartala,23.8315,91.2868,haze,721,33.4,2.5,97,4.9,45.0
3497,2026-09-06,Kamakhya Temple,26.1664,91.7055,thunderstorm with heavy rain,202,30.7,6.9,70,34.8,80.0
3498,2026-09-06,Umananda Island,26.1964,91.7453,scattered clouds,802,28.3,1.9,67,0.0,10.0
3499,2026-09-06,Navagraha Temple,26.1749,91.7789,moderate rain,501,24.4,3.3,73,41.8,30.0
3500,2026-09-06,Basistha Temple,26.1132,91.797,fog,741,26.3,3.0,46,15.8,45.0
3501,2026-09-06,Guwahati Railway Station,26.1824,91.7513,light drizzle,300,29.6,6.8,75,0.0,20.0
3502,2026-09-06,LGB International Airport,26.1061,91.5859,overcast clouds,804,30.4,1.4,64,47.8,10.0
3503,2026-09-06,Paltan Bazaar,26.1817,91.7503,heavy rain,502,31.9,7.1,50,45.4,60.0
3504,2026-09-06,Fancy Bazaar,26.1836,91.7434,moderate rain,501,29.6,2.1,55,0.0,30.0
3505,2026-09-06,Pan Bazaar,26.1856,91.7455,heavy rain,502,33.0,2.3,54,0.0,60.0
3506,2026-09-06,Uzan Bazar Ghat,26.19,91.759,heavy rain,502,39.5,4.6,75,17.7,60.0
3507,2026-09-06,Brahmaputra Riverfront,26.1905,91.748,very heavy rain,503,28.5,4.3,67,19.6,60.0
3508,2026-09-06,Dighalipukhuri,26.1861,91.7503,fog,741,33.6,5.0,52,35.4,45.0
3509,2026-09-06,Nehru Park,26.1857,91.7477,light rain,500,30.9,9.7,86,18.3,30.0
3510,2026-09-06,Assam State Museum,26.1857,91.7481,very heavy rain,503,30.3,7.0,59,0.0,60.0
3511,2026-09-06,Assam State Zoo & Botanical Garden,26.178,91.786,light rain,500,29.7,2.5,74,0.0,30.0
3512,2026-09-06,Srimanta Sankaradeva Kalakshetra,26.144,91.8058,very heavy rain,503,26.0,0.6,85,5.7,60.0
3513,2026-09-06,Guwahati Planetarium,26.1856,91.7625,few clouds,801,24.8,1.0,85,10.9,10.0
3514,2026-09-06,"Gandhi Mandap, Sarania Hill",26.175,91.758,light rain,500,28.0,7.5,84,37.6,30.0
3515,2026-09-06,Nilachal Ropeway Terminal,26.188,91.744,light rain,500,34.0,3.1,54,21.5,30.0
3516,2026-09-06,Dispur Secretariat,26.142,91.79,heavy rain,502,30.2,3.7,67,26.3,60.0
3517,2026-09-06,Ganeshguri Junction,26.147,91.79,heavy rain,502,35.0,3.7,62,5.5,60.0
3518,2026-09-06,Six Mile,26.135,91.805,moderate rain,501,20.1,3.1,59,0.0,30.0
3519,2026-09-06,Beltola Bazaar,26.129,91.8,light drizzle,300,32.5,0.3,59,0.0,20.0
3520,2026-09-06,Zoo Road Tiniali,26.165,91.78,scattered clouds,802,27.7,0.6,93,46.5,10.0
3521,2026-09-06,Chandmari,26.183,91.772,moderate rain,501,26.9,2.6,46,11.5,30.0
3522,2026-09-06,Silpukhuri,26.188,91.766,light drizzle,300,30.1,2.7,82,63.9,20.0
3523,2026-09-06,Bharalumukh,26.17,91.735,mist,701,27.9,5.8,87,19.2,45.0
3524,2026-09-06,Rehabari,26.175,91.748,thunderstorm with heavy rain,202,38.2,0.6,90,17.5,80.0
3525,2026-09-06,Bhangagarh,26.15,91.77,light rain,500,33.6,3.9,71,36.0,30.0
3526,2026-09-06,Hatigaon,26.136,91.788,haze,721,31.7,1.8,80,23.2,45.0
3527,2026-09-06,Kahilipara,26.133,91.762,moderate rain,501,33.1,0.7,89,32.9,30.0
3528,2026-09-06,Maligaon,26.158,91.679,fog,741,27.2,3.7,54,38.9,45.0
3529,2026-09-06,Jalukbari,26.152,91.665,light drizzle,300,24.5,1.1,86,34.1,20.0
3530,2026-09-06,Gauhati University,26.152,91.665,light drizzle,300,34.4,3.9,70,23.7,20.0
3531,2026-09-06,IIT Guwahati,26.19,91.695,mist,701,29.5,1.3,92,45.6,45.0
3532,2026-09-06,Guwahati Medical College,26.155,91.7,very heavy rain,503,22.6,4.9,79,0.0,60.0
3533,2026-09-06,Saraighat Bridge,26.1889,91.67,heavy rain,502,24.4,3.7,91,43.3,60.0
3534,2026-09-06,North Guwahati Ghat,26.198,91.69,thunderstorm with heavy rain,202,30.4,3.6,73,33.8,80.0
3535,2026-09-06,Amingaon,26.19,91.66,light drizzle,300,26.3,6.3,95,21.3,20.0
3536,2026-09-06,Noonmati,26.178,91.806,overcast clouds,804,24.2,6.1,61,33.0,10.0
3537,2026-09-06,Narengi,26.175,91.84,moderate rain,501,23.8,0.7,96,51.4,30.0
3538,2026-09-06,Khanapara,26.118,91.818,heavy rain,502,25.9,1.1,64,0.0,60.0
3539,2026-09-06,Lokhra,26.105,91.735,fog,741,30.9,1.6,50,2.4,45.0
3540,2026-09-06,Deepor Beel Wildlife Sanctuary,26.12,91.65,haze,721,28.5,7.0,52,10.5,45.0
3541,2026-09-06,Sualkuchi Silk Village,26.1667,91.5667,heavy rain,502,20.6,2.7,48,42.5,60.0
3542,2026-09-06,Hajo Pilgrimage Town,26.25,91.5167,snow,601,28.3,0.8,89,75.4,50.0
3543,2026-09-06,Madan Kamdev Ruins,26.3667,91.6333,few clouds,801,31.7,6.1,72,14.3,10.0
3544,2026-09-06,Chandubi Lake,25.9333,91.4333,thunderstorm with heavy rain,202,19.7,2.5,96,7.9,80.0
3545,2026-09-06,Accoland Water Park,26.09,91.59,light rain,500,29.8,1.5,90,11.1,30.0
3546,2026-09-06,Pobitora Wildlife Sanctuary,26.2333,92.0833,heavy rain,502,24.8,2.4,69,47.9,60.0
3547,2026-09-06,Shillong,25.5788,91.8933,moderate rain,501,30.0,7.3,86,0.0,30.0
3548,2026-09-06,Umiam Lake,25.657,91.889,light drizzle,300,31.7,1.1,48,14.6,20.0
3549,2026-09-06,Cherrapunji (Sohra),25.2912,91.6783,light drizzle,300,31.4,1.4,62,27.1,20.0
3550,2026-09-06,Nohkalikai Falls,25.276,91.6857,heavy rain,502,22.6,1.3,48,29.7,60.0
3551,2026-09-06,"Living Root Bridge, Nongriat",25.247,91.715,light rain,500,29.2,1.9,97,23.4,30.0
3552,2026-09-06,Mawlynnong Village,25.2,91.9167,light rain,500,22.5,1.0,66,49.7,30.0
3553,2026-09-06,Dawki / Umngot River,25.19,92.02,moderate rain,501,29.0,6.7,64,25.3,30.0
3554,2026-09-06,Kaziranga National Park,26.5775,93.1711,overcast clouds,804,21.2,4.2,72,16.6,10.0
3555,2026-09-06,Nameri National Park,26.92,92.88,scattered clouds,802,24.2,5.3,96,0.0,10.0
3556,2026-09-06,Manas National Park,26.7,91.0,scattered clouds,802,22.3,5.2,66,0.0,10.0
3557,2026-09-06,Tezpur,26.6338,92.8,very heavy rain,503,29.7,6.3,66,0.0,60.0
3558,2026-09-06,Majuli River Island,26.95,94.17,fog,741,39.6,1.8,72,21.3,45.0
3559,2026-09-06,Jorhat,26.7509,94.2037,overcast clouds,804,30.9,4.2,63,35.8,10.0
3560,2026-09-06,Sivasagar,26.9826,94.6425,moderate rain,501,33.6,8.1,87,11.7,30.0
3561,2026-09-06,Dibrugarh,27.4728,94.912,moderate rain,501,32.9,0.6,84,23.4,30.0
3562,2026-09-06,Digboi Oil Heritage,27.3931,95.6186,few clouds,801,25.2,3.8,50,88.3,10.0
3563,2026-09-06,Haflong,25.1667,93.0167,light rain,500,27.0,7.0,61,0.0,30.0
3564,2026-09-06,Tawang Monastery,27.5861,91.8594,light rain,500,35.9,2.7,79,33.6,30.0
3565,2026-09-06,Ziro Valley,27.5448,93.832,clear sky,800,29.0,0.1,70,0.0,5.0
3566,2026-09-06,Gangtok,27.3314,88.6138,heavy rain,502,28.7,3.9,81,27.6,60.0
3567,2026-09-06,Kohima,25.6751,94.1086,heavy rain,502,26.1,6.5,95,64.2,60.0
3568,2026-09-06,Dzukou Valley,25.5833,94.05,light drizzle,300,33.3,0.7,95,47.8,20.0
3569,2026-09-06,Imphal,24.817,93.9368,light drizzle,300,35.8,6.3,49,25.3,20.0
3570,2026-09-06,Loktak Lake,24.5333,93.8167,overcast clouds,804,29.1,4.7,92,36.2,10.0
3571,2026-09-06,Aizawl,23.7271,92.7176,thunderstorm,200,28.5,1.4,67,4.6,80.0
3572,2026-09-06,Agartala,23.8315,91.2868,mist,701,22.6,1.1,67,12.4,45.0
3573,2026-09-07,Kamakhya Temple,26.1664,91.7055,haze,721,24.4,1.6,61,32.7,45.0
3574,2026-09-07,Umananda Island,26.1964,91.7453,scattered clouds,802,24.4,2.9,59,0.0,10.0
3575,2026-09-07,Navagraha Temple,26.1749,91.7789,moderate rain,501,24.7,5.6,93,37.6,30.0
3576,2026-09-07,Basistha Temple,26.1132,91.797,few clouds,801,31.6,3.2,86,11.5,10.0
3577,2026-09-07,Guwahati Railway Station,26.1824,91.7513,light rain,500,24.3,1.9,54,51.0,30.0
3578,2026-09-07,LGB International Airport,26.1061,91.5859,few clouds,801,30.1,0.7,90,30.6,10.0
3579,2026-09-07,Paltan Bazaar,26.1817,91.7503,haze,721,34.1,2.7,93,12.2,45.0
3580,2026-09-07,Fancy Bazaar,26.1836,91.7434,very heavy rain,503,21.3,4.7,50,0.0,60.0
3581,2026-09-07,Pan Bazaar,26.1856,91.7455,moderate rain,501,25.1,6.0,58,18.9,30.0
3582,2026-09-07,Uzan Bazar Ghat,26.19,91.759,heavy rain,502,27.7,6.0,46,0.0,60.0
3583,2026-09-07,Brahmaputra Riverfront,26.1905,91.748,overcast clouds,804,22.6,5.4,88,22.7,10.0
3584,2026-09-07,Dighalipukhuri,26.1861,91.7503,moderate rain,501,26.4,4.5,48,0.0,30.0
3585,2026-09-07,Nehru Park,26.1857,91.7477,thunderstorm with heavy rain,202,31.6,8.3,60,26.9,80.0
3586,2026-09-07,Assam State Museum,26.1857,91.7481,thunderstorm,200,29.7,1.5,95,41.2,80.0
3587,2026-09-07,Assam State Zoo & Botanical Garden,26.178,91.786,haze,721,33.6,1.8,98,39.5,45.0
3588,2026-09-07,Srimanta Sankaradeva Kalakshetra,26.144,91.8058,light drizzle,300,33.9,6.8,45,0.0,20.0
3589,2026-09-07,Guwahati Planetarium,26.1856,91.7625,few clouds,801,24.3,7.6,85,16.2,10.0
3590,2026-09-07,"Gandhi Mandap, Sarania Hill",26.175,91.758,thunderstorm,200,23.5,0.1,63,35.2,80.0
3591,2026-09-07,Nilachal Ropeway Terminal,26.188,91.744,moderate rain,501,30.1,6.4,56,14.5,30.0
3592,2026-09-07,Dispur Secretariat,26.142,91.79,very heavy rain,503,25.5,5.8,48,33.1,60.0
3593,2026-09-07,Ganeshguri Junction,26.147,91.79,thunderstorm with heavy rain,202,34.0,4.4,68,7.3,80.0
3594,2026-09-07,Six Mile,26.135,91.805,heavy rain,502,19.7,0.3,51,31.4,60.0
3595,2026-09-07,Beltola Bazaar,26.129,91.8,clear sky,800,20.3,1.5,96,14.7,5.0
3596,2026-09-07,Zoo Road Tiniali,26.165,91.78,heavy rain,502,32.4,0.9,77,39.7,60.0
3597,2026-09-07,Chandmari,26.183,91.772,moderate rain,501,34.2,3.4,69,28.8,30.0
3598,2026-09-07,Silpukhuri,26.188,91.766,light rain,500,22.9,0.2,54,2.5,30.0
3599,2026-09-07,Bharalumukh,26.17,91.735,mist,701,21.3,3.9,64,39.7,45.0
3600,2026-09-07,Rehabari,26.175,91.748,heavy rain,502,31.8,3.4,62,39.2,60.0
3601,2026-09-07,Bhangagarh,26.15,91.77,mist,701,24.5,2.5,59,28.5,45.0
3602,2026-09-07,Hatigaon,26.136,91.788,thunderstorm,200,21.2,3.8,69,0.0,80.0
3603,2026-09-07,Kahilipara,26.133,91.762,thunderstorm,200,30.4,4.2,58,35.7,80.0
3604,2026-09-07,Maligaon,26.158,91.679,heavy rain,502,29.9,0.3,81,33.6,60.0
3605,2026-09-07,Jalukbari,26.152,91.665,thunderstorm with heavy rain,202,30.0,4.4,86,2.2,80.0
3606,2026-09-07,Gauhati University,26.152,91.665,light rain,500,32.9,0.5,81,0.0,30.0
3607,2026-09-07,IIT Guwahati,26.19,91.695,overcast clouds,804,36.9,6.3,48,10.4,10.0
3608,2026-09-07,Guwahati Medical College,26.155,91.7,overcast clouds,804,28.9,0.2,52,24.0,10.0
3609,2026-09-07,Saraighat Bridge,26.1889,91.67,clear sky,800,38.4,4.3,46,46.0,5.0
3610,2026-09-07,North Guwahati Ghat,26.198,91.69,moderate rain,501,26.9,4.9,46,23.2,30.0
3611,2026-09-07,Amingaon,26.19,91.66,moderate rain,501,22.5,0.5,80,50.9,30.0
3612,2026-09-07,Noonmati,26.178,91.806,thunderstorm,200,32.5,1.3,97,39.8,80.0
3613,2026-09-07,Narengi,26.175,91.84,light drizzle,300,34.4,0.2,63,55.2,20.0
3614,2026-09-07,Khanapara,26.118,91.818,mist,701,26.9,5.3,60,39.3,45.0
3615,2026-09-07,Lokhra,26.105,91.735,heavy rain,502,31.0,6.6,48,22.5,60.0
3616,2026-09-07,Deepor Beel Wildlife Sanctuary,26.12,91.65,thunderstorm,200,28.7,1.1,53,0.0,80.0
3617,2026-09-07,Sualkuchi Silk Village,26.1667,91.5667,overcast clouds,804,37.3,1.3,82,2.8,10.0
3618,2026-09-07,Hajo Pilgrimage Town,26.25,91.5167,scattered clouds,802,36.1,7.6,46,18.9,10.0
3619,2026-09-07,Madan Kamdev Ruins,26.3667,91.6333,moderate rain,501,16.9,3.6,45,0.0,30.0
3620,2026-09-07,Chandubi Lake,25.9333,91.4333,fog,741,34.4,7.5,73,8.2,45.0
3621,2026-09-07,Accoland Water Park,26.09,91.59,thunderstorm with heavy rain,202,37.4,0.3,47,0.0,80.0
3622,2026-09-07,Pobitora Wildlife Sanctuary,26.2333,92.0833,very heavy rain,503,26.1,6.7,45,23.2,60.0
3623,2026-09-07,Shillong,25.5788,91.8933,fog,741,31.0,1.2,50,8.1,45.0
3624,2026-09-07,Umiam Lake,25.657,91.889,mist,701,41.8,1.0,45,0.0,45.0
3625,2026-09-07,Cherrapunji (Sohra),25.2912,91.6783,thunderstorm with heavy rain,202,27.4,2.2,84,41.1,80.0
3626,2026-09-07,Nohkalikai Falls,25.276,91.6857,light drizzle,300,26.9,2.6,84,13.0,20.0
3627,2026-09-07,"Living Root Bridge, Nongriat",25.247,91.715,clear sky,800,19.6,4.2,72,3.3,5.0
3628,2026-09-07,Mawlynnong Village,25.2,91.9167,moderate rain,501,22.2,4.5,81,45.9,30.0
3629,2026-09-07,Dawki / Umngot River,25.19,92.02,heavy rain,502,33.8,5.7,95,36.2,60.0
3630,2026-09-07,Kaziranga National Park,26.5775,93.1711,light rain,500,18.0,3.7,81,0.0,30.0
3631,2026-09-07,Nameri National Park,26.92,92.88,scattered clouds,802,26.6,1.0,86,0.0,10.0
3632,2026-09-07,Manas National Park,26.7,91.0,light rain,500,23.4,3.9,56,42.2,30.0
3633,2026-09-07,Tezpur,26.6338,92.8,light rain,500,22.6,5.7,69,51.2,30.0
3634,2026-09-07,Majuli River Island,26.95,94.17,scattered clouds,802,30.5,4.1,89,13.3,10.0
3635,2026-09-07,Jorhat,26.7509,94.2037,thunderstorm,200,35.6,0.2,85,0.0,80.0
3636,2026-09-07,Sivasagar,26.9826,94.6425,mist,701,24.9,3.0,50,32.5,45.0
3637,2026-09-07,Dibrugarh,27.4728,94.912,moderate rain,501,28.4,10.7,81,8.7,40.0
3638,2026-09-07,Digboi Oil Heritage,27.3931,95.6186,few clouds,801,23.6,4.7,65,23.5,10.0
3639,2026-09-07,Haflong,25.1667,93.0167,haze,721,31.9,6.1,63,7.8,45.0
3640,2026-09-07,Tawang Monastery,27.5861,91.8594,scattered clouds,802,26.0,0.8,95,50.5,10.0
3641,2026-09-07,Ziro Valley,27.5448,93.832,few clouds,801,25.7,1.7,86,0.0,10.0
3642,2026-09-07,Gangtok,27.3314,88.6138,heavy rain,502,18.1,2.7,72,0.0,60.0
3643,2026-09-07,Kohima,25.6751,94.1086,light drizzle,300,33.8,5.6,75,1.2,20.0
3644,2026-09-07,Dzukou Valley,25.5833,94.05,moderate rain,501,31.9,6.9,61,0.0,30.0
3645,2026-09-07,Imphal,24.817,93.9368,thunderstorm,200,36.3,1.0,51,28.3,80.0
3646,2026-09-07,Loktak Lake,24.5333,93.8167,light drizzle,300,18.5,1.0,65,22.1,20.0
3647,2026-09-07,Aizawl,23.7271,92.7176,moderate rain,501,28.0,3.3,81,48.4,30.0
3648,2026-09-07,Agartala,23.8315,91.2868,light rain,500,31.8,8.0,46,0.0,30.0
3649,2026-09-08,Kamakhya Temple,26.1664,91.7055,fog,741,30.2,7.5,59,65.7,45.0
3650,2026-09-08,Umananda Island,26.1964,91.7453,light rain,500,33.3,0.6,58,9.5,30.0
3651,2026-09-08,Navagraha Temple,26.1749,91.7789,thunderstorm with heavy rain,202,37.8,2.4,56,0.0,80.0
3652,2026-09-08,Basistha Temple,26.1132,91.797,heavy rain,502,35.9,3.4,62,0.0,60.0
3653,2026-09-08,Guwahati Railway Station,26.1824,91.7513,clear sky,800,31.2,6.6,97,3.3,5.0
3654,2026-09-08,LGB International Airport,26.1061,91.5859,light drizzle,300,25.9,3.3,71,21.2,20.0
3655,2026-09-08,Paltan Bazaar,26.1817,91.7503,few clouds,801,25.8,7.0,95,18.4,10.0
3656,2026-09-08,Fancy Bazaar,26.1836,91.7434,few clouds,801,30.7,3.2,86,0.0,10.0
3657,2026-09-08,Pan Bazaar,26.1856,91.7455,very heavy rain,503,27.3,4.7,81,17.2,60.0
3658,2026-09-08,Uzan Bazar Ghat,26.19,91.759,overcast clouds,804,19.2,3.6,97,28.2,10.0
3659,2026-09-08,Brahmaputra Riverfront,26.1905,91.748,very heavy rain,503,32.8,2.2,92,48.1,60.0
3660,2026-09-08,Dighalipukhuri,26.1861,91.7503,light drizzle,300,31.6,0.1,48,0.0,20.0
3661,2026-09-08,Nehru Park,26.1857,91.7477,thunderstorm with heavy rain,202,29.1,4.1,74,41.9,80.0
3662,2026-09-08,Assam State Museum,26.1857,91.7481,light rain,500,40.5,4.9,61,23.8,30.0
3663,2026-09-08,Assam State Zoo & Botanical Garden,26.178,91.786,fog,741,21.6,5.6,77,0.0,45.0
3664,2026-09-08,Srimanta Sankaradeva Kalakshetra,26.144,91.8058,thunderstorm,200,26.9,2.3,86,1.0,80.0
3665,2026-09-08,Guwahati Planetarium,26.1856,91.7625,scattered clouds,802,25.7,0.4,82,1.7,10.0
3666,2026-09-08,"Gandhi Mandap, Sarania Hill",26.175,91.758,mist,701,24.2,2.8,62,45.9,45.0
3667,2026-09-08,Nilachal Ropeway Terminal,26.188,91.744,haze,721,22.9,3.8,91,47.8,45.0
3668,2026-09-08,Dispur Secretariat,26.142,91.79,thunderstorm,200,40.3,5.7,57,0.0,80.0
3669,2026-09-08,Ganeshguri Junction,26.147,91.79,thunderstorm with heavy rain,202,26.1,4.0,94,16.5,80.0
3670,2026-09-08,Six Mile,26.135,91.805,light drizzle,300,32.5,2.4,80,24.6,20.0
3671,2026-09-08,Beltola Bazaar,26.129,91.8,very heavy rain,503,32.3,0.2,49,0.0,60.0
3672,2026-09-08,Zoo Road Tiniali,26.165,91.78,haze,721,29.7,4.0,73,0.0,45.0
3673,2026-09-08,Chandmari,26.183,91.772,light drizzle,300,18.7,4.0,66,27.9,20.0
3674,2026-09-08,Silpukhuri,26.188,91.766,moderate rain,501,24.7,2.3,79,29.2,30.0
3675,2026-09-08,Bharalumukh,26.17,91.735,moderate rain,501,22.6,3.4,82,0.0,30.0
3676,2026-09-08,Rehabari,26.175,91.748,snow,601,37.0,0.8,77,0.0,50.0
3677,2026-09-08,Bhangagarh,26.15,91.77,overcast clouds,804,30.9,2.9,96,25.8,10.0
3678,2026-09-08,Hatigaon,26.136,91.788,thunderstorm with heavy rain,202,21.4,10.2,70,0.0,90.0
3679,2026-09-08,Kahilipara,26.133,91.762,fog,741,26.9,0.9,48,0.0,45.0
3680,2026-09-08,Maligaon,26.158,91.679,light drizzle,300,32.5,4.6,84,25.3,20.0
3681,2026-09-08,Jalukbari,26.152,91.665,light rain,500,34.1,10.2,55,22.3,40.0
3682,2026-09-08,Gauhati University,26.152,91.665,thunderstorm with heavy rain,202,22.8,5.3,66,0.6,80.0
3683,2026-09-08,IIT Guwahati,26.19,91.695,fog,741,29.3,3.1,85,5.4,45.0
3684,2026-09-08,Guwahati Medical College,26.155,91.7,very heavy rain,503,19.5,1.1,51,0.0,60.0
3685,2026-09-08,Saraighat Bridge,26.1889,91.67,haze,721,27.9,6.8,77,28.4,45.0
3686,2026-09-08,North Guwahati Ghat,26.198,91.69,haze,721,32.4,3.0,63,20.7,45.0
3687,2026-09-08,Amingaon,26.19,91.66,very heavy rain,503,29.7,0.7,88,13.6,60.0
3688,2026-09-08,Noonmati,26.178,91.806,clear sky,800,27.0,1.8,59,0.0,5.0
3689,2026-09-08,Narengi,26.175,91.84,light rain,500,26.1,5.6,50,0.0,30.0
3690,2026-09-08,Khanapara,26.118,91.818,mist,701,26.4,6.2,65,4.3,45.0
3691,2026-09-08,Lokhra,26.105,91.735,thunderstorm,200,25.2,5.8,48,67.5,80.0
3692,2026-09-08,Deepor Beel Wildlife Sanctuary,26.12,91.65,thunderstorm,200,27.5,3.9,65,10.3,80.0
3693,2026-09-08,Sualkuchi Silk Village,26.1667,91.5667,scattered clouds,802,35.8,4.6,56,37.2,10.0
3694,2026-09-08,Hajo Pilgrimage Town,26.25,91.5167,thunderstorm with heavy rain,202,25.4,2.0,73,0.0,80.0
3695,2026-09-08,Madan Kamdev Ruins,26.3667,91.6333,heavy rain,502,27.1,2.9,63,63.7,60.0
3696,2026-09-08,Chandubi Lake,25.9333,91.4333,scattered clouds,802,24.9,5.0,53,23.7,10.0
3697,2026-09-08,Accoland Water Park,26.09,91.59,moderate rain,501,24.4,3.1,90,16.4,30.0
3698,2026-09-08,Pobitora Wildlife Sanctuary,26.2333,92.0833,heavy rain,502,34.3,1.0,98,0.0,60.0
3699,2026-09-08,Shillong,25.5788,91.8933,few clouds,801,28.3,6.5,88,0.0,10.0
3700,2026-09-08,Umiam Lake,25.657,91.889,thunderstorm,200,35.6,2.0,82,20.9,80.0
3701,2026-09-08,Cherrapunji (Sohra),25.2912,91.6783,scattered clouds,802,30.6,3.2,47,37.1,10.0
3702,2026-09-08,Nohkalikai Falls,25.276,91.6857,moderate rain,501,25.3,1.3,49,0.0,30.0
3703,2026-09-08,"Living Root Bridge, Nongriat",25.247,91.715,few clouds,801,34.6,2.2,51,91.3,10.0
3704,2026-09-08,Mawlynnong Village,25.2,91.9167,light rain,500,20.1,1.0,79,0.0,30.0
3705,2026-09-08,Dawki / Umngot River,25.19,92.02,light rain,500,24.3,3.6,68,9.1,30.0
3706,2026-09-08,Kaziranga National Park,26.5775,93.1711,few clouds,801,27.0,1.0,71,22.2,10.0
3707,2026-09-08,Nameri National Park,26.92,92.88,haze,721,25.2,0.1,86,50.3,45.0
3708,2026-09-08,Manas National Park,26.7,91.0,fog,741,33.3,4.0,49,0.9,45.0
3709,2026-09-08,Tezpur,26.6338,92.8,moderate rain,501,22.4,2.8,47,27.4,30.0
3710,2026-09-08,Majuli River Island,26.95,94.17,snow,601,20.3,2.8,53,17.8,50.0
3711,2026-09-08,Jorhat,26.7509,94.2037,thunderstorm,200,26.0,7.8,81,30.4,80.0
3712,2026-09-08,Sivasagar,26.9826,94.6425,very heavy rain,503,37.9,1.4,46,13.8,60.0
3713,2026-09-08,Dibrugarh,27.4728,94.912,clear sky,800,28.3,0.6,55,16.4,5.0
3714,2026-09-08,Digboi Oil Heritage,27.3931,95.6186,overcast clouds,804,27.6,3.8,76,21.0,10.0
3715,2026-09-08,Haflong,25.1667,93.0167,overcast clouds,804,30.6,1.8,70,22.8,10.0
3716,2026-09-08,Tawang Monastery,27.5861,91.8594,moderate rain,501,28.7,4.8,56,26.1,30.0
3717,2026-09-08,Ziro Valley,27.5448,93.832,very heavy rain,503,24.2,1.2,59,23.2,60.0
3718,2026-09-08,Gangtok,27.3314,88.6138,mist,701,35.4,1.0,47,35.3,45.0
3719,2026-09-08,Kohima,25.6751,94.1086,heavy rain,502,19.7,0.4,98,7.6,60.0
3720,2026-09-08,Dzukou Valley,25.5833,94.05,clear sky,800,28.6,1.0,71,0.0,5.0
3721,2026-09-08,Imphal,24.817,93.9368,moderate rain,501,30.9,3.6,52,39.2,30.0
3722,2026-09-08,Loktak Lake,24.5333,93.8167,overcast clouds,804,35.5,5.1,63,61.2,10.0
3723,2026-09-08,Aizawl,23.7271,92.7176,mist,701,39.7,0.6,74,0.0,45.0
3724,2026-09-08,Agartala,23.8315,91.2868,heavy rain,502,29.6,8.8,65,0.0,60.0
3725,2026-09-09,Kamakhya Temple,26.1664,91.7055,mist,701,26.4,4.3,82,14.5,45.0
3726,2026-09-09,Umananda Island,26.1964,91.7453,light drizzle,300,25.1,1.6,98,29.1,20.0
3727,2026-09-09,Navagraha Temple,26.1749,91.7789,light drizzle,300,18.9,0.5,96,56.4,20.0
3728,2026-09-09,Basistha Temple,26.1132,91.797,moderate rain,501,26.1,3.7,61,30.8,30.0
3729,2026-09-09,Guwahati Railway Station,26.1824,91.7513,moderate rain,501,28.3,2.8,83,56.3,30.0
3730,2026-09-09,LGB International Airport,26.1061,91.5859,scattered clouds,802,31.0,8.2,59,0.0,10.0
3731,2026-09-09,Paltan Bazaar,26.1817,91.7503,thunderstorm,200,27.0,1.7,72,13.3,80.0
3732,2026-09-09,Fancy Bazaar,26.1836,91.7434,very heavy rain,503,22.3,1.8,49,0.0,60.0
3733,2026-09-09,Pan Bazaar,26.1856,91.7455,light rain,500,23.3,8.0,78,0.0,30.0
3734,2026-09-09,Uzan Bazar Ghat,26.19,91.759,clear sky,800,26.5,2.0,51,26.3,5.0
3735,2026-09-09,Brahmaputra Riverfront,26.1905,91.748,thunderstorm,200,27.9,1.4,68,2.4,80.0
3736,2026-09-09,Dighalipukhuri,26.1861,91.7503,thunderstorm,200,32.7,6.8,74,0.0,80.0
3737,2026-09-09,Nehru Park,26.1857,91.7477,very heavy rain,503,29.4,1.1,51,0.0,60.0
3738,2026-09-09,Assam State Museum,26.1857,91.7481,thunderstorm,200,28.0,5.9,60,0.0,80.0
3739,2026-09-09,Assam State Zoo & Botanical Garden,26.178,91.786,moderate rain,501,20.3,4.0,58,81.4,30.0
3740,2026-09-09,Srimanta Sankaradeva Kalakshetra,26.144,91.8058,heavy rain,502,34.2,6.9,75,63.1,60.0
3741,2026-09-09,Guwahati Planetarium,26.1856,91.7625,fog,741,24.2,4.3,64,42.4,45.0
3742,2026-09-09,"Gandhi Mandap, Sarania Hill",26.175,91.758,snow,601,33.2,0.2,75,48.5,50.0
3743,2026-09-09,Nilachal Ropeway Terminal,26.188,91.744,overcast clouds,804,30.1,7.1,84,14.4,10.0
3744,2026-09-09,Dispur Secretariat,26.142,91.79,fog,741,30.7,5.0,54,16.3,45.0
3745,2026-09-09,Ganeshguri Junction,26.147,91.79,few clouds,801,30.1,5.6,62,0.0,10.0
3746,2026-09-09,Six Mile,26.135,91.805,fog,741,33.3,0.5,49,0.0,45.0
3747,2026-09-09,Beltola Bazaar,26.129,91.8,light rain,500,26.6,6.2,83,8.5,30.0
3748,2026-09-09,Zoo Road Tiniali,26.165,91.78,very heavy rain,503,27.3,1.0,53,0.0,60.0
3749,2026-09-09,Chandmari,26.183,91.772,few clouds,801,29.6,3.8,90,12.1,10.0
3750,2026-09-09,Silpukhuri,26.188,91.766,scattered clouds,802,26.8,1.5,53,0.0,10.0
3751,2026-09-09,Bharalumukh,26.17,91.735,very heavy rain,503,30.9,5.8,57,59.8,60.0
3752,2026-09-09,Rehabari,26.175,91.748,scattered clouds,802,31.8,4.8,48,30.5,10.0
3753,2026-09-09,Bhangagarh,26.15,91.77,light rain,500,28.2,3.3,97,55.1,30.0
3754,2026-09-09,Hatigaon,26.136,91.788,heavy rain,502,32.9,5.2,74,7.3,60.0
3755,2026-09-09,Kahilipara,26.133,91.762,light rain,500,26.7,4.6,79,24.9,30.0
3756,2026-09-09,Maligaon,26.158,91.679,very heavy rain,503,19.2,8.6,50,0.0,60.0
3757,2026-09-09,Jalukbari,26.152,91.665,light rain,500,22.9,6.9,92,36.8,30.0
3758,2026-09-09,Gauhati University,26.152,91.665,mist,701,39.6,4.6,82,33.3,45.0
3759,2026-09-09,IIT Guwahati,26.19,91.695,thunderstorm,200,27.5,2.0,95,36.6,80.0
3760,2026-09-09,Guwahati Medical College,26.155,91.7,haze,721,24.1,3.9,84,12.9,45.0
3761,2026-09-09,Saraighat Bridge,26.1889,91.67,light rain,500,33.5,5.5,96,58.1,30.0
3762,2026-09-09,North Guwahati Ghat,26.198,91.69,light rain,500,29.7,1.7,70,18.7,30.0
3763,2026-09-09,Amingaon,26.19,91.66,heavy rain,502,35.1,0.4,98,42.5,60.0
3764,2026-09-09,Noonmati,26.178,91.806,haze,721,29.0,2.9,59,13.0,45.0
3765,2026-09-09,Narengi,26.175,91.84,very heavy rain,503,27.1,4.6,77,25.9,60.0
3766,2026-09-09,Khanapara,26.118,91.818,few clouds,801,20.4,0.8,95,0.0,10.0
3767,2026-09-09,Lokhra,26.105,91.735,light drizzle,300,23.5,1.7,72,5.2,20.0
3768,2026-09-09,Deepor Beel Wildlife Sanctuary,26.12,91.65,light drizzle,300,29.0,4.7,81,0.0,20.0
3769,2026-09-09,Sualkuchi Silk Village,26.1667,91.5667,light rain,500,28.4,7.8,69,26.1,30.0
3770,2026-09-09,Hajo Pilgrimage Town,26.25,91.5167,mist,701,24.0,5.2,98,35.6,45.0
3771,2026-09-09,Madan Kamdev Ruins,26.3667,91.6333,scattered clouds,802,30.7,3.0,58,26.3,10.0
3772,2026-09-09,Chandubi Lake,25.9333,91.4333,fog,741,27.2,0.8,80,0.0,45.0
3773,2026-09-09,Accoland Water Park,26.09,91.59,very heavy rain,503,30.8,3.3,88,0.0,60.0
3774,2026-09-09,Pobitora Wildlife Sanctuary,26.2333,92.0833,mist,701,35.9,3.2,83,28.0,45.0
3775,2026-09-09,Shillong,25.5788,91.8933,haze,721,22.5,0.1,71,29.1,45.0
3776,2026-09-09,Umiam Lake,25.657,91.889,light drizzle,300,28.9,5.3,83,8.5,20.0
3777,2026-09-09,Cherrapunji (Sohra),25.2912,91.6783,heavy rain,502,30.4,2.0,80,8.2,60.0
3778,2026-09-09,Nohkalikai Falls,25.276,91.6857,scattered clouds,802,42.7,5.4,74,1.9,25.0
3779,2026-09-09,"Living Root Bridge, Nongriat",25.247,91.715,haze,721,32.4,4.6,48,5.9,45.0
3780,2026-09-09,Mawlynnong Village,25.2,91.9167,light drizzle,300,39.6,5.2,47,0.0,20.0
3781,2026-09-09,Dawki / Umngot River,25.19,92.02,thunderstorm with heavy rain,202,30.0,3.6,98,0.0,80.0
3782,2026-09-09,Kaziranga National Park,26.5775,93.1711,moderate rain,501,41.8,6.8,62,30.2,30.0
3783,2026-09-09,Nameri National Park,26.92,92.88,light rain,500,29.7,1.2,89,0.0,30.0
3784,2026-09-09,Manas National Park,26.7,91.0,light rain,500,21.6,2.6,91,27.6,30.0
3785,2026-09-09,Tezpur,26.6338,92.8,thunderstorm with heavy rain,202,36.5,2.9,85,9.5,80.0
3786,2026-09-09,Majuli River Island,26.95,94.17,haze,721,22.1,5.2,62,30.5,45.0
3787,2026-09-09,Jorhat,26.7509,94.2037,light rain,500,25.2,7.2,77,0.0,30.0
3788,2026-09-09,Sivasagar,26.9826,94.6425,light rain,500,30.2,7.2,56,10.8,30.0
3789,2026-09-09,Dibrugarh,27.4728,94.912,light rain,500,32.5,1.0,45,0.0,30.0
3790,2026-09-09,Digboi Oil Heritage,27.3931,95.6186,fog,741,31.7,0.5,50,7.4,45.0
3791,2026-09-09,Haflong,25.1667,93.0167,thunderstorm with heavy rain,202,32.6,4.7,54,0.0,80.0
3792,2026-09-09,Tawang Monastery,27.5861,91.8594,heavy rain,502,20.3,9.9,56,47.0,60.0
3793,2026-09-09,Ziro Valley,27.5448,93.832,scattered clouds,802,27.6,3.9,62,33.6,10.0
3794,2026-09-09,Gangtok,27.3314,88.6138,thunderstorm,200,31.9,5.7,69,16.4,80.0
3795,2026-09-09,Kohima,25.6751,94.1086,scattered clouds,802,26.5,3.9,87,52.7,10.0
3796,2026-09-09,Dzukou Valley,25.5833,94.05,heavy rain,502,28.1,2.3,71,71.3,60.0
3797,2026-09-09,Imphal,24.817,93.9368,thunderstorm with heavy rain,202,32.1,2.7,64,28.4,80.0
3798,2026-09-09,Loktak Lake,24.5333,93.8167,moderate rain,501,21.8,8.8,74,37.1,30.0
3799,2026-09-09,Aizawl,23.7271,92.7176,light drizzle,300,26.2,7.9,46,53.4,20.0
3800,2026-09-09,Agartala,23.8315,91.2868,thunderstorm,200,21.9,4.3,67,18.8,80.0
3801,2026-09-10,Kamakhya Temple,26.1664,91.7055,fog,741,30.0,4.5,68,14.6,45.0
3802,2026-09-10,Umananda Island,26.1964,91.7453,fog,741,23.9,0.3,58,10.3,45.0
3803,2026-09-10,Navagraha Temple,26.1749,91.7789,light rain,500,27.2,5.9,56,0.0,30.0
3804,2026-09-10,Basistha Temple,26.1132,91.797,thunderstorm with heavy rain,202,27.4,6.2,86,66.1,80.0
3805,2026-09-10,Guwahati Railway Station,26.1824,91.7513,mist,701,28.0,2.0,57,8.7,45.0
3806,2026-09-10,LGB International Airport,26.1061,91.5859,very heavy rain,503,28.5,2.1,78,12.8,60.0
3807,2026-09-10,Paltan Bazaar,26.1817,91.7503,light rain,500,34.9,0.8,54,22.7,30.0
3808,2026-09-10,Fancy Bazaar,26.1836,91.7434,moderate rain,501,23.5,6.7,65,6.2,30.0
3809,2026-09-10,Pan Bazaar,26.1856,91.7455,light rain,500,28.4,3.6,62,48.5,30.0
3810,2026-09-10,Uzan Bazar Ghat,26.19,91.759,few clouds,801,28.6,1.2,97,0.0,10.0
3811,2026-09-10,Brahmaputra Riverfront,26.1905,91.748,overcast clouds,804,30.3,0.0,46,39.5,10.0
3812,2026-09-10,Dighalipukhuri,26.1861,91.7503,very heavy rain,503,27.2,2.2,46,11.6,60.0
3813,2026-09-10,Nehru Park,26.1857,91.7477,fog,741,28.8,1.0,91,32.9,45.0
3814,2026-09-10,Assam State Museum,26.1857,91.7481,light rain,500,21.7,5.4,52,0.0,30.0
3815,2026-09-10,Assam State Zoo & Botanical Garden,26.178,91.786,light rain,500,25.8,1.8,81,13.4,30.0
3816,2026-09-10,Srimanta Sankaradeva Kalakshetra,26.144,91.8058,fog,741,28.5,2.1,85,0.0,45.0
3817,2026-09-10,Guwahati Planetarium,26.1856,91.7625,very heavy rain,503,28.1,1.7,47,23.3,60.0
3818,2026-09-10,"Gandhi Mandap, Sarania Hill",26.175,91.758,heavy rain,502,26.3,5.4,94,29.6,60.0
3819,2026-09-10,Nilachal Ropeway Terminal,26.188,91.744,light rain,500,27.4,4.1,86,33.6,30.0
3820,2026-09-10,Dispur Secretariat,26.142,91.79,mist,701,29.0,7.9,91,0.0,45.0
3821,2026-09-10,Ganeshguri Junction,26.147,91.79,light rain,500,21.8,0.7,87,0.0,30.0
3822,2026-09-10,Six Mile,26.135,91.805,overcast clouds,804,32.5,2.5,97,49.2,10.0
3823,2026-09-10,Beltola Bazaar,26.129,91.8,moderate rain,501,24.9,2.9,78,5.7,30.0
3824,2026-09-10,Zoo Road Tiniali,26.165,91.78,light drizzle,300,32.6,2.4,98,0.0,20.0
3825,2026-09-10,Chandmari,26.183,91.772,mist,701,20.4,6.1,59,36.0,45.0
3826,2026-09-10,Silpukhuri,26.188,91.766,scattered clouds,802,27.2,5.8,70,23.4,10.0
3827,2026-09-10,Bharalumukh,26.17,91.735,scattered clouds,802,32.1,11.3,47,0.0,20.0
3828,2026-09-10,Rehabari,26.175,91.748,moderate rain,501,36.2,3.3,96,7.3,30.0
3829,2026-09-10,Bhangagarh,26.15,91.77,overcast clouds,804,24.1,5.3,51,30.9,10.0
3830,2026-09-10,Hatigaon,26.136,91.788,light rain,500,22.1,3.6,97,56.3,30.0
3831,2026-09-10,Kahilipara,26.133,91.762,haze,721,40.6,4.8,88,0.0,45.0
3832,2026-09-10,Maligaon,26.158,91.679,very heavy rain,503,33.7,0.7,95,11.4,60.0
3833,2026-09-10,Jalukbari,26.152,91.665,mist,701,31.1,0.8,61,0.0,45.0
3834,2026-09-10,Gauhati University,26.152,91.665,light rain,500,29.7,3.0,61,43.7,30.0
3835,2026-09-10,IIT Guwahati,26.19,91.695,scattered clouds,802,40.8,5.5,58,88.7,10.0
3836,2026-09-10,Guwahati Medical College,26.155,91.7,overcast clouds,804,32.2,2.5,46,51.5,10.0
3837,2026-09-10,Saraighat Bridge,26.1889,91.67,heavy rain,502,23.8,3.6,54,0.0,60.0
3838,2026-09-10,North Guwahati Ghat,26.198,91.69,mist,701,20.7,11.0,87,2.0,55.0
3839,2026-09-10,Amingaon,26.19,91.66,snow,601,25.7,2.2,91,42.6,50.0
3840,2026-09-10,Noonmati,26.178,91.806,light rain,500,31.0,2.7,66,0.0,30.0
3841,2026-09-10,Narengi,26.175,91.84,overcast clouds,804,19.1,0.1,60,35.7,10.0
3842,2026-09-10,Khanapara,26.118,91.818,thunderstorm,200,30.5,0.2,86,3.9,80.0
3843,2026-09-10,Lokhra,26.105,91.735,scattered clouds,802,29.7,6.3,95,6.3,10.0
3844,2026-09-10,Deepor Beel Wildlife Sanctuary,26.12,91.65,light drizzle,300,23.7,3.6,80,20.0,20.0
3845,2026-09-10,Sualkuchi Silk Village,26.1667,91.5667,haze,721,20.8,4.1,65,49.2,45.0
3846,2026-09-10,Hajo Pilgrimage Town,26.25,91.5167,few clouds,801,28.5,8.5,87,2.7,10.0
3847,2026-09-10,Madan Kamdev Ruins,26.3667,91.6333,few clouds,801,20.8,4.5,59,0.0,10.0
3848,2026-09-10,Chandubi Lake,25.9333,91.4333,very heavy rain,503,24.7,1.4,62,32.2,60.0
3849,2026-09-10,Accoland Water Park,26.09,91.59,thunderstorm with heavy rain,202,29.2,6.0,81,31.9,80.0
3850,2026-09-10,Pobitora Wildlife Sanctuary,26.2333,92.0833,heavy rain,502,29.9,4.3,91,22.4,60.0
3851,2026-09-10,Shillong,25.5788,91.8933,light drizzle,300,32.0,8.0,88,3.5,20.0
3852,2026-09-10,Umiam Lake,25.657,91.889,clear sky,800,30.0,6.2,91,13.6,5.0
3853,2026-09-10,Cherrapunji (Sohra),25.2912,91.6783,light rain,500,27.4,7.5,73,0.0,30.0
3854,2026-09-10,Nohkalikai Falls,25.276,91.6857,overcast clouds,804,27.8,2.7,53,18.1,10.0
3855,2026-09-10,"Living Root Bridge, Nongriat",25.247,91.715,clear sky,800,39.9,7.5,87,52.8,5.0
3856,2026-09-10,Mawlynnong Village,25.2,91.9167,very heavy rain,503,34.7,3.9,50,40.9,60.0
3857,2026-09-10,Dawki / Umngot River,25.19,92.02,overcast clouds,804,29.5,5.3,60,18.3,10.0
3858,2026-09-10,Kaziranga National Park,26.5775,93.1711,fog,741,22.9,0.3,86,35.5,45.0
3859,2026-09-10,Nameri National Park,26.92,92.88,moderate rain,501,30.8,10.8,75,21.2,40.0
3860,2026-09-10,Manas National Park,26.7,91.0,moderate rain,501,26.0,5.3,83,19.0,30.0
3861,2026-09-10,Tezpur,26.6338,92.8,haze,721,32.9,4.8,69,15.3,45.0
3862,2026-09-10,Majuli River Island,26.95,94.17,haze,721,23.7,2.9,79,0.0,45.0
3863,2026-09-10,Jorhat,26.7509,94.2037,heavy rain,502,23.8,1.6,60,49.6,60.0
3864,2026-09-10,Sivasagar,26.9826,94.6425,fog,741,23.7,2.4,89,0.0,45.0
3865,2026-09-10,Dibrugarh,27.4728,94.912,very heavy rain,503,34.5,4.7,85,20.8,60.0
3866,2026-09-10,Digboi Oil Heritage,27.3931,95.6186,overcast clouds,804,35.2,0.8,95,7.3,10.0
3867,2026-09-10,Haflong,25.1667,93.0167,heavy rain,502,31.1,2.4,54,30.2,60.0
3868,2026-09-10,Tawang Monastery,27.5861,91.8594,few clouds,801,32.7,3.9,76,0.0,10.0
3869,2026-09-10,Ziro Valley,27.5448,93.832,thunderstorm with heavy rain,202,32.0,3.2,85,0.0,80.0
3870,2026-09-10,Gangtok,27.3314,88.6138,moderate rain,501,27.9,5.3,71,16.8,30.0
3871,2026-09-10,Kohima,25.6751,94.1086,haze,721,29.0,1.0,79,4.5,45.0
3872,2026-09-10,Dzukou Valley,25.5833,94.05,light rain,500,22.0,0.7,64,3.3,30.0
3873,2026-09-10,Imphal,24.817,93.9368,mist,701,32.9,8.2,69,38.4,45.0
3874,2026-09-10,Loktak Lake,24.5333,93.8167,snow,601,27.8,1.5,46,40.4,50.0
3875,2026-09-10,Aizawl,23.7271,92.7176,light rain,500,34.2,0.7,75,28.5,30.0
3876,2026-09-10,Agartala,23.8315,91.2868,light rain,500,27.3,7.3,56,44.1,30.0
3877,2026-09-11,Kamakhya Temple,26.1664,91.7055,haze,721,28.9,2.1,85,0.0,45.0
3878,2026-09-11,Umananda Island,26.1964,91.7453,heavy rain,502,24.8,2.4,48,33.0,60.0
3879,2026-09-11,Navagraha Temple,26.1749,91.7789,very heavy rain,503,23.6,0.5,56,9.8,60.0
3880,2026-09-11,Basistha Temple,26.1132,91.797,moderate rain,501,20.7,4.6,72,26.7,30.0
3881,2026-09-11,Guwahati Railway Station,26.1824,91.7513,light drizzle,300,27.2,9.4,84,10.4,20.0
3882,2026-09-11,LGB International Airport,26.1061,91.5859,mist,701,32.6,7.0,84,0.0,45.0
3883,2026-09-11,Paltan Bazaar,26.1817,91.7503,light rain,500,25.6,6.2,72,18.8,30.0
3884,2026-09-11,Fancy Bazaar,26.1836,91.7434,thunderstorm,200,36.4,11.5,63,0.0,90.0
3885,2026-09-11,Pan Bazaar,26.1856,91.7455,thunderstorm,200,31.6,2.7,49,23.5,80.0
3886,2026-09-11,Uzan Bazar Ghat,26.19,91.759,scattered clouds,802,21.8,1.0,60,3.6,10.0
3887,2026-09-11,Brahmaputra Riverfront,26.1905,91.748,thunderstorm,200,35.8,3.7,61,13.6,80.0
3888,2026-09-11,Dighalipukhuri,26.1861,91.7503,light drizzle,300,35.5,6.7,61,0.0,20.0
3889,2026-09-11,Nehru Park,26.1857,91.7477,clear sky,800,18.5,3.8,89,5.0,5.0
3890,2026-09-11,Assam State Museum,26.1857,91.7481,few clouds,801,25.5,2.9,83,41.0,10.0
3891,2026-09-11,Assam State Zoo & Botanical Garden,26.178,91.786,thunderstorm,200,24.5,3.2,81,3.0,80.0
3892,2026-09-11,Srimanta Sankaradeva Kalakshetra,26.144,91.8058,thunderstorm,200,18.2,0.3,62,11.1,80.0
3893,2026-09-11,Guwahati Planetarium,26.1856,91.7625,scattered clouds,802,38.9,7.8,93,6.1,10.0
3894,2026-09-11,"Gandhi Mandap, Sarania Hill",26.175,91.758,very heavy rain,503,32.3,2.8,47,36.9,60.0
3895,2026-09-11,Nilachal Ropeway Terminal,26.188,91.744,moderate rain,501,37.3,1.6,67,30.4,30.0
3896,2026-09-11,Dispur Secretariat,26.142,91.79,thunderstorm,200,24.1,7.5,82,38.5,80.0
3897,2026-09-11,Ganeshguri Junction,26.147,91.79,scattered clouds,802,26.6,3.6,45,37.5,10.0
3898,2026-09-11,Six Mile,26.135,91.805,light rain,500,24.1,4.1,54,72.2,30.0
3899,2026-09-11,Beltola Bazaar,26.129,91.8,thunderstorm,200,29.7,3.7,46,43.8,80.0
3900,2026-09-11,Zoo Road Tiniali,26.165,91.78,light rain,500,29.6,7.3,91,27.3,30.0
3901,2026-09-11,Chandmari,26.183,91.772,mist,701,32.3,2.0,67,0.0,45.0
3902,2026-09-11,Silpukhuri,26.188,91.766,overcast clouds,804,21.9,2.8,98,0.6,10.0
3903,2026-09-11,Bharalumukh,26.17,91.735,moderate rain,501,28.2,10.6,96,46.7,40.0
3904,2026-09-11,Rehabari,26.175,91.748,overcast clouds,804,35.1,5.4,80,34.4,10.0
3905,2026-09-11,Bhangagarh,26.15,91.77,light drizzle,300,32.4,3.3,69,19.7,20.0
3906,2026-09-11,Hatigaon,26.136,91.788,fog,741,26.5,4.6,58,15.5,45.0
3907,2026-09-11,Kahilipara,26.133,91.762,light drizzle,300,36.6,5.8,55,55.5,20.0
3908,2026-09-11,Maligaon,26.158,91.679,few clouds,801,28.0,1.5,63,39.5,10.0
3909,2026-09-11,Jalukbari,26.152,91.665,overcast clouds,804,32.0,0.1,46,6.3,10.0
3910,2026-09-11,Gauhati University,26.152,91.665,thunderstorm,200,20.9,7.7,88,38.8,80.0
3911,2026-09-11,IIT Guwahati,26.19,91.695,thunderstorm with heavy rain,202,33.6,0.9,98,49.2,80.0
3912,2026-09-11,Guwahati Medical College,26.155,91.7,fog,741,32.1,4.2,90,11.2,45.0
3913,2026-09-11,Saraighat Bridge,26.1889,91.67,mist,701,26.3,1.3,93,11.0,45.0
3914,2026-09-11,North Guwahati Ghat,26.198,91.69,mist,701,23.9,3.0,76,0.0,45.0
3915,2026-09-11,Amingaon,26.19,91.66,moderate rain,501,33.5,2.7,57,39.2,30.0
3916,2026-09-11,Noonmati,26.178,91.806,mist,701,31.4,3.4,95,24.5,45.0
3917,2026-09-11,Narengi,26.175,91.84,thunderstorm with heavy rain,202,29.2,2.9,55,31.6,80.0
3918,2026-09-11,Khanapara,26.118,91.818,light drizzle,300,25.6,0.3,93,28.0,20.0
3919,2026-09-11,Lokhra,26.105,91.735,light rain,500,19.9,8.2,55,22.2,30.0
3920,2026-09-11,Deepor Beel Wildlife Sanctuary,26.12,91.65,snow,601,25.4,5.0,53,5.2,50.0
3921,2026-09-11,Sualkuchi Silk Village,26.1667,91.5667,clear sky,800,33.7,1.6,51,29.0,5.0
3922,2026-09-11,Hajo Pilgrimage Town,26.25,91.5167,light drizzle,300,28.7,9.5,74,36.8,20.0
3923,2026-09-11,Madan Kamdev Ruins,26.3667,91.6333,moderate rain,501,25.5,3.3,72,23.0,30.0
3924,2026-09-11,Chandubi Lake,25.9333,91.4333,thunderstorm with heavy rain,202,23.1,0.7,94,28.1,80.0
3925,2026-09-11,Accoland Water Park,26.09,91.59,moderate rain,501,22.7,0.4,65,18.2,30.0
3926,2026-09-11,Pobitora Wildlife Sanctuary,26.2333,92.0833,overcast clouds,804,25.8,8.5,50,4.6,10.0
3927,2026-09-11,Shillong,25.5788,91.8933,fog,741,31.2,4.5,82,0.0,45.0
3928,2026-09-11,Umiam Lake,25.657,91.889,moderate rain,501,28.3,2.7,90,35.4,30.0
3929,2026-09-11,Cherrapunji (Sohra),25.2912,91.6783,fog,741,26.5,3.7,79,15.3,45.0
3930,2026-09-11,Nohkalikai Falls,25.276,91.6857,haze,721,20.8,4.6,94,0.0,45.0
3931,2026-09-11,"Living Root Bridge, Nongriat",25.247,91.715,clear sky,800,28.8,1.8,55,11.0,5.0
3932,2026-09-11,Mawlynnong Village,25.2,91.9167,few clouds,801,24.2,2.1,91,37.2,10.0
3933,2026-09-11,Dawki / Umngot River,25.19,92.02,light rain,500,21.6,5.7,79,0.0,30.0
3934,2026-09-11,Kaziranga National Park,26.5775,93.1711,scattered clouds,802,34.2,4.7,89,0.2,10.0
3935,2026-09-11,Nameri National Park,26.92,92.88,moderate rain,501,23.4,4.9,84,25.7,30.0
3936,2026-09-11,Manas National Park,26.7,91.0,mist,701,29.4,0.5,68,14.4,45.0
3937,2026-09-11,Tezpur,26.6338,92.8,heavy rain,502,38.0,4.4,73,39.3,60.0
3938,2026-09-11,Majuli River Island,26.95,94.17,heavy rain,502,22.6,7.2,49,60.9,60.0
3939,2026-09-11,Jorhat,26.7509,94.2037,overcast clouds,804,29.3,3.2,82,22.6,10.0
3940,2026-09-11,Sivasagar,26.9826,94.6425,light rain,500,20.3,0.8,77,9.7,30.0
3941,2026-09-11,Dibrugarh,27.4728,94.912,thunderstorm,200,31.0,4.9,60,0.0,80.0
3942,2026-09-11,Digboi Oil Heritage,27.3931,95.6186,thunderstorm,200,30.8,1.1,53,25.4,80.0
3943,2026-09-11,Haflong,25.1667,93.0167,scattered clouds,802,27.7,5.0,74,25.2,10.0
3944,2026-09-11,Tawang Monastery,27.5861,91.8594,very heavy rain,503,34.3,3.3,96,14.5,60.0
3945,2026-09-11,Ziro Valley,27.5448,93.832,fog,741,23.1,0.1,49,10.4,45.0
3946,2026-09-11,Gangtok,27.3314,88.6138,thunderstorm with heavy rain,202,27.7,3.8,85,24.5,80.0
3947,2026-09-11,Kohima,25.6751,94.1086,fog,741,25.3,1.2,82,52.1,45.0
3948,2026-09-11,Dzukou Valley,25.5833,94.05,very heavy rain,503,29.9,2.8,93,37.7,60.0
3949,2026-09-11,Imphal,24.817,93.9368,scattered clouds,802,29.9,5.0,76,57.1,10.0
3950,2026-09-11,Loktak Lake,24.5333,93.8167,light drizzle,300,25.0,1.8,46,12.4,20.0
3951,2026-09-11,Aizawl,23.7271,92.7176,light rain,500,30.7,3.1,69,34.9,30.0
3952,2026-09-11,Agartala,23.8315,91.2868,very heavy rain,503,27.3,7.5,69,69.3,60.0
3953,2026-09-12,Kamakhya Temple,26.1664,91.7055,mist,701,31.1,4.2,92,49.1,45.0
3954,2026-09-12,Umananda Island,26.1964,91.7453,overcast clouds,804,32.1,3.5,73,14.9,10.0
3955,2026-09-12,Navagraha Temple,26.1749,91.7789,mist,701,24.3,4.8,98,0.0,45.0
3956,2026-09-12,Basistha Temple,26.1132,91.797,heavy rain,502,26.1,3.1,46,35.4,60.0
3957,2026-09-12,Guwahati Railway Station,26.1824,91.7513,thunderstorm with heavy rain,202,28.3,6.4,88,0.0,80.0
3958,2026-09-12,LGB International Airport,26.1061,91.5859,light rain,500,20.2,6.0,57,0.0,30.0
3959,2026-09-12,Paltan Bazaar,26.1817,91.7503,thunderstorm with heavy rain,202,29.2,1.3,89,38.7,80.0
3960,2026-09-12,Fancy Bazaar,26.1836,91.7434,heavy rain,502,31.1,1.8,83,76.7,60.0
3961,2026-09-12,Pan Bazaar,26.1856,91.7455,thunderstorm,200,30.0,1.5,73,42.9,80.0
3962,2026-09-12,Uzan Bazar Ghat,26.19,91.759,thunderstorm with heavy rain,202,30.5,1.9,54,37.9,80.0
3963,2026-09-12,Brahmaputra Riverfront,26.1905,91.748,clear sky,800,30.4,6.1,79,57.4,5.0
3964,2026-09-12,Dighalipukhuri,26.1861,91.7503,scattered clouds,802,24.3,6.2,55,0.0,10.0
3965,2026-09-12,Nehru Park,26.1857,91.7477,overcast clouds,804,29.9,3.2,94,11.8,10.0
3966,2026-09-12,Assam State Museum,26.1857,91.7481,heavy rain,502,25.0,4.0,82,51.9,60.0
3967,2026-09-12,Assam State Zoo & Botanical Garden,26.178,91.786,light rain,500,30.2,0.4,91,31.8,30.0
3968,2026-09-12,Srimanta Sankaradeva Kalakshetra,26.144,91.8058,overcast clouds,804,25.0,0.5,93,3.4,10.0
3969,2026-09-12,Guwahati Planetarium,26.1856,91.7625,haze,721,29.3,6.3,66,0.0,45.0
3970,2026-09-12,"Gandhi Mandap, Sarania Hill",26.175,91.758,clear sky,800,25.8,0.1,57,0.0,5.0
3971,2026-09-12,Nilachal Ropeway Terminal,26.188,91.744,overcast clouds,804,32.5,6.9,93,22.4,10.0
3972,2026-09-12,Dispur Secretariat,26.142,91.79,heavy rain,502,30.1,2.8,55,3.7,60.0
3973,2026-09-12,Ganeshguri Junction,26.147,91.79,few clouds,801,25.6,2.3,54,57.0,10.0
3974,2026-09-12,Six Mile,26.135,91.805,thunderstorm,200,25.1,6.6,87,33.1,80.0
3975,2026-09-12,Beltola Bazaar,26.129,91.8,fog,741,31.1,5.7,54,39.4,45.0
3976,2026-09-12,Zoo Road Tiniali,26.165,91.78,moderate rain,501,32.2,0.8,45,16.9,30.0
3977,2026-09-12,Chandmari,26.183,91.772,scattered clouds,802,24.9,0.3,61,9.9,10.0
3978,2026-09-12,Silpukhuri,26.188,91.766,light drizzle,300,27.1,3.1,98,30.6,20.0
3979,2026-09-12,Bharalumukh,26.17,91.735,very heavy rain,503,29.3,6.4,81,68.0,60.0
3980,2026-09-12,Rehabari,26.175,91.748,moderate rain,501,24.3,0.6,98,0.0,30.0
3981,2026-09-12,Bhangagarh,26.15,91.77,light rain,500,35.2,1.2,69,4.8,30.0
3982,2026-09-12,Hatigaon,26.136,91.788,mist,701,27.9,1.6,52,0.0,45.0
3983,2026-09-12,Kahilipara,26.133,91.762,heavy rain,502,24.5,3.2,87,32.6,60.0
3984,2026-09-12,Maligaon,26.158,91.679,thunderstorm,200,25.4,7.2,49,23.5,80.0
3985,2026-09-12,Jalukbari,26.152,91.665,overcast clouds,804,28.8,8.1,47,10.6,10.0
3986,2026-09-12,Gauhati University,26.152,91.665,moderate rain,501,28.7,7.5,91,6.3,30.0
3987,2026-09-12,IIT Guwahati,26.19,91.695,moderate rain,501,27.3,2.7,94,50.4,30.0
3988,2026-09-12,Guwahati Medical College,26.155,91.7,scattered clouds,802,31.5,1.1,97,0.0,10.0
3989,2026-09-12,Saraighat Bridge,26.1889,91.67,thunderstorm,200,24.5,0.1,84,11.4,80.0
3990,2026-09-12,North Guwahati Ghat,26.198,91.69,scattered clouds,802,32.1,8.0,52,50.8,10.0
3991,2026-09-12,Amingaon,26.19,91.66,thunderstorm,200,28.4,5.6,72,13.5,80.0
3992,2026-09-12,Noonmati,26.178,91.806,very heavy rain,503,28.2,3.8,45,19.4,60.0
3993,2026-09-12,Narengi,26.175,91.84,light rain,500,30.8,4.1,66,26.7,30.0
3994,2026-09-12,Khanapara,26.118,91.818,mist,701,35.1,6.3,65,18.9,45.0
3995,2026-09-12,Lokhra,26.105,91.735,thunderstorm with heavy rain,202,38.3,2.7,60,16.5,80.0
3996,2026-09-12,Deepor Beel Wildlife Sanctuary,26.12,91.65,light rain,500,23.8,3.4,98,0.0,30.0
3997,2026-09-12,Sualkuchi Silk Village,26.1667,91.5667,thunderstorm with heavy rain,202,35.6,6.0,94,11.3,80.0
3998,2026-09-12,Hajo Pilgrimage Town,26.25,91.5167,light rain,500,27.0,2.8,74,3.8,30.0
3999,2026-09-12,Madan Kamdev Ruins,26.3667,91.6333,thunderstorm,200,24.0,8.9,56,61.8,80.0
4000,2026-09-12,Chandubi Lake,25.9333,91.4333,overcast clouds,804,32.8,4.3,69,0.0,10.0
4001,2026-09-12,Accoland Water Park,26.09,91.59,very heavy rain,503,25.7,5.0,97,0.0,60.0
4002,2026-09-12,Pobitora Wildlife Sanctuary,26.2333,92.0833,scattered clouds,802,26.7,4.2,85,28.5,10.0
4003,2026-09-12,Shillong,25.5788,91.8933,haze,721,23.7,7.8,94,0.0,45.0
4004,2026-09-12,Umiam Lake,25.657,91.889,scattered clouds,802,24.1,5.2,94,26.6,10.0
4005,2026-09-12,Cherrapunji (Sohra),25.2912,91.6783,scattered clouds,802,27.5,5.4,87,3.4,10.0
4006,2026-09-12,Nohkalikai Falls,25.276,91.6857,fog,741,27.4,3.4,88,3.9,45.0
4007,2026-09-12,"Living Root Bridge, Nongriat",25.247,91.715,moderate rain,501,27.3,4.5,67,40.3,30.0
4008,2026-09-12,Mawlynnong Village,25.2,91.9167,heavy rain,502,31.8,1.5,65,0.0,60.0
4009,2026-09-12,Dawki / Umngot River,25.19,92.02,thunderstorm,200,16.2,4.1,46,0.0,80.0
4010,2026-09-12,Kaziranga National Park,26.5775,93.1711,moderate rain,501,29.2,7.0,93,22.2,30.0
4011,2026-09-12,Nameri National Park,26.92,92.88,heavy rain,502,32.8,0.8,45,0.0,60.0
4012,2026-09-12,Manas National Park,26.7,91.0,moderate rain,501,33.7,1.7,60,0.0,30.0
4013,2026-09-12,Tezpur,26.6338,92.8,thunderstorm,200,24.1,1.1,73,30.0,80.0
4014,2026-09-12,Majuli River Island,26.95,94.17,fog,741,26.4,3.1,82,0.0,45.0
4015,2026-09-12,Jorhat,26.7509,94.2037,light rain,500,22.3,6.1,79,9.8,30.0
4016,2026-09-12,Sivasagar,26.9826,94.6425,moderate rain,501,27.9,0.9,90,13.4,30.0
4017,2026-09-12,Dibrugarh,27.4728,94.912,thunderstorm with heavy rain,202,32.0,5.2,68,2.5,80.0
4018,2026-09-12,Digboi Oil Heritage,27.3931,95.6186,moderate rain,501,28.6,1.8,67,0.0,30.0
4019,2026-09-12,Haflong,25.1667,93.0167,heavy rain,502,30.5,5.7,58,7.4,60.0
4020,2026-09-12,Tawang Monastery,27.5861,91.8594,heavy rain,502,32.4,6.8,59,11.2,60.0
4021,2026-09-12,Ziro Valley,27.5448,93.832,heavy rain,502,21.8,1.5,45,21.6,60.0
4022,2026-09-12,Gangtok,27.3314,88.6138,mist,701,22.0,1.4,73,1.6,45.0
4023,2026-09-12,Kohima,25.6751,94.1086,light drizzle,300,29.3,1.5,71,0.0,20.0
4024,2026-09-12,Dzukou Valley,25.5833,94.05,light drizzle,300,28.6,7.7,70,0.0,20.0
4025,2026-09-12,Imphal,24.817,93.9368,moderate rain,501,25.6,0.0,83,0.0,30.0
4026,2026-09-12,Loktak Lake,24.5333,93.8167,moderate rain,501,20.9,4.7,81,4.2,30.0
4027,2026-09-12,Aizawl,23.7271,92.7176,light drizzle,300,40.2,2.3,57,32.6,20.0
4028,2026-09-12,Agartala,23.8315,91.2868,mist,701,32.2,1.6,63,36.1,45.0
